english,translate
"After an emotional showdown, I defeated Zafirah, a grieving priestess of Balthazar with a personal vendetta. It was then that I finally recognized her—she was present in Aurene's vision of the future! Confident in our future alliance, I invited her to help us take down Kralkatorrik. I don't know if she'll accept, but she did turn over Balthazar's sword.","После эмоциональной схватки я победил Zafirah, скорбящую жрицу Balthazar с личной вендеттой. Именно тогда я наконец узнал её — она была в видении будущего Aurene! Уверенный в нашем будущем союзе, я пригласил её помочь нам одолеть Kralkatorrik. Не знаю, согласится ли она, но она всё же отдала меч Balthazar."
"After an exhausting chase, and with the help of a strange being named Ruka, I recovered Glint's egg. Caithe has disappeared into the jungle, hunting the corrupted creature that once was Faolain. I've heard there's a refuge built by Ruka's people, the Exalted, whose sole purpose is to protect the egg. I've decided it's worth checking the place out. These structures remind me too strongly of my vision.","После изнурительной погони и с помощью странного существа по имени Ruka я вернул яйцо Glint. Caithe исчезла в джунглях, выслеживая оскверненное существо, которое когда-то было Faolain. Я слышал, что есть убежище, построенное народом Ruka, возвышенными, чья единственная цель — защитить яйцо. Я решил, что стоит проверить это место. Эти строения слишком сильно напоминают мне мое видение."
"After attuning my comms device to the Astral Ward's local fluctuations (further separating me from contacting my allies at home), I aided Rian in quelling some of the Kryptis and sealing rifts before Zojja and Mabon called me back to camp: Dagda had been found, and things aren't looking good. I'm headed out to meet my new allies in the sprawling, fractured islands of the archipelago to find her.","Настроив свое устройство связи на локальные флуктуации Astral Ward (что ещё больше отрезало меня от связи с союзниками дома), я помог Rian подавить часть Kryptis и запечатать разломы, прежде чем Zojja и Mabon позвали меня обратно в лагерь: Dagda была найдена, и дела идут неважно. Я отправляюсь на встречу со своими новыми союзниками на раскинувшихся, раздробленных островах архипелага, чтобы найти её."
"After casting his seeking spell, two massive astral projections of Isgarren and Sidony, the former leader of the seers, emerged. Isgarren was shaken by the vision. The projection of Sidony scolded Isgarren for ascending Waiting Sorrow, a building monolith of Isgarren's ""mistakes,"" and banished Isgarren. Sidony cursed and set Castora's defenses against him.","После того, как он произнес свое поисковое заклинание, появились две массивные астральные проекции Isgarren и Sidony, бывшего лидера провидцев. Isgarren был потрясен видением. Проекция Sidony отчитала Isgarren за вознесение Waiting Sorrow, растущего монолита «ошибок» Isgarren, и изгнала Isgarren. Sidony прокляла его и направила против него защиту Castora."
"After catching up with Gorrik, Taimi, and Yao, I ventured across Tyria to revisit some crucial moments from my past. Though difficult to relive, I successfully harnessed their emotional power to charge our new invention, the Recollector. Hopefully, this power will be enough to fend off the oni lurking in the Brotherhood mine and to lure the ravenous wanderer to the surface.","Поговорив с Gorrik, Taimi и Yao, я отправился по всей Tyria, чтобы вновь пережить некоторые важные моменты своего прошлого. Хотя это было непросто, я успешно использовал их эмоциональную силу, чтобы зарядить наше новое изобретение — Воспоминатель (Recollector). Надеюсь, этой энергии хватит, чтобы отбиться от они, скрывающихся в шахте Братства, и выманить прожорливого странника на поверхность."
"After checking in with Logan, it's clear that the Seraph are almost ready to mount a significant counterattack on Caudecus's manor. However, before they are able to do that, the Seraph need as much help as they can get to drive the White Mantle out of Lake Doric.","После разговора с Logan стало ясно, что Seraph почти готовы начать значительную контратаку на поместье Caudecus. Однако, прежде чем они смогут это сделать, им нужна любая помощь, чтобы выбить White Mantle из озера Doric."
"After conversation died down, he invited us to meet the rest of the village council and get to know the village firsthand. The lowlanders seem to operate under one leader, their Claw, who is themself advised by several heads of established disciplines, or ""masters."" So far, I've met Graced by Fire, the warclaw or ""journeykin"" master; Fading Aurora, the healing master; Wry Lichen, the lore master; and Barbed Vale, the spear master. I was also introduced to the Claw's son, Poised Arrow, or ""Poky,"" whose self-assured demeanor almost makes me miss the naïve confidence of youth. His father tasked him with showing us around the village, an experience I'm sure will be as eventful as it is informative.","После того как разговор затих, он пригласил нас встретиться с остальными членами совета деревни и узнать деревню из первых рук. Жители низин, кажется, действуют под руководством одного лидера, их Claw, которому советуют несколько глав установленных дисциплин, или «мастеров». Пока что я встретил Graced by Fire, мастера боевых когтей или «journeykin»; Fading Aurora, мастера исцеления; Wry Lichen, мастера знаний; и Barbed Vale, мастера копья. Меня также представили сыну Claw, Poised Arrow, или «Poky», чье самоуверенное поведение почти заставляет меня скучать по наивной уверенности юности. Его отец поручил ему показать нам деревню, опыт, который, я уверен, будет таким же насыщенным, как и информативным."
"After days of uneventful travel, an ocean storm overtook the ship. Krait took advantage of the chaos and attacked the crew on deck. After securing the Dark Leviathan, I jumped to the Martingale to help protect Canach's crew. Chaos blossomed as a massive kraken attacked Sayida's ship—but, thankfully, the Martingale was equipped with harpoons, so we were able to quell the attack.   ***","После нескольких дней спокойного плавания корабль настиг океанский шторм. Krait воспользовались хаосом и атаковали экипаж на палубе. Обезопасив Dark Leviathan, я прыгнул на Martingale, чтобы помочь защитить экипаж Canach. Хаос разразился, когда массивный кракен атаковал корабль Sayida — но, к счастью, Martingale был оснащен гарпунами, так что мы смогли подавить атаку."
"After decrypting the files, the information we found was damning. We confirmed that Inquest vessels were approved to depart from the docks—and we also confirmed that Councillor Yahk redirected rations meant for the Tyrian Alliance to those vessels. Ludo was irate.","После расшифровки файлов найденная информация оказалась убийственной. Мы подтвердили, что судам Inquest было разрешено отплыть из доков, а также подтвердили, что Councillor Yahk перенаправил пайки, предназначенные для Tyrian Alliance, на эти суда. Ludo была в ярости."
"After destroying their weapons-testing area, we made our way deeper into the mine. We encountered a few survivors along the way. Braham... I could tell that his stress was building. Finding some of his friends from Cragstead gave him a flicker of hope, but there were still more prisoners deeper in the mine. The smell of burnt flesh didn't instill a ton of confidence.","Уничтожив зону испытаний оружия, мы двинулись глубже в шахту. По пути мы встретили нескольких выживших. Braham... я видел, как росло его напряжение. Встреча с друзьями из Cragstead подарила ему искру надежды, но в глубине шахты оставалось ещё больше пленных. Запах горелой плоти не внушал особого оптимизма."
"After digging through various Inquest excavation sites and abandoned seer grounds, I returned to Isgarren. While I hit a few dead ends, I happened upon three runes imbedded into the environment. When I touched the runes, hazy images rolled through my mind: seers congregating, a seer statue, and a circle of stars. Isgarren's interest was piqued. He called them binding runes and said that they each represent a different facet of a powerful spell. When I told him that they evoked the ancient plaza that I found while looking for him, Isgarren suggested that we go there next.","Перерыв различные места раскопок Inquest и заброшенные земли провидцев, я вернулся к Isgarren. Хотя я зашёл в несколько тупиков, я наткнулся на три руны, встроенные в окружающую среду. Когда я коснулся рун, в моем сознании пронеслись туманные образы: собирающиеся провидцы, статуя провидца и круг звёзд. Интерес Isgarren был подогрет. Он назвал их связующими рунами и сказал, что каждая из них представляет собой отдельный аспект мощного заклинания. Когда я сказал ему, что они напомнили мне древнюю площадь, которую я нашёл, когда искал его, Isgarren предложил нам отправиться туда в следующий раз."
"After dispatching the creatures, it was easy to connect their abrupt arrival with this camp of equally mysterious hunters. I exercised caution in my approach, and after using the shadows to my advantage (as well as some well-placed bushes) I eavesdropped on them to gather information. They call themselves the ""Astral Ward,"" and that grouchy norn's name is Arina—she must've been their leader. Then the norn blew a great horn that rallied the group to attention. This hunt was on.","Разобравшись с существами, было легко связать их внезапное появление с этим лагерем таких же загадочных охотников. Я проявила осторожность при приближении и, используя тени в своих интересах (а также несколько удачно расположенных кустов), подслушала их, чтобы собрать информацию. Они называют себя «Astral Ward», а ту угрюмую норн зовут Arina — должно быть, она их лидер. Затем норн протрубила в большой рог, который привлек внимание группы. Охота началась."
"After encountering a displaced chunk of Maguuma, a strip of land from another world, an echo of ancient Orr ripped out of time, and an active rift in the Mists, we reached a chilling conclusion: Kralkatorrik is inside the Mists. Luckily, we also discovered Kralkatorrik can't Brand deep underground, and Koss remembered a safe location from his Sunspear days. We agreed to meet up at the old Sunspear Sanctuary to discuss our options and stay safe from the Brand.","Столкнувшись с перемещенным куском Maguuma, полоской земли из другого мира, эхом древнего Orr, вырванным из времени, и активным разломом в Mists, мы пришли к пугающему выводу: Kralkatorrik находится внутри Mists. К счастью, мы также обнаружили, что Kralkatorrik не может накладывать Brand глубоко под землей, а Koss вспомнил безопасное место со времен своей службы в Sunspear. Мы договорились встретиться в старом святилище Sunspear, чтобы обсудить наши варианты и укрыться от Brand."
"After everything I witnessed at the hatchery and mine, I can tell Rox is a good one. A little weary, but she's sharp—and with the way things are escalating, we need more allies.","После всего, что я видел в инкубаторе и шахте, могу сказать, что Rox — хороший боец. Немного уставшая, но острая на ум — а учитывая, как обостряется ситуация, нам нужно больше союзников."
"After exchanging barbs, Peitha looked to Nephus, who grimly ordered us forward to confront and execute the queen.","Обменявшись колкостями, Peitha посмотрела на Nephus, который мрачно приказал нам двигаться вперёд, чтобы противостоять королеве и казнить её."
"After fighting wave after wave of Kryptis, Peitha advised me to think of a particularly fond memory—something to hold on to in the moments ahead. I thought of my home. My friends. Aurene... But Zojja, whose attention was already focused on me moments before, snapped. Is ""one of them"" in there? And before I could deflect, Peitha interjected.","После сражения с волной за волной Kryptis, Peitha посоветовала мне подумать о каком-нибудь особенно приятном воспоминании — о чем-то, за что можно держаться в предстоящие моменты. Я подумал о своем доме. О моих друзьях. Aurene... Но Zojja, чье внимание было сосредоточено на мне ещё мгновение назад, резко спросила: «Кто-то из них» там внутри? И прежде чем я успел уклониться, вмешалась Peitha."
"After finding a safe place for Blish to attach the tracker to Balthazar's sword, I defended him from an onslaught of Branded while Kralkatorrik closed in on us. When his storm drew close, Balthazar's sword lashed out and broke the tracker's power source. In order to ensure the tracker maintained power indefinitely, Blish shut down his higher functions and attached his golem body to the tracker and sword, sacrificing himself for the sake of our mission.","Найдя безопасное место, где Blish мог бы прикрепить трекер к мечу Balthazar, я защищал его от натиска Branded, пока Kralkatorrik приближался к нам. Когда его шторм подошёл близко, меч Balthazar вырвался наружу и сломал источник питания трекера. Чтобы гарантировать, что трекер будет работать бесконечно, Blish отключил свои высшие функции и подключил свое тело голема к трекеру и мечу, пожертвовав собой ради нашей миссии."
"After following Raven's clues through Bjora Marches, Braham and I found Jhavi and her Svanir captors.","Последовав за подсказками Raven через Bjora Marches, мы с Braham нашли Jhavi и её пленителей из числа Svanir."
"After gathering all the energies we needed, Zojja let me know that our preparations were complete. I guess I'm about to find out what all the fuss has been about.***","Собрав все необходимые нам энергии, Zojja дала мне знать, что наши приготовления завершены. Полагаю, скоро я узнаю, из-за чего весь сыр-бор."
"After getting the lay of the land, I returned to Graced by Fire. For one final task, she had me collect samples from the local wildlife so we could better assess what's turning them and why. Like the journeykin we subdued near the village, the creatures here are violent and frantic. Waiting Sorrow mentioned Mistburn being rampant in the area thanks to Greer, so I think we can assume that's the cause. Maybe there's a cure, but we'll find out if there's not.","Осмотревшись, я вернулся к Graced by Fire. В качестве последнего задания она попросила меня собрать образцы местной фауны, чтобы мы могли лучше оценить, что их меняет и почему. Как и journeykin, которых мы усмирили возле деревни, здешние существа агрессивны и обезумели. Waiting Sorrow упоминала, что Mistburn свирепствует в этом районе из-за Greer, так что, думаю, можно предположить, что причина в этом. Возможно, есть лекарство, но мы узнаем, если его нет."
"After helping drive back the White Mantle, I returned to Doric's Landing and spoke with Logan. He said that the Seraph are finalizing their plans for a last push against the Mantle, and that the queen has summoned us to her throne room. I'm to meet Logan there.","Помог отбросить White Mantle, я вернулся в Doric's Landing и поговорил с Logan. Он сказал, что Серафимы завершают планы последнего наступления на Мантию, и что королева вызвала нас в тронный зал. Я должен встретиться там с Logan."
"After helping evacuate the locals, we joined the kodan and headed toward Owl's shrine. Braham sensed immense pain from this Spirit of the Wild, and we needed to investigate. The entire area had been ravaged by Frost Legion, and the longer we waited, the more powerful Jormag would become.","Помогши эвакуировать местных жителей, мы присоединились к коданам и направились к святилищу Owl. Braham почувствовал огромную боль от этого Духа Дикой Природы, и нам нужно было провести расследование. Вся область была разорена Frost Legion, и чем дольше мы ждали, тем сильнее становился Jormag."
"After liberating Sebb's creations, we turned to Isgarren. He was already weak from the energies in the vault, and the explosion only worsened his state.","Освободив творения Sebb, мы повернулись к Isgarren. Он уже был слаб из-за энергий в хранилище, и взрыв только ухудшил его состояние."
"After much trial and error, the scouts were finally able to dissipate the Svanir shaman's corruptive magic and unlock the door with a Raven lens. Rytlock and Crecia went through almost immediately to chase down Bangar, though I've yet to hear word from either one since they passed through.","После долгих попыток разведчикам наконец удалось рассеять оскверняющую магию шамана Svanir и открыть дверь с помощью линзы Raven. Rytlock и Crecia прошли внутрь почти сразу же, чтобы выследить Bangar, хотя с тех пор, как они перешли на ту сторону, я не получала от них никаких вестей."
"After my enlightening chat with Frode, I returned to the others. Before setting out into the wilds to get our first real taste of Janthir, Vanak showed us around Moon Camp and shared what details about the region they could. Rumors of an abandoned mursaat city somewhere on the isles and remnants of the White Mantle; beasts of the wild and thick, dense forest. I had a feeling that Janthir would be dangerous, and the ward's intel confirms it.","После просветительской беседы с Frode я вернулся к остальным. Прежде чем отправиться в дикие земли, чтобы впервые по-настоящему ощутить вкус Janthir, Vanak показал нам Moon Camp и поделился деталями о регионе, которые они знали. Слухи о заброшенном городе мурсаатов где-то на островах и остатках White Mantle; дикие звери и густой, непроходимый лес. У меня было предчувствие, что Janthir будет опасен, и разведданные Ward это подтверждают."
"After my speech, I spoke with Rytlock, Canach, and Kasmeer about our plans. All we know for sure is that we have to find Aurene, and Kralkatorrik, and use what we've learned about Elder Dragons and Glint's legacy to restore the world's magic before what is now a crisis becomes a full-blown catastrophe.","После своей речи я поговорил с Rytlock, Canach и Kasmeer о наших планах. Все, что мы знаем наверняка, это то, что мы должны найти Aurene и Kralkatorrik и использовать то, что мы узнали о Старших Драконах и наследии Glint, чтобы восстановить магию мира, прежде чем то, что сейчас является кризисом, превратится в полномасштабную катастрофу."
"After navigating the maintenance area through a series of energy shields using my handy jade bot, we were confronted suddenly by Ankka! Or rather, by a holographic projection of her. She taunted Mai Trin and Gorrik before disappearing again, but not before making it clear she was deeper in the facility than we were.","После навигации по зоне технического обслуживания через серию энергетических щитов с помощью моего удобного нефритового бота, мы внезапно столкнулись с Ankka! Или, скорее, с её голографической проекцией. Она дразнила Mai Trin и Gorrik, прежде чем снова исчезнуть, но не раньше, чем дала понять, что она находится глубже в объекте, чем мы."
"After our brief introduction when I was first pulled into Nayos by Cerus, I was relieved to find Arina alive—both for her sake and Frode's. It turns out that Arina and her ward had crawled out of that chaos before Cerus could sniff them out, and they'd worked together to survive and build out a small camp not far from what would turn out to be our next objective: Heitor's Gate. Peitha and Ramses had located Arina and her crew just days ago and called on me to begin the push forward.","После нашего короткого знакомства, когда Cerus впервые затянул меня в Nayos, я был рад обнаружить, что Arina жива — как ради неё самой, так и ради Frode. Оказалось, что Arina и её стражи выбрались из того хаоса до того, как Cerus успел их выследить, и они работали вместе, чтобы выжить и построить небольшой лагерь недалеко от того, что впоследствии стало нашей следующей целью: Heitor's Gate. Peitha и Ramses нашли Arina и её команду всего несколько дней назад и призвали меня начать наступление."
"After our hard-earned victory, Crecia, Malice, Rox, and I spoke briefly before parting ways, as our enemies were still at large.","После нашей нелегкой победы Crecia, Malice, Rox и я коротко поговорили перед тем, как разойтись, так как наши враги все ещё были на свободе."
"After our impromptu war council concluded, I stepped aside to speak with my cross-dimensional ally. At first it will just be Peitha and I embarking on her mission—she feared bringing too many of Isgarren's forces in too quickly would threaten the greater Kryptis society, so I will act as her champion while we rally support from the inside.","После того, как наш импровизированный военный совет завершился, я отошёл в сторону, чтобы поговорить со своей межпространственной союзницей. Поначалу в её миссию отправимся только мы с Peitha — она опасалась, что слишком быстрое привлечение большого количества сил Isgarren поставит под угрозу более широкое общество Kryptis, поэтому я буду действовать как её чемпион, пока мы будем собирать поддержку изнутри."
"After our perils at sea, we finally pushed through the last of the fog. We'd reached Castora. The coastline rippled with magic, confirming our arrival.","После наших опасностей в море мы наконец прорвались через остатки тумана. Мы достигли Castora. Береговая линия пульсировала магией, подтверждая наше прибытие."
"After our previous efforts left us standing outside the locked gates of Bava Nisos, it was clear we needed a new strategy. Something deliberate and well thought out to achieve our goal. What we've gotten is the exact opposite, at least based on Anise's most recent call. Fed up with the pace of our progress, Livia has now decided to barrel straight into Bava Nisos armed with the Scepter of Orr. As her colleague, I'd call her decision both inconsiderate and reckless. As someone aware of the Scepter's fraught past, I'd call it potentially catastrophic. And that's not even getting into the politics of her acting directly in contradiction of the Tyrian Alliance's vote. For now, I will be making my way to the city, hopefully to stop this situation from spiraling into an even greater mess.***","После того как наши предыдущие усилия оставили нас стоять перед запертыми воротами Bava Nisos, стало ясно, что нам нужна новая стратегия. Что-то обдуманное и взвешенное для достижения нашей цели. То, что мы получили, — это полная противоположность, по крайней мере, судя по последнему звонку Anise. Устав от темпов нашего прогресса, Livia решила ворваться прямо в Bava Nisos, вооружившись Scepter of Orr. Как коллега, я бы назвал её решение необдуманным и безрассудным. Как человек, знающий о тяжёлом прошлом Scepter, я бы назвал его потенциально катастрофическим. И это даже не говоря о политике её действий, прямо противоречащих голосованию Tyrian Alliance. Пока что я направляюсь в город, в надежде остановить эту ситуацию, чтобы она не переросла в ещё больший хаос."
"After our work was done, the grateful villagers gave us raptor mounts to aid us in our travels across the vast desert expanses. I rode mine to the gates of the port city Amnoon, where two of my guildmates were ready and waiting: Kasmeer Meade and Rytlock Brimstone.Kasmeer has come to learn the truth about Balthazar's campaign and to confront the crisis of faith his actions have caused her. Rytlock, as usual, was less forthcoming about his reasons for being here, but I trust that when he says he's here to follow my lead in taking down Balthazar, he means it.","После того как наша работа была завершена, благодарные жители деревни дали нам ездовых рапторов, чтобы помочь в наших путешествиях по бескрайним просторам пустыни. Я доехал на своем до ворот портового города Amnoon, где двое моих согильдийцев были готовы и ждали: Kasmeer Meade и Rytlock Brimstone.Kasmeer пришла, чтобы узнать правду о кампании Бальтазара и противостоять кризису веры, который вызвали его действия. Rytlock, как обычно, был менее откровенен о причинах своего пребывания здесь, но я верю, что когда он говорит, что здесь, чтобы следовать за мной в деле свержения Бальтазара, он говорит серьёзно."
"After passing time in Harvest Den, Stoic Alder invited me north to visit a former homestead of his. Initially, I was surprised by the rundown state in which he'd kept his property. However, the reason soon became painfully clear. It once served as the Claw's family home but was left to fall into disrepair after the passing of Silken Weir, Alder's mate and Poky's mother. Weir joined efforts in the north to halt Jormag's rising, tragically resulting in the loss of her life.","Проведя время в Harvest Den, Stoic Alder пригласил меня на север, чтобы посетить его бывшую усадьбу. Поначалу я был удивлен тем, в каком запущенном состоянии он содержал свою собственность. Однако причина вскоре стала болезненно ясна. Когда-то это был семейный дом Когтя, но он пришёл в упадок после кончины Silken Weir, супруги Alder и матери Poised Arrow. Weir присоединилась к силам на севере, чтобы остановить возвышение Jormag, что трагически привело к потере её жизни."
"After posing as a scholar to deflect the suspicions of the Mordant Crescent guards and pro-Joko researchers at the Astralarium, I sought out Head Archivist Rhadha, who told me the key to locating the secret Sunspear base was contained in a book called ""Nightfall,"" located in the main archives. Rhadha advised me to contact Archivist Salwa, who controlled access to these archives.","Притворившись учёным, чтобы отвести подозрения стражников Mordant Crescent и исследователей, поддерживающих Joko в Astralarium, я разыскал главного архивариуса Rhadha, которая сказала мне, что ключ к обнаружению секретной базы Sunspears содержится в книге под названием ""Nightfall"", находящейся в главных архивах. Rhadha посоветовала мне связаться с Archivist Salwa, которая контролировала доступ к этим архивам."
"After quelling the threats, we navigated further into the forest. We caught an Astral Ward signal—a distress call. A couple of ward scouts were being attacked by something, and that something sounded big. We followed their trail, defending against attacking creatures as we made our way through the trees.","Усмирив угрозы, мы двинулись дальше вглубь леса. Мы поймали сигнал Astral Ward — сигнал бедствия. Пара разведчиков Ward подверглись нападению чего-то, и это что-то звучало внушительно. Мы пошли по их следу, отбиваясь от нападающих существ, пока пробирались сквозь деревья."
"After receiving an urgent letter from Steward Gixx, I set out to the priory library with Caithe and Malice to investigate the disappearance of their lead titan researcher, Farrah Baelseeker.","Получив срочное письмо от Steward Gixx, я отправился в библиотеку Приората вместе с Caithe и Malice, чтобы расследовать исчезновение их ведущего исследователя титанов, Farrah Baelseeker."
"After recounting this plight, Barbed Vale asked for my assistance in finding the missing scouts. I have, of course, agreed to help, as have Caithe and Malice. My plan is venture into the nearby wilds with them to pick up the search. Though we don't boast the same level of familiarity with the wilds as the lowlanders, we've proven ourselves adept at tracking down leads. If we can find something, anything, to point us in the right direction, we may be able to rescue the scouts from any lurking dangers. To make matters worse, Vale warned of a thick fog rolling in off the waters. Low visibility is the last thing we need, even with the aid of a journeykin. But there's no time for getting bogged down in doubts. We need to get out there, start searching, and adjust as needed. The scouts can't afford any hesitation.","Рассказав об этой беде, Barbed Vale попросила меня помочь в поисках пропавших разведчиков. Я, конечно, согласился помочь, как и Caithe с Malice. Мой план — отправиться с ними в близлежащие дикие земли, чтобы продолжить поиски. Хотя мы не так хорошо знакомы с дикими землями, как низинники, мы доказали, что умеем находить следы. Если мы сможем найти хоть что-то, что укажет нам верное направление, возможно, нам удастся спасти разведчиков от любых скрывающихся опасностей. Хуже того, Vale предупредила о густом тумане, надвигающемся с воды. Плохая видимость — это последнее, что нам нужно, даже с помощью джорни-кина. Но нет времени погрязать в сомнениях. Нам нужно выдвигаться, начинать поиски и действовать по обстоятельствам. Разведчики не могут позволить нам медлить."
"After regrouping with Ellen Kiel at the crime scene, Marjory lent me a device that detects energy fluctuations: she called it the Tassi box. Anything that came into contact with the arcane residue left behind from the attack should glow after being scanned, helping us find our culprit. While testing the device, we caught a trace of residue on one of the medics—a woman named Mai Trin. That turned out to be a false positive, though, as she'd been in contact with the wounded while tending to their injuries.","После перегруппировки с Ellen Kiel на месте преступления, Marjory одолжила мне устройство, которое обнаруживает энергетические колебания: она назвала его коробкой Tassi. Все, что вступало в контакт с магическим остатком, оставшимся после атаки, должно светиться после сканирования, помогая нам найти виновного. Во время тестирования устройства мы обнаружили след остатка на одном из медиков — женщине по имени Mai Trin. Впрочем, это оказалось ложноположительным результатом, так как она контактировала с ранеными, оказывая им помощь."
"After resting my eyes on the winding train ride to Gyala Delve, I woke up and met with Rama and Gorrik to investigate the area and question the Brotherhood crew. As the two of them tended to a fallen miner, a scream drew me to Yao, who was being attacked by a haywire mech.","Отдохнув на извилистой поездке на поезде в Gyala Delve, я проснулся и встретился с Rama и Gorrik, чтобы исследовать местность и допросить команду Brotherhood. Пока они осматривали упавшего шахтера, крик привлек мое внимание к Yao, на которого напал вышедший из строя мех."
"After returning from the Mists, Marjory requested my presence at the Dead End Bar to help figure out Scarlet's endgame. With some help from Emissary Vorpp, we pored over the evidence.","Вернувшись из Туманов, Marjory попросила меня прийти в бар Dead End, чтобы помочь разгадать планы Scarlet. С помощью Emissary Vorpp мы тщательно изучили улики."
"After revealing the malignant Tower of Nightmares in the heart of Kessex Hills, Kasmeer and Marjory returned to camp at Thunder Ridge. Marjory tasked me with collecting toxic spores from across the region, and with those spores in hand, she was able to successfully create an antitoxin to counter the plume of toxic discharge inside of the tower. Priory researchers are going to attempt to quell the tower by injecting the antitoxin into the chamber at the tower's core, but we've yet to see or hear if that effort will be at all successful.","После обнаружения пагубной Tower of Nightmares в самом сердце Kessex Hills, Kasmeer и Marjory вернулись в лагерь Thunder Ridge. Marjory поручила мне собрать токсичные споры по всему региону, и с ними она смогла успешно создать антитоксин, чтобы нейтрализовать облако токсичных испарений внутри башни. Исследователи Priory собираются попытаться подавить башню, введя антитоксин в камеру в самом её центре, но мы пока не знаем, увенчаются ли эти усилия успехом."
"After sabotaging what supplies, weapons, and golems I could, Sayida checked in over comms. With the immediate threat to Hullgarden dealt with, I let her know I was ready to continue tracking the Inquest north.","После того как я саботировал все припасы, оружие и големов, которые смог, Sayida вышла на связь. Поскольку непосредственная угроза для Hullgarden была устранена, я дал ей знать, что готов продолжить преследование Inquest на север."
"After searching the area, we found a coded message from Almorra, urging us to meet her at Darkrime Delves.","Обыскав местность, мы нашли зашифрованное послание от Almorra с призывом встретиться в Darkrime Delves."
"After securing the egg, I received a message that my friends were looking for me. Taimi left some holograms in the jungle pointing me in the right direction. Unfortunately, a vinetooth was dogging their progress. I found and killed the predator before it could do them any harm. Taimi's final holo-disk allowed me to catch up with them.","Забрав яйцо, я получил сообщение, что друзья ищут меня. Taimi оставила в джунглях несколько голограмм, указывающих верное направление. К несчастью, лозозуб преследовал их. Я нашёл и убил хищника, прежде чем он успел причинить им вред. Последний голо-диск Taimi позволил мне догнать их."
"After securing the shore from wandering krait and Nightmare Court, I finally reached Kasmeer and Marjory hiding at the edge of the lake. Kasmeer cast a spell that revealed a tower of nightmares. It's surrounded by a thick plume of toxins, and we can't get inside until we have some way to do it safely.","Обезопасив берег от бродячих крайтов и Nightmare Court, я наконец добрался до Kasmeer и Marjory, прячущихся на краю озера. Kasmeer наложила заклинание, которое открыло башню кошмаров. Она окружена густым облаком токсинов, и мы не сможем попасть внутрь, пока не найдём способ сделать это безопасно."
"After some consideration, I decided to make the first stop of my search at Rurikton in Divinity's Reach. Here, I found Judge's prayer book. These seemingly innocent prayers are a stark contrast to the more sinister ramblings into which his later work devolved. It's tragic to imagine the life of a young person fueled by zealous belief in a cause that later uses them as a discardable pawn to realize its vision. Youth is ripe for manipulation. It makes me wonder what wayward paths myself and those I consider friends could have veered down had the wrong influence wrapped its tendrils around us in the times we were most vulnerable. A eye-opening thought, surely. But one it's best not to dwell on. Not that I have the time to do so...***","После некоторых размышлений я решил сделать первую остановку в Rurikton в Divinity's Reach. Здесь я нашёл молитвенник Judge. Эти, казалось бы, невинные молитвы — резкий контраст с более зловещим бредом, в который вылились его поздние работы. Трагично представить жизнь молодого человека, движимого фанатичной верой в дело, которое позже использует его как расходную пешку для реализации своего видения. Молодость созрела для манипуляций. Мне интересно, по каким неверным путям могли бы пойти я и те, кого я считаю друзьями, если бы неправильное влияние обвило нас своими усиками в те времена, когда мы были наиболее уязвимы. Мысль, открывающая глаза, безусловно. Но лучше не зацикливаться на ней. Не то чтобы у меня было на это время..."
"After some intense discussion, I made the decision to destroy the spear. Though I might end up regretting it, I couldn't risk Balthazar getting his hands on anything that could jeopardize our mission—or Tyria's fate.","После долгих обсуждений я принял решение уничтожить копьё. Хотя я, возможно, буду жалеть об этом, я не мог рисковать тем, что Balthazar получит в руки что-то, что может поставить под угрозу нашу миссию — или судьбу Tyria."
"After some searching, we located the ship in a well-hidden cavern. Its owners—our old friends, Canach and Sayida! They've come to Cantha to start a new business venture: a social club / gourmet restaurant. I apprised them of our current situation with Ankka and offered them a proposal: let us use their ship as bait to draw Ankka out and, in return, we'll help them with the setup of their establishment.","После долгих поисков мы обнаружили корабль в хорошо спрятанной пещере. Его владельцы — наши старые друзья, Canach и Sayida! Они прибыли в Cantha, чтобы начать новое дело: светский клуб / ресторан для гурманов. Я ввел их в курс дела относительно нашей ситуации с Ankka и предложил сделку: они позволяют нам использовать их корабль в качестве приманки, чтобы выманить Ankka, а мы взамен поможем им с открытием заведения."
"After speaking with Captain Kiel, Balthazar is definitely in the Elonian Desert, waging war against Kralkatorrik and the Branded. My choice is clear: I've got to ensure he doesn't succeed in his campaign, or all of Tyria will suffer the consequences.","После разговора с Captain Kiel стало ясно: Balthazar определенно в Elonian Desert, ведёт войну против Kralkatorrik и Branded. Мой выбор очевиден: я должен помешать его кампании, иначе вся Tyria поплатится за это."
"After speaking with everyone back at camp, our next steps were clear: Mabon and Lyhr need to perform a ritual that will enable them to forge a key to enter the courtyard of the Wizard's Tower. From there, Mabon will need to cast an enchantment to unlock the tower itself. Without Isgarren to calm it, however, more extreme measures are needed.","После разговора со всеми в лагере наши дальнейшие шаги стали ясны: Mabon и Lyhr должны провести ритуал, который позволит им выковать ключ для входа во внутренний двор Wizard's Tower. После этого Mabon должен будет наложить чары, чтобы открыть саму башню. Однако без Isgarren, который мог бы её успокоить, требуются более радикальные меры."
"After stepping through the portal, we caught up with Dagda. She was positioned just outside of another large clearing atop the mountain. Decima was just ahead.","Пройдя через портал, мы догнали Dagda. Она расположилась прямо за пределами другой большой поляны на вершине горы. Decima была совсем рядом."
After the Storm,After the Storm
"After the battle, Yao gave me a jade bot of my own. (I hope it works better than the ones we beat.)","После битвы Yao подарил мне моего собственного нефритового бота. (Надеюсь, он работает лучше, чем те, что мы победили.)"
"After the battle, we called Joon and confronted her. But before we could really grill her, Aurene chimed in. Apparently jade power wasn't solely Joon's idea—Soo-Won is being held in a top-secret facility, and she's allegedly cooperating with her on the whole endeavor to boot. That's why Ankka sent the distraction: she knew about Soo-Won somehow! Joon thought it prudent that we all meet face-to-face and told everyone to rendezvous with her at the reactor. I suggested Aurene hang back, in case Ankka showed up with the Extractor.","После битвы мы позвонили Joon и потребовали объяснений. Но прежде чем мы успели как следует её допросить, вмешалась Aurene. По-видимому, нефритовая энергия была не только идеей Joon — Soo-Won содержится в сверхсекретном объекте, и она якобы сотрудничает с ней во всём этом начинании. Вот почему Ankka устроила отвлекающий маневр: она каким-то образом знала о Soo-Won! Joon посчитала разумным, чтобы мы все встретились лично, и велела всем прибыть к ней на реактор. Я предложил Aurene остаться позади, на случай, если Ankka появится с Экстрактором."
"After the carnage, Gorrik, Taimi, and the Council set out to study these newly evolved destroyers in the hopes that they could track their subterranean movements. Ryland offered to station some of his Frost Legion in the city for protection, though his offer was declined.","После бойни Gorrik, Taimi и Совет приступили к изучению этих недавно эволюционировавших разрушителей в надежде, что смогут отследить их подземные перемещения. Ryland предложил разместить часть своего Frost Legion в городе для защиты, хотя его предложение было отклонено."
"After the council disbanded, I met up with Snarl Backdraft and Galina Edgecrusher. Two strong personalities to say the least. They showed me firsthand just how desperate things are for our troops on the front line. Retaking territory held by Ryland's Steel warband isn't easy because it's not just the Dominion we're up against. The environment is hostile, morale is low, and there's a chance soldiers just might find one of their warband mates firing at them from the other side of the battlefield. How long can we expect the troops to live under these conditions? Hopefully we won't have to find out. While executing missions for Crecia, Rytlock and I recovered intel on a secret Steel command base somewhere in Breakroot Basin.","После того как совет распустился, я встретился с Snarl Backdraft и Galina Edgecrusher. Мягко говоря, две сильные личности. Они показали мне из первых рук, в каком отчаянном положении находятся наши войска на передовой. Отбить территорию, удерживаемую отрядом Стали, принадлежащим Ryland, непросто, потому что мы сражаемся не только с Dominion. Окружающая среда враждебна, боевой дух низок, и есть шанс, что солдаты могут обнаружить, что их товарищи по отряду стреляют в них с другой стороны поля боя. Как долго, по-нашему, войска смогут жить в таких условиях? Надеюсь, нам не придётся этого узнавать. Выполняя задания для Crecia, мы с Rytlock обнаружили разведданные о секретной командной базе Steel где-то в Breakroot Basin."
"After the dust settled, it was clear that the dragons were gone. They'd collided in a huge spectacle of light and magic, leveling anything in range. We set out to find Braham, expecting to find his corpse but instead finding him very much alive underneath a pile of rubble. He was hurt—badly—but still breathing. I was ready to extract him to safety when Rytlock found Ryland at the far end of the valley. I made sure Braham was safe and then headed over to the commotion.","Когда пыль осела, стало ясно, что драконы исчезли. Они столкнулись в грандиозном зрелище света и магии, уничтожив всё в радиусе поражения. Мы отправились на поиски Braham, ожидая найти его труп, но вместо этого обнаружили, что он жив, хотя и погребен под грудой обломков. Он был тяжёло ранен, но всё ещё дышал. Я уже собирался эвакуировать его в безопасное место, когда Rytlock нашёл Ryland на дальнем конце долины. Убедившись, что Braham в безопасности, я направился к месту событий."
"After the fight, Braham and I planted bombs along the base of the mystery weapon while Rox secured our exit. Rox was reluctant to handle explosives, but that's a story for less dire circumstances. We escaped by the skin of our teeth, but at least we left behind a mess. Whatever that weapon was, I hope it stays buried along with the rest of the facility.","После боя Braham и я заложили бомбы у основания таинственного оружия, пока Rox обеспечивала наш отход. Rox неохотно взялась за взрывчатку, но это история для менее критических обстоятельств. Мы спаслись чудом, но, по крайней мере, оставили после себя руины. Что бы это ни было за оружие, надеюсь, оно останется погребенным вместе с остальной частью объекта."
"After the party, Kasmeer was given the honor of escorting Queen Jennah to the Grove. Perhaps the queen will be sympathetic to Kasmeer's past family troubles.","После вечеринки Kasmeer удостоилась чести сопровождать Queen Jennah в Grove. Возможно, королева отнесется с пониманием к прошлым семейным проблемам Kasmeer."
"After we dealt with his subordinates, Ryland slinked off the battlefield, claiming that this was a temporary setback. He taunted Braham and the rest of us by telling us to ""take the win"" because the next time we wouldn't be so lucky.","Разобравшись с его подчиненными, Ryland ускользнул с поля боя, заявив, что это временная неудача. Он насмехался над Braham и остальными, призывая нас «принять победу», потому что в следующий раз нам так не повезет."
"After we destroyed the emitters and rescued Sithio Quicklash, Sithio gave us a key to travel further into the facility. We put down one of the Alliance leaders inside, a dredge named Marat. With Marat down, the attack was quelled and we were able to reclaim the hatchery. Though the reason for these attacks is still foggy, we do know that theythe Molten Alliance is taking prisoners... Where and for what purpose? That's for us to find out.","После того как мы уничтожили излучатели и спасли Sithio Quicklash, Sithio дал нам ключ, чтобы пройти дальше вглубь объекта. Мы устранили одного из лидеров Alliance внутри, дреджа по имени Marat. С падением Marat атака была подавлена, и мы смогли вернуть инкубатор. Хотя причина этих атак всё ещё туманна, мы знаем, что Molten Alliance берет пленных... Где и с какой целью? Это нам и предстоит выяснить."
"After what seemed an eternity, we made it ashore. Both of us were worse for wear, but Poised Arrow was especially shaken. I doubt he'll be pining for another sea voyage anytime soon. Experience is the best teacher, as they say.","После того, что показалось вечностью, мы добрались до берега. Мы оба были измотаны, но Poised Arrow был особенно потрясён. Сомневаюсь, что он скоро захочет отправиться в новое морское путешествие. Как говорится, опыт — лучший учитель."
Afternoon,Afternoon
Afternoon Wine,Afternoon Wine
"Afterward we conferred with Efram, who told us of his unification plans. I don't know if he'll be able to convince the more radical Flame Legion members. Old habits die hard, and there may be no saving them. But if he could turn most of them to his side, the future of the charr looked promising.","После этого мы посовещались с Efram, который рассказал нам о своих планах по объединению. Не знаю, удастся ли ему убедить более радикальных членов Flame Legion. Старые привычки трудно искоренить, и, возможно, их уже не спасти. Но если он сможет перетянуть большинство из них на свою сторону, будущее charr выглядело многообещающим."
"Afterward, I caught Stoic Alder alone, practicing for a speech. Guests began to gather, and the bearkin's leader offered our alliance a moment for opening remarks. Isgarren took the opportunity to say some words of...encouragement? I can say with some experience that speeches are no easy thing. Isgarren seemed a bit off his game, causing some confusion among the lowlanders and alliance members alike.","Позже я застал Stoic Alder в одиночестве, когда он репетировал речь. Гости начали собираться, и лидер медведелюдов предложил нашему альянсу возможность выступить со вступительным словом. Isgarren воспользовался случаем, чтобы сказать несколько слов... ободрения? По собственному опыту могу сказать, что произносить речи — дело не из лёгких. Isgarren, казалось, был немного не в своей тарелке, что вызвало замешательство как у низинцев, так и у членов альянса."
"Afterward, Marjory contacted me with news of an icebrood and Frost Legion attack on Cathal, a sylvari village in Caledon Forest. To my surprise, Canach interrupted our comms with an offer to assist.","Впоследствии Marjory связалась со мной с новостями об атаке ледяных отродий и Frost Legion на Cathal, деревню сильвари в Caledon Forest. К моему удивлению, Canach прервал нашу связь предложением помочь."
"Afterward, Taimi introduced herself to Brun Ingotspotter, a noted metalworker who may be able to help her fix her golem Scruffy. It had previously taken some damage in Dry Top when the Inquest tried to steal the Waypoint Recalibration Device from her.","После этого Taimi представилась Brun Ingotspotter, известному мастеру по металлу, который, возможно, сможет помочь ей починить её голема Scruffy. Ранее он получил повреждения в Dry Top, когда Inquest пытались украсть у неё Waypoint Recalibration Device."
"Afterward, Taimi mentioned something about Scarlet using an array of devices to probe Tyria, but we couldn't figure out for what purpose. The others headed to Lion's Arch to recoup for the marionette's inevitable return. We were met by Captain Thackeray, who showed up to take the progeny off our hands. Taimi showed some real courage, but her obsession with Scarlet was concerning.","Впоследствии Taimi упомянула, что Scarlet использует множество устройств для зондирования Tyria, но мы не смогли понять, с какой целью. Остальные направились в Lion's Arch, чтобы восстановить силы перед неизбежным возвращением марионетки. Нас встретил капитан Thackeray, который прибыл, чтобы забрать потомка у нас. Taimi проявила настоящую храбрость, но её одержимость Scarlet вызывает беспокойство."
"Again, none of your business. Nor Countess Anise's. Give her my regards.","Опять же, не твое дело. И не Countess Anise. Передай ей мои приветствия."
Against the Corruption,Against the Corruption
Against the Wall: Hearth's Glow,Against the Wall: Hearth's Glow
Against the Wall: Sulfurous Springs,Against the Wall: Sulfurous Springs
Agent Brandubh,Agent Brandubh
"Agent Brandubh, a representative from the Order of Whispers, called on me to help with their recon operation in Diessa Plateau. The countryside is currently littered with Molten Alliance attacks—villages raided, homesteaders and charr being taken left and right. The Orders are working tirelessly to tame the chaos, but the Molten Alliance grows stronger by the hour.","Agent Brandubh, представитель Order of Whispers, призвал меня помочь с их разведывательной операцией в Diessa Plateau. Вся округа сейчас усеяна следами атак Molten Alliance — деревни разграблены, поселенцев и чар хватают направо и налево. Ордена неустанно работают, чтобы укротить этот хаос, но Molten Alliance с каждым часом становится только сильнее."
Aggressive Creatures Defeated,* Агрессивные существа побеждены
Agony Channeler,Agony Channeler
Agreed. Or my name isn't %str1%.,Согласен. Или я не %str1%.
"Ah! I present to you Archon Iberu of the Mordant Crescent. Archon, the commander's come to us all the way from Lion's Arch.","А! Представляю вам Archon Iberu из Mordant Crescent. Archon, этот Коммандир прибыл к нам прямиком из Lion's Arch."
"Ah, Agent %str1%. It's good to see someone from the Order in these parts. With everything going on, we need more friendly faces.","А, агент %str1%. Приятно видеть кого-то из Ордена в этих краях. Учитывая всё происходящее, нам нужно больше дружелюбных лиц."
"Ah, Commander %str1%. Good to see a friendly face. Things in Diessa and Wayfarer are...dire, to say the least. We could really use a hand keeping the area under control.","А, Коммандир %str1%. Приятно видеть дружелюбное лицо. Ситуация в Diessa и Wayfarer, мягко говоря... ужасная. Нам бы очень пригодилась помощь в поддержании контроля над областью."
"Ah, Commander %str1%. Good to see a friendly face. We're looking for the whereabouts of the Aetherblade base. I'm looking forward to seeing you work.","А, Коммандир %str1%. Рад видеть знакомое лицо. Мы ищем местоположение базы Aetherblade. С нетерпением жду возможности увидеть вас в деле."
"Ah, Commander! What a pleasure!","Ах, Коммандир! Какая встреча!"
"Ah, Commander. Xunlai Jade is proud to serve Lady Joon in the war effort. To that end, she's made it clear we're to follow your orders. How may I be of help?","А, Коммандир. Xunlai Jade гордится тем, что служит Lady Joon в военных действиях. В связи с этим она ясно дала понять, что мы должны следовать твоим приказам. Чем я могу помочь?"
"Ah, Lady Gwynith of Beetletun! Are you here on behalf of Minister Caudecus?","Ах, Lady Gwynith из Beetletun! Вы здесь от имени Minister Caudecus?"
"Ah, scrap! I'm glad to see you. When Marjory wrote to cancel our last training session, I knew something was up. She said you found an ancient artifact?","Ах, черт! Рад тебя видеть. Когда Marjory написала, что отменяет нашу последнюю тренировку, я понял, что что-то случилось. Она сказала, ты нашёл древний артефакт?"
"Ah, there you are, Countess. I trust I played my part in your charade this evening?","А, вот и вы, графиня. Надеюсь, я хорошо сыграла свою роль в вашем спектакле сегодня вечером?"
"Ah, well, I suppose a bad reputation can be difficult to overcome. That may be unfair of me, but I have a hard time trusting anyone during times like these.","Ах, ну, полагаю, от дурной репутации бывает трудно избавиться. Возможно, я несправедлив, но мне трудно доверять кому-либо в такие времена."
"Ah, well, at least I tried.","А, ну, по крайней мере, я попытался."
"Ah, well, gave it a shot.","А, ну, я попробовал."
"Ah, well...","А, ну..."
"Ah, yes. Nothing to worry about. Are you here on behalf of Minister Caudecus?","А, да. Не о чем беспокоиться. Вы здесь по поручению Minister Caudecus?"
"Ah-ah-ah, Jennah! That's enough.","А-а-а, Jennah! Довольно."
"Ah. Freedom. Hey, snow-face! Gimme back my stuff.","Ах. Свобода. Эй, снежная морда! Верни мои вещи."
Ah. The lapdog.,А. Карманная собачка.
Aha! You're the one spreading lies about Queen Jennah! <b>*</b>,Ага! Это ты распускаешь слухи о Queen Jennah! <b>*</b>
"Ahai, Commander. Your guildmates were just regaling us with tales of your adventures.","Ахай, Коммандир! Твои согильдийцы только что развлекали нас историями о твоих приключениях."
"Ahem. I'm learning how to exaggerate from Taimi, believe it or not. So, why can't you come with us?","Кхм. Я учусь преувеличивать у Taimi, хочешь верь, хочешь нет. Так почему ты не можешь пойти с нами?"
"Ahem. Introducing a hero who needs no introduction, the commander of the Pact.","Кхм. Представляю героя, не нуждающегося в представлении, Коммандир! Пакта."
Ahem. Reminds me of...,Кхм. Напоминает мне о...
Ahh! You stupid piece of junk!,"А-а-а! Ты, тупая груда хлама!"
"Ahhh. Well, I trust I won't disappoint.","А-а-а. Что ж, надеюсь, я не разочарую."
Aid Priory archaeological research by completing a nearby event or by completing tasks for Magister Sirkk.,"Помогите археологическим исследованиям Priory, завершив ближайшее событие или выполнив задания для Magister Sirkk."
Aid in weakening Eparch's forces in Nayos.,Помогите ослабить силы Eparch в Nayos.
Aid the Steel Warband.,Помочь Steel Warband.
Aid your allies further inside the Olmakhan village.,Помогите союзникам в глубине деревни Olmakhan.
"Ailing, but recovering. Although, not well enough to...give me the guidance I needed.","Болеет, но идет на поправку. Хотя, недостаточно хорошо, чтобы... дать мне нужное наставление."
"Aine, please give %str1% four memory seeds. They will reveal a slice of Caithe's history to you. Among those memories, you will perhaps find something that will guide you to her.","Aine, пожалуйста, дай %str1% четыре семени памяти. Они откроют тебе частицу истории Caithe. Среди этих воспоминаний ты, возможно, найдёшь то, что приведет тебя к ней."
Air,Air
Air Drop,Air Drop
Air Rescue,Air Rescue
"Air is the source of all life. It is invisible, and yet it can destroy whole villages.","Воздух — источник всей жизни. Он невидим, но может уничтожить целые деревни."
Air-capable? That's Ivan! I'll go!,Способные действовать в воздухе? Это же Ivan! Я полечу!
Airship Part,Airship Part
Aksim,Aksim
Alchemic Power Skiff,Alchemic Power Skiff
Alchemist Glider,Alchemist Glider
Alchemy,Alchemy
"Alder was not pleased to see me, to say the least. While I've long accepted that my lifestyle comes with a certain amount of...risk, I can hardly blame a father concerned for his son's well-being. I must say, Poky's resolve to take responsibility impressed me. He also de-escalated the situation rather smoothly—I imagine he's had practice getting his father to come around. And his help was certainly appreciated. For now, I hope to make amends with Alder, in part by aiding some restorative efforts. Oddly enough, Alder's frustration served as a perfect distraction from Waiting Sorrow. Like Poky's approach, perhaps time out in the wilds will help me get my thoughts in order. Some space to reflect on everything that's happened is probably best for me, and for all of us.","Alder был, мягко говоря, не рад меня видеть. Хотя я давно принял тот факт, что мой образ жизни сопряжен с определенным... риском, я едва ли могу винить отца, беспокоящегося о благополучии сына. Должен сказать, решимость Poky взять на себя ответственность впечатлила меня. Он также довольно ловко разрядил обстановку — полагаю, у него есть опыт в том, как найти подход к отцу. И его помощь была определенно кстати. Пока что я надеюсь загладить вину перед Alder, в частности, помогая с восстановительными работами. Как ни странно, раздражение Alder послужило идеальным отвлечением от Waiting Sorrow. Возможно, как и в случае с подходом Poky, время, проведенное на природе, поможет мне привести мысли в порядок. Немного пространства, чтобы осмыслить все произошедшее, вероятно, будет лучше и для меня, и для всех нас."
"Alder was understandably rattled by this new layer of deception. Poky, while shaken, was more curious than upset. Before leaving to comfort his father, he reassured Sorrow of his support for her. A mature gesture by any standard.","Alder был, по понятным причинам, потрясен этим новым слоем обмана. Poky, хотя и был потрясен, был скорее заинтригован, чем расстроен. Перед тем как уйти, чтобы утешить отца, он заверил Sorrow в своей поддержке. Зрелый жест по любым меркам."
"Ale! Rowdy brawling! It's far too easy to let loose in the thrill of the moment. After I woke up, I couldn't remember what I'd done. I'm sure it was nothing too terrible.","Эль! Шумная драка! Слишком легко потерять контроль в пылу момента. Когда я проснулся, я не помнил, что натворил. Уверен, ничего слишком ужасного."
Alemoot,Alemoot
Alert from Braham,Тревога от Braham
Alert: Golem investigating panel activation.,Голем исследует активацию панели.
Algae,Algae
All I can do is hope you'll forgive me in the future.,"Всё, что я могу — это надеяться, что ты простишь меня в будущем."
All I can see is death. I don't understand why you think it's so important to go after this egg. The Master of Peace is probably already dead.,"Я вижу только смерть. Не понимаю, почему ты считаешь, что так важно охотиться за этим яйцом. Master of Peace, вероятно, уже мертв."
"All I know is that if you tell anyone what you heard, I'll destroy you.","Я знаю лишь то, что если ты кому-нибудь расскажешь о том, что слышал, я тебя уничтожу."
"All became clear when we located the Aetherblades' camp. Ankka was long gone, but her audio logs remained. As it turned out, she was trying to build a Mist portal device, and both the Speakers and Brotherhood possessed parts that she needed. The reason she backed out of talks with them? Reports of a new Aetherblade airship that just arrived in the area—complete with a working portal device, according to their scans. Ankka no longer needed to build her own.","Все стало ясно, когда мы обнаружили лагерь Aetherblades. Ankka давно ушла, но её аудиозаписи остались. Как оказалось, она пыталась создать устройство для портала в Mists, и части, которые ей были нужны, были у Speakers и Brotherhood. Причина, по которой она прекратила переговоры с ними? Сообщения о новом дирижабле Aetherblade, который только что прибыл в этот район — в комплекте с работающим портальным устройством, согласно их сканированию. Ankka больше не нужно было строить свое собственное."
All clear! We're ready! Get them loaded!,Всё чисто! Мы готовы! Грузите их!
"All mounts now receive the Enhanced Evasion bonus, allowing their movement abilities to evade hostile attacks.","Все ездовые животные теперь получают бонус «Enhanced Evasion», позволяющий их способностям передвижения уклоняться от вражеских атак."
"All mounts now receive the bonus from Fortified Descent, giving them a greater tolerance to taking fall damage.","Все ездовые животные теперь получают бонус «Fortified Descent», дающий им повышенную устойчивость к урону от падения."
All mounts now receive the bonus from Nimble Recovery. Getting knocked off your mount or engaging foes will grant swiftness and protection. (Cooldown: 10s),Все ездовые животные теперь получают бонус «Nimble Recovery». Сбивание с ездового животного или вступление в бой накладывает стремительность и защиту. (Перезарядка: 10 с)
"All mounts now receive the bonus from Ravenous Strike, increasing their engage skill damage.","Все скакуны теперь получают бонус от Ненасытного удара, увеличивающий урон их навыка вступления в бой."
All or Nothing,All or Nothing
"All reports proved true. The creature I was hunting showed characteristics of Jormag, Mordremoth, and Zhaitan. Unlike the poor quaggans and kodan I found there, I survived my encounter with it and got out without being corrupted or frozen to death. I have Taimi's sample, and now I'm headed back. I'll stop in Sorrow's Eclipse on the way to let them know I found their herd mates. What a tragedy.","Все донесения подтвердились. Существо, на которое я охотился, обладало характеристиками Jormag, Mordremoth и Zhaitan. В отличие от бедных квагганов и коданов, которых я там нашёл, я пережил встречу с ним и выбрался, не будучи осквернённым или замороженным насмерть. У меня есть образец Taimi, и теперь я возвращаюсь. По пути я загляну в Sorrow's Eclipse, чтобы сообщить им, что я нашёл их сородичей. Какая трагедия."
All right! I was getting stir crazy anyway.,Хорошо! Я в любом случае уже начал(а) сходить с ума от безделья.
"All right, thank you. I'll see you again soon.","Хорошо, спасибо. Скоро увидимся."
All right. How many Vigil did you send with him?,Хорошо. Сколько бойцов Vigil ты отправил с ним?
All right. I'll do that.,Хорошо. Так и сделаю.
All right. Kas and I will check out the smaller outposts.,Хорошо. Мы с Kas проверим лагеря поменьше.
All right. Let's go get a confession.,Хорошо. Пойдём добьемся признания.
All right. What's up?,Хорошо. Что случилось?
"All that remains is to re-ignite the sword using magic from Rytlock's sword, Sohothin. Then it's time to enter the Mists and use the sword as magical bait to attach Blish's tracker to Kralkatorrik. Easy, right?","Осталось только заново зажечь меч, используя магию меча Rytlock, Sohothin. Затем пришло время войти в Mists и использовать меч как магическую приманку, чтобы прикрепить трекер Blish к Kralkatorrik. Легко, правда?"
All they have to do is hurt her reputation and sow doubt.,"Всё, что им нужно — это навредить её репутации и посеять сомнения."
All things have a right to grow.,Все сущее имеет право расти!
"All we can do is wait. Fortunately—though I use the term loosely—Jormag left us with Bangar, shackled by ice and strange magic, and capable of communicating with us on Jormag's behalf. When the ice dragon wishes to speak with us, it will be through Bangar.","Все, что мы можем — это ждать. К счастью — хотя я использую этот термин условно — Jormag оставил нам Bangar, скованного льдом и странной магией, способного общаться с нами от имени Jormag. Когда ледяной дракон захочет поговорить с нами, это будет через Bangar."
Allow Sayida to put you in manacles.,Позвольте Sayida надеть на вас кандалы.
Allow Uenno to attune your comms device.,Позволь Uenno настроить твое устройство связи.
Allow me to excuse myself. I have a speech to give.,Позвольте откланяться. Мне нужно выступить с речью.
Allowed to activate upgrades at a claimable.,Разрешено активировать улучшения на захваченных объектах.
Allowed to claim objectives.,Разрешено захватывать объекты.
Allowed to edit options at guild-owned claimables.,Разрешено изменять настройки на захваченных гильдией объектах.
Alloyed Construct,Alloyed Construct
Alloyed Irontail,Alloyed Irontail
Alloyed Quicksilver,Alloyed Quicksilver
Alluring Avialan,Alluring Avialan
Alluring Devilfish,Alluring Devilfish
Alluring Silk Outfit,Alluring Silk Outfit
Ally of the Sunspears,Ally of the Sunspears
"Allying with either side will only lead to future conflict. Amnoon has been independent, and should remain independent.",Союз с любой из сторон приведет лишь к будущим конфликтам. Amnoon был независимым и должен оставаться таковым.
"Almorra reached out with news: the blizzard blocking our way to Bangar has cleared, and she needs our help at Jora's Keep. I'm to meet Rytlock, Crecia, Marjory, and Braham, and together we'll fly to Jora's Keep.","Almorra вышла на связь с новостями: метель, преграждавшая нам путь к Bangar, утихла, и ей нужна наша помощь в Jora's Keep. Я должен встретиться с Rytlock, Crecia, Marjory и Braham, и вместе мы полетим в Jora's Keep."
"Almorra thinks they're working out of the mines. She's sending us reinforcements, too.I agree with Makk, we should focus on the Citadel. We can't be unprotected. For all we know, we're the target.","Almorra считает, что они действуют из шахт. Она также присылает нам подкрепление.Я согласен с Makk, нам следует сосредоточиться на Цитадели. Мы не можем оставаться без защиты. Кто знает, может, цель — мы."
Alpine,Alpine
Alpine Borderlands,Alpine Borderlands
"Although I've yet to paint a full picture of Peitha's motivations, her story continues to prove...earnest. Arina trusts her. Ramses would likely die for her. Whatever fight lies ahead, I think we might be on the right side.","Хотя я ещё не сложил полную картину мотивации Peitha, её история продолжает казаться... искренней. Arina доверяет ей. Ramses, вероятно, готов умереть за неё. Какая бы битва ни ждала нас впереди, я думаю, мы на правильной стороне."
Always Tired,Always Tired
"Am I really so dull? Where, here's something interesting. Would you like to know how long a severed head remains conscious?","Я правда настолько скучен? А вот кое-что интересное. Хотите узнать, как долго отрубленная голова остается в сознании?"
Am I the only one surprised to learn Eir has secret progeny?,"Я один удивлен, что у Eir есть тайное потомство?"
"Am I to intimidate these ministers and aristocrats, to put them off guard?","Я должен запугать этих министров и аристократов, чтобы застать их врасплох?"
"Amala put up a difficult fight: a dervish who had once dedicated her life to opposing Joko, she'd been executed and Awakened by the lich. Even under his control, she was still able to channel the power of the gods, but with the help of Sayida and her corsairs, Zaeim and I brought her down at last.","Amala оказалась крепким орешком: дервиш, когда-то посвятившая жизнь борьбе с Joko, она была казнена и обращена личом в Awakened. Даже под его контролем она могла призывать силу богов, но с помощью Sayida и её корсаров мы с Zaeim наконец одолели её."
Amalgam,Amalgam
Ambush an Inquest convoy and capture a transport golem.,Устройте засаду на конвой Inquest и захватите транспортного голема.
Ambushed in my home.,Засада у меня дома.
Ambushed in my hometown.,Засада в родном городе.
Ambushed. Burn me. I was ambushed in my home.,Засада. Проклятье. На меня устроили засаду у меня дома.
Ambushed. I was ambushed in the refuge on my own home laboratory.,"Засада. На меня устроили засаду в убежище, в моей собственной домашней лаборатории."
Ambushed. In my garden oasis.,Засада. В моем садовом оазисе.
Amenity,Amenity
Amnoon is among the last of the holdouts. And now I hear you've been voicing your dissent.,"Amnoon — один из последних оплотов сопротивления. А теперь я слышу, что вы высказываете свое несогласие."
"Amnoon is called the Free City for a reason. We've always done things on our own, and all are welcome here. But with the Forged and the storm...the city is on the edge of disaster.","Amnoon называют Свободным городом не просто так. Мы всегда справлялись сами, и здесь рады всем. Но из-за Forged и бури... город на грани катастрофы."
Amnoon must remain independent. Our doors have always been open–it's how we've survived this long!,Amnoon должен оставаться независимым. Наши двери всегда были открыты — именно так мы выживали все это время!
Amnoon will be a wellspring of hope! A light for the rest of the desert to follow.,"Амнун станет источником надежды! Светом, за которым последует остальная пустыня."
Amnytas,Amnytas
"Amnytas. This unbelievable place has loomed in the skies over Tyria, watching history unfold below. Each bastion represents a different magical school of thought, where the wizards share their ancient knowledge with the Astral Ward. Unfortunately, this place has been ravaged by the Kryptis. The ward is holding on by a thread, with demonic rifts opening all over the sanctuary while something...bigger stirs in the clouds above the World Spire.","Amnytas. Это невероятное место возвышалось в небесах над Tyria, наблюдая за тем, как разворачивается история внизу. Каждый бастион представляет собой отдельную магическую школу мысли, где волшебники делятся своими древними знаниями с Astral Ward. К сожалению, это место было разорено Kryptis. Стражи держатся из последних сил, демонические разломы открываются по всему святилищу, в то время как что-то… более крупное шевелится в облаках над World Spire."
Among the Kodan,Among the Kodan
An Air of Mystery,Атмосфера тайны
An Apple a Day,An Apple a Day
An Invitation,Приглашение
An Unknown Soul,An Unknown Soul
An Unusual Inheritance,An Unusual Inheritance
An Urgent Summons to Kessex Hills,Срочный вызов в Kessex Hills
"An alarm's been sounded at Fort Marriner, where we're holding Mai Trin. I heard you and your crew were in town—I'm headed to the fort now and would appreciate backup. I have a bad feeling.","В Fort Marriner, где мы держим Mai Trin, прозвучала тревога. Я слышала, вы с командой в городе — я направляюсь в форт сейчас и была бы признательна за поддержку. У меня плохое предчувствие."
"An invitation from the queen herself... Taimi, do you read me?","Приглашение от самой королевы... Taimi, ты меня слышишь?"
An urgent matter has arisen that requires your attention. Go to the parade grounds just north of the Hero's Forum. I'll meet you there.,"Возникло срочное дело, требующее твоего внимания. Отправляйся на плац к северу от Форума Героев. Я встречу тебя там."
An urgent matter has arisen that requires your attention. Go to the parade grounds just north of the Hero's Forum. I'll meet you there.Please come at your earliest convenience.,"Возникло срочное дело, требующее вашего внимания. Отправляйтесь на плац к северу от Форума Героев. Я встречу вас там.Пожалуйста, приходите при первой возможности."
"An...unconventional decision, and not what I expected. But thank you for your input, Commander.","Нестандартное решение, я такого не ожидал. Но спасибо за твой вклад, Коммандир."
Ancestral Outfit,Ancestral Outfit
Anchor your boat in the slip so Navan can disembark.,"Пришвартуй лодку на причале, чтобы Navan могла сойти на берег."
Ancient Coin,Ancient Coin
Ancient Magics,Ancient Magics
Ancient Silver,Ancient Silver
Ancient Traditions,Древние традиции
"Ancient chords of long-forgotten lamentations still echo in Orr. Those who have learned to listen for them are able to use dirges of power, making manifest abilities once lost to the pages of history.","Древние аккорды давно забытых плачей всё ещё эхом отдаются в Орре. Те, кто научился прислушиваться к ним, способны использовать погребальные песни силы, воплощая способности, некогда затерянные на страницах истории."
"Ancient druids had the power to manipulate nature. Learn this Mastery to gather Oakheart's essence, which allows you to grapple to new heights using magical vines.","Древние друиды обладали силой управлять природой. Изучите это мастерство, чтобы собирать сущность Дубового Сердца, которая позволяет вам взбираться на новые высоты с помощью магических лиан."
"Ancient magics still linger in the world of Tyria, and those especially attuned to them can sometimes call on them in times of great need. Learn this mastery to unlock an extra skill for use while downed.","Древняя магия всё ещё витает в мире Тирии, и те, кто особенно настроен на неё, иногда могут призвать её в моменты великой нужды. Изучите это мастерство, чтобы открыть дополнительный навык для использования в состоянии нокаута."
"Ancient, wise, powerful. She had the gift of prophecy and the burden of three thousand years of memories. She warned us about dragons taking over the world. They feast, she said, on all life.","Древняя, мудрая, могущественная. У неё был дар пророчества и бремя трех тысяч лет воспоминаний. Она предупреждала нас о том, что драконы захватят мир. Они пируют, говорила она, на всем живом."
"And Caithe said it herself: with Aurene, we should always expect the unexpected. The only thing I regret is not saying ""good-bye."" I'm not ready to close that door. Not fully, not yet.","И Caithe сама сказала: с Aurene всегда стоит ожидать неожиданного. Единственное, о чем я жалею, — что не сказал «прощай». Я не готов закрыть эту дверь. Не полностью, пока что."
"And I hear the alliance has gone through, thanks to this outlander, although I know you, Zalambur, worked against it.","И я слышал, что союз состоялся благодаря этому чужеземцу, хотя я знаю, что ты, Zalambur, был против."
"And Owl. If only she were still alive, we could benefit from her wisdom.","И Сова. Если бы она была ещё жива, мы могли бы воспользоваться её мудростью."
"And accompanying, the La—ah, ahem, yes, Kasmeer Meade.","И сопровождающая, леди... ах, кхм, да, Kasmeer Meade."
"And again, defeat one of the hounds.",И снова победите одну из гончих.
"And answers I received. For one thing, Malice's sleuthing proved spot-on. The tidbits of intel she gathered about the strangers and the kodans' concerns are indeed valid and pressing. According to Vale, a scouting party, led by Warclaw Master Graced by Fire, went searching for information on the strangers and their whereabouts. Thinking back, I recall her seeming on edge during the lowlanders' council meeting. Her apprehension seems perfectly justified, knowing now what happened next. Vale said that since their departure, the council has been unable to contact Graced by Fire or any of the scouts accompanying her. And thus far, all searches of the nearby wilds have turned up empty.","И ответы я получил. Во-первых, сыскные способности Malice оказались точными. Крупицы информации, которые она собрала о незнакомцах и опасениях коданов, действительно обоснованны и требуют внимания. По словам Vale, разведывательный отряд под предводительством мастера варклавов Graced by Fire отправился на поиски информации о незнакомцах и их местонахождении. Вспоминая, я помню, как она нервничала во время совета низинников. Её опасения кажутся вполне оправданными, теперь, когда я знаю, что произошло дальше. Vale сказала, что с момента их ухода совет не смог связаться ни с Graced by Fire, ни с кем-либо из сопровождавших её разведчиков. И до сих пор все поиски в близлежащих диких землях не дали результатов."
"And at the end, it was a steady, strong hand that made victory possible.","И в конце концов, именно твёрдая, сильная рука сделала победу возможной."
"And even if we had, there was no way for us to have foreseen what would happen.","И даже если бы успели, мы никак не могли предвидеть, что произойдёт."
"And he spoke a bit about what his goals here are, how he worries that Tyria won't survive on its current course, and how he intends to ""remove the impediments to individuals like you."" An understandable sentiment, but it takes more than that to do good, and the Inquest are certainly not doing any good here.","И он немного рассказал о том, каковы его цели здесь, как он беспокоится, что Тирия не выживет на своем нынешнем курсе, и как он намерен «устранить препятствия для таких личностей, как ты». Понятное чувство, но для того, чтобы делать добро, нужно нечто большее, и Инквест здесь точно не делает ничего хорошего."
"And hey, Dagda didn't toss me from a window after the title bestowal. I guess she doesn't think I'm a bloodthirsty dragon killer anymore.","И эй, Dagda не выбросила меня из окна после присвоения титула. Полагаю, она больше не считает меня кровожадным убийцей драконов."
And how many times I wanted to go back to you...,И сколько раз я хотела вернуться к тебе...
And how might this be?,И как же это возможно?
"And if Drakkar is there, then so am I. I'll meet you at that kodan village. Braham, stay put until I get there.","И если Drakkar там, то и я там. Встретимся в той деревне коданов. Braham, оставайся на месте, пока я не приду."
And in a time like this...we need all the help we can get.,"А в такое время... нам нужна любая помощь, которую мы можем получить."
"And in your foe's final moments, they will see your savagery.",И в последние мгновения жизни враг увидит твою свирепость.
And it's not going to turn her into a rampaging dragon.,И это не превратит её в неистовствующего дракона.
"And just as I arrive, I hear the council has decided against the alliance.","И как раз когда я прибыл, я узнал, что совет проголосовал против союза."
"And kaboom! There you are, my friend. I haven't seen you in a dolyak's age. Where've you been keeping yourself?","И бабах! А вот и ты, мой друг. Целую вечность тебя не видел. Где пропадал?"
And making a few last-minute adjustments. But they'll be in the air in...minutes! Tens of minutes at the most!,"И внёс несколько правок в последний момент. Но они будут в воздухе через... минуты! Ну, максимум через десятки минут!"
"And no Branded, either—not yet, anyway.","И никаких Клейменных — по крайней мере, пока."
And now he's able to sense Primordus's minions. Almost like a skilled hunter would. He doesn't quite understand the changes he's going through. I just hope he's able to keep it together.,"И теперь он способен чувствовать прислужников Primordus. Почти как опытный охотник. Он не совсем понимает, какие перемены с ним происходят. Я просто надеюсь, что он сможет держать себя в руках."
And now they will enjoy razing it to the ground.,А теперь они с удовольствием сравняют его с землей.
And of you. That lie-detecting thing you do...wow.,И вами тоже. Эта ваша способность распознавать ложь... вау.
And only at the end do you realize it was merely the beginning.,"И лишь в конце ты понимаешь, что это было только начало."
"And only at the end, you see the plan executed to perfection.","И лишь в конце ты видишь, как план исполнен до совершенства."
"And others, too. Many times throughout the centuries. That's why she died. She tried to kill her maker, Kralkatorrik. It killed her instead. She was no match for it, despite being ancient.","И других тоже. Много раз на протяжении веков. Вот почему она умерла. Она пыталась убить своего создателя, Kralkatorrik. Вместо этого он убил её. Она не могла тягаться с ним, несмотря на то, что была древней."
And save the charr from turning into Jormag's personal army. Damn right.,"И спасем charr от превращения в личную армию Jormag. Черт возьми, да."
"And still no reaction. I wonder, Countess, are you even at all with me?","И все ещё никакой реакции. Интересно, графиня, ты вообще со мной?"
"And that Amnoon is essentially surrounded by his troops, which...maybe you have some insight into. We're at a bit of an impasse.","И что Amnoon по сути окружен его войсками, о чем... возможно, у тебя есть свои соображения. Мы в тупике."
And that is of no interest to you? We have the key to the seer defense yet you waste your time up here?,"И это тебя не интересует? У нас есть ключ к защите провидцев, а ты тратишь время здесь?"
"And that's when it all clicked. The shard was a piece of shadowstone. The subtle hint of familiar magic I'd felt when we first landed... That was seer magic! And Isgarren, the one person who would likely know more, was conspicuously missing.","И тут все встало на свои места. Осколок был частью камня теней. Тот едва уловимый намек на знакомую магию, который я почувствовал, когда мы впервые высадились... Это была магия провидцев! А Isgarren, единственный человек, который, скорее всего, знал бы больше, подозрительно отсутствовал."
"And the punch. Have you tried it? Hmm, you're the first decent person I've met here. Say, if you're not busy later...","И пунш. Ты его пробовал? Хм, ты первый приличный человек, которого я здесь встретил. Слушай, если ты не занят позже..."
And the queen spoke to Scarlet?,И королева разговаривала с Scarlet?
"And then he asked me which pair I wanted! To suggest I couldn't afford both—why, I should have slapped him on the spot!","А потом он спросил, какую пару я хочу! Предположить, что я не могу позволить себе обе — да я должна была влепить ему пощечину на месте!"
And then there's...hm.,А ещё есть... хм.
And then we were ambushed by a pack of wolves and valravn—regional pests. A warm welcome.,А потом нас атаковала стая волков и valravn — местные вредители. Тёплый приём.
And this time of war does make for strange bedfellows. Kormir knows I've had worse.,"А в это военное время приходится заключать странные союзы. Kormir знает, бывало и хуже."
"And truth is, I don't want to be promoted. I could've been deputy minister years ago.","И по правде говоря, я не хочу повышения. Я мог бы стать заместителем министра ещё много лет назад."
And we won't let them down.,И мы их не подведем.
And what will you be doing?,А что будешь делать ты?
And who is this?,И кто это?
"And yet, I know failure. I challenged my lifelong rival to fight at a moot, and in my overconfidence, I lost. I look forward to the day when I can even the score.","И все же я знаю вкус поражения. Я вызвал своего давнего соперника на бой на муте и из-за самоуверенности проиграл. С нетерпением жду дня, когда смогу отыграться."
"And yet, in the past, I have been foolish. I wagered Romke's Horn, an ancestral heirloom with magical properties, on a test of strength. I was overconfident, but I'm determined to get it back.","И всё же в прошлом я был глуп. Я поставил Рог Ромке, родовую реликвию с магическими свойствами, на испытание силы. Я был слишком самоуверен, но полон решимости вернуть его."
"And yet, in the past, I've been careless. I overindulged in merriment at a moot and woke up the next morning with no memory of what I'd done. It's a mystery I must solve.","И все же в прошлом я был неосторожен. Я перебрал с весельем на муте и проснулся на следующее утро, не помня, что натворил. Это загадка, которую я должен решить."
And you never asked her about it?,И ты никогда не спрашивал её об этом?
And you're sure it was him? It wasn't an avatar? I've always believed they spoke to our ancestors through avatars because of eye melting.,"И ты уверен, что это был он? Это не был аватар? Я всегда верила, что они говорили с нашими предками через аватаров из-за того, что глаза плавятся."
"And you, Councilor? You're awfully quiet over there.","А вы, Councilor? Вы подозрительно молчаливы."
"And you, my friend? Were you surprised?","А ты, мой друг? Ты удивлен?"
"And, we know that Caudecus lets others do his dirty work for him.","И мы знаем, что Caudecus позволяет другим выполнять за него грязную работу."
And...is that Owl?,"И... это что, Сова?"
Angler Sense,Angler Sense
Anguish,Anguish
Angvar's Trove,Angvar's Trove
Anise is in the center of the party. Let's go talk to her.,Anise в центре вечеринки. Пойдём поговорим с ней.
"Anise is...occupied, I'm afraid. As for your invitation, you're a trusted friend, and I've no doubts your presence is a welcome relief to the ministers as well—the loyal ones, anyway.","Anise... занята, боюсь. Что до твоего приглашения — ты доверенный друг, и я не сомневаюсь, что твое присутствие станет приятной отдушиной для министров. По крайней мере, для лояльных."
"Anise sent you, did she? She's such a worrywart.","Anise послала тебя, да? Она такая паникерша."
Ankka points at %str1%.,Ankka указывает на %str1%.
"Ankka threw every horrifying trick she had at us, even unleashing Void energy from the nearby corrupted jade. As we fought, she made it clear she believes we're responsible for all this chaos—for the Void itself. That it's the natural end point of all our meddling and our hubris. I...can't say she's wrong. But her idea that we need to just accept the inevitable and let the world reset? I will never stand for that.","Ankka использовала против нас все свои ужасающие трюки, даже высвободив энергию Бездны из ближайшего испорченного нефрита. Пока мы сражались, она дала понять, что считает нас ответственными за весь этот хаос — за саму Бездну. Что это естественный финал всех наших вмешательств и нашего высокомерия. Я... не могу сказать, что она неправа. Но её идея о том, что мы должны просто принять неизбежное и позволить миру перезагрузиться? Я никогда с этим не смирюсь."
"Ankka was defiant to her last breath, but that breath finally came. The Extractor is ours.","Ankka была непокорна до последнего вздоха, но этот вздох наконец настал. Extractor наш."
Anniversary Mail Carrier,Anniversary Mail Carrier
Anomalous Occurrences,Anomalous Occurrences
Anonymity,Анонимность
"Another Day, Another Debt","Новый день, новый долг"
"Another letter from E today. Captain Theo Ashford succumbed to his wounds after the attack on Dragon Bash... The festivities are ongoing, so the Lionguard are desperate to keep this investigation under wraps. E recommended that I stop by the Dead End Bar in Divinity's Reach to meet with Detective Marjory Delaqua. Never heard of her, but E's intel is good. I headed her way.","Сегодня снова письмо от E. Капитан Theo Ashford скончался от ран после нападения на Dragon Bash... Празднества продолжаются, поэтому Lionguard отчаянно пытаются сохранить это расследование в тайне. E порекомендовал мне заглянуть в бар Dead End в Divinity's Reach, чтобы встретиться с детективом Marjory Delaqua. Никогда о ней не слышал, но разведданные E надёжны. Я направился к ней."
"Another scream led me to Jade Brotherhood leader Chul-Moo, who'd been attacked by one of his own crew, Jin-Lee. We were forced to fight his attacker since Chul-Moo had been hesitant to defend himself, not wanting to injure his own crew.","Ещё один крик привел меня к лидеру Jade Brotherhood Chul-Moo, на которого напал один из его собственных людей, Jin-Lee. Мы были вынуждены сразиться с нападавшим, так как Chul-Moo не решался защищаться, не желая причинить вред своему подчиненному."
Answer Aurene.,Ответить Aurene.
Answer Vloxx's call on the comms device he gave you.,"Ответьте на вызов Vloxx по устройству связи, которое он вам дал."
Answer the call from Vloxx.,Ответь на вызов Vloxx.
Answer the incoming comms call from Vloxx.,Ответьте на входящий вызов по связи от Vloxx.
Antechamber Searched,Прихожая обыскана
"Anticipating your arrival,","В ожидании твоего прибытия,"
Antiquary,Antiquary
Antiquated Ducat,Antiquated Ducat
Antique Bronze,Antique Bronze
Antique Gold,Antique Gold
Antique Olive,Antique Olive
Any Sufficiently Advanced Science,Any Sufficiently Advanced Science
"Any chance we had to bring Ryland in was lost along with Cinder's lifeblood. Ryland fled, and we gave chase...directly into Bangar's Frost Legion forces.","Любой шанс вернуть Ryland был потерян вместе с жизнью Cinder. Ryland сбежал, и мы бросились в погоню... прямо в лапы сил Frost Legion, которыми командует Bangar."
"Any countermagic measures up your sleeve, Commander?","Есть какие-нибудь контрзаклинания в рукаве, Коммандир?"
Any evidence of White Mantle meddlings you find would only support my actions.,"Любые доказательства вмешательства White Mantle, которые ты найдёшь, только подтвердят мои действия."
Any good he manages to do is just for public relations. We have to trust in Imann and our council.,"Любое добро, которое он делает — лишь для пиара. Мы должны доверять Imann и нашему совету."
"Anyway, I ran into a few other ex-Aetherblades who're all interested in forming a new crew.","В общем, я наткнулся на нескольких других бывших Aetherblades, которые хотят сформировать новую команду."
"Anyway, I'll let you know when I find out where they're holed up so that we can track them down. I hope you still want to come with me. So, may Wolf have your back.","В общем, я дам знать, как только выясню, где они засели, чтобы мы могли выследить их. Надеюсь, ты всё ещё хочешь пойти со мной. Пусть Wolf хранит тебя."
"Anyway, I'm sure the people of the Jade Sea would appreciate any help you have to offer while you're out there.","В любом случае, я уверен, что жители Jade Sea будут благодарны за любую помощь, которую ты сможешь предложить, пока будешь там."
"Apologies for the brusque message, but your presence is requested at the Applied Development Lab. There is a very important development that would be better conveyed in person. I was already in town and figured it would be best to meet at your home. Please come at your earliest convenience.","Прошу прощения за резкое сообщение, но ваше присутствие требуется в Лаборатории прикладных разработок. Есть очень важное событие, которое лучше обсудить лично. Я уже был в городе и решил, что лучше всего встретиться у вас дома. Пожалуйста, приходите при первой возможности."
"Apologies, but I can't talk right now.","Прошу прощения, но я сейчас не могу говорить."
Apostate's,Apostate's
Apothecary's,Apothecary's
Appeal to Joon.,Воззовите к Joon.
Apporach Isgarren in the War Room.,Приблизьтесь к Isgarren в Военном зале.
Apprentice Handiworker Crafting and Homestead Expansion,Apprentice Handiworker Crafting and Homestead Expansion
Approach Ancora.,Приблизьтесь к Ancora.
Approach Aurene.,Приблизьтесь к Aurene.
Approach Caithe.,Подойдите к Caithe.
Approach Chul-Moo.,Приблизьтесь к Chul-Moo.
Approach Dagda.,Приблизьтесь к Dagda.
Approach Empress Ihn.,Подойдите к Empress Ihn.
Approach Isgarren.,Приблизьтесь к Isgarren.
Approach Kela.,Приблизьтесь к Kela.
Approach Marjory in the Dead End Bar.,Подойти к Marjory в баре Dead End.
Approach Primordus.,Приблизьтесь к Primordus.
Approach Rox to begin the chase.,"Подойди к Rox, чтобы начать погоню."
Approach Soo-Won through the maintenance corridor.,Приблизьтесь к Soo-Won через технический коридор.
Approach the Dragon Bash effigies.,Приблизьтесь к чучелам Dragon Bash.
Approach the Eye of Janthir.,Приблизьтесь к Eye of Janthir.
Approach the bloodstone shard.,Приблизьтесь к осколку кровавого камня.
Approach the camp cautiously.,Осторожно приблизьтесь к лагерю.
Approach the camp's center.,Приблизьтесь к центру лагеря.
Approach the center of the Pavilion.,Приблизьтесь к центру Павильона.
Approach the center of the spire.,Приблизьтесь к центру шпиля.
Approach the clearing.,Приблизьтесь к поляне.
Approach the crime scene.,Приблизьтесь к месту преступления.
Approach the northern gate of Amnoon.,Приблизьтесь к северным воротам Амнуна (Amnoon).
Approach the unusual being.,Приблизьтесь к необычному существу.
Approach the wisp.,Приблизься к огоньку.
Approach your allies.,Подойдите к своим союзникам.
Apricot,Apricot
April Fools!,April Fools!
Aqua Satin,Aqua Satin
Aqua Tint,Aqua Tint
Arachnid Glider,Arachnid Glider
Arachnophobia,Arachnophobia
Arah's Hope,Arah's Hope
Arborstone,Arborstone
Arborstone Revitalization,Arborstone Revitalization
"Arborstone is now a fully realized, globalized hub with gateways opening up trade and travel beyond the borders of Cantha.","Арборстоун теперь стал полноценным глобальным хабом с вратами, открывающими торговлю и путешествия за пределы границ Канты."
Arborstone now has a crafting center established.,Arborstone now has a crafting center established.
Arborstone now has a fully functional base of operations.,Arborstone now has a fully functional base of operations.
Arborstone now has a multitude of commerce operational enhancements.,В Арборстоуне теперь доступно множество торговых улучшений.
Arborstone now has more forms of entertainment for you and your allies.,В Арборстоуне теперь больше развлечений для вас и ваших союзников.
Arcana Obscura,Arcana Obscura
Arcane,Arcane
Arcane Dampener,Магический подавитель
Arcane Forge Master,Arcane Forge Master
Arcane Outfit,Arcane Outfit
Arcane Sigil Glider,Arcane Sigil Glider
Arcane Symbol,Магический символ
Archaius Sprinter,Archaius Sprinter
Archdemon Wings Glider,Archdemon Wings Glider
"Archivist Salwa was understandably hesitant to allow me to enter the sanctum until I could prove to her that I supported those seeking to end the vicious rule of the lich king, Palawa Joko.","Archivist Salwa по понятным причинам колебалась, разрешать ли мне войти в святилище, пока я не докажу ей, что поддерживаю тех, кто стремится положить конец порочному правлению короля-лича Palawa Joko."
Archon Iberu,Archon Iberu
"Archon, for the sake of our guest, might we drop the innuendo and get to the point?","Archon, ради нашего гостя, может, отбросим намеки и перейдём к делу?"
Arctic Explorer Outfit,Arctic Explorer Outfit
Arctic Icewing,Arctic Icewing
Arctic Jerboa,Arctic Jerboa
Arctic Razor,Arctic Razor
Are there civilians that will need our aid?,"Есть ли мирные жители, которым нужна наша помощь?"
Are there magic words? How powerful is it? Well...?,Есть ли волшебные слова? Насколько она мощная? Ну?..
Are we done here? I need to return home to the Togatl by nightfall.,Мы закончили? Мне нужно вернуться домой к Togatl до наступления темноты.
Are we safer? I think these extra guards send the opposite message.,"В безопасности? Мне кажется, эти дополнительные стражники говорят об обратном."
Are you accusing me?,Ты меня обвиняешь?
"Are you even paying attention or do you simply not care? Either way, you are a maddening woman.","Вы вообще слушаете или вам просто все равно? В любом случае, вы невыносимая женщина."
Are you following me?,Ты идешь за мной?
Are you quite touched? I'm their supreme leader! And they will carry me all the way to the throne of Kryta!!,Вы совсем с ума сошли? Я их верховный лидер! И они донесут меня прямо до трона Kryta!!
Are you sure? Will you be okay?,Ты уверена? С тобой все будет в порядке?
Are you...?,Ты?..
Areas Scouted,Области разведаны
"Aren't you the nosy one. If you must know, I'll tell you what really happened.","Ты любопытный, я погляжу. Если тебе так хочется знать, я расскажу, что произошло на самом деле."
Arena Decorator,Arena Decorator
Arena of the Wolverine,Arena of the Wolverine
Arid,Arid
Arid Hammerhead,Arid Hammerhead
"Arina hadn't come this far to turn back at the last minute, however, and she told Peitha as much. Peitha acquiesced, and the five of us—a pair of Tyrians and a few Kryptis rebels—began our trek up the tower as Frode and Dagda disappeared through the portal back to the coliseum.","Arina не для того зашла так далеко, чтобы повернуть назад в последний момент, о чем она и заявила Peitha. Peitha согласилась, и мы впятером — пара тирийцев и несколько мятежников Kryptis — начали наш путь вверх по башне, пока Frode и Dagda исчезали в портале, ведущем обратно в колизей."
Arm a Skritt,Вооружить скритта
Arm a Skritt:,Вооружить скатта:
Armaments,Armaments
Armchair Commander,Armchair Commander
"Armed with this new understanding of Joon, we pushed on to the workshop, finally managing to gain access to her innermost sanctum.***","Вооружившись этим новым пониманием Joon, мы пробились в мастерскую, наконец сумев получить доступ к её сокровенному святилищу."
Armistice Bastion,Armistice Bastion
Armor Guard,Armor Guard
Armored Tiger,Armored Tiger
Armored Wolf,Armored Wolf
Arms,Arms
Army Readiness,Боеготовность армии
"Around his fifth verse of ""Tap the Cask and Down the Hatch!"" I threatened to toss him overboard–but that's when the winds began to pick up. I managed to keep us on course, but the increasingly choppy waves made this no easy task. Poised Arrow aided me as best he could but grew unsettled by the strength of the storm. To his credit, he held his own longer than expected, then he retired to the side of the boat where he spent the rest of the trip heaving.","Примерно на пятом куплете «Tap the Cask and Down the Hatch!» я пригрозил выбросить его за борт — но тут поднялся ветер. Мне удалось удержать курс, но из-за усиливающихся волн это было непросто. Poised Arrow помогал мне, как мог, но встревожился из-за силы шторма. Надо отдать ему должное, он держался дольше, чем я ожидал, а затем удалился на борт лодки, где провёл остаток пути, страдая от морской болезни."
"Around us, the threat of the Void rapidly went global. Calls from our allies around the world revealed the extent to which it had upended Hoelbrak, the Black Citadel, the Sandswept Isles, and more. Though we'd hoped to prevent that, hearing the voices of so many old friends fighting alongside us in their own parts of the world rallied my spirits.","Вокруг нас угроза Void быстро стала глобальной. Звонки от наших союзников по всему миру показали, до какой степени он перевернул Hoelbrak, Black Citadel, Sandswept Isles и многое другое. Хотя мы надеялись предотвратить это, голоса стольких старых друзей, сражающихся вместе с нами в своих частях света, подняли мой дух."
"Arriving at the Golden Lake, I was caught off guard by its strange serenity. Like the eye of a storm, if you forget the turmoil surrounding it, you could almost mistake it for peaceful. But the illusion was short-lived. Again, I used the Heart on a nearby bloodstone shard. This time, it brought to life memories of Manikaz's death. His dying shrieks echoed across time as he was torn asunder by his pursuer.","Прибыв к Золотому озеру, я был застигнут врасплох его странным спокойствием. Как в глазу бури, если забыть о суматохе вокруг, его почти можно было принять за мирное место. Но иллюзия была недолгой. Снова я использовал Сердце на ближайшем осколке кровавого камня. На этот раз оно оживило воспоминания о смерти Manikaz. Его предсмертные крики эхом разнеслись сквозь время, когда его разрывал на части преследователь."
Arrogance,Arrogance
Arrow Cart Mastery,Arrow Cart Mastery
Arson at the Orphanage,Arson at the Orphanage
"As Cantha recovers in the wake of the dragon cycle's end, Gorrik, Rama, and Yao take on a mind-altering investigation into power and treachery at a Jade Brotherhood mining operation.","Пока Кантха восстанавливается после завершения драконьего цикла, Горрик, Рама и Яо проводят изменяющее сознание расследование власти и предательства на шахтерском участке Jade Brotherhood."
"As Cerus gloated, Isgarren called me to his side. With his last remaining strength, he cast an enchantment on me before Cerus took notice. But expending the energy rendered Isgarren unconscious. With Isgarren incapacitated, the demon's attention snapped to me. This time, he wasn't going to let me crawl out of here alive.","Пока Cerus злорадствовал, Isgarren позвал меня к себе. Из последних сил он наложил на меня заклинание, прежде чем Cerus заметил это. Но затраченная энергия лишила Isgarren сознания. Когда Isgarren выбыл из строя, внимание демона переключилось на меня. В этот раз он не собирался позволить мне выбраться отсюда живым."
"As I approached Aurene, I felt as if my spirit was pulled into another world. A place like the bottom of the ocean, but also not—at the time, I wondered if it was real. It was then that I heard it: the voice of the final Elder Dragon, Soo-Won. Just...calmly talking to Aurene.","Когда я приблизился к Aurene, я почувствовал, будто мой дух затянуло в другой мир. Место, похожее на океанское дно, но в то же время и нет — в тот момент я гадал, реально ли это. Именно тогда я услышал это: голос последнего Старшего Дракона, Soo-Won. Просто... спокойно разговаривающей с Aurene."
"As I explored, I observed scores of shipwrecks and ran across some of the supplies that washed ashore from the Martingale. The magic in the area felt unlike anything I've experienced, yet there was a slightly familiar tinge to it that I couldn't put my finger on. From one lofty peak, I caught a glimpse of what appeared to be local inhabitants.","Исследуя местность, я обнаружил множество обломков кораблей и наткнулся на некоторые припасы, выброшенные на берег с Martingale. Магия в этом районе казалась непохожей ни на что, с чем я сталкивался, но в ней был слегка знакомый оттенок, который я не мог определить. С одной высокой вершины я мельком увидел местных жителей."
"As I headed back to speak with the others about our plan for Kralkatorrik, a messenger from Glint's ghost army appeared from the Mists with dire news: Glint's army had been overrun, and Kralkatorrik had entered the Domain of the Lost, where he was scattering and devouring the dead.","Когда я вернулся, чтобы обсудить с остальными наш план против Kralkatorrik, из Туманов появился посланник армии призраков Glint с ужасными новостями: армия Glint была разбита, а Kralkatorrik вошёл в Домен Потерянных, где он рассеивал и пожирал мёртвых."
"As I looked around, I thought about how good it was to see everyone be able to do the sort of normal things we've all been missing out on for so long. Life's moving on. The guild is moving on. I suppose maybe I'll have to move on some day too. But to what? I don't know yet. I suppose I'll find out when I get there.","Оглядываясь вокруг, я думал о том, как здорово видеть, что все могут заниматься обычными делами, которых нам так долго не хватало. Жизнь продолжается. Гильдия движется дальше. Полагаю, когда-нибудь и мне придётся двигаться дальше. Но куда? Я пока не знаю. Думаю, узнаю, когда придёт время."
"As I navigated the unfamiliarity of that threatening space, I was assaulted by a booming voice. Before long, I stood before an enormous, vile monster. He circled me for a short while, clearly playing with his presumed food. He was curious about my arrival, noting that I had ""traveled from Tyria"" to get to...wherever this place is.","Пока я пробирался через незнакомое и угрожающее пространство, меня оглушил громоподобный голос. Вскоре я предстал перед огромным, мерзким чудовищем. Он немного покружил вокруг меня, явно играя со своей предполагаемой добычей. Его заинтересовало мое появление, он заметил, что я «прибыл из Tyria», чтобы попасть... куда бы это ни было."
"As I recovered from the battle with Cerus in Nayos, Peitha's familiar voice rang in my head, calling me back to the Wizard's Tower. When I arrived, I found her and Isgarren discussing a recent spike in Kryptis activity—it was time for me to join her in that fight. Isgarren expressed some reservations about the Astral Ward delving deep into Nayos, but Peitha proposed that a small force would be preferable to acclimate the Kryptis to our presence. I'm still not certain of Peitha's ultimate goals, but taking down Eparch seems like a worthy enough cause.","Пока я приходил в себя после битвы с Cerus в Nayos, знакомый голос Peitha прозвучал у меня в голове, призывая вернуться в Wizard's Tower. По прибытии я застал её и Isgarren за обсуждением недавнего всплеска активности Kryptis — пришло время мне присоединиться к ней в этой борьбе. Isgarren выразил некоторые сомнения по поводу проникновения Astral Ward вглубь Nayos, но Peitha предложила, что небольшого отряда будет достаточно, чтобы приучить Kryptis к нашему присутствию. Я до сих пор не уверен в конечных целях Peitha, но свержение Eparch кажется достаточно достойным делом."
"As I set out to hunt Canach's components down, Isgarren contacted me, asking that I also keep an eye out for an ancient magical scroll that Sidony used to create Isgarren's curse. If we could find the scroll, there was a chance that he and his assistant, Historian Minna, could possibly use it to somehow break the curse.","Когда я отправился на поиски компонентов для Canach, со мной связался Isgarren, попросив также присматривать за древним магическим свитком, который Sidony использовала для создания проклятия Isgarren. Если бы мы смогли найти свиток, был шанс, что он и его помощница, Historian Minna, могли бы использовать его, чтобы как-то снять проклятие."
"As I was telling my old friend Caudecus the other day, we really must do something about these bandits. They are a hazard. I have reason to believe they're connected to the White Mantle.","Как я говорил своему старому другу Caudecus на днях, мы действительно должны что-то сделать с этими бандитами. Они представляют опасность. У меня есть основания полагать, что они связаны с White Mantle."
"As I went deeper into the vision, I saw Bangar's movements firsthand through the eyes of Ryland Steelcatcher. Bangar and Ryland attempted to find a shortcut through the Darkrime Delves, but encountered resistance—and Almorra Soulkeeper—along the way.","Погружаясь глубже в видение, я увидел действия Bangar глазами Ryland Steelcatcher. Bangar и Ryland пытались найти короткий путь через Darkrime Delves, но по пути столкнулись с сопротивлением — и с Almorra Soulkeeper."
"As I'm sure you're aware, Chief Councilor Imann invited me here to discuss military aid for Amnoon.","Как вы, несомненно, знаете, Chief Councilor Imann пригласила меня сюда обсудить военную помощь для Amnoon."
"As Peitha and Isgarren made a few last preparations, Frode pulled me aside to give me a chance to be reacquainted with an old friend. Zojja, having fully ascended into wizardhood, had lost most of her memory, as predicted. She...had hardly any idea who I was. Knowing she made this sacrifice willingly didn't make it any easier. We'd only just reconnected after all this time apart, and just a short time later I'd lost her again. I'm barely more than an acquaintance now. But this is what she wanted, and I need to support that choice.","Пока Peitha и Isgarren заканчивали последние приготовления, Frode отвел меня в сторону, чтобы дать шанс воссоединиться со старым другом. Zojja, полностью вознесшаяся до уровня мага, потеряла большую часть своей памяти, как и предсказывалось. Она... едва ли понимала, кто я такой. Осознание того, что она пошла на эту жертву добровольно, не облегчало ситуацию. Мы только воссоединились после столь долгой разлуки, и спустя короткое время я снова её потерял. Теперь я для неё едва ли больше, чем просто знакомый. Но это был её выбор, и я должен его поддержать."
"As Peitha planned to haul the defeated Queen Labris to the Coliseum of the Midnight King and show the Kryptis the might of her rebellion, General Nephus quickly caught my attention. While he had reservations with Peitha's chosen course of action, he felt that it should be performed in front of the largest audience possible—that if this was going to be the plan, we should go all in.","Пока Peitha планировала доставить побежденную Queen Labris в Coliseum of the Midnight King и показать Kryptis мощь своего восстания, генерал Nephus быстро привлек мое внимание. Хотя у него были сомнения относительно выбранного Peitha курса действий, он посчитал, что это должно быть сделано перед максимально возможной аудиторией — если уж таков план, то нужно идти до конца."
"As Tyria prepares for war with another Elder Dragon, the search for information becomes paramount. The arcane secrets stashed inside the depths of the Durmand Priory shed some light on your mysterious vision, and also give hope for the future.","Пока Тирия готовится к войне с очередным Старшим Драконом, поиск информации становится первостепенным. Тайные знания, хранящиеся в глубинах Дурмандского Приората, проливают свет на ваше таинственное видение и вселяют надежду на будущее."
"As a Dominion general, Ryland has proven formidable. Defectors are willing to sacrifice their lives just for the chance to join him. I fear that scores of charr will be lost in the conflict. Efram escorted us to a council meeting with Ryland, Smodur, Crecia, and Malice. Negotiations were interrupted by the arrival of Kasmeer and Logan, which drove Ryland from the table.","Как генерал Dominion, Ryland оказался грозным противником. Дезертиры готовы пожертвовать жизнями ради шанса присоединиться к нему. Боюсь, в этом конфликте погибнет множество чарр. Efram проводил нас на совет с Ryland, Smodur, Crecia и Malice. Переговоры были прерваны прибытием Kasmeer и Logan, что заставило Ryland покинуть стол."
"As a Seraph guard, my duties are here. However, I'd like you to assist the cities. The citadel is holding a defense quorum in the Imperator's Core, and they need all the support they can get. Head to the quorum and let the tribunes know you're there to help. But before you leave, stop by Rytlock's office—he may have specific instructions for you.","Как страж Seraph, я должен оставаться здесь. Однако я хочу, чтобы ты помог городам. В цитадели проводится оборонный кворум в Imperator's Core, и им нужна любая поддержка. Отправляйся на кворум и сообщи трибунам, что ты готов помочь. Но перед уходом загляни в кабинет Rytlock — возможно, у него есть особые указания для тебя."
"As a gesture of good faith, an old friend of mine will be traveling to meet with you and other esteemed rangers from the alliance. As a fellow wanderer of the wilds, I imagine you'll have much to bond over. You can find him in Lion's Arch.","В знак доброй воли старый друг приедет, чтобы встретиться с вами и другими уважаемыми рейнджерами из альянса. Как коллеге-страннику по диким землям, думаю, вам будет о чем поговорить. Вы можете найти его в Lion's Arch."
"As a symbol of my dedication, I wear ______.","Как символ моей преданности, я ношу ______."
"As abruptly as it began, it ended, and we were back in the real world. It was then I learned Soo-Won is not only the final Elder Dragon, but the original Elder Dragon—the ""Mother"" Kralkatorrik referred to all those years ago. She's been in Cantha the whole time—and according to Joon, she's been protecting the people here! Soo-Won says she wants Aurene to take her place and become the only Elder Dragon, just as Soo-Won once was. To be honest, I'm still not sure how I feel about it all. Or if I can trust her.","Всё закончилось так же внезапно, как и началось, и мы вернулись в реальный мир. Именно тогда я узнал, что Soo-Won — не просто последний Старший Дракон, а самый первый — та самая «Мать», о которой столько лет назад упоминал Kralkatorrik. Она всё это время была в Cantha — и, по словам Joon, защищала здешний народ! Soo-Won говорит, что хочет, чтобы Aurene заняла её место и стала единственным Старшим Драконом, какой когда-то была сама Soo-Won. Честно говоря, я до сих пор не уверен, что чувствую по этому поводу. И могу ли я ей доверять."
"As do you, %str1%. This is one thing we have had in common from the beginning. Such responsibility.","Как и ты, %str1%. Это то, что объединяло нас с самого начала. Такая ответственность."
"As expected, my attempt to contact Isgarren was once again unsuccessful. So, instead, I was left to track him down the old— fashioned way. Luckily, Hiorr happened to have seen him heading west into the ruins. I'm not sure where I'd have even started without that tip.","Как и ожидалось, моя попытка связаться с Isgarren снова не увенчалась успехом. Так что мне пришлось выслеживать его по старинке. К счастью, Hiorr видел, как он направился на запад в руины. Не знаю, с чего бы я начал без этой наводки."
"As for me, I come away from the experiences of these past several weeks feeling...lighter. I supposed that comes with the territory when confronting one's demons, be they metaphysical or metaphorical—or some unsettling mix of the two! The process of healing isn't instantaneous, but gradual. With consistent work it becomes more bearable, until one day the pain is the exception. It may never go away completely, but when something is that impactful in your life, perhaps it's best a piece of it remains with you—a reminder of how far you've come and all you've been through to get here.","Что касается меня, то после событий последних нескольких недель я чувствую себя... легче. Полагаю, это неизбежно, когда сталкиваешься со своими демонами, будь то метафизические или метафорические — или какая-то тревожная смесь того и другого! Процесс исцеления не мгновенный, а постепенный. При постоянной работе он становится более терпимым, пока однажды боль не станет исключением. Возможно, она никогда не уйдёт полностью, но когда что-то так сильно влияет на твою жизнь, возможно, лучше, чтобы частица этого осталась с тобой — как напоминание о том, как далеко ты зашёл и через что прошёл, чтобы оказаться здесь."
"As it turns out, Waiting Sorrow wasn't the only unexpected visitor we'd encounter. The bloodstone's explosion revealed the ghosts of several individuals sacrificed during the White Mantle's occupancy. Speaking with them, we came away with an unsettling picture of Gavril, the village that stood here long ago, and the dark history that plagued it. Overall, our work proved bittersweet. We leave with our strongest strategy yet for defeating the titans and a harsh reminder of the blood with which history's pages are written.","Как оказалось, Waiting Sorrow была не единственным неожиданным посетителем, с которым мы столкнулись. Взрыв кровавого камня открыл призраков нескольких людей, принесенных в жертву во время оккупации White Mantle. Поговорив с ними, мы получили тревожную картину Gavril, деревни, которая стояла здесь давным-давно, и тёмной истории, которая её преследовала. В целом, наша работа оказалась горько-сладкой. Мы уходим с нашей самой сильной стратегией для победы над титанами и суровым напоминанием о крови, которой написаны страницы истории."
"As leaders talked, we realized that it was time again to try our hand at unity. Not all will agree, and we certainly have our critics, but peace isn't made overnight. Thus, the Tyrian Alliance was formed.","Пока лидеры вели переговоры, мы поняли, что пришло время снова попытаться объединиться. Не все согласятся, и у нас, безусловно, есть критики, но мир не строится за одну ночь. Так был сформирован Tyrian Alliance."
"As long as you're going to Hoelbrak—you are going to Hoelbrak next, right? Give that mangy old mutt Knut Whitebear a message for me. Tell him I've got norn refugees showing up in my office, and I don't appreciate it. Especially ones that claim to be Eir's son.","Раз уж ты собираешься в Hoelbrak — ты ведь собираешься в Hoelbrak, верно? Передай этому облезлому псу Knut Whitebear сообщение от меня. Скажи ему, что у меня в кабинете полно беженцев-норнов, и мне это совсем не нравится. Особенно те, что называют себя сыном Eir."
As long as you're here. Commander.,"Раз уж ты здесь, Коммандир."
"As long as you've got an airship and are reasonably useful in a fight, you're hired.","Раз у вас есть дирижабль и вы хоть немного полезны в бою, вы наняты."
"As members of the College of Synergetics, we study how energy patterns form and alchemagical fractals propagate. Few beyond our college understand the philosophical and mystical complexities of our interests. We devoutly research the true nature of the Eternal Alchemy.","Как члены College of Synergetics, мы изучаем, как формируются энергетические паттерны и распространяются алхемагические фракталы. Мало кто за пределами нашей коллегии понимает философские и мистические сложности наших интересов. Мы преданно исследуем истинную природу Вечной Алхимии."
"As our other allies scattered to retake the outlying extractors from the Void's army, Kuunavang and I stayed to defend Taimi and Joon while they restored the primary extractor. The Void's forces overwhelmed us, and Kuunavang and I were momentarily overcome. Thankfully, Aurene pulled me from the jaws of death and infused me with some of her own power, which she instructed me to use to face the Void head-on. She didn't exaggerate its effectiveness—as I rejoined the battle, I somehow used a wave of her power to clear the entire main platform.","Пока наши союзники разбрелись, чтобы отбить у армии Void внешние экстракторы, Kuunavang и я остались защищать Taimi и Joon, пока они восстанавливали основной экстрактор. Силы Void подавили нас, и Kuunavang и я были на мгновение повержены. К счастью, Aurene вырвала меня из пасти смерти и наделила частью своей силы, которую она велела мне использовать, чтобы встретить Void лицом к лицу. Она не преувеличила её эффективность — когда я вернулся в битву, я каким-то образом использовал волну её силы, чтобы очистить всю главную платформу."
"As our relationships with Kryta and Queen Jennah blossom, the queen has invited Canthan delegates to come teach Canthan culture in her city. Likewise, she'll be sending some of her own to our shores to do the same.","По мере того как наши отношения с Kryta и Queen Jennah расцветают, королева пригласила делегатов Cantha приехать и преподавать культуру Cantha в её городе. Точно так же она отправит некоторых своих людей к нашим берегам, чтобы сделать то же самое."
"As our weight shifted to the back foot, we did gain a potentially critical piece of information that explains our failure to defeat Greer in the first place: the titans' armor seems to protect some sort of vulnerable inner core. With the help of my journeykin, I proved my assumption and was able to remove the titan's armor, rendering her core vulnerable to attacks. And any vulnerability is worth exploring.","Когда мы перешли в оборону, мы получили потенциально важную информацию, которая объясняет, почему нам не удалось победить Greer с первого раза: броня титанов, по-видимому, защищает некое уязвимое внутреннее ядро. С помощью моего journeykin я подтвердил свое предположение и смог снять броню титана, сделав её ядро уязвимым для атак. А любая уязвимость стоит того, чтобы её изучить."
"As predicted, the missing facet of Lyhr's consciousness was beyond the gates of the Wizard's Tower—how he navigated those defenses while possessed and while we were trapped outside is another mystery I may never decipher. After clearing the inner courtyard of Kryptis and defending Mabon while he cast a powerful spell to bring the tower's defenses down, we were able to help Lyhr stabilize his other half. With Lyhr now rejoined and another wizard on our side, our chances for success have increased.","Как и предсказывалось, недостающая грань сознания Lyhr находилась за воротами Wizard's Tower — как он преодолел эту защиту, будучи одержимым, пока мы были заперты снаружи, — ещё одна загадка, которую мне, возможно, никогда не разгадать. Очистив внутренний двор от Kryptis и защитив Mabon, пока он произносил мощное заклинание, чтобы снять защиту башни, мы смогли помочь Lyhr стабилизировать его вторую половину. Теперь, когда Lyhr снова цел, а на нашей стороне ещё один волшебник, наши шансы на успех возросли."
"As quickly as that shield fell, Cerus's voice boomed forth from Isgarren and the wizard pulled away—this time, to protect us. A portal to the World Spire opened in his place.","Как только этот щит пал, голос Cerus прогремел из Isgarren, и волшебник отстранился — на этот раз, чтобы защитить нас. На его месте открылся портал в World Spire."
"As soon as they began to unseal the chamber and breathe life back into the tower, Kryptis emerged like a swarm. We fended them off as Zojja and the wizards channeled the spell. Toward the end Zojja gasped in pain against the swell of magic, but after the Kryptis were cleared, it was done. The tower unfurled itself and let us inside the innermost chamber.","Как только они начали распечатывать камеру и вдыхать жизнь обратно в башню, Kryptis появились, как рой. Мы отбивались от них, пока Zojja и волшебники направляли заклинание. Ближе к концу Zojja ахнула от боли под напором магии, но после того, как Kryptis были зачищены, все было кончено. Башня развернулась и впустила нас в самую внутреннюю камеру."
"As the Pact continues its preparations for the fight against Mordremoth, a new opportunity arises. But the search for the Master of Peace ends in tragedy, calling into question the motives of a friend.","Пока Пакт продолжает подготовку к битве с Мордремофом, появляется новая возможность. Но поиски Master of Peace заканчиваются трагедией, ставя под сомнение мотивы друга."
"As the Scarab Plague threatens the Free City of Amnoon, Joko's plans are revealed in all their horrific splendor. Put an end to them.","Пока Чума Скарабея угрожает Вольному городу Амнун, планы Джоко раскрываются во всей своей ужасающей красе. Положите им конец."
"As the cultural representatives approached with their offerings, one of the dragon effigies erupted with arcane energies, emitting an electrical current that struck the captains on stage. Inspector Ellen Kiel immediately took control of the scene. With the help of her Lionguard, Kiel and I escorted the wounded to Fort Marriner. Along the way, we were harassed by a group of scrapyard pirates.","Когда представители культур подошли со своими подношениями, одно из чучел драконов взорвалось от магической энергии, испустив электрический разряд, который поразил капитанов на сцене. Инспектор Ellen Kiel немедленно взяла ситуацию под контроль. С помощью её Lionguard, Kiel и я сопроводили раненых в Fort Marriner. По пути нас атаковала группа пиратов со свалки."
"As the great beast danced around me, clearly unafraid, another voice prickled my ears. She called the thick-winged demon ""Cerus."" I am not especially fond of this Cerus.","Пока великий зверь танцевал вокруг меня, ничуть не боясь, другой голос уколол мой слух. Она назвала толстокрылого демона «Cerus». Мне не особо нравится этот Cerus."
"As the journeykin settled into its pen, another voice interrupted us. Stoic Alder, the Claw of the lowland kodan, looked from Barbed Vale to us and asked our purpose. His introduction was brief, guiding us straight toward the biggest lodge at the heart of the village. Likely that haste was to keep his people calm—or maybe it was to keep his unexpected visitors in line.","Когда journeykin устроился в своем загоне, нас прервал другой голос. Stoic Alder, Claw из коданов низин, посмотрел с Barbed Vale на нас и спросил о нашей цели. Его представление было кратким, он направил нас прямо к самому большому домику в центре деревни. Вероятно, эта спешка была нужна, чтобы сохранить спокойствие своего народа — или, может быть, чтобы держать своих нежданных гостей в узде."
"As the mysterious Scarlet Briar's schemes reach their climax, the commander and their allies gather in defense of Tyria.","Пока схемы загадочной Алой Шиповницы достигают кульминации, командующий и их союзники собираются для защиты Тирии."
"As the power of the Spirits filled their totems, we knew that one would never come: Owl, for the norn had said time and again that she sacrificed herself to save her people when Jormag threatened them. Imagine our surprise when Owl's totem lit up with her power—a power that simply should not have been there.","Когда сила Spirits наполнила их тотемы, мы поняли, что один из них никогда не придёт: Owl, ведь norn твердили снова и снова, что она пожертвовала собой ради спасения своего народа, когда Jormag угрожал им. Представьте наше удивление, когда тотем Owl вспыхнул её силой — силой, которой там просто не должно было быть."
"As the throngs filed into the coliseum, Peitha called me to her side to witness her speech. I arrived just as she paraded the beaten queen before the assembled masses. The rebellious leader spoke with conviction—that not only can Eparch and his loyalists be defeated but that unlike the present monarchy, she is willing show mercy to the vanquished.","Пока толпы заполняли колизей, Peitha позвала меня к себе, чтобы я стал свидетелем её речи. Я прибыл как раз в тот момент, когда она вывела избитую королеву перед собравшимися массами. Лидер повстанцев говорила с убежденностью — что Eparch и его лоялисты не только могут быть побеждены, но и что, в отличие от нынешней монархии, она готова проявить милосердие к побежденным."
"As they made their way out of the area, I considered my next move...but suddenly a number of other golems malfunctioned—my hacking had worked after all, just too slowly...maybe too well; my own golem suit burst into flames, and I was forced to eject and fight my way out of the cavern. I'll have to go after Kuda and Sebb another time. For now, it's time to find my allies and fill them in on what I've learned.","Пока они выбирались из этого района, я обдумывал свой следующий шаг... но внезапно ещё несколько големов вышли из строя — мой взлом все-таки сработал, просто слишком медленно... может, даже слишком хорошо; мой собственный костюм голема вспыхнул, и я был вынужден катапультироваться и пробиваться с боем из пещеры. Мне придётся заняться Kuda и Sebb в другой раз. А пока пора найти союзников и рассказать им о том, что я узнал."
"As they were leaving, Faolain announced her intention to travel to the Silverwastes in pursuit of Wynne who was going there to research Ventari with a centaur tribe. Caithe tried to discourage her from this, to no avail. I need to head back to Camp Resolve to see if any centaur have ever been found out in the Silverwastes.","Уходя, Faolain объявила о своем намерении отправиться в Silverwastes в погоню за Wynne, которая направлялась туда, чтобы изучать Ventari вместе с племенем кентавров. Caithe пыталась отговорить её, но безуспешно. Мне нужно вернуться в Camp Resolve и узнать, находили ли когда-нибудь кентавров в Silverwastes."
"As we approached the pedestal, Isgarren asked me to pick up the artifact. Whispers surged-ancient power flowed through me. With the artifact in hand, we foolishly allowed ourselves to indulge in a moment of reprieve. Then I was knocked to the ground.","Когда мы подошли к пьедесталу, Isgarren попросил меня взять артефакт. Шёпот усилился — древняя сила хлынула через меня. С артефактом в руках мы по глупости позволили себе насладиться моментом передышки. Затем меня сбили с ног."
"As we are poised to be smashed between two rising Elder Dragons, we cannot stand for a threat from within.","Поскольку мы рискуем оказаться раздавленными между двумя пробуждающимися Старшими Драконами, мы не можем позволить себе угрозу изнутри."
"As we beat back the Inquest, Canach worked his magic, turning the seer defenses against them. The forge cleared of hostiles, we faced yet another barrier, this one blocking our acccess to Kuda inside the research facility.","Пока мы отбивались от Inquest, Canach сотворил свое чудо, обратив защиту провидцев против них самих. Кузница была очищена от врагов, но мы столкнулись с ещё одним барьером, преграждающим путь к Kuda внутри исследовательского центра."
"As we caught up, Sayida revealed that she'd taken—by questionable means—a seat on the Captain's Council. While watching the docks ahead of an alliance trade deal, her crew witnessed some unscheduled departures, all manned by the Inquest. Her technician lost the signal before they could learn anything meaningful.","Когда мы разговорились, Sayida рассказала, что она заняла — сомнительными путями — место в Captain's Council. Наблюдая за доками перед сделкой альянса, её команда стала свидетелем нескольких незапланированных отплытий, все под управлением Inquest. Её техник потерял сигнал, прежде чем они смогли узнать что-то значимое."
"As we climbed, we were swarmed by crabs. As Sayida pointed out, the vicious things had been harrying us since before we made landfall! This turned out not to be a coincidence...","По мере подъёма нас окружили крабы. Как заметила Sayida, эти злобные твари преследовали нас ещё до того, как мы высадились на берег! Оказалось, это не было совпадением..."
"As we entered the spire, Peitha took on a defensive tone. ""The veil is parting,"" she told me. Zojja overheard us despite our efforts to be covert. She asked if I was okay, assuming I was speaking to myself. I managed to conceal Peitha's existence for just a bit longer. With tensions as strained as they are, I can't risk being compromised for fear of being removed from the field—or worse. But I don't know how much longer I can keep up this deception.","Когда мы вошли в шпиль, Peitha перешла на оборонительный тон. «Завеса истончается», — сказала она мне. Zojja подслушала нас, несмотря на все наши попытки действовать скрытно. Она спросила, в порядке ли я, решив, что я разговариваю сам с собой. Мне удалось скрыть присутствие Peitha ещё на некоторое время. При нынешнем напряжении я не могу рисковать, боясь, что меня отстранят от дела — или чего похуже. Но я не знаю, как долго ещё смогу поддерживать этот обман."
"As we fought our way through a series of demon attacks, Gorrik asked me about the other voices I'd heard over comms. I wasn't sure if they were real or how to respond if they were. So I didn't.","Пока мы пробивались через серию атак демонов, Gorrik спросил меня о других голосах, которые я слышал по связи. Я не был уверен, настоящие ли они, и как отвечать, если это так. Поэтому я промолчал."
"As we fought our way up the spire ramps, we found Inquest vehicles and equipment on a landing, all but confirming our suspicions that Vloxx had already found the spire and could well be waiting above.","Пробиваясь вверх по пандусам шпиля, мы обнаружили на площадке транспорт и оборудование Инквезиции, что практически подтвердило наши подозрения: Vloxx уже нашёл шпиль и вполне мог ждать наверху."
"As we fought our way upstairs, we encountered even more of those creatures. Frode called them the Kryptis—a faction of demons from a place called Nayos (which seems to be another name for the demon realm). Even more rifts emerged, and Zojja handed me a peculiar device that she called the Heart of the Obscure. She told me that it had the ability to seal rifts. I picked it up without hesitation; there weren't any other options.","Пробиваясь наверх, мы столкнулись с ещё большим количеством этих существ. Frode назвал их Kryptis — фракция демонов из места под названием Nayos (которое, похоже, является ещё одним названием демонического царства). Появилось ещё больше разломов, и Zojja вручила мне странное устройство, которое она назвала Heart of the Obscure. Она сказала, что оно способно запечатывать разломы. Я взял его без колебаний; других вариантов не было."
"As we made our way into the heart of the base, we found some sort of weapon fixed in the center of the main chamber. The size of that thing...it was enormous. We didn't have a lot of time to inspect the device before we were ambushed by two more Molten Alliance warriors: Rodion and Gigarg.","Пробираясь в самое сердце базы, мы обнаружили некое оружие, закрепленное в центре главного зала. Размеры этой штуки... она была колоссальной. У нас не было времени изучить устройство, прежде чем на нас напали ещё два воина Molten Alliance: Rodion и Gigarg."
"As we made our way up from the chaos of Soo-Won's crumbling chamber, we learned that the combination of Aurene's uncontrolled magic and Soo-Won's explosive escape had sent the reactor into meltdown. It was up to us to fix it before the reactor exploded and took all of New Kaineng with it. But Ankka was determined to stop us, first sending her Aetherblades, then unleashing another surprise: that her own experiments with dragon magic allowed her to tap into Zhaitan's power, reviving the fallen Xunlai workers to tear us down.","Выбираясь из хаоса в рушащейся камере Soo-Won, мы узнали, что сочетание неконтролируемой магии Aurene и взрывного побега Soo-Won привело к расплавлению реактора. Нам предстояло исправить это, прежде чем реактор взорвется и погубит весь New Kaineng. Но Ankka была полна решимости остановить нас: сначала она послала своих Aetherblades, а затем преподнесла ещё один сюрприз — её эксперименты с магией драконов позволили ей подключиться к силе Zhaitan, воскрешая павших рабочих Xunlai, чтобы уничтожить нас."
"As we neared the army, Ramses feared that we marched to certain death. It was jarring to hear him say such a thing. Peitha confirmed her sense of the overwhelming size of the writhing forces arrayed against us. Her plan, it seemed, was to attempt to win some of them to our side. Somehow.","Когда мы приблизились к позициям армии, Ramses испугался, что мы идем на верную смерть. Было странно слышать от него такое. Peitha подтвердила свои ощущения об ошеломляющей численности извивающихся сил, выстроившихся против нас. Похоже, её план состоял в том, чтобы попытаться переманить часть из них на нашу сторону. Каким-то образом."
"As we planned our next course of action over comms, it became clear there was some bad history between Mai Trin and Yao. Yao seemed to resent Mai for being chosen as Joon's protégé, believing themselves to be much more qualified.","Когда мы планировали наши дальнейшие действия по связи, стало ясно, что между Mai Trin и Yao есть старые счеты. Yao, похоже, обижались на Mai за то, что её выбрали протеже Joon, считая себя гораздо более квалифицированными."
"As we pondered our next steps, the comms device that Vloxx gifted me buzzed. He started by thanking me for disposing o. Sebb. I urged him to stop while there's still time, but I know he won't. He believes that this is the only path left, and while he'd like me to walk it with him, he's not going to be deterred either way.","Пока мы обдумывали наши дальнейшие шаги, устройство связи, подаренное мне Vloxx, завибрировало. Он начал с того, что поблагодарил меня за устранение Sebb. Я призывал его остановиться, пока ещё есть время, но знаю, что он не остановится. Он верит, что это единственный оставшийся путь, и хотя он хотел бы, чтобы я прошёл его вместе с ним, он в любом случае не отступит."
"As we pondered our next steps, the comms device that Vloxx gifted me buzzed. He started by thanking me for disposing of Sebb. I urged him to stop while there's still time, but I know he won't. He believes that this is the only path left, and while he'd like me to walk it with him, he's not going to be deterred either way.","Пока мы обдумывали наши следующие шаги, устройство связи, которое подарил мне Vloxx, зажужжало. Он начал с того, что поблагодарил меня за то, что я избавился от Sebb. Я призывал его остановиться, пока есть время, но я знаю, что он не остановится. Он верит, что это единственный оставшийся путь, и хотя он хотел бы, чтобы я прошёл его вместе с ним, он все равно не отступит."
"As we pushed westward, Poky saw a clearing ahead in the swamp—and Fading Aurora. We finally caught up.","Когда мы пробились на запад, Poky увидел впереди поляну в болоте — и Fading Aurora. Мы наконец догнали её."
"As we reached the roof to make our escape, we got our first glimpse of Rata Primus in the distance—a massive floating cube. We jumped from the lab's roof to avoid the lab's self-destruction, but it was clear we'd have to storm that cube if we had any hope of stopping Joko's invasion of Tyria.","Добравшись до крыши, чтобы сбежать, мы впервые увидели Rata Primus вдалеке — массивный парящий куб. Мы спрыгнули с крыши лаборатории, чтобы избежать взрыва, но стало ясно: нам придётся штурмовать этот куб, если мы хотим остановить вторжение Joko в Tyria."
"As we traveled, I discussed the situation with the others. Canach is unusually motivated, and he described how seeing Vloxx willing to do whatever is necessary made him question his own priorities. It's good to see him eager, although I hope he doesn't follow Vloxx's lead too much. Rytlock is concerned with what might happen if Vloxx is faced with only bad options and how he might decide between them. And Sayida raised the question of what might happen if Vloxx actually does abandon the Inquest and leave it to Kuda. They're all valid points, but I don't think we can resolve any of them just yet.","По пути я обсуждал ситуацию с остальными. Canach необычайно мотивирован, и он описал, как то, что Vloxx готов сделать все необходимое, заставило его усомниться в собственных приоритетах. Приятно видеть его таким усердным, хотя я надеюсь, что он не будет слишком сильно следовать примеру Vloxx. Rytlock обеспокоен тем, что может случиться, если Vloxx столкнется только с плохими вариантами, и как он может выбирать между ними. А Sayida подняла вопрос о том, что произойдёт, если Vloxx действительно бросит Inquest и оставит все на Kuda. Все это весомые аргументы, но я не думаю, что мы можем решить хоть что-то из этого прямо сейчас."
"As you all know, we've been busy replicating Ankka's Extractor. The plan is that we use the replicas to cure Soo-Won.","Как вы все знаете, мы были заняты копированием экстрактора Ankka. План в том, чтобы использовать копии для исцеления Soo-Won."
"As you approach any of these beasts while mounted, you'll sense that the Grasp of Joko is available to you. Use it.","Когда вы приблизитесь к любому из этих зверей верхом, вы увидите, что вам доступен навык Grasp of Joko. Используйте его."
"As you said, ministers can be dangerous.","Как вы и сказали, министры могут быть опасны."
"Ascalon Settlement was soon under siege, so we headed there with urgency. The town was overrun with destroyers of all types. With help from some allies, we eventually defeated them all and reclaimed the town. Marjory and Jhavi exchanged heated words—the battle had tested their patience and they fundamentally disagreed about what was more important: concentrating on the mission or saving the needy. Were we ready to let innocents die if it meant ultimately winning the war?","Ascalon Settlement вскоре оказался в осаде, поэтому мы срочно направились туда. Город был наводнён разрушителями всех видов. С помощью союзников мы в конце концов победили их всех и отбили город. Marjory и Jhavi обменялись резкими словами — битва испытала их терпение, и они принципиально разошлись во мнениях о том, что важнее: сосредоточиться на миссии или спасать нуждающихся. Готовы ли мы позволить невинным умереть, если это означает окончательную победу в войне?"
Ascalonian Catacombs,Ascalonian Catacombs
Ascalonian Tear,Ascalonian Tear
Ascalonian-Leader Finisher,Ascalonian-Leader Finisher
Ascend Mount Balrior to challenge the titans.,"Поднимись на Mount Balrior, чтобы бросить вызов титанам."
Ascend the cliff by using assisted leaps.,"Поднимитесь на утёс, используя вспомогательные прыжки."
Ascend the fortress and activate the machine.,Поднимитесь на крепость и активируйте механизм.
Ascend the plateau to look for Vlast.,"Поднимитесь на плато, чтобы найти Vlast."
Ascend to the crow's nest on the Dark Leviathan to call out which direction to go.,"Подняться в воронье гнездо на Dark Leviathan, чтобы указывать направление."
Ascended Achiever,Ascended Achiever
Ascended Aurene Clothing Outfit[s],[Наряд|Наряда|Нарядов] восходящей одежды Аурены
Ascended Materials,Ascended Materials
Ascended Shards of Glory,Ascended Shards of Glory
Ascent to Madness,Ascent to Madness
Ash,Ash
Ash Legion Listening Devices Planted,Ash Legion Listening Devices Planted
Ash Legion Mount Stealth,Ash Legion Mount Stealth
Ash Tribune Quarters,Ash Tribune Quarters
Ashes of the Past,Ashes of the Past
Ashhe bows to %str1%.,Ashhe кланяется %str1%.
Ask Aurene to break down the crystal.,Попросите Aurene разбить кристалл.
Ask Captain Kiel about Scarlet.,Расспросите Captain Ellen Kiel о Scarlet.
Ask Captain Kiel about the mysterious probe.,Расспросите Captain Ellen Kiel о таинственном зонде.
Ask Crecia for the Ash Legion disguise tonic.,Попросить у Crecia маскировочный тоник Ash Legion.
Ask Farmer Simooba where to find the hottest spring.,"Спросите фермера Simooba, где найти самый горячий источник."
Ask Historian Meliza more about her research on seers.,Расспросите Historian Meliza подробнее о её исследованиях провидцев.
Ask Isgarren about the curse.,Расспросите Isgarren о проклятии.
Ask Ludo about her plan.,Спросить Ludo о её плане.
Ask Mai about the object you found.,Расспросите Mai о найденном предмете.
Ask Mayor Osborne for information on the Inquest's whereabouts.,Расспросите мэра Osborne о местонахождении Инквезиции.
Ask Phlunt if he'll be attending the world summit.,"Спроси Phlunt, собирается ли он на мировой саммит."
Ask Rytlock how you can help.,"Спроси Rytlock, чем ты можешь помочь."
Ask Skaald Alfhildr to call everyone around for a toast to Eir.,Попросите Skaald Alfhildr собрать всех для тоста в честь Eir.
Ask around the Elon Riverlands for any useful information.,"Расспроси людей в Elon Riverlands, чтобы получить полезную информацию."
Ask around the Elon Riverlands for more information on a lost city.,"Расспроси людей в Elon Riverlands, чтобы узнать больше о затерянном городе."
"Ask around the Elon Riverlands to determine the location of Kesho, the lost Forgotten city.","Расспроси людей в Elon Riverlands, чтобы определить местоположение Kesho, затерянного города Забытых."
"Ask away, %str1%. I'm gonna rest a few minutes before I move out.","Спрашивай, %str1%. Я отдохну несколько минут, прежде чем выдвигаться."
Ask away. I'll tell you whatever I can.,"Спрашивай. Я расскажу всё, что смогу."
Ask for the check.,Попросите счёт.
Ask her. I wouldn't dare to speak for her. I know you. You're the Snaff Prize winner. %str1%. Your entry was impressive. I'd love to learn how you did it sometime.,"Спроси её. Я бы не посмел говорить за неё. Я знаю тебя. Ты победитель премии Snaff. %str1%. Твоя работа была впечатляющей. Я бы хотел как-нибудь узнать, как ты это сделал."
Ask the Exalted about Kesho.,Расспроси Возвышенных о Kesho.
Ask the Primeval Queens for help.,Попросите помощи у Primeval Queens.
Ask the castaway beachcomber Sparktail about the Inquest tech in his possession.,"Расспросите потерпевшего кораблекрушение пляжника Sparktail о технике Инквезиции, которая у него есть."
Aspect Arena,Aspect Arena
Assassin's,Assassin's
Assassins Remaining,Осталось убийц
