english,translate
Hmmm... I don't know if I'd be able to. I don't think people can change that much.,"Хм... Не знаю, смог бы я. Не думаю, что люди могут так сильно измениться."
"Hoelbrak is still struggling to keep up with the rising number of refugees. Our scouts have confirmed that dredge in Wayfarer Foothills and Flame legion in Diessa Plateau have allied; they're calling themselves the ""Molten Alliance."" Such a partnership cannot be ignored. For now, the best thing we can do is subdue their forces. We need you out there, defending our homesteads and fighting the enemy. With you in the field, Knut and I can plan a large-scale response to the dredge and Flame Legion attacks.","Hoelbrak все ещё пытается справиться с растущим числом беженцев. Наши разведчики подтвердили, что дреджи в Wayfarer Foothills и Легион Пламени в Diessa Plateau объединились; они называют себя «Molten Alliance». Такое партнерство нельзя игнорировать. Пока что лучшее, что мы можем сделать, — это подавить их силы. Нам нужно, чтобы ты был там, защищая наши земли и сражаясь с врагом. С тобой на передовой мы с Knut сможем спланировать масштабный ответ на атаки дреджей и Легиона Пламени."
Hold Vigil over the egg.,Держите караул у яйца.
Hold off Labris and her royal guard!,Сдерживайте Лабрис и её королевскую гвардию!
Hold off the Aetherblade pirates.,Сдержите натиск пиратов Эфирных клинков.
Hold off the Awakened while Canach works.,"Сдерживайте Пробуждённых, пока Канах работает."
Hold off the Branded attack outside the chamber.,Сдержите атаку Branded снаружи камеры.
"Hold on, %str1%. Did you see her eye twitch? I don't think you should trust her.","Погоди, %str1%. Ты видела, как у неё дёрнулся глаз? Не думаю, что ей стоит доверять."
Hold on. So you're collecting aspects of Lazarus? What do you plan to do with them?,"Погоди. Значит, ты собираешь аспекты Lazarus? Что ты собираешься с ними делать?"
"Hold on.... (crash) Okay, I'm here. What's up?","Подожди... (грохот) Ладно, я здесь. Что случилось?"
Hold out against the Kryptis ambush.,Продержитесь против засады Kryptis.
Hold out against the invaders.,Продержитесь против захватчиков.
Hold that thought for a moment.,Придержи эту мысль на секунду.
Hold the line against the Inquest.,Удерживайте оборону против Inquest.
Holding Back the Darkness,1. Сдерживание тьмы
Holding Pods Tampered With,Контейнеры для содержания взломаны
Hologram Outfit,Голографический наряд
Holosmith,Голокузнец
Home Sweet Home: Abandoned Homestead,Милый дом: Заброшенная усадьба
Home Sweet Home: Hearth's Glow,Милый дом: Очаг
Homesteading,Обустройство усадьбы
Honed,Заточенный
"Honestly, I can't. I took a sacred oath, cross my heart and hope to die. And I would die.","Честно говоря, не могу. Я дал священную клятву, клянусь честью. И я бы умер."
"Honestly, I guess I can't be... But I promise to keep an eye out for anything suspicious.","Честно говоря, наверное, не могу... Но обещаю следить за всем подозрительным."
Honey Ice,Медовый лед
Honeybutter,Медово-сливочный
Honeysuckle,Жимолость
Honor,Честь
Honor Eir however you want.,"Чтите Эйр, как пожелаете."
Honor of the Waves,Честь волн
Honorary Broodling,Почётный выводок
Honorary Delaqua,Почётный делаква
Honorary Skritt,Почётный скритт
Honorless Gladium,Гладиум без чести
Honors in Applied Jumping,Отличившийся в прикладных прыжках
Hooded Cobra Noble,Дворянин в капюшоне кобры
Hooded Viper Noble,Дворянин в капюшоне гадюки
Hop in your boat and prepare to sail to Kaineng.,Запрыгивай в свою лодку и приготовься плыть в Kaineng.
Hope for the best.,Надейтесь на лучшее.
Hope this finds you in moderately higher spirits!,"Надеюсь, это письмо застанет тебя в чуть более приподнятом настроении!"
Hope you like it!Debbie,"Надеюсь, тебе понравится!Debbie"
Hope you like them!Debbie,"Надеюсь, тебе понравится!Debbie"
"Hope you're feeling rested, ‘cause I need you to meet me in the Black Citadel ASAP. Got some intel you'll want to hear about the Tyrian Alliance—new global faction aimed at establishing peace among the Tyrian societies. Will believe it when I see it, even if I can't argue with the sentiment. Might put me out of a job, though. All seems to be a reaction to the demon attacks. You heard about those...? Nasty.","Надеюсь, ты отдохнул, потому что мне нужно, чтобы ты встретился со мной в Black Citadel как можно скорее. Есть разведданные, о которых тебе стоит услышать — касательно Tyrian Alliance, новой глобальной фракции, нацеленной на установление мира между обществами Tyria. Поверю, когда увижу, хотя и не могу спорить с самим стремлением. Хотя, возможно, это оставит меня без работы. Похоже, все это — реакция на атаки демонов. Ты слышал о них?.. Мерзость."
"Hopefully see you soon,","Надеюсь скоро увидеться,"
Hopefully something–anything–survived.,"Надеюсь, что-то–хоть что-то–уцелело."
Hopefully to weigh his pockets down while he jumped in a lake.,"Надеюсь, чтобы оттянуть ему карманы, когда он прыгнет в озеро."
Horned Cobra Skyscale,Скайскейл рогатой кобры
Horrific Creatures killed,Ужасных существ убито
Horrific Creatures killed:,Убито ужасных существ:
Hors d'oeuvre?,Закуски?
Hot Air Balloon Souvenir,Сувенир «Воздушный шар»
Hot Pink,Ярко-розовый
Hounds and the Hunted,Гончие и добыча
Hounds of Balthazar Mail Carrier,Почтовый голем «Гончие Бальтазара»
Hounds of Balthazar Mail Carrier[s],Почтальон «Гончие Balthazar»
Hover on a skyscale in Kralkatorrik's falling blood.,Зависните на скайскейле в падающей крови Kralkatorrik.
Hovering Mad Mirror,Парящее безумное зеркало
Hovering next to rifts will close them and reveal flight paths for your skyscale. Follow them to claim the treasure at the end. But don't miss a node along the way! Your final reward is largest if you touch every node.,"Зависание рядом с разломами закроет их и откроет пути полёта для вашего скайскейла. Следуйте по ним, чтобы забрать сокровище в конце. Но не пропустите ни одной точки по пути! Ваша финальная награда будет максимальной, если вы коснетесь каждой точки."
"How I made the list, I've got no hypothesis, but a couple of our world leaders started talking about our shared demon infestation. Especially after the Elder Dragons, everyone's a little eager to cut down any new threat while it's still in a preliminary education program.","Как я попал в этот список — у меня нет гипотез, но пара наших мировых лидеров начали обсуждать наше общее заражение демонами. Особенно после Elder Dragons все горят желанием подавить любую новую угрозу, пока она ещё в зачаточном состоянии."
How I wish my lovely wife were here.,"Как бы я хотел, чтобы моя прекрасная жена была здесь."
"How Lady Anise persuaded Chauncey to grace her party, I'll never know! She's more resourceful than I thought. This is truly the classiest occasion I've attended since Lady Wi's clambake.","Как Lady Anise уговорила Chauncey посетить её вечеринку, ума не приложу! Она куда находчивее, чем я думала. Это поистине самое изысканное мероприятие, на котором я была со времен клэмбэйка Lady Wi."
How are the Kestrels managing?,Как справляются Kestrels?
How are we doing on that front?,Как у нас успехи на этом фронте?
How are we doing on the lotus fries? Please tell me we still have more.,"Как дела с картошкой фри с лотосом? Пожалуйста, скажите, что у нас ещё есть."
How are your parents?,Как твои родители?
How can Marjory and I help?,Чем мы с Marjory можем помочь?
How can you be so sure?,Как вы можете быть так уверены?
"How dare you accuse me of such a distasteful crime! Can you even back up your accusation, or are you just blowing hot air in the Ministry's face?",Как ты смеешь обвинять меня в таком отвратительном преступлении! Можешь ли ты хоть чем-то подкрепить свои слова или просто сотрясаешь воздух перед Министерством?
How did you end up down here?,Как ты оказался здесь внизу?
How do the ministers get away with it? I'm curious.,Как министрам это сходит с рук? Мне любопытно.
How do we bring them down?,Как нам их сбить?
How do you feel about getting a little lower than ground level to find what you want?,"Как ты смотришь на то, чтобы спуститься чуть ниже уровня земли, чтобы найти то, что тебе нужно?"
"How do you know about—? You're with them, aren't you? Your voice is broken, but I still speak for myself!","Откуда вы знаете о—? Вы с ними, не так ли? Твой голос сломлен, но я все ещё говорю за себя!"
How does it feel to be completely ineffective? (laugh),Каково это — быть совершенно бесполезным? (смеется)
How good it is to see you at a time like this.,Как хорошо видеть вас в такое время.
How is everything?,Как вам всё?
"How is everything? Oh, I do hope you're enjoying our offerings.","Как вам всё? О, надеюсь, вам нравятся наши угощения."
How is she after Mordremoth's death?,Как она после смерти Mordremoth?
How is the situation here?,Как здесь обстановка?
How long have we been out of the stuffed artichokes?,Как давно у нас закончились фаршированные артишоки?
"How long have we known Caithe? She doesn't think like other people, but she chose the path of good.","Как долго мы знаем Caithe? Она мыслит не так, как другие, но она выбрала путь добра."
How many other witnesses do you have in your pocket? <b>*</b>,Сколько ещё свидетелей у вас в кармане? <b>*</b>
How may I be of service to the commander this evening?,Чем могу служить Коммандиру сегодня вечером?
"How nice to see you again, %str1%. I'm happy to report that Canach is in the brig, where he can do no more harm.","Как приятно видеть тебя снова, %str1%. Рад сообщить, что Canach в карцере, где он больше не сможет причинить вреда."
How silly.,Как глупо.
"How to Dance, Volume 1","Как танцевать, том 1"
How'd you find him all the way out here?,Как ты нашёл его так далеко?
How's your mission going? Have you made any progress on it? I'd love to hear that you're ready to embark with us when we go after Mordremoth.,"Как продвигается твоя миссия? Есть успехи? Был бы рад услышать, что ты готов отправиться с нами, когда мы выступим против Mordremoth."
"However, even in death, Balthazar managed to disrupt the world's balance. As he fell, all the magic he had acquired erupted out of his broken body and was promptly absorbed by both Kralkatorrik and Aurene. Once this magical storm subsided, both the Crystal Elder Dragon and its scion were gone.","Однако даже после смерти Balthazar сумел нарушить баланс мира. Когда он пал, вся магия, которую он накопил, вырвалась из его разбитого тела и была мгновенно поглощена как Kralkatorrik, так и Aurene. Как только этот магический шторм утих, и Старший Дракон Кристалла, и его отпрыск исчезли."
"However, when it came time to discuss solutions, she refused to discuss any course of action that did not result in Soo-Won returning to the reactor, fearing the fallout that a lack of jade power would cause in Cantha, and we once again clashed. Fortunately, Taimi was finally able to reach her, reassuring her that we understood what her work means to Cantha, and that we were fully committed to and capable of finding a solution together. After she finally stood down, she and Taimi immediately began work on restoring the extractors.","Однако, когда пришло время обсуждать решения, она отказалась рассматривать любой план действий, который не привел бы к возвращению Soo-Won в реактор, опасаясь последствий, которые нехватка нефритовой энергии вызовет в Cantha, и мы снова столкнулись лбами. К счастью, Taimi наконец удалось достучаться до неё, заверив, что мы понимаем, что её работа значит для Cantha, и что мы полностью готовы и способны найти решение вместе. После того как она наконец отступила, она и Taimi немедленно приступили к работе по восстановлению экстракторов."
Howl,Вой
Howling Wolf Jackal,Шакал воющего волка
Hughe's Hideaway,Убежище Хью
"Huh. Hey, Taimi?","Хм. Эй, Taimi?"
Human's Lament,Плач человека
"Humans. What can I say? We're an inscrutable race. Turn half the world against us, and we still find ways to argue among ourselves. Frankly, I think it's boredom that makes us do it.","Люди. Что тут скажешь? Мы — загадочная раса. Настроим против себя полмира, а потом все равно находим повод поспорить друг с другом. Честно говоря, думаю, это от скуки."
Humiliation,Унижение
"Humoring Waiting Sorrow's request, I ventured alone to meet with the rest of the allies. As suspected, Waiting Sorrow informed me that she had indeed discovered another of Mabon's memories. Eager to see what message Mabon had left behind this time, we gathered round to witness his memory.","Подыграв просьбе Waiting Sorrow, я в одиночку отправился на встречу с остальными союзниками. Как я и подозревал, Waiting Sorrow сообщила, что действительно обнаружила ещё одно воспоминание Mabon. Жаждая узнать, какое послание Mabon оставил на этот раз, мы собрались, чтобы увидеть его воспоминание."
Hundred Petals Noble,Дворянин сотни лепестков
Hunt,Охота
Hunt Drakkar.,Выследить Drakkar.
Hunt Jormag's abomination.,Выследите мерзость Jormag.
Hunt Kuda down!,Выследить Kuda!
Hunt chak and talk to other Nuhoch to collect enzymes so Tizlak can craft you a solvent.,"Охотьтесь на чаков и говорите с другими Nuhoch, чтобы собрать ферменты, из которых Tizlak сможет сделать растворитель."
Hunt down what Ankka was looking for in the Xunlai Jade power plants.,"Разыщите то, что Анка искала на электростанциях Джунлай."
Hunter for Hire,Наемный охотник
Hunter's,Охотника
Hunter's Hearth (Home),Очаг охотника (дом)
Hunter's Hearth Needs Your Help!,Очагу охотника нужна ваша помощь!
Hunters and Prey,Охотники и добыча
Hunting party leaves in: 1:59,Охотничья группа уходит через: 1:59
Hurl harpoons at the tentacles to defend the Dark Leviathan.,"Метать гарпуны в щупальца, чтобы защитить Dark Leviathan."
Hush,Тишина
Hush.,Тише.
Hydra,Гидра
Hydrangea,Гортензия
I Smell a Rat,Чую крысу
I WOULD LIKE TO MAKE AN OFF-ER. US-ER ZINN HAS CEASED TO FUNC-TION. GOL-EM SQUAD REN-DERED IN-CA-PA-CI-TA-TED.,Я ХО-ЧУ СДЕ-ЛАТЬ ПРЕД-ЛО-ЖЕ-НИЕ. ПОЛЬ-ЗО-ВА-ТЕЛЬ Zinn ПРЕ-КРА-ТИЛ ФУНК-ЦИ-О-НИ-РО-ВА-НИЕ. ОТРЯД ГО-ЛЕ-МОВ ВЫ-ВЕ-ДЕН ИЗ СТРО-Я.
"I acquired the power plant's passcode from the lead engineer and, after I acclimated myself to my jade bot's many uses and functions, we were ready to investigate the city's energy infrastructure. Mai apologized to Yao for the past enmity between them. She'll be doing a lot of apologizing to people from now on, I think.","Я получил пароль от электростанции у главного инженера, и после того, как я освоился с многочисленными применениями и функциями моего jade bot, мы были готовы исследовать энергетическую инфраструктуру города. Mai извинилась перед Yao за прошлую вражду между ними. Думаю, теперь ей придётся много извиняться перед людьми."
"I activated the beacons as quickly as I could while Peitha and our allies marched on Nyedra. With a massive crowd assembled and the defiant Queen Labris now a feeble captive, Peitha stood on the cusp of bringing the vast majority of the Kryptis people to her cause.","Я активировал маяки так быстро, как мог, пока Peitha и наши союзники маршировали к Nyedra. Когда собралась огромная толпа, а непокорная Queen Labris стала жалким пленником, Peitha оказалась на пороге того, чтобы привлечь подавляющее большинство народа Kryptis к своему делу."
"I agree, but I can't come along. Remember what I said about Glint's egg?","Я согласен, но не могу пойти с вами. Помнишь, что я говорил о яйце Glint?"
"I agree. Kiel has leadership potential. Great drive. She did good in the Southsun fiasco, too, but that's another story...","Согласен. У Kiel есть лидерский потенциал. Отличный драйв. Она хорошо показала себя в фиаско на Южном Солнце, но это уже другая история..."
"I agreed to do his job for him and assaulted the base with a small squad of his Awakened troops. We found and destroyed the portal that Balthazar was using to send in Forged reinforcements. After my mission was complete, Ogun agreed to lead his soldiers against Balthazar under my command. He'll stage his army outside Kodash and wait for my signal.","Я согласился выполнить его работу за него и атаковал базу с небольшим отрядом его войск Пробужденных. Мы нашли и уничтожили портал, который Balthazar использовал для отправки подкреплений Forged. После завершения моей миссии Ogun согласился возглавить своих солдат против Balthazar под моим командованием. Он разместит свою армию за пределами Kodash и будет ждать моего сигнала."
I already decided. [Choice already made for this character.],Я уже решил. [Выбор для этого персонажа уже сделан.]
I am Captain Thaddeus Soren of the Ebon Vanguard. I pray this message finds you with all due haste.,"Я Captain Thaddeus Soren из Эбонского Авангарда. Молюсь, чтобы это сообщение дошло до вас как можно скорее."
"I am Skarti, son of Knut Whitebear.","Я Skarti, сын Knut Whitebear."
"I am aiding Sunspear recruitment efforts in the town of Champion's Dawn, which is being ravaged by Mordant Crescent agents and Joko's living loyalists in retribution for supporting the Sunspears. First Spear Hakima indicated I should seek out Priest Sazeer, who might be able to help me locate Spearmarshal Zaeim. I've made contact with Priest Sazeer and his father, who informed me that Zaeim was captured by a corsair named Sayida.","Я помогаю вербовке Sunspear в городе Champion's Dawn, который разоряют агенты Mordant Crescent и живые лоялисты Joko в отместку за поддержку Sunspear. First Spear Hakima указала, что мне следует найти Priest Sazeer, который может помочь мне отыскать Spearmarshal Zaeim. Я связался с Priest Sazeer и его отцом, которые сообщили мне, что Zaeim был захвачен корсаром по имени Sayida."
I am aware. Did you ever work closely with Caudecus?,Я в курсе. Тебе приходилось тесно работать с Caudecus?
"I am contacting you on behalf of Empress Ihn. We have just learned about the incident at the Xunlai Jade power facility and are gravely concerned about what this may portend for all of us. Your compatriot, Lady Kasmeer, has steadfastly advocated on your behalf in these matters, but the Ministry of Security is planning to take immediate action. I propose we have a face-to-face meeting to discuss the matter before anything can progress further. I know of a sushi restaurant, Nika's Blade, that should serve as a good location. Meet me there as soon as you can.","Я связываюсь с вами от имени Empress Ihn. Мы только что узнали об инциденте на энергетическом объекте Xunlai Jade и крайне обеспокоены тем, что это может предвещать для всех нас. Ваш соратник, Lady Kasmeer, твердо выступала от вашего имени в этих вопросах, но Ministry of Security планирует принять немедленные меры. Я предлагаю нам встретиться лично, чтобы обсудить этот вопрос, прежде чем ситуация зайдёт дальше. Я знаю суши-ресторан Nika's Blade, который должен стать хорошим местом. Встретьтесь со мной там, как только сможете."
"I am no criminal! You claim this will keep us safe? From what? Who will keep us safe from you, I say!","Я не преступник! Вы утверждаете, что это обеспечит нашу безопасность? От чего? Кто защитит нас от вас, я спрашиваю!"
I am proud to be _____.,"Я горжусь тем, что я — ______."
I am the Pact commander.,Я — Коммандир! Пакта.
I am. I'm looking for a place to start. Any information you have would be helpful.,"Именно. Я ищу, с чего начать. Любая информация будет полезна."
"I am. The people of Beetletun still need a voice within the ministry, and I am committed to ensuring that we maintain good relations despite Caudecus's treason.","Да. Жители Beetletun по-прежнему нуждаются в голосе в министерстве, и я полна решимости поддерживать хорошие отношения, несмотря на предательство Caudecus."
"I apologize for delaying our conversation, but I wanted to respect the difficult emotions surrounding your experience in the Mists. However, time is of the essence if we're to prepare Aurene and ourselves for the coming storm. Meet me at Sun's Refuge, and we can discuss our next steps.","Прошу прощения за задержку с разговором, но я хотела проявить уважение к тяжёлым эмоциям, связанным с вашим опытом в Mists. Однако время не ждет, если мы хотим подготовить Aurene и самих себя к грядущей буре. Встретимся в Sun's Refuge, и мы сможем обсудить наши дальнейшие шаги."
"I appreciate the sentiment, Your Majesty. But I feel like I haven't been much of a leader lately.","Ценю ваши слова, Ваше Величество. Но мне кажется, что в последнее время я был не очень хорошим лидером."
"I appreciate your efforts, Commander. Thanks to you, we're a little less blind in this battle.","Я ценю твои усилия, Коммандир. Благодаря тебе мы стали чуть меньше слепы в этой битве."
"I approached Zojja during a vulnerable moment. Years of persistent fighting and tragic loss all surfaced in a moment laid bare under the false illusion of privacy. Everything is in the open now—from Zojja's early days in Destiny's Edge through her time recovering in Rata Sum, to the present. All laid out. We've...never spoken like that. Not even before her injury at Maguuma.","Я подошёл к Zojja в уязвимый момент. Годы упорной борьбы и трагических потерь всплыли наружу в момент, обнажённый под ложной иллюзией уединения. Теперь всё открыто — от ранних дней Zojja в Destiny's Edge до времени её восстановления в Rata Sum и до настоящего момента. Всё как на ладони. Мы... никогда так не говорили. Даже до её травмы в Maguuma."
"I arrived at Bava Nisos and had no trouble locating my allies due to the heated argument in progress. Isgarren and Waiting Sorrow were vehemently opposing Livia's brash approach. Poised Arrow was in over his head trying to mediate the situation. All the while, Anise was trying to weigh the options on the table. And she was understandably stressed.","Я прибыл в Bava Nisos и без труда нашёл своих союзников благодаря разгоревшемуся спору. Isgarren и Waiting Sorrow яростно выступали против дерзкого подхода Livia. Poised Arrow пытался урегулировать ситуацию, но это было выше его сил. Тем временем Anise пыталась взвесить все варианты. И она была, что вполне понятно, на пределе."
"I arrived at the bar to find that about half the party was already there, so we mingled until everyone showed up. Kasmeer and Marjory seemed to be bubbling over with excitement, and it was clear that something big was going to happen. When our full party had gathered—Taimi, Gorrik, Logan, Rox, Rytlock, Canach, and Braham—they stood in front of all of us and proposed to each other! I think most of us weren't surprised, but that didn't make it any less exciting.","Я прибыл в бар и обнаружил, что половина компании уже в сборе, так что мы общались, пока не подошли остальные. Kasmeer и Marjory буквально светились от радости, и было ясно, что произойдёт что-то важное. Когда вся наша группа собралась — Taimi, Gorrik, Logan, Rox, Rytlock, Canach и Braham — они встали перед нами и сделали друг другу предложение! Думаю, большинство из нас не удивились, но от этого момент не стал менее волнующим."
"I arrived at the scene and met up with Canach, whom I hadn't spoken with in quite some time. We exchanged some small talk but quickly turned our attention to the situation at hand. Icebrood were harassing the locals, so we set about shoring up defenses and protecting those we could.","Я прибыла на место и встретилась с Canach, с которым не разговаривала довольно долгое время. Мы обменялись парой фраз, но быстро переключились на текущую ситуацию. Icebrood терроризировали местных жителей, поэтому мы занялись укреплением обороны и защитой тех, кого могли."
"I arrived in the sulfur baths of Janthir Syntri, meeting Caithe, Malice, and another familiar face: Poised Arrow. He seemed to be in higher spirits than when we'd parted ways after our last brush with the titans; his productive enthusiasm held ever strong.","Я прибыл к серным ваннам Janthir Syntri, где встретил Caithe, Malice и ещё одно знакомое лицо: Poised Arrow. Он выглядел бодрее, чем когда мы расстались после нашей последней стычки с титанами; его продуктивный энтузиазм всё так же силён."
"I arrived to Braham, Koss, and Kossan waiting for me at the abandoned Sunspear sanctuary. Together, we worked to clear the sanctuary of its current inhabitants: A horde of spiders led by a terrifying broodmother. After defeating the spiders, we relit Kormir's protection fire inside the Chamber of the Sun—which will protect the inner chamber from Kralkatorrik's attacks—and gave our reclaimed sanctuary a new name: Sun's Refuge.","Я прибыл к Braham, Koss и Kossan, ожидавшим меня в заброшенном святилище Sunspear. Вместе мы работали над тем, чтобы очистить святилище от его нынешних обитателей: орды пауков во главе с ужасающей матриархом. Победив пауков, мы вновь зажгли защитный огонь Kormir внутри Chamber of the Sun — который защитит внутреннюю камеру от атак Kralkatorrik — и дали нашему возвращенному святилищу новое имя: Sun's Refuge."
"I ask that you head to Janthir Syntri to rendezvous with Isgarren, Waiting Sorrow, and myself at Thunder Bay Point. Fair warning that reaching the location will require some involved travel. Waiting Sorry offered Poised Arrow transport via teleportation, but he was eager to travel by sea. Considering your seafaring experience, we thought it best to entrust you with safely transporting the cub. He will meet you at the launch point to make the trip.","Я прошу тебя отправиться в Janthir Syntri, чтобы встретиться с Isgarren, Waiting Sorrow и мной в Thunder Bay Point. Предупреждаю: путь будет неблизким. Waiting Sorrow предложила Poised Arrow переместиться телепортом, но он настоял на морском путешествии. Учитывая твой опыт мореплавания, мы решили доверить тебе безопасную перевозку детеныша. Он встретит тебя в точке отправления."
"I asked the people of Prosperity about Aerin but instead learned that Scarlet rented a room in town. It was full of her belongings. I've never seen Taimi so excited. She left behind a holographic journal that chronicled her transformation from a lab assistant named Ceara to the Scarlet that was universally loathed. Other artifacts were scattered about the room, including a strange drawing of the Pale Tree.","Я расспросил жителей Prosperity об Aerin, но вместо этого узнал, что Scarlet снимала в городе комнату. Она была полна её вещей. Я никогда не видел Taimi такой взволнованной. Она оставила после себя голографический дневник, в котором описывалось её превращение из лаборантки по имени Ceara в ту самую Scarlet, которую все ненавидели. В комнате были разбросаны и другие артефакты, включая странный рисунок Бледного Древа."
I assisted old allies and acquired new ones in advance of our assault on Joko's fortress.,Я помог старым союзникам и приобрел новых в преддверии нашего штурма крепости Joko.
"I assisted the charr and defended the area around Monger's Sink, killing Mordrem and helping soldiers where I could. I acquired samples of dragon minion tissue that may help us understand our enemy. Brutus Rendflesh sent me a Mordrem seed to keep. I may be able to cultivate it into something useful, but I'll probably need a variety of materials.","Я помог чаррам и защитил область вокруг Monger's Sink, уничтожая Mordrem и помогая солдатам, где мог. Я добыл образцы тканей приспешников дракона, которые могут помочь нам понять врага. Brutus Rendflesh прислал мне семя Mordrem на хранение. Возможно, я смогу вырастить из него что-то полезное, но, вероятно, мне понадобится множество материалов."
I assure you that the chef responsible for this will be dealt with at once.,"Уверяю вас, с шеф-поваром, ответственным за это, разберутся немедленно."
"I awoke in a jail cell with Gorrik, attached to some kind of machine that seemed as advanced as asuran technology—maybe even more so. Gorrik was elated to see me, but he had a bit of an anxiety meltdown—I feel bad I'd been unable to keep him company due to my, well, lack of consciousness. Before he could elucidate where we were, a detective by the name of Rama let us out. He made us fill out some paperwork and returned my equipment before dropping a bombshell: we had landed in Cantha, the human empire that sealed itself off from the world long before I was even born.","Я очнулся в тюремной камере вместе с Gorrik, подключенный к какой-то машине, которая казалась такой же продвинутой, как технологии асура — а может, даже более того. Gorrik был рад меня видеть, но у него случился небольшой приступ тревоги — мне жаль, что я не мог составить ему компанию из-за своего, ну, отсутствия сознания. Прежде чем он успел объяснить, где мы находимся, детектив по имени Rama выпустил нас. Он заставил нас заполнить бумаги и вернул мое снаряжение, прежде чем огорошить новостью: мы приземлились в Cantha, человеческой империи, которая закрылась от остального мира задолго до моего рождения."
"I awoke in that decaying place again. My head pounded as I gathered my bearings. Isgarren was crumpled on the ground nearby, nearing death but still hanging on by a thread. Peitha's voice rang in my ears, but my attention turned to the demon before us: Cerus.","Я снова очнулся в том гниющем месте. Голова раскалывалась, пока я пытался сориентироваться. Isgarren лежал неподалеку, свернувшись калачиком, на грани смерти, но все ещё цепляясь за жизнь. Голос Peitha звенел у меня в ушах, но мое внимание переключилось на демона перед нами: Cerus."
"I awoke under Aurene's watchful eye, high in the Shiverpeaks. Unfortunately, much has changed since Bangar's betrayal. He's taken credit for Drakkar's death, positioning himself as the only one capable of subjugating Jormag. And now the charr have begun to split apart. War is coming.","Я очнулся под присмотром Aurene, высоко в Shiverpeaks. К сожалению, многое изменилось после предательства Bangar. Он присвоил себе заслугу за смерть Drakkar, выставив себя единственным, кто способен подчинить Jormag. И теперь чарры начали раскалываться. Грядет война."
"I battled Joko until he fell, releasing Braham from his trap. Although Joko appeared to be dead at first, he had a surprise up his sleeve. Fortunately, Aurene was nearby. At a critical moment, she flew in for a snack. Together, we contained the Scarab Plague, ended Joko's tyrannous reign, and provided Gorrik with scientific samples.","Я сражался с Joko, пока он не пал, освободив Braham из ловушки. Хотя поначалу казалось, что Joko мертв, у него был припасен сюрприз. К счастью, Aurene была рядом. В критический момент она прилетела, чтобы перекусить. Вместе мы сдержали Скарабейную чуму, положили конец тирании Joko и предоставили Gorrik научные образцы."
I beg you pardon? I don't believe that's any of your business.,"Прошу прощения? Не думаю, что это ваше дело."
"I began by introducing Queen Jennah, Dagonet, and Anise to some of the lowland council members I'd become acquainted with. Jennah and Waiting Sorrow, still operating under her Fading Aurora alias, obviously had much to discuss and wasted no time delving into conversation. Dagonet and Agriculture Master Soaring Crest hit it off right away with talk of environment and ecology. And as for Anise and Barbed Vale, well, you could mistake the two for old friends if you didn't know better.","Я начал с того, что представил Queen Jennah, Dagonet и Anise некоторым членам совета низин, с которыми успел познакомиться. Jennah и Waiting Sorrow, все ещё действующая под своим псевдонимом Fading Aurora, очевидно, имели много тем для обсуждения и не теряли времени даром, погрузившись в беседу. Dagonet и мастер сельского хозяйства Soaring Crest сразу нашли общий язык, заговорив об окружающей среде и экологии. А что касается Anise и Barbed Vale, что ж, их можно было принять за старых друзей, если не знать их лучше."
I believe I should mingle. Enjoy the party.,"Пожалуй, пойду пообщаюсь. Наслаждайтесь вечеринкой."
"I believe a White Mantle attack is imminent and must take certain actions, here in Divinity's Reach, to ensure its safety.","Я полагаю, что атака Белой Мантии неизбежна, и я должна предпринять определенные действия здесь, в Divinity's Reach, чтобы обеспечить безопасность."
"I believe in this future—this fragile, powerful hope. But what my daughter must do will seem impossible to her.","Я верю в это будущее — в эту хрупкую, могучую надежду. Но то, что предстоит сделать моей дочери, покажется ей невозможным."
I believe it's safe to assume Caudecus didn't absorb the bloodstone's magic; otherwise he'd be down here himself.,"Думаю, можно с уверенностью сказать, что Caudecus не поглотил магию кровавого камня; иначе он был бы здесь сам."
I believe so. I spent most of the time behind my handkerchief. The goat—or maybe it was the farmer—smelled so badly it made my eyes water.,"Кажется, да. Я большую часть времени провел, прикрываясь платком. От козы — или, может, от фермера — так несло, что у меня глаза слезились."
I believe that the most important of Ventari's teachings is ______,"Я считаю, что самым важным из учений Вентари является ______"
I believe you should mingle so others can bask in your glory.,"Думаю, вам стоит пообщаться с другими, чтобы они могли погреться в лучах вашей славы."
I bet you would rather be at home plotting against the queen! <b>*</b>,"Держу пари, ты бы предпочел сидеть дома и строить козни против королевы! <b>*</b>"
"I bet you'd give me a run for my money, Countess.","Держу пари, ты бы заставила меня попотеть, Countess."
"I bring it out for special occasions. Now, where's the Eye?","Я приберегаю его для особых случаев. А теперь, где Eye?"
"I called Isgarren over comms. As we caught him up on the situation, Canach closely examined the barrier then casually walked back down the ramp saying he was ""off to write a new tune"" and that he'd be in contact.","Я вызвал Isgarren по рации. Пока мы вводили его в курс дела, Canach внимательно осмотрел барьер, а затем небрежно спустился обратно по пандусу, сказав, что он «отправляется сочинять новую мелодию» и что он свяжется с нами."
"I called in every favor I had with the Priory, and they're sending us the evidence they collected around Scarlet's crimes so far. They're shipping it all to the Dead End bar so we can start piecing it together. Get here as soon as you can. We need you if we're going to finally get some answers.","Я использовала все свои связи в Приорате, и они присылают нам улики, собранные по преступлениям Scarlet на данный момент. Они отправляют все это в бар Dead End, чтобы мы могли начать собирать картину воедино. Приходите как можно скорее. Вы нужны нам, если мы хотим наконец получить ответы."
"I came to in a dungeon cell next to Zaeim, the Hero of Istan. After the jailer outside toppled over from the spiked grog, Zaeim and I escaped and reached the stairwell leading out of the dungeons.","Я пришёл в себя в тюремной камере рядом с Zaeim, героем Istan. После того как тюремщик снаружи свалился от отравленного грога, мы с Zaeim сбежали и добрались до лестницы, ведущей из темницы."
"I can ask around, Inspector. I'll contact our mutual friend here if I hear anything.","Я могу поспрашивать вокруг, инспектор. Свяжусь с нашим общим другом, если что-то узнаю."
"I can feel it—the restlessness everyone's trying so hard to hide. It's contagious. I wish I could ease their minds. We're going to win this, after all.","Я чувствую это — беспокойство, которое все так стараются скрыть. Оно заразительно. Хотел бы я успокоить их. В конце концов, мы победим."
I can go with you. I'm good with heights.,Я могу пойти с тобой. Я привык к высоте.
"I can imagine it, actually. She's a mesmer. *","Вообще-то, могу. Она же месмер. *"
I can only hope Braham is ready to cooperate with us now.,"Остается надеяться, что Braham теперь готов к сотрудничеству."
"I can pursue one of two routes: help them forge that key, or gather essences from sources around the fractals. Anything, really, that enables us to collect a king's ransom of emotional, magical energies to power Isgarren's rituals. All I need to do is decide which route to take.","Я могу выбрать один из двух путей: помочь им выковать этот ключ или собрать эссенции из источников вокруг фракталов. Что угодно, что позволит нам собрать королевский выкуп эмоциональных, магических энергий для питания ритуалов Isgarren. Все, что мне нужно сделать, это решить, какой путь выбрать."
I can take that. Thank you.,Я возьму. Спасибо.
"I can tell you, no one was more shocked. I hadn't the faintest idea.","Скажу вам, никто не был более шокирован. Я понятия не имел."
"I can think of none better to carry Caladbolg in my stead. But, I expect that sentiment alone won't suffice.","Я не могу придумать никого лучше, кто мог бы носить Caladbolg вместо меня. Но я полагаю, одного этого чувства будет недостаточно."
"I can't believe I'm about to go ride around on an airship! Next visit to my mom in New Kaineng, we're going to have a lot to talk about...","Не верится, что я сейчас полечу на дирижабле! Когда в следующий раз увижу маму в New Kaineng, нам будет о чем поговорить..."
I can't explain it. I know that voice. It sounded so real. But it can't be...,Я не могу это объяснить. Я знаю этот голос. Он звучал так реально. Но этого не может быть...
"I can't fail. If I do, I lose my chance to join the Stone warband, and that ain't gonna happen!","Я не могу провалиться. Если я это сделаю, то потеряю шанс вступить в отряд Камня, а этого не случится!"
"I can't help but feel a bit uneasy during these difficult times. I suspect the large number of guards present are the queen's way of reassuring us ministers, but their presence has me...anxious.","Не могу отделаться от чувства тревоги в эти непростые времена. Подозреваю, что большое количество стражи — это способ королевы успокоить нас, министров, но их присутствие заставляет меня... нервничать."
"I can't say I'm not skeptical of this mission. Traveling to one of the least-charted territories in accessible Tyria to befriend an isolated kodan colony? I'm still leveling my expectations, but I've got to give him this: I didn't think Isgarren would reveal the Astral Ward so soon, even if the timing demands a bit of apprehension. It's better that the people know, and I'm glad to have a bit of that weight lifted from my shoulders.","Не могу сказать, что я не скептичен по поводу этой миссии. Путешествие на одну из наименее изученных территорий в доступной Tyria, чтобы подружиться с изолированной колонией коданов? Я все ещё сдерживаю свои ожидания, но должен отдать ему должное: я не думал, что Isgarren раскроет Astral Ward так скоро, даже если время требует некоторой опаски. Лучше, чтобы люди знали, и я рад, что часть этого груза снята с моих плеч."
"I can't take back what happened, but I can tell you I know what I did was wrong and I'm sorry.","Я не могу исправить то, что случилось, но я могу сказать тебе, что знаю: я поступил неправильно, и мне жаль."
I can't wait to tell Jory how you solved this mystery. She's going to be so proud of you.,"Не терпится рассказать Jory, как вы раскрыли эту тайну. Она будет вами гордиться."
"I canvassed Amnoon and gained valuable information from various sources: refugees displaced by Balthazar's Forged army, the head of a local smuggling syndicate named Zalambur, and Amnoon's Chief Councilor Imann.","Я прочесал Amnoon и получил ценную информацию из различных источников: беженцев, изгнанных армией Forged под предводительством Balthazar, главы местного контрабандного синдиката по имени Zalambur и главного советника Amnoon — Imann."
"I canvassed Amnoon and gained valuable information from various sources: refugees displaced by Balthazar's Forged army, the head of a local smuggling syndicate named Zalambur, and Amnoon's Chief Councilor Imann.I defended Zalambur from Archon Iberu, a high-ranking officer in the tyrant Palawa Joko's Awakened army, and collectively we helped Amnoon's City Council decide on plans for their own defense.I further learned that Glint's first hatchling, Vlast, has been protecting innocents from the Branded.Finally, I found Canach in Zalambur's casino. The sylvari mercenary says he placed a large bet on my surviving this endeavor, and he's agreed to rejoin our team temporarily in order to protect his investment.","Я прочесал Amnoon и получил ценную информацию из различных источников: от беженцев, изгнанных армией Forged под предводительством Balthazar, от главы местного контрабандистского синдиката по имени Zalambur и от Chief Councilor Imann из Amnoon.Я защитил Zalambur от Archon Iberu, высокопоставленного офицера в армии Awakened тирана Palawa Joko, и вместе мы помогли City Council города Amnoon принять планы по собственной обороне.Кроме того, я узнал, что первый потомок Glint, Vlast, защищает невинных от Branded.Наконец, я нашёл Canach в казино Zalambur. Этот наемник-sylvari сказал, что сделал крупную ставку на то, что я выживу в этом начинании, и согласился временно присоединиться к нашей команде, чтобы защитить свои инвестиции."
"I carried out the plan to draw Archon Iberu into my trap by staging a fake Sunspear uprising. After wiping out some Awakened camps and planting Sunspear banners in open defiance of Joko's rule, I'm confident Iberu will come running.","Я осуществил план по заманиванию Archon Iberu в ловушку, инсценировав фальшивое восстание Sunspear. Уничтожив несколько лагерей Пробужденных и установив знамена Sunspear в открытый вызов власти Joko, я уверен, что Iberu примчится сюда."
"I caught up with Braham and Taimi in the Edge of the Mists, a series of fringe islands floating between Tyria and whatever lies beyond. Mai Trin and her Aetherblades were long gone. Taimi's golem, Scruffy, had been damaged while investigating one of Scarlet's probe devices and was undergoing repairs, stranding her for the time being. Braham kept watch over the progeny, trading stories and banter. Looking to kill some time, I got to know the ""prodigy progeny"" a little better, and her thoughts about Scarlet. She suspects Scarlet's probes were made to search for Tyria's ley lines, some kind of pattern of magical currents spanning the world.***","Я догнал Braham и Taimi в Edge of the Mists, серии окраинных островов, парящих между Tyria и тем, что лежит за её пределами. Mai Trin и её Aetherblades давно исчезли. Голем Taimi, Scruffy, был поврежден при исследовании одного из зондов Scarlet и находился в ремонте, из-за чего она пока застряла здесь. Braham присматривал за продиджи, обмениваясь историями и шутками. Чтобы убить время, я получше узнал эту «вундеркинд-продиджи» и её мысли о Scarlet. Она подозревает, что зонды Scarlet были созданы для поиска ley lines в Tyria — своего рода узора магических течений, охватывающих весь мир."
"I caught up with Taimi, who had wandered away from the group, and we discovered an observatory created jointly by the Exalted and asura. It revealed a map of the area marked with ley-energy concentrations. One may be a place called Rata Novus—a legendary, lost asuran outpost where we might find allies in the battle against Mordremoth. Taimi was over the moon.","Я догнал Taimi, которая отошла от группы, и мы обнаружили обсерваторию, созданную совместно Exalted и асура. Она показала карту местности, отмеченную концентрациями энергии лей-линий. Одно из них может быть местом под названием Rata Novus — легендарным затерянным аванпостом асура, где мы могли бы найти союзников в битве против Mordremoth. Taimi была на седьмом небе от счастья."
I checked in with Sorrow and the others before heading out; her guilt sat heavily on her shoulders. She knows it's time to talk to Alder...and Isgarren. No more hiding. Just have a couple of titans to kill between now and then.,"Я проверил состояние Sorrow и остальных перед выходом; её вина тяжким грузом легла на её плечи. Она знает, что пришло время поговорить с Alder... и Isgarren. Больше никаких тайн. Просто нужно убить пару титанов до того, как это произойдёт."
"I checked in with my allies on the beach. Isgarren seemed to be dealing with seasickness while a sullen Canach stewed over the loss of the Martingale. Rytlock itched to see some action, and Sayida was directing traffic, helping both ships' surviving crews recover from the treacherous journey.","Я проверил своих союзников на пляже. Isgarren, казалось, страдал от морской болезни, пока угрюмый Canach переживал из-за потери Martingale. Rytlock жаждал действий, а Sayida руководила процессом, помогая выжившим экипажам обоих кораблей оправиться от опасного путешествия."
"I confess that I'm fond her. She reminds me of myself when I was her age, though I had parents to guide me. She has my curiosity and stubbornness, though.","Признаюсь, я к ней привязана. Она напоминает меня в её возрасте, хотя у меня были родители, которые меня направляли. Впрочем, любопытство и упрямство у неё мои."
"I confronted Rytlock about Balthazar calling him ""friend,"" and eventually Rytlock revealed the truth: while searching for his sword Sohothin in the Mists, he found and freed a chained figure. That prisoner turned out to be Balthazar, and by releasing him, Rytlock made Balthazar's devastating campaign against the Elder Dragons possible. Rytlock swore he'd set things right, but first we have to learn more about what we're up against. To obtain the answers we need, I set out to collect more of Vlast's crystal messages.","Я спросил Rytlock о том, что Balthazar назвал его «другом», и в конце концов Rytlock раскрыл правду: во время поисков своего меча Sohothin в Mists он нашёл и освободил закованную фигуру. Этим заключенным оказался Balthazar, и, освободив его, Rytlock сделал возможной разрушительную кампанию Balthazar против Старших Драконов. Rytlock поклялся, что все исправит, но сначала мы должны узнать больше о том, с чем мы столкнулись. Чтобы получить ответы, которые нам нужны, я отправился собирать больше кристаллических сообщений Vlast."
"I contacted my allies over comms. Isgarren speculated that if Director Vloxx had also seen this structure, he was likely already there. Vloxx's head start on us meant that he'd had weeks to scour the ruins for information on the rite and learn how to ascend; if he completed the rite, he could obtain power and knowledge to rival that of Isgarren himself. What he would do with such power was unclear, but we couldn't risk Vloxx or the Inquest gaining access to it.","Я связался со своими союзниками по рации. Isgarren предположил, что если Director Vloxx тоже видел это строение, то он, вероятно, уже там. Фора Vloxx означала, что у него были недели, чтобы прочесать руины в поисках информации об обряде и узнать, как совершить восхождение; если он завершит обряд, то сможет получить силу и знания, способные соперничать с самим Isgarren. Что он будет делать с такой силой, было неясно, но мы не могли рисковать, позволяя Vloxx или Инквезиции получить к ней доступ."
"I continued exploring, encountering a few more wisps here and there. All seemed to have anchored themselves near bloodstone shards scattered across the area. With some help from the Heart, I uncovered a historical text, and shockingly, the ghosts of two of Manikaz's victims. Judging by the deep-seated terror that haunted them even in death, I can only imagine what torture the ""Blood Phenoms"" subjected them to while they were still alive.","Я продолжил исследование, встречая здесь и там ещё несколько огоньков. Казалось, все они закрепились рядом с осколками кровавика, разбросанными по всей области. С помощью Heart я обнаружил исторический текст и, что шокирует, призраков двух жертв Manikaz. Судя по глубокому ужасу, который преследовал их даже после смерти, я могу только представить, каким пыткам подвергали их «Blood Phenoms», пока они были живы."
"I continued exploring, encountering a few more wisps here and there. All seemed to have anchored themselves near bloodstone shards scattered across the area. With some help from the Heart, I uncovered a historical text, andshockingly, the ghosts of two of Manikaz's victims. Judging by the deep-seated terror that haunted them even in death, I can only imagine what torture the ""Blood Phenoms"" subjected them to while they were still alive.","Я продолжил исследование, встречая то тут, то там ещё несколько огоньков. Все они, по-видимому, закрепились рядом с осколками кровавого камня, разбросанными по всей области. С помощью Сердца я обнаружил исторический текст и, что шокирует, призраков двух жертв Manikaz. Судя по глубокому ужасу, который преследовал их даже после смерти, я могу только представить, каким пыткам подвергали их «Кровавые феномены», пока они были живы."
"I cornered Caudecus, and he revealed himself to be the leader of the White Mantle. That wasn't the only surprise we had. Lazarus, the fabled last of the mursaat, showed up. He expelled Caudecus—no surprise there. But then he expressed a disinterest in the Krytan throne! The White Mantle fractured. Some of the fools remained loyal to Caudecus. Others swore renewed allegiance to Lazarus. It's been quite a day!","Я загнал Caudecus в угол, и он раскрыл, что является лидером White Mantle. Но это был не единственный сюрприз. Появился Lazarus, легендарный последний из мурсаатов. Он изгнал Caudecus — неудивительно. Но затем он выразил полное безразличие к трону Kryta! White Mantle раскололся. Некоторые глупцы остались верны Caudecus. Другие присягнули на верность Lazarus. Вот это был денек!"
I could barely wrap my head around it as I followed Rama to a courtyard. Marjory and Kasmeer were waiting for us—what a feeling to see friends at a time like this! Kasmeer—now a Krytan ambassador—explained that Cantha reopened its borders after our ship went down. She assured me that Aurene was okay and I would see her soon.,"Я едва мог осознать это, следуя за Rama во внутренний двор. Marjory и Kasmeer ждали нас — какое же это чувство, увидеть друзей в такое время! Kasmeer — теперь посол Kryta — объяснила, что Cantha вновь открыла свои границы после того, как наш корабль потерпел крушение. Она заверила меня, что с Aurene все в порядке и я скоро её увижу."
"I could conjure up a bone bridge, but it wouldn't cross the whole distance. It won't last forever, but it might last long enough for one of you to get across.","Я могла бы создать костяной мост, но он не покроет всё расстояние. Он не будет вечным, но его может хватить, чтобы кто-то из вас перебрался."
"I could have stayed longer with Taimi, but the seriousness of the situation pressed me to move on. There's something happening in the Fire Islands. I'm headed there to check in with Taimi's accomplices.","Я мог бы остаться с Taimi подольше, но серьёзность ситуации заставила меня двигаться дальше. На Огненных островах что-то происходит. Я направляюсь туда, чтобы встретиться с сообщниками Taimi."
I could lend my eyes and ears to your search.,Я могла бы стать вашими глазами и ушами в этом поиске.
"I could never turn down a lady's invitation. Should the White Mantle dare to show their faces, Swordmaster Faren will put them in their place!","Я никогда не смог бы отказать даме. Если Белая Мантия осмелится показаться, Мастер Меча Faren поставит их на место!"
I could say the same to you. Thank you for helping her.,"Я мог бы сказать то же самое о тебе. Спасибо, что помогаешь ей."
I could tell Kasmeer was upset that Marjory is leaving her behind while she takes care of funeral arrangements for her sister. The relentless fighting and sudden loss is taking its toll on their relationship.,"Я видел, что Kasmeer расстроена тем, что Marjory оставляет её, пока занимается похоронами сестры. Бесконечные сражения и внезапная утрата сказываются на их отношениях."
I could use some more background information.,Мне не помешало бы больше справочной информации.
"I couldn't allow the freebooters to use those weapons and golems—they were too dangerous, and they'd tie up even more of our forces protecting Hullgarden. Before following the Inquest's trail north, I made my way back into Inquest territory and tracked down a set of codes that allowed me to turn off the freebooters' newly acquired golems' combat systems.","Я не мог позволить мародерам использовать это оружие и големов — они были слишком опасны, и они бы связали ещё больше наших сил, защищающих Hullgarden. Прежде чем последовать за следом Inquest на север, я вернулся на территорию Inquest и выследил набор кодов, которые позволили мне отключить боевые системы недавно приобретенных големов мародеров."
"I couldn't bear to have you look at me as if I were a stranger, to see you wondering who I was.","Я не могла вынести того, что ты смотришь на меня как на чужака, видеть, как ты гадаешь, кто я такая."
I couldn't get a clear signal. Guess I should try again. I have some big news to share.,"Я не смог поймать чёткий сигнал. Полагаю, стоит попробовать снова. У меня есть важные новости."
I couldn't really tell what was happening.,"Я толком не понял, что произошло."
"I decided to search the downed Aetherblade flagship with Marjory and Gorrik. There, I found logs covering Mai Trin and her pirates' activities since their attack on Lion's Arch. Their time in the Mists sounds traumatic, to say the least—they had to kill Fractal echoes of themselves to rebuild their fleet, and then barely made it to Cantha after an encounter with Kralkatorrik. Ankka spoke of a restlessness in the crew—a desire to stop lying low and ""do something."" Well, they're certainly doing something now.","Я решил обыскать сбитый флагман Aetherblade вместе с Marjory и Gorrik. Там я нашёл журналы, охватывающие деятельность Mai Trin и её пиратов после их нападения на Lion's Arch. Их время в Mists звучит, мягко говоря, травмирующе — им пришлось убить фрактальные эхо самих себя, чтобы восстановить свой флот, а затем они едва добрались до Cantha после встречи с Kralkatorrik. Ankka говорила о беспокойстве в команде — желании перестать затаиваться и «сделать что-нибудь». Ну, теперь они определенно что-то делают."
"I decided to turn the team in the direction of Rata Novus upon learning the lost asuran city may have resources we could use against Mordremoth. On our way, we crossed paths with some Pact soldiers who had been held captive with Zojja and Logan. They explained that our captured friends had sacrificed their freedom to create a distraction while the soldiers got away. Unfortunately, some of the Pact group had gone missing when a murderous creature chased them into nearby caves. Braham and I put down the beast, but could not save the soldiers. One of them lived long enough to relay in which direction the Mordrem cavalcade took Zojja and Logan. I made the call to split our team. Half of the team will track the cavalcade, while Braham, Canach, Taimi, and I head to Rata Novus—hopefully toward allies or insight that will help us kill this dragon.","Я решил направить команду в сторону Рата Новуса, узнав, что в затерянном городе асура могут быть ресурсы, которые мы сможем использовать против Mordremoth. По пути мы столкнулись с солдатами Пакта, которые были в плену вместе с Zojja и Logan. Они объяснили, что наши захваченные друзья пожертвовали своей свободой, чтобы создать отвлекающий маневр, пока солдаты сбегали. К сожалению, часть группы Пакта пропала, когда кровожадное существо погнало их в ближайшие пещеры. Braham и я прикончили зверя, но не смогли спасти солдат. Один из них прожил достаточно долго, чтобы передать, в каком направлении караван Мордремов увез Zojja и Logan. Я принял решение разделить команду. Половина группы будет выслеживать караван, а Braham, Canach, Taimi и я направимся в Рата Новус — в надежде найти союзников или знания, которые помогут нам убить этого дракона."
"I defended Zalambur from Archon Iberu, a high-ranking officer in the tyrant Palawa Joko's Awakened army, and collectively we helped Amnoon's City Council decide on plans for their own defense.","Я защитил Zalambur от Archon Iberu, высокопоставленного офицера в армии Пробужденных тирана Palawa Joko, и вместе мы помогли городскому совету Amnoon принять планы по их собственной обороне."
"I defended the portal area as Blish sent battalions of allies through. Once the whole army had assembled at our new camp, I addressed them, assigning roles in the upcoming battle.","Я защищал зону портала, пока Blish отправлял через него батальоны союзников. Как только вся армия собралась в нашем новом лагере, я обратился к ним, распределив роли в предстоящей битве."
"I definitely will. Soon as they launch the Pact ships, I'm going back to Rata Sum to use all the knowledge I'm soaking up from Brun. I can hardly wait.","Обязательно. Как только они запустят корабли Pact, я вернусь в Rata Sum, чтобы применить все знания, которые я впитываю от Brun. Жду не дождусь."
I deserved that.,Я это заслужил.
"I did some more digging around the area and turned up some more evidence of their visit. Not enough to figure out what they had actually returned to get, but enough to figure out what path they had taken in the process. I informed the others and we all met up at the start of it, ready to blaze our trail through the thicket. That's when I got a call from Vloxx.","Я ещё немного порылся в этом районе и нашёл ещё доказательства их визита. Недостаточно, чтобы понять, за чем именно они вернулись, но достаточно, чтобы понять, каким путем они шли. Я сообщил остальным, и мы все встретились в начале пути, готовые прорубить дорогу через чащу. В этот момент мне позвонил Vloxx."
I did. But then Caithe ran off with it. I'm trying to track her down.,Нашёл. Но потом Caithe сбежала с ним. Я пытаюсь выследить её.
"I did. There were four of us in the throne room with the queen and Countess Anise—and the guards, of course. It was Scarlet, me, Minister Estelle, and some dirty farmer with a goat.","Видел. В тронном зале, помимо королевы и Countess Anise, нас было четверо — ну и стража, конечно. Это были Scarlet, я, Minister Estelle и какой-то грязный фермер с козой."
I didn't forget. There's a kodan village up ahead. Locals are pretty twitchy; they wouldn't let me in.,Я не забыл. Впереди деревня коданов. Местные очень нервные; они не пустили меня внутрь.
"I didn't know Eir had a kid, let alone one as...hardheaded as Braham. His head may be full of steam, but he's got guts if he's willing to stand up to the Master of the Lodge. Reinforcements or not, he ran right into Cragstead, shield raised.","Я не знал, что у Eir есть ребенок, а тем более такой... упрямый, как Braham. Может, у него в голове и пар, но у него есть мужество, раз он готов противостоять Master of the Lodge. С подкреплением или без, он бросился прямо в Cragstead с поднятым щитом."
"I didn't know him well, so the best thing I can do to honor his memory is trudge forward. But before we embark, I need to check on my friend.","Я знал его не очень хорошо, поэтому лучшее, что я могу сделать, чтобы почтить его память, — это двигаться дальше. Но прежде чем мы отправимся в путь, мне нужно навестить подругу."
"I discussed the growing threat of Mordremoth with the Pale Tree. She knew it had reached full awareness and has been increasing security around the Grove. I called for a world summit to rally forces against the Elder Dragon, and the Pale Tree graciously agreed to host.","Я обсудил растущую угрозу Mordremoth с Pale Tree. Она знала, что он достиг полного осознания, и усилила охрану вокруг Grove. Я призвал к мировому саммиту, чтобы собрать силы против Elder Dragon, и Pale Tree любезно согласилась принять его."
"I do not mean to bother you, but... When you are able, please check in on Zojja. I'm worried that Mabon's... Can you just make sure she'll be okay? You know her better than any of us. I do not want to scare her away.","Я не хочу тебя беспокоить, но... Когда сможешь, пожалуйста, навести Зойю. Я беспокоюсь, что Мабон... Можешь просто убедиться, что с ней всё будет в порядке? Ты знаешь её лучше, чем кто-либо из нас. Я не хочу её отпугнуть."
"I do. I'm Mai Trin. Not my first time trying to save someone from an injury like that. Not the first time I failed, either... It never gets any easier.",Есть. Я Mai Trin. Не в первый раз пытаюсь спасти кого-то от подобной раны. И не в первый раз терплю неудачу... Это никогда не становится легче.
"I do. Not my first time trying to save someone from an injury like that. Not the first time I failed, either... It never gets any easier.",Есть. Я уже не в первый раз пытаюсь спасти кого-то с такой раной. И не в первый раз терплю неудачу... К этому никогда не привыкнешь.
"I don't appreciate what you're insinuating, Commander. I, and the rest of the people of Beetletun, are paying the price of Caudecus's treason.","Мне не нравится то, на что вы намекаете, Коммандир. Я и остальные жители Beetletun расплачиваемся за предательство Caudecus."
I don't do sappy—not even with you. You know me better than that. I was going to say I'm disappointed you might not be coming with us.,"Я не по сентиментальностям — даже с тобой. Ты знаешь меня лучше. Я хотел(а) сказать, что разочарован(а), что ты, возможно, не пойдёшь с нами."
"I don't get out much, but I would like to visit where you're from. Tell me, how do you find our fair city?","Я нечасто выбираюсь в свет, но хотел бы посетить ваши края. Скажите, как вам наш прекрасный город?"
"I don't have any scouts I'm comfortable sending through the gate, but I know what lies on the other side: the lake where Svanir called out to the Ice Dragon's champion long ago. It is a place of great power. Great and terrifying power.","У меня нет разведчиков, которых я могла бы спокойно отправить через эти ворота, но я знаю, что находится по ту сторону: озеро, где Svanir давным-давно взывал к чемпиону Ледяного Дракона. Это место великой силы. Великого и ужасного могущества."
"I don't have the answers yet, but my team and I are going to regroup in Amnoon to figure out our next move.","У меня пока нет ответов, но мы с командой перегруппируемся в Amnoon, чтобы обдумать наш следующий шаг."
I don't have to prove it. I just have to discredit you.,Мне не нужно это доказывать. Мне нужно лишь дискредитировать вас.
I don't know how you do it.,"Не представляю, как ты это делаешь."
"I don't know if his plan will work, or if my friend is lost forever. If we lose him to the fire dragon—to this war—it can't be in vain.","Я не знаю, сработает ли его план, или мой друг потерян навсегда. Если мы потеряем его из-за огненного дракона — из-за этой войны — это не должно быть напрасно."
"I don't know what interactions you've had with Countess Anise in the queen's court, but I can tell you with certainty that she never gives anything that doesn't have strings attached.","Не знаю, с чем ты сталкивалась при дворе королевы, общаясь с Countess Anise, но могу сказать наверняка: она никогда не делает ничего просто так, всегда есть скрытые мотивы."
"I don't know what you heard, but you do have the result you want.","Не знаю, что вы там слышали, но результат вы получили."
"I don't know where these delusions are coming from... There is one White Mantle, do you hear me? ONE!","Не знаю, откуда берутся эти заблуждения... Есть только одна Белая Мантия, вы слышите? ОДНА!"
I don't know. Why do you ask? Did Anise say something about it?,Не знаю. Почему ты спрашиваешь? Anise что-то говорила об этом?
"I don't like to trust mysterious voices of unknown origin—especially after the events in Gyala Delve—but when this one urged me to run, I decided to follow the suggestion. I know when to admit defeat. Dying in that bloodied hall by Cerus's hands and...meat wings...was not an option. I ducked behind rubble and debris to escape my pursuer, but before I could ponder my impending death, somehow a comms call broke through the haze and chaos. It sounded like Taimi, but I couldn't quite tell. Then, another portal opened just ahead of me, and I dove right through it to escape that tragic hellhole.","Я не люблю доверять таинственным голосам неизвестного происхождения — особенно после событий в Gyala Delve, — но когда этот голос призвал меня бежать, я решил последовать совету. Я знаю, когда пора признать поражение. Умереть в том окровавленном зале от рук Cerus и... мясных крыльев... было не лучшим вариантом. Я нырнул за обломки, чтобы уйти от преследователя, но прежде чем я успел обдумать свою неминуемую гибель, сквозь дымку и хаос пробился вызов по связи. Голос был похож на Taimi, но я не мог сказать наверняка. Затем прямо передо мной открылся портал, и я нырнул в него, чтобы сбежать из этой трагической дыры."
"I don't mean to cut this short but, Logan, I can't stay long.","Не хочу прерывать, но, Logan, я не могу остаться надолго."
"I don't mean to spread gossip, but there were rumors that Minister Arton was colluding with the White Mantle prior to Caudecus's defection. As I understand it, he and the legate are close friends.","Не хочу распускать сплетни, но ходили слухи, что Minister Arton был в сговоре с White Mantle ещё до того, как Caudecus переметнулся. Насколько я понимаю, он и легат — близкие друзья."
"I don't much care for Minister Estelle. She has a brassiness to her. I'm not surprised she'd turn on the queen. Now, we have to find evidence to discredit her.","Мне не очень нравится Minister Estelle. В ней есть некая наглость. Я не удивлен, что она пошла против королевы. Теперь нам нужно найти доказательства, чтобы её дискредитировать."
I don't suppose Rytlock or Caithe had any say in that?,"Не думаю, что Rytlock или Caithe имели к этому отношение?"
I don't understand you people.,"Я вас, людей, не понимаю."
I don't want us to be strangers.,"Я не хочу, чтобы мы были чужими."
"I doubt it. If you stick around, I'll be seeing you. I'm assigned to keeping Camp Resolve running while the fleet is gone. We have to make sure they have a safe spot to come back to.","Сомневаюсь. Если задержишься, ещё увидимся. Мне поручено следить за работой лагеря Резолв, пока флот в отлучке. Мы должны обеспечить им безопасное место для возвращения."
I doubt it. The queen has positions for those who are honest and honorable.,"Сомневаюсь. У королевы есть должности для тех, кто честен и благороден."
I dreamed of a quest that calls me to action. It was a vision of the ______.,"Мне приснился квест, призывающий меня к действию. Это было видение ______."
I dunno. You saw them at Drakkar Lake—they're not exactly right in the head.,Не знаю. Ты видел их у Drakkar Lake — они не совсем в своем уме.
"I emerged from the trials intact but out of time. As I entered the final chamber, Vloxx floated in front of me, finishing the rite of Divitium Nava only moments before I could intervene.","Я вышёл из испытаний невредимым, но время вышло. Когда я вошёл в финальную камеру, Vloxx парил передо мной, завершая обряд Divitium Nava за мгновение до того, как я смог вмешаться."
"I entered the caldera and didn't go up in smoke, so I'd call that a success. Taimi met me, her own protective shields holding as well. With her help, I made my way down to the lava chamber at the heart of the volcano. Balthazar was there! He planned to acquire all the magic from both Primordus and Jormag, and he didn't give a hoot whether Tyria was destroyed in the process. He sicced his hounds, Temar and Tegon, on us, but they failed to vanquish us. It quickly became clear that our only hope was to overload Taimi's machine, despite the potential danger to ourselves. When it blew, we lost track of Balthazar and a bolt of Jormag energy struck Primordus, wounding the Elder Dragon and causing it to sink deeper into the lava. Taimi confirmed that Jormag had likely suffered the same fate.","Я вошёл в кальдеру и не сгорел, так что я бы назвал это успехом. Taimi встретила меня, её защитные щиты тоже выдержали. С её помощью я пробрался вниз к лавовой камере в самом сердце вулкана. Balthazar был там! Он планировал поглотить всю магию и Primordus, и Jormag, и ему было плевать, будет ли при этом уничтожена Tyria. Он натравил на нас своих гончих, Temar и Tegon, но им не удалось нас одолеть. Вскоре стало ясно, что наша единственная надежда — перегрузить машину Taimi, несмотря на потенциальную опасность для нас самих. Когда она взорвалась, мы потеряли Balthazar из виду, а разряд энергии Jormag ударил по Primordus, ранив Старшего Дракона и заставив его погрузиться глубже в лаву. Taimi подтвердила, что Jormag, вероятно, постигла та же участь."
"I entered the lost city of Kesho, and with Taimi's remote input, I learned all I could. We encountered a traumatized Exalted named Sadizi, as well as a host of dangerous Forged-Exalted hybrids. Sadizi told us these hybrids were created by Balthazar and Palawa Joko, the desert region's missing tyrant king. Together, the two villains stole the Forgotten ritual that makes Exalted and used it as a means of forcing spirits into armored bodies to create Balthazar's Forged.","Я вошёл в затерянный город Kesho и с помощью удаленного ввода Taimi узнал все, что мог. Мы столкнулись с травмированным Exalted по имени Sadizi, а также с множеством опасных гибридов Forged-Exalted. Sadizi сказал нам, что эти гибриды были созданы Balthazar и Palawa Joko, пропавшим королем-тираном региона пустыни. Вместе два злодея украли ритуал Forgotten, который создает Exalted, и использовали его как средство принуждения духов в бронированные тела для создания Forged под предводительством Balthazar."
"I entered the lost city of Kesho, and with Taimi's remote input, I learned all I could. We encountered a traumatized Exalted named Sadizi, as well as a host of dangerous Forged-Exalted hybrids. Sadizi told us these hybrids were created by Balthazar and Palawa Joko, the desert region's missing tyrant king. Together, the two villains stole the Forgotten ritual that makes Exalted and used it as a means of forcing spirits into armored bodies to create Balthazar's Forged. We also learned more about the true purpose of Glint's legacy: to preserve Tyria's magical balance by replacing Elder Dragons with equally powerful but less predatory entities. And we discovered why Balthazar was hunting Vlast: Kralkatorrik's blood, both literal and metaphorical, is its unique weakness, meaning Vlast, Glint, and the dragonsblood spear were all viable weapons against Kralkatorrik...and so is Aurene. It's only a matter of time before Balthazar returns to Tarir to capture her, so I sent word to my guildmates and told them to meet up with me so we can return to Maguuma and protect the Crystal Dragon's last scion.","Я вошёл в затерянный город Кешо и, благодаря удаленной поддержке Taimi, узнал всё, что мог. Мы столкнулись с травмированной Возвышенной по имени Sadizi, а также с множеством опасных гибридов Кованых и Возвышенных. Sadizi рассказала нам, что этих гибридов создали Balthazar и Palawa Joko, пропавший король-тиран этого региона. Вместе эти злодеи украли ритуал Забытых, создающий Возвышенных, и использовали его, чтобы насильно вселять духов в доспехи, создавая Кованых для Balthazar. Мы также узнали больше об истинной цели наследия Glint: сохранить магический баланс Тирии, заменив Старших драконов на столь же могущественные, но менее хищные сущности. И мы выяснили, почему Balthazar охотился на Vlast: кровь Kralkatorrik, как в буквальном, так и в метафорическом смысле, является его уникальной слабостью, а значит Vlast, Glint и копьё из драконьей крови были вполне пригодным оружием против Kralkatorrik... как и Aurene. Balthazar вернется в Tarir, чтобы захватить её, это лишь вопрос времени, поэтому я отправил весточку своим согильдийцам и попросил их встретиться со мной, чтобы мы могли вернуться в Maguuma и защитить последнего отпрыска Кристального дракона."
"I expected nothing less. Which reminds me. We make a good team. You mind if I call on you for other cases, as they come up?","Я другого и не ожидала. Кстати, об этом. Мы отличная команда. Не возражаешь, если я буду обращаться к тебе по другим делам, когда они появятся?"
"I expected the next part to be harder, but instead of a chamber filled with Inquest, I found only one: Director Vloxx, who was unexpectedly happy to see me. He explained that he didn't want to kill me; he wanted my help to ""save our world."" He insisted that he didn't have time to explain, but that his only goal was to ""return Tyria's destiny to the hands of her people."" And then he provided an infuriating revelation: the Arcane Council didn't just know about the Inquest coming to Castora, they funded the expedition! I need to find out what Ludo knew of this, if anything.","Я ожидал, что следующая часть будет сложнее, но вместо зала, заполненного Inquest, я нашёл только одного: Director Vloxx, который был неожиданно рад меня видеть. Он объяснил, что не хочет меня убивать; он хочет моей помощи, чтобы «спасти наш мир». Он настаивал, что у него нет времени на объяснения, но его единственная цель — «вернуть судьбу Tyria в руки её народа». А затем он сделал возмутительное открытие: Arcane Council не просто знали о прибытии Inquest на Castora, они финансировали экспедицию! Мне нужно выяснить, что об этом знал Ludo, если вообще что-то знал."
"I explained to the forge master that we intend to lure Kralkatorrik into the forge and attack him with the resonance crystals boosted with dredge technology. Though she was worried about the threat to the forge itself, she agreed to help with the plan.","Я объяснил Forge Master, что мы намерены заманить Kralkatorrik в кузницу и атаковать его резонансными кристаллами, усиленными технологиями dredge. Хотя она беспокоилась об угрозе для самой кузни, она согласилась помочь с планом."
"I explored deeper into the mine, where I was forced to deal with a thick fog dubbed ""the haze"" choking the air. Gorrik contacted me over comms and asked me to scan a number of haze concentrations down in the Howling Caves to learn more about it—apparently it was causing miners to feel ill. Possibly worse.","Я углубился в шахту, где мне пришлось столкнуться с густым туманом, который называют «туманом», забивающим воздух. Gorrik связался со мной по рации и попросил просканировать несколько концентраций тумана внизу, в Воющих пещерах, чтобы узнать о нем больше — по-видимому, из-за него шахтеры чувствовали себя плохо. Возможно, даже хуже."
"I feared that things would spiral out of control, but Crecia and her soldiers proved through their actions that they weren't here to capitalize on battlefield confusion. Kas softened her stance, and the two worked out their differences. By the time the conflict was over, hundreds of destroyer husks lay smoldering on the ground. We're still a ways away from winning this war, but every victory counts.","Я боялся, что ситуация выйдёт из-под контроля, но Crecia и её солдаты своими действиями доказали, что они здесь не для того, чтобы воспользоваться неразберихой на поле боя. Kas смягчилась, и они уладили свои разногласия. К тому времени, как конфликт закончился, сотни панцирей разрушителей дымились на земле. Нам ещё далеко до победы в этой войне, но каждая победа на счету."
I feel like I do after all the gossip rags I've read! Do you know she doesn't wear shoes!,"Мне кажется, что да, после всех тех сплетен, что я прочитала! Ты знала, что она не носит обувь!"
I feel magic being drained from my shield. The bloodstones are... hungry.,"Я чувствую, как магия вытягивается из моего щита. Кровавые камни... голодны."
I feel the same way about traitors; they should watch their necks. Good day.,Я того же мнения о предателях; им стоит беречь свои шеи. Доброго дня.
I fight with my ______ blindfold on to shut out the distractions of the physical world and focus my magical inner sight.,"Я сражаюсь с повязкой на ______ глазах, чтобы отсечь отвлекающие факторы физического мира и сосредоточиться на своем магическом внутреннем зрении."
"I finally got a moment to speak to Meliza. She was eager to help, but needed more artifacts to examine to provide any new insights. I set out to gather as many as I could from the sites she listed and brought them back. They seem to be promising finds, and Meliza is confident that many of them are ritual objects, pointing to a religious significance to Castora. But more detailed information is just going to take time.","Наконец, у меня выдалась минутка поговорить с Meliza. Она была готова помочь, но ей нужно было больше артефактов для изучения, чтобы получить новые сведения. Я отправился собрать столько, сколько смог, в местах, которые она перечислила, и принес их обратно. Похоже, это многообещающие находки, и Meliza уверена, что многие из них — ритуальные предметы, указывающие на религиозное значение Castora. Но для получения более подробной информации потребуется время."
"I finally regrouped with Braham in Hoelbrak to participate in ""victory"" celebrations. We sat by the fire for a while, listening to drunken ballads and clanking glasses of ale. Standing there, I couldn't help but feel uneasy. I suspect this is the beginning of something bigger. I can't put my finger on it, but all those experiments... Well, we'll see what happens next.","Я наконец воссоединился с Braham в Hoelbrak, чтобы принять участие в праздновании «победы». Мы некоторое время сидели у огня, слушая пьяные баллады и чокаясь кружками с элем. Стоя там, я не мог отделаться от чувства тревоги. Подозреваю, что это начало чего-то большего. Не могу точно сказать, но все эти эксперименты... Что ж, посмотрим, что будет дальше."
"I finished explaining that Vloxx had ascended, gaining immense power and insight, and that it seemed Overseer Kuda was now the de facto leader of the Inquest.","Я закончил объяснение тем, что Vloxx вознесся, обретя огромную силу и прозрение, и что, по-видимому, Overseer Kuda теперь является фактическим лидером Inquest."
"I followed his trail until I reached the piazza, which was scattered with evidence of Inquest excavation and combat- and also with undoubtedly valuable seer artifacts and statues. I even discovered a message on an abandoned Inquest communicator that suggests that Sebb has something planned in that area. I need to follow up on that later. As I searched, however, I came upon a magical disturbance near the basilica's entrance; while Castora's magic is especially active, this seemed to have been specifically stirred up by something. As I moved further into the entrance of the massive structure, I finally found Isgarren.","Я шёл по его следу, пока не добрался до площади, усеянной следами раскопок Inquest и сражений, а также несомненно ценными артефактами и статуями провидцев. Я даже обнаружил сообщение на брошенном коммуникаторе Inquest, которое предполагает, что у Sebb есть планы на этот район. Нужно будет разобраться с этим позже. Однако во время поисков я наткнулся на магическое возмущение возле входа в базилику; хотя магия Castora особенно активна, это, похоже, было вызвано чем-то конкретным. Продвигаясь дальше ко входу в массивное сооружение, я наконец нашёл Isgarren."
"I followed the freebooters' leads to a cave in the south of Shipwreck Strand. To access the base and gain more intel unnoticed, I stole an Inquest power suit and hacked into the control system, setting one of their golems to combat mode. I thought I'd hacked into several golem units, but one malfunctioning golem proved to be enough to draw the attention of Inquest leadership.","Я последовал по следам мародеров к пещере на юге Shipwreck Strand. Чтобы незаметно проникнуть на базу и собрать больше разведданных, я украл силовой костюм Inquest и взломал систему управления, переведя одного из их големов в боевой режим. Я думал, что взломал несколько единиц големов, но одного неисправного голема оказалось достаточно, чтобы привлечь внимание руководства Inquest."
"I followed them as they marched out of camp, but watched in horror as a giant rift formed in the air. Fixed at the center was a massive, serpentine eye. Vile, fleshy creatures spilled out and attacked. The Astral Ward were now the prey; many were killed or forced to flee. Those who weren't met with claws and fangs were pulled straight into that rift. Then, an even larger beast emerged, hungry to finish off the hunters. I leapt into the fray and challenged the creature. But I was pulled straight into the rift myself.","Я последовала за ними, когда они вышли из лагеря, но с ужасом наблюдала, как в воздухе образовался гигантский разлом. В центре застыл массивный змеиный глаз. Отвратительные, мясистые существа хлынули наружу и атаковали. Теперь Astral Ward стали добычей; многие были убиты или вынуждены бежать. Тех, кого не настигли когти и клыки, затянуло прямо в этот разлом. Затем появился ещё более крупный зверь, жаждущий добить охотников. Я бросилась в гущу событий и бросила вызов существу. Но меня саму затянуло в разлом."
"I foresee that my presence will cause a bit of a stir and that the attendees will want a report on the Pact's plans. If you could meet with me in the Grove, prior to the gathering, I will fill you in so you can relay the information to the attendees. If you manage to convince the leaders to work together, it will be an enormous victory.","Предвижу, что моё присутствие вызовет небольшой переполох и участники захотят отчёт о планах Pact. Если ты сможешь встретиться со мной в Grove до начала собрания, я введу тебя в курс дела, чтобы ты мог передать информацию участникам. Если тебе удастся убедить лидеров работать вместе, это будет огромная победа."
"I fought my way into Fort Salma to fend off a monstrous Mordrem thrasher alongside Marjory and Kasmeer, only to discover that we were too late to save Belinda. Marjory will return home to bury her fallen sister, while Kasmeer and I will head back to Dry Top to rejoin our friends.","Я пробился в Fort Salma, чтобы отбиться от чудовищного мордрем-молотильщика вместе с Marjory и Kasmeer, но обнаружил, что мы опоздали и не смогли спасти Belinda. Marjory вернется домой, чтобы похоронить свою павшую сестру, а Kasmeer и я направимся обратно в Dry Top, чтобы воссоединиться с нашими друзьями."
"I found Blish's arm and also several Awakened. With its built-in stealth, stun, and triboelectrocution capabilities, I finished off the Awakened and identified a likely site for our camp.","Я нашёл руку Blish, а также нескольких Пробужденных. Благодаря встроенным функциям невидимости, оглушения и электрошока, я расправился с Пробужденными и определил подходящее место для нашего лагеря."
"I found Braham in a forest to the west, accompanied by none other than Garm. No luck yet finding Rytlock and Crecia, but we now know the source of the whispers is here, in this valley: Drakkar. Our next stop is a nearby kodan settlement, hopefully to learn more.","Я нашёл Braham в лесу на западе, в компании не кого иного, как Garm. Rytlock и Crecia пока найти не удалось, но теперь мы знаем, что источник шепота здесь, в этой долине: Drakkar. Наша следующая остановка — ближайшее поселение коданов, надеюсь, там мы узнаем больше."
"I found Cillian passionately regaling passersby with a tale of heroics. They'd recently returned to the Grove after a long voyage across Tyria, collecting stories to share back home. They called themselves a troubadour, and being an adept mesmer like myself, Cillian has learned to twist these tales with their illusionary magic.","Я нашёл Cillian, увлеченно рассказывающего прохожим историю о героизме. Они недавно вернулись в Grove после долгого путешествия по Tyria, собирая истории, чтобы поделиться ими дома. Они называли себя трубадуром, и, будучи искусным месмером, как и я, Cillian научился переплетать эти истории со своей иллюзорной магией."
I found Trahearne at the heart of Mordremoth's lair. Why is Caladbolg drawn here?,Я нашёл Trahearne в самом сердце логова Mordremoth. Почему Caladbolg тянет сюда?
"I found Troopmarshal Ogun at his encampment. He was ready to follow me into battle willingly, but his newly Awakened troops weren't combat ready, and so he could not leave his post for fear that the Forged base nearby would overrun and disrupt the supply lines he'd been ordered to defend.","Я нашёл Troopmarshal Ogun в его лагере. Он был готов добровольно последовать за мной в бой, но его новообращенные войска Пробужденных не были готовы к сражению, поэтому он не мог покинуть свой пост из опасения, что база Forged поблизости захватит и нарушит линии снабжения, которые ему было приказано защищать."
"I found Troopmarshal Ogun at his encampment. He was ready to follow me into battle willingly, but his newly Awakened troops weren't combat ready, and so he could not leave his post for fear that the Forged base nearby would overrun and disrupt the supply lines he'd been ordered to defend.I agreed to do his job for him and assaulted the base with a small squad of his Awakened troops. We found and destroyed the portal that Balthazar was using to send in Forged reinforcements. After my mission was complete, Ogun agreed to lead his soldiers against Balthazar under my command. He'll stage his army outside Kodash and wait for my signal.","Я нашёл Troopmarshal Ogun в его лагере. Он был готов добровольно последовать за мной в бой, но его новообращенные Пробужденные войска не были готовы к сражению, поэтому он не мог покинуть свой пост, опасаясь, что близлежащая база Кованых захватит его и нарушит пути снабжения, которые ему было приказано защищать.Я согласился выполнить его работу за него и атаковал базу с небольшим отрядом его Пробужденных. Мы нашли и уничтожили портал, который Balthazar использовал для переброски подкреплений Кованых. После завершения моей миссии Ogun согласился повести своих солдат против Balthazar под моим командованием. Он расположит свою армию за пределами Kodash и будет ждать моего сигнала."
I found a device that looks a lot like the communicator.,"Я нашёл устройство, очень похожее на коммуникатор."
"I found a frightened woman inside the mine who witnessed the murder. She said the killer was chasing the Master of Peace, and that I should head toward Spurbend Canyon. I read the torn pages from Aerin's defaced copy of a Zephyrite manuscript, and followed the trail to the top of a ridge where I will meet my friends.","В шахте я нашёл испуганную женщину, которая видела убийство. Она сказала, что убийца преследовал Master of Peace, и что мне следует направиться к каньону Spurbend. Я прочитал вырванные страницы из испорченного экземпляра манускрипта Зефиритов, принадлежавшего Aerin, и проследовал по следу к вершине хребта, где встречусь со своими друзьями."
"I found myself within the temple's innermost sanctum, the chamber of trials where prospective Divitium Nava candidates had to prove their worthiness before undergoing the rite. There, a voice spoke to me, like it was coming inside my own head, and told me of the trials and what I would have to undergo. I have to believe this was the very same voice that guided them through all those millennia ago. The first set were physical trials, testing my constitution and form. Exhausting, but at least they're behind me.","Я оказался внутри самого сокровенного святилища храма, в камере испытаний, где потенциальные кандидаты Divitium Nava должны были доказать свою состоятельность перед прохождением обряда. Там голос заговорил со мной, словно звучал у меня в голове, и рассказал об испытаниях и о том, через что мне придётся пройти. Я должен верить, что это был тот же самый голос, который направлял их тысячи лет назад. Первый набор был физическими испытаниями, проверяющими мою конституцию и форму. Изматывающе, но, по крайней мере, они позади."
"I found the next memory seed location in the Far Silverwastes and experienced a centaur massacre through Caithe's eyes. While the memory was horrible to witness, it provided us with a clue to where Caithe may have taken Glint's egg.","Я нашёл местоположение следующего семени памяти в Far Silverwastes и увидел резню кентавров глазами Caithe. Хотя это воспоминание было ужасно видеть, оно дало нам подсказку, куда Caithe могла унести яйцо Glint."
I found these listening devices around the courtyard. They could be White Mantle.,"Я нашёл эти подслушивающие устройства во дворе. Возможно, это White Mantle."
"I further learned that Glint's first hatchling, Vlast, has been protecting innocents from the Branded.","Я также узнал, что первый детеныш Glint, Vlast, защищал невинных от Клейменых."
"I gathered more fragments of Vlast's shattered body, which contained thoughts and memories he intended for Aurene. Together, these memories described an immensely powerful weapon stored in Glint's Lair that Balthazar wanted as much as he wanted Vlast himself. We have to find that weapon and keep it out of Balthazar's hands, so I'm headed for Glint's Lair to regroup with my guild.","Я собрал больше фрагментов разбитого тела Vlast, которые содержали мысли и воспоминания, предназначенные для Aurene. Вместе эти воспоминания описывали невероятно мощное оружие, спрятанное в логове Glint, которое Balthazar хотел заполучить так же сильно, как и самого Vlast. Мы должны найти это оружие и не дать ему попасть в руки Balthazar, поэтому я направляюсь в логово Glint, чтобы воссоединиться со своей гильдией."
"I got Braham released from the brig, but things quickly went south. We discovered he'd somehow lost his bow. Then Rytlock called in to report disturbing signs of racial tensions and violence among his fellow charr. With Braham heading off to track down his bow, Rytlock and I met with Bangar and Crecia about the undercurrent of racial hostility among some of the charr at the celebration. Violence had already broken out in some quarters, and Rytlock worried that an escalation could endanger the treaty between the charr and the other races. Bangar's reaction quickly got personal—he and Rytlock seem to have some very old, very bad blood between them. Their confrontation came to blows, but in the end Rytlock had the good sense to walk away. When we left Bangar's office, Crecia suggested that Rytlock and I find solid evidence of a threat so she could help argue our case. Before we could begin, however, Kasmeer called in and asked me to meet with her and the Flame ""imperator,"" Efram Greetsglory, right away.","Я добился освобождения Braham из карцера, но всё быстро пошло не по плану. Мы обнаружили, что он каким-то образом потерял свой лук. Затем связался Rytlock и сообщил о тревожных признаках расовой напряженности и насилия среди его соплеменников-чарр. Пока Braham отправился на поиски своего лука, мы с Rytlock встретились с Bangar и Crecia, чтобы обсудить скрытую вражду между некоторыми чарр на праздновании. В некоторых кварталах уже вспыхнули беспорядки, и Rytlock опасался, что эскалация может поставить под угрозу договор между чарр и другими расами. Реакция Bangar быстро перешла на личности — похоже, у них с Rytlock старые и очень плохие счеты. Их противостояние дошло до драки, но в конце концов Rytlock хватило благоразумия уйти. Когда мы покинули кабинет Bangar, Crecia предложила нам с Rytlock найти веские доказательства угрозы, чтобы она могла помочь обосновать нашу позицию. Однако прежде чем мы успели начать, связалась Kasmeer и попросила меня немедленно встретиться с ней и «императором» Пламенного Легиона, Efram Greetsglory."
I got at least one. What's up?,У меня есть как минимум одна. В чем дело?
I got it. How about you? Enjoying your break?,Я справился. А ты? Наслаждаешься перерывом?
I got turned into an eagle.,Меня превратили в орла.
"I grew up among nobles, including my friend Lord Faren, who can trace their ancestry back to ancient kings. I received an excellent education, am well versed in courtly graces, and understand the responsibility that comes with privilege.","Я вырос среди знати, включая моего друга лорда Фарена, чьи предки восходят к древним королям. Я получил отличное образование, хорошо разбираюсь в придворных манерах и понимаю ответственность, которая приходит с привилегиями."
"I grew up among the nobility, and I value my honor.",Я вырос среди знати и ценю свою честь.
"I grew up poor, on the streets, living hand to mouth. Every day was a challenge, but like I tell my ol' buddy Quinn, ""If it doesn't kill you, it makes you stronger."" I've worked hard to change my luck, but I've still got a long way to go.","Я вырос бедным, на улицах, живя впроголодь. Каждый день был испытанием, но, как я говорю моему старому другу Куинну: «Если это тебя не убивает, это делает тебя сильнее». Я много работал, чтобы изменить свою удачу, но мне ещё предстоит долгий путь."
"I had a chance to mingle, and then Peitha and Isgarren pulled me aside, offering their appreciation for all I'd done for Tyria, the Wizard's Tower, and Nayos. From learning of the wizards (and Zojja!) and defending the bastions alongside the Astral Ward, to allying with Peitha and taking the fight into the Realm of Dreams, I'd experienced so much since suffering that first defeat to Cerus and hearing Peitha's uncanny voice ring in my head the first time—it was hard to fathom how far we'd come.","У меня была возможность пообщаться, а затем Peitha и Isgarren отвели меня в сторону, выразив признательность за все, что я сделал для Tyria, Башни Волшебника и Nayos. От знакомства с волшебниками (и Zojja!) и защиты бастионов вместе с Astral Ward до союза с Peitha и переноса битвы в Царство Снов — я пережил так много с тех пор, как потерпел первое поражение от Cerus и впервые услышал в своей голове странный голос Peitha, что трудно было осознать, как далеко мы зашли."
"I had a vision from the Pale Tree, an important one. Glint had an egg.","У меня было видение от Pale Tree, очень важное. У Glint было яйцо."
"I had to catch up with the others who went after Zojja, Logan, and Trahearne and let them know what we discovered in Rata Novus. Thankfully, Rox left the trail I requested, which allowed me to locate them.","Мне нужно было догнать остальных, кто отправился за Zojja, Logan и Trahearne, и сообщить им, что мы обнаружили в Rata Novus. К счастью, Rox оставила след, о котором я просил, что позволило мне найти их."
I happen to like Minister Wi. I don't think you should disparage his reputation like that.,"Мне нравится Minister Wi. Не думаю, что стоит так порочить его репутацию."
"I hate parties. Sadly, public appearances are part of a minister's job.","Ненавижу вечеринки. К сожалению, публичные выступления — часть работы министра."
"I hate this. We have to help Ottilia—and her family—but first, I have to make sure these 'steaders are okay.","Ненавижу это. Мы должны помочь Ottilia — и её семье, — но сначала я должен убедиться, что с этими поселенцами всё в порядке."
"I hate to flirt with blasphemy, but Balthazar has changed. We're all expendable to him.","Не хочу заигрывать с богохульством, но Balthazar изменился. Мы все для него — расходный материал."
"I hate to interrupt, but did anybody feel that?","Не хочу прерывать, но кто-нибудь это почувствовал?"
"I hate to leave my White Mantle brothers and sisters, but I will not follow someone who won't reveal themselves while issuing threats so liberally.","Мне не хочется покидать моих братьев и сестёр из Белой Мантии, но я не стану следовать за тем, кто не желает раскрыть себя, так щедро раздавая угрозы."
"I have a deputy assigned to the local smugglers, the Hamaseen. Name of Qais.","У меня есть заместитель, приставленный к местным контрабандистам, Hamaseen. Его зовут Qais."
I have a knack for finding trouble. What brings you to this ministry meeting?,У меня талант находить неприятности. Что привело вас на это министерское собрание?
"I have a lead for you. The Eye of Janthir has been on the move, tracking aspects of Lazarus, looking for its masters.","У меня есть зацепка для тебя. Eye of Janthir перемещается, отслеживая аспекты Lazarus в поисках своих хозяев."
I have a mission I need to finish first.,"У меня есть миссия, которую я должен завершить первым."
I have a question. Is it true that you work closely with Lord Caudecus?,"У меня вопрос. Правда ли, что вы тесно сотрудничаете с Lord Caudecus?"
"I have a vague recollection of that crazy sylvari walking in to her audience with the queen. This was well before the attack on the city, by the way. I still don't know why I noticed her.","У меня смутные воспоминания о том, как эта безумная сильвари вошла на аудиенцию к королеве. Кстати, это было задолго до нападения на город. До сих пор не знаю, почему я обратила на неё внимание."
"I have all my papers—my identity cog, the Arcane Council proclamation, and the contribution manifest. Anything you wish to inquire about, ask. Please. I'm innocent.","У меня есть все документы — мой идентификационный жетон, прокламация Arcane Council и манифест вкладов. О чем хочешь спросить, спрашивай. Пожалуйста. Я невиновен."
"I have always been proud of being a scientist—and believe me, I still am. But I never thought there was something else in there.","Я всегда гордился тем, что я ученый — и поверь, я все ещё им являюсь. Но я никогда не думал, что во мне есть что-то ещё."
I have an idea we could—,"У меня есть идея, мы могли бы—"
"I have an idea. If you can keep those vines from snagging Scruffy, I can probably bash through them.","У меня есть идея. Если ты сможешь не дать лианам схватить Scruffy, я, вероятно, смогу прорваться сквозь них."
"I have an idea—a great idea. Brilliant, really.","У меня есть идея — отличная идея. Блестящая, на самом деле."
"I have an urgent request for your aid in the field. In cooperation with the Vigil, the Order of Whispers is working to locate the Molten Alliance's main base of operations, and we've tightened our net to Diessa Plateau. As you read this, we have agents undercover in the area.","У меня есть срочная просьба о помощи в полевых условиях. В сотрудничестве с Vigil, Order of Whispers работает над обнаружением главной оперативной базы Molten Alliance, и мы сузили круг поиска до Diessa Plateau. Пока вы читаете это, наши агенты работают под прикрытием в этом районе."
I have been too busy directing the effort to clear the air here.,"Я был слишком занят, руководя работами по очистке воздуха здесь."
"I have heard that Ministry Guards in the past have betrayed Kryta, but now? Here at this gathering? No way, Commander. Our men are loyal to Queen Jennah. That's why they are here.","Я слышал, что стражники Министерства и раньше предавали Kryta, но сейчас? Здесь, на этом собрании? Ни за что, Коммандир. Наши люди верны королеве Jennah. Именно поэтому они здесь."
"I have my own ghosts. I'm %str1%, by the way. Braham, right?","У меня свои призраки. Кстати, я %str1%. Braham, верно?"
"I have my suspicions. No proof, but I certainly have my suspicions.","У меня есть подозрения. Доказательств нет, но подозрения определенно есть."
"I have some business I'd like to discuss with you. It involves the Captain's Council, so your discretion is appreciated. Mind meeting me near the bay docks in Lion's Arch? The sooner, the better.","У меня есть дело, которое я хотел бы обсудить с вами. Оно касается Совета Капитанов, так что я ценю вашу сдержанность. Не против встретиться у доков залива в Львином Шпиле? Чем скорее, тем лучше."
I have to admit that it was...exhilarating to see some action again. But I'm sure my advisors would prefer I don't make a habit of it.,"Должен признать, было... волнительно снова оказаться в гуще событий. Но уверен, мои советники предпочли бы, чтобы я не брал это в привычку."
I have to swear you to silence. This can't go beyond us.,"Я должен взять с вас слово, что вы будете молчать. Это не должно выйти за пределы нашего круга."
"I haven't had to fight like that in...well, a long time. Thank you, Commander.","Мне не приходилось так сражаться... ну, очень давно. Спасибо, Коммандир."
"I haven't met him yet, but I'll let you know. How are things in Rata Novus?","Я ещё не встречался с ним, но дам знать. Как дела в Rata Novus?"
"I haven't, but I'm not so foolish to think that just because I don't see it it's not there. These traitors are cunning, and we have to remain vigilant.","Нет, но я не настолько глуп, чтобы думать, что если я чего-то не вижу, то этого нет. Эти предатели хитры, и мы должны сохранять бдительность."
"I headed back into the wizards' ""fractals"" to track down rifts and search for evidence of ""Bad Lyhr"" (aptly titled by R'tchikk to denote the dwarf's crankier half) while the rest of the team made plans for us to push toward the Wizard's Tower—that march being our next objective. While I was navigating the islands, however, a voice, which didn't belong to Peitha, rang in my head and froze me in place. It belonged to a Kryptis named Eparch, the ""Midnight King,"" and he's on the hunt for Isgarren. The voice was so menacing that even Peitha stirred. Her words quickly overcame his and pushed him aside. She warned me of speaking his name too loudly for fear of attracting Eparch's gaze. Once again, and maybe against my better judgment, I think I'll listen to her.***","Я вернулся во «фракталы» волшебников, чтобы выследить разломы и найти доказательства существования «Плохого Lyhr» (как метко назвал его R'tchikk, имея в виду более сварливую половину дворфа), пока остальная часть команды строила планы нашего продвижения к Башне Волшебника — этот поход стал нашей следующей целью. Однако, пока я перемещался между островами, в моей голове раздался голос, который не принадлежал Peitha, и заставил меня замереть. Он принадлежал Kryptis по имени Eparch, «Королю Полуночи», и он охотится за Isgarren. Голос был настолько угрожающим, что даже Peitha встрепенулась. Её слова быстро перекрыли его и оттеснили в сторону. Она предупредила меня, чтобы я не произносил его имя слишком громко, опасаясь привлечь взгляд Eparch. И снова, возможно, вопреки здравому смыслу, я думаю, что прислушаюсь к ней."
"I headed back to the homestead to meet with the rest of the group, who were waiting for me inside. Waiting Sorrow grew tense when I entered, knowing well that I carried a secret in my pocket that could complicate her situation even further. But Malice immediately jumped to the point: the titans could be on the back foot. Attacking now, while they were recovering from our prior encounters, should be the top priority. Before we could strategize further, Poky pulled our attention away. Stoic Alder walked up to the door, and Waiting Sorrow needed to decide on a story. Fast.","Я вернулся в поселение, чтобы встретиться с остальными, кто ждал меня внутри. Waiting Sorrow напряглась, когда я вошёл, прекрасно зная, что у меня в кармане секрет, который может ещё больше осложнить её положение. Но Malice сразу перешла к делу: титаны могут быть уязвимы. Атака сейчас, пока они восстанавливаются после наших предыдущих столкновений, должна быть главным приоритетом. Прежде чем мы успели разработать дальнейшую стратегию, Poky отвлек наше внимание. Stoic Alder подошёл к двери, и Waiting Sorrow нужно было быстро придумать историю."
"I headed to Prosperity to find clues that would point me toward the Master of Peace. Once there, I found the body of a poor merchant who presumably was killed by the saboteur. It's possible that the merchant had sold the Master of Peace some supplies, and the saboteur demanded information. We'll probably never know.","Я направился в Prosperity, чтобы найти улики, которые укажут путь к Master of Peace. Там я обнаружил тело бедного торговца, которого, по-видимому, убил диверсант. Возможно, торговец продал Master of Peace какие-то припасы, а диверсант выпытывал информацию. Мы, вероятно, никогда этого не узнаем."
"I headed to the Necropolis to meet my next Awakened recruit: Beastmarshal Oluwa Eranko, a stubborn but proud commander of Joko's beast cavalry unit. She wasn't willing to lend me her soldiers unless I proved my riding prowess, so I mounted up and played her little game of tag to show her what I'm capable of, and to demonstrate that following my lead wouldn't ruin her unit's impeccable reputation.","Я направился в Necropolis, чтобы встретить своего следующего рекрута из Пробужденных: Beastmarshal Oluwa Eranko, упрямого, но гордого командира кавалерийского подразделения зверей Joko. Она не хотела давать мне своих солдат, пока я не докажу свое мастерство верховой езды, поэтому я оседлал ездовое животное и сыграл в её маленькую игру в догонялки, чтобы показать ей, на что я способен, и продемонстрировать, что следование за мной не испортит безупречную репутацию её подразделения."
"I headed to the Necropolis to meet my next Awakened recruit: Beastmarshal Oluwa Eranko, a stubborn but proud commander of Joko's beast cavalry unit. She wasn't willing to lend me her soldiers unless I proved my riding prowess, so I mounted up and played her little game of tag to show her what I'm capable of, and to demonstrate that following my lead wouldn't ruin her unit's impeccable reputation.I've got my army now. Time to take down a god.","Я направился в Некрополь, чтобы встретить своего следующего рекрута из Пробужденных: Beastmarshal Oluwa Eranko, упрямого, но гордого командира кавалерии зверей Joko. Она не хотела давать мне своих солдат, пока я не докажу свое мастерство наездника, поэтому я оседлал зверя и сыграл в её маленькую игру в догонялки, чтобы показать, на что я способен, и доказать, что следование за мной не испортит безупречную репутацию её подразделения.Теперь у меня есть армия. Пора свергнуть бога."
I headed to the forge to meet up with Canach.,Я направился в кузню на встречу с Canach.
I hear one minister is spreading rumors about the queen.,"Я слышал, один министр распускает слухи о королеве."
I heard Sohothin dropped through the portal. And he just jumped right in after it?,"Я слышал, Sohothin провалился в портал. И он просто прыгнул следом за ним?"
I heard he donates generously to Kormir's priesthood. They fell over themselves to bless his name.,"Я слышал, он щедро жертвует жречеству Kormir. Они чуть не в лепешку расшиблись, благословляя его имя."
"I heard hushed words, but I couldn't make out any of them. The queen seemed pleased though.","Я слышал приглушенные слова, но не смог разобрать ни одного. Впрочем, королева выглядела довольной."
I heard that!,Я это слышал!
"I heard the commotion. Is everything all right, Commander?","Я слышал шум. Всё в порядке, Коммандир?"
"I heard the explosion, Commander. Thank you for handling the situation.","Я слышал взрыв, Коммандир. Спасибо, что разобрались с ситуацией."
I heard the queen was escorted out for safety.,"Я слышал, что королеву вывели для безопасности."
"I heard the word ""watchknights"".",Я слышал слово «watchknights».
I heard there was only a handful of people there.,"Я слышал, там было всего несколько человек."
I heard there was some kind of commotion earlier. Is that gate golem acting up again?,"Я слышал, здесь был какой-то переполох. Этот голем у ворот снова чудит?"
I heard you caught our perpetrator! I can't believe Mai Trin would do such a thing. She was so kind at the crime scene... Humanity can be disappointing.,"Я слышала, ты поймал нашего преступника! Не могу поверить, что Mai Trin могла такое совершить. Она была так любезна на месте преступления... Человечество порой разочаровывает."
I highly suggest mastering it before you get in a smashy scenario with one of those jade brutes. Good luck! Taimi out!,"Настоятельно рекомендую освоить её, прежде чем ввязываться в драку с одним из этих нефритовых громил. Удачи! Taimi, конец связи!"
I hope it happens. See you around.,"Надеюсь, это случится. Увидимся."
I hope so. It's the last place I know to look.,"Надеюсь на это. Это последнее место, где я могу искать."
I hope so. Wouldn't that be something? Just knowing he really exists... My life will never be the same.,"Надеюсь. Разве это не было бы нечто? Просто знать, что он действительно существует... Моя жизнь уже никогда не будет прежней."
I hope this finds you well.,"Надеюсь, у тебя всё хорошо."
"I hope this letter finds you in a summer breeze, carrying you toward warmer days with a path brightly lit. I am Firstborn Dagonet. Perhaps you remember me?","Надеюсь, это письмо застанет вас в летнем бризе, несущем вас к более тёплым дням по ярко освещенному пути. Я Firstborn Dagonet. Возможно, вы помните меня?"
I imagine Countess Anise had a lie to cover up her presence at the bridge. It's her word against mine.,"Полагаю, Countess Anise солгала, чтобы скрыть свое присутствие у моста. Это лишь её слово против моего."
I imagine we don't want that to be public knowledge.,"Полагаю, мы не хотим, чтобы это стало достоянием общественности."
"I inherited Romke's Horn, a magical ancestral heirloom passed down through generations. After one too many drinks, however, I wagered it on a contest of strength...and lost.","Я унаследовал Рог Ромке, магическую семейную реликвию, передаваемую из поколения в поколение. Однако после лишней выпивки я поставил его на состязание в силе... и проиграл."
I inspected areas in Lake Doric that were deemed to be of interest to the Seraph. I should report back to Logan in Doric's Landing.,"Я осмотрел районы озера Doric, которые были признаны важными для Seraph. Мне следует доложить об этом Logan в Doric's Landing."
"I introduced myself to Mayor Osborne in the shipwreck village of Hullgarden. He was guarded but willing to exchange information for some much-needed aid around the town. He said that in order to really be of use, I'd need a properly trained skimmer and better knowledge of the area. So he sent me to the oddly named Wavehawk Pete to learn more about the local skimmer population and how they've adapted to the Castoran environment.","Я представился мэру Osborne в деревне потерпевших кораблекрушение Hullgarden. Он был насторожен, но готов обменять информацию на столь необходимую помощь городу. Он сказал, что для того, чтобы быть действительно полезным, мне понадобится должным образом обученный скиммер и лучшее знание местности. Поэтому он отправил меня к человеку со странным именем Wavehawk Pete, чтобы узнать больше о местной популяции скиммеров и о том, как они адаптировались к среде Castoran."
"I investigated both of the Forged satellite camps near Amnoon. While I didn't learn much about Balthazar's plans, I did destroy several batteries of Forged artillery and thinned out the Forged ranks. At least now Amnoon will get a break from Forged attacks, and at least I deprived the main Forged camp of any reinforcements...which they're going to need, because I'm headed there next to rendezvous with Canach and Rytlock.","Я исследовал оба вспомогательных лагеря Forged возле Amnoon. Хотя я не узнал многого о планах Balthazar, я уничтожил несколько батарей артиллерии Forged и проредил их ряды. По крайней мере, теперь Amnoon получит передышку от атак Forged, и, по крайней мере, я лишил главный лагерь Forged подкреплений... которые им понадобятся, потому что я направляюсь туда, чтобы встретиться с Canach и Rytlock."
"I joined Marjory, Kasmeer, Braham, Rox, and Taimi at the Seraph outpost in Tangle Root, and worked with the Seraph to defeat the hostile Inquest krewe that was harassing them. We fought in areas that are being choked with gigantic, thorny vines. This merited further investigation.","Я присоединился к Marjory, Kasmeer, Braham, Rox и Taimi на аванпосте Серафимов в Tangle Root и помог им победить враждебную группу Инквезиции, которая их донимала. Мы сражались в местах, которые были задушены гигантскими колючими лозами. Это заслуживало дальнейшего расследования."
I just came to say good-bye. I have to go after the Aspect Masters.,Я просто пришёл попрощаться. Мне нужно найти Aspect Masters.
I just get a lot of sun.,Я просто много времени провожу на солнце.
I just wish I knew what she was up to.,"Я просто хотел бы знать, что она задумала."
"I just...thought I'd feel better. When, you know... When justice was–when it was done.","Я просто... думала, что мне станет легче. Когда, знаешь... Когда правосудие было–когда оно свершилось."
I keep my body strong so that I can defeat our ancient enemies and protect the Great Lodge.,"Я поддерживаю свое тело в силе, чтобы побеждать наших древних врагов и защищать Великую Ложу."
I knew it!,Я так и знал!
"I knew that Eparch, Labris, and their followers had consumed their own kind. I'd witnessed it with Heitor and Irja...even with Labris's sacrifice to Eparch himself. But this... The scale was unimaginable. I also found it hard to imagine the power Eparch must've consumed as he'd drained the reliquaries just minutes before.","Я знал, что Eparch, Labris и их последователи пожирали свой собственный вид. Я был свидетелем этого с Heitor и Irja... даже с жертвой Labris ради самого Eparch. Но это... Масштабы были невообразимы. Мне также было трудно представить, какую мощь должен был поглотить Eparch, осушив реликварии всего несколько минут назад."
I know a certain big-eared asura who'd love to be here to study this...,"Я знаю одну большеухую асуру, которая была бы счастлива оказаться здесь, чтобы изучить это..."
I know all about you.,Я знаю о тебе всё.
I know as much about Rytlock's history as I do about Eir's. We were usually too busy discussing the day's battles or planning the morrow's.,"Я знаю об истории Rytlock столько же, сколько об истории Eir. Обычно мы были слишком заняты обсуждением дневных битв или планированием завтрашнего дня."
"I know for a fact that the queen had a private talk with Scarlet. How? Everyone is saying it, so it must be true!","Я точно знаю, что у королевы был личный разговор с Scarlet. Откуда? Все об этом говорят, значит, это правда!"
I know that Countess Anise has been a benefactor to Kasmeer and set it up.,"Я знаю, что Countess Anise была покровительницей Kasmeer и устроила это."
I know the legend. I'm going through the mountains. Catch up when you can.,"Я знаю эту легенду. Я иду через горы. Догоняйте, когда сможете."
I know they'll be okay.,"Я знаю, с ними всё будет в порядке."
"I know things've been tense, but I hope you're keeping those horns of yours screwed on. Between Bangar and the demon attacks, I haven't had a lot of space to think for myself. Just reacting to one problem after another. Nothing I haven't growled about before. I can only imagine what you've been up to, but it'd better involve a beach.","Я знаю, обстановка была напряженной, но надеюсь, ты держишь ухо востро. Между Bangar Ruinbringer и атаками демонов у меня не было времени подумать о себе. Только и делаю, что реагирую на одну проблему за другой. Ничего такого, о чем я бы не рычала раньше. Могу только догадываться, чем занимался ты, но надеюсь, это было связано с пляжем."
"I know what you're thinking, but you're wrong. This criminal was nothing like Scarlet. She has—had—vision. This guy was just...pitiful. Explosives? Really? Those went out of style in the 1200s.","Я знаю, о чем ты думаешь, но ты ошибаешься. Этот преступник совсем не похож на Scarlet. У неё есть — была — цель. Этот парень был просто... жалок. Взрывчатка? Серьёзно? Она вышла из моды ещё в 1200-х."
I know where the Eye is.,"Я знаю, где находится Eye."
I know you have been spearheading Tyria's efforts to counter the ongoing Elder Dragon attacks. We fear Ebonhawke is next.,"Я знаю, что вы возглавляете усилия Тирии по противодействию атакам Старших Драконов. Мы опасаемся, что Эбонхоук следующий."
"I know you've been very busy, what with the charr insurrections and killing of Elder Dragons, but I think you might want to pay a visit to the Eye of the North. Something seems to be bothering Aurene.","Я знаю, что ты был очень занят, учитывая восстания чарр и убийство Elder Dragons, но я думаю, тебе стоит посетить Eye of the North. Кажется, Aurene что-то беспокоит."
"I know you. You were here with Trahearne, and you accompanied him on his vision of the Pact's future. %str1%. It is good to see you looking so well.","Я знаю тебя. Ты был здесь с Trahearne и сопровождал его в видении будущего Пакта. %str1%. Приятно видеть, что ты в добром здравии."
I know you. You were with Eirsson back in the Marches. There is great strength in you...and I will test it.,Я знаю тебя. Ты был с Eirsson в Marches. В тебе великая сила... и я испытаю её.
"I know. And that's very sad and evil. But still, comparing him to her is like comparing a farm bull to a steam minotaur.","Я знаю. И это очень печально и зло. Но все же, сравнивать его с ней — это как сравнивать фермерского быка с паровым минотавром."
I know. But Taimi thinks dredge tech can amplify your crystals to really hurt him—even give us a shot at killing him.,"Я знаю. Но Taimi считает, что технологии дрегов могут усилить твои кристаллы, чтобы по-настоящему ранить его—и даже дать нам шанс убить его."
"I know. But, Jhavi, that's not Braham. I'll meet you at the Vigil Keep.should be Jora's Keep","Я знаю. Но, Jhavi, это не Braham. Встретимся в Vigil Keep, должно быть в Jora's Keep."
"I know. It's life-changing for many. But I think he's up to no good, and I've got to find him.","Я знаю. Для многих это меняет жизнь. Но я думаю, что он замышляет недоброе, и я должен его найти."
I know. We'll see you again at the end of this.,"Я знаю. Увидимся снова, когда все закончится."
"I know. We've been here before. It didn't break us then, and it won't break us now.","Я знаю. Мы уже бывали в подобных ситуациях. Тогда нас это не сломило, не сломит и сейчас."
I know—that's not what I'm saying. I need someone to give me a bird's-eye view on Kralk once he gets here. It's VITAL.,"Я знаю — я не это имел в виду. Мне нужен кто-то, кто даст мне обзор на Kralk с высоты птичьего полёта, как только он прибудет. Это ЖИЗНЕННО ВАЖНО."
"I learned from Kasmeer and Efram that the Renegades have been quietly trying to recruit young charr into their ranks. On top of the other signs of violence and hate, the idea of the Renegades expanding the reach of their xenophobic extremism was disturbing. With Kasmeer's help to disguise me as Ryland—a reputable charr with the freedom to move around and ask questions—I set out to investigate. The trail led me from the fahrar through the Blood Keep, and then the urgency ramped up. I learned the Renegades had kidnapped Gorrik and were searching his datapad for useful information about Aurene. I was able to get Gorrik to safety, but I made a terrible discovery in the process: Ryland was working with the Renegades, and they were helping Bangar gather forces for a questionable mission.","От Kasmeer и Efram я узнал, что Renegades втайне пытались вербовать молодых чарров в свои ряды. Помимо других признаков насилия и ненависти, сама мысль о том, что Renegades расширяют влияние своего ксенофобского экстремизма, была тревожной. С помощью Kasmeer, замаскировавшей меня под Ryland — авторитетного чарра, который мог свободно перемещаться и задавать вопросы, — я начал расследование. След привел меня из фахрара через Blood Keep, а затем ситуация стала критической. Я узнал, что Renegades похитили Gorrik и изучали его планшет в поисках полезной информации об Aurene. Мне удалось спасти Gorrik, но в процессе я сделал ужасное открытие: Ryland работал с Renegades, и они помогали Bangar собирать силы для сомнительной миссии."
I led my team into Auric Basin to advance deeper into Mordremoth's territory and continue our search for Trahearne and the surviving members of Destiny's Edge.,"Я повел свою команду в Auric Basin, чтобы продвинуться глубже на территорию Mordremoth и продолжить поиски Trahearne и выживших членов Destiny's Edge."
"I left Zojja to her thoughts. When I exited the barracks, I ran into Dagda lingering nearby. She dropped her hostile tone and instead treated me as someone concerned for a mutual friend. We both felt a little helpless in our attempts to comfort Zojja. I attempted to reassure her, emphasizing the weight of the decision she'd placed on our friend. It was the kindest interaction we've had yet. And I hope not the last.","Я оставил Zojja наедине со своими мыслями. Выйдя из казарм, я наткнулся на Dagda, которая слонялась неподалеку. Она отбросила враждебный тон и отнеслась ко мне как к человеку, обеспокоенному за общего друга. Мы оба чувствовали себя немного беспомощными в попытках утешить Zojja. Я попытался успокоить её, подчеркнув тяжесть решения, которое она возложила на нашего друга. Это было самое доброе взаимодействие, которое у нас было до сих пор. И я надеюсь, не последнее."
I liberated an ancient artifact the White Mantle were using to harvest bloodstone magic and can now harvest it for myself!,"Я освободил древний артефакт, который White Mantle использовали для сбора магии кровавого камня, и теперь могу собирать её сам!"
I like that plan. Count me in. I'll see you when this is all behind us. Be well and may the gods guide your weapons.,"Мне нравится этот план. Я в деле. Увидимся, когда всё это останется позади. Береги себя, и пусть боги направляют твое оружие."
I listen to my intuition and instinct in dangerous situations.,В опасных ситуациях я полагаюсь на свою интуицию и инстинкты.
I listened closely as Dagda laid out the agreed-upon terms: all Kryptis incursions of Tyria will immediately cease; the Astral Ward will maintain a presence in Nayos; amnesty will be granted to the Kryptis; and Peitha will be recognized as the legitimate sovereign of Nayos.,"Я внимательно слушал, как Dagda излагала согласованные условия: все вторжения Kryptis в Tyria немедленно прекращаются; Astral Ward сохранит присутствие в Nayos; Kryptis будет дарована амнистия; а Peitha будет признана законным правителем Nayos."
"I listened to both Braham's and Smodur's plans. Braham was certain he could find a way to convince the Spirits of the Wild to open the stone door by the norn ruins. Smodur, on the other hand, was more than convinced it would be a waste of time and we should put all our resources into a single frontal assault.","Я выслушал планы и Braham, и Smodur. Braham был уверен, что сможет найти способ убедить Spirits of the Wild открыть каменную дверь у руин норнов. Smodur, с другой стороны, был более чем убежден, что это пустая трата времени и нам следует направить все ресурсы на единый фронтальный штурм."
"I listened to the room's rising concerns, confusion, worry, and fear. As we broached another moment of tension, Livia appeared at the door to toss a little more fuel on the fire. She called for utilization of the Scepter of Orr—or Legavo—an ancient seer weapon designed to control or manipulate creatures from the Mists. No one had a straight answer about whether or not the thing actually works, but at least a few of the council were willing to risk it to calm this threat as quickly as possible. The room couldn't come to an agreement on what to do, so I called for a vote. Queen Jennah and Ludo were at each other's throats, but even they agreed that neither would concede. Everyone took a moment to dwell on their stance before reconvening.","Я слушал, как в зале нарастают беспокойство, замешательство, тревога и страх. Когда мы подошли к очередному напряженному моменту, в дверях появилась Livia, чтобы подлить масла в огонь. Она призвала использовать Скипетр Орра — или Legavo — древнее оружие провидцев, созданное для контроля или манипуляции существами из Туманов. Ни у кого не было однозначного ответа, работает ли эта штука на самом деле, но по крайней мере несколько членов совета были готовы рискнуть, чтобы как можно скорее устранить эту угрозу. Зал не смог прийти к согласию, поэтому я призвал к голосованию. Queen Jennah и Ludo вцепились друг другу в глотки, но даже они согласились, что никто не уступит. Все взяли паузу, чтобы обдумать свою позицию перед повторным собранием."
I look forward to catching up.,С нетерпением жду встречи.
I look forward to seeing you again. I have some things to tell you about the Pact and our plans for Mordremoth.,"С нетерпением жду нашей новой встречи. У меня есть кое-что, что нужно рассказать тебе о Pact и наших планах относительно Mordremoth."
I look out from behind a mask of fanged dread.,Я смотрю на мир из-за маски клыкастого ужаса.
I made a huge mistake trusting Caudecus. It's a mistake I'll never make again.,"Я совершил огромную ошибку, доверившись Caudecus. Больше я такой ошибки не допущу."
"I made contact with the head archivist, Rhadha, who was fearful that my presence might draw undue attention and requested that I disguise myself as a visiting scholar. This was the only way I could gain access to the archives where the entrance to the Sunspear base was located without arousing the suspicion of the many pro-Joko researchers or the Mordant Crescent patrols who monitored the facility.","Я связался с главным архивариусом Rhadha, которая опасалась, что мое присутствие может привлечь лишнее внимание, и попросила меня замаскироваться под приезжего ученого. Это был единственный способ получить доступ к архивам, где находился вход на базу Sunspears, не вызывая подозрений у многочисленных исследователей, поддерживающих Joko, или патрулей Mordant Crescent, следивших за объектом."
"I made my next stop at Wendon Steps in Brisban Wildlands. Here, I was able to locate Tatyanna's White Mantle badge. This search for sentimental objects has me wondering what sort of item would represent my life so strongly it could unbind my soul from the depths of the Mists. For Tatyanna, it seems her badge represented a place of belonging. Although I certainly can't condone the company she kept, I can understand how the desire to belong can underpin one's life to such an extent. That's something inherent in all of us. But wickedness has a way of preying on such needs and redirecting that pain for its own purposes.***","Следующую остановку я сделал на Wendon Steps в Brisban Wildlands. Здесь мне удалось найти значок White Mantle, принадлежавший Tatyanna. Этот поиск сентиментальных предметов заставляет меня задуматься, какой предмет мог бы олицетворять мою жизнь настолько сильно, что мог бы освободить мою душу из глубин Mists. Для Tatyanna, похоже, её значок олицетворял место, где она чувствовала себя своей. Хотя я, конечно, не могу оправдать компанию, в которой она была, я могу понять, как желание принадлежать к чему-то может лежать в основе жизни человека до такой степени. Это присуще всем нам. Но зло имеет свойство наживаться на таких потребностях и перенаправлять эту боль в своих целях."
I made my way from the Spire of Exaltation and the blocked door to the chamber at its peak.,Я проложил путь от Шпиля Возвышения к заблокированной двери в камеру на его вершине.
"I made my way to Lornar's Pass, where Gorrik and I met his ""friend"" Ankka together. Gorrik said his former colleague had important dragon research to share. Ankka was initially affable, even—dare I say—charming? Gorrik can have trouble expressing his emotions, but he was genuinely happy to see his old friend. However, Ankka's disposition turned dark when Gorrik brought up the topic of dragons.","Я направился в Lornar's Pass, где мы с Gorrik встретились с его «подругой» Ankka. Gorrik сказал, что у его бывшей коллеги есть важные исследования драконов, которыми она хочет поделиться. Ankka была поначалу приветлива, даже — осмелюсь сказать — очаровательна? У Gorrik могут быть проблемы с выражением своих эмоций, но он был искренне рад видеть свою старую подругу. Однако настроение Ankka стало мрачным, когда Gorrik затронул тему драконов."
"I made my way to the bottom floor of the Astralarium library. Using the key given to me by Archivist Rhadha, I deduced the incantation required in order to gain access to the archives. Saying ""Joko is false"" while standing in front of the door transported me into a secret Sunspear base, where I was greeted by Agent Kito and First Spear Hakima. Hakima informed me that only Spearmarshal Zaeim, the leader of the Istani Sunspears, knows the way in to Fahranur, and I should seek him out in Champion's Dawn.","Я пробрался на нижний этаж библиотеки Astralarium. Используя ключ, полученный от Archivist Rhadha, я разгадал заклинание, необходимое для доступа в архивы. Произнеся ""Joko is false"", стоя перед дверью, я переместился на секретную базу Sunspears, где меня встретили Agent Kito и First Spear Hakima. Hakima сообщила, что только Spearmarshal Zaeim, лидер Sunspears из Istan, знает путь в Fahranur, и мне следует разыскать его в Champion's Dawn."
"I made my way to the delegates and found Peitha and Galrath, of all people, exchanging good-natured barbs. Even more surprising to me was the presence of Zantharon, Eparch's surviving general, who'd come as part of the Nayosian delegation despite the fact that he'd only joined Peitha's side at the last possible second while witnessing his brother's death. I would've been less surprised if he'd been executed, but here he was, acting as though his presence made all the sense in the world.","Я пробрался к делегатам и обнаружил, что Peitha и Galrath, надо же, обмениваются дружелюбными колкостями. Ещё больше меня удивило присутствие Zantharon, выжившего генерала Eparch, который приехал в составе делегации Nayos, несмотря на то, что перешёл на сторону Peitha в самую последнюю секунду, став свидетелем смерти своего брата. Я бы меньше удивился, если бы его казнили, но он вел себя так, будто его присутствие было самым естественным делом в мире."
"I made my way to the pub, only to find that it had somehow already been purchased by Canach. To ""recoup my losses from Martingale,"" he said!","Я направился в паб, только чтобы обнаружить, что он каким-то образом уже был куплен Canach. Чтобы «возместить убытки от Martingale», сказал он!"
"I made use of my time by browsing the Grand Athenaeum. Strict as they could be, the mursaat had a refined sense of architecture, based on the ruins. During my visit, I found some useful historical tomes. One book in particular gave context on Yagon, her role in creating spectral agony, and also her role in killing the seer leader, Sidony. This was a major turning point in the war. Another tome, written by another mursaat, painted an especially menacing picture of Isagarren. Having worked with him the past couple years, it can be easy to forget I'm working with the most powerful wizard in known history.","Я потратил время на изучение Grand Athenaeum. Судя по руинам, мурсааты обладали утонченным чувством архитектуры. Во время визита я нашёл несколько полезных исторических томов. Одна книга дала контекст о Yagon, её роли в создании спектральной агонии, а также в убийстве лидера провидцев, Sidony. Это был важный поворотный момент в войне. Другой том, написанный другим мурсаатом, рисовал особенно зловещий портрет Isgarren. Работая с ним последние пару лет, легко забыть, что я имею дело с самым могущественным волшебником в известной истории."
"I made use of my time by browsing the Grand Athenaeum. Strict as they could be, the mursaat had a refined sense of architecture, based on the ruins. During my visit, I found some useful historical tomes. One book in particular gave context on Yagon, her role in creating spectral agony, and also her role in killing the seer leader, Sidony. This was a major turning point in the war. Another tome, written by another mursaat, painted an especially menacing picture of Isgarren. Having worked with him the past couple years, it can be easy to forget I'm working with the most powerful wizard in known history.","Я с пользой провел время, изучая Grand Athenaeum. Судя по руинам, у мурсаатов было утонченное чувство архитектуры. Во время визита я нашёл несколько полезных исторических томов. Одна книга давала контекст о Yagon, её роли в создании спектральной агонии, а также в убийстве лидера провидцев, Sidony. Это был важный поворотный момент в войне. Другой том, написанный другим мурсаатом, рисовал особенно зловещую картину Isgarren. Работая с ним последние пару лет, легко забыть, что я сотрудничаю с самым могущественным волшебником в известной истории."
I managed to finally get detailed ley readings from the map and determined...well..,"Мне наконец удалось получить подробные показания лей-линий с карты, и я определила... ну..."
"I managed to get PTM repaired. As he was rebooting, I was joined by Canach, who has apparently decided he needs more adventure. I called and updated Rytlock and Sayida on what I've been up to; they've moved to another encampment up north, so I sent Canach to join them. Maybe they'll keep each other out of trouble.","Мне удалось починить PTM. Пока он перезагружался, ко мне присоединился Canach, который, по-видимому, решил, что ему нужно больше приключений. Я позвонил и ввел в курс дела Rytlock и Sayida; они переместились в другой лагерь на севере, поэтому я отправил Canach присоединиться к ним. Может, они уберегут друг друга от неприятностей."
"I mean business. I'm the bruiser, the muscle, the bear you don't want to poke. My headband keeps my vision clear, no matter how physical I get.","Я привык действовать решительно. Я — громила, грубая сила, медведь, которого лучше не злить. Моя повязка помогает мне видеть цель, как бы яростно я ни сражался."
"I mean it. Without you, things would've gone south fast. We made it back to Hoelbrak in one piece, mostly. As for the losses...we'll talk about that another time, but things would've been a lot worse if we hadn't gotten to Cragstead when we did. Thank you, my friend. Thank you.","Я серьёзно. Без тебя всё могло закончиться очень плохо. Мы вернулись в Hoelbrak в целости и сохранности, по большей части. Что касается потерь... мы поговорим об этом в другой раз, но всё было бы гораздо хуже, если бы мы не добрались до Cragstead вовремя. Спасибо, друг мой. Спасибо."
I meant no offense.,Я не хотел вас обидеть.
I meant... I've never seen Anise defer to anyone the way she does you. I'm assuming it's blackmail.,"Я хотел сказать... Я никогда не видел, чтобы Anise кому-то уступала так, как тебе. Полагаю, это шантаж."
"I met Blish and Taimi at the site of Blish's unstable portal. As Blish set it up, a malfunction sent his arm to the other side.","Я встретил Blish и Taimi на месте нестабильного портала Blish. Пока Blish настраивал его, из-за сбоя его рука улетела на ту сторону."
"I met Braham in Hoelbrak, and together we talked to Eir about the summit. She didn't believe Knut Whitebear would leave Hoelbrak so long as the Svanir were terrorizing the Shiverpeaks. We vowed to win Whitebear's good will by disrupting the Svanir presence in Frostgorge Sound.","Я встретился с Braham в Hoelbrak, и вместе мы поговорили с Eir о саммите. Она не верила, что Knut Whitebear покинет Hoelbrak, пока Svanir терроризируют Shiverpeaks. Мы поклялись завоевать расположение Whitebear, подорвав присутствие Svanir в Frostgorge Sound."
"I met Gorrik at the gates. He was arguing over some logistical headache regarding his freight (likely more research equipment—where does he get his funding?). He directed me to the city center to meet with the Arcane Council. To my surprise, Ryland Steelcatcher—Jormag's new champion—had been invited by the council members. He was every bit as arrogant and sure of himself as his master, but we were running out of options, and Primordus was only gaining more power. He—and Jormag—needed asuran expertise to find a way to neutralize Primordus. So an uneasy truce was formed since we had similar goals of stopping the fire dragon.","Я встретил Gorrik у ворот. Он спорил из-за какой-то логистической головной боли по поводу своего груза (вероятно, ещё больше исследовательского оборудования — откуда он берет финансирование?). Он направил меня в центр города на встречу с Магическим Советом. К моему удивлению, Ryland Steelcatcher — новый чемпион Jormag — был приглашен членами совета. Он был таким же высокомерным и уверенным в себе, как и его хозяин, но у нас заканчивались варианты, а Primordus становился только сильнее. Ему — и Jormag — требовался опыт асура, чтобы найти способ нейтрализовать Primordus. Так что было заключено непростое перемирие, поскольку у нас были схожие цели — остановить огненного дракона."
"I met Kasmeer outside Joon's estate, and then Taimi let us past the gate—in opposition with Joon's wishes, as we were about to find out. As we entered her estate, she appeared overhead, but not to negotiate—only to kick us out. She still blamed us for what happened at the reactor and refused to believe we were planning to do anything but further damage her life's work. After a brief exchange, she left, turning the mansion's security on us.","Я встретился с Kasmeer возле поместья Joon, а затем Taimi пропустила нас через ворота — вопреки желанию Joon, как мы вскоре узнали. Когда мы вошли в её поместье, она появилась наверху, но не для того, чтобы вести переговоры — только чтобы выгнать нас. Она все ещё винила нас в том, что произошло на реакторе, и отказывалась верить, что мы планировали сделать что-то, кроме как нанести ещё больший ущерб делу всей её жизни. После короткого обмена репликами она ушла, включив охрану особняка против нас."
"I met Logan, Eir, Zojja, and Caithe at Camp Resolve to discuss the Pact situation. I let them know that I will be striking out on my own leads instead of being a part of the main frontal assault. Although they were disappointed to hear the news, they understood my reasons.","Я встретился с Logan, Eir, Zojja и Caithe в Camp Resolve, чтобы обсудить ситуацию с Пактом. Я сообщил им, что буду действовать по своим собственным зацепкам, а не участвовать в основном фронтальном наступлении. Хотя они были разочарованы, услышав эту новость, они поняли мои причины."
"I met Marshal Trahearne at the Pact's new staging area. We discussed the planned assault on Mordremoth, and he requested that I lead a small extraction team to retrieve Caithe's squad in the Silverwastes around Camp Resolve.","Я встретился с маршалом Trahearne в новом плацдарме Пакта. Мы обсудили планируемое наступление на Mordremoth, и он попросил меня возглавить небольшую группу извлечения, чтобы спасти отряд Caithe в Silverwastes рядом с Camp Resolve."
"I met Poky for our departure at Thunder Bay Point. I warned him that although he'd been on shorter boat rides around the isles, this trip would be a trying one. However, he brimmed with so much excitement about the prospect of his ""first real voyage"" that I could almost forgive him for signing us up for this unnecessary headache. But my patience soon ran thin when he spent the entire first part of the trip singing old lowlander sea shanties.","Я встретил Poky для нашего отправления в Thunder Bay Point. Я предупредил его, что, хотя он и плавал на лодке вокруг островов, эта поездка будет непростой. Однако он был настолько воодушевлён перспективой своего «первого настоящего путешествия», что я почти простил его за то, что он втянул нас в эту ненужную головную боль. Но моё терпение быстро иссякло, когда он провёл первую часть пути, распевая старые морские шанти низинников."
"I met Ramses on the outskirts of Nyedra. We made our way past Kryptis dwellings and temples and engaged loyalist guards in the streets. Eventually we met up with Peitha and followed her toward the general's last known location, whispers of the people of Nyedra trailing us.","Я встретил Ramses на окраине Nyedra. Мы пробрались мимо жилищ и храмов Kryptis и вступили в бой с лоялистской стражей на улицах. В конце концов мы встретились с Peitha и последовали за ней к последнему известному местонахождению генерала, преследуемые шепотом жителей Nyedra."
"I met Rytlock while searching for the location of the secret Steel warband hideout. Rytlock and Crecia discussed Ryland's fate; I hope he'll come around, but I have doubts.","Я встретил Rytlock, разыскивая тайное убежище Steel Warband. Rytlock и Crecia обсуждали судьбу Ryland; надеюсь, он одумается, но у меня есть сомнения."
"I met Taimi and Gorrik at the docks where their research material was impounded. We dealt with the escape of Gorrik's marshmallow mites, then found Blish and powered him back on. Lord Faren helped a little, too.","Я встретился с Taimi и Gorrik в доках, где были конфискованы их исследовательские материалы. Мы разобрались с побегом зефирных клещей Gorrik, а затем нашли Blish и снова включили его. Lord Faren тоже немного помог."
"I met Taimi back at Rata Sum, where Ryland and members of the Arcane Council were reviewing the latest dragon data. Oddly enough, with each passing conversation it feels like they view me as working on behalf of Primordus, whereas Ryland represents the interests of Jormag. Has everyone forgotten that both dragons need to be dealt with?","Я встретился с Taimi в Rata Sum, где Ryland и члены Arcane Council изучали последние данные о драконах. Как ни странно, с каждым разговором кажется, что они считают, будто я работаю на Primordus, в то время как Ryland представляет интересы Jormag. Неужели все забыли, что нужно разобраться с обоими драконами?"
"I met Zafirah in the field. She had brought her Dragonsblood Spear and two Zephyrites. With their help, I reforged the spear, this time using Kralkatorrik's blood.","Я встретил Zafirah в поле. Она принесла свое Копьё Крови Дракона и двух Зефиритов. С их помощью я перековал копьё, на этот раз используя кровь Kralkatorrik."
"I met my squad in the Silverwastes and quickly located Canach. He'd been separated from Caithe during their mission and was hiding in the shadows to avoid being spotted by Mordrem. We made our way through the valley and rejoined Caithe, who was locked in battle with the dragonspawn.","Я встретил свой отряд в Silverwastes и быстро нашёл Canach. Он отбился от Caithe во время их миссии и прятался в тенях, чтобы его не заметили Mordrem. Мы пробрались через долину и воссоединились с Caithe, которая вела бой с порождением дракона."
"I met my team at the Branded crater outside Glint's Lair, but the area was crawling with Forged. After clearing them out, we discovered unmistakable signs that Balthazar has built himself a war machine that harnesses magic from dragon crystals. We also found remnants of Glint's power—scattered crystalline essences and memories that enabled us to open a portal to Glint's Lair.","Я встретился со своей командой у кратера Branded за пределами Glint's Lair, но местность кишела Forged. Зачистив их, мы обнаружили неоспоримые признаки того, что Balthazar построил себе военную машину, использующую магию из кристаллов драконов. Мы также нашли остатки силы Glint — рассеянные кристаллические сущности и воспоминания, которые позволили нам открыть портал в Glint's Lair."
"I met my team at the Grove and represented the Pact for the world summit. I convinced Knut Whitebear, Queen Jennah, Councillor Phlunt, and Smodur the Unflinching that we need to unite against Mordremoth. However, the summit was cut short when the Shadow of the Dragon attacked the Pale Tree in the Omphalos Chamber. Before she fell unconscious, the Pale Tree showed me a vision of a golden land and a mysterious artifact. I'm not sure what it means just yet.","Я встретил свою команду в Grove и представлял Pact на мировом саммите. Я убедил Knut Whitebear, Queen Jennah, Councillor Phlunt и Smodur the Unflinching в том, что нам нужно объединиться против Mordremoth. Однако саммит был прерван, когда Shadow of the Dragon атаковала Pale Tree в Omphalos Chamber. Перед тем как потерять сознание, Pale Tree показала мне видение золотых земель и таинственного артефакта. Я пока не уверен, что это значит."
I met someone who says you see Caudecus often. (proceeds to the next step),"Я встретил кое-кого, кто говорит, что вы часто видитесь с Caudecus. (переход к следующему шагу)"
"I met up with Caithe at Durmand Priory. She was worried about Aurene, given the dangers ahead, and asked to be included in the preparations for our confrontation with Kralkatorrik. I told her I'd be grateful for the help, and together we went in to speak with Ogden.","Я встретился с Caithe в Durmand Priory. Она беспокоилась об Aurene, учитывая предстоящие опасности, и попросила включить её в подготовку к нашему противостоянию с Kralkatorrik. Я сказал, что буду благодарен за помощь, и вместе мы отправились на разговор с Ogden."
"I met up with Gorrik and Marjory in Zen Daijun. They'd both picked up strange ultrasonic frequencies emanating from the area and were investigating them—suspecting they might be linked to the Aetherblades somehow. Their suspicions ended up being correct. The cave was hiding a secret entrance to an Aetherblade hideout! I contacted Taimi to report our findings, and Joon, overhearing us, immediately began making a beeline to our location. She was itching for the chance to finally bring Mai Trin to justice, and honestly, I can't say I blamed her...","Я встретился с Gorrik и Marjory в Zen Daijun. Они оба уловили странные ультразвуковые частоты, исходящие из этой области, и исследовали их, подозревая, что они как-то связаны с Aetherblades. Их подозрения оказались верны. Пещера скрывала секретный вход в убежище Aetherblades! Я связался с Taimi, чтобы сообщить о наших находках, и Joon, подслушав нас, немедленно направилась к нашему местоположению. Ей не терпелось наконец призвать Mai Trin к ответу, и, честно говоря, я не могу её винить..."
"I met up with Rytlock, Caithe, and Zafirah and ventured into the cave system underneath Kralkatorrik in order to cap the ley lines healing him.","Я встретился с Rytlock, Caithe и Zafirah и отправился в систему пещер под Kralkatorrik, чтобы перекрыть питающие его лей-линии."
"I met up with Rytlock, Canach, and Sayida at the hunting camp to the north and filled them in on everything I've learned. They're predictably divided on what to make of Vloxx; Rytlock seems sympathetic, Sayida doesn't believe a word of it, and Canach... I think Canach mostly enjoyed being cheeky about the whole thing. What we all agreed on was that we need more information, because operating in the dark is going to get us nowhere. Since Isgarren is still missing, we'll have to go digging on our own.","Я встретился с Rytlock, Canach и Sayida в охотничьем лагере на севере и ввел их в курс дела. Они предсказуемо разошлись во мнениях насчет Vloxx; Rytlock, похоже, сочувствует, Sayida не верит ни единому слову, а Canach... думаю, Canach просто нравилось подшучивать над всей этой ситуацией. Мы все сошлись на том, что нам нужно больше информации, потому что действовать вслепую — путь в никуда. Поскольку Isgarren все ещё пропал, нам придётся копать самим."
"I met up with Sayida on the beaches of Guarded Glades. Rytlock was the only ally she'd been able to gather—Canach being preoccupied with rowdy patrons at the pub and Isgarren nowhere to be found. With no time to waste, we ascended the hill, heading inland.","Я встретился с Sayida на пляжах Guarded Glades. Rytlock был единственным союзником, которого ей удалось собрать — Canach был занят шумными посетителями в таверне, а Isgarren нигде не было видно. Не теряя времени, мы поднялись на холм, направляясь вглубь острова."
"I met up with Sayida on the beaches of Guarded Glades. Rytlock was the only ally she'd been able to gather—Canach being preoccupied with rowdy patrons at the pub and Isgarren nowhere to be found. With no time to waste, we ascended the hill, heading inland.As we climbed, we were swarmed by crabs. As Sayida pointed out, the vicious things had been harrying us since before we made landfall! This turned out not to be a coincidence...We caught up to Sebb and Kuda in a hillside glade. It seemed too good to be true—Sebb and Kuda, seemingly unprotected, Sebb inexplicably burying artifacts in the sandy ground.We'd interrupted Sebb just before he could attempt whatever experiment he had planned... But Sebb improvised. He threw the last artifact in our direction and bolted. Before we could pursue him, a gigantic crablike creature emerged from beneath the ground, snapping its massive claws at us and Kuda.Kuda quickly made an escape, leaving us to deal with the creature that had been hinted at in Kuda's communications: Kela, Seneschal of Waves.Shackled in magical chains, Kela struck relentlessly. Sayida realized that the seneschal was not fully in control of herself, and she fiercely defended the artifact thrown by Sebb. Thinking quickly, we unearthed the artifacts that Sebb buried in the glade in an attempt to give them to Kela and calm her down, rather than fighting her to the death. Sayida's idea seemed to work, so we kept at it.Eventually, we gathered enough of the artifacts to soothe the seneschal. With Kela subdued, we gathered ourselves and tried to piece together the clues and intel we'd discovered about the Inquest's mission. The artifacts Sebb had buried included old books, ancient tablets, a shard—And that's when it all clicked. The shard was a piece of shadowstone. The subtle hint of familiar magic I'd felt when we first landed... That was seer magic! And Isgarren, the one person who would likely know more, was conspicuously missing.After a fruitless attempt to contact Isgarren over comms, we decided to follow the lead of Sebb's artifacts further inland. Sayida and Rytlock went ahead to help establish a camp.Where was Isgarren? He'd been acting strangely since the moment we set foot on this island. An island his people were somehow familiar with. Now, when we most needed him, he'd disappeared. And what about this director, Vloxx? Was he actually leading the Inquest on Castora?There was no shortage of questions. It was time to hack our way inland to find more answers.","Я встретился с Sayida на пляжах Guarded Glades. Rytlock был единственным союзником, которого ей удалось собрать — Canach был занят буйными посетителями в пабе, а Isgarren как сквозь землю провалился. Не теряя времени, мы поднялись на холм, направляясь вглубь острова.По пути нас атаковали крабы. Как заметила Sayida, эти злобные твари донимали нас ещё до того, как мы высадились! Оказалось, это не совпадение...Мы настигли Sebb и Kuda на лесной поляне. Все выглядело слишком просто — Sebb и Kuda, казалось, беззащитны, Sebb необъяснимым образом закапывает артефакты в песчаную почву.Мы прервали Sebb как раз перед тем, как он смог приступить к задуманному эксперименту... Но Sebb импровизировал. Он бросил последний артефакт в нашу сторону и бросился наутек. Прежде чем мы успели его преследовать, из-под земли появилось гигантское крабоподобное существо, щёлкая своими массивными клешнями в нашу сторону и в сторону Kuda.Kuda быстро сбежала, оставив нас разбираться с существом, о котором упоминалось в сообщениях Kuda: Kela, Сенешаль Волн.Скованная магическими цепями, Kela наносила удары без остановки. Sayida поняла, что сенешаль не полностью контролирует себя, и она яростно защищала артефакт, брошенный Sebb. Быстро сообразив, мы выкопали артефакты, которые Sebb спрятал на поляне, в попытке отдать их Kela и успокоить её, вместо того чтобы сражаться с ней до смерти. Идея Sayida сработала, поэтому мы продолжили.В конце концов, мы собрали достаточно артефактов, чтобы утихомирить сенешаля. Когда Kela была усмирена, мы собрались с силами и попытались собрать воедино улики и разведданные, которые мы обнаружили о миссии Inquest. Артефакты, которые закопал Sebb, включали старые книги, древние таблички, осколок —И тут все встало на свои места. Осколок был куском теневого камня. Тонкий намек на знакомую магию, которую я почувствовал, когда мы впервые высадились... Это была магия провидцев! А Isgarren, единственный человек, который, скорее всего, знал бы больше, подозрительно отсутствовал.После безуспешной попытки связаться с Isgarren по рации, мы решили последовать за артефактами Sebb вглубь острова. Sayida и Rytlock пошли вперёд, чтобы помочь разбить лагерь.Где был Isgarren? Он вел себя странно с того самого момента, как мы ступили на этот остров. Остров, с которым его народ был каким-то образом знаком. Теперь, когда он был нам так нужен, он исчез. А как насчет этого директора, Vloxx? Действительно ли он возглавлял Inquest на Castora?Вопросов было предостаточно. Пришло время пробиваться вглубь острова, чтобы найти больше ответов."
"I met up with my friends afterward to discuss where the Aspect Masters were headed. Luckily, Taimi caught sight of them heading out of camp by the southwestern gate. Caithe started following me around after she learned of Glint's egg. She seems focused on it.","После этого я встретился со своими друзьями, чтобы обсудить, куда направляются Мастера Аспектов. К счастью, Taimi заметила, как они покидают лагерь через юго-западные ворота. Caithe начала ходить за мной следом, узнав о яйце Glint. Похоже, она сосредоточена на нем."
"I met with Agent Kito of the Order of Shadows and presented my plan: Archon Iberu, the Mordant Crescent officer I met in Amnoon, ranks highly enough to command Joko's armies in Joko's stead. Kito and I agreed: if I lure Iberu out and kill him, I can safely assume his identity and muster Joko's Awakened against Balthazar's Forged.","Я встретился с агентом Kito из Order of Shadows и представил свой план: Archon Iberu, офицер Mordant Crescent, которого я встретил в Amnoon, занимает достаточно высокий пост, чтобы командовать армиями Joko вместо него самого. Kito и я пришли к согласию: если я выманю Iberu и убью его, я смогу безопасно принять его облик и собрать Пробужденных Joko против Кованых Balthazar."
"I met with Caithe and Malice in the delta to begin our search. As we feared, the fog clouded our sight like a gray film over our eyes. We wandered the woods, each path weaving us deeper into disorientation. It's easy to see how one could get turned around in such a place, veteran or not. We trudged on, the fog thicker and more putrid with each breath. The further we trekked, the more a sense of unease seemed to follow, like unseen eyes lurking beyond the trees. Watching... Waiting... And then, an ambush. The first of many. Our combatants were packs of disturbing creatures, their appearance a foul mess of rotted earth. Upon reflection, they looked similar to the creatures I witnessed when closing the rifts for Vanak, the setting making them all the more sinister.","Я встретился с Caithe и Malice в дельте, чтобы начать наши поиски. Как мы и опасались, туман застилал нам обзор, словно серая пленка на глазах. Мы бродили по лесу, и каждая тропа все больше сбивала нас с толку. Легко понять, как можно заблудиться в таком месте, будь ты хоть ветераном. Мы брели дальше, а туман становился все гуще и зловоннее с каждым вдохом. Чем дальше мы заходили, тем сильнее становилось чувство тревоги, словно невидимые глаза следили за нами из-за деревьев. Наблюдали... Ждали... А потом — засада. Первая из многих. Нашими противниками были стаи жутких существ, чей облик представлял собой гнилое месиво из земли. Поразмыслив, я понял, что они похожи на тех существ, которых я видел, закрывая разломы для Vanak, что делало их ещё более зловещими."
"I met with Frode, Dagda, Zojja, Galrath, and Zizel outside the bastion. The mood was somber and intense. Galrath led us inside, the severity of his tone evocative of what we would find.","Я встретилась с Frode, Dagda, Zojja, Galrath и Zizel возле бастиона. Настроение было мрачным и напряженным. Galrath повел нас внутрь, суровость его тона предвещала то, что мы обнаружим."
"I met with Isgarren back at the Consecrated Piazza. There, he was able to trace the origin of the runes. He explained that binding runes require an immense well of power and demand much from the caster, so they often leave a trail of essence where they were set. If he could trace that essence to the origin of the spell, we'd be able to witness the moment when the runes were conjured.","Я встретился с Isgarren на Consecrated Piazza. Там он смог проследить происхождение рун. Он объяснил, что связующие руны требуют огромного источника силы и многого требуют от заклинателя, поэтому они часто оставляют след сущности там, где были установлены. Если бы он смог проследить эту сущность до источника заклинания, мы смогли бы стать свидетелями момента, когда руны были сотворены."
I met with Marjory and Kasmeer back at the Dead End Bar for a much-needed post-investigation drink. Logan expressed his thanks for our work in capturing Mai Trin.,"Я встретился с Marjory и Kasmeer в баре Dead End, чтобы выпить по стаканчику после расследования. Logan выразил благодарность за нашу работу по поимке Mai Trin."
"I met with Marjory, and together with Rytlock, Crecia, Braham, and a Vigil relief crew, we're headed north to Jora's Keep in Bjora Marches.","Я встретился с Marjory, и вместе с Rytlock, Crecia, Braham и спасательным отрядом Vigil мы направляемся на север, в Jora's Keep в Bjora Marches."
I met with Nadeem in Divinity's Reach. He was loud and affable—good traits for a warrior.,Я встретился с Nadeem в Divinity's Reach. Он был громким и общительным — хорошие качества для воина.
I met with Sayida and her crew just outside the entrance to the Mordant Crescent Great Hall. She clapped me in irons and escorted me inside.,Я встретился с Sayida и её командой прямо у входа в Великий зал Mordant Crescent. Она заковала меня в кандалы и сопроводила внутрь.
"I met with Vesna Torgsdottir and her curious companion, Torvi, in Hoelbrak. Vesna taught me the art of evocation, a secretive practice among norn elementalists that has seldom been shared. Evokers summon elemental familiars just like Torvi to aid them in battle and join them on their adventures.","Я встретился с Vesna Torgsdottir и её любопытным компаньоном Torvi в Hoelbrak. Vesna обучила меня искусству эвокации, секретной практике среди норнов-элементалистов, которой редко делились. Эвокаторы призывают элементальных фамильяров, таких как Torvi, чтобы помогать им в бою и сопровождать их в приключениях."
"I met with my allies in Lion's Arch, ready to set sail for the island of Castora. Much to my surprise, Sayida and Canach weren't alone. Isgarren had come on behalf of the Astral Ward, and Rytlock was sent by Crecia and the charr legions.","Я встретился со своими союзниками в Lion's Arch, готовый отплыть на остров Castora. К моему удивлению, Sayida и Canach были не одни. Isgarren пришёл от имени Astral Ward, а Rytlock был послан Crecia и легионами charr."
"I most certainly am concerned, Commander. It's why I need you here.","Беспокоит, и ещё как, Коммандир. Вот почему ты мне здесь нужен."
"I moved on to help my allies retake the outlying extractors, facing a distinct Void manifestation on each Elder Dragon platform. Gorrik, Rama, and I defeated the manifestation of Jormag first, and then I moved on to help Canach and Sayida defeat Primordus. Then Ayumi, Ivan, and I vanquished Kralkatorrik. Again.","Я отправился помогать своим союзникам отбить внешние экстракторы, столкнувшись с проявлением Void на каждой платформе Elder Dragon. Gorrik, Rama и я сначала победили проявление Jormag, а затем я отправился помогать Canach и Sayida победить Primordus. Затем Ayumi, Ivan и я победили Kralkatorrik. Снова."
I must close the entrance forever. This portal will allow you to return safely to the surface.,Я должен закрыть вход навсегда. Портал позволит тебе безопасно вернуться на поверхность.
I must have been lost in my own thoughts while the queen and Scarlet conspired deviously.,"Должно быть, я погрузилась в свои мысли, пока королева и Scarlet коварно плели заговор."
"I must still make it past Warden Amala, and time is of the essence: Joko is back from the Domain of the Lost. And he has Taimi.","Мне все ещё нужно миновать Warden Amala, и время не ждет: Joko вернулся из Domain of the Lost. И у него Taimi."
I need more time to consider your options.,"Мне нужно больше времени, чтобы обдумать твои варианты."
"I need to ask you something, Priest. Where's Balthazar, and what's he up to?","Мне нужно кое-что спросить у тебя, жрец. Где Balthazar и что он замышляет?"
"I need to contact Vloxx again. I think his intentions are good, but the kind of power he's after... We need to move quickly now. There is still time to prevent a catastrophe, but only if we find Ancora first.","Мне нужно снова связаться с Vloxx. Я думаю, его намерения благие, но та сила, за которой он охотится... Нам нужно действовать быстро. Ещё есть время предотвратить катастрофу, но только если мы найдём Ancora первыми."
I need to find the Eye. She said you were tracking it.,"Мне нужно найти Око. Она сказала, что ты выслеживаешь его."
I need to go think for a while.,Мне нужно немного подумать.
I need to to think for a while.,Мне нужно немного подумать.
I need you to return to Lion's Arch for questioning.,"Мне нужно, чтобы ты вернулся в Lion's Arch для допроса."
"I need you to stay here, in case they or the Master of Peace come back.","Мне нужно, чтобы ты остался здесь на случай, если они или Master of Peace вернутся."
"I needed to take my mind off it all. Recharge. So despite still feeling exhausted, I accepted an invitation to the Red Duck Tea House for a party hosted by the recently retired Detective Rama.","Мне нужно было отвлечься от всего этого. Перезарядиться. Поэтому, несмотря на то, что я все ещё чувствовал себя измотанным, я принял приглашение в чайный домик Red Duck на вечеринку, организованную недавно вышедшим на пенсию детективом Rama."
"I never want to take up arms against one of my subjects, but...I think I might be quite suited for your lifestyle!","Я никогда не хотела поднимать оружие против своих подданных, но... думаю, мне вполне подошёл бы твой образ жизни!"
"I offered to go with Peitha to her home world. Isgarren, at first hesitant, eventually agreed. The ward needs to recover before he can lend any meaningful aid, but as soon as Peitha is ready I will join her in Nayos.","Я предложил отправиться с Peitha в её родной мир. Isgarren, поначалу колеблясь, в конце концов согласился. Стража должна восстановиться, прежде чем он сможет оказать какую-либо значимую помощь, но как только Peitha будет готова, я присоединюсь к ней в Nayos."
I offered to help the kodan of Still Waters Speaking and found plenty in need throughout the valley. Then Braham got in touch. Turns out the Wolf Spirit has a plan of his own: find the three lost Spirits of the Wild and use their power to destroy Drakkar. I'm on my way to meet Braham at the first shrine now.,"Я предложил помощь коданам из Still Waters Speaking и нашёл много нуждающихся в ней по всей долине. Затем со мной связался Braham. Оказывается, у Wolf Spirit есть собственный план: найти трех потерянных Spirits of the Wild и использовать их силу, чтобы уничтожить Drakkar. Я направляюсь к первому святилищу, чтобы встретиться с Braham."
"I only ask because I see you there, ready to serve. <b>*</b>","Я спрашиваю лишь потому, что вижу вас здесь, готовым к услугам. <b>*</b>"
"I only hope to be of some small service, Countess.","Я лишь надеюсь быть хоть немного полезной, графиня."
I only want to be off Anise's leash. Saving the world would just be a corollary benefit.,Я просто хочу сорваться с поводка Anise. Спасение мира было бы лишь приятным дополнением.
I outran Kralkatorrik as Blish spoke his final words. Our mission ended successfully—but at the cost of Blish's life.,"Я убегал от Kralkatorrik, пока Blish произносил свои последние слова. Наша миссия завершилась успешно, но ценой жизни Blish."
I overheard Countess Anise and Canach having a discussion. She wants him to infiltrate the Pact staging area and learn what he can about their preparations in the fight against Mordremoth.,"Я подслушал разговор Countess Anise и Canach. Она хочет, чтобы он проник в зону подготовки Pact и узнал всё, что сможет, об их приготовлениях к битве против Mordremoth."
"I paid Alder and Poky a visit soon after, with my original intent of checking on the kid. Though my mind was swimming, I kept as collected as possible. Their family has more than enough on their plate, and, as I've said before, this situation is Waiting Sorrow's to address. Although, the more I learn, the more suspicious I am of her...","Вскоре после этого я навестил Alder и Poky, изначально намереваясь проведать паренька. Хотя мысли путались, я старался сохранять максимальное спокойствие. У их семьи и так полно забот, и, как я уже говорил, это ситуация, которую должна решать сама Waiting Sorrow. Хотя, чем больше я узнаю, тем больше она вызывает у меня подозрений..."
I passed a camp where friendly folk beckoned me to warm myself by their campfire. I should not have given in to temptation.,"Я проходил мимо лагеря, где дружелюбные люди пригласили меня погреться у их костра. Мне не следовало поддаваться искушению."
"I pity that golem's attendant. I don't envy his position. It is, however, good to see you at a time like this.","Сочувствую смотрителю этого голема. Не завидую его положению. Впрочем, приятно видеть вас в такое время."
"I placed three seismic taps around the island to collect data for Gorrik, who hopes to map the interior. At the last location I found wild ley energy—magic that Kralkatorrik can eat to heal! Taimi also reported that the chopper went down due to signal interference from the wing. Then Caithe chimed in: Aurene had found something.","Я установил три сейсмических датчика вокруг острова, чтобы собрать данные для Gorrik, который надеется составить карту внутренних областей. В последней точке я обнаружил дикую лей-энергию — магию, которую Kralkatorrik может поглощать для исцеления! Taimi также сообщила, что вертолет разбился из-за помех сигнала, исходящих от крыла. Затем вмешалась Caithe: Aurene что-то нашла."
"I presented my reconnaissance report to Logan. While I was surveying the area, the Seraph learned that the White Mantle have seized control of Fort Evennia, to the east of Doric's Landing. Logan said that a Shining Blade agent was stationed in the area, and asked me to seek out his assistance in dealing with the Mantle forces occupying the fort.","Я представил свой разведывательный отчёт Logan. Пока я осматривал местность, Seraph узнали, что White Mantle захватили контроль над Fort Evennia к востоку от Doric's Landing. Logan сказал, что в этом районе находится агент Shining Blade, и попросил меня найти его, чтобы помочь разобраться с силами Mantle, оккупирующими форт."
"I pressed Ludo, wondering exactly how much she knew about the fact that—as Vloxx himself admitted to me weeks ago—Vloxx had permission from the Arcane Council to make his expedition to Castora to begin with.","Я надавил на Ludo, желая узнать, насколько она осведомлена о том факте, что — как сам Vloxx признался мне несколько недель назад — Vloxx получил разрешение от Arcane Council на свою экспедицию на Castora."
"I proposed a trade to Sayida the Sly, who informed me that while she felt honor bound to aid me in exchange for her coin, she had already turned Zaeim in to the Mordant Crescent for the bounty. We came up with an alternate plan. She'll turn me in for the bounty on my head, and I'll break Zaeim out from inside the prison at the Mordant Crescent Great Hall. Kito will summon Sunspear forces to help from the outside, and Sayida will ply the Awakened with corsair grog, which is apparently strong enough to leave even the undead incapacitated. I obtained the ingredients for this legendary brew, a quest that proved challenging since they're distributed among feuding corsair crews.","Я предложил сделку Sayida the Sly, которая сообщила, что, хотя она чувствует себя обязанной помочь мне в обмен на золото, она уже сдала Zaeim представителям Mordant Crescent ради награды. Мы придумали альтернативный план. Она сдаст меня, чтобы получить награду за мою голову, а я вызволю Zaeim из тюрьмы в Great Hall Mordant Crescent. Kito призовет силы Sunspear на помощь снаружи, а Sayida напоит Пробужденных корсарским грогом, который, по-видимому, настолько крепок, что способен вывести из строя даже нежить. Я добыл ингредиенты для этого легендарного напитка — задача оказалась непростой, так как они распределены между враждующими командами корсаров."
"I put in some overdue maintenance on the homestead to help ease the family's burden. Though I expected nothing in return, Stoic Alder rewarded me with a generosity I was not prepared for. He gifted me the homestead! I recognize that the place likely seems more an emotional burden to him than an asset, but the extravagance of the gift is not to be overlooked. I can't help but wonder if the gesture was in part diplomatically motivated. Regardless...I have my own home! A notion I never thought possible. In fact, the thought of settling in one place had scarce occurred to me. But after years of venturing, having a place to put my feet up sounds quite nice. Now, if only I had something to rest my feet upon...","Я провел некоторое запоздалое обслуживание усадьбы, чтобы помочь облегчить бремя семьи. Хотя я не ожидал ничего взамен, Stoic Alder вознаградил меня щедростью, к которой я не был готов. Он подарил мне усадьбу! Я понимаю, что для него это место, скорее, эмоциональное бремя, чем актив, но экстравагантность подарка нельзя игнорировать. Я не могу не задаться вопросом, не был ли этот жест отчасти дипломатически мотивирован. Как бы то ни было... у меня есть свой дом! Мысль, которую я никогда не считал возможной. На самом деле, мысль об оседлой жизни почти не приходила мне в голову. Но после многих лет странствий иметь место, где можно вытянуть ноги, звучит довольно приятно. Вот только если бы у меня было на что эти ноги положить..."
"I quickly received a message from Canach detailing the components he required to create the ""device"" he planned to use to open the barrier. It was time to explore Eternity's Garden.","Я быстро получил сообщение от Canach с подробным описанием компонентов, которые ему требовались для создания «устройства», которое он планировал использовать, чтобы открыть барьер. Пришло время исследовать Сад Вечности."
"I raised my moa from the egg. Its devotion to me is unmatched, and I've seen it drop an enemy before I could even draw my weapon.","Я вырастил свою моа из яйца. Её преданность мне не имеет равных, и я видел, как она свалила врага ещё до того, как я успел вытащить оружие."
"I rallied my guildmates and my borrowed Awakened troops outside the Kodash Bazaar. Kasmeer had fully overcome her hesitation about fighting Balthazar, his actions having negated any lingering reverence she may have held for him—and not a moment too soon. Balthazar appeared atop a massive mechanical monstrosity he called the Warbeast: a terrifying hybrid of living creature and armored siege engine. This is what Balthazar and the Forged were building in Glint's Lair: a piece of ordnance that could contain and transport Aurene, then use her as a weapon to kill Kralkatorrik. With Aurene helpless inside his Warbeast, Balthazar marched his creation forward to confront Kralkatorrik.","Я собрал своих согильдийцев и одолженные войска Пробужденных за пределами Базара Кодаш. Kasmeer полностью преодолела нерешительность в отношении битвы с Balthazar, так как его действия развеяли остатки почтения, которое она могла к нему испытывать — и это произошло как нельзя вовремя. Balthazar появился верхом на массивном механическом чудовище, которое он назвал Warbeast: ужасающем гибриде живого существа и бронированной осадной машины. Именно это Balthazar и Forged строили в Логове Glint: орудие, способное сдержать и транспортировать Aurene, а затем использовать её как оружие для убийства Kralkatorrik. С беспомощной Aurene внутри своего Warbeast, Balthazar направил свое творение вперёд, чтобы противостоять Kralkatorrik."
"I rallied my guildmates and my borrowed Awakened troops outside the Kodash Bazaar. Kasmeer had fully overcome her hesitation about fighting Balthazar, his actions having negated any lingering reverence she may have held for him—and not a moment too soon. Balthazar appeared atop a massive mechanical monstrosity he called the Warbeast: a terrifying hybrid of living creature and armored siege engine. This is what Balthazar and the Forged were building in Glint's Lair: a piece of ordnance that could contain and transport Aurene, then use her as a weapon to kill Kralkatorrik. With Aurene helpless inside his Warbeast, Balthazar marched his creation forward to confront Kralkatorrik. Fortunately, Rytlock put our shared mission first and loaned me his sword Sohothin, predicting that it would give me a decisive edge that Balthazar would not be expecting.","Я собрал своих согильдийцев и одолженные войска Пробужденных за пределами Kodash Bazaar. Kasmeer полностью преодолела свои сомнения насчет сражения с Balthazar, так как его действия перечеркнули любое остаточное почтение, которое она могла к нему испытывать — и как раз вовремя. Balthazar появился верхом на массивном механическом чудовище, которое он назвал Warbeast: ужасающем гибриде живого существа и бронированной осадной машины. Это то, что Balthazar и Кованые строили в Glint's Lair: орудие, способное сдержать и транспортировать Aurene, а затем использовать её как оружие для убийства Kralkatorrik. С беспомощной Aurene внутри своего Warbeast, Balthazar двинул свое творение вперёд, чтобы противостоять Kralkatorrik. К счастью, Rytlock поставил нашу общую миссию на первое место и одолжил мне свой меч Sohothin, предсказав, что это даст мне решающее преимущество, которого Balthazar не ожидает."
"I ran into Logan Thackeray inside the tavern; he was already speaking with Marjory about the case. She was accompanied by Lady Kasmeer Meade, Marjory's assistant (much to Logan's surprise). Ashford's family is looking into the incident, and they're afraid the Lionguard is too busy keeping things quiet to get any meaningful work done. Marjory and Kasmeer agreed to help.","Я столкнулся с Logan Thackeray внутри таверны; он уже обсуждал дело с Marjory. Её сопровождала Lady Kasmeer Meade, помощница Marjory (к большому удивлению Logan). Семья Ashford расследует инцидент, и они боятся, что Lionguard слишком заняты сокрытием фактов, чтобы проделать хоть какую-то значимую работу. Marjory и Kasmeer согласились помочь."
"I ran into Scientist Quickk while looking for the third machine. He'd found it first, but it was damaged—its parts scattered all around. It didn't take long for me to find them all and then activate the machine. Only one left to find, and then I can get off this forsaken island.","Я наткнулся на Scientist Quickk, когда искал третью машину. Он нашёл её первым, но она была повреждена — детали разлетелись вокруг. Мне не потребовалось много времени, чтобы найти их все и активировать машину. Осталась последняя, и тогда я смогу выбраться с этого проклятого острова."
"I reached out across my network for information about Balthazar, and I think I know what he's after.","Я использовал свою сеть контактов, чтобы узнать о Balthazar, и, кажется, понял, за чем он охотится."
"I reached out to Caithe over comms to see if she'd heard from Aurene. She hadn't, but she was following up on a suspicion she had mentioned in our conversation at Sun's Refuge—she was convinced that the dwarves were involved in Glint's legacy. Unfortunately, her plan to talk directly to Ogden about this suspicion hit a snag. The Priory were apparently resistant to the idea of a known thief wandering their halls and had refused her entry. I offered to meet her at the Priory and act as her ""chaperone"" so we could speak with Ogden together.","Я связался с Caithe по рации, чтобы узнать, не слышала ли она что-нибудь об Aurene. Она ничего не знала, но проверяла подозрение, о котором упоминала в нашем разговоре в Sun's Refuge — она была убеждена, что дварфы причастны к наследию Glint. К сожалению, её план поговорить об этом напрямую с Ogden столкнулся с препятствием. В Priory, по-видимому, были против того, чтобы известная воровка разгуливала по их залам, и отказали ей во входе. Я предложил встретиться с ней в Priory и выступить в роли её «сопровождающего», чтобы мы могли поговорить с Ogden вместе."
"I reached out to Taimi for an update on her investigation at the Inquest base at Fahranur. She sounded subdued, which wasn't surprising given her traumatic abduction by Joko. Still, she'd made two important discoveries.","Я связался с Taimi, чтобы узнать новости о её расследовании на базе Inquest в Fahranur. Она звучала подавленно, что неудивительно, учитывая её травмирующее похищение Joko. Тем не менее, она сделала два важных открытия."
"I realize it's been a while since my last update. If I'm being honest, my encounter with that demon—the so-called ""ravenous wanderer""—took more out of me than I'd like to admit. Though I've recovered well physically, I still feel drained. Years of battle, leadership, loved ones lost—all of it takes its toll. Regardless, we have a problem on our hands, and it's not going to wait for me to take a spa day to clear my head. It's time to tackle this once and for all.","Понимаю, прошло много времени с моего последнего отчёта. Честно говоря, моя встреча с тем демоном — так называемым «ненасытным странником» — отняла у меня больше сил, чем хотелось бы признать. Хотя физически я восстановился, я все ещё чувствую себя опустошенным. Годы сражений, лидерство, потеря близких — все это берет свое. Как бы то ни было, у нас есть проблема, и она не будет ждать, пока я устрою себе спа-день, чтобы прочистить голову. Пора покончить с этим раз и навсегда."
"I realized that what Peitha, Ramses, and Nephus had sensed was the writhing essence of countless numbers of their people, sacrificed—willingly or not—to fuel Eparch's strength.","Я понял, что то, что чувствовали Peitha, Ramses и Nephus, было извивающейся сущностью бесчисленного множества их сородичей, принесенных в жертву — добровольно или нет — чтобы подпитать силу Eparch."
"I received a letter from Captain Kiel. The reconstruction of Lion's Arch was already underway, thanks to the support of Queen Jennah and the charity of the Zephyrites. The captain hoped that our little group of heroes would be available to receive the nomadic group's leader, the Master of Peace. After some formalities, we were finally introduced and received compliments from both the captain and the Zephyrite master. They suggested we make ourselves seen at the various events being held to support the Lion's Arch relief effort, if only to drum up donations. Braham and Rox were quick to depart to the Crown Pavilion, while Taimi stuck with Marjory and Kasmeer, opting to visit the Labyrinthine Cliffs and the festivities there. As my new comrades went their separate ways, I felt as though we'd finally turned the page on a new chapter.","Я получил письмо от Captain Kiel. Восстановление Lion's Arch уже шло полным ходом благодаря поддержке Queen Jennah и благотворительности Zephyrites. Капитан надеялась, что наша небольшая группа героев сможет встретить лидера кочевников, Master of Peace. После соблюдения формальностей нас наконец представили друг другу, и мы получили комплименты как от капитана, так и от мастера Zephyrite. Они предложили нам показаться на различных мероприятиях, проводимых в поддержку усилий по оказанию помощи Lion's Arch, хотя бы для того, чтобы собрать пожертвования. Braham и Rox поспешили отправиться в Crown Pavilion, в то время как Taimi осталась с Marjory и Kasmeer, решив посетить Labyrinthine Cliffs и проходящие там празднества. Когда мои новые товарищи разошлись в разные стороны, я почувствовал, что мы наконец перевернули страницу и начали новую главу."
"I received a mail from Kasmeer, who informed me that Queen Jennah's attendance at the summit is in jeopardy. Minister Estelle claimed that the queen had secretly met with Scarlet and essentially gave her access to the watchknights. Had I not found multiple witnesses who would back up Countess Anise's accounts of the queen's activities that day (and Minister Estelle's little gambling outing), Queen Jennah would have been unable to attend the summit. With her lies exposed, Estelle will recant her story—and possibly cooperate with Countess Anise in future matters. She really has no choice.","Я получил письмо от Kasmeer, которая сообщила мне, что присутствие Queen Jennah на саммите под угрозой. Minister Estelle заявила, что королева тайно встречалась с Scarlet и, по сути, предоставила ей доступ к стражам (watchknights). Если бы я не нашёл нескольких свидетелей, которые подтвердили бы слова Countess Anise о действиях королевы в тот день (и о маленькой авантюре Minister Estelle в азартные игры), Queen Jennah не смогла бы присутствовать на саммите. Теперь, когда её ложь раскрыта, Estelle возьмет свои слова назад — и, возможно, будет сотрудничать с Countess Anise в будущем. У неё действительно нет выбора."
"I received a message from Agent Kito suggesting we meet. He informed me that Joko gained control of another asura gate hub, allowing him to continue his invasion of Tyria.","Я получил сообщение от Agent Kito с предложением встретиться. Он сообщил, что Joko захватил контроль над ещё одним узлом асурийских врат, что позволяет ему продолжать вторжение в Tyria."
"I received a message from Malice, imperator of the Ash Legion, suggesting that the situation in Drizzlewood Coast has changed. We returned to the war-torn Woodland Cascades to hear what Malice had learned.","Я получил сообщение от Malice, императора Ash Legion, о том, что ситуация в Drizzlewood Coast изменилась. Мы вернулись в раздираемые войной Woodland Cascades, чтобы узнать, что удалось выяснить Malice."
"I received a mysteriously urgent letter from Commodore Lawson, summoning me to Lion's Arch to meet with him.    ***","Я получил загадочно срочное письмо от Commodore Lawson, вызывающее меня в Lion's Arch на встречу с ним."
"I received a priority message from Logan Thackeray about a developing situation in Lornar's Pass. Scarlet's latest handiwork, a massive watchknight mechanical puppet chained to some kind of hovering fortress, was wreaking havoc as part of a deadly weapon test. I met some familiar faces there: Braham, Rox, Marjory, and Kasmeer were fighting against this abomination when an unsupervised and spunky progeny named Taimi charged into battle before I could stop her. So I gave chase. Our group split up and teleported to the individual platforms to disable each power regulator, all while fighting off clockwork monsters and ducking attacks from the colossal marionette. To my surprise, Taimi and her golem proved themselves a capable duo. Eventually, we forced Scarlet to pull her broken toy back for repairs.","Я получил приоритетное сообщение от Logan Thackeray о развивающейся ситуации в Lornar's Pass. Последнее творение Scarlet, массивная механическая марионетка-часовой, прикованная к своего рода парящей крепости, сеяла хаос в рамках испытания смертоносного оружия. Там я встретил знакомые лица: Braham, Rox, Marjory и Kasmeer сражались с этим чудовищем, когда Taimi, безрассудный и энергичный потомок, бросилась в бой раньше, чем я успел её остановить. Поэтому я бросился в погоню. Наша группа разделилась и телепортировалась на отдельные платформы, чтобы отключить каждый регулятор мощности, попутно отбиваясь от заводных монстров и уклоняясь от атак колоссальной марионетки. К моему удивлению, Taimi и её голем оказались способным дуэтом. В конце концов, мы заставили Scarlet отозвать свою сломанную игрушку на ремонт."
"I received a request from Crecia Stoneglow, the acting imperator of the Blood Legion, to help negotiate a ceasefire between the United Legions and Bangar's Dominion forces.","Я получил запрос от Crecia Stoneglow, исполняющей обязанности императора Blood Legion, помочь в переговорах о прекращении огня между Объединенными легионами и силами Dominion под предводительством Bangar."
I received a summons from Councillor Ludo to visit a former colleague of hers in Rata Sum—a professor from the College of Dynamics. I know better than to leave an academic waiting.      ***,"Я получил вызов от Councillor Ludo посетить её бывшего коллегу в Rata Sum — профессора из Коллегии Динамики. Я знаю, что лучше не заставлять академика ждать."
"I received an invitation from Blood Legion Imperator Bangar Ruinbringer for a celebration in honor of Kralkatorrik's demise. Rytlock, Braham, and Gorrik also accepted the invitation to the Blood Legion homelands, and we were delighted when Kas and Jory decided to join as well. Tribune Crecia Stoneglow, Bangar's head of security and clearly an old friend of Rytlock's, escorted us to Bangar's opening ceremony. Rytlock and Crecia's history got a little clearer when an impressive young centurion taking part in the ceremony turned out to be their son, Ryland. The ceremony went awry, however, when Aurene made an unexpected appearance, shocking the charr in attendance and clearly angering Bangar. Crecia asked that we spend some time mingling with the attendees and check in with the other imperators to try and ease any anxieties.","Я получил приглашение от императора Blood Legion Bangar Ruinbringer на празднование в честь гибели Kralkatorrik. Rytlock, Braham и Gorrik также приняли приглашение на земли Blood Legion, и мы были рады, когда Kas и Jory решили присоединиться к нам. Трибун Crecia Stoneglow, глава службы безопасности Bangar и, очевидно, старый друг Rytlock, сопровождала нас на церемонию открытия Bangar. История Rytlock и Crecia стала немного яснее, когда впечатляющий молодой центурион, принимавший участие в церемонии, оказался их сыном, Ryland. Однако церемония пошла не по плану, когда Aurene неожиданно появилась, шокировав присутствующих чарр и явно разозлив Bangar. Crecia попросила нас пообщаться с присутствующими и переговорить с другими императорами, чтобы попытаться развеять любые тревоги."
"I received an invitation from the Iron Legion Imperator, Mia Kindleshot, to meet with Petrus Dawnwelder in the Black Citadel for a ""pioneering training session with one of Iron's best guardians."" How can I turn down an offer like that?       ***","Я получил приглашение от императора Iron Legion, Mia Kindleshot, встретиться с Petrus Dawnwelder в Black Citadel для «новаторской тренировки с одним из лучших стражей Iron». Как я могу отказаться от такого предложения?"
"I received an urgent communication from Jhavi: Rytlock and Crecia haven't checked in for days, and Braham stormed off to find them without any Vigil support. I need to head to Jora's Keep in Bjora Marches for a full update.","Я получил срочное сообщение от Jhavi: Rytlock и Crecia не выходили на связь несколько дней, а Braham в одиночку бросился на их поиски без поддержки Vigil. Мне нужно отправиться в Jora's Keep в Bjora Marches за полной информацией."
"I received another note from the cryptic ""E"" asking me to investigate mysterious incursions at the edge of Brisban Wildlands, while suggesting that these incursions may be an early sign that a new threat to Tyria was in fact roused during Scarlet Briar's attack on Lion's Arch.","Я получил ещё одну записку от загадочного «E» с просьбой расследовать таинственные вторжения на окраине Brisban Wildlands. В ней также предполагалось, что эти вторжения могут быть ранним признаком того, что новая угроза для Tyria на самом деле пробудилась во время атаки Scarlet Briar на Lion's Arch."
"I received information that Ebonhawke was in danger, so I put the word out to my guildmates to see if anyone was available. Kasmeer agreed to muster help. Crecia was already in the area dealing with Renegades, so she offered assistance. This made Kas uneasy due to the long-standing tension between humans and charr, treaty or not. That a newly minted imperator would be marching into the city gates would no doubt exacerbate feelings of distrust.","Я получил информацию, что Эбонхоук в опасности, поэтому сообщил своим согильдийцам, чтобы узнать, есть ли кто свободный. Kasmeer согласилась собрать помощь. Crecia уже была в этом районе, разбираясь с Ренегатами, поэтому предложила поддержку. Это заставило Kas нервничать из-за давнего напряжения между людьми и чарр, независимо от договора. То, что новоиспеченный император войдёт в городские ворота, несомненно, усилит чувство недоверия."
"I recognized Mabon's voice immediately. It was gravelly and strained as if after a drawn-out fight. A second figure hovered over him. Isgarren. His name flooded through my mind as I viewed him for the first time. He had Mabon, who was ready to concede, pinned to the ground. Isgarren taunted him and called his mursaat nature into question, asking why he didn't fight back. But Mabon didn't flinch. He was ready to die by Isgarren's hands.","Я сразу узнал голос Mabon. Он был хриплым и напряжённым, словно после затяжного боя. Вторая фигура нависла над ним. Isgarren. Его имя пронеслось в моей голове, когда я впервые увидел его. Он прижал к земле Mabon, который был готов сдаться. Isgarren насмехался над ним и ставил под сомнение его природу мурсаатов, спрашивая, почему он не сопротивляется. Но Mabon не дрогнул. Он был готов умереть от рук Isgarren."
"I reconnected with my allies at Navan's haven—a ruin called Arborstone, which once belonged to a Kurzick noble house known as the zu Heltzers. It was destroyed when they were wiped out by the Ministry of Purity many years ago but has been gradually restored since. It seems our detective is part Kurzick himself, and so the sight of the ruined great house was deeply affecting. The traumas left by the Ministry of Purity's actions still run deep in the people of Cantha.","Я воссоединился со своими союзниками в убежище Navan — руинах под названием Arborstone, которые когда-то принадлежали благородному дому Kurzick, известному как zu Heltzers. Он был разрушен, когда они были уничтожены Ministry of Purity много лет назад, но с тех пор постепенно восстанавливался. Похоже, наш детектив сам частично Kurzick, поэтому вид разрушенного великого дома произвел на него глубокое впечатление. Травмы, оставленные действиями Ministry of Purity, все ещё глубоки в народе Cantha."
"I regrouped with Braham in Hoelbrak to report back to Knut and Eir. His friends, his family—most of them were killed during the raid at Cragstead. Knut expressed his regrets, but his remorse felt forced. I think Braham's anger was justified—if anything, given the loss of his home his anger was modest.","Я воссоединился с Braham в Hoelbrak, чтобы доложить Knut и Eir. Его друзья, его семья — большинство из них погибли во время налета на Cragstead. Knut выразил свои сожаления, но его раскаяние казалось наигранным. Я думаю, гнев Braham был оправдан — если уж на то пошло, учитывая потерю дома, его гнев был даже сдержанным."
"I regrouped with Gorrik, Rama, and Yao near the bottom of the mine at Luxon Terminus. The group was getting increasingly testy with each other. Not sure if it was the stress or some side effect of haze exposure, or what...","Я перегруппировался с Gorrik, Rama и Yao недалеко от дна шахты в Luxon Terminus. Группа становилась все более раздражительной по отношению друг к другу. Не уверен, был ли это стресс, побочный эффект воздействия дымки или что-то ещё..."
"I regrouped with Marjory and Kasmeer inside of the tower's innermost chamber a few weeks later. Even though we were able to clear the way to the heart, giving us ample opportunity to inject the antitoxin, the Tower of Nightmares continued to corrupt Kessex Hills with toxic spores. No matter how many doses they injected into the heart, the tower stood tall. Marjory knew we were missing something, but what was it?","Несколько недель спустя я воссоединился с Marjory и Kasmeer внутри самой глубокой камеры башни. Несмотря на то, что мы смогли расчистить путь к сердцу, что дало нам достаточно возможностей ввести антитоксин, Башня Кошмаров продолжала отравлять Kessex Hills токсичными спорами. Сколько бы доз они ни вводили в сердце, башня продолжала стоять. Marjory знала, что мы что-то упускаем, но что именно?"
"I regrouped with my allies in the caves to the south. Somewhere deeper inside, Drakkar was waiting for us. We knew this wouldn't be an easy battle, but already I worry about Jormag's influence. The whispers are louder here. Closer than ever.","Я перегруппировался с союзниками в пещерах на юге. Где-то в глубине нас ждал Drakkar. Мы знали, что битва будет нелегкой, но я уже беспокоюсь о влиянии Jormag. Здесь шепот звучит громче. Ближе, чем когда-либо."
"I regrouped with my friends back at camp, where Kasmeer and Marjory were finally acquainted with Braham and Rox. They got on well, bonding over the shared experience of combating Scarlet's various schemes to date.","Я перегруппировался с друзьями в лагере, где Kasmeer и Marjory наконец познакомились с Braham и Rox. Они поладили, сблизившись на почве борьбы с различными планами Scarlet."
