english,translate
"The Toxic Alliance have temporarily retreated from the tower...for now.

Access to the top of the tower has been opened.","Токсичный альянс временно отступил из башни... пока.

Доступ к вершине башни открыт."
"The Tree Singers were singing until their final seconds—swords burst through chests as their final breaths came out in high, painful notes. Then the Ministry's forces came with fire, which engulfed the Forever Tree. It wasn't necessary—the tree would've died eventually anyway without the Singers' song to sustain it, but the Ministry wanted the tree to die as quickly as possible. Because as the tree started to burn, its Juggernaut, which was still fighting off the Ministry's forces as best it could, staggered. It fell to the ground, weakened, and the Ministry's cowardly forces overwhelmed it, hacking at it with their swords, even though it was already turning to ash with its Forever Tree. The glowing blue light in its chest gradually dimmed until finally it winked out.

And then the fire grew out of control, and everyone ran—everyone but me. I stayed and watched as the Forever Tree, and the Juggernaut, and the Tree Singers all burned together, the way they'd lived, their life forces all bound together as one. It was a terrible thing. A terrible thing.","Певцы Древа пели до последних секунд — мечи пронзали груди, и последние вздохи выходили высокими, полными боли нотами. Потом силы Министерства пришли с огнём, и он охватил Вечное Древо. В этом не было нужды — без песни Певцов древо всё равно бы умерло, но Министерство хотело, чтобы оно погибло как можно быстрее. Ибо когда древо загорелось, его Джаггернаут, всё ещё отбивавшийся от сил Министерства как мог, пошатнулся. Он рухнул на землю, ослабший, и трусливые силы Министерства навалились, рубя его мечами, хотя он уже обращался в пепел вместе со своим Вечным Древом. Сияющий синий свет в его груди медленно тускнел, пока наконец не погас.

А потом огонь вышёл из-под контроля, и все побежали — все, кроме меня. Я остался и смотрел, как Вечное Древо, и Джаггернаут, и Певцы Древа горят вместе — так же, как жили, связанные воедино своими жизненными силами. Это было ужасно. Ужасно."
"The Tyrian Alliance has called an emergency session to address recent reports coming out of Janthir. This threat must be addressed immediately.

Please return to Lion's Arch at once. Details to follow.

—Imperator Crecia Stoneglow","Тирийский Альянс созвал экстренное заседание для обсуждения недавних сообщений из Джантира. Эта угроза должна быть устранена немедленно.

Пожалуйста, немедленно вернитесь в Львиный Шпиль. Подробности последуют.

—Император Креция Камнесвет"
"The Vigil needs auxiliary soldiers for a high-priority, high-risk operation in Sparkfly Fen. According to our intelligence, Zhaitan's lieutenant (designated Tequatl the Sunless) has begun to ""evolve."" Its attacks are more elaborate, and its tactics are becoming advanced. 

We don't know if this has anything to do with the Pact's offensive in Orr, but the situation requires investigation and, if necessary, confrontation. We require infantry to bolster our existing forces and protect our current entrenchment, including the Vigil Megalaser and its power batteries.

Come to Splintered Coast as soon as possible. The Vigil needs you.

—Warmaster Narru","Дозору нужны вспомогательные бойцы для первоочередной операции высокого риска в Sparkfly Fen. По нашим данным, лейтенант Zhaitan (обозначение — Tequatl Бессолнечный) начал «эволюционировать». Его атаки всё изощрённее, тактика — всё совершеннее.

Мы не знаем, связано ли это с наступлением Пакта в Orr, но ситуация требует расследования и, при необходимости, боя. Нам нужна пехота, чтобы усилить наши войска и защитить укрепления, включая Мегалазер Дозора и его батареи питания.

Приходите на Splintered Coast как можно скорее. Дозор нуждается в вас.

— Военмастер Narru"
"The Voice of Fate calls upon me  
to see the journey of the Unseen  
to eternal fruition.  
So with tomorrow's sun  
dawns a new era.  
Anointed by its rays,  
we venture forth, three pilgrims  
whose destinies entwine to weave  
a transcendent tapestry  
of the divine.

Ulrich returned. His lone communions with the wild rarely last long. He spoke little. And so we went on preparing a meager supper as if nothing had come to pass. We ate mostly in silence. That is, until the fire began to dwindle...

Out of the dark, the voice called unto them. For it was they who had been chosen to realize the mission of the Unseen Ones.

And thus, it spoke to them, ""Chosen three... You are destined... Seek the gate...""

""As the sun dawns across the wilds... You shall hear my voice... And I will be your guide... You who must open the gate... So fate has written it... So make it be...""
 
To think mere hours ago, our vision was clouded by woes ephemeral. We are so close. Though I can't recall my last full meal, my mind has never felt so sated.","Голос Судьбы взывает ко мне,
чтобы увидеть странствие Невидимых
в вечном свершении.
Так с завтрашним солнцем
наступит новая эра.
Помазанный его лучами,
мы отправляемся в путь, три пилигрима,
чьи судьбы переплетаются, чтобы соткать
трансцендентный гобелен
божественного.

Ульрих вернулся. Его одинокие общения с дикой природой редко длятся долго. Он говорил мало. И мы продолжили готовить скудный ужин, как будто ничего не произошло. Ели в основном молча. То есть, пока огонь не начал угасать...

Из тьмы голос воззвал к ним. Ибо именно они были избраны, чтобы осуществить миссию Невидимых.

И так он сказал им: «Избранные трое... Вам суждено... Ищите врата...»

«Когда солнце взойдёт над дикими землями... Вы услышите мой голос... И я буду вашим проводником... Вы, кто должен открыть врата... Так судьба написала... Так пусть будет так...»

Подумать только, всего несколько часов назад наше видение было затуманено эфемерными бедами. Мы так близко. Хотя я не могу вспомнить свой последний полноценный приём пищи, мой разум никогда не чувствовал себя таким насыщенным."
"The aforementioned compiled code sheet has now been provided for your convenvience. Ensure all staff are aware of these fail-safe codes.

Compiled Codes

S41ty D0g: 1312

J1mmy: 1723

Johnny Redknees: 8231

J3ss: 0334

Shortshanks the Knuckledragger: 5791","Вышеупомянутый сборный лист кодов теперь предоставлен для вашего удобства. Убедитесь, что весь персонал знает эти аварийные коды.

Сборные коды

С0лёный Пёс: 1312

Дж1мми: 1723

Джонни Редкнис: 8231

Дж3сс: 0334

Шортшанкс Костоправ: 5791"
"The air was already thick with smoke by the time Rox and I arrived at the hatchery. The Alliance was using some sort of sonic emitters to incapacitate the devourers—the sound was miserable. Fortunately with a couple good whacks, they were out of commission. But if that was just a taste of the weapons they're fusing... The dredge and Flame Legion are going to be a far more destructive team than we imagined.After we destroyed the emitters and rescued Sithio Quicklash, Sithio gave us a key to travel further into the facility. We put down one of the Alliance leaders inside, a dredge named Marat. With Marat down, the attack was quelled and we were able to reclaim the hatchery. Though the reason for these attacks is still foggy, we do know that the Molten Alliance is taking prisoners... Where and for what purpose? That's for us to find out.In lighter news, Rox found a new friend. One of the lone devourers at the hatchery started following her like a lost puppy. She tried to shoo it away, but an ally is an ally. Rox gave in and let the little guy tag along. A small moment of reprieve on an otherwise difficult day.","К тому времени, как мы с Рокс прибыли в инкубатор, воздух уже был густым от дыма. Альянс использовал какие-то звуковые излучатели, чтобы выводить из строя пожирателей — звук был ужасным. К счастью, парой хороших ударов мы вывели их из строя. Но если это лишь пробное оружие, которое они объединяют... Землерои и Легион Пламени окажутся гораздо более разрушительной командой, чем мы предполагали. После того как мы уничтожили излучатели и спасли Ситио Быстрого Удара, Ситио дал нам ключ, чтобы пройти дальше в комплекс. Внутри мы убили одного из лидеров Альянса, землероя по имени Марат. С падением Марата атака была подавлена, и мы смогли вернуть инкубатор. Хотя причина этих атак всё ещё туманна, мы знаем, что Расплавленный Альянс берёт пленных... Где и зачем? Это нам предстоит выяснить. Из хороших новостей: Рокс нашла нового друга. Один из одиноких пожирателей в инкубаторе начал следовать за ней, как потерянный щенок. Она пыталась прогнать его, но союзник есть союзник. Рокс сдалась и позволила малышу пойти с ней. Маленький момент передышки в иначе трудный день."
"The bad news keeps coming: the sylvari wardens of Caledon Forest report that karka are attacking the area just south of Morgan's Spiral. We need to stop this problem before it spreads any farther. Warden Lochlain is coordinating the response, so if you can help, report to him and join his stand against the karka.
—Inspector Ellen Kiel","Плохие новости продолжают поступать: стражи-сильвари Леса Каледон сообщают, что карки атакуют область прямо к югу от Спирали Моргана. Нужно остановить эту проблему, пока она не распространилась дальше. Страж Лохлейн координирует ответные меры, так что, если можете помочь, доложите ему и присоединяйтесь к его противостоянию каркам.
—Инспектор Эллен Кил"
"The bandits and the Inquest have been under a lot of stress since you came to Brisban Wildlands. Their intricate plans are falling apart. I'm sure they'll continue to plot, but you've made it significantly harder for them to organize attacks. I'm enclosing something for your trouble.

—Peacemaker Klodi","Бандиты и Инквест были под большим давлением с тех пор, как вы прибыли в Бризбанскую Глушь. Их хитроумные планы рушатся. Уверена, они продолжат строить козни, но вы значительно усложнили им организацию атак. Прилагаю кое-что за ваши труды.

—Миротворец Клоди"
"The bureaucrats continue to sit on their hands, debating idly what's to be done about the increasingly unstable ley-line fluctuations in Maguuma. ""What's to be done?"" The foolishness of it all, as though the problem could be solved by just talking about it.

I'll stand for it no longer. I've gathered the crew, and we've set off. We'll find the source of these fluctuations, and then they'll be forced to act. Are there dangers heading into this instability? Of course. But my crew has never cowered in the face of the unknown before, and I don't intend to start now.

—Captain Saia","Бюрократы продолжают сидеть сложа руки, празднно обсуждая, что делать с всё более нестабильными колебаниями лей-линий в Магууме. «Что делать?» Какая глупость, будто проблему можно решить одними разговорами.

Я больше не буду это терпеть. Я собрал команду, и мы отправились в путь. Мы найдём источник этих колебаний, и тогда им придётся действовать. Есть ли опасность в этой нестабильности? Конечно. Но моя команда никогда раньше не отступала перед лицом неизведанного, и я не собираюсь начинать сейчас.

—Капитан Сая"
"The centaurs are shaken. You can see it in their eyes. Demoralizing the enemy is key, and you helped make that happen. 

Thank you, soldier. Your deeds have made Claypool that much more secure. 

—Seraph Elmder","Кентавры потрясены. Это видно в их глазах. Деморализация врага — ключ к успеху, и вы помогли в этом. 

Спасибо, солдат. Ваши деяния сделали Клейпул ещё более безопасным. 

—Серафим Элмдер"
"The centaurs don't give up, but neither do we. Your assistance at the garrison was appreciated. 

You're welcome here any time.

—Seraph Diedra","Кентавры не сдаются, но и мы тоже. Ваша помощь в гарнизоне была высоко оценена.

Вам здесь всегда рады.

—Серафим Дейдра"
"The centaurs have never been weaker! Your efforts were the necessary ingredient for this accomplishment. If we had more people like you in our ranks, we'd have no worries.

—Corporal Lebeau","Кентавры никогда ещё не были так слабы! Ваши усилия стали необходимым слагаемым этого успеха. Если бы в наших рядах было больше таких, как вы, нам не о чем было бы беспокоиться.

—Капрал Лебо"
"The city of Claypool is burdened with many of the same problems you see here, at the trading post. Centaurs are near neighbors, and it's difficult for Claypool to maintain a standing militia being so far from Divinity's Reach.","Город Клейпул обременён теми же проблемами, что и здесь, на торговом посту. Кентавры — соседи, и Клейпулу трудно содержать постоянное ополчение, будучи так далеко от Божественного предела."
"The confessor left last week. Took everyone with him except a few of us. Tatyanna would cut her own arm off and eat it if made him happy, so she's elated to see Caudecus's mission in Janthir to the end. Left Judge with us, too, but I'm worried he did that because the kid's a crappy cook. Too scared to kill a rabbit, so I guess we're eating potatoes until I can get out and hunt for us myself. They didn't leave us with much, but we wouldn't be on this path if it wasn't the right one.  
  
Caudecus wants us to keep looking for the city, but we can't cross to the other isles without a headache or nosebleed. We're also dealing with some unwanted guests; didn't realize there were kodan in these parts. We've managed to stay out of sight, at least. Looks like some type of hunting party, so I'm not too worried about it, but we'll stay out of their way. Judge saw them row inland. Probably live somewhere on the mainland.  
  
Gonna lay low until they leave. We'll make our next arrangements after and see if we can get around whatever curse is keeping us from moving further in.","Исповедник уехал на прошлой неделе. Забрал всех с собой, кроме нескольких из нас. Татьяна отрезала бы себе руку и съела её, если бы это сделало его счастливым, так что она в восторге от того, что миссия Каудекуса в Джантире подходит к концу. Судью тоже оставил с нами, но я боюсь, что он сделал это потому, что парень ужасный повар. Слишком боится убить кролика, так что, думаю, мы будем есть картошку, пока я не смогу выбраться и поохотиться сам. Они не оставили нам многого, но мы не стали бы идти по этому пути, если бы он не был правильным.

Каудекус хочет, чтобы мы продолжали искать город, но мы не можем перебраться на другие острова без головной боли или кровотечения из носа. Мы также имеем дело с незваными гостями; я и не знал, что в этих краях есть кодан. Нам, по крайней мере, удаётся оставаться незамеченными. Похоже, это какая-то охотничья партия, так что я не слишком беспокоюсь, но мы будем держаться от них подальше. Судья видел, как они гребли к берегу. Вероятно, живут где-то на материке.

Будем залечь на дно, пока они не уйдут. После этого мы составим дальнейшие планы и посмотрим, сможем ли мы обойти проклятие, которое не даёт нам продвинуться дальше."
"The day approaches! Mazeo and I will both undergo the divitium nava at last. My brother has kept calm about it, but I am not so easily fooled. He knows this will be a great honor for us and a continuous boon for our family. Of course, Meliore believes I am too fixated, but she would; she was chosen and underwent the process several years ago. She has since lorded her ""eternal wisdom"" over my brother and me as if she were doyen herself. But then, she is our elder sister, as she loves to remind us. 

Still, I admit some petty jealousy on my part. I've long wished to tend and work the forge and make divine instruments as my elder sister does, ever since the three of us were allowed residence here. A role that requires immense power and control—two things she tells me that I lack. It has been enough to serve her as an apprentice over the years, but banality has crept in, and I tire of a mere supporting role.

---

I did everything asked of me, word for word, motion to motion. Everything Mazeo had done mere hours before my own attempt. Instead, my body wilts. I can barely float from one room of the convalescent ward to the next. I have been summarily rejected, cast out by the will of this world. I will never spin threads of chronomantic-infused damask or create a masterpiece like the Dorat Fine. I will waste away, unremarkable and irrelevant. 

Little Brother, Elder Sister. If you read this, perhaps you'll forgive my melodramatics in time. I am empty and spent. Something has been taken that I can never get back. Centuries chasing, preparing to finally stand at your side, Sister, among the ascended before us. For it to collapse away beneath me? I cannot bear it.

---

Mazeo left Castora this morning. He woke early and carried me to the coast to watch the sunrise. We sang for a time and spoke for longer. The conflict with the mursaat has grown beyond small skirmishes. At least, that is what we're told. 

This outpost is to be abandoned in the coming years to protect and preserve its secrets, and if the healers' assessments are to be believed, my condition will overtake me before the last portal closes. Mazeo said he plans to return before then and see me one final time. I hope he means it. War breeds nothing if not uncertainty. 

Meliore will remain here, for now. She has received a directive of transfer to the bastions of Stellis Quor to help with plans for the siege of Apavim, but she has been allowed to delay for my sake, to make sure I am cared for in my final years. After the grief we've given one another, I wouldn't have blamed her for accepting her new role and moving on, and yet, here she is at my side.","День приближается! Мы с Мазео наконец пройдём дивитиум нава. Мой брат сохраняет спокойствие, но меня не так легко обмануть. Он знает, что это будет великой честью для нас и постоянным благом для нашей семьи. Конечно, Мелиоре считает, что я слишком зациклен, но она бы так и думала; её выбрали, и она прошла процесс несколько лет назад. С тех пор она кичится своей «вечной мудростью» передо мной и братом, словно сама является доайен. Но, в конце концов, она наша старшая сестра, как она любит нам напоминать.

И всё же признаю некоторую мелкую зависть с моей стороны. Я давно мечтал ухаживать за кузницей и работать в ней, создавая божественные инструменты, как моя старшая сестра, с тех пор как нас троих поселили здесь. Роль, требующая огромной силы и контроля — двух вещей, которых, по её словам, мне не хватает. Долгие годы быть её учеником было достаточно, но рутина взяла своё, и я устал от простой вспомогательной роли.

---

Я сделал всё, что от меня требовалось, слово в слово, движение в движение. Всё то же, что Мазео сделал всего за несколько часов до моей попытки. Вместо этого моё тело увядает. Я едва могу перелететь из одной палаты выздоравливающего отделения в другую. Меня решительно отвергли, изгнали волей этого мира. Я никогда не буду прясть нити хрономантической парчи или создавать шедевр вроде «Дорат Файн». Я угасну, непримечательный и ничтожный.

Младший брат, Старшая сестра. Если вы прочтёте это, возможно, со временем вы простите мою мелодраматичность. Я опустошён и истощён. Что-то было отнято, что я никогда не верну. Века погони, подготовки, чтобы наконец встать рядом с тобой, Сестра, среди вознесённых до нас. И чтобы это рухнуло подо мной? Я не вынесу этого.

---

Мазео покинул Кастору этим утром. Он проснулся рано и отнёс меня на побережье смотреть восход солнца. Мы немного пели и говорили дольше. Конфликт с мурсаатами перерос в нечто большее, чем мелкие стычки. По крайней мере, нам так говорят.

Этот форпост будет заброшен в ближайшие годы, чтобы защитить и сохранить его секреты, и, если верить оценкам целителей, моё состояние одолеет меня до того, как закроется последний портал. Мазео сказал, что планирует вернуться до этого и увидеть меня в последний раз. Надеюсь, он сдержит слово. Война порождает лишь неопределённость.

Мелиоре останется здесь, пока что. Она получила предписание о переводе в бастионы Стеллис Квор, чтобы помочь с планами осады Апавима, но ей разрешили задержаться ради меня, чтобы убедиться, что за мной ухаживают в мои последние годы. После всех обид, что мы причинили друг другу, я бы не винил её, если бы она приняла свою новую роль и ушла, но вот она, рядом со мной."
"The dredge have become less of a problem around the haven thanks to you, and even the Sons of Svanir are keeping quiet these days. Most impressive.

—Lionscout Mabil","Благодаря вам дредноуты перестали быть такой большой проблемой в окрестностях убежища, да и Сыны Сванира в последнее время ведут себя тихо. Весьма впечатляет.

—Львиный разведчик Мабил"
"The e-mail address ""%str1%"" is not a valid e-mail address.

For Korea, your e-mail address must end with ""@ncsoft""
For Japan, your e-mail address must end with ""@ncjapan""
For China/CT, your e-mail address must end with ""@china-ct""
For China/Cnc, your e-mail address must end with ""@china-cnc""
For all other regions, your ArenaNet account name must be a valid Internet e-mail address.

Please try again.","Адрес «%str1%» не является действительным адресом электронной почты.

Для Кореи адрес должен оканчиваться на «@ncsoft».
Для Японии адрес должен оканчиваться на «@ncjapan».
Для Китая/CT адрес должен оканчиваться на «@china-ct».
Для Китая/Cnc адрес должен оканчиваться на «@china-cnc».
Для остальных регионов имя аккаунта ArenaNet должно быть действительным адресом электронной почты.

Попробуйте ещё раз."
"The e-mail address you entered was not found.

If you have an active account, please try again.

If you're still having trouble, please contact Customer Support.<brx>","Введённый адрес электронной почты не найден.

Если у вас есть активный аккаунт, попробуйте ещё раз.

Если проблема сохраняется, обратитесь в службу поддержки.<brx>"
"The extraction was a success!  
  
After the specimen died, I was able to collect enough plasma and extracellular fluids to develop a spectral infusion powerful enough to guard the common human soldier against the mursaat agony. Or at least, I hope, as I've only tested my creation on one volunteer from the Shining Blade. Thankfully, she only writhed for the first few moments of exposure (and sustained a brief but uncomfortable nosebleed approximately one hour after said exposure). Now, my next task is to see if a golem is capable of emitting this essence—this would allow a golem to shield multiple troops at once, which could turn the battle against the mursaat in our favor. Had the seers been equipped with my creation during their own spat with our mutual enemy...well, perhaps there'd be more of them today.   
  
After the experiment concluded, I started packing the specimen's belongings for preservation. They didn't have many personal effects aside from an ornate shadowstone dagger—which I immediately placed in an aether-sealed container for additional study as a little treat for myself—and a small collection of dormant gemstones. I also located a small journal that was sewn into the left sleeve of their robe. If it weren't for the distinct ""thud"" that sounded when the garment slid off my workstation, perhaps it would have gone undiscovered.   
  
First of all, I discovered that Lenusso is my specimen's true name—they did not surrender that to me when alive. The journal also refers to a second seer, Onestra, who I assume is (or was) either a sibling or partner of Lenusso, based on the personal language that they use with each other. Given how little we know of seer familial structure, or frankly anything about their biological composition, I am elated. The seers have always been deeply elusive for such a critical species in the Tyrian ecosystem (albeit nearing extinction).  
  
The journal is filled with Lenusso's personal musings, as well as numerous letters and drawings from Onestra. I suspect they had to remain apart to avoid detection from the mursaat, which is why they utilized more archaic methods of communication. But what immediately draws my eye is that both make note of an island somewhere to the far west across the sea—a place they both yearned to ""return"" to. This place, which they both refer to as Castora, seemed to have some sort of historical importance to the seers.","Извлечение прошло успешно!  
  
После смерти образца я смог собрать достаточно плазмы и внеклеточной жидкости, чтобы разработать спектральную настойку, достаточно мощную, чтобы защитить обычного человеческого солдата от мурсаатской агонии. Или, по крайней мере, я надеюсь, так как я тестировал свое творение только на одном добровольце из Сияющего Клинка. К счастью, она корчилась только в первые несколько мгновений воздействия (и у неё было краткое, но неприятное носовое кровотечение примерно через час после этого воздействия). Теперь моя следующая задача — выяснить, способен ли голем излучать эту сущность — это позволило бы голему защищать несколько отрядов одновременно, что могло бы повернуть битву против мурсаатов в нашу пользу. Если бы провидцы были оснащены моим творением во время их собственной стычки с нашим общим врагом... что ж, возможно, их было бы больше сегодня.  
  
После завершения эксперимента я начал упаковывать вещи образца для сохранения. У них было не так много личных вещей, кроме изысканного кинжала из теневого камня — который я немедленно поместил в герметичный эфирный контейнер для дополнительного изучения в качестве небольшого подарка себе — и небольшой коллекции спящих драгоценных камней. Я также нашёл небольшой дневник, вшитый в левый рукав их мантии. Если бы не отчётливый «стук», раздавшийся, когда одежда соскользнула с моего рабочего стола, возможно, он остался бы незамеченным.  
  
Прежде всего, я обнаружил, что Ленуссо — настоящее имя моего образца — они не раскрыли его мне при жизни. В дневнике также упоминается второй провидец, Онестра, который, как я полагаю, является (или был) либо братом/сестрой, либо партнером Ленуссо, судя по личному языку, который они используют друг с другом. Учитывая, как мало мы знаем о семейной структуре провидцев или, честно говоря, об их биологическом составе, я в восторге. Провидцы всегда были очень неуловимы для такого важного вида в тирийской экосистеме (хотя и близкого к вымиранию).  
  
Дневник заполнен личными размышлениями Ленуссо, а также многочисленными письмами и рисунками Онестры. Я подозреваю, что им приходилось оставаться врозь, чтобы избежать обнаружения мурсаатами, поэтому они использовали более архаичные методы общения. Но что сразу привлекает мое внимание, так это то, что оба упоминают остров где-то далеко на западе за морем — место, куда они оба стремились «вернуться». Это место, которое они оба называют Касторой, по-видимому, имело какое-то историческое значение для провидцев."
"The farmers told me how thankful they are for your help. Their fields have been a lot healthier with less termites around. As a warden, I also give you my thanks. You've done us all a great service.

—Warden Delilah","Фермеры рассказали мне, как они благодарны за вашу помощь. С тех пор как термитов стало меньше, их поля стали намного здоровее. Как хранительница, я тоже благодарю вас. Вы оказали нам всем большую услугу.

—Хранительница Далила"
The fire is burning strong. It would burn tree branches in an instant.,Огонь горит сильно. Он мгновенно сожжёт древесные ветки.
"The first time I stood on the edge of Amnytas, I wanted to faint. Mabon and Uenno weren't far away, as if they expected just that to happen.  

A fortress in the sky, hovering above us this entire time... I have a thousand questions, and Mabon's trying his best to keep up with each one. They call themselves the Astral Ward, and they are led by a small group of ""wizards."" What is a wizard, exactly? Seemed a little archaic, but it all has something to do with magic left behind by the seers. Especially powerful individuals can ascend through a taxing ritual if they're offered it; that ritual allows them to tap into the magical ecosystem of Tyria (to an extent). Mabon is one of them, and there's another named Dagda. I've yet to meet Isgarren for myself; he's usually locked away in the library or the ""World Spire,"" but this place is a campus of magical development. Education and research—a living archive of Tyria itself. There are largos, ogres, asura, and sylvari working together. Living together. Alongside the wizards, they've been protecting us from...Alchemy, who knows what?  

Mabon asked if I want to join the Astral Ward, and I...I might say yes. What scientist would turn down the opportunity to crack the world open and peer inside...? The scientist part of my brain is on fire, and I have no intention of dousing the flame.","В первый раз, когда я стояла на краю Амнитаса, я чуть не упала в обморок. Мабон и Уэнно были неподалеку, как будто ожидали именно этого.  

Крепость в небе, парящая над нами все это время... У меня тысяча вопросов, и Мабон изо всех сил старается успевать за каждым. Они называют себя Астральной стражей, и их возглавляет небольшая группа «волшебников». Что такое волшебник, если точно? Кажется немного архаичным, но все это как-то связано с магией, оставленной провидцами. Особо могущественные личности могут вознестись через изнурительный ритуал, если им его предложат; этот ритуал позволяет им подключаться к магической экосистеме Тирии (до определенной степени). Мабон — один из них, и есть ещё одна по имени Дагда. Я ещё не встречала самого Исгаррена; он обычно заперт в библиотеке или «Мировом Шпиле», но это место — кампус магического развития. Образование и исследования — живой архив самой Тирии. Здесь вместе работают ларгосы, огры, асуры и сильвари. Живут вместе. Вместе с волшебниками они защищали нас от... Алхимии, кто знает от чего?  

Мабон спросил, хочу ли я присоединиться к Астральной страже, и я... Я, возможно, скажу «да». Какой ученый откажется от возможности расколоть мир и заглянуть внутрь?.. Ученой части моего мозга не терпится, и я не собираюсь тушить это пламя."
"The fish are biting, our baskets are full, the lake has never looked better, and that's all thanks to you. 

If you ever need a fishing buddy, look me up. 

—Fisherman Will","Рыба клюёт, наши корзины полны, озеро никогда не выглядело лучше, и всё это благодаря тебе. 

Если тебе когда-нибудь понадобится напарник для рыбалки, заходи. 

—Рыбак Уилл"
"The fish of this region are simply fascinating! There seems to be something in these waters that grants the spawn enough nutrients to delay migration. Certainly I will need to collect more samples...but unlike in other parts of Tyria, these full-grown salmon seem to be living their entire lives within the deltas. Some have even been seen returning back upstream outside of spawning season! Hopefully Forro will be as excited about these findings as I am. What a joy it is to be observing nature within its own realm, not the bastion.  
  
Narcisse","Рыба в этом регионе просто очаровательна! Кажется, в этих водах есть что-то, что даёт малькам достаточно питательных веществ, чтобы отложить миграцию. Конечно, мне нужно собрать больше образцов... но, в отличие от других частей Тирии, эти взрослые лососи, похоже, живут всю свою жизнь в дельтах. Некоторых даже видели возвращающимися вверх по течению вне сезона нереста! Надеюсь, Форро будет так же взволнован этими находками, как и я. Какая радость — наблюдать за природой в её собственной среде, а не в бастионе.  
  
Нарсисс"
"The following individuals were found dead in the rubble of Raisu Palace:  

Emperor Kyobok  

Empress Ha Rin (wife of Emperor Kyobok)  

Lady Mishil (Empress Ha Rin's handmaiden)  

Captain Suel-Ki (Royal Guard)  

Lieutenant On (Royal Guard)  

Hoon (Kyobok's youngest son)  

Ha-Nui (Kyobok's oldest daughter)  

Ambassador Asmund zu Heltzer (believed to be imprisoned at the time of the wave)  

Ambassador Eira zu Heltzer (believed to be imprisoned at the time of the wave)  

Approximately 74 additional servants and workers were killed within the palace, as well. We are still determining their identities. Increased Risen activity in the ruins have prevented us from investigating further.","Следующие лица были найдены мёртвыми в руинах дворца Райсу:  

Император Кёбок  

Императрица Ха Рин (жена императора Кёбока)  

Леди Мишиль (служанка императрицы Ха Рин)  

Капитан Суэль-Ки (королевская гвардия)  

Лейтенант Он (королевская гвардия)  

Хун (младший сын Кёбока)  

Ха-Нуи (старшая дочь Кёбока)  

Посол Асмунд цу Хельцер (предположительно находился в заключении во время волны)  

Посол Эйра цу Хельцер (предположительно находилась в заключении во время волны)  

Примерно 74 дополнительных слуги и работника также были убиты во дворце. Мы всё ещё устанавливаем их личности. Усилившаяся активность Восставших в руинах мешает нам продолжить расследование."
"The forest wisp appears when the mood strikes it!
+5 Power
+9 Agony Resistance","Лесной огонёк является, когда ему заблагорассудится!
+5 к силе
+9 к сопротивлению агонии"
"The former Pact commander—or wayfinder, or whatever they call themselves these days—has been seen entering the current headquarters of the Tyrian Alliance. While this individual's contributions to the world are relatively well-known and appreciated by many, some concerns have been shared about how much power an individual should be able to wield. Additional concerns have been expressed about how much influence they have on our world leaders. Should a nonstate actor be able to wine and dine with the power players? Such sequestered decisions can affect the lives of millions. It's simply not for us to say.  
  
Of even greater concern than the naysayers: a fan organization has built up around the commander's celebrity status. Some have even described it as a cult engaging in a form of hero worship. While we want to reiterate the genuine appreciation for the commander's actions, it could be dangerous to allow this practice to continue. Some are even saying that the commander has died and come back to life—which, of course, is nonsense. I'm sure the commander would agree with this statement.","Бывшего коммандира Пакта — или искателя пути, или как они теперь себя называют — видели входящим в нынешний штаб Тирийского альянса. Хотя вклад этой личности в судьбы мира сравнительно хорошо известен и многими ценим, звучат опасения: сколько власти позволительно держать в одних руках? Высказывают и тревогу о степени влияния на мировых лидеров. Должен ли негосударственный деятель пировать с сильными мира сего? Столь кулуарные решения могут влиять на жизни миллионов. Впрочем, не нам судить.  
  
Ещё большее беспокойство, чем скептики, вызывает другое: вокруг звёздного статуса коммандира сложилась организация поклонников. Некоторые даже называют её культом, практикующим форму поклонения герою. Мы вновь подчёркиваем искреннюю признательность за деяния коммандира, но позволять этой практике продолжаться может быть опасно. Некоторые даже говорят, что коммандир умирал и возвращался к жизни — что, разумеется, вздор. Уверен, коммандир согласился бы с этим утверждением."
"The fractals are completely realized now. It's just incredible to witness. I'm headed to the observatory later today with Dagda to run a few experiments but I've an...acute sense of dread. My blood refuses to still. I've never been to the observatory myself, so I've no reason to be anxious, but... I can't shake these feelings, although it's challenging to articulate them. Maybe I'm ill...? I haven't taken a day to myself in weeks.  

Apparently the observatory was one of the first ""manufactured"" or ""conjured"" fractals, so I'm curious to see inside at least. Isgarren and Waiting Sorrow used it to observe the other fractals as they formed, whether created or naturally occurring. Seer magic. Dagda is hopeful (or maybe desperate) that we can learn *something* inside, but that's starting to feel like false hope...  

Zojja made it sound completely nonfunctional, but Dagda's become progressively more...erratic over the past few days. Poring over Sorrow's notes, looking for things that aren't there. I know she misses her mentor, but I really need mine.","Фракталы теперь полностью реализованы. Это просто невероятно видеть. Позже сегодня я направляюсь в обсерваторию с Дагдой, чтобы провести несколько экспериментов, но у меня... острое чувство тревоги. Моя кровь никак не успокоится. Я никогда не был в обсерватории сам, так что у меня нет причин для беспокойства, но... Я не могу избавиться от этих чувств, хотя их трудно сформулировать. Может, я болен?.. Я не брал выходной уже несколько недель.  

По-видимому, обсерватория была одним из первых «созданных» или «вызванных» фракталов, так что мне, по крайней мере, любопытно заглянуть внутрь. Исгаррен и Ждущая Скорбь использовали её для наблюдения за другими фракталами по мере их формирования, будь то созданные или естественные. Магия Провидца. Дагда надеется (или, может быть, отчаянно желает), что мы сможем узнать *что-то* внутри, но это начинает походить на ложную надежду...  

Зойя описала её как полностью нефункциональную, но Дагда за последние несколько дней становилась всё более...неуравновешенной. Корпя над записями Скорби, выискивая то, чего нет. Я знаю, что она скучает по своему наставнику, но мне действительно нужен мой."
"The front of the medkit reads, ""Contains three sets of emergency medical supplies.""",На лицевой стороне медкомплекта написано: «Содержит три комплекта неотложных медицинских принадлежностей».
The gate looms oppressively. It seems designed to intimidate. Are you ready to join the ranks of the battle pit combatants?,"Ворота нависают угнетающе. Кажется, они созданы, чтобы запугивать. Готовы ли вы присоединиться к рядам бойцов ямы?"
"The gloves recovered by the wayfinder are a fascinating discovery. They are almost corroded to the point of destruction by the fractal environment, but they appear to have only reached that state after surviving the creation and collapse of countless fractal environments. For an item to endure even a single iteration of collapse would be remarkable.

The current fractal incursion operation presents a related opportunity. The wayfinder has discovered fractalline dust produced when closing fractals, and our analysis confirms that introducing it to the gloves with controlled spells can reverse their corrosion.

Vivienne would prefer to inter the gloves immediately, but I advocate instead for continuing to repair them. Although we are not in the habit of assigning equipment according to the ""finders-keepers"" principle, the wayfinder's history of responsible and effective relic handling suggests that they can best put them to use. 

—Field Archivist Cierle

P.S. For lack of an identified creator to supply a name, Frode has dubbed the relic the Mists-Grasper, which we'll use going forward.","Перчатки, найденные путеводителем, — это удивительное открытие. Они почти проржавели до полного разрушения под воздействием фрактальной среды, но, похоже, достигли этого состояния только после того, как пережили создание и разрушение бесчисленных фрактальных сред. Для предмета, способного выдержать даже одну итерацию разрушения, это было бы примечательно.

Текущая операция по вторжению фракталов предоставляет связанную с этим возможность. Путеводитель обнаружил фрактальную пыль, образующуюся при закрытии фракталов, и наш анализ подтверждает, что её внесение в перчатки с помощью контролируемых заклинаний может обратить вспять их коррозию.

Вивьен предпочла бы немедленно захоронить перчатки, но я выступаю за то, чтобы продолжить их ремонт. Хотя мы не привыкли распределять снаряжение по принципу «кто нашёл, того и вещь», история ответственного и эффективного обращения с реликвиями путеводителя позволяет предположить, что он сможет лучше всего их использовать. 

—Полевой архивариус Сирл

P.S. За неимением имени создателя, Фроде назвал реликвию «Хвататель Туманов», и мы будем использовать это название впредь."
"The griffons here protect a rare treasure at the far end of their rookery, but you'll need a bomb to free it from the chest.","Здешние грифоны охраняют редкое сокровище в дальнем конце своего гнездовья, но чтобы достать его из сундука, понадобится бомба."
The ground here appears rich in minerals. Return with a shovel to investigate.,"Земля здесь кажется богатой минералами. Вернитесь с лопатой, чтобы исследовать."
"The hylek and quaggans may not completely realize what you have done for them collectively, but let it be known the Vigil appreciates your help in dealing with the krait threat in this area. 
—Dian Horrigan","Хилеки и квагганы, возможно, не до конца осознают, что вы сделали для них всех вместе, но знайте: Дозор ценит вашу помощь в борьбе с угрозой крайтов в этом районе. 
—Диан Хорриган"
"The ice beast assaults have subsided, thus giving the guards a much needed reprieve. But I sense unrest within them. There has been infighting. We brought one before the priests for counseling, though he remained completely unresponsive to their ministrations. When released, he returned silently to his post as if nothing had occurred.

The mood has chilled. We speak little. There is a burning within us.

This will pass. Like with the stone, we must acclimate to fire.","Натиск ледяных тварей ослаб, дав стражам столь нужную передышку. Но я чувствую в них смятение. Начались распри. Одного мы привели к жрецам для наставления, но он остался совершенно глух к их увещеваниям. Отпущенный, он молча вернулся на свой пост, будто ничего не случилось.

Настроение остыло. Мы почти не разговариваем. Внутри нас — жжение.

Это пройдёт. Как и с камнем, мы должны привыкнуть к огню."
"The icebrood of Drakkar Spurs are still a threat, but with your help, we've been able to strike back and restore a level of balance. You've done well in the service of Koda. I thank you on behalf of all the kodan people.

—Worthy Burden","Ледяные отродья Шпор Драккара всё ещё представляют угрозу, но с вашей помощью мы смогли нанести ответный удар и восстановить некоторое равновесие. Вы хорошо послужили Коде. Благодарю вас от имени всех коданов.

—Достойное Бремя"
"The jungle is brimming with those...creatures. Demonic, smelly, and revolting. Just...gross. They're ruining this forest. I've made a habit of killing them on sight to help preserve the jungle, but they return every morning.   
  
I was complaining about my quandary over our nightly supper fire when a traveler said the beasts took on an entirely new form when he encountered them in the Shiverpeaks a week or so ago—he also called them ""titans,"" so at least I have a name to spit now. While these titans have taken on the jungle's mossy disguise, titans in the north are mimicking the icy mountain surroundings. Not only are they invasive, they are clearly very adaptive. I don't envy a lesser hunter trying to take one down, but I worry about what might happen if one crawled into a volcano...or a geyser.","Джунгли кишат этими... существами. Демоническими, вонючими и отвратительными. Просто... мерзость. Они разрушают этот лес. Я взял за привычку убивать их при виде, чтобы помочь сохранить джунгли, но они возвращаются каждое утро.   
  
Я жаловался на свою дилемму у нашего ночного костра, когда путешественник сказал, что эти звери приняли совершенно новую форму, когда он столкнулся с ними в Дрожащих пиках около недели назад — он также назвал их «титанами», так что у меня теперь есть имя, которое можно ругать. Хотя эти титаны приняли маскировку мха джунглей, титаны на севере подражают ледяным горным окрестностям. Они не только инвазивны, но и явно очень адаптивны. Я не завидую менее опытному охотнику, пытающемуся одолеть одного, но я беспокоюсь о том, что может случиться, если один заползёт в вулкан... или гейзер."
"The keystone is tucked within the deepest well of our city—out of sight, hopefully far from the nose of an Elder Dragon. And yet, our efforts to open it fail and fail again. It is sealed by magic that eludes myself, Manikaz, and Otho—and the latter is losing patience with us. The table of the Arch Steward no longer invites the city's alchemists to delineate, even as we stare down the very real possibility of ruination. All we can do is continue to try.  
  
Even shut, the gate seeps with vile energies from the Mists... As deep as it rests within Bava Nisos, hopefully those energies will remain at bay. No one is allowed near it, except those with high tolerance for the spectral energies that corrode the air around it.","Ключевой камень спрятан в самой глубокой шахте нашего города — вне поля зрения, надеюсь, далеко от носа Старшего Дракона. И всё же наши попытки открыть его терпят неудачу снова и снова. Он запечатан магией, которая ускользает от меня, Маниказа и Ото — а последний теряет терпение с нами. Стол Архистюарда больше не приглашает алхимиков города для разграничения, даже когда мы смотрим в лицо вполне реальной возможности разорения. Всё, что мы можем, — продолжать пытаться.  
  
Даже закрытый, портал сочится гнусной энергией из Туманов... Как бы глубоко он ни находился в Бава-Нисосе, надеюсь, эти энергии останутся сдержанными. Никому не разрешается приближаться к нему, кроме тех, у кого высокая толерантность к призрачным энергиям, разъедающим воздух вокруг."
"The land of Tyria is full of adventure and danger, but you don't need to explore its wonders alone! Players like you have joined forces, forming guilds to take on exciting challenges together. Many guilds are actively recruiting new allies to their cause. In this mail, you'll find an item that will help you contribute to the guild of your choice. It's always more fun to explore a new world with others.

Welcome to your world!","Земли Тирии полны приключений и опасностей, но вам не нужно исследовать её чудеса в одиночку! Игроки, подобные вам, объединили силы, формируя гильдии, чтобы вместе принимать захватывающие вызовы. Многие гильдии активно набирают новых союзников в своё дело. В этом письме вы найдёте предмет, который поможет вам внести вклад в выбранную вами гильдию. Исследовать новый мир вместе с другими всегда веселее.

Добро пожаловать в ваш мир!"
"The last few years have been a whirlwind. The world nearly ended, Cantha reopened, demons invaded, and now I'm on ship bound for some mythic land. Ayumi was impressed with how I came to Qinkai's aid and routed those ""Kryptis"" with a half-dozen archers. It gained us no small amount of appreciation from the empire—not that we shill for it. When the Tyrian Alliance called and the empress requested an emissary from Mori Village, the elders named me as Ayumi's alternate should the need arise.  
  
I wouldn't have thought of meeting Empress Ihn even a few years ago, and now she knows my name, my hobbies, my robe measurements. I'm taking it in stride the best I can, but it puts me at unease. It can be difficult to tell if she's just being kind or trying to buy my loyalty. Perhaps both are true, but I can wrestle with the truth of that later. For now, I should focus on surviving this expedition.  
  
I plan to keep a close eye on the other Canthan delegates while on Castora; some are probably itemizing assets and land to claim as I write this. I am not so blindly enamored with the promise of Cantha's future that I've forgotten that the empire's own Minister of Security was ousted as a Purist in recent memory. So, I'll shadow them, listen in on their conversations. It would be a shame if one were to try and undermine the delicate balance of the alliance so far from the towering walls of New Kaineng, where anything could happen.","Последние несколько лет были водоворотом. Мир чуть не погиб, Кантха открылась, вторглись демоны, и теперь я на корабле, направляющемся в какое-то мифическое место. Аюми была впечатлена тем, как я пришёл на помощь Кинкаю и разогнал тех «Криптисов» с помощью полдюжины лучников. Это принесло нам немалую признательность со стороны империи — хотя мы за это не платим. Когда Тирийский Альянс призвал, а императрица попросила посланника из Мори-Виллидж, старейшины назначили меня заменой Аюми на случай необходимости.  
  
Ещё несколько лет назад я не думал, что встречу императрицу Ин, а теперь она знает моё имя, мои хобби, мои размеры одежды. Я принимаю это как могу, но это вызывает у меня беспокойство. Трудно понять, просто ли она добра или пытается купить мою верность. Возможно, и то и другое правда, но я смогу разобраться с правдой позже. Сейчас я должен сосредоточиться на выживании в этой экспедиции.  
  
Я планирую внимательно следить за другими кантхскими делегатами на Касторе; некоторые, вероятно, уже перечисляют активы и земли, которые можно присвоить, пока я пишу это. Я не настолько слепо очарован обещанием будущего Кантхи, чтобы забыть, что собственный министр безопасности империи был недавно изгнан как пурист. Поэтому я буду следовать за ними, подслушивать их разговоры. Было бы позорно, если бы кто-то попытался подорвать хрупкий баланс альянса так далеко от высоких стен Нового Кайнэнга, где может случиться всё что угодно."
"The latest trend from Elona is sweeping Tyria—roller beetle racing! Whether you're a rolling legend, a rookie racer, or a spectator ready to see the greatest thrills this side of Ascalon, you'll want to check out one of the organized races. Courses have been set in Gendarran Fields, Brisban Wildlands, Mount Maelstrom, Snowden Drifts, and Diessa Plateau. Or if you need to get a feel for riding a beetle, try the test track in Kessex Hills!

The racecourses are a permanent installation, but as a special offer in celebration of their grand opening, daily prizes will be awarded during the first month to racers who complete a rotating selection of race events!

What do you think? I'm workshopping the ad copy a bit. With all the rumors coming out of Elona, I was thinking a bit of sport might be good for morale. It'd be a big boost if a hero like you put in an appearance and maybe set a few track records.

—Evon Gnashblade","Последнее увлечение из Элоны захлестнуло Тирию — гонки на жуках-скакунах! Будь вы легендой колёс, новичком-гонщиком или зрителем, готовым увидеть величайшие острые ощущения по эту сторону Аскалона, вам стоит заглянуть на организованные гонки. Трассы проложены в Гендаранских Полях, Дебрях Брисбана, Горе Мальстрём, Сноуденских Перевалах и на Плато Диссы. А если вам нужно освоиться с управлением жуком, попробуйте испытательный трек в Кессекских холмах!

Гоночные трассы установлены на постоянной основе, но в честь их грандиозного открытия в течение первого месяца будут ежедневно присуждаться призы гонщикам, завершившим чередующиеся заезды!

Что думаете? Я немного дорабатываю рекламный текст. С учётом всех слухов из Элоны, я подумал, что немного спорта поднимет боевой дух. Это было бы большим подспорьем, если бы такой герой, как вы, появился и, возможно, установил несколько рекордов трассы.

— Эвон Гнэшблэйд"
"The lush meadows of Lovecomb Valley stretched far as the eye could see, glistening with moist flowers. Deep in the valley's bosom, a worker bee named Stinger lived a productive yet lonely existence.  
  
Stinger was known for producing the sweetest honey the meadow had ever known. But one day, Stinger found himself so morose, the dazzling fields around him seemed drained of color. Even worse, his honey began to lose its sweet taste. And then, he saw her...  
  
A radiant kodan with oak-colored fur hummed softly to herself as she strolled through the meadow. Her name was Burgeoning Buds.  
  
An attentive gardener and horticulturist, Burgeoning Buds returned to the field daily to tend to the flowers. She kept even the most bashful of buds satisfied with ample moisture and a tender touch. Petals aquiver, they seemed to blossom at the mere sight of her.  
  
""How will I ever get her to notice me?"" lamented Stinger, as he admired her from the concealment of a nearby tree branch. ""I'm no flower. I have no pretty petals or pleasant fragrance. And goodness, if I get too close, I might prick her with my stinger out of nerves!""  
  
Just then, Stinger sprang from his hiding place and buzzed off to work. He had been stung by an idea!  
  
For several days and nights, Stinger got to work pollinating every flower in sight. ""If I can't win her attention with beauty, I'll do so with sweetness!""  
  
When he deemed his honey the best he'd ever made, he mustered all the courage he could and addressed Burgeoning Buds for the first time.  
  
""E-excuse me, ma'am. I see you like the flowers of this field. And they're very lovely, indeed. But have you tried this meadow's famous honey? It's known worldwide. And I'm something of an expert in the craft.""  
  
""Oh my, oh me! I'd heard word of this legendary honey! I'd be pleased as a spring breeze if you'd be so kind as to share some with me, dearie bee!""  
  
And with that, she tasted the sweet nectar, blissfully licking it from her lips.  
  
""I've tasted my fair share of honey, from lands both near and far. But I've never savored something so pristine as this nectar you've made for me, dearie bee.""  
  
They stayed side by side long into the night, talking, laughing, and drinking in the sweetness of each other's company. And as the birds and the bees of the meadow tucked themselves to sleep, one very lucky kodan found herself stung by love.","Пышные луга Долины Любовных Гребней простирались до самого горизонта, сверкая влажными цветами. В глубине долины жил трудолюбивый, но одинокий шмель по имени Жало.  
  
Жало был известен тем, что производил самый сладкий мёд, который когда-либо знал луг. Но однажды он так опечалился, что ослепительные поля вокруг него показались лишёнными красок. Более того, его мёд начал терять свой сладкий вкус. И тут он увидел её...  
  
Сияющая кодан с шерстью цвета дуба тихо напевала себе под нос, прогуливаясь по лугу. Её звали Распускающиеся Бутоны.  
  
Будучи внимательной садовницей и цветоводом, Распускающиеся Бутоны каждый день возвращалась на луг, чтобы ухаживать за цветами. Она умела угодить даже самым застенчивым бутонам, давая им достаточно влаги и нежного прикосновения. Дрожа лепестками, они, казалось, распускались от одного её вида.  
  
«Как же мне заставить её заметить меня?» — сокрушался Жало, любуясь ей из укрытия на ветке ближайшего дерева. «Я не цветок. У меня нет красивых лепестков или приятного аромата. И, о боже, если я подлечу слишком близко, то могу от нервов ужалить её своим жалом!»  
  
В тот же миг Жало выскочил из укрытия и с жужжанием улетел работать. Его ужалила идея!  
  
Несколько дней и ночей Жало трудился, опыляя все цветы вокруг. «Если я не могу завоевать её внимание красотой, я сделаю это сладостью!»  
  
Когда он счёл свой мёд лучшим из когда-либо созданных, он собрал всё своё мужество и впервые обратился к Распускающимся Бутонам.  
  
— П-простите, госпожа. Я вижу, вам нравятся цветы на этом лугу. И они, безусловно, очень милы. Но пробовали ли вы знаменитый мёд с этого луга? Он известен по всему миру. И я в некотором роде эксперт в этом деле.  
  
— Ой, ой! Я слышала об этом легендарном мёде! Я была бы счастлива, как весенний ветерок, если бы вы были так добры поделиться им со мной, милая пчёлка!  
  
С этими словами она попробовала сладкий нектар, блаженно облизывая губы.  
  
— Я пробовала немало мёда из ближних и дальних земель. Но никогда не вкушала ничего столь же чистого, как этот нектар, который вы приготовили для меня, милая пчёлка.  
  
Они оставались рядом до глубокой ночи, разговаривая, смеясь и наслаждаясь обществом друг друга. И когда птицы и пчёлы на лугу улеглись спать, одна очень удачливая кодан почувствовала, как её ужалила любовь."
"The magic find stat on all gear has been removed as part of a shift to make magic find an account-wide bonus. There are now only three ways to increase your magic find: various consumable boosts have retained their magic find bonuses, achievements can give permanent bonuses to account-wide magic find, and it can be increased by consuming Essence of Luck, which is salvaged from items with a rarity of fine or masterwork. For more details about these changes, visit https://www.guildwars2.com.

<c=@warning>If you have gear that previously had a magic find stat combination, you will need to double-click it to permanently change its stat combination to something else of your choice. The Celestial stat combination has simply had its magic find removed and does not have this special functionality.</c>","Характеристика «удача» убрана со всего снаряжения: теперь удача — бонус на весь аккаунт. Осталось лишь три способа её повысить: различные расходуемые усилители сохранили свои бонусы к удаче; достижения могут давать постоянные бонусы к удаче аккаунта; её также можно повышать, поглощая Эссенцию удачи, получаемую при разборе предметов качества «отличное» или «шедевр». Подробнее об этих изменениях: https://www.guildwars2.com.

<c=@warning>Если у вас есть снаряжение, ранее имевшее комбинацию характеристик с удачей, дважды щёлкните по нему, чтобы навсегда сменить комбинацию на другую по вашему выбору. У комбинации «Небесная» удача просто убрана — без этой особой возможности.</c>"
"The more I think about it, the more convinced I am that Scarlet's actions aren't as random as they seem. There's a pattern here, something she's working toward, and we need to figure it out.

I called in every favor I had with the Priory, and they're sending us the evidence they collected around Scarlet's crimes so far. They're shipping it all to the Dead End bar so we can start piecing it together. Get here as soon as you can. We need you if we're going to finally get some answers.

—Marjory Delaqua","Чем больше я об этом думаю, тем больше убеждаюсь, что действия Скарлет не так случайны, как кажутся. Здесь есть закономерность, нечто, к чему она стремится, и нам нужно это выяснить.

Я использовал все свои связи в Приорате, и они отправляют нам улики, собранные по преступлениям Скарлет. Всё это доставят в бар «Тупик», чтобы мы могли начать собирать пазл. Приезжай как можно скорее. Ты нам нужен, если мы наконец хотим получить ответы.

— Марджори Делаква"
"The most prized among two distinct types of jade, jadeite (also called imperial jade) was historically only found as transparent-to-opaque, compact, cryptocrystalline lenses, veins, or nodules deriving from natural sources.

After Shiro Tagachi's assassination of Emperor Angsiyan, the ""Jade Wind"" released a wave of energy that transmuted much of the surrounding organic matter into jade and petrified the forests and structures of Echovald.

This event transformed the trade in jadeite overnight, from one of scarcity and even sacredness to a highly lucrative business, as the material was ideal for a number of arcane and practical applications. This is what every Canthan knows.

However, what is not taught in our history is how Lady Joon and Xunlai Jade have manipulated the market for their own purposes and are using their so called ""jade tech"" to control all of us with jade para-psycho energy! They're addicting us to their—

(The rest of the paragraph is covered by a note which reads ""Don't let Supervisor Pak catch you reading this subversive crap!"")","Самым ценным среди двух различных видов нефрита является жадеит (также называемый императорским нефритом), который исторически встречался только в виде полупрозрачных или непрозрачных, плотных, криптокристаллических линз, прожилок или конкреций природного происхождения.

После убийства императора Ангсияна Широ Тагачи «Нефритовый Ветер» высвободил волну энергии, превратившую большую часть окружающей органики в нефрит и окаменившую леса и строения Эховальда.

Это событие в одночасье изменило торговлю жадеитом: от редкости и даже священности до высокодоходного бизнеса, так как материал идеально подходил для множества магических и практических применений. Это знает каждый кантанец.

Однако в нашей истории не учат тому, как леди Джун и Сюньлай Нефрит манипулировали рынком в своих целях и используют свою так называемую «нефритовую технологию», чтобы контролировать всех нас с помощью нефритовой пара-психической энергии! Они подсаживают нас на свою—

(Остальная часть абзаца закрыта запиской, на которой написано: «Не дай надзирателю Паку застать тебя за чтением этой подрывной ерунды!»)"
"The newcomers are an, uh...unexpected lot. Call themselves ""quaggan."" Some sort of fish, I think. Marnie found them washed ashore one day, and now they're stuck here with us. Got caught in the fog 'n' storms tryin' to swim home.  
  
Just a couple more mouths to feed is how I see it. Unfortunately, the kids have already taken to 'em real good. Got grand ambitions of ridin' with them out to sea if the fog ever clears... I'm not gonna lie, when I first saw 'em I wondered how'd they taste seared on the grill with a little bit of salt. Marnie gave me a good slap on the back of my head for that. No way to treat guests.","Новички — это, э-э... неожиданная компания. Называют себя «квагганы». Какая-то рыба, я думаю. Марни нашла их выброшенными на берег однажды, и теперь они застряли здесь с нами. Попали в туман и бури, пытаясь доплыть домой.

Для меня это просто ещё несколько ртов, которые нужно кормить. К сожалению, дети уже к ним сильно привязались. Мечтают уплыть с ними в море, если туман когда-нибудь рассеется... Не буду врать, когда я впервые их увидел, подумал, каковы они на вкус, если зажарить на гриле с солью. Марни дала мне хорошую оплеуху за это. Нельзя так обращаться с гостями."
"The next time you step outside, be sure to take a moment to listen. Do you hear that?

That is the sound of Melandru, speaking to you through the wind, the leaves, and the grass. Pay careful attention, and you may be able to understand her words of wisdom.

Experience the full measure of Melandru's grace in this meditative exercise book, co-authored by twelve of her priests and priestesses throughout Tyria. Explore the value of nature walks, capture the beauty of her bounty with step-by-step leaf drawing exercises, and stop to smell the roses as you venture outside the comforts of your home and step into Melandru's own.

When you can see, feel, and hear her beauty all around you, perhaps you'll also come to appreciate the beauty within yourself.","В следующий раз, когда вы выйдёте на улицу, обязательно остановитесь на мгновение и прислушайтесь. Слышите?

Это звук Меландру, говорящей с вами через ветер, листья и траву. Внимательно прислушайтесь, и, возможно, вы сможете понять её слова мудрости.

Познайте всю полноту благодати Меландру в этой книге медитативных упражнений, написанной в соавторстве двенадцатью её жрецами и жрицами по всей Тирии. Исследуйте ценность прогулок на природе, запечатлейте красоту её даров с помощью пошаговых упражнений по рисованию листьев и остановитесь, чтобы понюхать розы, выходя за пределы уюта своего дома и ступая в собственный мир Меландру.

Когда вы сможете видеть, чувствовать и слышать её красоту вокруг себя, возможно, вы также научитесь ценить красоту внутри себя."
"The norn city of Hoelbrak stands as a testament to a culture born of defiance; defiance both of the elements and of the Elder Dragon that sought to end their lives. 

When Jormag threatened to bury the norn in a hellscape of ice and frost, the norn turned to their spirits: Wolf. Bear. Raven. Snow Leopard. The norn do not credit their survival to themselves, but to these Spirits of the Wild.

In this updated compendium, renowned norn historian Thyrie Bylund explores the fascinating relationship between the norn and their spirits. Through a combination of written firsthand accounts and oral histories, Bylund discovers the very real effect these spirits have on the norn and all who live alongside them.","Город норнов Хельбрек стоит как свидетельство культуры, рождённой из неповиновения; неповиновения как стихиям, так и Старшему Дракону, стремившемуся уничтожить их жизни.

Когда Йормаг угрожал похоронить норнов в ледяном аду, норны обратились к своим духам: Волку, Медведю, Ворону, Снежному Барсу. Норны приписывают своё выживание не себе, а этим Духам Дикой Природы.

В этом обновлённом сборнике известный историк норнов Тири Байлунд исследует удивительные отношения между норнами и их духами. Сочетая письменные свидетельства очевидцев и устные предания, Байлунд обнаруживает реальное влияние этих духов на норнов и всех, кто живёт рядом с ними."
"The ocean smells different here, in Lion's Arch. The coasts of Janthir are harsh, frigid, and unwelcoming to gentler folk, but there's an alluring melancholy to it when one watches storms gather above the isles to the north. The air in Kryta is warm; the sandy beaches, soft under paw. From what I've read, the city has rebuilt itself time and again, salvaging what it could from what came before.  
  
The wayfinder and I met with the Tyrian Alliance—a colorful assembly as one would expect. I found their discussions insightful, though a bit dramatic for my liking. Fortunately, the road of caution was observed and chosen regarding some magic artifact, though I'm doing my best to understand the varied perspectives. With discussions cooling to a simmer, the wayfinder hurried back to Harvest Den. No time to rest, that one.  
  
Afterward, a few of the delegates took me on a tour of the city. At one point, the human captain spoke with a finely dressed black-and-white-furred charr—some well-to-do merchant, I'd wager. My presence seemed to perk his curiosity. No doubt, they were interested in more than showing me around. What are new friends but new customers, eh? I did receive a nice gift by the end of it, though. My choice!  
  
In the evening, a child of the bitter wind, the wolfsoul Braham, convinced me to indulge in the local offerings. Between plates of smoked seafoods and several mugs of honey wine—decent, by human standards—I was regaled with several stories of the boy's adventures with ""the commander."" Maybe it was the wine talking, but I felt a little cozier about the idea of Poky following this would-be-hero around.  
  
We traded tales long into the night; the boy was oddly spellbound. As I helped him back to his lodging, I caught the glint of a tear or two. Perhaps it was the buzz of being six pints deep, but I asked. He'd mentioned his paw once or twice, passed when he was young. In his words, listening to me spin tales my home, of Silken Weir and her fight against Jormag, it was as if my voice, my words became his paw's.  
  
I'm back at Harvest Den, now. Isgarren was ""generous"" enough to offer me passage. Were I not to step through a magic door anytime soon, I would count myself lucky. I made sure to leave Braham an open invite to visit our village. I think he and Poky would make fast friends.","Океан здесь пахнет иначе, в Львином Дозоре. Побережья Джантира суровы, холодны и негостеприимны для нежных душ, но в этом есть чарующая меланхолия, когда наблюдаешь за бурями, собирающимися над островами на севере. Воздух в Крайте тёплый; песчаные пляжи мягкие под лапой. Насколько я читал, город отстраивался снова и снова, спасая то, что мог, из прошлого.

Мы с путеводителем встретились с Тирийским Альянсом — пёстрой компанией, как и следовало ожидать. Я нашёл их обсуждения проницательными, хотя и слишком драматичными для моего вкуса. К счастью, в отношении одного магического артефакта был избран и соблюдён осторожный путь, хотя я изо всех сил стараюсь понять разные точки зрения. Когда обсуждения утихли, путеводитель поспешил обратно в Логово Урожая. Ни минуты покоя, этот.

После этого несколько делегатов провели для меня экскурсию по городу. В какой-то момент человеческий капитан заговорил с изысканно одетым чарром с чёрно-белой шерстью — вероятно, зажиточным торговцем. Моё присутствие, похоже, пробудило его любопытство. Не сомневаюсь, они были заинтересованы не только в том, чтобы показать мне город. Что такое новые друзья, как не новые клиенты, а? Впрочем, в конце я получил хороший подарок. На мой выбор!

Вечером дитя ледяного ветра, волкодух Брам, уговорил меня отведать местных угощений. Между тарелками копчёных морепродуктов и несколькими кружками медового вина — неплохого по человеческим меркам — я услышал несколько историй о приключениях парня с «командиром». Может, вино говорило, но я почувствовал себя немного уютнее от мысли, что Поки будет следовать за этим будущим героем.

Мы обменивались историями далеко за полночь; парень был странно заворожён. Когда я помогал ему добраться до его жилья, я заметил блеск одной-двух слезинок. Возможно, это было из-за опьянения после шести пинт, но я спросил. Он упомянул свою лапу раз или два, она ушла, когда он был молод. По его словам, когда он слушал, как я рассказываю истории о моём доме, о Шёлковой Плотине и её борьбе с Йормагом, мой голос, мои слова стали голосом его лапы.

Я снова в Логове Урожая. Исгаррен был «щедр» настолько, что предложил мне проход. Если бы мне не пришлось вскоре пройти через магическую дверь, я бы счёл себя везунчиком. Я обязательно оставил Браму открытое приглашение посетить нашу деревню. Думаю, они с Поки быстро подружатся."
"The ongoing Mists disturbances known as fractal incursions are threatening innocents, and Astral Ward members in the field should be aware and prepared if selected to take part in an intervention operation.

Impact:
- Creatures originating from fractals are appearing from portals in a few Tyrian regions. They are maddened and hostile.

Operation:
- Stave off attacks from the fractal entities and force them back into the Mists.
- Select members will be recruited to actively restabilize the fractals within the Mists, which can be accessed via Lion's Arch.

Warden Frode Wurmsbearer will be overseeing the task from Lion's Arch in cooperation with the local agency in charge of the access portal and related VIPs.","«Текущие возмущения Туманов, известные как фрактальные вторжения, угрожают невинным, и члены Астральной стражи на местах должны быть готовы к участию в операции по вмешательству в случае необходимости.

Последствия:
- Существа из фракталов появляются из порталов в нескольких регионах Тирии. Они обезумели и враждебны.

Операция:
- Отражать атаки фрактальных сущностей и вытеснять их обратно в Туманы.
- Избранные члены будут привлечены к активной стабилизации фракталов внутри Туманов, доступ к которым можно получить через Львиный Шпиль.

Страж Фроде Вурмбояр будет курировать задачу из Львиного Шпиля совместно с местным агентством, отвечающим за портал доступа и связанных с ним важных лиц."
"The ore we got out of those dredge mines has been a lifesaver. Hopefully, they'll think twice before they attack us again. Best regards. 

—Surveyor Falki","Руда, которую мы добыли из тех шахт землероев, спасла нам жизнь. Надеюсь, они дважды подумают, прежде чем снова нападать на нас. С уважением,

— Землемер Фальки"
"The others still won't see what's right in front of their faces: those cities we see floating out there are there for a reason. We need allies against the traitors, and now we've been given them—hundreds of them—delivered right to our home! But instead they want to just cower and wait for the end.  
  
Well, I won't! I'm gonna gather up every right-minded dwarf I can find, and we're going to figure out how to get to those islands. And when we come back, we'll have an army great enough to grind the Stone Summit into powder. The iron is hot, and it is time to strike.","Остальные так и не видят того, что у них под носом: эти парящие города там неспроста. Нам нужны союзники против предателей — и вот они, сотни, доставлены прямо к нашему дому! А они хотят лишь съёжиться и ждать конца.  
  
Ну уж нет! Я соберу всех здравомыслящих дворфов, каких найду, и мы придумаем, как добраться до этих островов. А когда вернёмся — у нас будет армия, способная стереть Каменную Вершину в порошок. Железо горячо — пора ковать."
"The package in your hands has a small tag. It reads, ""Deliver to Private Starks, Third Company, Ascalon Settlement.""","Посылка в ваших руках имеет маленькую бирку. На ней написано: «Доставить рядовому Старксу, третья рота, поселение Аскалон»."
"The path you cleared has remained secure, allowing Pact soldiers and Wyld Hunt valiants to travel safely and easily. We have you to thank for this, %str1%. Your benevolence will not be forgotten. Safe travels.

—Explorer Pentt","Проложенный вами путь остаётся безопасным, что позволяет солдатам Ордена и доблестным Охотникам Пустоши путешествовать легко и свободно. Мы благодарны вам за это, %str1%. Ваша доброта не будет забыта. Счастливого пути.

— Исследователь Пентт"
"The peace summit has been approached timidly by both sides, neither knowing if they could truly trust the other. Your work has allowed the delegation members to see that they can meet each other as equals and as allies. Your efforts here will not be forgotten. 

— Vanguard Lieutenant Viles","К мирному саммиту обе стороны подошли с опаской, не зная, могут ли они по-настоящему доверять друг другу. Ваша работа позволила членам делегации увидеть, что они могут встречаться как равные и как союзники. Ваши усилия здесь не будут забыты.

— Лейтенант авангарда Вайлс"
"The people of Ebonhawke have known nothing but war for generations. I was born into it. My family pulled iron from the ground so that crafters could use its strength to hammer, to reinforce, to sharpen to a keen edge. As much as we could gather was tossed back into the war. With peace upon us we must find a new use for it, for ourselves. How unexpected that a visitor would show us the importance of being versatile! Iron can rebuild, a soldier can comfort, a traveler can help a city find its feet. From now on, I will try to be as versatile as iron, ready to be shaped to the need. Thank you for showing us this.

—Foreman Boslo","Народ Эбеновой Кузни веками не знал ничего, кроме войны. Я родился в ней. Моя семья добывала железо из земли, чтобы ремесленники могли использовать его силу для ковки, укрепления, заточки до остроты. Всё, что мы могли собрать, бросалось обратно в войну. С наступлением мира мы должны найти ему новое применение, найти себя. Как неожиданно, что пришлый показал нам важность гибкости! Железо может восстанавливать, солдат — утешать, путник — помогать городу встать на ноги. Отныне я попытаюсь быть таким же гибким, как железо, готовым принять нужную форму. Спасибо, что показали нам это.

— Прораб Босло"
"The pirates have taken refuge deep in the ruins, hiding away in the shadow of an abandoned palace... They don't fear the Risen. Quite the opposite, really—they seem to be drawn to the corroded magic that plagues this region.

I've almost encountered their scouts on several occasions. Maybe I'll wiggle my way into their ranks...get a closer look at what they're up to.","Пираты укрылись глубоко в руинах, затаившись в тени заброшенного дворца... Они не боятся Восставших. Скорее наоборот — их будто тянет к разъеденной магии, что терзает этот край.

Я несколько раз едва не столкнулась с их разведчиками. Может, вотрусь к ним в ряды... взгляну поближе, что они затевают."
"The principal biomancer insisted that any golems traded to the local freebooters be outfitted with fail-safe codes, should they attempt to betray our good-faith exchange for inland manpower and increased coastal harrying. These codes deactivate all combat features. Please ensure multiple copies of these documents are given to all facilty staff. (Note: A compiled list will also be available when time permits.)

Previous designation: Mark II Golemite var. V-C-56788  
Requested freebooter redesignation: S41ty D0g  
S41ty D0g fail-safe code: 1312

Previous designation: Mark II Golemite var. V-C-56789  
Requested freebooter redesignation: J1mmy  
J1mmy fail-safe code: 1723

Document 1 of 4","Главный биомант настоял, чтобы все големы, переданные местным флибустьерам, были снабжены аварийными кодами — на случай, если те попытаются предать наш честный обмен на рабочую силу с материка и усиление прибрежных рейдов. Эти коды отключают все боевые функции. Убедитесь, что копии этих документов розданы всему персоналу объекта. (Примечание: сводный список будет доступен, когда позволит время.)

Прежнее обозначение: Голем Mark II, вар. V-C-56788
Запрошенное флибустьерское переобозначение: S41ty D0g
Аварийный код S41ty D0g: 1312

Прежнее обозначение: Голем Mark II, вар. V-C-56789
Запрошенное флибустьерское переобозначение: J1mmy
Аварийный код J1mmy: 1723

Документ 1 из 4"
"The process has accelerated rapidly in the [lbracket]REDACTED[rbracket] fractal. Subjects are present but...changed. Substantial mutation has been observed. The method of the [lbracket]REDACTED[rbracket] spread has still not been determined, but it has overtaken all subjects it's come into contact with. More frighteningly, symptoms have appeared in the subjects who were far away and only *heard* about it, suggesting that even knowing about [lbracket]REDACTED[rbracket] may be enough for it to take hold.

Conclusion: Due to the unique nature of [lbracket]REDACTED[rbracket], we strongly recommend the fractal be expunged and all records of it be heavily censored. [lbracket]REDACTED[rbracket] should be treated as an extreme-level threat, requiring immediate termination of all exposed if it is ever detected in Tyria. Urgent steps need to be taken to ensure [lbracket]REDACTED[rbracket] never becomes aware of Tyria at all.","Процесс резко ускорился во фрактале [lbracket]УДАЛЕНО[rbracket]. Субъекты присутствуют, но... изменены. Наблюдается существенная мутация. Механизм распространения [lbracket]УДАЛЕНО[rbracket] так и не установлен, но оно охватило всех субъектов, с которыми входило в контакт. Что страшнее, симптомы появились и у субъектов, находившихся вдали и лишь *слышавших* о нём, — а значит, даже знание о [lbracket]УДАЛЕНО[rbracket] может быть достаточным для заражения.

Вывод: ввиду уникальной природы [lbracket]УДАЛЕНО[rbracket] настоятельно рекомендуем уничтожить фрактал, а все записи о нём жёстко зацензурировать. [lbracket]УДАЛЕНО[rbracket] следует считать угрозой высшего уровня, требующей немедленной ликвидации всех подвергшихся воздействию при обнаружении в Tyria. Необходимо срочно принять меры, чтобы [lbracket]УДАЛЕНО[rbracket] вообще никогда не узнало о Tyria."
"The ranch is starting to look half-good. Unless disaster strikes, I think my job is done here. That means your job is done, too. Here's your payment.

—Bram Dawnrazer, Dawnright Estate","Ранчо начинает выглядеть сносно. Если не случится катастрофы, моя работа здесь закончена. Значит, и твоя работа тоже закончена. Вот твоя плата.

—Брэм Рассветный Луч, поместье Рассвет"
"The relic has trapped
you. Overpower it quickly.","Реликвия поймала вас в
ловушку. Скорее пересильте её."
"The rise of Kalla Scorchrazor gave hope to the oppressed legions of the charr, but simply hearing words of promise on the wind did little to end their suffering. The Flame Legion was notorious for snuffing out insurgents to their rule, and our forebears feared this would be Kalla's ultimate fate as well.

While we would later come to learn of her victory on the Plains of Golghein, the first of those who would become the Olmakhan took Kalla's words to heart and chose to rebel in their own way: to flee the charr society that oppressed them so cruelly.

The Olmakhan, then a mere warband like any other, left our ancestral homeland. Flame Legion loyalists and humans both sought to destroy us, with no quarter given by either side.

Finally unbound by the Flame Legion's harsh dictums, the warband that would one day be Olmakhan brought together our charr brothers and sisters. They were free to use their magic, to teach and learn without fear. It was this magic that helped deter our pursuers, which allowed us passage out of Ascalon.

Our forebears followed the eastern edge of the Shiverpeak range southward, keeping to rocky, inhospitable terrain. The harder it was for us to travel, the harder it was for our foes to give chase.

This was no simple flight, of course. Our warband had many to its name, young and old alike. It was slow going for many years, picking our way through a landscape most treacherous. As we went from the frigid peaks of the Shiverpeaks to the searing sands of the Crystal Desert, our warband was forged into something new. Something we hadn't expected. No longer were we a band of warriors. We were more than that; a tribe of our own.

Where once a legionnaire would give orders, the eldest and most experienced came to offer their advice together. Our council was born on the long five-year trek to our new home, our rule of law and governance. For as long as we have borne the name ""Olmakhan"" have we been led by a council of five.

We traveled south until we reached the sea, its surface a glittering mirror reflecting the calm skies above. It was a sign, we knew, that our long journey had finally reached its end. The Olmakhan would live in this place, one with the world around it. Not seeking to dominate nor seeking to control.

Nature favor us and our great undertaking.","Возвышение Каллы Остролезвия дало надежду угнетённым легионам чарров, но одних лишь слов обещания, разносимых ветром, было недостаточно, чтобы положить конец их страданиям. Легион Пламени был печально известен тем, что подавлял мятежников против своей власти, и наши предки боялись, что это станет и конечной судьбой Каллы.

Хотя позже мы узнали о её победе на Равнинах Голгейна, первые из тех, кто впоследствии стал Олмакханами, восприняли слова Каллы близко к сердцу и решили восстать по-своему: бежать из общества чарров, которое так жестоко их угнетало.

Олмакханы, тогда ещё просто отряд, как и любой другой, покинули нашу исконную родину. Лоялисты Легиона Пламени и люди стремились уничтожить нас, не давая пощады ни с той, ни с другой стороны.

Наконец, освободившись от суровых догматов Легиона Пламени, отряд, которому суждено было стать Олмакханами, объединил наших братьев и сестёр чарров. Они могли свободно использовать свою магию, учить и учиться без страха. Именно эта магия помогла отпугнуть наших преследователей и позволила нам покинуть Аскалон.

Наши предки следовали вдоль восточной границы хребта Дрожащих Пиков на юг, держась каменистой, негостеприимной местности. Чем труднее было нам путешествовать, тем труднее было нашим врагам преследовать нас.

Конечно, это был не просто побег. В нашем отряде было много людей, как молодых, так и старых. Долгие годы мы медленно продвигались, пробираясь через самую коварную местность. Когда мы прошли от ледяных вершин Дрожащих Пиков до палящих песков Пустыни Кристалла, наш отряд перековался во что-то новое. Во что-то, чего мы не ожидали. Мы больше не были отрядом воинов. Мы были чем-то большим; собственным племенем.

Там, где раньше легионер отдавал приказы, старейшие и самые опытные стали вместе давать советы. Наш совет родился во время долгого пятилетнего похода к нашему новому дому, наш закон и наше правление. С тех пор как мы носим имя «Олмакханы», нами руководит совет из пяти человек.

Мы путешествовали на юг, пока не достигли моря, чья поверхность была сверкающим зеркалом, отражающим спокойное небо над ним. Это был знак, мы знали, что наше долгое путешествие наконец подошло к концу. Олмакханы будут жить в этом месте, единые с окружающим миром. Не стремясь господствовать и не стремясь контролировать.

Да благоволит нам природа в нашем великом начинании."
"The road splits ahead, but I came prepared. I must head east.","Дорога впереди раздваивается, но я подготовился. Мне нужно на восток."
"The roads to Black Haven are much safer since you took care of the bandits in the area. 

Thank you. Your help has made a world of difference. 

—Lionguard Micah","Дороги к Чёрной Гавани стали гораздо безопаснее с тех пор, как ты разобрался с бандитами в этой местности. 

Спасибо. Твоя помощь изменила всё. 

—Львиный страж Мика"
"The ropes tethering your supply crate are starting to fray.

If you reach four stacks of this effect, the ropes will break, and the crate will be detatched.

This effect diminishes if you allow your crate to catch up to you.","Верёвки, держащие ваш ящик припасов, начинают перетираться.

Если эффект достигнет четырёх зарядов, верёвки порвутся и ящик отцепится.

Эффект слабеет, если позволить ящику вас догнать."
The sand fills in quickly as you try to dig with your bare hands.,"Песок быстро заполняется, когда вы пытаетесь копать голыми руками."
"The sea beckons to us all, yet only a handful of enterprising privateers have managed to turn it into a successful career. What separates these seafaring scalawags from an everyday landlubber like you?

With this book in your hands? NOTHING!

Even if you can't tie a knot to save your life, even if you think ""port"" is just a fancy wine, and even if the mere thought of standing on a boat makes you queasy, this step-by-step guide will give you the tools to transform yourself into a hardened corsair.

Learn the following vital skills to grow your sea legs:

The basics of swordplay, complete with gorgeously rendered illustrations.

Surviving on a desert island in the event of marooning.

Three valuable tricks to identifying suspect grog.

How to spot mutinous crew members.

And much, much more!","Море манит всех, но лишь горстке предприимчивых каперов удалось превратить его в успешную карьеру. Что отличает этих морских пройдох от сухопутной крысы вроде вас?

С этой книгой в руках? НИЧЕГО!

Даже если вы не завяжете узла под страхом смерти, даже если думаете, что «порт» — это просто вино, и даже если от одной мысли о палубе вас мутит, это пошаговое руководство даст вам всё, чтобы превратиться в закалённого корсара.

Освойте важнейшие навыки морского волка:

Основы фехтования с великолепными иллюстрациями.

Выживание на необитаемом острове в случае высадки.

Три ценных приёма распознавания подозрительного грога.

Как вычислить мятежных членов команды.

И многое, многое другое!"
"The second PvP Ladder Test Season is underway! Compete for glory and prizes in the Mists!

Learn more here.","Второй тестовый сезон лестницы PvP уже идёт! Сражайтесь за славу и призы в Туманах!

Подробнее здесь."
"The situation in the Garenhoff fractal progressed rapidly. Within a few minutes of the tower's destruction, the elementals in the town had become completely unbound and began attacking the citizens. Within a few hours, the released magic coalesced into a powerful storm that hovers over the area. Fear has spread rapidly through the populace as well, adding a possible vector for incursions.

Conclusion: As suspected, the loss of the tower has immediate catastrophic local effects, in addition to the obvious long-term risks for Tyria as a whole. Protection of the tower should remain a critical priority. We recommend running other experiments on other potential scenarios related to the tower's safety to help build a robust set of contingencies for all possible threats.","Ситуация во фрактале Гаренхофф развивалась стремительно. В течение нескольких минут после разрушения башни элементали в городе полностью вышли из-под контроля и начали нападать на жителей. В течение нескольких часов высвободившаяся магия сгустилась в мощный шторм, нависший над этой местностью. Страх также быстро распространился среди населения, что может стать дополнительным вектором вторжений.

Вывод: Как и предполагалось, потеря башни имеет немедленные катастрофические последствия на местном уровне, помимо очевидных долгосрочных рисков для всей Тирии. Защита башни должна оставаться критическим приоритетом. Мы рекомендуем провести другие эксперименты по другим потенциальным сценариям, связанным с безопасностью башни, чтобы создать надёжный набор мер на случай всех возможных угроз."
"The situation in the Kaineng fractal has deteriorated rapidly. The jade mechs were designed to keep the city clean and productive, and once they achieved sentience they quickly optimized for that, determining that organic life was the primary impediment to that goal. When their initial command that organics leave the city was not obeyed, violence became their prompt solution. Their takeover of the city is already nearly complete, and the possibility remains that they will desire to expand their control.

Conclusion: This kind of machine intelligence being developed remains a significant concern for Tyria, and it raises the troubling possibility that similar constructs might already exist outside of Tyria. We recommend continuing to study scenarios like this until a better prevention plan is developed.","Ситуация во фрактале Каиненг резко ухудшилась. Джад-мехи были созданы для поддержания чистоты и продуктивности города, и, обретя разум, они быстро оптимизировались для этой цели, решив, что органическая жизнь является главным препятствием. Когда их первоначальный приказ покинуть город не был выполнен, насилие стало их немедленным решением. Их захват города уже почти завершен, и сохраняется вероятность, что они захотят расширить свой контроль.

Вывод: Развитие такого рода машинного интеллекта остается серьёзной проблемой для Тирии и вызывает тревожную возможность того, что подобные конструкции могут уже существовать за пределами Тирии. Мы рекомендуем продолжать изучение подобных сценариев до тех пор, пока не будет разработан лучший план предотвращения."
"The situation in the Kryta fractal has developed in an unanticipated direction. While the emergence of Thackeray as the nation's leader after the deaths of the royal family was unsurprising, the deterioration of Krytan society was unexpected. His attempts to prevent more incidents have led to increasingly draconian measures, scaling back centuries of freedom in the country.

Conclusion: This experiment has reinforced the unpredictability of the nations of Tyria and the corruptible nature of even the noblest people involved. We recommend additional study, but we advise against any Astral Ward involvement in Tyrian politics for the foreseeable future.","Ситуация во фрактале Крайта развилась в неожиданном направлении. Хотя приход Такерея к власти после гибели королевской семьи не был удивительным, упадок крайтанского общества оказался неожиданным. Его попытки предотвратить новые инциденты привели к все более драконовским мерам, сворачивающим столетия свободы в стране.

Вывод: Этот эксперимент подтвердил непредсказуемость народов Тирии и подверженность коррупции даже самых благородных людей. Мы рекомендуем дальнейшее изучение, но советуем Астральной страже воздержаться от вмешательства в политику Тирии в обозримом будущем."
"The sounds of frequent explosions caused by the Separatists is hard on the ears. You certainly made dealing with them easier for us. And given us some momentary peace. 

I'm glad you're on our side. 

— Tiga Fierceblade","Звуки частых взрывов, вызванных сепаратистами, режут слух. Вы определенно облегчили нам борьбу с ними. И подарили нам минутный покой.

Я рад, что вы на нашей стороне.

— Тига Яростный Клинок"
"The story of the Olmakhan begins with the charr of old, for there was once a time when we were no different. The first Olmakhan were not born into our family, but instead chose it for themselves.

Our first benefactors and elders were born and raised as all charr are: to parents uncaring, a fahrar unbending, a warband unyielding. Raised to fight, to kill, to win. But even these savage souls knew kinship to one another, loyalty beyond oneself, and an appreciation for the good of the many over the individual. It was the warband that mattered, not any one soldier. In fact, to be without a warband—the closest thing they knew to a family—was to know shameful isolation.

For the earliest of those who would be Olmakhan, the Flame Legion ruled over Blood, Iron, and Ash. They were ruthless beyond comprehension, driven by an insatiable lust for power over all living things. 

It was Flame Legion will that prevented mothers and daughters of the charr from taking up arms or practicing magic, for the shamans rightly feared they would be their downfall. Even though these mothers and daughters could control the sky itself, they were shunned by the Flame Legion as inferior to the fathers and sons on the battlefield. Bathea Havocbringer, martyr to all sensible charr, was the first to see through their lies. She would certainly not be the last. 

For many generations, there was an imbalance in charr society. The Flame Legion would blame the humans, but to any with eyes it was clear that our people had become their own worst enemy. In the absence of humanity, the charr would continue to fight. Their entire worldview was constructed around domination and warfare. There would always be another foe, always another enemy to overcome, until they were at each others' throats and none were left alive.

For years, our benefactors despaired. How would we escape from this endless cycle of death and destruction?

Then the stories began to spread. Stories of rebellion.

Pyre Fierceshot was a name long whispered in hushed tones, for fear the Flame Legion's ears might hear it. He had worked with the humans to save our world, to stop the Flame Legion's false gods from destroying all we held dear.

Blood, Ash, and Iron began to draw closer to one another. An alliance was finally beginning to take shape, but the suspicions of the past were not easily overcome. Hesitation bred complacency in the ranks, and the Flame Legion found them easy prey. 

For many years, we would hear of revolution. We would hear that the battle for freedom was coming. For a time, there would be a flicker of hope. Then the Flame Legion would gather their forces and destroy it.

It was in this time of great unease, when it seemed the Flame Legion's influence would burn away all remaining hope, that we began to hear the words of Kalla Scorchrazor, grandcub of the famed Fierceshot.

Within her words were the very ideas the Flame Legion sought to purge. Freedom for the mothers and daughters of the charr. An alliance between Blood, Ash, and Iron. Only through the destruction of the old ways could our kind ever be free.

Some charr took this as a sign to stand and fight. But our forebears had seen this again and again. Fighting begets fights, violence begets violence. The cycle anew.

And so, those who would one day become Olmakhan fled the ancestral charr lands. They fled from Ascalon. They fled from the legions. They fled from the Flame.","История Олмакхана начинается с древних чарров, ибо было время, когда мы ничем не отличались от них. Первые Олмакханы не родились в нашей семье, а сами выбрали её.

Наши первые благодетели и старейшины родились и выросли, как все чарры: у равнодушных родителей, в суровой фараре, в несгибаемом отряде. Воспитанные сражаться, убивать, побеждать. Но даже эти дикие души знали родство друг с другом, преданность, выходящую за пределы себя, и ценили благо многих выше блага отдельной личности. Важен был отряд, а не один солдат. На самом деле, быть без отряда — самого близкого, что они знали к семье, — означало познать позорную изоляцию.

Для самых первых из тех, кто станет Олмакханом, Легион Пламени правил Кровью, Железом и Пеплом. Они были безжалостны сверх всякого понимания, движимые ненасытной жаждой власти над всем живым.

Именно воля Легиона Пламени не позволяла матерям и дочерям чарров браться за оружие или практиковать магию, ибо шаманы справедливо опасались, что те станут их погибелью. Хотя эти матери и дочери могли управлять самим небом, Легион Пламени отвергал их как низших по сравнению с отцами и сыновьями на поле боя. Батея Разрушительница, мученица для всех разумных чарров, первой увидела их ложь. Она, безусловно, была не последней.

На протяжении многих поколений в обществе чарров существовал дисбаланс. Легион Пламени винил во всём людей, но любому, у кого были глаза, было ясно, что наш народ стал сам себе злейшим врагом. В отсутствие человечества чарры продолжали бы сражаться. Всё их мировоззрение строилось на господстве и войне. Всегда находился бы новый враг, которого нужно было одолеть, пока они не вцепились бы друг другу в глотки и никого не осталось бы в живых.

Годами наши благодетели отчаивались. Как нам выбраться из этого бесконечного цикла смерти и разрушения?

Затем начали распространяться истории. Истории о восстании.

Имя Пайр Острого Выстрела долгое время произносили шёпотом, опасаясь, что уши Легиона Пламени могут его услышать. Он работал с людьми, чтобы спасти наш мир, остановить ложных богов Легиона Пламени, которые грозили уничтожить всё, что нам дорого.

Кровь, Пепел и Железо начали сближаться. Наконец-то начал формироваться союз, но подозрения прошлого было нелегко преодолеть. Колебания порождали самоуспокоенность в рядах, и Легион Пламени находил их лёгкой добычей.

Много лет мы слышали о революции. Мы слышали, что битва за свободу грядёт. На время вспыхивала искра надежды. Затем Легион Пламени собирал свои силы и уничтожал её.

Именно в это время великой тревоги, когда казалось, что влияние Легиона Пламени выжжет всю оставшуюся надежду, мы начали слышать слова Каллы Острого Когтя, внучки прославленного Острого Выстрела.

В её словах были те самые идеи, которые Легион Пламени стремился искоренить. Свобода для матерей и дочерей чарров. Союз между Кровью, Пеплом и Железом. Только уничтожив старые порядки, наш род мог обрести свободу.

Некоторые чарры восприняли это как знак встать и сражаться. Но наши предки видели это снова и снова. Борьба порождает борьбу, насилие порождает насилие. Цикл начинается заново.

И поэтому те, кому суждено было стать Олмакханом, бежали из исконных земель чарров. Они бежали из Аскалона. Они бежали от легионов. Они бежали от Пламени."
"The sun is fading again. When it does, my room will get dark; I will sit here alone as long as I can endure it.  
  
In that darkness, a calm nothingness once waited for me. I miss that. Sometimes I heard footsteps from above; Astral Ward hurrying to their stations. Maybe a laugh somewhere down the hall. Long before the tower was filled with bodies, Vass would rush inside without notice. Excited to show me something new. Something pure. But now... Screaming. Crying—the kind of crying that turns your stomach sour. My mind swirls with flickers of caves and dead cubs and starving. Cold. Cold like I've never felt it... The kind of cold that Jormag summoned, unending and bitter. It makes me feel alone.  
  
Dust covers those memories—if they even are memories. They'd have to be from before. Before I plunged into the depths of Tyria's magic when Isgarren ascended me. I don't know what I see, what I smell, or what I hear, but all of it haunts me the same. All of it makes me want to shed my fur and stand before the light and beg for forgiveness... I don't even know what needs forgiving. I... He...  
  
I don't know how much more of this I can take. Dagda sees right through my eyes, into my soul. And Isgarren's gaze... I've disappointed him, and I haven't even left yet. But I think I need to.","Солнце снова гаснет. Когда это происходит, моя комната погружается во тьму; я буду сидеть здесь одна, сколько смогу вытерпеть.

В этой тьме когда-то меня ждало спокойное ничто. Я скучаю по нему. Иногда я слышала шаги наверху; Астральная стража спешила на свои посты. Может быть, смех где-то в конце коридора. Задолго до того, как башня наполнилась телами, Васс врывался внутрь без предупреждения. Взволнованный, чтобы показать мне что-то новое. Что-то чистое. Но теперь... Крики. Плач — такой плач, от которого в животе становится кисло. Мой разум кружится от вспышек пещер, мёртвых детёнышей и голода. Холод. Холод, которого я никогда не чувствовала... Тот холод, что призвал Йормаг, бесконечный и горький. Он заставляет меня чувствовать себя одинокой.

Пыль покрывает эти воспоминания — если это вообще воспоминания. Они должны быть из прошлого. До того, как я погрузилась в глубины магии Тирии, когда Исгаррен вознёс меня. Я не знаю, что я вижу, что обоняю или что слышу, но всё это преследует меня одинаково. Всё это заставляет меня хотеть сбросить свою шерсть, встать перед светом и умолять о прощении... Я даже не знаю, что нужно прощать. Я... Он...

Я не знаю, сколько ещё я смогу это выносить. Дагда видит меня насквозь, в самую душу. А взгляд Исгаррена... Я разочаровала его, даже не уйдя. Но, думаю, мне нужно уйти."
"The surges of ley-line energy have been increasing. They're concentrating into new and more dangerous forms. These anomalies don't appear to be hostile, but their presence is causing a lot of damage. We can't let them continue this destruction. I have something for you that could help. Come see me as soon as you can.

—Ela Makkay","Всплески энергии лей-линий усиливаются. Они концентрируются в новые, более опасные формы. Эти аномалии, похоже, не враждебны, но их присутствие наносит большой ущерб. Мы не можем позволить им продолжать это разрушение. У меня есть кое-что, что может помочь. Приходи ко мне, как только сможешь.

— Эла Маккей"
"The tantalizing steam shrouded his strong form in a veil of vapor and mystique. But she knew it was him. Of course it was him. She would recognize his broad warrior's shoulders anywhere. If only, she thought, she could dig her own claws deep into the ridges of his back, she'd leave him some battle scars of her own.

""I take it you got my letter."" His voice was deep, a tad hoarse, but somehow melodious in its rugged candor.

""We shouldn't be here,"" is all she could manage to whisper. He turned and flashed her a mischievous, fanged smile. And my, what impressive fangs he had.

""Isn't that half the fun?""

She wasn't sure if it was the warmth of the Bergen Springs that caused the heat to rise in her cheeks, or something far hotter.

""What if they find you? They'll kill you!""

""Then let's make it a night to die for.""","Манящий пар окутывал его сильную фигуру пеленой тумана и таинственности. Но она знала, что это он. Конечно, это был он. Она узнала бы его широкие воинские плечи где угодно. Если бы только, подумала она, она могла бы вонзить свои когти глубоко в бугры его спины, она оставила бы ему несколько своих собственных боевых шрамов.

«Полагаю, ты получила моё письмо». Его голос был глубоким, слегка хрипловатым, но каким-то мелодичным в своей суровой искренности.

«Нас здесь не должно быть», — только и смогла прошептать она. Он повернулся и одарил её озорной улыбкой с клыками. И какие же впечатляющие у него были клыки.

«Разве не в этом половина веселья?»

Она не была уверена, то ли тепло Бергенских источников вызвало жар на её щеках, то ли нечто гораздо более горячее.

«А что, если они найдут тебя? Они убьют тебя!»

«Тогда пусть эта ночь будет такой, за которую стоит умереть»."
"The top-ranked guild teams that competed in the current PvP season.
Conquest Only","Лучшие гильдейские команды, соревновавшиеся в текущем сезоне PvP.
Только «Захват»"
"The treatment is slow, but among the forges there is a long-awaited sense of triumph. The Forge Colossus tears our foes limb from limb as its furnaces burn, and although the stone remains on our bodies, our thoughts are freed from its shackles.

With each phase, transformation can be felt within. Though we grudgingly accept our new bodies, we are bound for irreversible change. All has not been to plan, however. Some among us have not withstood the treatment. Their bodies were melted from within by fire, leaving behind nothing but ash. We mourn them, but their wills were perhaps not strong enough for the rites. The ritual priests propose the fallen may have been overwhelmed by a force connected to or perhaps superior to what we're harnessing. A being of pure and ancient fire.

Regardless, the Stone Summit will not yield. We are the masters of our lands and all within them.","Лечение идёт медленно, но среди горнов царит долгожданное чувство триумфа. Горнило-Колосс рвёт наших врагов на части, пока пылают его топки, и, хотя камень остаётся на наших телах, наши мысли свободны от его оков.

С каждой фазой внутри чувствуется преображение. Мы нехотя принимаем новые тела, но нас ждёт необратимая перемена. Впрочем, не всё пошло по плану. Некоторые из нас не выдержали лечения. Их тела изнутри расплавил огонь, оставив лишь пепел. Мы скорбим по ним, но, возможно, их воля была недостаточно крепка для обрядов. Жрецы ритуала полагают, что павших могла сокрушить сила, связанная с той, что мы обуздываем, — или превосходящая её. Существо чистого древнего огня.

Как бы то ни было, Каменная Вершина не уступит. Мы — хозяева наших земель и всего, что в них."
The tree stump cannot be removed from the ground easily. A well-placed explosive would do the trick.,Пень невозможно легко вытащить из земли. Метко размещённая взрывчатка сделает своё дело.
"The troupe would cross the Shiverpeaks with help of two Deldrimor pathfinders, Lyn and Bhrode Runecarver, with the hope of avoiding the Stone Summit, among other more natural dangers of the mountain passes. Even with their dwarven guides, they lost two of their group to a Summit ambush near the Frost Gate.  
  
*""We're exhausted. Spirits are low. No time to mourn after Kelsi and Torrin covered our escape. Our guides have done what they can to console us, but it's little comfort. I got a fire going, somehow. Never expected any of Scarlot's survival lessons to stick. Cendin would've conjured flames with magic just to show off. I miss them so much.""* —Journal of Third Veil, Velise","Труппа пересекла Дрожащие вершины с помощью двух следопытов из Дельдримора, Лин и Броде Рунерезчика, надеясь избежать Каменного Пика и других природных опасностей горных перевалов. Даже с их дварфийскими проводниками они потеряли двоих из своей группы в засаде Пика у Ледяных Врат.  
  
*""Мы измотаны. Дух упал. Нет времени скорбеть после того, как Келси и Торрин прикрыли наше бегство. Наши проводники сделали всё возможное, чтобы утешить нас, но это слабое утешение. Я как-то развел огонь. Никогда не думал, что уроки выживания Скарлот пригодятся. Сендин сотворил бы пламя магией, просто чтобы покрасоваться. Я так скучаю по ним.""* —Дневник Третьей Вуали, Велиза"
"The turtle Oriel gave you can stun nearby Void creatures and make them vulnerable to attacks.

While in combat, this command will tell your turtle to use the skill around your target.","Черепаха, которую дал вам Ориэль, может оглушать рядом существ Бездны и делать их уязвимыми для атак.

Во время боя эта команда прикажет вашей черепахе использовать умение вокруг вашей цели."
"The turtle Oriel gave you is capable of stunning nearby Jade Brotherhood mechs, rendering them vulnerable to attacks.

While in combat, this command will order your turtle to use the ability around your target.","Черепаха, которую дал вам Ориэль, способна оглушать рядом мехов Братства Нефрита, делая их уязвимыми для атак.

Во время боя эта команда прикажет вашей черепахе использовать способность вокруг вашей цели."
"The water processing plant is a large and crucial operation, but having you on our team made a significant difference when it was needed most. 

We can't thank you enough. 

— Stout Darkmind","Водоочистная станция — это крупная и важная операция, но ваше присутствие в нашей команде сыграло значительную роль, когда это было нужно больше всего. 

Мы не можем отблагодарить вас в полной мере. 

— Стоут Даркмайнд"
"The whispers draw me deeper in. Warm, gentle, like a mother comforting her cub. An old friend welcoming me home. Is this my home now? They remind me I'm still alive, still hungry. Always so hungry. I'm disgusting.

I ended a life today. A Vigil patrol. Norn. I don't know why I did it, but it felt wonderful. The whispering friend told me I was doing so well. And as the light drained from his eyes, my stomach growled. My body acted without thinking, and before I knew it, he was gone. I'm vile.

What am I becoming? Is it a trick of the light on the snow, or do my claws grow longer? Why does the hunger gnaw away even now, after I did this horrible thing? What's wrong with me? Koda, help me.","Шёпот тянет меня глубже. Тёплый, нежный, словно мать, утешающая детёныша. Старый друг, приветствующий меня дома. Мой ли это дом теперь? Они напоминают мне, что я всё ещё жив, всё ещё голоден. Вечно так голоден. Я отвратителен.

Сегодня я оборвал жизнь. Дозорный из Дозора. Норн. Не знаю, зачем я это сделал, но это было чудесно. Шепчущий друг сказал, что у меня всё отлично получается. И когда свет угас в его глазах, мой желудок заурчал. Моё тело действовало не думая, и не успел я опомниться, как его не стало. Я мерзок.

Кем я становлюсь? Это игра света на снегу или мои когти становятся длиннее? Почему голод гложет меня даже сейчас, после того ужасного поступка? Что со мной не так? Кода, помоги мне."
"The words shift around on the page.
There's magic obscuring the text.","Слова на странице разбегаются.
Текст скрыт магией."
"The words whisper to us. 

The wind takes us. 

Now the words whisper to you.

And the wind will take you.

It will consume you.

As it consumed us.","Слова шепчут нам.

Ветер уносит нас.

Теперь слова шепчут тебе.

И ветер унесёт тебя.

Он поглотит тебя.

Как поглотил нас."
"Their talk of our fate is an excuse for the corruption they have embraced. We will not be their soldiers. Our transformation does not make us ""brethren."" We have nothing in common other than our race. They are misguided. They do not represent us.

The Summit stands alone at the top.

As the days pass, I can feel the stone take hold. Movement takes effort. If this is my fate, I will control it. If we can't undo the Rite, then at least we will use it to our advantage.

I have dispatched scouts to key places. We must learn all we can on how to reverse the transformation. It's the only way.","Их разговоры о нашей судьбе — лишь оправдание порчи, которую они приняли. Мы не будем их солдатами. Наше преображение не делает нас «братьями». У нас нет ничего общего, кроме расы. Они заблуждаются. Они не говорят за нас.

Вершина стоит одна на вершине.

День за днём я чувствую, как камень берёт своё. Движение требует усилий. Если это моя судьба — я буду ею управлять. Если Обряд нельзя отменить, мы хотя бы обратим его себе на пользу.

Я разослал разведчиков по ключевым местам. Мы должны узнать всё возможное о том, как обратить преображение вспять. Это единственный путь."
"There are few humans in Tyria's history who can say they've challenged a god. Fewer still can claim they defeated one. Yet only one can claim to have ascended our mortal plane, becoming a god herself.

Kormir, Goddess of Order, Spirit, and Truth, began her rise to godhood as a decorated Spearmarshal. Even in life, she sought to bring order from chaos, leading the charge against criminals and corsairs who threatened the lives of the innocent.

In this exciting collection, Kormir's loyal Sunspear compatriots speak of her mortal years, how she survived her confrontation with the Hunger, the grand battle against the fallen god, Abaddon, and her ultimate ascension to the pantheon.","Немногие люди в истории Тирии могут сказать, что бросали вызов богу. Ещё меньше могут утверждать, что победили его. И лишь одна может заявить, что вознеслась над смертным планом, сама став богиней.

Кормир, Богиня Порядка, Духа и Истины, начала свой путь к божественности как прославленный Маршал Копья. Ещё при жизни она стремилась навести порядок из хаоса, возглавляя борьбу с преступниками и корсарами, угрожавшими жизням невинных.

В этой захватывающей коллекции верные соратники Кормир из Солнцекопья рассказывают о её смертных годах, о том, как она пережила столкновение с Голодом, о великой битве с падшим богом Абаддоном и о её окончательном вознесении в пантеон."
"There have been recent reports of food and trinkets going missing throughout the Harvest Den. Be on the watch for a small feline reportedly wearing a...hat of some sort, the fashion of which is unfamiliar and not of the lowlands. Multiple bearkin have noted seeing this cat around the time of these theft incidents, leading us to believe that that they may be related.  
  
Wry Lichen","В последнее время поступают сообщения о пропаже еды и безделушек в Урожайном Логове. Следите за маленькой кошкой, на которой, как сообщается, надета... шляпа незнакомого фасона, не характерного для низовий. Многие медведи замечали эту кошку примерно в то же время, когда происходили кражи, что позволяет предположить их связь.  
  
Ври Лишайник"
"There is much to be done to heal Caladbolg. In case you are distracted by other matters, here is a list of materials that will be needed eventually:

• Collect the remaining shards of Caladbolg.
• Collect energy from places of power across Tyria.
• Obtain or craft a Vision Crystal to allow you to commune with Caladbolg.
• Obtain or craft a Spiritwood Scion to aid in restoring Caladbolg's physical form.
• Obtain or craft an Orb of Natural Essence to rejuvenate Caladbolg.

If you find yourself in need of guidance, I will remain at your home to provide whatever aid I can.

—Ridhais","Нужно многое сделать, чтобы исцелить Каладболг. На случай, если вас отвлекут другие дела, вот список материалов, которые в конечном итоге понадобятся:

• Собрать оставшиеся осколки Каладболга.
• Собрать энергию из мест силы по всей Тирии.
• Добыть или создать Кристалл Видений, чтобы общаться с Каладболгом.
• Добыть или создать Отросток Духовного Древа, чтобы помочь восстановить физическую форму Каладболга.
• Добыть или создать Сферу Природной Сущности, чтобы омолодить Каладболг.

Если вам понадобится совет, я останусь в вашем доме, чтобы оказать посильную помощь.

—Ридайс"
"There is much to be said about the repetitious nature of history. A few hundred years ago, Master Togo was born to Emperor Kintah and his mother, Yuki. While not a legitimate heir, Togo still served Cantha to his fullest and died in that service at the hands of Shiro Tagachi. Today, Lady Joon, a prodigy in her fields of expertise, shines as a beacon of modern Canthan society. An example for the self-made modern woman and an inspiration to the young and inquiring minds of this age.

In this dual-biography, two Canthan icons—one of the past and one of the present—are explored in full detail, opening with a transcription of Lady Joon and myself from an interview on TCR, The Canthan Report, that took place last year.

Tsui: Lady Joon, thank you for speaking with me today and for your continued support of the Ministry of Archives.

Joon: As I say, education—learning is the great equalizer. It's the least I can do.

Tsui: Something both you and Master Togo both believed, though perhaps in different ways.

Joon: True. Though Xunlai Jade isn't in the business of training storied heroes. Not yet, anyway. (laughs)

Tsui: (laughs) Who knows? In my book, I touch on the differences between your early years and Master Togo's early years, and while most can find biographies on Togo at their own leisure, I was wondering if you might share some of your perspective?

Joon: (sighs) Let me think. There are the indirect familial connections, of course. Emperor Kintah was fond of Yuki and their son—at least, enough for them to enjoy the privileges of palace life. Emperor Taejeong—my father—did not extend that same...generosity, whatever his reasons.

Tsui: And his successor?

Joon: (clears throat) Her majesty, Empress Ihn, has shown me a great deal of...consideration, given my achievements through my scientific and business pursuits. We both wish to see Cantha thrive in the modern era, and we both know that means change is inevitable. Politics aside, I am grateful for our relationship.

Tsui: Of course. Moving on, what would you define as Master Togo's greatest achievement—his legacy—and what does it mean to you?

Joon: A great question. I imagine most probably say it was his sacrifice to protect his half-brother, Emperor Kisu. My answer may disappoint some, but I would have to say his work as a diplomat during the Tengu Wars. His actions during the Tengu Accords prevented what could have been an even greater tragedy. For a time, at least.

Tsui: Is that in reference to the actions of the Ministry of Purity?

Joon: Who else? I haven't kept tabs on other ministerial efforts to make amends after the civil war, but I have invested some number of resources into outreach efforts. For now, I can say that I employ many tengu at Xunlai Jade, and that their perspectives, experiences, and talents are important not just to me and my business but also to our nation's success.","О повторяемости истории можно сказать многое. Несколько сотен лет назад у императора Kintah и его матери Yuki родился мастер Togo. Не будучи законным наследником, Togo всё же служил Cantha сполна и погиб на этой службе от руки Shiro Tagachi. Сегодня леди Joon, вундеркинд в своих областях, сияет маяком современного кантанского общества. Пример современной женщины, всего добившейся самой, и вдохновение для юных пытливых умов этой эпохи.

В этой двойной биографии два кантанских символа — один из прошлого, другой из настоящего — исследованы во всех подробностях; открывает книгу расшифровка нашего с леди Joon интервью на TCR, The Canthan Report, состоявшегося в прошлом году.

Tsui: Леди Joon, спасибо, что беседуете со мной и за вашу неизменную поддержку Министерства архивов.

Joon: Как я говорю, образование — учение — великий уравнитель. Это меньшее, что я могу.

Tsui: Во что верили и вы, и мастер Togo, хотя, возможно, по-разному.

Joon: Верно. Впрочем, Xunlai Jade не занимается воспитанием легендарных героев. Пока что. (смеётся)

Tsui: (смеётся) Кто знает? В книге я касаюсь различий между вашими ранними годами и ранними годами мастера Togo, и, хотя биографии Togo каждый может найти сам, не поделитесь ли своим взглядом?

Joon: (вздыхает) Дайте подумать. Есть, конечно, непрямые семейные связи. Император Kintah был привязан к Yuki и их сыну — по крайней мере настолько, чтобы они пользовались привилегиями дворцовой жизни. Император Taejeong — мой отец — подобной... щедрости не проявил, каковы бы ни были его причины.

Tsui: А его преемница?

Joon: (откашливается) Её величество императрица Ihn проявила ко мне немалое... внимание, учитывая мои достижения в науке и деле. Мы обе хотим видеть Cantha процветающей в современную эпоху, и обе знаем: перемены неизбежны. Политика политикой, но я благодарна за наши отношения.

Tsui: Разумеется. Далее: что бы вы назвали величайшим достижением мастера Togo — его наследием — и что оно значит для вас?

Joon: Отличный вопрос. Полагаю, большинство назовёт его жертву ради защиты сводного брата, императора Kisu. Мой ответ, возможно, кого-то разочарует, но я бы назвала его труд дипломата во время Войн тенгу. Его действия при Соглашениях тенгу предотвратили, быть может, ещё большую трагедию. По крайней мере, на время.

Tsui: Это отсылка к действиям Министерства чистоты?

Joon: К кому же ещё? Я не следила за попытками других министерств загладить вину после гражданской войны, но сама вложила немало средств в работу с общинами. Пока скажу одно: в Xunlai Jade трудится много тенгу, и их взгляды, опыт и таланты важны не только мне и моему делу, но и успеху всей нашей страны."
"There is no character by that name. 

If you meant to find a player name, be sure to include the four-digit code at the end.<brx>","Персонажа с таким именем нет.

Если вы ищете имя игрока, не забудьте четырёхзначный код в конце.<brx>"
"There is no guild by that name.

When entering guild names, do not include guild tags.","Гильдии с таким названием нет.

Вводя название гильдии, не указывайте тег."
"There is no player using that name. 

 If you meant to find a character name, be sure there are no numbers in the name.<brx><brx>","Игрока с таким именем нет.

Если вы ищете имя персонажа, убедитесь, что в имени нет цифр.<brx><brx>"
"There were eight of us that left to bring down that extractor. Eight of our finest. We set out at what passes for twilight around here. We stayed low, kept to the shadows, followed all of our covert protocols. I want the record to show that every soldier performed their duties admirably.  
  
I don't know when they spotted us, but they attacked as we rounded the cliff edge. Maja, Genn, and Baiko were sent tumbling into the abyss, their screams swallowed by the void. By the time I had opened the portal, Allene was cut to ribbons and Arni was impaled on one of their claws. I'll remember the look in his eyes as long as I live.  
  
Eight soldiers left that night. Three returned. The extractor still stands.","Нас было восемь, кто отправился уничтожить тот экстрактор. Восемь наших лучших. Мы выступили в то, что здесь сходит за сумерки. Мы держались низко, прятались в тени, следовали всем нашим протоколам скрытности. Я хочу, чтобы в отчёте было отмечено, что каждый солдат выполнил свой долг безупречно.  
  
Я не знаю, когда они нас заметили, но они атаковали, когда мы огибали край утёса. Майя, Генн и Байко рухнули в бездну, их крики поглотила пустота. К тому времени, как я открыл портал, Аллену изрезали в клочья, а Арни насадили на один из их когтей. Я буду помнить выражение его глаз всю свою жизнь.  
  
Восемь солдат ушли той ночью. Трое вернулись. Экстрактор всё ещё стоит."
"There were five unscheduled departures from Sanctum Harbor in the early morning hours on the day of the trade summit between Cantha and Elona. I had my technician intercept one of the ship's signals, and we determined that they were manned by two notable Inquest krewes. The ships met with a small fleet of three additional vessels, each of asuran origin, before the signal was blocked.   
  
If you have any information, please touch base with myself or Commodore Marriner.  
  
Signed,  
Captain Sayida of the Captain's Council","Ранним утром в день торгового саммита между Кантой и Элоной из Портового Святилища было совершено пять незапланированных отбытий. Мой техник перехватил сигнал одного из кораблей, и мы определили, что ими управляли два известных отряда Инквеста. Корабли встретились с небольшим флотом из трёх дополнительных судов, каждое асуранского происхождения, после чего сигнал был заблокирован.   
  
Если у вас есть какая-либо информация, пожалуйста, свяжитесь со мной или коммодором Марринером.  
  
С уважением,  
Капитан Сайида из Совета Капитанов"
"There were visitors in the village today from Divinity's Reach. Here on holiday, it seems. They expressed shock at the elementals and how comfortable we are with them ""But how do you know you can trust them?"" they wondered loudly.

It's a silly question, though. There are hundreds of armed soldiers patrolling their city, but they never lose sleep over it or wonder why those soldiers are there. Why then should we worry about the elementals? They've protected our village for generations without incident. Garenhoff is as safe and as clean as it is because of them.

They're lucky they moved on when they did. I almost gave them a piece of my mind.","Сегодня в деревне были гости из Храма Судьбы. В отпуске, похоже. Они выразили шок по поводу элементалей и того, как мы с ними уживаемся. «Но как вы знаете, что им можно доверять?» — громко недоумевали они.

Глупый вопрос, впрочем. Сотни вооружённых солдат патрулируют их город, но они никогда не теряют из-за этого сон и не задаются вопросом, зачем эти солдаты там. Почему же тогда мы должны беспокоиться об элементалях? Они защищали нашу деревню поколениями без происшествий. Гаренхофф так же безопасен и чист именно благодаря им.

Им повезло, что они ушли, когда ушли. Я чуть было не высказал им всё, что думаю."
"There's been a turn of events on the dredge-Flame Legion front. The Vigil's moved against them, bolstering war efforts. However, the invaders are unwavering, accessing weapons caches they've hidden in Wayfarer Foothills and Diessa Plateau. And I've just heard they're now taking prisoners. The Vigil needs your help. Wound the enemy's forces and shatter their twisted allegiance—for Kryta, and for our friends.

—Logan","На фронте землероев и Легиона Пламени произошёл поворот событий. Дозор выступил против них, усиливая военные усилия. Однако захватчики непоколебимы, получая доступ к тайникам с оружием, которые они спрятали в Предгорьях Странника и на плато Дьесса. И я только что узнал, что они теперь берут пленных. Дозору нужна твоя помощь. Нанеси урон силам врага и разрушь их извращённую верность — ради Крайты и ради наших друзей.

—Логан"
"These little creatures—the ""gwyldell,"" I believe—are a marvel to study. I'm not sure whether this is due to instinct or if it is a learned behavior, but they've been observed tending to various natural anomalies throughout the forest. They seem to linger near wells of ley energy, and when those wells are disrupted they flock and tend to the flow of magic until it is repaired. I haven't been able to earn their trust, so I've yet to conduct a proper analysis of what they truly are. But given their gentle nature I'd rather they come to me on their own.  
  
I was able to collect a single fecal sample, and after testing it... I sound mad, I know, but I suspect they may be related to treants. Their magical composition is so dense that I'm a bit appalled that they're not more ethereal in nature. It's as if they are manifested from the forest itself, but they are also corporeal. Fascinating.","Эти маленькие создания — «гвильделлы», полагаю, — чудо для изучения. Не знаю, инстинкт это или выученное поведение, но замечено, что они ухаживают за разными природными аномалиями по всему лесу. Они держатся у колодцев лей-энергии, а когда колодцы нарушены — слетаются и выхаживают поток магии, пока он не восстановится. Мне не удалось заслужить их доверие, так что толком проанализировать, что они такое, я пока не смог. Но, учитывая их кроткий нрав, пусть лучше сами ко мне придут.  
  
Мне удалось собрать один образец помёта, и после анализа... Знаю, звучит безумно, но подозреваю, что они в родстве с древнями. Их магический состав столь плотен, что я даже поражён, почему они не эфирнее по природе. Будто они порождены самим лесом — и при этом телесны. Поразительно."
"These outsiders—Aetherblades, they call themselves—are as arrogant and stupid as Tetra believed them to be. The subject claimed to have been searching for cast-off ""technology,"" but judging from the steam-based devices it carried on its person, they lag far behind Canthan technocrats. Under my supervision, the thief confessed to numerous crimes, ranging from the most petty acts of larceny up to and including the wholesale murder of many innocents during an attack on one of northern Tyria's major cities. Needless to say, I will sleep soundly after this.

Through their screams, the subject was quite insistent about their desire to return to their homelands, though the subject made the ludicrous claim that they could traverse the Mists with the same ease that a skiff parts the waters of Lake Lutgardgis. The subject claimed to be searching for a specific part that would help them in that mission.

Before we could pry out any more details, Tetra ordered me to stop. She told me that the pirate band's leader, an individual going by Ankka, had approached her with a proposal. We assumed she was after her lackey, but no...she was only interested in the technology that was on the subject. While Tetra was busy considering the terms of the deal, the pirates simply...withdrew from negotiations.

Tetra was not pleased by their sudden change of heart, though I am skeptical that the scoundrels would have upheld any deal we might have brokered. For my part, I'm happy enough with how things have gone, as it gives me more time with my subject. I believe there are many more gems to uncover in this one.","Эти чужаки — Эфироклинки, как они себя называют — так же высокомерны и глупы, как и считала Тетра. Субъект утверждал, что искал выброшенные «технологии», но, судя по паровым устройствам, которые он носил при себе, они сильно отстают от кантанских технократов. Под моим надзором вор признался во многочисленных преступлениях, от самых мелких краж до массового убийства множества невинных во время нападения на один из крупных городов северной Тирии. Излишне говорить, что после этого я буду спать спокойно.

Сквозь свои крики субъект настойчиво заявлял о желании вернуться на родину, хотя и выдвинул нелепое утверждение, что может пересекать Туман с той же лёгкостью, с какой скиф рассекает воды озера Лутгардис. Субъект утверждал, что ищет определённую деталь, которая поможет ему в этой миссии.

Прежде чем мы смогли выведать больше подробностей, Тетра приказала мне остановиться. Она сказала, что лидер пиратской банды, некто по имени Анкка, обратилась к ней с предложением. Мы предположили, что она ищет своего приспешника, но нет... её интересовала только технология, которая была у субъекта. Пока Тетра обдумывала условия сделки, пираты просто... вышли из переговоров.

Тетра была недовольна их внезапной переменой решения, хотя я сомневаюсь, что эти негодяи выполнили бы любую сделку, которую мы могли бы заключить. Что касается меня, я вполне доволен тем, как всё сложилось, так как это даёт мне больше времени с моим субъектом. Я считаю, что в этом можно найти ещё много сокровищ."
"These pirates are uncultured and filthy. These are not the working conditions to achieve great technological advancement!  

Our ""friends"" know nothing of the subtleties and elegance of synergetics. Not only are our research specimens delicate and to be handled with the most gentle touch, but my lab equipment must be treated with the utmost respect (the pirates do neither).  

B is arranging a visit to my humble lab in the coming week. I haven't had the pleasure of meeting her myself yet, but I want this place spotless by the time she arrives. The force-field generator above the power control core has been malfunctioning, I should get that repaired before her arrival. That way, I can give our guest a full demonstration of the lab's ability.","Эти пираты некультурны и грязны. В таких условиях великого технологического прорыва не достичь!

Наши «друзья» ничего не смыслят в тонкостях и изяществе синергетики. Мало того, что наши исследовательские образцы хрупки и требуют самого бережного обращения, так ещё и к моему лабораторному оборудованию следует относиться с высшим почтением (пираты не делают ни того ни другого).

На следующей неделе B устраивает визит в мою скромную лабораторию. Я ещё не имел удовольствия познакомиться с ней лично, но хочу, чтобы к её прибытию здесь всё блестело. Генератор силового поля над ядром управления питанием барахлит — стоит починить его до её приезда. Тогда я смогу устроить гостье полную демонстрацию возможностей лаборатории."
"These scrolls are filled with logistical data from 1689 CC, and they seem to imply that the Ministry of Purity used accusations of sedition to concentrate wealth into the hands of their strongest supporters. A short foreword is written on the collection, in a different hand:

""They're on to us. My sources say at least three of our sites have been compromised, possibly more. We need to be more careful.

These are the most critical records my followers have collected: I've enclosed copies for you in case my group is next. We need to isolate ourselves so that one discovery won't collapse the whole network.

This will be the last time I contact you. May we meet again, in a brighter future.""","Эти свитки полны логистических данных за 1689 CC, и из них следует, что Министерство чистоты использовало обвинения в крамоле, чтобы сосредоточить богатство в руках своих самых верных сторонников. К собранию другим почерком приписано короткое предисловие:

«Они вышли на нас. Мои источники говорят, что скомпрометированы минимум три наших точки, возможно, больше. Нужно быть осторожнее.

Это самые важные записи, собранные моими людьми: прилагаю копии для вас на случай, если моя группа — следующая. Нам нужно разделиться, чтобы одно раскрытие не обрушило всю сеть.

Больше я с вами не свяжусь. Да встретимся мы снова — в более светлом будущем»."
"These stones are the remnants of ramparts, and they still bear the mark of Searing fire. Even a mild imagination can envision fire engulfing human archers positioned on the wall.","Эти камни — остатки валов, и они всё ещё несут следы огня Скверны. Даже слабое воображение может представить, как огонь охватывает лучников-людей на стене."
"They brought in another group of refugees today. As unsettling as the Kryptis are to look at, you adjust to that when you start talking to them, as they're surprisingly intelligent.

Normally, that is. But today's batch was all these little ones, just a flood of teeth and claws. When we set out food for them, they tore through it so aggressively that I genuinely worried they would eat the table as well. When they were done, it was as though a swarm of locusts had passed by, picking every last scrap of anything even resembling food.

They thanked us afterward though, in that same awkward way that they say everything else. Once the hunger was gone, there was only gratitude. They had been certain they were going to die, and now they follow us around the camp like rescued pups. I can't help but feel sorry for them.","Сегодня привели ещё одну группу беженцев. Как ни жутко смотреть на криптисов, к этому привыкаешь, стоит с ними заговорить: они на удивление разумны.

Обычно, то есть. Но сегодняшняя партия — сплошь малыши, лавина зубов и когтей. Когда мы выставили им еду, они накинулись на неё так яростно, что я всерьёз испугался, как бы они не съели и стол. Когда закончили — будто саранча прошла, подобрав каждую кроху всего, что хоть отдалённо напоминало еду.

Но потом они нас поблагодарили — той же неловкой манерой, с какой говорят всё остальное. Когда голод ушёл, осталась одна благодарность. Они были уверены, что умрут, а теперь ходят за нами по лагерю, как спасённые щенки. Не могу не жалеть их."
"They will protect the veil between Tyria and the Mists.  
  
They will guide the Astral Ward toward brilliance.  
  
They will be modest, and they will drink a chalice of water from the Golden Lake.  
  
They will be kind and powerful.  
   
They, by the will of Isgarren, will better this world.","Они будут защищать завесу между Тирией и Туманами.  
  
Они поведут Астральную стражу к величию.  
  
Они будут скромными и выпьют чашу воды из Золотого озера.  
  
Они будут добрыми и могущественными.  
   
Они, по воле Исгаррена, сделают этот мир лучше."
"They've pushed the naga all the way out to the bay, though that fight is long from finished. I don't know what ""Minister"" Jimin expected, pushing them from their homes so we could build ours. After everything that we've experienced, you'd think there'd be a trickle of empathy left in his heart.

Emperor Bitgaram's health is weakening. The stress from the disaster—coupled with his advanced age—has made unifying Cantha even more challenging. He has left New Kaineng and is resting in the royal family's estate in Shing Jea. Haebaragi is leading our efforts here in his stead. Her vision is much aligned with mine, pushing Jimin to ease up on the naga as they flee to the west.

She wants to rebuild the Kaineng docks here—turn it into a new hub of trade for the nation. I've even heard whispers of reopening the borders, but that idea is still widely contested by the Ministry of Purity. Though, even they are falling out of fashion these days.

Minister Doh Taelin, Ministry of Archives, 1737 CC","Они вытеснили нагов до самого залива, хотя эта битва далека от завершения. Не знаю, чего ожидал «министр» Джимин, выгоняя их из домов, чтобы мы могли построить свои. После всего, что мы пережили, можно подумать, что в его сердце осталась хоть капля сострадания.

Здоровье императора Битгарама слабеет. Стресс из-за катастрофы в сочетании с преклонным возрастом сделал объединение Кантхи ещё более сложной задачей. Он покинул Новый Кайнен и отдыхает в поместье королевской семьи в Шинг Джеа. Хэбараги руководит нашими усилиями здесь вместо него. Её видение во многом совпадает с моим: она призывает Джимина смягчить отношение к нагам, пока те бегут на запад.

Она хочет восстановить здесь доки Кайнена — превратить их в новый торговый центр страны. Я даже слышал намёки на открытие границ, но эта идея всё ещё широко оспаривается Министерством Чистоты. Хотя даже они сейчас выходят из моды.

Министр До Тэлин, Министерство Архивов, 1737 КК"
"This Black Lion special contains:
1 Merchant Express
1 Trading Post Express
1 Bank Access Express","Этот специальный набор Чёрного Льва содержит:
1 Экспресс-торговец
1 Экспресс Торговой биржи
1 Экспресс-банк"
"This Black Lion special contains: 
1 Merchant Express
1 Trading Post Express
1 Bank Access Express","Этот специальный набор Чёрного Льва содержит: 
1 Экспресс-торговец
1 Экспресс Торговой биржи
1 Экспресс-банк"
"This Black Lion special contains: 
1 Revive Orb
1 Instant Repair Canister","Этот специальный набор Чёрного Льва содержит:
1 Сферу возрождения
1 Канистру мгновенного ремонта"
"This Black Lion special contains: 
Aviator's Cap
Riding Broom
Riding Pants
Riding Gloves
Riding Boots

Town clothes cannot be worn while in combat.","Этот специальный набор Чёрного Льва содержит: 
Авиаторская шапка
Метла для езды
Штаны для езды
Перчатки для езды
Сапоги для езды

Городскую одежду нельзя носить в бою."
"This adds a Black Lion Expedition Board to your home instance, which can be used to collect exotic resources from across Tyria and the Mists.
Expedition options include the following:
• Skywatch Archipelago
• Amnytas
• Inner Nayos
• Rifts","Это добавляет доску экспедиций «Чёрного льва» в ваш домашний экземпляр, которую можно использовать для сбора экзотических ресурсов по всей Тирии и Туманам.
Варианты экспедиций включают следующее:
• Архипелаг Небесного Дозора
• Амнитас
• Внутренний Найос
• Разломы"
"This adds a Black Lion Expedition Board to your home instance, which can be used to collect exotic resources from across Tyria.
Expedition options include the following:
• Lowland Shore
• Janthir Syntri","Это добавляет Доску экспедиций Black Lion в ваш домашний инстанс — с её помощью можно собирать экзотические ресурсы со всей Tyria.
Варианты экспедиций:
• Lowland Shore
• Janthir Syntri"
"This adds a Black Lion Expedition Board to your home instance, which can be used to collect resources from exotic locations. 
Expedition locations include the following:
• Dry Top and the Silverwastes
• Bloodstone Fen
• Ember Bay
• Bitterfrost Frontier
• Lake Doric
• Draconis Mons
• Siren's Landing","В вашу личную инстанцию будет добавлена доска «Чёрный Лев», с помощью которой можно собирать ресурсы в экзотических локациях.
Доступные локации для экспедиций:
• Сухая Вершина и Серебряные Пустоши
• Кровавый Каменистый Овраг
• Эмбер-Бэй
• Ледяная Граница
• Озеро Дорик
• Драконис Монс
• Гавань Сирен"
"This ancient channel was once the sole water supply for Grendich. Its stream ran red with blood after the Searing, imbuing the Ascalonian aqueduct with lasting energy.","Этот древний канал когда-то был единственным источником воды для Грендича. После Опаления его воды стали красными от крови, наполнив аскалонский акведук непреходящей энергией."
"This area feels like the Eternal Battlegrounds. Risen everywhere! What if the gods came back and saw these shrines?

<c=@flavor>Remember going around the temples trying to control the statues?</c>","Это место похоже на Вечные Поля Боя. Восставшие повсюду! Что если боги вернутся и увидят эти святилища?

<c=@flavor>Помнишь, как мы бегали по храмам, пытаясь контролировать статуи?</c>"
"This area supplies a lot of the materials for Divinity's Reach and Beetletun alike. There are many threats to the workers, and any damage to them or their livelihoods could impact the entire region. We could use some help to keep things running smoothly.","Этот район поставляет много материалов как в Божественный предел, так и в Жукотун. Рабочим угрожает множество опасностей, и любой ущерб им или их средствам к существованию может отразиться на всём регионе. Нам бы не помешала помощь, чтобы всё шло гладко."
"This award-winning memoir details the life of a down-on-her-luck Tengu who opens the very first archery-themed tavern in New Kaineng City.  

From a quick skim of the pages, the archery-themed tavern seems to be the LEAST interesting part of this gripping page-turner.","Эта отмеченная наградами мемуары описывают жизнь тэнгу, которой не повезло, и которая открывает первую таверну в стиле стрельбы из лука в Новом городе Кайнен.

При беглом просмотре страниц таверна в стиле стрельбы из лука кажется НАИМЕНЕЕ интересной частью этой захватывающей книги."
"This basic salvage tool never runs out of charges. It can break an unlimited number of items down into their base components.
10%% chance of rarer materials. 20%% chance of recovering upgrades. Costs 3 copper per use.","Этот базовый инструмент разбора никогда не расходует заряды. Он может разобрать неограниченное число предметов на базовые составляющие.
10%% шанс более редких материалов. 20%% шанс восстановить улучшения. Стоит 3 медяка за использование."
"This book describes how Empress Haebaragi formally disbanded the Ministry of Purity a few years into her reign. This effort involved putting down a rebellion of the Ministry's loyalists who had gathered in Zen Daijun to oppose her decree. In the aftermath, ""Purist affiliations"" were formally outlawed, and the works of the Ministry of Purity were gradually swept away by the empress's reforms.

On the inside cover is a handwritten list of names added by a different writer, accompanied by a small note: ""They're still out there!""","Эта книга описывает, как императрица Хэбараги официально распустила Министерство Чистоты через несколько лет после начала своего правления. Эти усилия включали подавление восстания лоялистов Министерства, собравшихся в Зен Дайджуне, чтобы противостоять её указу. В результате «принадлежность к пуристам» была официально запрещена, а труды Министерства Чистоты постепенно были сметены реформами императрицы.

На внутренней стороне обложки — список имен, добавленный от руки другим автором, с небольшой заметкой: «Они все ещё там!»"
"This book is a record of imperial speeches and commandments issued after the awakening of the Elder Dragon Zhaitan in 1219 AE. Much of the parchment has faded, but small portions can still clearly be made out:

""...repelling this threat and preventing the risen dead from reaching our shores is our highest duty, and it will require extraordinary measures in kind. To that end, I call for our invincible navy to engage any enemy foolish enough to cross our seas. Also, I call for our ever-faithful soldiers in the Ministry of Purity to root out any sign of their corruption taking root in our homeland. Let no expense be spared to protect our families and our shores, and let our people recognize the new authority I bestow upon our Minister of Purity in light of these dark and unprecedented times. Know that in matters of security, he speaks with my voice, and rest assured, our walls are strong and our gates closely guarded...""","Эта книга представляет собой запись имперских речей и указов, изданных после пробуждения Старшего Дракона Зайтана в 1219 году н.э. Большая часть пергамента выцвела, но небольшие фрагменты все ещё можно разобрать:

«...отражение этой угрозы и предотвращение высадки восставших мертвецов на наши берега — наш высший долг, и он потребует чрезвычайных мер. С этой целью я призываю наш непобедимый флот атаковать любого врага, достаточно глупого, чтобы пересечь наши моря. Также я призываю наших верных солдат в Министерстве Чистоты искоренить любые признаки их разложения, пускающего корни в нашей родной земле. Пусть не будет пощажено никаких расходов для защиты наших семей и наших берегов, и пусть наш народ признает новую власть, которую я дарую нашему Министру Чистоты ввиду этих тёмных и беспрецедентных времен. Знайте, что в вопросах безопасности он говорит моим голосом, и будьте уверены, наши стены крепки, а наши ворота тщательно охраняются...»"
"This book is a record of imperial speeches and commandments issued after the awakening of the Elder Dragon Zhaitan in 1219 AE. Much of the parchment has faded, but small portions can still clearly be made out:""...repelling this threat and preventing the risen dead from reaching our shores is our highest duty, and it will require extraordinary measures in kind. To that end, I call for our invincible navy to engage any enemy foolish enough to cross our seas. Also, I call for our ever-faithful soldiers in the Ministry of Purity to root out any sign of their corruption taking root in our homeland. Let no expense be spared to protect our families and our shores, and let our people recognize the new authority I bestow upon our Minister of Purity in light of these dark and unprecedented times. Know that in matters of security, he speaks with my voice, and rest assured, our walls are strong and our gates closely guarded...""","Эта книга представляет собой запись имперских речей и указов, изданных после пробуждения Старшего Дракона Зайтана в 1219 г. от В.Э. Большая часть пергамента выцвела, но небольшие фрагменты всё ещё можно разобрать:""...отражение этой угрозы и предотвращение проникновения восставших мертвецов на наши берега является нашим высшим долгом, и это потребует чрезвычайных мер. С этой целью я призываю наш непобедимый флот атаковать любого врага, достаточно глупого, чтобы пересечь наши моря. Также я призываю наших вечно верных солдат в Министерстве Чистоты искоренить любые признаки их разложения, укореняющегося на нашей родине. Пусть не будет пощажено никаких расходов для защиты наших семей и наших берегов, и пусть наш народ признает новую власть, которую я дарую нашему Министру Чистоты в свете этих тёмных и беспрецедентных времён. Знайте, что в вопросах безопасности он говорит моим голосом, и будьте уверены, наши стены крепки, а наши ворота тщательно охраняются..."""
"This chest has seen better days... It needs some work before you can even attempt to unlock it.
Double click to convert to a clean chest.","Этот сундук повидал лучшие дни... Его нужно подлатать, прежде чем вы вообще сможете попытаться его отпереть.
Дважды щёлкните, чтобы превратить в чистый сундук."
"This command post is pretty important, but it is a pain to keep up and running. Your help with the maintenance and troops lifted a burden right off my back. Well done.

—Legionnaire Kress Rustmaw","Этот командный пост довольно важен, но его поддержание и работа — настоящая боль. Ваша помощь с обслуживанием и войсками сняла груз с моих плеч. Отлично сработано.

—Легионер Кресс Растмау"
"This dry and litigious text is filled mostly with banal verdicts issued by the Ministry of Justice in disputed legal cases. However, there is one exception: A case between the Ministry of Purity and the imperial regent once Emperor Bitgaram had become too ill to govern. As the emperor's daughter was still a child at the time, the minister argued that the powers invested in his office to combat the Risen (in particular, that he ""speaks with the emperor's voice"") gave him the authority to overrule the candidate brought by the Imperial Court. The text records a heated dispute, decided along razor-thin margins in favor of the minister.

Members of the review panel arguing against the minister's position reappear later in the book, charged with ""sedition and impure practices.""","Этот сухой и тяжёлый юридический текст в основном заполнен банальными вердиктами Министерства юстиции по спорным судебным делам. Однако есть одно исключение: дело между Министерством чистоты и имперским регентом после того, как император Битгарам стал слишком болен, чтобы управлять. Поскольку дочь императора была ещё ребёнком, министр утверждал, что полномочия, предоставленные его ведомству для борьбы с Восставшими (в частности, что он ""говорит голосом императора""), дают ему право отменить кандидатуру, предложенную Императорским двором. В тексте описывается ожесточенный спор, который был решён с минимальным перевесом в пользу министра.

Члены проверочной комиссии, выступавшие против позиции министра, позже появляются в книге, обвинённые в ""подстрекательстве и нечистых практиках""."
"This dry and litigious text is filled mostly with banal verdicts issued by the Ministry of Justice in disputed legal cases. However, there is one exception: A case between the Ministry of Purity and the imperial regent once Emperor Bitgaram had become too ill to govern. As the emperor's daughter was still a child at the time, the minister argued that the powers invested in his office to combat the Risen (in particular, that he ""speaks with the emperor's voice"") gave him the authority to overrule the candidate brought by the Imperial Court. The text records a heated dispute, decided along razor-thin margins in favor of the minister.Members of the review panel arguing against the minister's position reappear later in the book, charged with ""sedition and impure practices.""","Этот сухой и тяжёлый юридический текст в основном состоит из банальных приговоров Министерства юстиции по спорным судебным делам. Однако есть одно исключение: дело между Министерством чистоты и императорским регентом после того, как император Битгарам стал слишком болен, чтобы править. Поскольку дочь императора в то время была ещё ребёнком, министр утверждал, что полномочия, возложенные на его должность для борьбы с Восставшими (в частности, что он ""говорит голосом императора""), дают ему право отменить кандидата, выдвинутого Императорским двором. В тексте описывается ожесточённый спор, который решён с минимальным перевесом в пользу министра. Члены ревизионной комиссии, выступавшие против позиции министра, позже снова появляются в книге, обвинённые в ""подстрекательстве к мятежу и нечистым практикам""."
"This extremely silly helmet skin has no stats of its own and can be applied once to replace the appearance of another helm of any weight class.
This skin can be converted for PvP use.","У этого крайне нелепого облика шлема нет собственных характеристик; его можно один раз применить, чтобы заменить внешний вид другого шлема любого класса брони.
Этот облик можно преобразовать для использования в PvP."
"This feature requires upgrading to Guild Wars 2: Heart of Thorns.

Right-click to prepurchase and gain access to all champions.","Для этой возможности требуется обновление до Guild Wars 2: Heart of Thorns.

Щёлкните правой кнопкой, чтобы оформить предзаказ и получить доступ ко всем чемпионам."
"This fractal is absolutely curious. I've never been to our Elona, since I wasn't... I mean, I was... Bah. Not important. Not right now. I did read about the whole situation, though; Balthazar, Kralkatorrik. The commander...getting hurt.  

At the start of Balthazar's campaign, the Zaishen were more than willing to go to war for their god. Now that he's betrayed them, some don't know what to do with themselves. I don't know how I would feel if the commander ever betrayed us while we were fighting the Elder Dragons.  

The fact that the commander failed in this version of reality... I hope they didn't suffer. My commander—OUR commander—wouldn't let that happen. Heck, according to the Astral Ward's records, they died and came back somehow. Isgarren might view that as threatening, but I think they were just being stubborn. The best kind of stubborn.  

To make matters worse...it's starting. Exactly as Isgarren and Mabon said. They're here. The Kryptis. They've finally come. Mabon said that they're from the Nayos, the demon realm. He seemed almost...bittersweet about it? But mostly worried. Frode's rallying our troops now. It's probably war.","Этот фрактал чрезвычайно любопытен. Я никогда не был в нашей Элоне, так как я не... то есть, я был... Тьфу. Неважно. Не сейчас. Но я читал обо всей ситуации; Бальтазар, Кралькаторрик. Командир... пострадал.

В начале кампании Бальтазара зайшены были более чем готовы идти на войну за своего бога. Теперь, когда он предал их, некоторые не знают, что делать с собой. Я не знаю, как бы я себя чувствовал, если бы командир когда-нибудь предал нас, пока мы сражались с Старшими Драконами.

Тот факт, что командир потерпел неудачу в этой версии реальности... Надеюсь, они не страдали. Мой командир — НАШ командир — не допустил бы этого. Чёрт, согласно записям Астральной стражи, они умерли и каким-то образом вернулись. Исгаррен, возможно, считает это угрозой, но я думаю, они просто упрямились. Лучший вид упрямства.

Что ещё хуже... это начинается. Именно так, как говорили Исгаррен и Мабон. Они здесь. Криптис. Они наконец пришли. Мабон сказал, что они из Найоса, демонического мира. Он казался почти... горько-сладким по этому поводу? Но в основном обеспокоенным. Фроде сейчас собирает наши войска. Вероятно, это война."
"This full cook's outfit can be toggled to replace the appearance of your current armor. 
Also includes a frying pan bundle item with five fun, nonlethal costume skills!

Does not affect cooking craft skills; you just look better doing it.","Этот полный поварской наряд можно переключить, чтобы заменить внешний вид вашей нынешней брони.
Также включает предмет-сковороду с пятью забавными, несмертельными костюмными умениями!

Не влияет на навыки кулинарии; вы просто эффектнее выглядите за готовкой."
"This full outfit can be toggled to appear over armor on any or all of your characters.

Can be used by any race and profession.
Does not grant any stat bonus.","Этот полный наряд можно переключить, чтобы он отображался поверх брони на любом из ваших персонажей или на всех сразу.

Подходит любой расе и профессии.
Не даёт прибавки к характеристикам."
"This full outfit can be toggled to appear over armor on any or all of your characters.
 
Can be used by any race and profession.
Does not give any stat bonus.","Этот полный наряд можно переключить, чтобы он отображался поверх брони на любом из ваших персонажей или на всех сразу.

Подходит любой расе и профессии.
Не даёт прибавки к характеристикам."
"This full pirate's outfit can be toggled to replace the appearance of your current armor. 
Also includes a toy wooden sword bundle item with five fun, nonlethal costume skills!

Summons a costume brawl cannon, and a parrot.","Этот полный пиратский наряд можно переключить, чтобы заменить внешний вид вашей нынешней брони.
Также включает предмет-игрушку «деревянный меч» с пятью забавными, несмертельными костюмными умениями!

Призывает костюмную боевую пушку и попугая."
"This full set of armor skins can replace the appearance of your armor items, once per slot. The skins will also be unlocked in your account wardrobe.

Skins have no stats of their own.
Can be used by all weight classes of armor.","Этот полный набор обликов брони может заменить внешний вид ваших предметов брони — по разу на ячейку. Облики также будут разблокированы в гардеробе учётной записи.

У обликов нет собственных характеристик.
Подходит броне всех классов веса."
"This full winter outfit can be toggled to replace the appearance of your current armor. 
Also includes a crystal scepter bundle item with five fun, nonlethal costume skills!","Этот полный зимний наряд можно переключить, чтобы заменить внешний вид вашей нынешней брони.
Также включает предмет-скипетр из кристалла с пятью забавными, несмертельными костюмными умениями!"
"This fun inventory item spawns a lab table for everyone to experiment with and causes everything you see to appear bobbleheaded.
This item has infinite uses.","Этот забавный предмет инвентаря создаёт лабораторный стол, с которым может экспериментировать каждый, и делает всё, что вы видите, большеголовым.
У этого предмета бесконечное число использований."
"This glider is dyable. 

Only available in the Crystal Arbiter Appearance Pack from the Black Lion Trading Company Gem Store during select sales.","Этот дельтаплан можно перекрашивать. 

Доступен только в наборе «Облик кристального арбитра» в магазине самоцветов Торговой компании «Чёрный лев» во время избранных распродаж."
"This glider is dyeable.

<c=@reminder> Obtained from Black Lion Chests or Black Lion Chest Merchants using Black Lion Statuettes.</c>","Этот планер можно окрашивать.

<c=@reminder> Добывается из сундуков Чёрного Льва или у торговцев сундуками Чёрного Льва за статуэтки Чёрного Льва.</c>"
"This glider is dyeable.

<c=@reminder>Acquired by completing the Emergent Metamorphosis collection in the Visions of Eternity expansion.</c>","Этот дельтаплан можно перекрашивать.

<c=@reminder>Получен за завершение коллекции «Возникающий метаморфоз» в дополнении «Видения вечности».</c>"
"This glider is dyeable.

<c=@reminder>Found only in Black Lion Chests during specific times of the year.</c>","Этот планер можно окрашивать.

<c=@reminder>Встречается только в сундуках Чёрного Льва в определённое время года.</c>"
"This glider is dyeable.

<c=@reminder>Take a Mini Angry Wintersday Gift to Collector Terksli to learn how to unlock this glider skin.</c>","Этот дельтаплан можно перекрашивать.

<c=@reminder>Отнесите мини-подарок «Зимний день» (сердитый) коллекционеру Терксли, чтобы узнать, как разблокировать этот облик дельтаплана.</c>"
"This glider is dyeable.

<c=@reminder>This glider is craftable in the Janthir Wilds expansion.</c>","Этот планер можно окрашивать.

<c=@reminder>Этот планер можно создать в дополнении Janthir Wilds.</c>"
"This glider is dyeable.

<c=@reminder>This is only available from the Black Lion Trading Company during limited-time sales.</c>","Этот планер можно окрашивать.

<c=@reminder>Доступен только в Торговой компании Чёрного Льва во время распродаж с ограниченным сроком.</c>"
"This glider is dyeable.

Obtained from Black Lion Chests or Black Lion Chest Merchants using Black Lion Statuettes.","Этот планер можно окрашивать.

Добывается из сундуков Чёрного Льва или у торговцев сундуками Чёрного Льва за статуэтки Чёрного Льва."
"This glove skin has no stats of its own and can be applied once to replace the appearance of another gloves item of any weight class.
This skin can be converted for PvP use.","У этого облика перчаток нет собственных характеристик; его можно один раз применить, чтобы заменить внешний вид другого предмета перчаток любого класса веса.
Этот облик можно преобразовать для использования в PvP."
"This glove skin will change its appearance based on the Tyrian time of day.

This will replace the appearance of one glove armor of any weight class and unlock the skin in your account wardrobe. 

This glove skin has no stats of its own.","Этот облик перчаток меняет внешний вид в зависимости от тирийского времени суток.

Он заменит внешний вид одних перчаток брони любого класса веса и разблокирует облик в гардеробе учётной записи.

У этого облика перчаток нет собственных характеристик."
"This heavily worn tome is all but illegible. A description of its contents remains preserved by the leather cover:

After a devastating rejection by his queen, Captain Rogan Fackeray swore to never love again. But when his duty traps him in a single-cot prison cell with the ruggedly handsome Tribune Gritlock, Rogan's vow is put to the test. From the author of the smash hit ""A Kralkatorrid Affair"" comes a sultry dance between human and charr; cross-species desire heretofore unexplored!","Этот сильно изношенный том почти нечитаем. Описание его содержания сохранилось на кожаном переплёте:

После сокрушительного отказа от своей королевы капитан Роган Факерей поклялся больше никогда не любить. Но когда долг заточает его в одиночную камеру с сурово красивым трибуном Гритлоком, клятва Рогана подвергается испытанию. От автора громкого хита «Кралкаторридная интрижка» — чувственный танец между человеком и чарром; доселе неисследованное межвидовое влечение!"
This here is some text for my group.  It has words.,Это текст для моей группы. В нём есть слова.
"This high-ranking member of the Purist criminal organization is believed to operate out of New Kaineng City and has been involved in several acts of domestic terrorism.

They may have ties to powerful people within Cantha's government and private sector.

Current status: Unsolved.

Assignee: Captain Min, East Precinct.","Считается, что этот высокопоставленный член преступной организации «Пуристы» действует из Нового Кайненга и причастен к нескольким актам внутреннего терроризма.

Возможно, у них есть связи с влиятельными людьми в правительстве Кантхи и частном секторе.

Текущий статус: Не раскрыто.

Назначенный: Капитан Мин, Восточный участок."
"This is BROTHERHOOD TERRITORY!

Oops, it seems it's now Speaker territory!

Not for long. We're coming back.

Oh? So your tech can malfunction on you again?

It won't malfunction next time.

I do not see that happening.

Did your ""spirits show you"" that?

Yes. Your mother's spirit has been very accommodating.

COME SAY THAT TO MY FACE.","Это ТЕРРИТОРИЯ БРАТСТВА!

Упс, похоже, теперь это территория Глашатаев!

Ненадолго. Мы вернёмся.

О? Так твоя техника снова может дать сбой?

В следующий раз не даст.

Что-то не верится.

Это тебе «духи показали»?

Да. Дух твоей матери был весьма любезен.А НУ П

ОВТОРИ ЭТО МНЕ В ЛИЦО."
"This is a full set of 6 armor skins that can replace the appearance of armor pieces of any weight class. The skins will also be unlocked in your account wardrobe.

Skins have no stats of their own.","Это полный набор из 6 обликов брони, что могут заменить внешний вид предметов брони любого класса веса. Облики также будут разблокированы в гардеробе учётной записи.

У обликов нет собственных характеристик."
"This is a reminder that all Shing Jea Security Division office equipment MUST be returned after use in good condition or you WILL receive an Employee Behavior Ticket!! There are rules, people.

—Senior Office Administrator Chang Lihua","Это напоминание о том, что всё офисное оборудование Отдела безопасности Шинг Джеа ДОЛЖНО быть возвращено после использования в хорошем состоянии, иначе вы ПОЛУЧИТЕ талон о нарушении поведения сотрудника!! Есть правила, народ.

—Старший администратор офиса Чан Ли Хуа"
"This is a statue an asuran hero. Her respect is not given lightly, so a salute form her is a rare gift.

Type <c=@Quest>/salute</c> and hit enter.","Это статуя асуранского героя. Её уважение достаётся нелегко, так что приветствие от неё — редкий дар.

Введите <c=@Quest>/salute</c> и нажмите ввод."
"This is a statue of a charr hero. With fierce dedication to his people, he threatens all that oppose them.

Type <c=@Quest>/threaten</c> and hit enter.","Это статуя героя-чарра. С яростной преданностью своему народу он грозит всем, кто им противостоит.

Введите <c=@Quest>/threaten</c> и нажмите ввод."
"This is a statue of a human hero. Where he points, his troops follow.

Type <c=@Quest>/point</c> and hit enter.","Это статуя человеческого героя. Куда он указывает, туда идут его войска.

Введите <c=@Quest>/point</c> и нажмите ввод."
"This is a statue of a norn hero. She celebrates well-executed strategies with a mighty cheer.

Type <c=@Quest>/cheer</c> and hit enter.","Это статуя героини-норн. Она отмечает ловко исполненные замыслы могучим кличем.

Введите <c=@Quest>/cheer</c> и нажмите ввод."
"This is a statue of a sylvari hero. Though guarded at times, she greets allies with a warm wave.

Type <c=@Quest>/wave</c> and hit enter.","Это статуя героини-сильвари. Хоть порой и настороженная, она встречает союзников тёплым взмахом руки.

Введите <c=@Quest>/wave</c> и нажмите ввод."
"This is almost a utopia. Most of the issues we would typically have with the chak are nonexistent. The people here are able to relax and not go crazy over trying to evacuate the city. They're thriving, even here. They don't fear these circumstances—they're excited by them.  

It's almost too good to be true. The Rata Novans have been so eager to welcome the Astral Ward; they're curious about our reality and what our world has become. They know what they are and view it as an opportunity. Our world is a new adventure.  

I hope there's a place for them here, in our Tyria. We could use more of what they bring. The joy of exploration, innovation... I could learn a thing or two about their joy. Though, I feel like I'm starting to again. Finally...","Это почти утопия. Большинства проблем, которые у нас обычно возникают с чаками, здесь нет. Люди здесь могут расслабиться и не сходить с ума, пытаясь эвакуировать город. Они процветают, даже здесь. Они не боятся этих обстоятельств — они в восторге от них.  

Это слишком хорошо, чтобы быть правдой. Рата-Нованы так стремились принять Астральную стражу; им любопытно узнать о нашей реальности и о том, чем стал наш мир. Они знают, кто они, и видят в этом возможность. Наш мир — это новое приключение.  

Я надеюсь, что для них найдётся место здесь, в нашей Тирии. Нам бы пригодилось то, что они приносят. Радость исследований, инноваций... Я мог бы кое-чему научиться у их радости. Хотя, кажется, я снова начинаю это чувствовать. Наконец-то..."
"This is almost a utopia. Most of the issues we would typically have with the chak are nonexistent. The people here are able to relax and not go crazy over trying to evacuate the city. They're thriving, even here. They don't fear these circumstances—they're excited by them.  It's almost too good to be true. The Rata Novans have been so eager to welcome the Astral Ward; they're curious about our reality and what our world has become. They know what they are and view it as an opportunity. Our world is a new adventure.  I hope there's a place for them here, in our Tyria. We could use more of what they bring. The joy of exploration, innovation... I could learn a thing or two about their joy. Though, I feel like I'm starting to again. Finally...","Это почти утопия. Большинства проблем, которые у нас обычно были бы с чаками, здесь нет. Люди здесь могут расслабиться и не сходить с ума от попыток эвакуировать город. Они процветают даже здесь. Они не боятся этих обстоятельств — они в восторге от них. Это почти слишком хорошо, чтобы быть правдой. Рата Нованы так стремились приветствовать Астральную стражу; им любопытно узнать нашу реальность и то, чем стал наш мир. Они знают, кто они, и видят в этом возможность. Наш мир — это новое приключение. Надеюсь, для них найдётся место здесь, в нашей Тирии. Нам бы пригодилось то, что они приносят. Радость исследований, инновации... Я мог бы кое-чему научиться у их радости. Хотя, мне кажется, я снова начинаю это делать. Наконец-то..."
"This is it, deputies. The Lionguard have secured a foothold on Southsun Cove and we're ready to end the karka threat once and for all. The attack will launch from Canach's Folly in the Scoured Plains, so if you want to be a part of it, get yourself to Southsun Cove. This is our one and only chance to eliminate the ancient karka, so I hope to see you there, living up to the Lion's Arch motto: From ruin, we prosper.
—Inspector Ellen Kiel","Вот и всё, заместители. Львиная Стража закрепилась на бухте Южное Солнце, и мы готовы раз и навсегда покончить с угрозой карка. Атака начнётся из Глупости Канаха в Выжженных Равнинах, так что если хотите принять участие, отправляйтесь в бухту Южное Солнце. Это наш единственный шанс уничтожить древнего карка, так что надеюсь увидеть вас там, живущими по девизу Львиного Архива: Из руин мы процветаем.
—Инспектор Эллен Кил"
"This is the forge Isgarren wanted to hide away... Which, seeing Lyhr confused and hurting, makes more sense to me now. Isgarren was sparing him, in a way. His people are gone. This version of reality isn't feasible. I can see that it's making him struggle.  

It's impressive that the dwarves were able to use the mountain like this... The asura could have learned a thing or two from them when we were still underground. It's still a little strange to see dwarves in the flesh though. I wonder what will happen to them once we settle this war against the Kryptis... IF we settle it, I suppose.  

These fractals are ripe with learning opportunities I never would have gotten if Uenno and Mabon didn't find me. This place is...fascinating. If the council learned about any of this, ESPECIALLY the wizards' ability to create fractals, they'd try to quarantine the entire region. Rip it apart, piece by piece. I suppose that's why the wizards have kept this all a secret for so long. One less distraction from the Elder Dragons.","Это кузница, которую Исгаррен хотел спрятать... Теперь, видя Лайра растерянным и страдающим, мне это кажется более понятным. Исгаррен по-своему щадил его. Его народ ушёл. Эта версия реальности неосуществима. Я вижу, что это заставляет его бороться.  

Впечатляет, что дворфы смогли использовать гору таким образом... Азуры могли бы кое-чему научиться у них, когда мы ещё были под землёй. Всё ещё немного странно видеть дворфов во плоти. Интересно, что с ними будет, когда мы уладим эту войну с криптисами... ЕСЛИ мы её уладим, полагаю.  

Эти фракталы полны возможностей для обучения, которых я бы никогда не получил, если бы Уэнно и Мабон не нашли меня. Это место... завораживает. Если бы совет узнал об этом, ОСОБЕННО о способности магов создавать фракталы, они бы попытались изолировать весь регион. Разобрать его на части. Полагаю, поэтому маги так долго держали всё это в секрете. Одним отвлечением от Старших Драконов меньше."
This is the one.,Это тот самый.
"This is the sworn statement of Canach, Secondborn.
While under contract to the Consortium, I began preliminary exploration and development of the island later known as Southsun Cove.
During the initial survey, my team located an unknown species of plant. My contract precluded me claiming or profiting from any animal, mineral, or magical resources on the island, but plant life was not mentioned. I therefore ordered my team to collect samples of the plant as they mapped the island and set up an asura gate to facilitate access to Southsun Cove.
I cannot swear to what provoked the karka attack on Lion's Arch, but I expect it was a combination of my team's presence and their activities on the island.
I regret my actions and the harm they have caused. As a show of good faith in the hope of ending the karka threat, I have enclosed a copy of the initial survey map and all accompanying notes.
—Canach","Это письменное показание Канаха, Второрождённого.
Находясь по контракту с Консорциумом, я начал предварительное исследование и освоение острова, позже известного как бухта Южное Солнце.
Во время первоначальной разведки моя команда обнаружила неизвестный вид растений. Мой контракт запрещал мне присваивать или получать прибыль от любых животных, минеральных или магических ресурсов на острове, но о растительности не упоминалось. Поэтому я приказал своей команде собрать образцы растения, пока они картографировали остров и устанавливали врата азуры для доступа к бухте Южное Солнце.
Я не могу поклясться, что спровоцировало атаку карка на Львиный Архив, но полагаю, что это было сочетание присутствия моей команды и их деятельности на острове.
Я сожалею о своих действиях и причинённом ими вреде. В знак доброй воли в надежде положить конец угрозе карка я прилагаю копию первоначальной карты разведки и все сопутствующие записи.
—Канах"
"This is the sworn statement of Canach, Secondborn.While under contract to the Consortium, I began preliminary exploration and development of the island later known as Southsun Cove.During the initial survey, my team located an unknown species of plant. My contract precluded me claiming or profiting from any animal, mineral, or magical resources on the island, but plant life was not mentioned. I therefore ordered my team to collect samples of the plant as they mapped the island and set up an asura gate to facilitate access to Southsun Cove.I cannot swear to what provoked the karka attack on Lion's Arch, but I expect it was a combination of my team's presence and their activities on the island.I regret my actions and the harm they have caused. As a show of good faith in the hope of ending the karka threat, I have enclosed a copy of the initial survey map and all accompanying notes.—Canach","Это клятвенное заявление Канаха, Второрожденного. Находясь по контракту с Консорциумом, я начал предварительное исследование и освоение острова, позже известного как бухта Саутсан. Во время первоначальной разведки моя команда обнаружила неизвестный вид растений. Мой контракт запрещал мне претендовать на любые животные, минеральные или магические ресурсы на острове или получать от них прибыль, но о растительной жизни не упоминалось. Поэтому я приказал своей команде собирать образцы растения, пока они картографировали остров и устанавливали асурийские врата для облегчения доступа к бухте Саутсан. Я не могу поклясться, что спровоцировало атаку карка на Львиный Шпиль, но полагаю, что это было сочетание присутствия моей команды и их деятельности на острове. Я сожалею о своих действиях и причинённом ими вреде. В знак доброй воли в надежде положить конец угрозе карка я прилагаю копию первоначальной карты разведки и все сопутствующие записи. —Канах"
"This is your summons.  
  
The hunt begins for Isgarren, the Mask Scourge. Very few of our enemies remain, but he should not be underestimated. Isgarren gained passage into Bava Nisos undetected and killed Yagon in broad daylight. She was among her peers and family, and the assassination was executed at the height of preparations for the Ceremony of the Rabbit's Moon. Thus, Isgarren is considered detrimental to mursaat vitality.  
  
As is tradition, the final life-breath of the enemy should be gifted to the mate of the victim. If you are able to locate Isgarren, please bring him to me alive.  
  
If bringing him back to Bava Nisos becomes problematic, killing the enemy may be your only option. Even though the Mask Scourge was exiled by his people, he continues to seek revenge for the death of their leader, Sidony. If he has the coign of vantage, he will win.  
  
—Arch Steward Celsa","Это твой вызов.  
  
Начинается охота на Исгаррена, Бича Масок. Осталось очень мало наших врагов, но его не стоит недооценивать. Исгаррен незамеченным проник в Бава-Нисос и убил Ягон средь бела дня. Она была среди своих сверстников и семьи, а убийство было совершено в разгар подготовки к Церемонии Лунного Кролика. Таким образом, Исгаррен считается угрозой для жизнеспособности мурсаатов.  
  
По традиции, последний вздох врага следует подарить супругу жертвы. Если вы сможете найти Исгаррена, пожалуйста, приведите его ко мне живым.  
  
Если доставка его обратно в Бава-Нисос станет проблематичной, убийство врага может быть вашим единственным вариантом. Даже если Бич Масок был изгнан своим народом, он продолжает искать мести за смерть их лидера, Сидони. Если у него будет преимущество, он победит.  
  
—Верховный Стюард Цельса"
"This is your summons.    The hunt begins for Isgarren, the Mask Scourge. Very few of our enemies remain, but he should not be underestimated. Isgarren gained passage into Bava Nisos undetected and killed Yagon in broad daylight. She was among her peers and family, and the assassination was executed at the height of preparations for the Ceremony of the Rabbit's Moon. Thus, Isgarren is considered detrimental to mursaat vitality.    As is tradition, the final life-breath of the enemy should be gifted to the mate of the victim. If you are able to locate Isgarren, please bring him to me alive.    If bringing him back to Bava Nisos becomes problematic, killing the enemy may be your only option. Even though the Mask Scourge was exiled by his people, he continues to seek revenge for the death of their leader, Sidony. If he has the coign of vantage, he will win.    —Arch Steward Celsa","Это твой вызов.    Охота начинается на Исгаррена, Бича Масок. Осталось очень мало наших врагов, но его не стоит недооценивать. Исгаррен незамеченным проник в Бава-Нисос и средь бела дня убил Ягон. Она была среди своих сверстников и семьи, а убийство было совершено в разгар подготовки к Церемонии Лунного Кролика. Таким образом, Исгаррен считается угрозой для жизнеспособности мурсаатов.    По традиции, последнее дыхание врага должно быть даровано супругу жертвы. Если ты сможешь найти Исгаррена, приведи его ко мне живым.    Если доставка его обратно в Бава-Нисос станет проблематичной, убийство врага может быть твоим единственным вариантом. Даже если Бич Масок был изгнан своим народом, он продолжает искать мести за смерть их лидера, Сидони. Если у него будет преимущество, он победит.    —Верховный управляющий Цельса"
"This is...AMAZING. The technological advancements of Rata Novus are perplexing, I... I'm thrilled. They're controlling the chak and using them as a resource, not getting overrun and torn apart.  

But while it brings me joy, my stomach feels like a pit... They're prospering, while we... Most of these fractals show the dangers of what could have been, but where would the asura be if we'd stayed on this path? What I'm feeling is jealousy, I think. And sadness. It makes me wonder what could have been, if I stayed behind... Just a little longer, to see what happened.","Это... ПОТРЯСАЮЩЕ. Технологические достижения Рата-Новуса озадачивают, я... Я в восторге. Они контролируют чаков и используют их как ресурс, а не позволяют себя захлестнуть и разорвать.  

Но хотя это приносит мне радость, в животе словно яма... Они процветают, в то время как мы... Большинство этих фракталов показывают опасности того, что могло бы быть, но где были бы азуры, если бы мы остались на этом пути? То, что я чувствую — это зависть, я думаю. И печаль. Это заставляет меня задуматься о том, что могло бы быть, если бы я остался... Ещё немного, чтобы увидеть, что произошло."
"This item will unlock one of the following wardrobe options. Previously unlocked wardrobe items are removed from the list.

<c=@Task>All unobtained items and skins have an equal chance of dropping.</c>","Этот предмет разблокирует один из следующих вариантов гардероба. Ранее разблокированные предметы гардероба удаляются из списка.

<c=@Task>У всех неполученных предметов и обликов равный шанс выпадения.</c>"
"This item will unlock one of the following wardrobe options. Previously unlocked wardrobe items are removed from the list.

<c=@Task>All unobtained skins have an equal chance of dropping.</c>","Этот предмет разблокирует один из следующих вариантов гардероба. Ранее разблокированные предметы гардероба удаляются из списка.

<c=@Task>У всех неполученных обликов равный шанс выпадения.</c>"
"This lab was named in honor of the lives lost in the Nahpui Quarter during the Zhaitan Disaster.

This plaque was placed by the Ministry of Archives to improve education efforts following the collapse of the Ministry of Purity.","Эта лаборатория названа в честь жизней, потерянных в квартале Нахпуй во время катастрофы Жаитана.

Эта табличка была установлена Министерством архивов для улучшения образовательных усилий после краха Министерства чистоты."
"This lab was named in honor of the lives lost in the Sunjiang Quarter during the Zhaitan Disaster.

This plaque was placed by the Ministry of Archives to improve education efforts following the collapse of the Ministry of Purity.","Эта лаборатория названа в честь жизней, потерянных в квартале Суньцзян во время катастрофы Жаитана.

Эта табличка была установлена Министерством архивов для улучшения образовательных усилий после краха Министерства чистоты."
"This list of financial records and personal files is indecipherable at first glance. However, upon closer inspection, it appears to be tracing the wealth and gatherings of suspected Purist sympathizers. A small memo is pinned to the top:

""I'm unsure if there's anybody left to read this, but if this message is ever found, don't expect to find anything more here. I've compiled a list of agents and enterprises my grandfather was convinced were tied to the old Purist regime, plotting against the empress from within. It was his last request that I do this. I'm honoring it, but I can't indulge these fantasies anymore.

I'll be reporting his suspicions to the Ministry of Security, and if there's anything of note in these conspiracies, they'll take it from there. If some sort of secret resistance against the Purists did at one time exist, it died out long ago.""","Этот список финансовых записей и личных дел на первый взгляд неразборчив. Однако при ближайшем рассмотрении оказывается, что он прослеживает состояния и собрания подозреваемых сочувствующих Пуристам. Сверху приколота небольшая записка:

«Не уверен, остался ли кто-нибудь, кто это прочтёт, но, если это послание когда-нибудь найдут, — не рассчитывайте отыскать здесь что-либо ещё. Я составил список агентов и предприятий, что, по убеждению моего деда, были связаны со старым пуристским режимом и злоумышляли против императрицы изнутри. Это была его последняя просьба. Я её исполняю, но больше не могу потакать этим фантазиям.

Я передам его подозрения Министерству Безопасности, и, если в этих заговорах есть что-то стоящее, дальше они разберутся сами. Если некое тайное сопротивление Пуристам когда-то и существовало, оно давным-давно угасло»."
"This list of financial records and personal files is indecipherable at first glance. However, upon closer inspection, it appears to be tracing the wealth and gatherings of suspected Purist sympathizers. A small memo is pinned to the top:""I'm unsure if there's anybody left to read this, but if this message is ever found, don't expect to find anything more here. I've compiled a list of agents and enterprises my grandfather was convinced were tied to the old Purist regime, plotting against the empress from within. It was his last request that I do this. I'm honoring it, but I can't indulge these fantasies anymore.I'll be reporting his suspicions to the Ministry of Security, and if there's anything of note in these conspiracies, they'll take it from there. If some sort of secret resistance against the Purists did at one time exist, it died out long ago.""","Этот список финансовых записей и личных файлов с первого взгляда не поддаётся расшифровке. Однако при более внимательном рассмотрении оказывается, что он отслеживает богатство и собрания подозреваемых сторонников Пуристов. Сверху приколота небольшая записка: ""Я не уверен, остался ли кто-то, кто сможет это прочитать, но если это сообщение когда-нибудь найдут, не ждите найти здесь что-то ещё. Я составил список агентов и предприятий, в которых мой дед был убеждён, что они связаны со старым режимом Пуристов и замышляют против императрицы изнутри. Это была его последняя просьба, чтобы я сделал это. Я выполняю её, но больше не могу потакать этим фантазиям. Я сообщу о его подозрениях в Министерство безопасности, и если в этих заговорах есть что-то примечательное, они разберутся. Если когда-то и существовало какое-то тайное сопротивление Пуристам, оно давно исчезло."""
"This meal contains no basilisk meat; it's named for the stunning impact of its flavor on those who eat it. Fish caught locally work well, but fish caught near Janthir Syntri boast an additional hint of umami that really brings the dish over the top.  
    
INGREDIENTS:  
- Fish Fillet  
- Herbs  
- Eggs   
- Cabbage","Это блюдо не содержит мяса василиска; оно названо так из-за ошеломляющего воздействия его вкуса на тех, кто его ест. Местная рыба подходит хорошо, но рыба, выловленная возле Джантир Синтри, обладает дополнительным оттенком умами, который действительно выводит блюдо на новый уровень.  
    
ИНГРЕДИЕНТЫ:  
- Рыбное филе  
- Травы  
- Яйца   
- Капуста"
"This message is for any and all adventurers who can relocate to the Nolani Academy ruins! You're needed at once!

A mysterious—and dangerous—artifact dating back to King Oswald Thorn's reign has reappeared. This object has claimed the life of at least one reckless charr soldier, and I've barely gotten it in proper containment.

Meet me inside the Nolani Academy ruins near the Black Citadel as soon as feasibly possible.

—Magister Tassi, Durmand Priory","Это сообщение для всех искателей приключений, которые могут добраться до руин Академии Нолани! Вы нужны немедленно!

Таинственный — и опасный — артефакт, датируемый правлением короля Освальда Торна, вновь появился. Этот объект унёс жизнь по меньшей мере одного безрассудного солдата-чарра, и я едва смог его надлежащим образом изолировать.

Встречайте меня внутри руин Академии Нолани рядом с Чёрной Цитаделью как можно скорее.

— Магистр Тасси, Дурмандский Приорат"
"This monument stands to commemorate those brave Canthans who came before us. Like the enduring jade stone, their memory lives on, reminding us of the valuable lessons that only time can bestow.

As we move ever forward as a nation, let us look to our past, not as a blight to bury beneath history's ruins, but as a foundation from which to learn, rectify, and build upon. May our past guide us toward an even more prosperous, compassionate future. Together, we grow as people of the Canthan nation.

Though night turns to dawn
And seasons may fade,
The spirit lives on
Eternal as jade.","Этот памятник воздвигнут в честь тех храбрых кантийцев, что были до нас. Подобно нетленному нефриту, память о них живёт, напоминая нам о ценных уроках, что дарует лишь время.

По мере того как мы, как нация, движемся вперёд, давайте взглянем на наше прошлое не как на язву, что нужно закопать под руинами истории, а как на основу, чтобы учиться, исправлять и строить дальше. Пусть наше прошлое ведёт нас к ещё более процветающему, милосердному будущему. Вместе мы растём как народ кантийской нации.

Пусть ночь сменит рассвет
И увянут года,
Но дух будет жить
Вечно, как нефрит."
"This new complaint box is much too far from my current house, for starters.  
  
But it does not end there. I've been trapped here for three months, and in that time no one has even offered to set me up with a nice abode. I find myself living in a small room like everyone else here. Is there no prestige in my work in Queensdale?  
  
I was the foremost topiary constructionist for the queen! And it seems to mean nothing here!  
  
I herby petition that I should be given leave to move my (extremely meager!) belongings in with Mayor Osborne. I am gracious enough to allow the mayor to live there as well, so long as I get the larger room.  
  
—Rogan J. Rosen, Her Majesty's Supreme Topiary Constructionist","Этот новый ящик для жалоб находится слишком далеко от моего нынешнего дома, для начала.

Но на этом дело не заканчивается. Я заперт здесь уже три месяца, и за это время никто даже не предложил мне обустроить приличное жильё. Я живу в маленькой комнате, как и все здесь. Разве моя работа в Квинсдейле не заслуживает признания?

Я был главным специалистом по топиарному искусству для королевы! И здесь это, похоже, ничего не значит!

Настоящим я прошу разрешить мне перевезти свои (крайне скромные!) пожитки к мэру Осборну. Я достаточно великодушен, чтобы позволить мэру тоже там жить, при условии, что мне достанется большая комната.

— Роган Дж. Розен, Главный специалист по топиарному искусству Её Величества"
"This new complaint box is much too far from my current house, for starters.    But it does not end there. I've been trapped here for three months, and in that time no one has even offered to set me up with a nice abode. I find myself living in a small room like everyone else here. Is there no prestige in my work in Queensdale?    I was the foremost topiary constructionist for the queen! And it seems to mean nothing here!    I herby petition that I should be given leave to move my (extremely meager!) belongings in with Mayor Osborne. I am gracious enough to allow the mayor to live there as well, so long as I get the larger room.    —Rogan J. Rosen, Her Majesty's Supreme Topiary Constructionist","Этот новый ящик для жалоб находится слишком далеко от моего нынешнего дома, для начала. Но на этом дело не заканчивается. Я заперт здесь уже три месяца, и за это время никто даже не предложил мне обустроить приличное жильё. Я живу в маленькой комнате, как и все остальные здесь. Разве нет престижа в моей работе в Куинсдейле? Я был главным строителем топиариев для королевы! И, похоже, это здесь ничего не значит! Я настоятельно прошу разрешить мне перевезти свои (крайне скудные!) пожитки к мэру Осборну. Я достаточно любезен, чтобы позволить мэру тоже там жить, при условии, что мне достанется большая комната. —Роган Дж. Розен, Верховный строитель топиариев Её Величества"
"This nondisclosure and confidentiality contract (the ""contract"") is signed and sealed on this date by and between the Mystic Forge and its owners, inhabitants, and executors (""Zommoros"") and the very, very small group of individuals deemed worthy of a tour of said Mystic Forge (""you"").

Zommoros has indicated that a tour shall take place that encompasses the property, its denizens, locales, and any and all events that derive from Zommoros's imagination and/or previous arrangements (hereafter, the ""tour"").

In connection with the tour, it is more than expected that you will witness confidential and competitively sensitive material not generally known to the public and/or other djinn who may benefit from said material. This includes but is not limited to: architectural anomalies that exist wholly through the clever use of Zommoros's magical aptitude, the nature of the Mystic Forge's workforce, the exact nature of the submission and trade processes that underpin the Mystic Forge, the creation of relics deemed legendary, the storage and retrieval methods of items within the Mystic Forge, the materials used to make platforms that can be elevated through the use of decorative water fountains, and the precise quantity of alcoholic material allocated to the Mystic Forge.

Zommoros has decided that while you may witness these things as a result of the tour, such actions are deemed permissible only by the signing of this contract and the forfeiture of personal responsibility on Zommoros's behalf should any incident (physical or psychological) befall you. Signing the Contract will relieve Zommoros, his affiliates, officers, employees, partners, agents, friends, relatives, and people impersonating him as a means of getting him into trouble from any such claim of responsibility, liability, damage, cause of action, bet, wager, gamble, or deathly hazard, known or unknown, which could happen, might happen, or will happen as a result of the tour (hereafter referred to as the ""agreement,"" which is totally different from the contract).

In exchange for this release, Zommoros will provide you with a commemorative voucher of no material value that cannot be exchanged for any goods or services. By signing the agreement, you acknowledge this. This signature shall not in any way be interpreted as an admission of all the horrible, horrible things that could happen.

By signing this agreement and contract, you legally bind yourself to the terms of said agreement and contract on pain of death. You will become and remain, at your sole cost and expense and at Zommoros's request, a member in good standing of society (be that a scholarly institution, military organization, guild, party, or other grouping of individuals in pursuit of a common societal goal) worthy of receiving the tour and appreciating all the wonderful things that you are about to see (hereafter referred to as ""things"").

Furthermore, you acknowledge in signing this agreement and contract that...

(The contract's text shrinks smaller and smaller, filling the space with countless legal terms, most of which you do not recognize in the slightest.)","Настоящий договор о неразглашении и конфиденциальности («договор») подписан и скреплён печатью в эту дату между Таинственной Кузницей и её владельцами, обитателями и исполнителями («Зомморос») и очень, очень малой группой лиц, признанных достойными экскурсии по упомянутой Мистической кузнице («вы»).

Зомморос указал, что экскурсия состоится и охватит территорию, её обитателей, места и любые события, проистекающие из воображения Зоммороса и/или предыдущих договорённостей (далее — «экскурсия»).

В связи с экскурсией более чем ожидается, что вы станете свидетелем конфиденциальных и конкурентно чувствительных материалов, не известных широкой публике и/или другим джиннам, которые могут извлечь выгоду из этих материалов. Это включает, но не ограничивается: архитектурными аномалиями, существующими исключительно благодаря умелому использованию магических способностей Зоммороса, природой рабочей силы Мистической кузницы, точной природой процессов подачи и обмена, лежащих в основе Мистической кузницы, созданием реликвий, считающихся легендарными, методами хранения и извлечения предметов внутри Мистической кузницы, материалами, используемыми для создания платформ, которые можно поднимать с помощью декоративных фонтанов, и точным количеством алкогольных материалов, выделенных Мистической кузнице.

Зомморос решил, что, хотя вы можете стать свидетелем этих вещей в результате экскурсии, такие действия считаются допустимыми только при подписании настоящего договора и отказе от личной ответственности со стороны Зоммороса в случае любого инцидента (физического или психологического), который может с вами произойти. Подписание договора освободит Зоммороса, его аффилированных лиц, должностных лиц, сотрудников, партнёров, агентов, друзей, родственников и лиц, выдающих себя за него с целью доставить ему неприятности, от любых претензий об ответственности, обязательствах, ущербе, основаниях для иска, пари, ставках, азартных играх или смертельных опасностях, известных или неизвестных, которые могут произойти, могли бы произойти или произойдут в результате экскурсии (далее именуемое «соглашение», которое полностью отличается от договора).

В обмен на это освобождение Зомморос предоставит вам памятный ваучер, не имеющий материальной ценности, который не может быть обменян на какие-либо товары или услуги. Подписывая соглашение, вы подтверждаете это. Эта подпись никоим образом не должна толковаться как признание всех ужасных, ужасных вещей, которые могут произойти.

Подписывая настоящее соглашение и договор, вы юридически обязуетесь соблюдать условия указанного соглашения и договора под страхом смерти. Вы станете и останетесь, за свой собственный счёт и по запросу Зоммороса, добросовестным членом общества (будь то научное учреждение, военная организация, гильдия, партия или другая группа лиц, преследующих общую социальную цель), достойным получения экскурсии и оценки всех замечательных вещей, которые вы собираетесь увидеть (далее именуемые «вещи»).

Кроме того, подписывая настоящее соглашение и договор, вы подтверждаете, что...

(Текст договора становится всё мельче и мельче, заполняя пространство бесчисленными юридическими терминами, большинство из которых вы совершенно не узнаёте.)"
"This old woman, she remembers you. Those she hunts for are still there. But some, some you have laid to rest. They fell as they should, in battle against a worthy foe. 

She thanks you for this.

—From me","Эта старуха, она помнит тебя. Те, кого она ищет, всё ещё там. Но некоторых, некоторых ты упокоил. Они пали, как и должно, в бою с достойным противником.

Она благодарит тебя за это.

— От меня"
"This pack contains a backpack and glider combo, a chair, a skiff skin, and a New Kaineng Weapon Choice Chest.

The skins have no stats of their own.","Этот набор содержит комбинацию рюкзака и планера, стул, облик лодки и сундук выбора оружия Нового Кайенга.

Облики не имеют собственных характеристик."
"This pack contains a glider skin, a backpack skin, a helmet skin, a shoulders skin, and a gloves skin.

The skins have no stats of their own.","В этот набор входят облик планера, облик рюкзака, облик шлема, облик наплечников и облик перчаток.

У обликов нет собственных характеристик."
"This pack contains a glider skin, a backpack skin, a weapon skin, an outfit, and a chair.

The skins have no stats of their own.","В этот набор входят облик планера, облик рюкзака, облик оружия, наряд и стул.

У обликов нет собственных характеристик."
"This pack contains a glider skin, a backpack skin, two helm skins, and a chair.

The skins have no stats of their own.","Этот набор содержит облик планера, облик рюкзака, два облика шлемов и стул.

Облики не имеют собственных характеристик."
"This pack contains a glider, a toy, an outfit, a cape, and a choice of weapon skin.

The skins have no attributes of their own.","В этот набор входят планер, игрушка, наряд, плащ и облик оружия на выбор.

У обликов нет собственных атрибутов."
"This pack contains a headgear skin, a gloves skin, a weapon skin, a mount skin, and a fishing rod skin.

The skins have no stats of their own.","В этот набор входят облик головного убора, облик перчаток, облик оружия, облик ездового животного и облик удочки.

У обликов нет собственных характеристик."
"This pack contains the following items:
•1 Box o' Fun
•5 Dye Packs
•5 Black Lion Chest Keys
•1 Recovery Package
•1 Tradesman's Package
•5 Experience Boosters
•5 Speed Boosters
•1 Mini Egg (Series 1)
•1 Black Lion Trading Satchel (18-Slot Bag)
•1 500-Point Essence of Luck","Этот набор содержит следующие предметы:
•1 Коробка веселья
•5 Наборов красителей
•5 Ключей от сундука Чёрного льва
•1 Пакет восстановления
•1 Пакет торговца
•5 Ускорителей опыта
•5 Ускорителей скорости
•1 Мини-яйцо (Серия 1)
•1 Сумка для торговли Чёрного льва (сумка на 18 ячеек)
•1 Эссенция удачи на 500 очков"
"This pack contains two glider skins, a chair, a shoulders skin, and a Mystical Beast weapon choice.

The skins have no stats of their own.","Этот набор содержит два облика планера, кресло, облик наплечников и оружие Мистического Зверя на выбор.

Облики не имеют собственных характеристик."
"This pack, which is usable by any character, comes with the latest advances in piloted exo-golem technology and holographic aeronautical volitation that the College of Dynamics has guaranteed will not explode within the first ten uses.

Appearance skins override the look of your equipment and have no stats of their own.","Этот набор, пригодный для любого персонажа, укомплектован новейшими достижениями в пилотируемой технологии экзо-големов и голографической аэронавтической левитации, которые, как гарантирует Колледж динамики, не взорвутся в течение первых десяти использований.

Косметические облики перекрывают внешний вид вашего снаряжения и не имеют собственных характеристик."
"This package combines both the Fiery Blade Axe and Icy Blade Axe at a discounted price.

These weapon skins have no stats of their own.","Этот набор объединяет Огненный Топор и Ледяной Топор по сниженной цене.

Эти облики оружия не имеют собственных характеристик."
"This package combines both the God-Slayer Longbow and God-Slayer Short Bow at a discounted price.

These weapon skins have no stats of their own.","Этот набор объединяет Длинный лук Богоубийцы и Короткий лук Богоубийцы по сниженной цене.

Эти облики оружия не имеют собственных характеристик."
"This package combines both the Infused Katana Sword Skin and the Infused Wakizashi Dagger Skin at a discounted price.

These weapon skins have no stats of their own.","Этот набор объединяет облик меча Зачарованная Катана и облик кинжала Зачарованный Вакидзаси по сниженной цене.

Эти облики оружия не имеют собственных характеристик."
"This package combines both the Shiro's Legacy Sword Skin and the Shiro's Legacy Greatsword Skin at a discounted price.

These weapon skins have no stats of their own.","Этот набор объединяет облик меча Наследие Широ и облик большого меча Наследие Широ по сниженной цене.

Эти облики оружия не имеют собственных характеристик."
"This package combines both the Shrine Guardian Longbow Skin and Short Bow Skin at a discounted price.

These weapon skins have no stats of their own.","Этот набор объединяет облик длинного лука Хранительницы Святилища и облик короткого лука Хранительницы Святилища по сниженной цене.

Эти облики оружия не имеют собственных характеристик."
"This package combines both the Teatime Chair and the Teatime Focus Skin at a discounted price.

The weapon skin has no stats of its own.","Этот набор объединяет Кресло для чаепития и облик фокуса Чаепитие по сниженной цене.

Облик оружия не имеет собственных характеристик."
"This package contains 5 different dye kits celebrating color in all its applications.

Each kit contains one random armor dye from a pool of 25 colors that includes exclusive colors.","Этот пакет содержит 5 разных наборов красок, воспевающих цвет во всех его проявлениях.

Каждый набор содержит одну случайную краску для брони из пула в 25 цветов, включающего эксклюзивные."
"This package contains 5 different dye kits in tribute to the heroes of the past and present.

Each kit contains one random armor dye from a pool of 25 colors that includes exclusive colors.","Этот пакет содержит 5 разных наборов красок в честь героев прошлого и настоящего.

Каждый набор содержит одну случайную краску для брони из пула в 25 цветов, включающего эксклюзивные."
"This package contains 5 different dye kits inspired by locations and enemies encountered throughout Living World Season 4.

Each kit contains one random armor dye from a pool of 25 colors that includes exclusive colors.","Этот пакет содержит 5 разных наборов красок, вдохновлённых местами и врагами, встреченными на протяжении 4-го сезона «Живого мира».

Каждый набор содержит одну случайную краску для брони из пула в 25 цветов, включающего эксклюзивные."
"This package contains 5 different dye kits remembering the trials of the past.

Each kit contains one random armor dye from a pool of 25 colors that includes exclusive colors.","Этот пакет содержит 5 разных наборов красок в память об испытаниях прошлого.

Каждый набор содержит одну случайную краску для брони из пула в 25 цветов, включающего эксклюзивные."
"This package contains 6 different dye kits in celebration of the season.

Each kit contains one random armor dye from a pool of 25 colors that includes exclusive colors.","Этот пакет содержит 6 разных наборов красок в честь этого сезона.

Каждый набор содержит одну случайную краску для брони из пула в 25 цветов, включающего эксклюзивные."
"This package contains a permanent version of each of the following finishers:

Cow, Spectre, Thornroot, Whump the Giant, Vigil Megalaser, Twisted Watchwork.","Этот набор содержит постоянную версию каждого из следующих финишеров:

Корова, Призрак, Тернрут, Вумп-Великан, Мегалазер Дозора, Искривлённый Механизм."
"This package contains the following items:
* Elonian Landscape Dye Kit
* Elonian Beasts Dye Kit
* Awakened Dye Kit
* Zhaitan Dye Kit
* Kralkatorrik Dye Kit","Этот набор содержит следующие предметы:
* Набор красителей «Элонийский пейзаж»
* Набор красителей «Элонийские звери»
* Набор красителей «Пробуждённые»
* Набор красителей «Жаитан»
* Набор красителей «Кралькаторрик»"
"This package contains the following items:
* Molten Alliance Mining Pick
* Consortium Harvesting Sickle
* Chop-It-All Logging Axe
Each tool has unlimited usage and the same efficiency as Orichalcum tools.","Этот набор содержит следующие предметы:
* Кирка «Расплавленный альянс»
* Серп консорциума
* Топор «Руби-всё»
Каждый инструмент имеет неограниченное использование и ту же эффективность, что и орихалковые инструменты."
"This package includes a skin for your gloves and a costume brawl toy.

Appearance skins override the look of your equipment and have no stats of their own.","В этот пакет входят облик для ваших перчаток и костюмная боевая игрушка.

Косметические облики перекрывают внешний вид вашего снаряжения и не имеют собственных характеристик."
"This permanent book teaches you the dance moves ""Dodge Step,"" ""Inventory Shuffle,"" and ""Gear Grind"" each time you read it.

You can spread the dancing spirit by leading others in these moves while you dance.","Эта постоянная книга при каждом прочтении обучает вас танцевальным движениям «Шаг уклонения», «Перетасовка инвентаря» и «Скрежет шестерён».

Вы можете разносить дух танца, ведя за собой других в этих движениях, пока танцуете."
"This potion is **NOT** for those who are looking for some sort of affection or love potion...that is, unless you're keen on your suitor trying to maul you to death. When this potion makes contact with the skin of any creature or subject, it will force their sweat glands to secrete fluids that will mix with the stimulant, attracting any non-sapient creatures nearby and causing them to become hostile toward them.  
  
INGREDIENTS:  
- Hylek poison (trust me) 
- Jar of bees (please don't drop it)  
- Fresh stomach (don't ask from where)  
- Spiky fruit","Это зелье **НЕ** для тех, кто ищет некое приворотное зелье или зелье любви... разве что вам по душе, когда ухажёр пытается растерзать вас насмерть. При соприкосновении с кожей любого создания или объекта это зелье заставляет потовые железы выделять жидкости, что смешиваются со стимулятором, привлекая всех неразумных созданий поблизости и делая их враждебными.

ИНГРЕДИЕНТЫ:
— Яд хилеков (уж поверьте)
— Банка с пчёлами (пожалуйста, не роняйте)
— Свежий желудок (не спрашивайте откуда)
— Колючий плод"
"This potion must be kept at room temperature **at all times**. No exceptions unless you're eager to be rid of a leg. Keep stored within a well-ventilated and dehumidified area. Do not keep past expiration date noted on the bottom of the container, and do not jostle the container as the liquid inside is volatile. Most critically, under no circumstances can you drop this vial unless you're prepared to meet the Six (or whatever omnipotent being you may seek guidance from).  
  
INGREDIENTS:  
- Otherworldly ooze  
- A tooth of something big  
- Hylek poison  
- Moon-touched flower","Это зелье нужно держать при комнатной температуре **всегда**. Без исключений, если только вы не мечтаете лишиться ноги. Хранить в хорошо проветриваемом и осушённом месте. Не держать дольше срока годности, указанного на дне ёмкости, и не трясти ёмкость, ибо жидкость внутри нестабильна. Самое главное: ни при каких обстоятельствах не роняйте этот флакон, если только вы не готовы предстать перед Шестью (или иным всемогущим существом, у которого ищете наставления).

ИНГРЕДИЕНТЫ:
— Потусторонняя слизь
— Зуб чего-то большого
— Яд хилеков
— Цветок, тронутый луной"
"This potion must be kept at room temperature **at all times**. No exceptions, unless you're eager to be rid of a leg. Keep stored within a well-ventilated and dehumidified area. Do not keep past expiration date noted on the bottom of the container, and do not jostle the container as the liquid inside is volatile. Most critically, under no circumstance can you drop this vial unless you're prepared to meet the Six (or whatever omnipresent being you may seek guidance from).  
  
INGREDIENTS:  
- Living grub  
- Devourer egg  
- Fresh stomach  
- Tooth from something big","Это зелье нужно держать при комнатной температуре **всегда**. Без исключений, если только вы не мечтаете лишиться ноги. Хранить в хорошо проветриваемом и осушённом месте. Не держать дольше срока годности, указанного на дне ёмкости, и не трясти ёмкость, ибо жидкость внутри нестабильна. Самое главное: ни при каком обстоятельстве не роняйте этот флакон, если только вы не готовы предстать перед Шестью (или иным вездесущим существом, у которого ищете наставления).

ИНГРЕДИЕНТЫ:
— Живая личинка
— Яйцо пожирателя
— Свежий желудок
— Зуб чего-то большого"
"This precedent was established in the High Court and is set forth due to the discourse of one the finest scholars in Ahdashim. Her treatise, ""Life of the Ley Line,"" has brought new findings to light regarding ley line energy. Specifically, her results prove to be unique to our ley line and ours alone...

Because of this, we feel we must close Ahdashim to the outside world to protect our magic...as evil lurks, and not from afar.","Этот прецедент установлен в Высоком Суде и вынесен по итогам рассуждений одного из лучших учёных Ахдашима. Её трактат «Жизнь лей-линии» пролил новый свет на энергию лей-линий. В частности, её выводы оказываются присущи лишь нашей лей-линии и только ей...

Поэтому мы считаем, что должны закрыть Ахдашим от внешнего мира, чтобы защитить нашу магию... ибо зло таится, и не издалека."
"This premium salvage kit never runs out of charges and will always salvage upgrades into rune and sigil crafting materials.
20%% chance of rarer materials. 100%% chance of salvaging upgrades. Costs 40 copper per use.","У этого премиального набора для разбора никогда не кончаются заряды, и он всегда разбирает улучшения в ремесленные материалы для рун и сигилл.
20%% шанс более редких материалов. 100%% шанс разобрать улучшения. Стоит 40 медных за применение."
"This rare salvage tool never runs out of charges. It can break an unlimited number of items down into their base components.
25%% chance of rarer materials. 80%% chance of recovering upgrades. Costs 60 copper per use.","У этого редкого инструмента для разбора никогда не кончаются заряды. Он может разобрать сколько угодно предметов на составные части.
25%% шанс более редких материалов. 80%% шанс вернуть улучшения. Стоит 60 медных за применение."
"This shoulder skin has no stats of its own and can be applied once to replace the appearance of another shoulder of any weight class.
This skin can be converted for PvP use.","У этого облика наплечников нет собственных характеристик, и его можно один раз применить, чтобы заменить вид других наплечников любого класса брони.
Этот облик можно преобразовать для использования в PvP."
"This shoulder skin will change its appearance based on the Tyrian time of day.

This will replace the appearance of one shoulder armor of any weight class and unlock the skin in your account wardrobe. 

This shoulder skin has no stats of its own.","Этот облик наплечников будет менять вид в зависимости от тирийского времени суток.

Он заменит вид одних наплечников любого класса брони и откроет облик в гардеробе вашей учётной записи.

Собственных характеристик у этого облика нет."
"This skull was retrieved from Arah following Zhaitan's defeat in 1326 AE, and it is believed to have belonged to a remnant of their species who dwelled in the city shortly after its founding. It is unclear how they survived; magical stasis is one of several possibilities.  
  
Zhaitan called this individual's Risen corpse from a hidden burial site that contained a collection of personal effects and grave relics. Preparations have been made to return the bones and artifacts to Arah after they are catalogued and confirmed safe for reburial.","Этот череп извлечён из Араха после поражения  
  
Зайтана в 1326 г. ПИ, и считается, что он принадлежал одному из последних представителей их вида, обитавших в городе вскоре после его основания. Как они выжили — неясно; магический стазис — одна из нескольких возможностей.    Зайтан призвал восставший труп этого существа из скрытого места погребения, где хранился набор личных вещей и погребальных реликвий. Приняты меры к возвращению костей и артефактов в Арах после того, как они будут описаны и признаны безопасными для повторного погребения."
"This ticket can be exchanged for a miniature of your choice. What you can buy with this ticket changes regularly, so be sure to check back if you don't see anything you want.

If you need more tickets, they can be found randomly in the Black Lion Chests.","Этот талон можно обменять на миниатюру по вашему выбору. То, что можно купить по этому талону, регулярно меняется, так что загляните позже, если ничего не приглянулось.

Если нужно больше талонов, их можно случайно найти в сундуках Чёрного Льва."
"This version of Guild Wars 2 is outdated.
Please exit and relaunch the game to download the updated version.","Эта версия Guild Wars 2 устарела.
Выйдите и перезапустите игру, чтобы загрузить обновлённую версию."
"This war is going to be hard-fought. Thankfully we have soldiers like you holding the line.

—Legionnaire Sleekfur","Эта война будет тяжёлой. Хорошо, что оборону держат такие бойцы, как ты.

—Легионер Гладкий Мех"
"This was it—the final push. Braham would claim glory for his legend, Rox would earn a place in the Stone warband, and Marjory and Kasmeer would exact justice for the whole of Kryta. We found Scarlet Briar wounded in front of a central control console for the entire operation. She ranted and raved at us, mocking our heroics and gloating about what was to come: that Tyria would serve a new master. Marjory and Braham moved in to apprehend her, but the crafty engineer still had one last trick up her sleeve. Marjory and Braham took the brunt of Scarlet's trap, getting thrown back by a concussive force and lightning. Rox ordered Braham to stay put as she treated his broken leg, refusing to leave his side. Marjory appeared far worse off. She was lying on the floor motionless, bruised, and burned. Kasmeer tried to wake her, but there was no response. The mesmer's expression darkened and she rose to her feet, staff trembling in hand. Enraged, she cried out and sprinted back toward the fight.  Scarlet was ready with a stockpile of grenades, but it couldn't hold the two of us at bay for long. She became distracted by Kasmeer's illusions just long enough for the opening I needed to deal a fatal blow. With her last words, Scarlet said her death wouldn't save us. I glanced at the main screen of the console behind her. We were too late; the drill was about to breach its intended target, the ley-line hub beneath Lion's Arch. Kasmeer had returned to Marjory who, despite Rox's efforts, was still unresponsive. Cradled in Kasmeer's arms, the detective slowly stirred awake. The two embraced and shared a touching moment. Seconds later, the Breachmaker shook as a blinding column of light shot up into the center of the fortress. As the shaking grew in intensity, we hurried our injured friends back through the portal and down to the city. The Breachmaker collapsed shortly after, debris crashing below and littering the whole of Lion's Arch.","Вот оно — финальный рывок. Брэм стяжает славу для своей легенды, Рокс заслужит место в отряде Камня, а Марджори и Касмир вершат правосудие за всю Крайту. Мы нашли Скарлет Брайер раненой перед центральной панелью управления всей операцией. Она принялась браниться и кричать на нас, высмеивая наши подвиги и хвастаясь тем, что грядёт: Тирия будет служить новому хозяину. Марджори и Брэм двинулись, чтобы задержать её, но у хитрой инженерши был ещё один козырь в рукаве. Марджори и Брэм приняли на себя основной удар ловушки Скарлет, их отбросило ударной волной и молнией. Рокс приказала Брэму оставаться на месте, пока она обрабатывала его сломанную ногу, отказываясь покинуть его. Марджори было гораздо хуже. Она лежала на полу без движения, вся в синяках и ожогах. Касмир попыталась разбудить её, но ответа не последовало. Выражение лица месмера потемнело, она встала на ноги, сжимая дрожащий посох. В ярости она вскрикнула и бросилась обратно в бой. Скарлет была готова с запасом гранат, но это не могло долго сдерживать нас двоих. Она отвлеклась на иллюзии Касмир как раз настолько, чтобы я смог нанести смертельный удар. Своими последними словами Скарлет сказала, что её смерть нас не спасёт. Я взглянул на главный экран консоли позади неё. Мы опоздали; бур вот-вот должен был пробить свою цель — узел лей-линий под Львиным Архивом. Касмир вернулась к Марджори, которая, несмотря на усилия Рокс, всё ещё не приходила в себя. Удерживаемая в объятиях Касмир, детектив медленно пришла в сознание. Они обнялись и разделили трогательный момент. Секунды спустя «Разрушитель» содрогнулся, когда ослепительный столб света взметнулся в центр крепости. Тряска усилилась, и мы поспешили увести раненых друзей обратно через портал вниз в город. Вскоре после этого «Разрушитель» рухнул, обломки обрушились вниз, усеяв весь Львиный Архив."
"This weekend, heroes from distant lands will test their mettle in the ultimate competition.

Witness the action here!","В эти выходные герои из дальних земель испытают себя в величайшем состязании.

Смотрите здесь!"
"This weekend, heroes of Tyria will clash in the Mists for a chance at glory!

Witness the action here!","В эти выходные герои Тирии сойдутся в Туманах ради славы!

Смотрите здесь!"
"This will replace the appearance of any back item and unlock the backpack skin and miniature in your account wardrobe.

The backpack skin has no stats of its own.","Это заменит вид любого наспинного предмета и разблокирует облик рюкзака и миниатюру в гардеробе вашей учётной записи.

Собственных характеристик у облика рюкзака нет."
"This will replace the appearance of any back item and unlock the backpack skin and the glider in your account wardrobe.

This backpack skin has no stats of its own.","Это заменит вид любого наспинного предмета и разблокирует облик рюкзака и планер в гардеробе вашей учётной записи.

Собственных характеристик у этого облика рюкзака нет."
"This will replace the appearance of any back item and unlock the skin in your account wardrobe.

This backpack skin has no stats of its own.","Это заменит внешний вид любого предмета спины и откроет образ в гардеробе вашей учётной записи.

Этот образ ранца не имеет собственных характеристик."
"This will replace the appearance of any back item and unlock the skin in your account wardrobe. 

This backpack skin has no stats of its own.","Это заменит внешний вид любого предмета спины и откроет образ в гардеробе вашей учётной записи. 

Этот образ ранца не имеет собственных характеристик."
"This will replace the appearance of any back item or helm item, and it will unlock the skins in your account wardrobe. 

The skins have no stats of their own.","Это заменит вид любого наспинного предмета или шлема и разблокирует облики в гардеробе вашей учётной записи.

Собственных характеристик у обликов нет."
"This will replace the appearance of any chest skin and unlock the skins in your account wardrobe. 

The skins have no attributes of their own.","Это заменит вид любого облика нагрудника и разблокирует облики в гардеробе вашей учётной записи.

Собственных атрибутов у обликов нет."
"This will replace the appearance of any chest, leg, or boot armor, and it will unlock the skins in your account wardrobe. 

The skins have no stats of their own.","Это заменит вид любой нагрудной, ножной или обувной брони и разблокирует облики в гардеробе вашей учётной записи.

Собственных характеристик у обликов нет."
"This will replace the appearance of one boot armor of any weight class and unlock the skin in your account wardrobe.

This boot skin has no stats of its own.","Это заменит вид одной обувной брони любого класса и разблокирует облик в гардеробе вашей учётной записи.

Собственных характеристик у этого облика обуви нет."
"This will replace the appearance of one chest armor of any weight class and unlock the skin in your account wardrobe.

This chest skin has no stats of its own.","Это заменит вид одной нагрудной брони любого класса и разблокирует облик в гардеробе вашей учётной записи.

Собственных характеристик у этого облика нагрудника нет."
"This will replace the appearance of one glove armor of any weight class and unlock the skin in your account wardrobe.

This glove skin has no stats of its own.","Это заменит вид одних перчаток любого класса брони и разблокирует облик в гардеробе вашей учётной записи.

Собственных характеристик у этого облика перчаток нет."
"This will replace the appearance of one helmet armor of any weight class and unlock the skin in your account wardrobe.

This helmet skin has no stats of its own.","Это заменит внешний вид одного шлема любого класса веса и откроет облик в вашем гардеробе учётной записи.

Этот облик для шлема не имеет собственных характеристик."
"This will replace the appearance of one leg armor of any weight class and unlock the skin in your account wardrobe.

This leg skin has no stats of its own.","Это заменит внешний вид одного доспеха для ног любого класса веса и откроет облик в вашем гардеробе учётной записи.

Этот облик для ног не имеет собственных характеристик."
"Those Flame Legion mongrels don't know what hit them! Their moral's got to be down a few notches after this. Nicely done.

—Scout Fides Clawrazor","Эти дворняги из Легиона Пламени не поняли, что их накрыло! После такого их боевой дух наверняка просел на пару делений. Славно сработано.

—Разведчица Фидес Когтебритва"
"Those dredge have had the fear of norn beat into them! Love it! Come by and visit some time. No great deed should go unrewarded!

—Grimarr Molesmasher","В этих дреджей вбили страх перед норнами! Красота! Заглядывай как-нибудь. Ни одно доброе дело не должно остаться без награды!

—Гримарр Кротобой"
"Though Olaf Olafson was a popular figure amongst the norn community of  Drizzlewood, his success was at times a source of jealousy. One specific incident involves norn farmer and former Olafson friend Ike Ikeson. Ikeson frequented Olafson's gatherings, even attending several dinners hosted by the Olafson family. However, after hearing rumors of Olafson hiding his valuables in an undisclosed vault, Ikeson's greed overtook him. He strategically attended Olafson social events with the goal of siphoning clues about the treasure's whereabouts. After a neighbor informed Olafson that he caught Ikeson trying to break into the barn housing his sword, Olafson alleviated the problem by stabbing Ikeson through the abdomen with it, thereby damaging the friendship.","Хотя Олаф Олафсон был популярной фигурой среди норнов Дризлвуда, его успех порой вызывал зависть. Один конкретный случай связан с норнским фермером и бывшим другом Олафсона, Айком Айксоном. Айксон часто посещал собрания Олафсона, даже бывал на нескольких ужинах, устроенных семьёй Олафсона. Однако, услышав слухи о том, что Олафсон прячет свои ценности в неизвестном хранилище, жадность Айксона взяла верх. Он стратегически посещал светские мероприятия Олафсона, выуживая подсказки о местонахождении сокровищ. После того как сосед сообщил Олафсону, что поймал Айксона при попытке взломать амбар, где хранился его меч, Олафсон решил проблему, пронзив Айксона этим мечом в живот, тем самым разрушив дружбу."
"Though Olaf Olafson was a popular figure amongst the norn community of  Drizzlewood, his success was at times a source of jealousy. One specific incident involves norn farmer and former Olafson friend Ike Ikeson. Ikeson frequented Olafson's gatherings, even attending several dinners hosted by the Olafson family. However, after hearing rumors of Olafson hiding his valuables in an undisclosed vault, Ikeson's greed overtook him. He strategically attended Olafson social events with the goal of siphoning clues about the treasure's whereabouts. After a neighbor informed Olafson that he caught Ikeson trying to break into the barn housing his sword, Olafson alleviated the problem by stabbing Ikeson through the abdomen with it, thereby damaging the friendship.","Хотя Олаф Олафсон был популярной фигурой среди норнов Дождевого Леса, его успех временами вызывал зависть. Один конкретный случай связан с норнским фермером и бывшим другом Олафсона Айком Айкесоном. Айкесон часто посещал собрания Олафсона, даже бывал на нескольких ужинах в семье Олафсона. Однако, услышав слухи о том, что Олафсон прячет свои ценности в неизвестном хранилище, Айкесона охватила жадность. Он стратегически посещал мероприятия Олафсона, выуживая подсказки о местонахождении сокровища. После того как сосед сообщил Олафсону, что поймал Айкесона при попытке взломать амбар, где хранился его меч, Олафсон решил проблему, проткнув Айкесона этим мечом в живот, тем самым разрушив дружбу."
"Though it may not seem like much, the trading we did with those jotun will make a lasting impact on their tribes. Hopefully they will learn from this experience and continue to trade peacefully with each other for years to come.

As an added bonus, the runic bloodstones that we received will go a long way toward our efforts in reading the ancient jotun languages. We just might decipher the ancient jotun texts yet!

—Albin Chronicler
Durmand Priory","Пусть это и кажется малостью, но торговля, которую мы вели с теми йотунами, надолго повлияет на их племена. Будем надеяться, они извлекут из этого урок и продолжат мирно торговать друг с другом долгие годы.

Вдобавок полученные нами рунные кровавые камни изрядно продвинут наши усилия по чтению древних языков йотунов. Мы ещё расшифруем древние тексты йотунов!

—Летописец Албин
Приорат Дурманд"
"Three levels of difficulty are possible. Will you face the raptors, wurms, or elementals?","Возможны три уровня сложности. Вы столкнетесь с хищниками, червями или элементалями?"
"Tianni had schemed her way out of the Domain of the Lost, ducked and weaved across the Eternal Battlegrounds, and outwitted the Mad King himself—but now, standing at the divide between the Mists and Tyria, the afterlife and the life she'd left behind, all her scientific brilliance was suddenly useless. But what drove her wasn't scientific, so she closed her eyes and leapt.

A strange tingling. A sinking sensation. Had it worked?

She opened her eyes. There, in front of her, was Zipp. Her Zipp. Who, even as he spilled Ooze Booze all over himself in shock, was still the most beautiful bookah she had ever seen.

With her feet firmly planted once more on the ground of Rata Sum, Tianni felt something new. Not relief. Not determination. But hope—true hope.","Тианни хитроумно выбралась из Обители Потерянных, ускользала и лавировала по Вечным Полям Сражений и перехитрила самого Безумного Короля — но теперь, стоя на границе между Бездной и Тирией, загробной жизнью и жизнью, которую она оставила позади, всё её научное блеск внезапно оказался бесполезен. Но двигало ею не научное, поэтому она закрыла глаза и прыгнула.

Странное покалывание. Ощущение падения. Сработало ли?

Она открыла глаза. Перед ней был Зипп. Её Зипп. Который, даже проливая на себя Слизневино от шока, всё равно был самым прекрасным букой, которого она когда-либо видела.

Твёрдо встав на землю Рата Сума, Тианни почувствовала что-то новое. Не облегчение. Не решимость. А надежду — истинную надежду."
"Tianni had schemed her way out of the Domain of the Lost, ducked and weaved across the Eternal Battlegrounds, and outwitted the Mad King himself—but now, standing at the divide between the Mists and Tyria, the afterlife and the life she'd left behind, all her scientific brilliance was suddenly useless. But what drove her wasn't scientific, so she closed her eyes and leapt.A strange tingling. A sinking sensation. Had it worked?She opened her eyes. There, in front of her, was Zipp. Her Zipp. Who, even as he spilled Ooze Booze all over himself in shock, was still the most beautiful bookah she had ever seen.With her feet firmly planted once more on the ground of Rata Sum, Tianni felt something new. Not relief. Not determination. But hope—true hope.","Тианни хитростью выбралась из Забытых Владений, уклонялась и лавировала на Вечных Полях Сражений и перехитрила самого Безумного Короля — но теперь, стоя на границе между Туманным Измерением и Тирией, загробной жизнью и жизнью, которую она оставила позади, всё её научное мастерство внезапно оказалось бесполезным. Но двигало ею не научное, поэтому она закрыла глаза и прыгнула. Странное покалывание. Ощущение падения. Сработало ли? Она открыла глаза. Перед ней стоял Зипп. Её Зипп. Который, даже проливая на себя от шока Слизне-Пойло, всё равно был самым прекрасным букой, которого она когда-либо видела. Твёрдо стоя на земле Рата Сума, Тианни почувствовала что-то новое. Не облегчение. Не решимость. А надежду — истинную надежду."
"Tier %num1%:
Participation above %num2%%% grants %num3% reward-track points on the next score tick","Уровень %num1%:
Участие выше %num2%%% даёт %num3% очков наградного трека при следующем тике счёта"
Tiger Tracks Leading into the Plains of Ashford,"Тигриные следы, ведущие в Равнины Эшфорда"
Tigh Snatchskull,Тай Снэтчскалл
Tigris Furyclaw,Тигрис Яростькоготь
"Time to go back to work, Agent. Something is preying on the quaggans in Lake Wyrmblood, and from the looks of it, that something is the dragon's corruption. Meet me at the lake and we'll get to the bottom of it (get it?). Hey, I may not be handsome or brave, but I can quip with the best of 'em.
—Lightbringer Tybalt Leftpaw","Пора возвращаться к работе, Агент. Кто-то охотится на квагганов в Озере Драконьей Крови, и, судя по всему, это порча дракона. Встретимся у озера и докопаемся до сути (улавливаешь?). Эй, может, я не красавец и не остряк, но шутить умею не хуже других.
—Несущий Свет Ти бальт Левая Лапа"
"Time to go to work, Agent. The Preceptors want us back in the field: a hylek tribe has been sacrificing its greatest warriors to a dragon minion. They don't realize the harm they're doing: every body they give it comes back as an undead. We have to stop them from harming themselves and helping the dragons. I've included their village's location. Meet me there and we'll sort this out.
—Lightbringer Tybalt Leftpaw","Пора за работу, Агент. Наставники хотят видеть нас в поле: племя хилеков приносит в жертву своих лучших воинов слуге дракона. Они не понимают, какой вред причиняют: каждое отданное тело возвращается нежитью. Мы должны остановить их, чтобы они не навредили себе и не помогли драконам. Я приложил координаты их деревни. Встретимся там и разберёмся.
—Несущий Свет Ти бальт Левая Лапа"
Tiny Bag[s] of Skritt Shinies,Маленьк[ий|их|их] мешок[|а|ов] блестяшек скриттов
"Tips and tricks for training your tiger, by Cymbel.
Unlocks the Tiger Training Guide subcollection.","Советы и хитрости обучения тигра от Симбел.
Открывает подколлекцию «Руководство по обучению тигра»."
"To Scholar Glenna and the esteemed champions of the Forge:

I hope you are doing well, my friends. I myself am thriving at the Mystic Forge, thanks of course to my foresight in recruiting you to stand before that bag of wind, Qadim. 

I've received word he's entered our home city of Ahdashim. But all my attempts to communicate with the city have since been blocked. I would seek out the monster myself, but the Forge requires my attention. And my exile has not been lifted (a minor bureaucratic oversight, I'm sure...).

There is great power within Ahdashim—power that Qadim might seek to take for himself. I implore you to head to the city in my stead. If anyone knows what's going on there, it'll be the Key of Ahdashim. Seek the Key and the cardinals. Keep Ahdashim safe.

XOXO,

Zommoros","Ученому Гленне и уважаемым чемпионам Кузницы:

Надеюсь, у вас всё хорошо, мои друзья. Я сам процветаю в Мистической кузнице, благодаря, конечно, моей предусмотрительности в том, что я нанял вас, чтобы вы противостояли тому пустозвону, Кадиму. 

Я получил весть, что он вошёл в наш родной город Ахдашим. Но все мои попытки связаться с городом с тех пор заблокированы. Я бы сам отправился на поиски чудовища, но Кузница требует моего внимания. И мое изгнание ещё не снято (небольшая бюрократическая оплошность, уверен...).

В Ахдашиме огромная сила — сила, которую Кадим может попытаться забрать себе. Я умоляю вас отправиться в город вместо меня. Если кто и знает, что там происходит, то это Ключ Ахдашима. Найдите Ключ и кардиналов. Защитите Ахдашим.

Целую,

Зомморос"
"To Scholar Glenna and the esteemed champions of the Forge:I hope you are doing well, my friends. I myself am thriving at the Mystic Forge, thanks of course to my foresight in recruiting you to stand before that bag of wind, Qadim. I've received word he's entered our home city of Ahdashim. But all my attempts to communicate with the city have since been blocked. I would seek out the monster myself, but the Forge requires my attention. And my exile has not been lifted (a minor bureaucratic oversight, I'm sure...).There is great power within Ahdashim—power that Qadim might seek to take for himself. I implore you to head to the city in my stead. If anyone knows what's going on there, it'll be the Key of Ahdashim. Seek the Key and the cardinals. Keep Ahdashim safe.XOXO,Zommoros","Уважаемой учёной Гленне и прославленным чемпионам Кузни:Надеюсь, у вас всё хорошо, друзья мои. Я сам процветаю в Мистической кузнице, конечно, благодаря моей предусмотрительности в найме вас, чтобы вы противостояли этому пустозвону Кадиму. Я получил известие, что он вошёл в наш родной город Ахдашим. Но все мои попытки связаться с городом с тех пор были заблокированы. Я бы сам отправился на поиски этого чудовища, но Кузня требует моего внимания. И моё изгнание ещё не отменено (небольшая бюрократическая оплошность, я уверен...).В Ахдашиме заключена огромная сила — сила, которую Кадим может попытаться забрать себе. Умоляю вас, отправляйтесь в город вместо меня. Если кто и знает, что там происходит, так это Ключ Ахдашима. Найдите Ключ и кардиналов. Защитите Ахдашим.Целую, обнимаю,Зомморос"
"To Whom It May Concern:

Responding to the recent karka attacks has left the Lionguard dangerously understaffed. I have therefore been authorized by Captain Magnus on behalf of the Ship's Council to deputize volunteers to assist with the investigation into the cause of the current crisis.
If you are interested, available, and qualified, please meet with me at your earliest convenience.

—Inspector Ellen Kiel","Всем, кого это касается:

Ответ на недавние нападения карка оставил Львиную стражу опасно недоукомплектованной. Поэтому капитан Магнус от имени Корабельного совета уполномочил меня набирать добровольцев в помощь расследованию причин нынешнего кризиса.
Если вам это интересно, вы свободны и годны — прошу встретиться со мной при первой возможности.

—Инспектор Эллен Киль"
"To access your custom arena, open the PvP panel and select the Custom Arena tab. There, you can configure your custom arena, add time to your custom arenas, and purchase additional custom arenas. You can configure individual settings or select either Standard or Tournament to automatically set up the custom arena to match ArenaNet's official configurations. To save your changes, click Save in the bottom-right corner.

Note: if you stray too far from the official configurations, your arena will not award glory to players. If you make changes while players are in your custom arena, they will be informed that the server has been reconfigured and whether they will continue earning glory from this altered custom arena. Other players gain access to your custom arena via the PvP Browser in the Heart of the Mists.

New custom arenas start with 30 days of play time. Time remaining appears at the bottom of the panel. To add additional time, click Add Time in the bottom-right corner. Adding time requires custom arena time tokens, available at the Black Lion Trading Company. Each time token adds one day of time to a custom arena. Also, any player in your custom arena can add time by double-clicking a time token in their inventory.

Thank you very much for hosting a custom arena. Enjoy!","Чтобы получить доступ к своей пользовательской арене, откройте панель PvP и выберите вкладку «Пользовательская арена». Там вы можете настроить свою пользовательскую арену, добавить время на свои пользовательские арены и приобрести дополнительные пользовательские арены. Вы можете настроить отдельные параметры или выбрать «Стандартная» или «Турнирная», чтобы автоматически настроить пользовательскую арену в соответствии с официальными конфигурациями ArenaNet. Чтобы сохранить изменения, нажмите «Сохранить» в правом нижнем углу.

Примечание: если вы слишком отклонитесь от официальных конфигураций, ваша арена не будет начислять славу игрокам. Если вы вносите изменения, пока игроки находятся на вашей пользовательской арене, они будут уведомлены о том, что сервер был перенастроен, и о том, будут ли они продолжать получать славу на этой изменённой пользовательской арене. Другие игроки получают доступ к вашей пользовательской арене через браузер PvP в Сердце Туманов.

Новые пользовательские арены начинаются с 30 дней игрового времени. Оставшееся время отображается в нижней части панели. Чтобы добавить дополнительное время, нажмите «Добавить время» в правом нижнем углу. Для добавления времени требуются жетоны времени пользовательской арены, доступные в Торговой компании «Чёрный лев». Каждый жетон времени добавляет один день времени к пользовательской арене. Кроме того, любой игрок на вашей пользовательской арене может добавить время, дважды щёлкнув жетон времени в своём инвентаре.

Большое спасибо за размещение пользовательской арены. Наслаждайтесь!"
"To all Tyrians,

This is a general emergency warning. A few hours ago, a massive flying platform has entered Sanctum Harbor, bringing destruction and spreading a lethal miasma over the city. Furthermore, Aetherblade airships, Molten portals, and Toxic forces are overwhelming the Lionguard response.

Some of the citizenry is still trapped inside the city limits. We are calling on available heroes to assist in the evacuation efforts. 

Lion's Arch needs you. If you can, please report to the forward camps in Gendarran Fields, Bloodtide Coast, and Lornar's Pass at once.

Captain's Council, Lion's Arch","Всем тирийцам,

Это общее экстренное предупреждение. Несколько часов назад в Гавань Санктум вошла огромная летающая платформа, неся разрушение и распространяя над городом смертоносные миазмы. Более того, воздушные корабли Эфирных клинков, порталы Расплавленных и Токсичные силы одолевают ответные меры Львиной стражи.

Часть горожан всё ещё заперта в городской черте. Мы призываем всех свободных героев помочь с эвакуацией. Львиная

Арка нуждается в вас. Если можете, немедленно явитесь в передовые лагеря на Гендарранских полях, Кровавом побережье и перевале Лорнара.

Совет капитанов, Львиная Арка"
"To all Vigil available for activation:

A situation in Wayfarer Foothills and Diessa Plateau has come to our attention. The Vigil are responding, and all active Vigil representatives are being deployed—that means you. We've learned about a major military offensive by the Molten Alliance of Flame Legion and dredge. Vigil forward scouts have arrived in the area and are leading the response. The invaders have taken innocent Tyrian citizens as prisoners, and that is unacceptable.

Report at your earliest convenience to Tribune Rytlock Brimstone in the Black Citadel. The city has organized a defense quorum in the Imperator's Core. Check in at the Core and offer your services to the war council. We must confront this invasion with a combined effort and as much force as possible.

—General Almorra Soulkeeper","Всем участникам Дозора, готовым к активации:

К нам поступила информация о ситуации в Предгорьях Странника и на плато Дьесса. Дозор реагирует, и все активные представители Дозора развёртываются — это означает вас. Мы узнали о крупном военном наступлении Расплавленного Альянса Легиона Пламени и землероев. Передовые разведчики Дозора прибыли в этот район и возглавляют ответные действия. Захватчики взяли в плен невинных тирийских граждан, и это неприемлемо.

Явитесь при первой возможности к трибуну Райтлоку Жарокамню в Чёрную Цитадель. Город организовал оборонительный кворум в Ядре Императора. Зарегистрируйтесь в Ядре и предложите свои услуги военному совету. Мы должны противостоять этому вторжению объединёнными усилиями и максимальной силой.

—Генерал Алморра Душехран"
"To all Vigil available for activation:A situation in Wayfarer Foothills and Diessa Plateau has come to our attention. The Vigil are responding, and all active Vigil representatives are being deployed—that means you. We've learned about a major military offensive by the Molten Alliance of Flame Legion and dredge. Vigil forward scouts have arrived in the area and are leading the response. The invaders have taken innocent Tyrian citizens as prisoners, and that is unacceptable.Report at your earliest convenience to Tribune Rytlock Brimstone in the Black Citadel. The city has organized a defense quorum in the Imperator's Core. Check in at the Core and offer your services to the war council. We must confront this invasion with a combined effort and as much force as possible.—General Almorra Soulkeeper","Всем доступным для активации членам Дозора:В наше внимание попала ситуация в Предгорьях Странника и на плато Дьесса. Дозор отвечает, и все активные представители Дозора развертываются — это касается вас. Мы узнали о крупном военном наступлении Расплавленного Альянса Легиона Пламени и землероев. Передовые разведчики Дозора прибыли в район и возглавляют ответ. Захватчики взяли в плен невинных тирийских граждан, и это неприемлемо.Сообщите при первой возможности трибуну Ритлоку Жарокамню в Чёрной Цитадели. Город организовал оборонный кворум в Ядре Императора. Зайдите в Ядро и предложите свои услуги военному совету. Мы должны встретить это вторжение объединенными усилиями и максимальной силой.—Генерал Альмора Хранительница Душ"
"To expand our understanding of this intricate world, the other Cycle leaders and I have asked two of our people to act as city heralds. They are positioned near the Caledon Forest exit and the Lion's Arch asura gate, and are knowledgeable about worldly events of interest to the Grove. For our traveling kin, Lion's Arch has informed us that they also have heralds. I urge you to speak with them often.

—Firstborn Aife","Чтобы расширить наше понимание этого хитросплетённого мира, мы с другими главами Циклов попросили двоих из наших стать городскими глашатаями. Они стоят у выхода в Лес Каледон и у асура-врат Львиной Арки и осведомлены о мировых событиях, важных для Рощи. Львиная Арка сообщила нам, что для наших странствующих сородичей у них тоже есть глашатаи. Настоятельно советую говорить с ними почаще.

—Перворождённая Айфе"
"To make matters even more strange, Joko is the one leading the resistance against Balthazar in this fractal. Dzalana is still under heavy occupation by the Forged, and those who do fight here don't last long. You learn to admire their courage from afar... Especially since they're not just fighting back against the Forged, but also the Kryptis.  

Although this region has been devastated, their resilience is phenomenal. Seeing the commander fail though... That's horrifying even in a theoretical setting. I'm having a hard time separating those fears from reality...  

After all, these fractals are REAL now. These people are REAL. Does that mean some version of the commander was, too...? I don't think I could stomach it... I've had a headache ever since the fractals emerged from the Mists, with the Kryptis following behind... I hope we can get the spire functional again soon.","Чтобы сделать всё ещё более странным, Джоко возглавляет сопротивление Бальтазару в этом фрактале. Дзалана всё ещё находится под сильной оккупацией Кованых, и те, кто сражается здесь, долго не живут. Вы учитесь восхищаться их мужеством издалека... Особенно учитывая, что они сражаются не только против Кованых, но и против Криптисов.  

Хотя этот регион был опустошён, их стойкость поразительна. Но видеть неудачу командора... Это ужасает даже в теоретических условиях. Мне трудно отделить эти страхи от реальности...  

В конце концов, эти фракталы теперь РЕАЛЬНЫ. Эти люди РЕАЛЬНЫ. Значит ли это, что какая-то версия командора тоже была?.. Я не думаю, что смогу это пережить... У меня болит голова с тех пор, как фракталы вышли из Туманов, с Криптисами, следующими за ними... Надеюсь, мы сможем скоро снова запустить шпиль."
"To make matters even more strange, Joko is the one leading the resistance against Balthazar in this fractal. Dzalana is still under heavy occupation by the Forged, and those who do fight here don't last long. You learn to admire their courage from afar... Especially since they're not just fighting back against the Forged, but also the Kryptis.  Although this region has been devastated, their resilience is phenomenal. Seeing the commander fail though... That's horrifying even in a theoretical setting. I'm having a hard time separating those fears from reality...  After all, these fractals are REAL now. These people are REAL. Does that mean some version of the commander was, too...? I don't think I could stomach it... I've had a headache ever since the fractals emerged from the Mists, with the Kryptis following behind... I hope we can get the spire functional again soon.","Что ещё более странно, Джоко возглавляет сопротивление Бальтазару в этом фрактале. Дзалана всё ещё находится под сильной оккупацией Кованых, и те, кто сражается здесь, долго не живут. Вы учитесь восхищаться их мужеством издалека... Тем более что они сражаются не только против Кованых, но и против Криптисов.  Хотя этот регион был опустошён, их стойкость феноменальна. Однако видеть провал командира... Это ужасает даже в теоретическом плане. Мне трудно отделить эти страхи от реальности...  В конце концов, эти фракталы теперь РЕАЛЬНЫ. Эти люди РЕАЛЬНЫ. Значит ли это, что какая-то версия командира тоже была?.. Не думаю, что я смогу это переварить... У меня болит голова с тех пор, как фракталы вышли из Туманов, а за ними последовали Криптисы... Надеюсь, мы скоро сможем снова запустить шпиль."
"To my beautiful girls (yes, both of you, read this one together!),

Remember that BIG STRONG SCARY WOMAN I told you about? Boulder? Turns out she's actually a gentle giant! I was practicing my music (I'm getting really into this thing!) out by the tree when suddenly she came over and sat next to me.

She said the music reminded her of her grandmother, who used to play for her every night. On their chicken farm. SHE HAS A CHICKEN FARM! Oh, her name is Hyo-Sonn. I should probably tell you I invited her over for dinner when we return! So look forward to that!

Speaking of which, I heard that if we haven't received orders within the next four days, we'll be returning from duty. It's just a secondhand rumor, but I might get to see you both very soon! And I'll be bringing Hyo-Sonn with me!

CHICKENS!

—B","Моим прекрасным девочкам (да, обеим, читайте это вместе!),

Помните ту БОЛЬШУЮ СИЛЬНУЮ СТРАШНУЮ ЖЕНЩИНУ, о которой я вам рассказывал? Боулдер? Оказывается, она на самом деле нежный великан! Я практиковался в музыке (я серьёзно увлёкся этим!) у дерева, когда вдруг она подошла и села рядом со мной.

Она сказала, что музыка напомнила ей её бабушку, которая играла для неё каждую ночь. На их куриной ферме. У НЕЁ ЕСТЬ КУРИНАЯ ФЕРМА! О, её зовут Хё-Сон. Наверное, мне стоит сказать вам, что я пригласил её на ужин, когда мы вернёмся! Так что ждите этого!

Кстати, я слышал, что если мы не получим приказов в ближайшие четыре дня, то вернёмся с дежурства. Это всего лишь слух из вторых рук, но я, возможно, увижу вас обеих очень скоро! И я приведу с собой Хё-Сон!

КУРЫ!

—Б"
"To my beautiful girls (yes, both of you, read this one together!),Remember that BIG STRONG SCARY WOMAN I told you about? Boulder? Turns out she's actually a gentle giant! I was practicing my music (I'm getting really into this thing!) out by the tree when suddenly she came over and sat next to me.She said the music reminded her of her grandmother, who used to play for her every night. On their chicken farm. SHE HAS A CHICKEN FARM! Oh, her name is Hyo-Sonn. I should probably tell you I invited her over for dinner when we return! So look forward to that!Speaking of which, I heard that if we haven't received orders within the next four days, we'll be returning from duty. It's just a secondhand rumor, but I might get to see you both very soon! And I'll be bringing Hyo-Sonn with me!CHICKENS!—B","Моим прекрасным девочкам (да, обеим, читайте это вместе!),Помните ту БОЛЬШУЮ СИЛЬНУЮ СТРАШНУЮ ЖЕНЩИНУ, о которой я вам рассказывал? Боулдер? Оказывается, она на самом деле нежный гигант! Я практиковался в музыке (я очень увлёкся этим!) у дерева, как вдруг она подошла и села рядом.Она сказала, что музыка напомнила ей о её бабушке, которая играла для неё каждую ночь. На их куриной ферме. У НЕЁ ЕСТЬ КУРИНАЯ ФЕРМА! О, её зовут Хё-Сонн. Наверное, стоит сказать, что я пригласил её на ужин, когда мы вернёмся! Так что ждите этого!Кстати, я слышал, что если мы не получим приказов в ближайшие четыре дня, то вернёмся со службы. Это всего лишь слух из вторых рук, но, возможно, я увижу вас обеих очень скоро! И я приведу с собой Хё-Сонн!КУРЫ!—Б"
"To my love Nangan—

If you find this, it means that Arborstone has fallen, and I'm sorry. Ayumi tried to help us, but we'd lost too many to some kind of darkness. Others simply...died. Of what, only the Mists can say. Barely a handful of us remain. We will barricade ourselves in the inner sanctum and hide as long as we can. I hope we see each other again. If not, know that the Kestrels live on so long as Echovald remains independent, and that I will be at peace in the Sky Above Sky. Please lay me to rest in Mori Village, next to my grandfather. They are calling for me. Stay safe, my love.

—Saiyo","Любимому моему

Нангану — Если ты нашёл это, значит, Арборстоун пал, и мне жаль. Аюми пыталась нам помочь, но мы потеряли слишком многих из-за какой-то тьмы. Другие просто... умерли. От чего — ведают лишь Туманы. Нас осталась едва горстка. Мы забаррикадируемся во внутреннем святилище и будем прятаться сколько сможем. Надеюсь, мы ещё увидимся. Если нет — знай, что кестрели живы, пока Эховальд остаётся независимым, и что я обрету покой в Небе над Небом. Прошу, упокой меня в деревне Мори, рядом с дедом. Меня зовут. Береги себя, любовь моя.

—Сайо"
"To the Arcane Council,  
  
It is with the highest respect that the founding committee of the Tyrian Alliance would like to invite the Arcane Council, as representatives of Rata Sum, to join our organization of trust and dignity.  
  
We hoped for a brighter tomorrow after the passing of Soo-Won marked a new era for Tyria, but something pushed back on that hope when a series of demonic attacks left our people and our homes in peril. Although these attacks have recently waned, their source has not yet been discovered. And until it has, we are vulnerable.  
  
But from that vulnerability something else was born: awareness. Leaders started speaking with leaders; nations once impaired by archaic rivalries were suddenly allies, or on their way. Pain was shared as readily as food. After we survived the fight against the Elder Dragons, surely the next threat to rise in their place would not stop us. And it has not stopped us.  
  
As leaders talked, we realized that it was time again to try our hand at unity. Not all will agree, and we certainly have our critics, but peace isn't made overnight. Thus, the Tyrian Alliance was formed.  
  
We would be nowhere without the asuran technologies that kept us safe in times of trauma or the weapons your people raised to protect our world. Should you be interested in joining our cause, we leave the task of designating one of your own to represent the Arcane Council and the asura in our forthcoming summit.  
  
With support of the Tyrian Alliance's founding committee,  
  
Queen Jennah of Kryta","Арканному Совету,  
  
С глубочайшим уважением учредительный комитет Тирийского Альянса хотел бы пригласить Арканный Совет, как представителей Рата Сама, присоединиться к нашей организации доверия и достоинства.  
  
Мы надеялись на светлое будущее после того, как кончина Су-Вуна ознаменовала новую эру для Тирии, но нечто отбросило эту надежду назад, когда серия демонических атак поставила под угрозу наших людей и наши дома. Хотя эти атаки в последнее время ослабли, их источник ещё не обнаружен. И пока он не обнаружен, мы уязвимы.  
  
Но из этой уязвимости родилось нечто иное: осознание. Лидеры начали говорить с лидерами; нации, когда-то разделённые архаичным соперничеством, внезапно стали союзниками или были на пути к этому. Боль делили так же легко, как еду. После того как мы пережили битву со Старшими Драконами, следующая угроза, которая возникнет на их месте, уж точно нас не остановит. И она нас не остановила.  
  
Пока лидеры говорили, мы поняли, что пришло время снова попытаться достичь единства. Не все согласятся, и у нас, безусловно, есть критики, но мир не создаётся за одну ночь. Так был сформирован Тирийский Альянс.  
  
Мы были бы нигде без асурских технологий, которые защищали нас во времена испытаний, или оружия, которое ваш народ поднял для защиты нашего мира. Если вы заинтересованы в присоединении к нашему делу, мы оставляем задачу назначить одного из ваших представителей от Арканного Совета и асура на нашем предстоящем саммите.  
  
При поддержке учредительного комитета Тирийского Альянса,  
  
Королева Дженна Крайтанская"
"To the Great House of the Dominion of Winds,  
  
It is with the highest respect that the founding committee of the Tyrian Alliance would like to invite the tengu of the Dominion to join our organization of trust and dignity.

We hoped for a brighter tomorrow after the passing of Soo-Won marked a new era for Tyria, but something pushed back on that hope when a series of demonic attacks left our people and our homes in peril. Although these attacks have recently waned, their source has not yet been discovered. And until it has, we are vulnerable.  
  
But from that vulnerability something else was born: awareness. Leaders started speaking with leaders; nations once impaired by archaic rivalries were suddenly allies, or on their way. Pain was shared as readily as food. After we survived the fight against the Elder Dragons, surely the next threat to rise in its place would not stop us. And it has not stopped us.  

As leaders talked, we realized that it was time again to try our hand at unity. Not all will agree, and we certainly have our critics, but peace isn't made overnight. Thus, the Tyrian Alliance was formed.  
  
Although we've yet to be formally acquainted, we hope that you'll look to the aid we shared as the war against Jormag grew bitter and bloody. Should the Great House be interested, we would be honored if one of your own could join us in Lion's Arch for our inaugural summit. You may send whichever representative you feel is appropriate.  
  
With support of the Tyrian Alliance's founding committee,  
  
Queen Jennah of Kryta","Великому Дому Владычества Ветров,

С высочайшим уважением учредительный комитет Тирийского альянса желает пригласить тэнгу Владычества присоединиться к нашей организации доверия и достоинства.

Мы надеялись на более светлое завтра после того, как кончина Soo-Won ознаменовала новую эру для Tyria, но нечто оттеснило эту надежду, когда череда демонических атак ввергла наш народ и наши дома в опасность. Хотя эти атаки в последнее время пошли на убыль, их источник ещё не обнаружен. А пока он не найден, мы уязвимы.

Но из этой уязвимости родилось иное: осознание. Вожди заговорили с вождями; народы, некогда скованные архаичным соперничеством, вдруг стали союзниками — или на пути к тому. Боль делили так же охотно, как и пищу. Раз мы пережили битву с Старшими драконами, наверняка следующая угроза, что восстанет им на смену, нас не остановит. И она нас не остановила.

Пока вожди говорили, мы поняли: пришло время вновь испытать себя в единстве. Согласны будут не все, и критиков у нас, разумеется, хватает, но мир не строится за одну ночь. Так и был образован Тирийский альянс.

Хотя мы ещё не знакомы официально, надеемся, что вы вспомните ту помощь, которой мы делились, когда война против Jormag становилась горькой и кровавой. Если Великий Дом заинтересуется, для нас будет честью, если кто-то из ваших присоединится к нам в Lion's Arch на нашем первом саммите. Вы можете прислать того представителя, какого сочтёте подходящим.

При поддержке учредительного комитета Тирийского альянса,

Королева Jennah из Kryta"
"To the esteemed Pact Commander,

It is with the highest respect that the founding committee of the Tyrian Alliance would like to invite you to join our organization of trust and dignity.

We hoped for a brighter tomorrow after the passing of Soo-Won marked a new era for Tyria, but something pushed back on that hope when a series of demonic attacks left our people and our homes in peril. Although these attacks have recently waned, their source has not yet been discovered. And until it has, we are vulnerable.

But from that vulnerability something else was born: awareness. Leaders started speaking with leaders; nations once impaired by archaic rivalries were suddenly allies, or on their way. Pain was shared as readily as food. After we survived the fight against the Elder Dragons, surely the next threat to rise in their place would not stop us. And it has not stopped us.

As leaders talked, we realized that it was time again to try our hand at unity. Not all will agree, and we certainly have our critics, but peace isn't made overnight. Thus, the Tyrian Alliance was formed.

Commander, you have been a constant glimmer of hope in times of ire. You've impacted each of our lives in immeasurable ways. It is for that reason you are invited to join us in Lion's Arch for a celebration of trust. The alliance may be new, but with time it will become something truly admirable and productive. For Tyria. For all of us.

With support of the Tyrian Alliance's founding committee,
Queen Jennah of Kryta","Уважаемому Командующему Пактом,

С глубочайшим уважением учредительный комитет Тирийского Альянса приглашает вас присоединиться к нашей организации, основанной на доверии и достоинстве.

Мы надеялись на светлое будущее после того, как уход Су-Вон ознаменовал новую эру для Тирии, но нечто поколебало эту надежду, когда серия демонических атак подвергла опасности наш народ и наши дома. Хотя в последнее время эти атаки ослабли, их источник до сих пор не обнаружен. И пока он не будет найден, мы уязвимы.

Но из этой уязвимости родилось кое-что ещё: осознание. Лидеры начали говорить с лидерами; нации, некогда скованные архаичным соперничеством, внезапно стали союзниками или были на пути к этому. Боль делили так же легко, как еду. После того как мы пережили битву со Старшими Драконами, следующая угроза, которая поднимется на их месте, уж точно нас не остановит. И она нас не остановила.

Пока лидеры говорили, мы поняли, что пришло время снова попытаться достичь единства. Не все согласятся, и у нас, безусловно, есть критики, но мир не создаётся за одну ночь. Так был сформирован Тирийский Альянс.

Командующий, вы были постоянным проблеском надежды во времена гнева. Вы повлияли на каждую из наших жизней неизмеримым образом. Именно по этой причине вы приглашены присоединиться к нам в Львином Шпиле на празднование доверия. Альянс может быть новым, но со временем он станет чем-то поистине достойным восхищения и продуктивным. Ради Тирии. Ради всех нас.

При поддержке учредительного комитета Тирийского Альянса,
Королева Дженна из Крайта"
"To the kind people of Gavril: I thank you.  
  
I thank you for your hospitality. I thank you for sharing your warm homes and your delicious food—for welcoming the White Mantle on our journey to enlist light in humanity's favor. To crush those that threaten our ability to thrive. You are a kind people. You deserve a comfortable path. You deserve forgiveness for your past. I hope that I can deliver the repose that you, as beings of light, are owed.  
  
While my departure from Gavril is imminent and mourned, I will be leaving some of my followers to look after your humble village and preserve your freedom from interference. The Unseen Ones have spoken to me here, among the rocky cliffs and treacherous waves, and they have given me a mission.  
  
""What is that mission?"" you may ask. To protect you.  
  
I will be leaving Rhea Ingham, one of my very most devout, as my liaison and your guide. She will watch over and nurture you. Place your worries in her hands; she is a shepherd, and you are the lamb.  
  
Your futures are opulent and laced with prestige,  
Saul D'Alessio","Добрым людям Гаврила: я благодарю вас.  
  
Я благодарю вас за ваше гостеприимство. Я благодарю вас за то, что вы поделились своими тёплыми домами и вкусной едой — за то, что приветствовали Белое Пламя в нашем путешествии, чтобы привлечь свет на сторону человечества. Чтобы сокрушить тех, кто угрожает нашей способности процветать. Вы добрый народ. Вы заслуживаете лёгкого пути. Вы заслуживаете прощения за своё прошлое. Я надеюсь, что смогу даровать вам покой, которого вы, как существа света, заслуживаете.  
  
Хотя мой отъезд из Гаврила неизбежен и оплакиваем, я оставлю некоторых из моих последователей, чтобы они присматривали за вашей скромной деревней и сохраняли вашу свободу от вмешательства. Невидимые говорили со мной здесь, среди скалистых утёсов и коварных волн, и они дали мне миссию.  
  
«Что это за миссия?» — спросите вы. Защищать вас.  
  
Я оставлю Рею Ингам, одну из самых преданных моих последовательниц, в качестве моего связного и вашего наставника. Она будет присматривать за вами и заботиться о вас. Вверьте свои заботы в её руки; она пастырь, а вы — агнцы.  
  
Ваше будущее роскошно и окутано престижем,  
Сол Д'Алессио"
"To the one they call ""Wayfinder,""

I've been watching you. I say this not to alarm you, but rather, to entice you. You see, I've been hard at work on something of a cryptozoological investigation. It seems the sort of task to which you'd be uniquely suited. Physically, without question. But also, parapsychologically. Your support is crucial in helping me prove the existence of the notorious Crow-Footed Skulker! Come speak with me if you are interested in unveiling the TRUTH.","Тому, кого зовут «Путеводной Звездой»,

Я за тобой наблюдаю. Говорю это не чтобы встревожить, а чтобы заинтриговать. Видишь ли, я вовсю тружусь над своего рода криптозоологическим изысканием. Похоже, это как раз та задача, для которой ты подходишь как никто. Физически — вне всяких сомнений. Но и парапсихологически тоже. Твоя поддержка крайне важна, чтобы помочь мне доказать существование пресловутого Ворононогого Скрытня! Приходи поговорить со мной, если хочешь раскрыть ПРАВДУ."
"To: %str1%

Hi!

My name is Kemar. Naja told us all the new books in our library are because of you. My friends and I like the books very much. My friend Elio always said he didn't even like to read, but he likes the one about Koss. He already read it three times, and he can say all the words by heart without even looking!

Thank you for helping us!

From: Kemar","Кому: %str1%

Привет!

Меня зовут Кемар. Наджа сказала нам, что все новые книги в нашей библиотеке — благодаря тебе. Мне и моим друзьям книги очень нравятся. Мой друг Элио всегда говорил, что даже не любит читать, но ему нравится та, что про Косса. Он уже прочитал её три раза и может рассказать все слова наизусть, даже не глядя!

Спасибо, что помог нам!

От: Кемара"
"To: %str1%:
From: Scholar Olenn

Your assistance with the grawl was most appreciated. Those pea-brained mongrels are still gadding about the Searing Crystal, but I took the upmost delight in watching you deal with them.

So, thank you for that.

—Scholar Olenn","Кому: %str1%:
От кого: учёный Оленн

Твоя помощь с гроулами весьма кстати. Эти скудоумные дворняги всё ещё шатаются вокруг Опаляющего Кристалла, но я с превеликим удовольствием наблюдал, как ты с ними разбираешься.

Так что спасибо за это.

—Учёный Оленн"
"To: All Research Staff
RE: Let's get inspired!

Many of you attended the quarterly address by our illustrious director. For those who missed it, I recommend a holographic viewing; it covered important ground regarding workplace culture. In short, his message was that grand plans and world-changing ambitions aren't only about glory. We should all reflect on important virtues that are too often overlooked: hard work, personal sacrifice, and humility.

Please note that this message does not imply any reduced emphasis on productivity or outcomes. Researchers unable to produce results in the lab will continue to be subject to the usual hierarchy of punitive actions.

Have a productive quarter!","Кому: всему исследовательскому персоналу
Тема: давайте вдохновляться!

Многие из вас были на ежеквартальном обращении нашего прославленного директора. Тем, кто пропустил, рекомендую голографический просмотр: там затронуты важные вопросы культуры труда. Коротко: его мысль в том, что великие замыслы и миропотрясающие устремления — не только ради славы. Всем нам стоит поразмыслить о важных добродетелях, которыми слишком часто пренебрегают: усердном труде, личной жертве и смирении.

Обратите внимание: это сообщение не означает снижения внимания к производительности и результатам. Исследователи, не способные давать результат в лаборатории, по-прежнему будут подпадать под обычную иерархию карательных мер.

Продуктивного квартала!"
"To: Black Citadel

Subject: Signature Required

In the fahrar, we are all told that our legion is special, the best of the best, and comparable to no other. To some, it's intended to foster competition with the other legions—a way to keep driving us to improve. I don't need to explain to you that I believe something different: I believe that Iron is, in fact, the finest of all the legions. So you can imagine my surprise when I received a stack of parchment taller than a tank's drive sprocket that suggested otherwise—that your imperator had made ""questionable"" decisions that were considered ""excessive"" by some in the Black Citadel. Language was used that lesser charr might even find threatening.

Every day, we are under siege from some new threat. Stopping one does not stop the others. In my vast experience on the battlefield, I would go so far as to say that winning against one foe only emboldens the remainder. Bangar is the latest in a long line, and it is clear from my victories in Drizzlewood that I am the only one equipped with the means of ending him.

I was the only imperator to see the humans weren't our enemy. I bring this up only to illuminate a greater point: in that instance, as in so many others on the battlefield, lesser individuals believed I was wrong.

I was not.

But still I had to fight tooth and claw to pull the others into Ebonhawke. And look at what happened: without that treaty, we never would've beaten back Zhaitan. Or Mordremoth. Or Kralkatorrik. Without the treaty—my treaty—Tyria would be gone. The other imperators, and even the commander, are still grappling with this fact, but Black Citadel is keenly aware that I will be ascending to Khan-Ur once Bangar is dealt with. There is a reason we all see it as a foregone conclusion, and I would urge you to remember that in your future correspondence.

The charr have lost their way, corrupting their forms en masse to appease the whisperings of a malevolent Elder Dragon. The ""laws of warfare"" you reference in your thinly veiled threats simply do not apply to a force that cannot even abide by the laws of nature.

You suggest I temper my methods? Would you march into battle with a half-sharpened blade? I don't leave things half-finished, because half-finished is fully useless.

When I send a threat, I sign my name to it. The next time I receive one and it doesn't have names attached, I'm tossing it straight into the fire.

—Imperator Smodur the Unflinching","Кому: Black Citadel

Тема: Требуется подпись

В фарраре всем нам твердят, что наш легион особенный, лучший из лучших и ни с кем не сравнимый. Для одних это способ разжечь соперничество с другими легионами — чтобы мы не переставали совершенствоваться. Тебе не нужно объяснять, что я убеждён в ином: я убеждён, что Железный легион и в самом деле лучший из всех. Так что вообрази моё удивление, когда я получил стопку пергамента выше ведущей звёздочки танка, где утверждалось обратное: будто ваш император принимал «сомнительные» решения, которые кое-кто в Black Citadel счёл «чрезмерными». Формулировки были такие, что чарр послабее мог бы счесть их даже угрожающими.

Каждый день нас осаждает какая-нибудь новая угроза. Остановишь одну — не остановишь остальных. Опираясь на свой обширный боевой опыт, я бы даже сказал: победа над одним врагом лишь раззадоривает прочих. Bangar — последний в длинной череде, и после моих побед в Drizzlewood ясно, что лишь у меня есть средства с ним покончить.

Я был единственным императором, увидевшим, что люди нам не враги. Я вспоминаю об этом лишь ради более важной мысли: тогда, как и во множестве других случаев на поле боя, меньшие умы считали, что я неправ.

Я был прав.

И всё же мне пришлось зубами и когтями тащить остальных в Ebonhawke. И посмотри, что вышло: без того договора мы никогда не отбросили бы Zhaitan. Ни Mordremoth. Ни Kralkatorrik. Без договора — моего договора — Tyria бы не стало. Другие императоры, да и сам коммандир, всё ещё свыкаются с этим фактом, но Black Citadel прекрасно знает: как только с Bangar будет покончено, я взойду как Хан-Ур. Есть причина, по которой все мы считаем это делом решённым, и я настоятельно советую помнить о ней в дальнейшей переписке.

Чарры сбились с пути, массово искажая свои тела в угоду шёпотам злобного Старшего дракона. «Законы войны», на которые вы ссылаетесь в своих плохо завуалированных угрозах, попросту неприменимы к силе, не способной соблюдать даже законы природы.

Вы предлагаете мне умерить методы? Пошли бы вы в бой с наполовину заточенным клинком? Я не бросаю дел наполовину, потому что наполовину сделанное — целиком бесполезно.

Когда я шлю угрозу, я ставлю под ней своё имя. В следующий раз, получив угрозу без подписей, я швырну её прямиком в огонь.

—Император Smodur the Unflinching"
"To: Departmental Heads
From: Internal Security Directorate

RE: Internal Review

Traditionally, our organization has dealt with the unauthorized disclosure of proprietary information with a tried and true system of employing pain techniques and/or expungement. Data shows these are effective deterrents, but there is always room for improvement.

As a supplemental approach, the Internal Security Directorate recommends a pilot messaging campaign designed to reinforce the administration as a benevolent force. Note, the campaign would not require actual benevolent treatment, only the messaging of such.

Focus-group testing suggests adding the following to public addresses: ""Keep up the good work! And remember: we care!""","Кому: главам отделов
От: Директората внутренней безопасности

Тема: внутренняя проверка

Традиционно наша организация справлялась с несанкционированным разглашением закрытой информации проверенной временем системой применения болевых техник и/или устранения. Данные показывают, что это действенные средства сдерживания, но всегда есть место для улучшения.

В качестве дополнительного подхода Директорат внутренней безопасности рекомендует пилотную кампанию сообщений, призванную укрепить образ администрации как благосклонной силы. Отметим, что кампания не потребует действительно благосклонного обращения — лишь сообщений о таковом.

Тестирование в фокус-группах показывает, что стоит добавить в публичные обращения следующее: «Так держать! И помните: мы заботимся о вас!»"
"To: Departmental HeadsFrom: Internal Security DirectorateRE: Internal ReviewTraditionally, our organization has dealt with the unauthorized disclosure of proprietary information with a tried and true system of employing pain techniques and/or expungement. Data shows these are effective deterrents, but there is always room for improvement.As a supplemental approach, the Internal Security Directorate recommends a pilot messaging campaign designed to reinforce the administration as a benevolent force. Note, the campaign would not require actual benevolent treatment, only the messaging of such.Focus-group testing suggests adding the following to public addresses: ""Keep up the good work! And remember: we care!""","Кому: Руководители отделовОт: Управление внутренней безопасностиТема: Внутренняя проверкаТрадиционно наша организация справлялась с несанкционированным разглашением конфиденциальной информации с помощью проверенной и надёжной системы применения болевых техник и/или удаления. Данные показывают, что это эффективные сдерживающие меры, но всегда есть куда совершенствоваться.В качестве дополнительного подхода Управление внутренней безопасности рекомендует пилотную кампанию информирования, направленную на укрепление имиджа администрации как благожелательной силы. Обратите внимание: кампания не требует фактического благожелательного обращения, только соответствующую подачу.Тестирование в фокус-группах предлагает добавить следующее в публичные выступления: «Продолжайте хорошую работу! И помните: мы заботимся!»"
"To: Imperator Swordshadow

Subject: Your Support

I think as imperators it's important we maintain some sense of professionalism in our personal interactions, so I will do my best to ignore your outburst during our tactical retreat from the Frost Legion ambush.

If you have a problem with my methods, I'd remind you that your double agents have done little except get caught, all while putting on a show that puts my own charr in danger on a regular basis. Any contributions they've made to the war effort, aside from uncovering this cave, elude me—quite possibly because you've kept those contributions to yourself. And that's only if I give you the benefit of the doubt.

Then you said I would never be Khan-Ur, as if I might need your permission to obtain it. It seems you don't appreciate our current situation.

Until recently, we'd been getting along fine without a Khan-Ur. Each legion controlled its own people, there was friendly competition, and the Iron paw always knew what the Ash paw was up to. But Bangar changed that.

We didn't need a Khan-Ur because we all agreed, as imperators, that a balance of power was better. And it was. Until the balance was gone. Now there are two charr: United Legions and Dominion. One will conquer the other, and one of them is in league with an Elder Dragon. If they win, it would be the end of us, I agree. That is why even when Bangar is dead, we cannot let his ideas persist. It's not enough to kill him. We need to win.

The legions as we knew them may return someday, but until we get the charr back on track, I think you'd agree we need a strong leader with experience bringing enemies together to prevent anything like this from happening again.

You and I haven't always seen eye to eye, and we don't have to here. Just know when the time comes, I expect your support.

—Smodur","Кому: Императору Мечетени

Тема: Ваша поддержка

Я считаю, что императорам важно сохранять некоторый профессионализм в личных отношениях, поэтому я постараюсь проигнорировать вашу вспышку во время нашего тактического отступления после засады Легиона Мороза.

Если у вас есть проблемы с моими методами, напомню, что ваши двойные агенты почти ничего не добились, кроме как попались, при этом регулярно подвергая опасности моих харров своими представлениями. Любой их вклад в военные усилия, помимо обнаружения этой пещеры, ускользает от меня — вполне возможно, потому что вы держите этот вклад при себе. И это только если я даю вам фору.

Затем вы сказали, что я никогда не стану Хан-Уром, как будто мне нужно ваше разрешение на это. Похоже, вы не понимаете нашу текущую ситуацию.

До недавнего времени мы прекрасно обходились без Хан-Ура. Каждый легион контролировал свой народ, была дружеская конкуренция, и Железная лапа всегда знала, что замышляет Пепельная лапа. Но Бангар изменил это.

Нам не нужен был Хан-Ур, потому что мы все, как императоры, согласились, что баланс сил лучше. Так и было. Пока баланс не исчез. Теперь есть два харра: Объединенные легионы и Доминион. Один покорит другого, и один из них в союзе с Старшим драконом. Если они победят, это будет конец для нас, я согласен. Вот почему даже после смерти Бангара мы не можем позволить его идеям сохраниться. Недостаточно просто убить его. Нам нужно победить.

Легионы, какими мы их знали, возможно, когда-нибудь вернутся, но пока мы не вернем харров на правильный путь, я думаю, вы согласитесь, что нам нужен сильный лидер с опытом объединения врагов, чтобы предотвратить повторение подобного.

Мы с вами не всегда сходились во мнениях, и здесь это не обязательно. Просто знайте, что когда придёт время, я рассчитываю на вашу поддержку.

— Смодур"
"To: Quarantine Systems Management Team
RE: Simulation Request

Due to the uptick in equipment-replacement costs, the budget committee has required an assessment of losses. Apparently a primary factor is rain damage to environment sampling sensors resulting from Olmakhan stormcalling.

So far the committee is adhering to security's recommendation that we avoid unnecessarily inciting the local fauna. Still, I think we should run a simulation to test how effectively we can resolve the Olmakhan problem with a full-scale response from the automated quarantine system.

NOTE: Don't forget to clear the simulation plans out of the system afterward. If the committee won't be swayed, we don't want it triggered by accident in an emergency protocol or power surge.","Кому: команде управления системами карантина
Тема: запрос на симуляцию

Ввиду роста расходов на замену оборудования бюджетный комитет потребовал оценку потерь. По всей видимости, основной фактор — повреждение дождём сенсоров отбора проб среды, вызванное бурезовом олмахан.

Пока комитет придерживается рекомендации службы безопасности избегать излишнего провоцирования местной фауны. И всё же, думаю, нам стоит провести симуляцию, чтобы проверить, насколько действенно мы можем решить проблему олмахан полномасштабным откликом автоматической системы карантина.ПРИМ

ЕЧАНИЕ: не забудьте после этого удалить планы симуляции из системы. Если комитет не удастся переубедить, мы не хотим, чтобы она случайно сработала при аварийном протоколе или скачке энергии."
"To: Quarantine Systems Management TeamRE: Simulation RequestDue to the uptick in equipment-replacement costs, the budget committee has required an assessment of losses. Apparently a primary factor is rain damage to environment sampling sensors resulting from Olmakhan stormcalling.So far the committee is adhering to security's recommendation that we avoid unnecessarily inciting the local fauna. Still, I think we should run a simulation to test how effectively we can resolve the Olmakhan problem with a full-scale response from the automated quarantine system.NOTE: Don't forget to clear the simulation plans out of the system afterward. If the committee won't be swayed, we don't want it triggered by accident in an emergency protocol or power surge.","Кому: Команда управления карантинной системойТема: Запрос на симуляциюВ связи с ростом расходов на замену оборудования, бюджетный комитет потребовал оценить потери. По-видимому, основным фактором является повреждение датчиков мониторинга окружающей среды дождём, вызванным вызыванием бурь Олмакхан.Пока комитет придерживается рекомендации службы безопасности избегать излишней провокации местной фауны. Тем не менее, я считаю, что нам следует провести симуляцию, чтобы проверить, насколько эффективно мы можем решить проблему Олмакхан с помощью полномасштабного реагирования автоматизированной карантинной системы.ПРИМЕЧАНИЕ: Не забудьте удалить планы симуляции из системы после этого. Если комитет не поддастся убеждению, мы не хотим, чтобы она случайно запустилась из-за аварийного протокола или скачка напряжения."
"To: Tribune Kindleshot

Subject: Acknowledged, Not Actioned

You know that line you don't cross with your imperator? Turn around. There it is.

If I needed you here, I would have sent the orders a week ago. You do not impose yourself on me, and you do not ""insist"" upon your presence. Iron is stretched thin, and I need my best people in the places where they'll do the most good. I acknowledge you want to be here to end Bangar, but I must deny your request for transfer all the same.

This is the front line of a larger war, Tribune. Treachery runs deep throughout the legions, throughout Tyria, and leaving a single opening anywhere will allow Bangar's influence to take root.

Even when I kill Bangar, it won't end the conflict. He showed the charr something they've wanted for a long time: power. No treaties, no alliances—just power, like in the old days.

He told them the world I helped make turned us into weaklings. Into less than charr. I see the argument: one look at Tribune Brimstone and we all see the dangers of what happens when you spend too much time away from the warband.

That's why the real war will only begin after Bangar's gone. We'll execute the traitors who took up arms against us, but there are still so many who will secretly harbor these beliefs, and rooting them out will be harder. Impossible, even.

Stoneglow, Swordshadow, Greetsglory? They think killing Bangar will end the war. You and I both know that won't be enough.

The Dominion respects power, and so they'll only respect us when we've won.

So we can't just sneak in through the backdoor and slit Bangar's throat.

We need to show the Dominion the full might of Iron Legion. They need to see the power they stand against. They need to see the hopelessness of their battle. They need to know, to their very core, that they have lost.

Then, and only then, we will win.

—Smodur","Кому: Трибуну Искрожару

Тема: Принято к сведению, не выполнено

Знаете ту черту, которую нельзя переступать с императором? Повернитесь. Вот она.

Если бы вы были мне нужны здесь, я бы отправил приказ неделю назад. Вы не навязываетесь мне и не «настаиваете» на своем присутствии. Железный легион растянут до предела, и мне нужны мои лучшие люди там, где они принесут наибольшую пользу. Я признаю, что вы хотите быть здесь, чтобы покончить с Бангаром, но я все равно отклоняю ваш запрос на перевод.

Это передовая более крупной войны, трибун. Предательство глубоко проникло в легионы, по всей Тирии, и оставление хотя бы одной бреши где-либо позволит влиянию Бангара пустить корни.

Даже когда я убью Бангара, это не закончит конфликт. Он показал харрам то, чего они давно хотели: власть. Никаких договоров, никаких союзов — только власть, как в старые времена.

Он сказал им, что мир, который я помог создать, превратил нас в слабаков. В нечто меньшее, чем харры. Я вижу этот аргумент: один взгляд на трибуна Жарокамня показывает всем опасности того, что происходит, когда проводишь слишком много времени вдали от ватаги.

Вот почему настоящая война начнется только после того, как Бангар уйдёт. Мы казним предателей, взявшихся за оружие против нас, но останется ещё много тех, кто втайне будет разделять эти убеждения, и искоренить их будет сложнее. Даже невозможно.

Камнесвет, Мечетени, Славопривет? Они думают, что убийство Бангара закончит войну. Мы с вами оба знаем, что этого будет недостаточно.

Доминион уважает силу, и поэтому они будут уважать нас только тогда, когда мы победим.

Так что мы не можем просто пробраться через чёрный ход и перерезать Бангару горло.

Нам нужно показать Доминиону всю мощь Железного легиона. Они должны увидеть силу, которой противостоят. Они должны увидеть безнадежность своей битвы. Они должны знать, в самой глубине души, что они проиграли.

Тогда, и только тогда, мы победим.

— Смодур"
"Today I saw Herbalist Fabrice talking to Aksel. Quite a surprise—I thought the two were still at odds after the whole crab debacle. Seems as though they've made peace.

I heard in passing talk of a new ship crashing ashore. The lot of them seemed suspicious right from the get-go. Seems as though the crashing of their vessel was not just the whipping waves and bountiful beasts!

Two nights past, little Stace asked me about talking fruit! Said she saw a pineapple with two legs just marching about. I told her not to go out after dark, just in case. Ha! Didn't tell her to stop spreading the rumor though—always did love to spin a yarn, myself. A mother can be proud of her gossiping gal!

There is talk of cultists inland. A silly lot, I think. Perhaps I should pay them a visit, see what sort of gossip THEY have, and share it with the other Hullgardeners.","Сегодня я видела, как Травница Фабрис разговаривал с Акселем. Полная неожиданность — я думала, они всё ещё в ссоре после всей этой истории с крабами. Похоже, они помирились.

Я слышала в разговоре о новом корабле, выброшенном на берег. Вся эта компания с самого начала казалась подозрительной. Похоже, крушение их судна было вызвано не только бушующими волнами и полчищами зверей!

Две ночи назад маленькая Стэйс спросила меня о говорящих фруктах! Сказала, что видела ананас на двух ногах, который просто разгуливал. Я сказала ей не выходить после наступления темноты, на всякий случай. Ха! Но не сказала прекращать распускать слухи — я сама всегда любила приврать. Мать может гордиться своей сплетницей-дочкой!

Поговаривают о культистах в глубине материка. По-моему, глупая компания. Может, мне стоит навестить их, посмотреть, какие сплетни есть У НИХ, и поделиться с другими жителями Халлгардена."
"Today I saw Herbalist Fabrice talking to Aksel. Quite a surprise—I thought the two were still at odds after the whole crab debacle. Seems as though they've made peace.I heard in passing talk of a new ship crashing ashore. The lot of them seemed suspicious right from the get-go. Seems as though the crashing of their vessel was not just the whipping waves and bountiful beasts!Two nights past, little Stace asked me about talking fruit! Said she saw a pineapple with two legs just marching about. I told her not to go out after dark, just in case. Ha! Didn't tell her to stop spreading the rumor though—always did love to spin a yarn, myself. A mother can be proud of her gossiping gal!There is talk of cultists inland. A silly lot, I think. Perhaps I should pay them a visit, see what sort of gossip THEY have, and share it with the other Hullgardeners.","Сегодня я видел, как Травник Фабрис разговаривал с Акселем. Большой сюрприз — я думал, они всё ещё в ссоре после всей этой истории с крабами. Похоже, они помирились. Я слышал краем уха о новом корабле, выброшенном на берег. Вся эта компания с самого начала казалась подозрительной. Похоже, крушение их судна было вызвано не только бушующими волнами и свирепыми тварями! Две ночи назад маленькая Стэйс спросила меня о говорящих фруктах! Сказала, что видела ананас на двух ногах, который просто маршировал. Я сказал ей не выходить после наступления темноты, на всякий случай. Ха! Но не сказал ей прекращать распространять слухи — я и сам всегда любил приврать. Мать может гордиться своей сплетницей! Поговаривают о культистах в глубине материка. По-моему, глупый народ. Может, мне стоит навестить их, посмотреть, какие сплетни есть У НИХ, и поделиться с остальными жителями Халлгардена."
"Today Mai brought in another piece of steam tech, as if determined to prove I had misjudged it. Well, I hate to say it, but I misjudged it.

This was no simple turret, this time—but the husk of an automaton. The craftsmanship is incredibly intricate. I never would have imagined something of this complexity could be fashioned from primitive technology. The act of doing so feels almost defiant—surely the inventor behind it must have had access to other options?

I asked Mai for more info about where it came from, but she got very quiet. She's clearly withholding something from me. It's only a matter of time before I find out what. But for now, some of the techniques used in this steam creature could be applied to my next jade mech.

Mai's access to the outside world continues to pay dividends. Maybe it's time I pointed her at bigger problems...","Сегодня Май принесла ещё один образец паровой техники, словно решив доказать, что я недооценил её. Что ж, не хочется признавать, но я действительно недооценил её.

На этот раз это была не простая турель, а корпус автоматона. Мастерство невероятно сложное. Я никогда бы не подумал, что нечто такой сложности можно создать из примитивных технологий. Сам этот акт кажется почти вызывающим — наверняка у изобретателя были другие варианты?

Я спросил Май, откуда это, но она замолчала. Она явно что-то от меня скрывает. Это лишь вопрос времени, когда я узнаю что. Но пока некоторые методы, использованные в этом паровом создании, можно применить в моем следующем нефритовом мехе.

Доступ Май к внешнему миру продолжает приносить дивиденды. Может, пора направить её на более серьёзные проблемы..."
"Today Mai brought in another piece of steam tech, as if determined to prove I had misjudged it. Well, I hate to say it, but I misjudged it.This was no simple turret, this time—but the husk of an automaton. The craftsmanship is incredibly intricate. I never would have imagined something of this complexity could be fashioned from primitive technology. The act of doing so feels almost defiant—surely the inventor behind it must have had access to other options?I asked Mai for more info about where it came from, but she got very quiet. She's clearly withholding something from me. It's only a matter of time before I find out what. But for now, some of the techniques used in this steam creature could be applied to my next jade mech.Mai's access to the outside world continues to pay dividends. Maybe it's time I pointed her at bigger problems...","Сегодня Май принесла ещё один образец паровой техники, словно решив доказать, что я ошибался на её счёт. Что ж, не хочу признавать, но я ошибался. На этот раз это был не простой турель, а остов автоматона. Мастерство невероятно сложное. Я никогда бы не подумал, что нечто такой сложности можно создать из примитивных технологий. Сам этот акт кажется почти вызывающим — должно быть, у изобретателя были другие варианты? Я спросил Май, откуда это, но она замолчала. Она явно что-то от меня скрывает. Это лишь вопрос времени, когда я узнаю, что именно. Но пока некоторые приёмы, использованные в этом паровом создании, можно применить в моём следующем нефритовом мехе. Доступ Май к внешнему миру продолжает приносить плоды. Может, пора направить её на более серьёзные проблемы..."
"Today, heroes of Tyria will clash in the Mists for honor.

Witness the competition here!","Сегодня герои Тирии сойдутся в Туманах ради чести.

Смотрите состязание здесь!"
"Today, the first group of our cohort entered the ascension chamber, one at a time, to perform the trials.

We numbered sixteen when we started out on our pilgrimage, but only twelve of our number entered the portal, leading to the fractal within, where the trials of Divitium Nava are played out.

Candidate Illora was the first of our number to enter and the first to emerge a mere four hours later. None of our cohort had any doubts about her capabilities, and as anticipated, her ascension was celebrated right away. She took her place in the circle of acceptance.

I was not yet ready to test myself. Mentor Sidony nodded in understanding, but I feared that behind his calm expression lay disappointment. Judgment.

How do I tell him that after everything—after making the long trek from the south—still...I feel unworthy.","Сегодня первая группа нашего отряда вошла в камеру вознесения, по одному, чтобы пройти испытания.

Нас было шестнадцать, когда мы начали паломничество, но только двенадцать из нас вошли в портал, ведущий во фрактал, где проходят испытания Дивитиума Нава.

Кандидат Иллора вошла первой из нас и вышла первой всего через четыре часа. Никто из нашего отряда не сомневался в её способностях, и, как и ожидалось, её вознесение было немедленно отпраздновано. Она заняла свое место в кругу принятия.

Я ещё не был готов испытать себя. Наставник Сидони кивнул с пониманием, но я боялся, что за его спокойным выражением скрываются разочарование. Осуждение.

Как мне сказать ему, что после всего — после долгого пути с юга — я всё ещё чувствую себя недостойным."
"Today, the first group of our cohort entered the ascension chamber, one at a time, to perform the trials.We numbered sixteen when we started out on our pilgrimage, but only twelve of our number entered the portal, leading to the fractal within, where the trials of Divitium Nava are played out.Candidate Illora was the first of our number to enter and the first to emerge a mere four hours later. None of our cohort had any doubts about her capabilities, and as anticipated, her ascension was celebrated right away. She took her place in the circle of acceptance.I was not yet ready to test myself. Mentor Sidony nodded in understanding, but I feared that behind his calm expression lay disappointment. Judgment.How do I tell him that after everything—after making the long trek from the south—still...I feel unworthy.","Сегодня первая группа нашего отряда вошла в камеру вознесения, по одному, чтобы пройти испытания. Нас было шестнадцать, когда мы начали паломничество, но только двенадцать из нас вошли в портал, ведущий во фрактал, где проходят испытания Дивитиума Нава. Кандидатка Иллора вошла первой из нас и вышла первой всего через четыре часа. Никто из нашего отряда не сомневался в её способностях, и, как и ожидалось, её вознесение было отпраздновано сразу же. Она заняла своё место в кругу принятия. Я ещё не был готов испытать себя. Наставник Сидони кивнул в знак понимания, но я боялся, что за его спокойным выражением скрывается разочарование. Осуждение. Как мне сказать ему, что после всего — после долгого пути с юга — я всё ещё... чувствую себя недостойным."
Tomorrow I go on my first hunt.,Завтра я отправляюсь на свою первую охоту.
Tova,Това
Trade a Tale of Courage with Priory Historian Elisa. Elisa travels to a different map in the desert each week.,Обменяйте «Сказание о храбрости» у историка Приората Элизы. Элиза каждую неделю путешествует на другую карту в пустыне.
Trade a Tale of Dignity with Priory Historian Elisa. Elisa travels to a different map in the desert each week.,Обменяйте «Сказание о достоинстве» у историка Приората Элизы. Элиза каждую неделю путешествует на другую карту в пустыне.
Trade a Tale of Judgment with Priory Historian Elisa. Elisa travels to a different map in the desert each week.,Обменяйте «Сказание о суде» у историка Приората Элизы. Элиза каждую неделю путешествует на другую карту в пустыне.
Trade a Tale of Loyalty with Priory Historian Elisa. Elisa travels to a different map in the desert each week.,Обменяйте «Сказание о верности» у историка Приората Элизы. Элиза каждую неделю путешествует на другую карту в пустыне.
Trade a Tale of Plenty with Priory Historian Elisa. Elisa travels to a different map in the desert each week.,Обменяйте «Сказание об изобилии» у историка Приората Элизы. Элиза каждую неделю путешествует на другую карту в пустыне.
"Trader Berjas just told me you were able to help our traders. Thank you so much! Trading is so important to the ranch. If we didn't give them the supplies we promised, they would have been pretty upset with us.

Hop by anytime to purchase more springer treats.

—Unja","Торговец Берьяс только что сказал мне, что вы смогли помочь нашим торговцам. Огромное спасибо! Торговля так важна для ранчо. Если бы мы не дали им обещанные припасы, они бы очень рассердились на нас.

Заходите в любое время, чтобы купить ещё угощения для спрингеров.

— Унья"
"Trader's Forum:
The bankers have an eye on this karka.","Торговый форум:
Банкиры присматривают за этой каркой."
"Train this mastery to gain additional effects from Empowered Beehives, Bloodstone-Empowered Beehives, and Mistburned Beehives in Janthir.
<br>• Your warclaw gains a speed boost when interacting with a beehive. If you have the Blazing Speed Mushrooms Mastery trained, the effects and duration are improved.
<br>• Your mounts gain a brief Bond of Vigor effect. If you have the Rising Spirits Mastery trained, the duration is increased. 
<br>• Gain boons when interacting with beehives. If you have the Energy Efficiency Mastery trained, the boon durations are increased.","Обучитесь этому мастерству, чтобы получить дополнительные эффекты от Усиленных ульев, Ульев, усиленных кровавым камнем, и Ульев, опалённых туманом, в Джантире.
<br>• Ваш боевой коготь получает ускорение при взаимодействии с ульем. Если обучено мастерство «Грибы стремительного пламени», эффекты и длительность улучшаются.
<br>• Ваши скакуны получают кратковременный эффект «Узы силы». Если обучено мастерство «Восходящие духи», длительность увеличивается.
<br>• Получайте благословения при взаимодействии с ульями. Если обучено мастерство «Энергоэффективность», длительность благословений увеличивается."
"Train this mastery to gain bonus effects:
<br>• Add new services to the Wizard's Tower to upgrade Obsidian armor or to exchange various map currencies and materials.
<br>• Open arcane chests with ease.
<br>• Provide some protections against Eparch in the Citadel of Zakiros.
<br>• Loot a daily coffer from the Into the Spider's Lair meta-event that contains particularly rare items.","Изучите это мастерство, чтобы получить бонусные эффекты:
<br>• Добавить новые услуги в Башню Чародея для улучшения обсидиановой брони или обмена различных валют и материалов карты.
<br>• Легко открывать тайные сундуки.
<br>• Обеспечить некоторую защиту от Эпарха в Цитадели Закироса.
<br>• Получать ежедневный сундук из мета-события «В логово паука», содержащий особенно редкие предметы."
Trained Skelk,Дрессированный скелк
"Transcribed from the Warden:  

Please deliver to Camp Leader Wihlford. Kryptis push in Amnytas growing more severe; we've lost two bastions. Will be unable to send more support until line is held. Permission to break protocol with extreme caution. Avoid cities, stay rural.","Расшифровано от Стража:

Пожалуйста, доставьте лидеру лагеря Уилфорду. Криптис наступает в Амнитасе всё сильнее; мы потеряли два бастиона. Не сможем отправить подкрепление, пока линия не удержана. Разрешение на нарушение протокола с крайней осторожностью. Избегайте городов, держитесь сельской местности."
"Tribune Brimstone and I have commissioned two soldiers to act as city heralds. They're positioned near the Plains of Ashford exit and the Lion's Arch asura gate, and are knowledgeable about worldwide events of interest to the charr nation. If you're traveling outside of the Citadel, Lion's Arch has also hired heralds. Stay informed and speak with them regularly.

—Imperator Smodur","Трибун Жарокамень и я поручили двум солдатам выступать в роли городских глашатаев. Они находятся возле выхода на Равнины Эшфорда и асурских врат в Львиной Арке и осведомлены о мировых событиях, интересующих нацию чарров. Если вы путешествуете за пределами Цитадели, в Львиной Арке также наняты глашатаи. Будьте в курсе событий и регулярно общайтесь с ними.

—Император Смодур"
"Tribune Brimstone came by the tent to utilize our long-range comms devices a few afternoons ago. He tried for a moment or two, but he quickly erupted into growls of frustration—that charr has zero patience for technology. Snarled until I stood from my post to help—and by help, I just didn't want him to break anything—but this only seemed to irritate him further. I offered to take over the task for the sake of our equipment and my escalating blood pressure. He quickly surrendered.      
  
He was attempting to reach Rata Sum and the Black Citadel. I was hopeful for the former, but after a few promising signals, nothing. Attempting to reach the latter was optimistic at best.    
  
Rytlock muttered something about the ""curse"" on Isgarren before storming off to tend to more ""important"" matters. Could be, but I also wouldn't be surprised if the Inquest have managed to stifle any outgoing signals. Under these circumstances, all I can do is hypothesize.  
  
For now, we remain in the dark.","Пару дней назад трибун Жарокамень зашёл в палатку, чтобы воспользоваться нашим оборудованием дальней связи. Он пытался пару минут, но быстро разразился рычанием от разочарования — у этого чарра совершенно нет терпения к технологиям. Рычал, пока я не встал со своего поста, чтобы помочь — и под помощью я подразумеваю, что просто не хотел, чтобы он что-то сломал — но это, казалось, только ещё больше его разозлило. Я предложил взять задачу на себя ради сохранности оборудования и своего повышающегося кровяного давления. Он быстро сдался.      
  
Он пытался связаться с Ратой Сум и Чёрной Цитаделью. Я надеялся на первое, но после нескольких многообещающих сигналов — ничего. Попытка связаться со вторым была оптимистичной в лучшем случае.    
  
Ритлок пробормотал что-то о ""проклятии"" Исгаррена, прежде чем умчаться заниматься более ""важными"" делами. Может быть, но я также не удивлюсь, если Инквест удалось заглушить любые исходящие сигналы. В этих обстоятельствах я могу только строить гипотезы.  
  
Пока что мы остаёмся в неведении."
Tribuno Rytlock Brimstone,Трибун Ритлок Жарокамень
"Tried to make contact with Crecia and the councillor. No good. Communication off the island is shaky at best. The second I thought I got someone, it immediately disconnected.   
  
Could be interference from our little ""curse"" problem.","Пытался связаться с Крецией и советником. Безуспешно. Связь с островом крайне нестабильна. Как только я подумал, что дозвонился, сразу же оборвалось.   
  
Возможно, помехи от нашей маленькой проблемы с «проклятием»."
Tunnels blocked,Туннели заблокированы
"Twinspur Haven is safe and open for travelers, thanks to your efforts on our behalf. You will always have a warm welcome here.
 
—Sheriff Padra","Убежище Двойного Шипа безопасно и открыто для путешественников благодаря вашим усилиям ради нас. Вас здесь всегда ждет тёплый приём.
 
—Шериф Падра"
Twoloop Friendship Bracelet[s],[Браслет|Браслета|Браслетов] дружбы «Двойная петля»
"Type message here.

Type message here. You may only send messages to mutual friends. Upgrade your account with a Guild Wars 2 expansion to send mail to anyone.","Введите сообщение здесь.

Введите сообщение здесь. Вы можете отправлять сообщения только взаимным друзьям. Обновите свою учётную запись с дополнением Guild Wars 2, чтобы отправлять почту кому угодно."
"Tyria is beset on all sides by dangers, and war with this Eparch that Isgarren spoke of feels like it is fast approaching. But I maintain my belief that there will come a time when Tyria will be able to engage productively with those who dwell outside of it, where there will be potential allies instead of certain enemies.
Isgarren resists this for now, but that is to be expected; his inability to be easily swayed is why he leads us. Why he must lead us. ""One must raise their shield first, and their hand in friendship only afterward,"" he says, and he is right. I never could argue with him for long.
But someday, it will be time to extend our hands instead. And if I am gone when that day comes, I hope the lessons in this tome will be of use to him in my place.","Тирия окружена опасностями со всех сторон, и война с этим Эпархом, о котором говорил Исгаррен, кажется, приближается. Но я сохраняю веру в то, что наступит время, когда Тирия сможет продуктивно взаимодействовать с теми, кто живёт за её пределами, когда вместо верных врагов появятся потенциальные союзники.
Исгаррен пока сопротивляется этому, но это ожидаемо; его неспособность легко поддаваться влиянию — вот почему он ведёт нас. Почему он должен вести нас. «Сначала нужно поднять щит, и лишь затем протянуть руку дружбы», — говорит он, и он прав. Я никогда не могла долго с ним спорить.
Но когда-нибудь придёт время вместо этого протянуть руки. И если меня не будет, когда этот день настанет, я надеюсь, что уроки из этого фолианта пригодятся ему вместо меня."
"Tyria is beset on all sides by dangers, and war with this Eparch that Isgarren spoke of feels like it is fast approaching. But I maintain my belief that there will come a time when Tyria will be able to engage productively with those who dwell outside of it, where there will be potential allies instead of certain enemies.Isgarren resists this for now, but that is to be expected; his inability to be easily swayed is why he leads us. Why he must lead us. ""One must raise their shield first, and their hand in friendship only afterward,"" he says, and he is right. I never could argue with him for long.But someday, it will be time to extend our hands instead. And if I am gone when that day comes, I hope the lessons in this tome will be of use to him in my place.","Тирия окружена опасностями со всех сторон, и война с этим Эпархом, о котором говорил Исгаррен, кажется, приближается. Но я сохраняю веру в то, что настанет время, когда Тирия сможет продуктивно взаимодействовать с теми, кто обитает за её пределами, где будут потенциальные союзники вместо неизбежных врагов. Исгаррен пока сопротивляется этому, но это ожидаемо; его неспособность легко поддаваться влиянию — вот почему он ведёт нас. Почему он должен вести нас. «Сначала нужно поднять щит, и только потом протянуть руку дружбы», — говорит он, и он прав. Я никогда не мог долго с ним спорить. Но когда-нибудь придёт время протянуть руки вместо этого. И если меня не станет к тому дню, я надеюсь, что уроки из этого фолианта пригодятся ему вместо меня."
"Tyria's number-one trading company has an immediate need for basic goods and materials to help support the renowned Black Lion Hunters and Expedition teams in bringing our clients quality goods of all kinds. Various exclusive Black Lion goods are being offered in exchange to interested entrepreneurs.

This opportunity won't last long, so check with the Black Lion Requisition Officers stationed near Black Lion Traders in every major city to join in or for more information.

—The Black Lion Trading Company","Ведущая торговая компания Тирии срочно нуждается в базовых товарах и материалах для поддержки знаменитых команд охотников и экспедиций «Чёрного льва» в предоставлении нашим клиентам качественных товаров всех видов. Взамен заинтересованным предпринимателям предлагаются различные эксклюзивные товары «Чёрного льва».

Эта возможность будет доступна недолго, поэтому обращайтесь к офицерам по снабжению «Чёрного льва», которые находятся рядом с торговцами «Чёрного льва» в каждом крупном городе, чтобы присоединиться или получить дополнительную информацию.

— Торговая компания «Чёрный лев»"
T䡨ritwanWe art 瑧teningn癧?Thoap.✠ have beed henine in the扩a wave noe f獯me,Тритван Мы есть угрожающий? Тоап.✠ были скрыты в области волна ное ф меня
"Uenno asked if I needed a ride to wherever I was headed, and I agreed to go with her. I don't usually do spontaneous these days, but...I don't have anywhere better to be, do I? We stopped in Garenhoff first so she could meet with an old friend. I sat at the pier and watched the Wizard's Tower while I waited. What a marvel... Heh, I wonder what the gimmick is.  

When Uenno finished lunch, we sat there for a while and talked.  

She used to be a professor in the colleges, but she left after years and years of frustration with the system. Students set up for failure, refusal to grow or expand (sound familiar...?). She's lived along the outskirts of Divinity's Reach for some time, teaching statics to the locals. Anything to get technology in more hands. Humans are terrible at math.  

I like her. She doesn't remind me of Rata Sum. While there's plenty to miss, it...it just wasn't the same after Maguuma. I'm not the same after Maguuma.","Уэнно спросила, не нужно ли меня подвезти, куда бы я ни направлялся, и я согласился поехать с ней. Обычно я не действую спонтанно в последнее время, но... мне всё равно некуда деваться, верно? Сначала мы остановились в Гаринхофе, чтобы она могла встретиться со старым другом. Я сидел на пирсе и смотрел на Башню Чародея, пока ждал. Вот это чудо... Хех, интересно, в чём тут секрет.

Когда Уэнно закончила обедать, мы ещё посидели и поговорили.

Раньше она была профессором в колледжах, но ушла после долгих лет разочарования в системе. Студентов обрекают на неудачу, отказываются расти и развиваться (знакомо?..). Она уже некоторое время живёт на окраинах Божественного Перевала, обучая местных статике. Лишь бы технологии попали в больше рук. Люди ужасны в математике.

Она мне нравится. Она не напоминает мне о Рата Суме. Хотя многого не хватает, это... это было уже не то после Магуумы. Я сам уже не тот после Магуумы."
"Uenno asked if I needed a ride to wherever I was headed, and I agreed to go with her. I don't usually do spontaneous these days, but...I don't have anywhere better to be, do I? We stopped in Garenhoff first so she could meet with an old friend. I sat at the pier and watched the Wizard's Tower while I waited. What a marvel... Heh, I wonder what the gimmick is.  When Uenno finished lunch, we sat there for a while and talked.  She used to be a professor in the colleges, but she left after years and years of frustration with the system. Students set up for failure, refusal to grow or expand (sound familiar...?). She's lived along the outskirts of Divinity's Reach for some time, teaching statics to the locals. Anything to get technology in more hands. Humans are terrible at math.  I like her. She doesn't remind me of Rata Sum. While there's plenty to miss, it...it just wasn't the same after Maguuma. I'm not the same after Maguuma.","Уэнно спросила, не нужна ли мне попутка, и я согласилась поехать с ней. Я не часто действую спонтанно в наши дни, но... мне всё равно некуда деваться, верно? Мы сначала остановились в Гаринхофе, чтобы она встретилась со старым другом. Я сидела на пирсе и ждала, глядя на Башню Чародея. Что за чудо... Хех, интересно, в чём подвох. Когда Уэнно закончила обедать, мы ещё немного посидели и поговорили. Раньше она была профессором в колледжах, но ушла после долгих лет разочарования в системе. Студенты обречены на провал, нежелание расти или расширяться (знакомо?..). Она какое-то время жила на окраинах Оплота Божества, обучая местных статике. Всё, чтобы технологии попали в большее количество рук. Люди ужасны в математике. Она мне нравится. Она не напоминает мне Рата Сам. Хотя по многому скучаю, это... это было уже не то после Магуумы. Я уже не та после Магуумы."
"Uenno...she... Okay, Zojja, let's back up.  

Uenno and I decided to stay in the citadel for a few nights after we cleaned shop in the southern Shiverpeaks. Rytlock is with the others in Amnoon, apparently, so no chance of crossing paths. Uenno told me that she needed to meet with another ""friend,"" which was starting to feel a bit suspect every other village... So I followed her. Maaaybe an invasion of privacy, but... I don't know how to feel about what happened yet.  

They met just outside of Smokestead. He looked human from a distance, but I suddenly felt  a pinch behind my left ear and sick to my stomach. Whatever spell he was using to conceal his identity was strong. The briefest flash of light, and then...a mursaat. A living mursaat. I...I'd heard about what happened with Lazarus from a Pact engineer in Lion's Arch, but...here...? I was ready to attack when he noticed my position. I tried to run, but my legs went numb.  
 
Uenno urged me to remain calm and went straight into a lecture on personal security (I don't know if it was for me or her). The mursaat hovered nearby and watched. Was he anxious...? He gently put a hand on Uenno's shoulder and pushed her aside. He knelt by me and mumbled something I couldn't make out—it didn't sound like any native tongue I'm familiar with. I could feel my legs again, though. My weapon was just out of reach, but his voice was...kind. He gave me his name and assured my safety. He already knew who I was, and he seemed honored to meet me.","Уэнно... она... Ладно, Зойя, давай вернёмся назад.

Мы с Уэнно решили остаться в цитадели на несколько ночей после того, как прибрались в южных Шиверпиках. Райтлок, судя по всему, с остальными в Амнуне, так что шанса пересечься нет. Уэнно сказала мне, что ей нужно встретиться с очередным «другом», что начало казаться подозрительным через каждую вторую деревню... Поэтому я проследил за ней. Может быть, это вторжение в личное пространство, но... Я пока не знаю, как отношусь к тому, что произошло.

Они встретились прямо за Смоукстедом. Издалека он выглядел как человек, но я внезапно почувствовал укол за левым ухом и тошноту. Заклинание, которое он использовал, чтобы скрыть свою личность, было сильным. Мелькнула вспышка света, а затем... мурсаат. Живой мурсаат. Я... я слышал о том, что случилось с Лазарусом, от инженера из Пакта в Львиной Арке, но здесь?.. Я уже был готов атаковать, когда он заметил моё положение. Я попытался убежать, но ноги онемели.

Уэнно призвала меня сохранять спокойствие и сразу перешла к лекции о личной безопасности (не знаю, для меня или для себя). Мурсаат парил рядом и наблюдал. Он был взволнован?.. Он мягко положил руку на плечо Уэнно и отодвинул её в сторону. Он опустился рядом со мной на колени и пробормотал что-то, чего я не мог разобрать — это не было похоже ни на один знакомый мне язык. Однако я снова почувствовал свои ноги. Моё оружие было в недосягаемости, но его голос был... добрым. Он назвал своё имя и заверил меня в моей безопасности. Он уже знал, кто я, и, казалось, был польщён встречей."
"Ulrich and Judge are staring at me right now. It's like they can't look away. I can tell they're disappointed in me. ""Poor Tatyanna, with her untamed hair and chewed nails and her whispering and her breathing and hunger. Look at her ribs and her eyes and the dirt on her clothes. Look at her wither and rot."" Ha! Their eyes are filled with thoughts and resentment, but I do not care. It's fine, because I found six rocks and lined them all up in a row. Six days until he saves us...until he rewards MY devotion. I think I will eat one each day to show him that I am ready—to ground my body to this place. I don't need food or Ulrich or Judge to keep me alive.  
  
I heard Ulrich call me ""delicate"" behind my back—they forget that I have ears and that I listen. But it is they who are ignorant. It is not Saul or Caudecus who guides us here. They were simply conduits to a greater plan. And I am now his vassal. I will be welcomed into his arms first and all will be well. It'll be warm and there will be enough food to live on for the rest of my life. I will see my sister and brother, and Ulrich and Judge will stop staring at me. I will be the last happy one.","Ульрих и Судья сейчас пялятся на меня. Они будто не могут отвести взгляд. Я вижу, что они разочарованы во мне. «Бедная Татьянна, с её непослушными волосами, обкусанными ногтями, её шёпотом, дыханием и голодом. Посмотрите на её рёбра и глаза, на грязь на её одежде. Посмотрите, как она чахнет и гниёт». Ха! Их глаза полны мыслей и негодования, но мне всё равно. Всё в порядке, потому что я нашла шесть камней и выложила их в ряд. Шесть дней до того, как он спасёт нас... пока он не вознаградит МОЮ преданность. Думаю, я буду съедать по одному каждый день, чтобы показать ему, что я готова — чтобы привязать себя к этому месту. Мне не нужна еда, Ульрих или Судья, чтобы оставаться в живых.

Я слышала, как Ульрих назвал меня «хрупкой» за моей спиной — они забывают, что у меня есть уши и я слушаю. Но это они невежественны. Не Саул и не Кодекус ведут нас здесь. Они были лишь проводниками к великому замыслу. И теперь я его вассал. Меня первой встретят в его объятиях, и всё будет хорошо. Будет тепло, и еды хватит на всю оставшуюся жизнь. Я увижу свою сестру и брата, а Ульрих и Судья перестанут на меня пялиться. Я буду последней счастливицей."
"Unfortunately, I can't say we've won the day and driven the centaurs back, but thanks to you, I can say we've gained ground and confidence moving forward. Something has changed in the troops since you showed we could stand against the Overlord and his camp. For the first time in a while, there seems to be hope of success. 

Thank you. 

—Tripp, Seraph Soldier","К сожалению, я не могу сказать, что мы одержали победу и отбросили кентавров, но благодаря вам я могу сказать, что мы продвинулись вперёд и обрели уверенность. Что-то изменилось в войсках с тех пор, как вы показали, что мы можем противостоять Повелителю и его лагерю. Впервые за долгое время появилась надежда на успех. 

Спасибо. 

—Трипп, серафимский солдат"
"Unstable walls are immune to all damage except warclaw chain pulls.

Attach a chain to the wall, then move backwards to tug at the wall and deal damage.","Нестабильные стены невосприимчивы ко всякому урону, кроме цепных рывков варклоу.

Прицепите цепь к стене, затем двигайтесь назад, чтобы дёрнуть стену и нанести урон."
Untitled Volume: Found in the hidden room.,Том без названия: Найден в скрытой комнате.
"Up to 75%% Off Expansions<br>
*Sale not available on all platforms.","Скидка до 75%% на дополнения<br>
*Акция действует не на всех платформах."
"Update from command. Vigil troops have finally joined the battle. They're advancing on the dredge-Flame Legion army, attempting to drive them back and secure citizen ranches. It's been rough—turns out the louts are storing weapons caches around Wayfarer Foothills and Diessa Plateau, and are now taking prisoners. I want you out there, soldier. Mash 'em up good.

—Rytlock","Сводка от командования. Войска Дозора наконец вступили в бой. Они наступают на армию дреджей и Легиона Пламени, стараясь отбросить её и защитить ранчо мирных жителей. Пришлось туго: выяснилось, что эти олухи держат склады оружия по всем Предгорьям Странника и Плато Дьесса, а теперь ещё и берут пленных. Хочу видеть тебя там, солдат. Раскатай их как следует.

—Ритлок"
"Upgrade your Guild Wars 2: End of Dragons edition to Digital Deluxe and receive the following in-game items:
• Additional Character Slot
• Identity Repair Kit
• Shing Jea Dragon Boat Skin
• Canthan Raptor Skin

Items will be delivered next time you log in.","Улучшите своё издание Guild Wars 2: End of Dragons до Digital Deluxe и получите следующие внутриигровые предметы:
• Дополнительную ячейку персонажа
• Набор для смены личности
• Облик «Драконья лодка Шинг Джи»
• Облик «Кантанский раптор»

Предметы будут выданы при следующем входе."
"Upgrade your Guild Wars 2: Heart of Thorns edition to Digital Deluxe and receive the following in-game items:
• Additional Character Slot
• Heart of Thorns Glider Skin
• Mini Revenant Rytlock
• Revenant Finisher for PvP and WvW
• Mordremoth's Bane Guild Decoration

Items will be delivered to you at your next log-in.","Улучшите своё издание Guild Wars 2: Heart of Thorns до Digital Deluxe и получите следующие внутриигровые предметы:
• Дополнительную ячейку персонажа
• Облик планера Heart of Thorns
• Мини-ревенанта Ритлока
• Финишёр ревенанта для PvP и WvW
• Гильдейское украшение «Погибель Мордремота»

Предметы будут выданы вам при следующем входе."
"Upgrade your Guild Wars 2: Path of Fire edition to Digital Deluxe and receive the following in-game items:
• Additional Character Slot
• Identity Repair Kit
• Sunspear Outfit
• VIP Area in Amnoon

Items will be delivered to you at your next log-in.","Улучшите своё издание Guild Wars 2: Path of Fire до Digital Deluxe и получите следующие внутриигровые предметы:
• Дополнительную ячейку персонажа
• Набор для смены личности
• Наряд «Солнечное Копьё»
• VIP-зону в Амнуне

Предметы будут выданы вам при следующем входе."
"Upgrade your Guild Wars 2: Secrets of the Obscure edition to Digital Deluxe and receive the following in-game items:
• Additional Character Slot
• Identity Repair Kit
• ""/Magic Juggle"" Emote Tome
• Astral Ward Feathered Raptor Skin

Items will be delivered next time you log in.","Улучшите своё издание Guild Wars 2: Secrets of the Obscure до Digital Deluxe и получите следующие внутриигровые предметы:
• Дополнительную ячейку персонажа
• Набор для смены личности
• Том эмоции «/Magic Juggle»
• Облик «Пернатый раптор Астральной стражи»

Предметы будут выданы при следующем входе."
"Upgrade your Guild Wars 2: Visions of Eternity edition to Digital Deluxe and receive the following in-game items:
• Additional Character Slot
• Identity Repair Kit
• Fairy Dust Gathering Tools
• Castoran Tentacled Skimmer Skin

Items will be delivered next time you log in.","Улучшите своё издание Guild Wars 2: Visions of Eternity до Digital Deluxe и получите следующие внутриигровые предметы:
• Дополнительную ячейку персонажа
• Набор для смены личности
• Инструменты сбора «Волшебная пыльца»
• Облик «Касторский щупальцевый скиммер»

Предметы будут выданы при следующем входе."
"Upgrade your account to Digital Deluxe and receive:
—five Guild Commendations
—a one-time PvP rank-point bonus
—a two-week Banker Golem
—a Mini Rytlock
—the Mistfire Wolf elite skill
—all the items from Guild Wars 2 Heroic Edition

These items will be delivered to you the next time you log in to Guild Wars 2.","Улучшите учётную запись до Digital Deluxe и получите:
—пять гильдейских благодарностей
—единоразовый бонус очков ранга PvP
—голема-банкира на две недели
—мини-Ритлока
—элитное умение «Волк Туманного Огня»
—все предметы из Guild Wars 2 Heroic Edition

Эти предметы будут выданы вам при следующем входе в Guild Wars 2."
"Upgrade your account to Digital Deluxe and receive:
• A Zodiac Armor Skin
• A Mini Mr. Sparkles
• A Lighting Catcher Back Skin
• The Summon Mistfire Wolf Elite Skill

Items will be delivered to you the next time you log in. You can purchase one of these upgrades per account.","Улучшите учётную запись до Digital Deluxe и получите:
• Облик брони «Зодиак»
• Мини-Господина Искорку
• Наспинный облик «Ловец молний»
• Элитное умение «Призыв волка Туманного Огня»

Предметы будут выданы при следующем входе. На одну учётную запись можно купить лишь одно такое улучшение."
"Upon logging in, you will see that the Skills and Traits section of your Hero panel is now gone. In replacement of this, we have added an entirely new Build tab which allows you to view all of your skills and traits in one convenient location. As well, you will notice in the Build tab that there are three slots with grayed-out backgrounds—these are your Specialization slots.

""What are Specializations?"" Instead of choosing traits across varying trait lines, you can now select up to three different Specializations depending on your level. Each Specialization offers a variety of traits for you to choose from, which give you passive abilities that enhance the way you play. By default, you are given access to a base set of Specializations known as Core Specializations, which you can equip by clicking on the left-hand arrow of a Specialization slot.

""Where did my skills go?"" Excluding racial skills, all nonweapon (heal, utility, and elite) skills that appear on the right half of your skill bar are now locked inside the new Training tab. To unlock these skills, open up your Hero Panel and go to the Training tab, then select a track under Core Skills or Core Specializations. In order to train, you will need to spend Hero Points (previously Skill Points) in a selected track. Hero Points are earned by leveling up or by completing Hero Challenges (previously Skill Challenges) throughout the world.

""Can I spend my Hero Points on Mystic Forge items?"" As part of this change, we are limiting the use of Hero Points to just training skills and traits—you will no longer be able use Hero Points (previously Skill Points) to buy items from Miyani at the Mystic Forge. Miyani now takes a new currency called Spirit Shards. Any excess Skill Points you had previously accumulated have now been converted into Spirit Shards and added to your wallet. Scrolls of Knowledge have also been converted into Spirit Shards. Moving forward, this new currency can be acquired through Daily Achievements, Champion Loot Bags, PvP Reward Tracks, Birthday gifts, and once you hit level 80, from Tomes of Knowledge and regular drops from creatures.

Still have questions? Make sure to check out the official Guild Wars 2 forums here: https://forum-en.guildwars2.com/forum
 
—ArenaNet Staff","Войдя в игру, вы увидите, что раздела «Умения и черты» на панели героя больше нет. Взамен мы добавили полностью новую вкладку «Сборка», где все ваши умения и черты можно просматривать в одном удобном месте. Кроме того, на вкладке «Сборка» вы заметите три ячейки с затемнённым фоном — это ячейки специализаций.

«Что такое специализации?» Вместо выбора черт по разным линиям черт вы теперь можете выбрать до трёх различных специализаций в зависимости от уровня. Каждая специализация предлагает на выбор набор черт, дающих пассивные способности, которые усиливают ваш стиль игры. По умолчанию вам доступен базовый набор специализаций — так называемые основные специализации; экипировать их можно, нажав на стрелку слева от ячейки специализации.

«Куда делись мои умения?» За исключением расовых умений, все неоружейные умения (лечащее, вспомогательные и элитное), отображаемые в правой половине панели умений, теперь заперты в новой вкладке «Обучение». Чтобы разблокировать их, откройте панель героя, перейдите на вкладку «Обучение» и выберите ветку в «Основных умениях» или «Основных специализациях». Для обучения потребуется тратить очки героя (прежде — очки умений) в выбранной ветке. Очки героя зарабатываются повышением уровня и прохождением испытаний героя (прежде — испытаний умений) по всему миру.

«Могу ли я тратить очки героя на предметы Мистической кузницы?» В рамках этого изменения мы ограничиваем применение очков героя только обучением умениям и чертам: вы больше не сможете покупать за очки героя (прежде — очки умений) предметы у Miyani в Мистической кузнице. Miyani теперь принимает новую валюту — осколки духа. Все избыточные очки умений, накопленные вами ранее, уже преобразованы в осколки духа и добавлены в ваш кошелёк. Свитки знаний также преобразованы в осколки духа. Впредь эту новую валюту можно получать за ежедневные достижения, из мешков с добычей чемпионов, за наградные треки PvP, из подарков на день рождения, а по достижении 80-го уровня — из томов знаний и обычной добычи с существ.

Остались вопросы? Загляните на официальные форумы Guild Wars 2: https://forum-en.guildwars2.com/forum

—Команда ArenaNet"
"Upon your return to Tyria, you will have many memories of your work in the Fractals of the Mists. This is normal and expected, but reflect on your experiences with caution. 

Consider the following advice from seasoned veterans:
- The inhabitants of any fractal you have visited will not be the same if you visit that fractal a second time, and their memories of you will not persist.
- Information you learn in a fractal is not guaranteed to be true. In fact, it is best to assume that it isn't.
- Think of your fractal adventures as memories of a dream, not memories of reality.","По возвращении в Тирию у вас останется множество воспоминаний о работе во Фракталах Туманов. Это нормально и ожидаемо, но осмысляйте пережитое с осторожностью.

Учтите следующие советы бывалых:
— Обитатели любого посещённого вами фрактала не будут теми же, если вы придёте туда снова, и их воспоминания о вас не сохранятся.
— Сведения, полученные во фрактале, не обязательно истинны. Более того, лучше исходить из того, что они ложны.
— Считайте свои приключения во фракталах воспоминаниями о сне, а не о яви."
Urgulp Friendship Bracelet[s],[Браслет|Браслета|Браслетов] дружбы «Ургульп»
"Usable by any character, these items will help you blend in with the White Mantle. This pack is valued at 2675 gems.

Appearance skins override the look of your equipment and have no stats of their own.","Эти предметы, доступные любому персонажу, помогут вам сойти за своего среди Белой Мантии. Набор оценивается в 2675 самоцветов.

Облики внешности перекрывают вид вашего снаряжения и не имеют собственных характеристик."
"Usable by any character, these items will help you blend in with the White Mantle. This package is valued at 7594 gems.

Appearance skins override the look of your equipment and have no stats of their own.","Эти предметы, доступные любому персонажу, помогут вам сойти за своего среди Белой Мантии. Набор оценивается в 7594 самоцвета.

Облики внешности перекрывают вид вашего снаряжения и не имеют собственных характеристик."
"Usable by any character, this pack combines several popular upgrades for the aspiring craftsman.

Valued at 2,650 gems.","Доступный любому персонажу, этот набор объединяет несколько популярных улучшений для начинающего ремесленника.

Оценивается в 2650 самоцветов."
"Usable by any character, this pack combines several popular upgrades for the aspiring craftsman.

Valued at 5,140 gems.","Доступный любому персонажу, этот набор объединяет несколько популярных улучшений для начинающего ремесленника.

Оценивается в 5140 самоцветов."
"Usable by any character, this pack comes with everything you need to assault the jungle in style.

Appearance skins override the look of your equipment and have no stats of their own.","Доступный любому персонажу, этот набор содержит всё нужное, чтобы штурмовать джунгли со вкусом.

Облики внешности перекрывают вид вашего снаряжения и не имеют собственных характеристик."
"Usable by any character, this pack comes with everything you need to assume the terrifying form of the ancient Mursaat.

Appearance skins override the look of your equipment and have no stats of their own.","Доступный любому персонажу, этот набор содержит всё нужное, чтобы принять устрашающий облик древних Мурсаат.

Облики внешности перекрывают вид вашего снаряжения и не имеют собственных характеристик."
"Usable by any character, this pack comes with everything you need to assume the terrifying form of the ancient mursaat.

Appearance skins override the look of your equipment and have no stats of their own.","Доступный любому персонажу, этот набор содержит всё нужное, чтобы принять устрашающий облик древних мурсаат.

Облики внешности перекрывают вид вашего снаряжения и не имеют собственных характеристик."
"Usable by any character, this pack comes with everything you need to celebrate winter in style.

Appearance skins override the look of your equipment and have no stats of their own.","Доступный любому персонажу, этот набор содержит всё нужное, чтобы встретить зиму со вкусом.

Облики внешности перекрывают вид вашего снаряжения и не имеют собственных характеристик."
"Usable by any character, this pack comes with everything you need to maintain a covert profile. Valued at 2975 gems.

Appearance skins override the look of your equipment and have no stats of their own.","Доступный любому персонажу, этот набор содержит всё нужное, чтобы оставаться незаметным. Оценивается в 2975 самоцветов.

Облики внешности перекрывают вид вашего снаряжения и не имеют собственных характеристик."
"Usable by any character, this pack comes with everything you need to sail the seas in style.

Appearance skins override the look of your equipment and have no stats of their own.","Доступный любому персонажу, этот набор содержит всё нужное, чтобы бороздить моря со вкусом.

Облики внешности перекрывают вид вашего снаряжения и не имеют собственных характеристик."
"Usable by any character, this pack comes with everything you need to take the wild frontier by storm.

Appearance skins override the look of your equipment and have no stats of their own.","Доступный любому персонажу, этот набор содержит всё нужное, чтобы покорить дикий фронтир.

Облики внешности перекрывают вид вашего снаряжения и не имеют собственных характеристик."
"Usable by any character, this pack contains maximum value delivered in an ironclad shell. This package is valued at 7594 gems. 

Appearance skins override the look of your equipment and have no stats of their own.","Доступный любому персонажу, этот набор даёт наивысшую ценность в бронированной оболочке. Набор оценивается в 7594 самоцвета.

Облики внешности перекрывают вид вашего снаряжения и не имеют собственных характеристик."
"Usable by any character, this pack has a 2,650 gem value.

Appearance skins override the look of your equipment and have no stats of their own.","Доступный любому персонажу, этот набор оценивается в 2650 самоцветов.

Облики внешности перекрывают вид вашего снаряжения и не имеют собственных характеристик."
"Usable by any character, this pack has a value of 2,525 gems.

Appearance skins override the look of your equipment and have no stats of their own.","Доступный любому персонажу, этот набор оценивается в 2525 самоцветов.

Облики внешности перекрывают вид вашего снаряжения и не имеют собственных характеристик."
"Usable by any character, this pack is valued at 1,850 gems.

Appearance skins override the look of your equipment and have no stats of their own.","Доступный любому персонажу, этот набор оценивается в 1850 самоцветов.

Облики внешности перекрывают вид вашего снаряжения и не имеют собственных характеристик."
"Usable by any character, this pack is valued at 2675 gems.

Appearance skins override the look of your equipment and have no stats of their own.","Доступный любому персонажу, этот набор оценивается в 2675 самоцветов.

Облики внешности перекрывают вид вашего снаряжения и не имеют собственных характеристик."
"Usable by any character, this pack is valued at 4,000 gems.

Appearance skins override the look of your equipment and have no stats of their own.","Доступный любому персонажу, этот набор оценивается в 4000 самоцветов.

Облики внешности перекрывают вид вашего снаряжения и не имеют собственных характеристик."
"Usable by any character, this pack is valued at 5,604 gems.

Appearance skins override the look of your equipment and have no stats of their own.","Доступный любому персонажу, этот набор оценивается в 5604 самоцвета.

Облики внешности перекрывают вид вашего снаряжения и не имеют собственных характеристик."
"Usable by any character, this pack is valued at 8,468 gems.

Appearance skins override the look of your equipment and have no stats of their own.","Доступный любому персонажу, этот набор оценивается в 8468 самоцветов.

Облики внешности перекрывают вид вашего снаряжения и не имеют собственных характеристик."
"Usage: /.run speed.
 Speeds are 50 to 500 in/s, enter 0 for default.","Использование: /.run speed.
Скорость от 50 до 500 дюйм/с, введите 0 для значения по умолчанию."
"Usage: /.setappearance type value.
Type can be Ears, Face, Beard, HairColor, HairStyle, Race, Scale, Sex, SkinColor, SkinPattern, SkinPatternColor.","Использование: /.setappearance type value.
Type может быть Ears, Face, Beard, HairColor, HairStyle, Race, Scale, Sex, SkinColor, SkinPattern, SkinPatternColor."
Use boulders to block off the skritt tunnels.,"Используйте валуны, чтобы заблокировать туннели скриттов."
"Use the Tassi box to investigate potential suspects.

Primary suspects investigated:","Используйте короб Тасси, чтобы проверить возможных подозреваемых.

Проверено главных подозреваемых:"
"Use the Tassi box to rescan dismissed suspects.

Suspects scanned:","Используйте короб Тасси, чтобы пересканировать отсеянных подозреваемых.

Просканировано подозреваемых:"
Use the prisms to empower Aurene.,"Используйте призмы, чтобы усилить Аурене."
"Use the recalibrated Tassi box to scan the untested suspects.

Suspects scanned:","Используйте перекалиброванный короб Тасси, чтобы просканировать непроверенных подозреваемых.

Просканировано подозреваемых:"
"Use this to sign your account up for weekly End of Dragons Launch Supply Drops. Receive the first drop immediately and three more between now and March 21.<br><br>First Drop:<br>A Red Crane Weapon Choice, 5 Black Lion Chest Keys, a Golden Black Lion Chest Key, and 5 <REDACTED> Dye Kits.<br>Second Drop:<br>A Black Lion Backpack and Glider Combo Voucher, an End of Dragons Expedition Board, and 2 Heroic Boosters.<br>Third Drop:<br>A Black Lion Outfit Voucher, a Black Lion Weapon Voucher, 2 Fine Black Lion Dye Canisters—Blue, 2 Fine Black Lion Dye Canisters—Green, 2 Fine Black Lion Dye Canisters—Red, and 2 Fine Black Lion Dye Canisters—Yellow.<br>Fourth Drop:<br>A Gold Essence Weapon Choice, 2 Guaranteed Wardrobe Unlocks, and 2 Black Lion Miniature Claim Tickets.","Используйте это, чтобы подписать свой аккаунт на еженедельные посылки к запуску End of Dragons. Получите первую посылку немедленно и ещё три в период до 21 марта.<br><br>Первая посылка:<br>Выбор оружия «Красный журавль», 5 ключей от сундука «Чёрного льва», золотой ключ от сундука «Чёрного льва» и 5 наборов красок <REDACTED>.<br>Вторая посылка:<br>Ваучер на комплект рюкзака и планёра «Чёрного льва», Экспедиционная доска End of Dragons и 2 героических усилителя.<br>Третья посылка:<br>Ваучер на наряд «Чёрного льва», ваучер на оружие «Чёрного льва», 2 качественные канистры с краской «Чёрного льва» — синие, 2 качественные канистры с краской «Чёрного льва» — зелёные, 2 качественные канистры с краской «Чёрного льва» — красные и 2 качественные канистры с краской «Чёрного льва» — жёлтые.<br>Четвёртая посылка:<br>Выбор оружия «Золотая сущность», 2 гарантированных разблокировки гардероба и 2 билета на миниатюру «Чёрного льва»."
"Used to mine all metals. Unlimited uses.

Has a small chance to reward a watchwork sprocket on each swing in addition to mining results.","Используется для добычи любых металлов. Неограниченное число применений.

С каждым ударом есть небольшой шанс получить шестерёнку часовых механизмов вдобавок к добытой руде."
Use sharpening stone when you strike a foe below the health threshold. Gain Fury and lose a condition when you use a survival skill. Reduce recharge on survival skills.,"Используйте точильный камень, когда поражаете врага ниже порога здоровья. Получайте ярость и теряйте состояние при использовании навыка выживания. Уменьшайте время восстановления навыков выживания."
Uttorrchakk,Утторчакк
"Valdhertz—forest heart? Not at physical center, but origin?? First family?

Few reports. No survivors of attack, even Ministry (???). Children and elders evacuated to Kaineng before attack.

Artifact! ""Heart of Grenth""? Durheim family heirloom. From Orr??? Does what?

Scout says they saw Ministry turned into rats? Or ghosts. Both? Artifact result?

What happened in that tomb?","Вальдхерц — сердце леса? Не в физическом центре, но исток?? Первая семья?

Донесений мало. После нападения выживших нет, даже из Министерства (???). Детей и стариков вывезли в Кайненг до нападения.Артефакт! «

Сердце Гренса»? Семейная реликвия Дюрхеймов. Из Орра??? Что делает?

Разведчик говорит, они видели, как Министерство превратили в крыс? Или в призраков. И то и другое? Следствие артефакта?

Что произошло в той гробнице?"
"Valiant
I continue to be impressed with your progress—word just reached the Grove about your order's successful effort to recruit the hylek. I've always been interested in their advanced alchemical knowledge, and now that they've joined our cause, I look forward to learning more of it. I'm also reliably told that hylek are among the fiercest fighters on Tyria—it will be good to have them with us against the dragons.
It is a shame that their village was destroyed, but at this stage I firmly believe lives are more important than property. When the dragons are defeated, we'll turn our attention to rebuilding, but first things first.
I'm also doing my part to marshal resistance to the dragons. I still intend to smooth things over between the members of Destiny's Edge and reforge us into the great fighting machine we once were, but it's a slow, difficult process that is complicated by the strong personalities, egos, and neuroses involved. I won't give up, though, and neither should you.
May the Pale Tree guide you,
—Caithe","Доблестный
Я продолжаю восхищаться вашими успехами — только что до Рощи дошла весть об успешной вербовке хилеков вашим орденом. Меня всегда интересовали их передовые алхимические знания, и теперь, когда они присоединились к нашему делу, я с нетерпением жду возможности узнать о них больше. Мне также достоверно сообщили, что хилеки — одни из самых свирепых бойцов в Тирии — хорошо, что они будут с нами против драконов.
Жаль, что их деревня была разрушена, но на данном этапе я твердо верю, что жизни важнее имущества. Когда драконы будут побеждены, мы обратим внимание на восстановление, но сначала самое главное.
Я тоже вношу свой вклад в организацию сопротивления драконам. Я по-прежнему намерен уладить разногласия между членами «Края Судьбы» и снова превратить нас в ту великую боевую машину, которой мы когда-то были, но это медленный и трудный процесс, осложненный сильными личностями, эго и неврозами. Однако я не сдамся, и вы не должны.
Да направит вас Бледное Древо,
—Кейт"
"Valiant,

As I said when last we were together, it is time for Destiny's Edge to gather once more. I want you there to see our new beginning. I know there will be some resistance, but I am certain they will see that this is for the best. Come, join us. The future is at hand.

—Caithe","Доблестный,

Как я и говорила при нашей последней встрече, пришло время «Краю Судьбы» снова собраться. Я хочу, чтобы ты был там и увидел наше новое начало. Я знаю, что будет некоторое сопротивление, но я уверена, что они поймут: это к лучшему. Приходи, присоединяйся к нам. Будущее уже близко.

— Кейт"
"Valiant,

Eir and Rytlock are in over their heads. The dredge in Wayfarer Foothills and the Flame Legion in Diessa Plateau have joined forces to create the ""Molten Alliance."" Together, they're assaulting the lands north of Hoelbrak and the Black Citadel. Our friends have been overwhelmed by the refugees seeking aid in their cities. I would gladly lend them assistance, but matters in the Grove demand my attention.

I would like you to head to the Imperator's Core in the Black Citadel. The city's tribunes have assembled a defense quorum. Check in with the quorum, and let them know you're there to help. I'm sure what they need most is volunteers to quell their attackers, but Rytlock may have more to add if you speak to him after the assembly. Good luck.

—Caithe","Доблестный,

Эйр и Райтлок взялись за дело, которое им не по зубам. Дредж в Предгорьях Странника и Легион Пламени на Плато Дьесса объединились, создав «Расплавленный Альянс». Вместе они атакуют земли к северу от Хельброка и Чёрной Цитадели. Наших друзей захлестнул поток беженцев, ищущих помощи в их городах. Я бы с радостью помогла им, но дела в Роще требуют моего внимания.

Я хочу, чтобы ты отправился в Сердце Императора в Чёрной Цитадели. Трибуны города собрали совет обороны. Свяжись с советом и дай им знать, что ты здесь, чтобы помочь. Уверена, больше всего им нужны добровольцы для подавления атакующих, но Райтлок может добавить что-то ещё, если поговоришь с ним после собрания. Удачи.

— Кейт"
"Valiant,

I hope this letter finds you in a summer breeze, carrying you toward warmer days with a path brightly lit. I am Firstborn Dagonet. Perhaps you remember me?

I've been aiding the Pale Mother in leading our people. She heals still. The process has been drawn out, but I'm glad to report that color returns to her cheeks. She is quite weak and tired yet, but frequent visits from the newborns raise her spirits. Her focus is always pointed toward the future of her children.

This is why I am writing to you today—that optimistic but often naïve promise of tomorrow. Despite the cold days that we've faced over this decade, something has happened. Something that feels quite different—and while it's a curious motion, I hope it will be good for our world. Leaders have started speaking on even ground about our shared ailments and woes, our strengths, and even our needs. I personally attribute this sudden action to the demons and their rampage on our lands.

The Tyrian Alliance will be holding its first summit shortly. Let us meet and discuss a plan.

—Dagonet","Доблестный,

Надеюсь, это письмо застанет тебя в летнем бризе, несущем к более тёплым дням по ярко освещённому пути. Я — Перворождённый Дагонет. Возможно, ты помнишь меня?

Я помогал Бледной Матери вести наш народ. Она всё ещё исцеляется. Процесс затянулся, но я рад сообщить, что к её щекам возвращается румянец. Она ещё очень слаба и устала, но частые визиты новорождённых поднимают ей настроение. Её внимание всегда устремлено в будущее её детей.

Вот почему я пишу тебе сегодня — ради этого оптимистичного, но часто наивного обещания завтрашнего дня. Несмотря на холодные дни, которые мы пережили за это десятилетие, кое-что произошло. Что-то, что ощущается совсем иначе — и хотя это странное движение, я надеюсь, оно будет благом для нашего мира. Лидеры начали говорить на равных о наших общих недугах и бедах, наших сильных сторонах и даже наших потребностях. Лично я приписываю это внезапное действие демонам и их бесчинствам на наших землях.

Тирийский Альянс скоро проведёт свой первый саммит. Давай встретимся и обсудим план.

— Дагонет"
"Valiant,
I continue to be impressed with your progress—word just reached the Grove about your order's successful effort to recruit the quaggan. I've always been interested in the warrior's rage these pacifists exhibit when they fight, and now that they've joined our cause, I look forward to seeing it in person. If they are as fierce as I've heard, it will be good to have them with us against the dragons.
It is a shame that their village was destroyed, but at this stage I firmly believe lives are more important than property. When the dragons are defeated, we'll turn our attention to rebuilding, but first things first.
I'm also doing my part to marshal resistance to the dragons. I still intend to smooth things over between the members of Destiny's Edge and reforge us into the great fighting machine we once were, but it's a slow, difficult process that is complicated by the strong personalities, egos, and neuroses involved. I won't give up, though, and neither should you.
May the Pale Tree guide you,
—Caithe","Доблестный,
Я продолжаю восхищаться твоими успехами — до Рощи только что дошла весть о том, что твой орден успешно завербовал квагганов. Меня всегда интересовала та ярость воинов, которую эти пацифисты проявляют в бою, и теперь, когда они присоединились к нашему делу, я с нетерпением жду возможности увидеть её воочию. Если они так же свирепы, как я слышала, будет хорошо иметь их с нами против драконов.
Жаль, что их деревня была разрушена, но на данном этапе я твёрдо верю, что жизни важнее имущества. Когда драконы будут побеждены, мы обратим внимание на восстановление, но сначала главное.
Я тоже вношу свой вклад в организацию сопротивления драконам. Я всё ещё намерена уладить разногласия между членами «Края Судьбы» и перековать нас в ту великую боевую машину, которой мы когда-то были, но это медленный и трудный процесс, осложнённый сильными личностями, эго и неврозами. Однако я не сдамся, и ты тоже не должен.
Да направит тебя Бледное Древо,
— Кейт"
"Valiant,
I continue to be impressed with your progress—word just reached the Grove about your order's successful effort to recruit the skritt. I've always been interested in the collective intelligence they display. If they are as cunning as I've heard, it will be good to have them with us against the dragons.
It is a shame that their village was destroyed, but at this stage I firmly believe lives are more important than property. When the dragons are defeated, we'll turn our attention to rebuilding, but first things first.
I'm also doing my part to marshal resistance to the dragons. I still intend to smooth things over between the members of Destiny's Edge and reforge us into the great fighting machine we once were, but it's a slow, difficult process that is complicated by the strong personalities, egos, and neuroses involved. I won't give up, though, and neither should you.
May the Pale Tree guide you,
—Caithe","Доблестный,
Я продолжаю восхищаться твоими успехами — до Рощи только что дошла весть о том, что твой орден успешно завербовал скриттов. Меня всегда интересовал их коллективный разум. Если они так же хитры, как я слышала, будет хорошо иметь их с нами против драконов.
Жаль, что их деревня была разрушена, но на данном этапе я твёрдо верю, что жизни важнее имущества. Когда драконы будут побеждены, мы обратим внимание на восстановление, но сначала главное.
Я тоже вношу свой вклад в организацию сопротивления драконам. Я всё ещё намерена уладить разногласия между членами «Края Судьбы» и перековать нас в ту великую боевую машину, которой мы когда-то были, но это медленный и трудный процесс, осложнённый сильными личностями, эго и неврозами. Однако я не сдамся, и ты тоже не должен.
Да направит тебя Бледное Древо,
— Кейт"
"Valiant, 

I've intercepted reports that you are doing well. Your Order praises you highly. This is for the best. We must unify. We must all unify, or Tyria will blacken and die.

Eir and Rytlock search the catacombs for lost power. Zojja still fights for Snaff's legacy, while Logan falls back to Kryta—and to his Queen. I do not understand why they cannot move forward, why they are so obsessed with the past. How can we make them focus on the future? If they do not, it will soon escape us forever, and the dragons will succeed.

I must follow them. I have to watch, and understand. There is too much at risk for us to fail.

—Caithe","Доблестный,

До меня дошли донесения, что у тебя всё хорошо. Твой Орден высоко тебя ценит. Это к лучшему. Мы должны объединиться. Мы все должны объединиться, иначе Тирия почернеет и погибнет.

Эйр и Ритлок ищут утраченную силу в катакомбах. Зойя всё ещё борется за наследие Снаффа, а Логан отступает в Крайту — и к своей королеве. Не понимаю, почему они не могут идти вперёд, почему они так одержимы прошлым. Как заставить их смотреть в будущее? Если они этого не сделают, оно скоро навсегда от нас ускользнёт, и драконы победят.

Я должна следовать за ними. Я должна наблюдать и понять. Слишком многое поставлено на кон, чтобы мы проиграли.

—Кейти"
"Valiant, 

The world is cold, and quiet. The chill in my heart feels as though I stand at the heart of winter, even if I know it is not so. I feel truly alone...save for you. I hear that you have done well and struck a mighty blow against Zhaitan. I also hear that, along with the firstborn Trahearne, you have at last begun the true battle—the invasion of Orr.

Rumors of my companions abound. Rytlock and Logan travel north, toward the Citadel of Flame. Zojja chases after Snaff's legacy, never realizing that it is more than golems and crystals. She is in danger. I spoke to Eir at length and managed to convince her that we must go to aid our old friend—but my purpose no longer seems as clear. Not anymore. Why save the world, when everything in it is falling apart?

I hear of your victories, and I am reminded—perhaps there is still a reason for hope.
We will meet again, soon.

—Caithe","Доблестный,

Мир холоден и тих. Холод в моём сердце таков, будто я стою в сердце зимы, хотя знаю, что это не так. Я чувствую себя по-настоящему одинокой... кроме тебя. Я слышала, что ты преуспел и нанёс сокрушительный удар по Зайтану. Также я слышала, что вместе с перворождённым Траэрном ты наконец начал настоящую битву — вторжение в Орр.

Ходят слухи о моих спутниках. Райтлок и Логан направляются на север, к Цитадели Пламени. Зойя гонится за наследием Снаффа, так и не осознавая, что это нечто большее, чем големы и кристаллы. Она в опасности. Я долго говорила с Эйр и убедила её, что мы должны помочь нашему старому другу — но моя цель больше не кажется мне ясной. Уже нет. Зачем спасать мир, когда всё в нём разваливается?

Я слышу о твоих победах, и это напоминает мне — возможно, ещё есть причина для надежды.
Мы скоро встретимся снова.

— Кейт"
"Valiant, I've got a job for you. My friends (most days) Rytlock and Eir have requested help. I can't go myself—Nightmare Court trouble—so I'm sending you instead. If you will go, of course. Here's all I know—some nasty situation in the Shiverpeaks is killing norn and charr on either side of the mountains. It's gotten ugly, and the survivors have started migrating to Hoelbrak and the Black Citadel to get away from...whatever it is. Take your pick. Go to either the Wayfarer Foothills or to Diessa Plateau, and see if you can assist the fleeing norn and charr. Watch out for their injured pride, though. It's likely to be the sharpest thing you encounter. I'll see you soon.

—Caithe","Доблестный, у меня для тебя дело. Мои друзья (в большинстве дней) Ритлок и Эйр просят помощи. Сама я пойти не могу — хлопоты с Кошмарным Двором, — так что посылаю тебя. Если ты, конечно, пойдёшь. Вот всё, что мне известно: какая-то скверная беда в Мерцающих Пиках убивает норнов и чарров по обе стороны гор. Дело обернулось худо, и выжившие начали уходить в Хоэльбрак и Чёрную Цитадель подальше от... чего бы то ни было. Выбирай сам. Отправляйся либо в Предгорья Странника, либо на Плато Дьесса и посмотри, чем сможешь помочь бегущим норнам и чаррам. Только берегись их уязвлённой гордости. Похоже, это самое острое, с чем ты там столкнёшься. До скорого.

—Кейти"
"Valiant, The world is cold, and quiet. The chill in my heart feels as though I stand at the heart of winter, even if I know it is not so. I feel truly alone...save for you. I hear that you have done well and struck a mighty blow against Zhaitan. I also hear that, along with the firstborn Trahearne, you have at last begun the true battle—the invasion of Orr.Rumors of my companions abound. Rytlock and Logan travel north, toward the Citadel of Flame. Zojja chases after Snaff's legacy, never realizing that it is more than golems and crystals. She is in danger. I spoke to Eir at length and managed to convince her that we must go to aid our old friend—but my purpose no longer seems as clear. Not anymore. Why save the world, when everything in it is falling apart?I hear of your victories, and I am reminded—perhaps there is still a reason for hope.We will meet again, soon.—Caithe","Валиант, мир холоден и тих. Холод в моём сердце таков, будто я стою в сердце зимы, хотя знаю, что это не так. Я чувствую себя по-настоящему одинокой... кроме тебя. Я слышала, что ты преуспел и нанёс мощный удар по Зайтану. Я также слышала, что вместе с перворождённым Трахёрном ты наконец начал настоящую битву — вторжение в Орр. Слухи о моих спутниках повсюду. Райтлок и Логан направляются на север, к Цитадели Пламени. Зойя гонится за наследием Снаффа, так и не осознавая, что это нечто большее, чем големы и кристаллы. Она в опасности. Я долго говорила с Эйр и убедила её, что мы должны отправиться на помощь нашему старому другу — но моя цель больше не кажется мне ясной. Больше нет. Зачем спасать мир, если всё в нём разваливается? Я слышу о твоих победах, и это напоминает мне — возможно, ещё есть причина для надежды. Мы скоро встретимся снова. — Кейт"
"Valiant, a wonder has been sighted in the Caledon Forest.
Villagers say they have seen a white stag roaming the forest. Legends tell of such a thing, and the Pale Tree herself has said that it is a spirit of protection and wisdom. I remember seeing the image of this creature in your Dream. Somehow, you have a connection to the white stag.
We must speak of your dream to the leader of your cycle, and see if we can interpret its meaning. Perhaps you may even be the one to capture the stag, and bring it safely to the Mother's care. Return to the Grove, and I will tell you more.
—Caithe","Доблестный, в Лесу Каледон видели чудо.
Селяне говорят, что видели белого оленя, бродящего по лесу. О подобном сказывают легенды, и сама Бледное Древо говорила, что это дух защиты и мудрости. Помню, я видела образ этого создания в твоём Сне. Каким-то образом ты связан с белым оленем.
Нам нужно поговорить о твоём сне с главой твоего цикла и попробовать истолковать его смысл. Быть может, именно тебе суждено поймать оленя и в целости привести его под опеку Матери. Возвращайся в Рощу, и я расскажу больше.
—Кейти"
"Valiant, your aid is needed. 
An injured knight named Tiachren has stumbled into the Grove and collapsed. He has been gravely poisoned with rotsap, a terrible venom used only by sylvari of the fallen Nightmare Court. If we do not bring him the antidote, Tiachren will die. 
I would go to obtain this cure, but I fear further attacks. I must stay, and defend him. Valiant, I need you to visit Mender Aviala in the Village of Astorea and request her help. She knows the antidote, and may have some available. When you have it, return swiftly. This brave knight's life is in your hands.
—Caithe","Доблестный, нужна твоя помощь.
Раненый рыцарь по имени Тиахрен ввалился в Рощу и рухнул наземь. Он тяжёло отравлен гнилосоком — ужасным ядом, которым пользуются лишь сильвари из падшего Кошмарного Двора. Если мы не принесём ему противоядие, Тиахрен умрёт.
Я бы сама пошла за лекарством, но боюсь новых нападений. Я должна остаться и защищать его. Доблестный, мне нужно, чтобы ты навестил целительницу Авиалу в деревне Астория и попросил её помощи. Она знает противоядие, и оно может у неё найтись. Как получишь — возвращайся скорее. Жизнь этого храброго рыцаря в твоих руках.
—Кейти"
"Valiant,Eir and Rytlock are in over their heads. The dredge in Wayfarer Foothills and the Flame Legion in Diessa Plateau have joined forces to create the ""Molten Alliance."" Together, they're assaulting the lands north of Hoelbrak and the Black Citadel. Our friends have been overwhelmed by the refugees seeking aid in their cities. I would gladly lend them assistance, but matters in the Grove demand my attention.I would like you to head to the Imperator's Core in the Black Citadel. The city's tribunes have assembled a defense quorum. Check in with the quorum, and let them know you're there to help. I'm sure what they need most is volunteers to quell their attackers, but Rytlock may have more to add if you speak to him after the assembly. Good luck.—Caithe","Валиант, Эйр и Райтлок попали в переделку. Дредж в Предгорьях Странника и Легион Пламени на Плато Дьесса объединились, создав «Расплавленный альянс». Вместе они атакуют земли к северу от Хоэлбрака и Цитадели Тьмы. Наши друзья перегружены потоком беженцев, ищущих помощь в их городах. Я бы с радостью помогла им, но дела в Роще требуют моего внимания. Мне нужно, чтобы ты отправился в Сердце Императора в Цитадели Тьмы. Трибуны города собрали совет обороны. Свяжись с советом и дай им знать, что ты здесь, чтобы помочь. Уверена, им больше всего нужны добровольцы для отражения атакующих, но Райтлок может добавить что-то ещё, если поговоришь с ним после собрания. Удачи. — Кейт"
"Valiant,I continue to be impressed with your progress—word just reached the Grove about your order's successful effort to recruit the skritt. I've always been interested in the collective intelligence they display. If they are as cunning as I've heard, it will be good to have them with us against the dragons.It is a shame that their village was destroyed, but at this stage I firmly believe lives are more important than property. When the dragons are defeated, we'll turn our attention to rebuilding, but first things first.I'm also doing my part to marshal resistance to the dragons. I still intend to smooth things over between the members of Destiny's Edge and reforge us into the great fighting machine we once were, but it's a slow, difficult process that is complicated by the strong personalities, egos, and neuroses involved. I won't give up, though, and neither should you.May the Pale Tree guide you,—Caithe","Валиант, я продолжаю впечатляться твоими успехами — до Рощи дошла весть об успешных усилиях твоего ордена по вербовке скриттов. Меня всегда интересовал коллективный разум, который они проявляют. Если они так же хитры, как я слышал, будет хорошо иметь их с нами против драконов. Жаль, что их деревня была разрушена, но на данном этапе я твёрдо верю, что жизни важнее имущества. Когда драконы будут побеждены, мы обратим внимание на восстановление, но сначала главное. Я тоже вношу свой вклад в организацию сопротивления драконам. Я всё ещё намерена уладить разногласия между членами «Края Судьбы» и перековать нас в ту великую боевую машину, которой мы были когда-то, но это медленный и трудный процесс, осложнённый сильными личностями, амбициями и неврозами. Я не сдамся, и ты тоже не должен. Пусть Бледное Древо направляет тебя. — Кейт"
"Vance—  
  
No way to sugarcoat this. I've accepted a new assignment. Can't get into the details. Thing is, it's going to make things difficult between us. Impossible, honestly.  
  
I need you to know this was the hardest decision of my life. Sure, I don't have much anymore. Not after that night, after the hounds found what was left of Wix and Trace, after... Gods, you know, I don't need to rehash it. You've heard my nightmares.  
  
I was given an opportunity. Big. Completely unexpected. Not gold or anything. A real opportunity. To make the beasts responsible pay. I've tried not to let it rule my life. Tried to move on. But I can't.  
  
If it wasn't for you, this decision would've been easy. Not ashamed to say I cried myself to sleep three nights running over this whole thing. Wish I could tell you more. Just like I wish I would've told you how much I care about you. I love you. There. I wrote it. Erased it and wrote it more times than I can count. But there it is. I love you. You knew that, right?  
  
You were all I had left. You and Tibby. Take good care of her, will you? Give her a scratch for me. Take care of yourself. Find somebody who can be happy. Somebody who can make you happy. You deserve it.  
  
—Reg","Вэнс—  
  
Не буду приукрашивать. Я принял новое задание. Не могу вдаваться в детали. Дело в том, что это создаст трудности между нами. Невозможные, честно говоря.  
  
Ты должен знать, что это было самое трудное решение в моей жизни. Конечно, у меня почти ничего не осталось. После той ночи, после того, как гончие нашли то, что осталось от Викса и Трейса, после... Боги, ты знаешь, не нужно повторять. Ты слышал мои кошмары.  
  
Мне выпал шанс. Большой. Совершенно неожиданный. Не золото или что-то такое. Настоящий шанс. Заставить тварей, ответственных за это, заплатить. Я пытался не позволить этому управлять моей жизнью. Пытался двигаться дальше. Но не могу.  
  
Если бы не ты, это решение было бы лёгким. Не стыдно признаться, я три ночи подряд плакал в подушку из-за всего этого. Хотел бы рассказать тебе больше. Как и хотел бы сказать, как сильно я о тебе забочусь. Я люблю тебя. Вот. Я написал это. Стирал и писал снова бессчётное количество раз. Но вот оно. Я люблю тебя. Ты знал это, верно?  
  
Ты был всем, что у меня осталось. Ты и Тибби. Позаботься о ней, ладно? Почеши её за ушком от меня. Береги себя. Найди кого-то, кто сможет быть счастливым. Кого-то, кто сможет сделать тебя счастливым. Ты этого заслуживаешь.  
  
—Рэг"
"Veils of the Inner and Outer Councils,  
  
I write to you from our camp in the outer ruins of the mursaat city of Bava Nisos. The alliance's progress into the city is stalled, blocked by some unusually potent magic. There are pockets of spectral agony and tides of Mistburn that come and go; it is a cursed place. Mabon knew this, so he kept the island warded.  
  
The nine of us have had the esteemed pleasure of serving alongside the late Fifth Veil, and though a few of you may yet harbor feelings of mistrust at his deception, I know some of you do not. Like me, he recruited some of you into the collective's Shroud. You rose in the ranks, tutored in spell craft and arcane protections that my most tempered exemplars would envy.  
  
Normally, I would pluck one of the more experienced Shroud members for a lesser job, but in this instance, I wonder if any one of you—someone else who carries Mabon's flame—might dust off your boots and step up to the mark?  
  
Awaiting your response,  
—Countess Anise, Eighth Veil","Покровы Внутреннего и Внешнего Советов,
  
Я пишу вам из нашего лагеря во внешних руинах города мурсаатов Бава Нисос. Продвижение союза в город остановлено, заблокировано необычайно мощной магией. Там есть карманы спектральной агонии и приливы Туманного жара, которые приходят и уходят; это проклятое место. Мабон знал это, поэтому он держал остров под защитой.
  
Девятерым из нас выпала честь служить вместе с покойной Пятой Завесой, и хотя некоторые из вас всё ещё могут испытывать недоверие из-за его обмана, я знаю, что некоторые из вас этого не делают. Как и я, он завербовал некоторых из вас в Покров коллектива. Вы поднялись по рангам, обучаясь искусству заклинаний и магической защите, которым позавидовали бы мои самые закалённые образцы.
  
Обычно я бы выбрала одного из более опытных членов Покрова для менее важной работы, но в данном случае я задаюсь вопросом, не найдётся ли среди вас кто-то — кто-то другой, несущий пламя Мабона — кто стряхнёт пыль со своих сапог и примет вызов?
  
Жду вашего ответа,
—Графиня Аниз, Восьмая Завеса"
Vepar Darkheart,Вепар Тёмное Сердце
Veruta Beefhawker,Верута Бифхокер
Vicci,Викки
"Vigil Banner
Complete initiation into the Vigil.","Знамя Дозора
Пройдите посвящение в Дозор."
"Vision of Dragons: Aurene can be found by accessing a Dragon Rift in this area.
Requires completion of the Riding Skyscales achievement.","Видение драконов: Аурену можно найти, получив доступ к Разрыву Дракона в этой области.
Требуется завершение достижения «Верхом на скайскейлах»."
"Vision of Dragons: Aurene can be found by accessing a Dragon Rift in this area. Vision of Equipment: Dragonsblood Weapons can also be found near here.
Requires completion of the Riding Skyscales achievement.","Видение драконов: Аурену можно найти, получив доступ к Разрыву Дракона в этой области. Видение снаряжения: оружие из драконьей крови также можно найти поблизости.
Требуется завершение достижения «Верхом на скайскейлах»."
"Vision of Landscapes: Domain of Istan and Vision of Equipment: Astral Weapons can be found in this area.
Requires completion of the Riding Skyscales achievement.","Видения пейзажей: Владения Истана и Видения снаряжения: Астральное оружие можно найти в этой области.
Требуется завершение достижения «Ездовые скайскейлы»."
"Vision of Landscapes: Domain of Kourna and Vision of Equipment: Banner of the Commander can be found in this area.
Requires completion of the Riding Skyscales achievement.","Видения пейзажей: Владения Курны и Видения снаряжения: Штандарт командира можно найти в этой области.
Требуется завершение достижения «Ездовые скайскейлы»."
"Vision of Landscapes: Dragonfall can be found in this area.
Requires completion of the Riding Skyscales achievement.","Видения пейзажей: Падение Дракона можно найти в этой области.
Требуется завершение достижения «Ездовые скайскейлы»."
"Vision of Landscapes: Jahai Bluffs and Vision of Equipment: Elegy Armor can be found in this area.
Requires completion of the Riding Skyscales achievement.","Видения пейзажей: Утёсы Джахай и Видения снаряжения: Элегическая броня можно найти в этой области.
Требуется завершение достижения «Ездовые скайскейлы»."
"Vision of Landscapes: Sandswept Isles and Vision of Equipment: Olmakhan Bandolier can be found in this area.
Requires completion of the Riding Skyscales achievement.","Видения пейзажей: Пески Вечных и Видения снаряжения: Бантольер Олмакхана можно найти в этой области.
Требуется завершение достижения «Ездовые скайскейлы»."
"Vision of Landscapes: Thunderhead Peaks can be found in this area.
Requires completion of the Riding Skyscales achievement.","Видения пейзажей: Пики Громовой Главы можно найти в этой области.
Требуется завершение достижения «Ездовые скайскейлы»."
"Vlast Avenger deals extra Vengeance damage and increases incoming damage to Branded, Forged, and Awakened; stacks intensity.
<c=@Flavor>Crafted by Lucius Anvilblade. Honed Slivers by Adisa. Vengeance by Vlast.</c>","Мститель Власта наносит дополнительный урон Возмездием и увеличивает входящий урон по Клеймёным, Кованым и Пробуждённым; сила накапливается.
<c=@Flavor>Создано Люциусом Анвилблейдом. Заточенные осколки — Адисой. Возмездие — Властом.</c>"
"WARNING: Entering this raid encounter will reveal key plot points of the ""Shadow in the Ice"" story. 

Gather your allies and relive the battle against the ice dragon's most persuasive servant yet. Deep under the mountains of the Bjora Marches, a whisper awaits.","ПРЕДУПРЕЖДЕНИЕ: Вход в этот рейд раскроет ключевые сюжетные моменты истории «Тень во льду». 

Соберите союзников и переживите битву с самым убедительным слугой ледяного дракона. Глубоко под горами Бьоры Марчей ждет шепот."
"WON DAY  
  
Crash. Home far far away. Difficult memories. Find town. Hulgardin is pretty. Nice nice peeple. Small town. Cleen. Most times skritt keeping away but sometimes coming in for tasty bites.  
  
NOTHERDAY  
  
Cot coming in for bites. Maybe Hulgardin don't know skritts. Call me rat. Okay to stay says nice peeple. Stay away says mean peeple. Skritt not know, stay or not stay. Don't want fite. Find spot by Hulgardin. Sumtimes stay, sumtimes go. Nice peeple bring tasty bites.  
  
NOTHER NOTHERDAY  
  
Many rats come to Hulgardin. Eat all tasty bites! No! I miss tasty bites!  
  
BAD BADDAY  
  
Rats sick! Make Hulgardin sick! Mean peeple make skritt go far away, say skritt and rats same! Not same! Poor sick rats. Mean peeple murder sick rats. Maybe skritt can fix sick rats.  
  
NEW HOME NEW FAMILYDAY  
  
Kicking out of Hulgardin, find cave. New home. Sick rats skritt will help. Mean peeple be sorry. No tasty bites for skritt, no tasty bites for mean people neether!  
  
NEW NAMEDAY  
  
Mean peeple kicking out, then mean peeple hunt skritt! Skritt leaves alone! But mean murderers hunt skritt anyway! Mean people call skritt king of rats! Mean peeple think bad name, but skritt thinks good name. Murderers bow to rat king sumday! Skritt NOT fix rats. Skirtt sent MORE sick rats to Hulgardin! Hulgardin murder rats, rat king murder Hulgardin instead!","ДЕНЬ ПОБЕДЫ  
  
Крушение. Дом далеко-далеко. Трудные воспоминания. Найти город. Хулгардин красивый. Хорошие хорошие люди. Маленький город. Чисто. В основном скритты держатся подальше, но иногда заходят за вкусняшками.  
  
ДРУГОЙ ДЕНЬ  
  
Кот приходит за кусь. Может, Хулгардин не знает скриттов. Называет меня крысой. Хорошие люди говорят оставайся. Плохие люди говорят уходи. Скритт не знает, остаться или нет. Не хочет драки. Нашёл место у Хулгардина. Иногда остается, иногда уходит. Хорошие люди приносят вкусняшки.  
  
ЕЩЁ ОДИН ДЕНЬ  
  
Много крыс пришло в Хулгардин. Съели все вкусняшки! Нет! Я скучаю по вкусняшкам!  
  
ПЛОХОЙ ПЛОХОЙ ДЕНЬ  
  
Крысы больны! Сделали Хулгардин больным! Плохие люди заставляют скритта уйти далеко, говорят, скритт и крысы одинаковы! Не одинаковы! Бедные больные крысы. Плохие люди убивают больных крыс. Может, скритт сможет вылечить больных крыс.  
  
ДЕНЬ НОВОГО ДОМА НОВОЙ СЕМЬИ  
  
Выгнали из Хулгардина, нашёл пещеру. Новый дом. Скритт поможет больным крысам. Плохие люди пожалеют. Нет вкусняшек для скритта, нет вкусняшек и для плохих людей!  
  
ДЕНЬ НОВОГО ИМЕНИ  
  
Плохие люди выгоняют, потом плохие люди охотятся на скритта! Скритт оставляет всех в покое! Но плохие убийцы все равно охотятся на скритта! Плохие люди называют скритта королем крыс! Плохие люди думают, это плохое имя, но скритт думает, хорошее. Убийцы поклонятся королю крыс однажды! Скритт НЕ лечит крыс. Скритт послал БОЛЬШЕ больных крыс в Хулгардин! Хулгардин убивает крыс, король крыс убивает Хулгардин вместо этого!"
"Waiting Sorrow has left us. She left a note—she left Dagda a note. ""I must be swift, should Isgarren catch on to my plan before I'm able to depart."" What am I? A creature of nightmare? Do they writhe when I speak? Do they flee when I move?  
  
The court is quiet today. Dagda fled to the observatory. Mabon is disappointed with my reaction. Perhaps screaming until I opened a portal to the Domain of Anguish was a tad ostentatious.  
  
The emotion that lingers at the pit of my stomach is repentance, mostly. Sorrow is simply a harbinger of my prior mistakes. My negligence. When she came to me—goodness knows, well before the gods doomed this place—I saw someone struggling, and I chose to help her. A Voice on the verge of Koda's rage; who knows what she would've done had I not ascended her and severed that connection? Sidony never thought of me the same after that. I imagine my saving Sorrow was the final straw before exile.  
  
I've often thought of my choice as naïve, and at other times I've wondered if the elder races were too protective of magic. But I turned her immortal—I gave her access to immense power to save her life. That shouldn't have been my choice.   
  
I let her roam on her own for a long, long time before she and Vass joined us. And when I saw how powerful she'd become... I couldn't let her go again. She knows this. She's grown more and more unpredictable over the centuries. She even claims to see ""flickers"" of her life before ascension. When the kodan split between Janthir and Orr, I could tell it bothered her—I could tell she yearned to help her people when they were clearly splitting apart. But she's a figure of fable now to them. What if she were to reveal herself as the missing Voice to their ancestral Claw? The Claw that determined the fate of all kodan when he moved them to safety? She'd cause riots... They're already fragile enough.
  
I need time to think about my next steps.","Ожидающая Скорбь покинула нас. Она оставила записку — она оставила Дагде записку. «Я должна быть быстрой, вдруг Исгаррен узнает о моем плане до того, как я смогу уйти». Что я такое? Порождение кошмара? Корчатся ли они, когда я говорю? Убегают ли они, когда я двигаюсь?  
  
Сегодня при дворе тихо. Дагда сбежала в обсерваторию. Мабон разочарован моей реакцией. Возможно, кричать, пока я не открыл портал в Царство Мучений, было несколько показно.  
  
Эмоция, которая гнездится на дне моего желудка, — это в основном раскаяние. Скорбь — всего лишь предвестник моих прежних ошибок. Моей халатности. Когда она пришла ко мне — одному богам известно, задолго до того, как боги обрекли это место, — я увидел кого-то, кто борется, и я решил помочь ей. Голос на грани ярости Коды; кто знает, что бы она сделала, если бы я не возвысил её и не разорвал эту связь? Сидони после этого никогда не думала обо мне так же. Думаю, мое спасение Скорби стало последней каплей перед изгнанием.  
  
Я часто считал свой выбор наивным, а в другое время задавался вопросом, не слишком ли древние расы оберегали магию. Но я сделал её бессмертной — я дал ей доступ к огромной силе, чтобы спасти ей жизнь. Это не должно было быть моим выбором.  
  
Я позволил ей бродить одной очень, очень долго, прежде чем она и Васс присоединились к нам. И когда я увидел, насколько могущественной она стала... я не мог снова отпустить её. Она знает это. На протяжении веков она становилась все более и более непредсказуемой. Она даже утверждает, что видит «вспышки» своей жизни до вознесения. Когда коданы разделились между Джантиром и Орром, я понял, что это беспокоило её — я видел, что она жаждет помочь своему народу, когда они явно раскалывались. Но теперь она для них — фигура из легенды. Что, если бы она явила себя как пропавший Голос их прародительскому Когтю? Когтю, который решил судьбу всех коданов, когда переместил их в безопасное место? Она вызвала бы бунты... Они и так достаточно хрупки.
  
Мне нужно время, чтобы обдумать мои следующие шаги."
Wall Segment,Сегмент стены
"Warden,  
  
I've been compiling reports from both Moon and Star Camps. Janthir is the worse of the two; the local kodan village was attacked, so Astrid has taken the necessary measures to provide them aid. Thus far, they seem to be cooperating with the Astral Ward. They're cautious, but she thinks that we can trust them right now. We will discuss further when things have calmed.  
  
And, Frode... Please don't get yourself killed. I'd much prefer you in one piece.  
  
Narcisse","Страж,  
  
Я собрал донесения из Лунного и Звёздного лагерей. Янтарь — худший из двух: местная деревня кодан подверглась нападению, поэтому Астрид приняла необходимые меры для оказания им помощи. Пока что они, кажется, сотрудничают с Астральной стражей. Они осторожны, но она считает, что им можно доверять сейчас. Мы обсудим это подробнее, когда всё утихнет.  
  
И, Фроде... Пожалуйста, не дай себя убить. Я бы предпочёл видеть тебя целым и невредимым.  
  
Нарцисс"
"Warmaster,

News of the death of mighty Forgal has been a blow to us all. I am deeply saddened to hear of it, and I know you must be suffering. But now, with Zhaitan on our shores and the city of Lion's Arch threatened, the Vigil is needed more than ever. We are regrouping at Fort Marriner, to lend our efforts to the city's immediate defense. Your orders are to rendezvous there and lead a contingent of soldiers into battle. 

The Vigil needs your courage; Tyria needs your knowledge of our enemy's weaknesses. Be strong.

—General Almorra Soulkeeper","Военачальник,

Весть о смерти могучего Форгала стала ударом для всех нас. Я глубоко опечален этим известием и знаю, что вы должны страдать. Но теперь, когда Жаитан на наших берегах и городу Львиный Шпиль угрожает опасность, Дозор нужен как никогда. Мы перегруппировываемся у форта Марринер, чтобы направить усилия на немедленную защиту города. Ваш приказ — прибыть туда и возглавить отряд солдат в бою.

Дозору нужна ваша храбрость; Тирии нужно ваше знание слабостей нашего врага. Будьте сильны.

— Генерал Альмора Хранительница Душ"
Warning: Bogfang the Skale,Предупреждение: Болотный Клык-Скаль
Watchman Cevin,Стражник Севин
Waves Defeated,Волн отражено
"Wayfinder!

My mind is still...reeling from the ordeal, but with your help and Mabon's, I'm on the right path again. Flickering images still cross my mind. Faces... A name.

Enough of that. I'm writing because I wanted to give you something. Before she left, Waiting Sorrow gave me this to me. Dagda told me that you were helping her rebuild the Oracle Deck, so this should put you one step closer.

Cheers,
Lyhr","Путеводитель!

Мой разум всё ещё... кружится от испытания, но с твоей помощью и помощью Мабона я снова на правильном пути. Мелькающие образы всё ещё проносятся в моей голове. Лица... Имя.

Хватит об этом. Я пишу, потому что хочу кое-что тебе дать. Перед уходом Ожидающая Скорбь дала мне это. Дагда сказала мне, что ты помогаешь ей восстановить Колоду Оракула, так что это должно приблизить тебя на шаг.

С уважением,
Лир"
"Wayfinder!

Your aid in the fight against Eparch and his meat army has been an unexpected boon (if Dagda and I had made a bet, I'd be eating well tonight). In these moments of reprieve, I could use some help with an...odd task. A strange sensation pulls at my gut. Like a memory, waiting to surface.

Come find me at the tower and warm your hands by the forge for a bit. I'll be much less cryptic once I've collected my thoughts.

Lyhr","Путеводитель!

Твоя помощь в борьбе с Эпархом и его мясной армией стала неожиданным благом (если бы мы с Дагдой поспорили, я бы сегодня хорошо поужинал). В эти минуты передышки мне не помешала бы помощь с... странной задачей. Странное ощущение тянет меня за душу. Как воспоминание, готовое всплыть.

Приходи ко мне в башню и погрей руки у кузницы. Я буду гораздо менее загадочным, когда соберусь с мыслями.

Лир"
"Wayfinder,

I found one of the Oracle Cards after our fight against the beast. Something about your presence must have drawn it forward. They're curious little objects, almost sentient...

Thank you for the aid, and remember to come find me once the rest have revealed themselves to you.

—Dagda","Путеводитель,

Я нашла одну из Карт Оракула после нашей битвы с чудовищем. Что-то в твоём присутствии, должно быть, привлекло её. Они любопытные маленькие предметы, почти разумные...

Спасибо за помощь, и не забудь найти меня, когда остальные откроются тебе.

—Дагда"
"Wayfinder,

I've been wanting to speak with you regarding the relics you helped R'tchikk recover in the Wizard's Tower. Come find me on the lower level of the Wizard's Tower, by the central staircase, if you want to learn more about them and how they might be able to help you grow in power.

—Archivist Ikur","Путеводитель,

Я хотел поговорить с тобой о реликвиях, которые ты помог Р'тчикку вернуть в Башне Чародея. Найди меня на нижнем уровне Башни Чародея, у центральной лестницы, если хочешь узнать о них больше и о том, как они могут помочь тебе обрести силу.

—Архивариус Икур"
"Wayfinder,

It's the medic who checked you when you first got here. I heard about your run-in at the Bastion of the Obscure. How is your mind? Any dark thoughts? Let me know if you need help.

Sometimes an item or some sort of personal effect can help you stay grounded. I've sent along a special card I've had for quite a while, but I sensed it was time to pass it along. I'd used it as a bookmark for so long, but I... Strange feeling, is all. I hope the gesture lands.

Jonea","Путеводитель,

Это медик, который осматривал тебя, когда ты только прибыл. Я слышал о твоей стычке в Бастионе Сокрытого. Как твой разум? Есть тёмные мысли? Дай знать, если нужна помощь.

Иногда предмет или какая-то личная вещь может помочь тебе оставаться в реальности. Я отправил тебе особенную карту, которая была у меня довольно долго, но я почувствовал, что пришло время передать её. Я использовал её как закладку так долго, но я... Странное чувство, и всё. Надеюсь, этот жест будет принят.

Джонея"
"Wayfinder,

One of our researchers in the Astral Ward has made a peculiar discovery—like you, she's a revenant. She's currently stationed in Lornar's Pass, supporting the Durmand Priory with the archival updates at their headquarters. If you'd be willing to meet with her, I'd appreciate it.

—Frode","Путеводитель,

Одна из наших исследовательниц в Астральной страже сделала любопытное открытие — как и ты, она отступница. Сейчас она находится в Перевале Лорнара, помогая Дурмандскому Приорату с обновлением архивов в их штабе. Если ты согласишься встретиться с ней, я буду признателен.

—Фроде"
"Wayfinder,

R'tchikk works to repair the Museum of Curiosities after the invasion. Many trinkets are lost. Many statues damaged by fighting.

But! This is also a chance to build new displays for the good of future friends and others. Meet R'tchikk and Gladium at the Wizard's Tower, and we will explain.

—R'tchikk","Путеводитель,

Р'тчикк работает над восстановлением Музея диковин после вторжения. Многие безделушки утеряны. Многие статуи повреждены в бою.

Но! Это также возможность создать новые экспонаты на благо будущих друзей и других. Встретьтесь с Р'тчикком и Гладиумом у Башни Чародея, и мы всё объясним.

—Р'тчикк"
"Wayfinder, hello.

I am sorry to ask more of you, but if you've some time one of my reports from the Bastion of the Natural has passed along troubling news of missing Astral Ward. She could use your knowledge of the battlefield to locate them. If there's any chance of returning them to safety alive, we should move quickly.

Her name is Hortensia, and she is likely working out of the refugee clinic in the Wizard's Tower.","Путеводитель, здравствуйте.

Мне жаль просить вас снова, но если у вас есть время, один из моих докладов из Бастиона Природы принёс тревожные новости о пропавшей Астральной страже. Ей пригодится ваше знание поля боя, чтобы найти их. Если есть хоть какой-то шанс вернуть их живыми и невредимыми, мы должны действовать быстро.

Её зовут Гортензия, и она, вероятно, работает в клинике для беженцев в Башне Чародея."
"Wayfinder, keep working on your battle magic. You will need it in the wars to come. Strength comes from the mind, after all.

Speaking of, take this as a memento of your time here. I found it among the rubble during my rounds. You came to mind, in the most...uncanny way.

Vanak","Путеводитель, продолжайте работать над своей боевой магией. Она понадобится вам в грядущих войнах. В конце концов, сила исходит от разума.

Кстати, примите это как сувенир на память о вашем времени здесь. Я нашёл это среди обломков во время обхода. Вы пришли на ум самым...необычным образом.

Ванак"
"Wayfinder, my friend!

Because of your aid, we are getting potions to the front lines at the Bastion of Strength. While I was cleaning up, I noticed an incredibly curious card in my cauldron. Surely it wasn't there before you departed, but I felt an incredible urge to send it to you right away. It doesn't look like much to me, but perhaps maybe you can make some use of it?

Stay vibrant, darling.
Z","Путеводитель, мой друг!

Благодаря вашей помощи мы доставляем зелья на передовую в Бастионе Силы. Пока я убиралась, я заметила невероятно любопытную карту в своём котле. Её точно не было там до вашего ухода, но я почувствовала невероятное желание немедленно отправить её вам. Мне она не кажется особенной, но, возможно, вы сможете найти ей применение?

Оставайтесь яркой, дорогая.
З."
"We are

MINSEC

Maintaining,

Inspiring and

Nurturing a

Safe and

Equal

Cantha","Мы — это

МИНСЕК

Поддержание,

Вдохновение и

Воспитание

Безопасной и

Равноправной

Кантхи"
"We are honored to have your support, %str1%. Your presence and aid in Doric's Landing continues to bolster our defense of the region. We look forward to seeing you again.

—Lieutenant Bran","Для нас большая честь иметь вашу поддержку, %str1%. Ваше присутствие и помощь в Гавани Дорика продолжают укреплять нашу оборону в этом регионе. С нетерпением ждём новой встречи.

—Лейтенант Бран"
"We are thankful for your help at Mafic Core. Destroyers have become a great problem for my people. Many have been called to action to fight the destroyer invasions. We must be vigilant in the face of growing danger. 

May our ancestors provide us with guidance and strength. 

—Sangdo Swiftwing","Мы благодарны за вашу помощь в Мафическом Ядре. Пожиратели стали огромной проблемой для моего народа. Многие были призваны к действию, чтобы сражаться с вторжениями пожирателей. Мы должны быть бдительны перед лицом растущей опасности.

Пусть наши предки даруют нам руководство и силу.

—Сангдо Быстрокрылый"
"We did it! The Priory at Landslide Lee have befriended the skritt in Kolkorensburg. We can now enter their cave and study the relics and crystal formations within. That's two things you've helped us achieve. This is an exciting day for the Priory—you have our gratitude and our thanks.

—Antal the Patient","У нас получилось! Приорат в Оползневой Пустоши подружился с скриттами в Колькоренсбурге. Теперь мы можем войти в их пещеру и изучать реликвии и кристаллические образования внутри. Это уже второе ваше достижение, которое нам помогло. Сегодня важный день для Приората — вы заслужили нашу признательность и благодарность.

—Антал Терпеливый"
"We find ourselves at the Harvest Temple, perched on the edge of history.  

As Vizu's strike lands, time itself seems to pause, as if rendered a mere spectator of fate. It is here that Shiro stands, frozen. Unarmed. Vulnerable.  

From opposing sides of the room, St. Viktor and Archemorus lock gazes. Together, they stride, side by side, two bodies choreographed by destiny. St. Viktor grabs the first of the blades. He palms the handle, still hot with Shiro's fury. Archemorus grasps the second. Each angles a blade toward Shiro's sides.  

Shiro inhales. Closes his eyes. Waits. The pierce of the blades is instantaneous. Cold, yet white hot. Concentrated agony.  

And it begins. Reality imploding into pure energy. Sight and sound blur into something indistinguishable: the sheer force of life collapsing upon itself. Existence is a vast wind. A deafening hum. A hue of jade green.  

Then, nothing.","Мы оказываемся у Храма Урожая, на пороге истории.

Когда удар Видзу поражает цель, само время словно замирает, становясь лишь зрителем судьбы. Здесь застывает Широ. Безоружный. Уязвимый.

С противоположных сторон комнаты Святой Виктор и Археморус встречаются взглядами. Вместе они шагают, бок о бок, два тела, ведомые судьбой. Святой Виктор хватает первый клинок. Он сжимает рукоять, всё ещё горячую от ярости Широ. Археморус берёт второй. Каждый направляет лезвие к бокам Широ.

Широ вдыхает. Закрывает глаза. Ждёт. Проникновение клинков мгновенно. Холодное, но обжигающе горячее. Сосредоточенная агония.

И это начинается. Реальность взрывается чистой энергией. Зрение и звук сливаются в нечто неразличимое: чистая сила жизни, сжимающаяся сама в себе. Существование — это бесконечный ветер. Оглушительный гул. Оттенок нефритово-зелёного.

Затем — ничего."
"We found an old journal in the ruins nearby. And a key. It seems to be some sorta...vault manual? Probably looted by another thief trying to crack the code, too. Don't think they got very far.

""The door will only open by their will.""

I dunno who the heck it's talking about, but if we're talking pre-Zhaitan Disaster we're probably out of luck. The whole thing is pretty cryptic, honestly. I don't like messing with blood magic.

Royals, always so dramatic.","Мы нашли старый дневник в руинах неподалёку. И ключ. Похоже, это что-то вроде... инструкции к хранилищу? Наверное, его тоже разграбил другой вор, пытавшийся взломать код. Думаю, далеко он не продвинулся.

«Дверь откроется только по их воле».

Понятия не имею, о ком тут речь, но если это про времена до Катастрофы Зайтана, нам, наверное, не повезло. Всё это, честно говоря, довольно загадочно. Я не люблю связываться с кровной магией.

Королевские особы, вечно такие драматичные."
"We have a few more fish to eat and more smiles around the table because of you. Thank you, comrade.
—Dredge Supplier Yuliya","У нас появилось ещё немного рыбы и больше улыбок за столом благодаря тебе. Спасибо, товарищ.
—Поставщик из Дреджь Юлия"
"We have allowed a significant amount of time to pass since last observing the progression of the Maguuma fractal, and the overgrowth we saw before has continued as predicted. The inhabitants of the jungle have grown in size and ferocity as they've adapted to these new conditions, and a sort of equilibrium among species has been reached. It seems that even under extreme conditions, life in Tyria survives.

Conclusion: While ley-line instability still represents a meaningful concern, Tyria remains remarkably resilient. It appears likely that some version of Tyrian life would survive even in our worst projections. However, the experiment is worth continuing in order to study the long-tail effects.","Мы позволили пройти значительному времени с момента последнего наблюдения за развитием фрактала Магуума, и разрастание, которое мы видели ранее, продолжилось, как и предсказывалось. Обитатели джунглей выросли в размерах и свирепости, приспособившись к новым условиям, и между видами установилось своего рода равновесие. Кажется, что даже в экстремальных условиях жизнь в Тирии выживает.

Вывод: Хотя нестабильность лей-линий по-прежнему представляет серьёзную проблему, Тирия остается удивительно устойчивой. Похоже, что какая-то версия тирийской жизни выживет даже в наших худших прогнозах. Однако эксперимент стоит продолжать, чтобы изучить долгосрочные эффекты."
"We have allowed a significant amount of time to pass since last observing the progression of the Maguuma fractal, and the overgrowth we saw before has continued as predicted. The inhabitants of the jungle have grown in size and ferocity as they've adapted to these new conditions, and a sort of equilibrium among species has been reached. It seems that even under extreme conditions, life in Tyria survives.Conclusion: While ley-line instability still represents a meaningful concern, Tyria remains remarkably resilient. It appears likely that some version of Tyrian life would survive even in our worst projections. However, the experiment is worth continuing in order to study the long-tail effects.","Мы позволили пройти значительному времени с момента последнего наблюдения за развитием фрактала Магуума, и разрастание, которое мы видели ранее, продолжилось, как и предсказывалось. Обитатели джунглей стали крупнее и свирепее, адаптируясь к новым условиям, и между видами установилось своего рода равновесие. Кажется, даже в экстремальных условиях жизнь в Тирии выживает. Вывод: хотя нестабильность лей-линий все ещё вызывает серьёзные опасения, Тирия остается поразительно устойчивой. Похоже, что некоторые формы тирийской жизни выживут даже при самых худших прогнозах. Однако эксперимент стоит продолжить, чтобы изучить долгосрочные эффекты."
"We have chosen our path, though it is fraught with difficulties. Should you wish to aid our journey to victory, go to the Eye. Lend us your skill.

—Still Waters","Мы выбрали свой путь, хотя он полон трудностей. Если ты хочешь помочь нам в нашем пути к победе, отправляйся к Оку. Одари нас своим мастерством.

—Тихие Воды"
"We hear him. His voice is soft like moss, yet sound as the rock upon which it grows.  

Like a low hymn carried by the wind, it sings to us. Beckons us forth. We must follow.  

The first steps toward the epochal end. ""Fate has written it.""  

It is only a matter of time now.","Мы слышим его. Голос его мягок, как мох, но крепок, как камень, на котором тот растёт.

Точно тихий гимн, несомый ветром, он поёт нам. Манит нас вперёд. Мы должны следовать.

Первые шаги к эпохальному концу. «Судьба начертала это».

Теперь это лишь вопрос времени."
"We met them at the pass in Thunderhead Peaks: five thousand of our finest soldiers blocking the only way forward for the Stone Summit forces. We were outnumbered, yes, but the narrow pass would force them to fight on our terms, and our archers controlled the cliff faces. It was our best opportunity to stop their advance.  
  
Had it been only the traitors, we'd have surely prevailed; their first wave crashed weakly into our shields and were cut down by our support from above. Then the mursaat appeared. I've seen many things in my day, but the horrors they inflicted on our forces will haunt me to my dying breath. Within minutes of their assault our lines broke, soldiers trampling each other as they fled. The mursaat killed most of us as we fled. But after what I saw that day, I think they might have been the lucky ones.","Мы встретили их в ущелье Громовых Вершин: пять тысяч наших лучших солдат преграждали единственный путь для сил Каменного Вершины. Нас было меньше, да, но узкое ущелье вынудило бы их сражаться на наших условиях, и наши лучники контролировали скалы. Это был наш лучший шанс остановить их продвижение.  
  
Если бы это были только предатели, мы бы наверняка победили; их первая волна слабо разбилась о наши щиты и была уничтожена нашей поддержкой сверху. Затем появились мурсааты. Я многое повидал на своём веку, но ужасы, которые они обрушили на наши силы, будут преследовать меня до последнего вздоха. В течение нескольких минут после их атаки наши ряды были прорваны, солдаты топтали друг друга в бегстве. Мурсааты убили большинство из нас, когда мы бежали. Но после того, что я увидел в тот день, я думаю, что им, возможно, повезло больше."
"We met them at the pass in Thunderhead Peaks: five thousand of our finest soldiers blocking the only way forward for the Stone Summit forces. We were outnumbered, yes, but the narrow pass would force them to fight on our terms, and our archers controlled the cliff faces. It was our best opportunity to stop their advance.    Had it been only the traitors, we'd have surely prevailed; their first wave crashed weakly into our shields and were cut down by our support from above. Then the mursaat appeared. I've seen many things in my day, but the horrors they inflicted on our forces will haunt me to my dying breath. Within minutes of their assault our lines broke, soldiers trampling each other as they fled. The mursaat killed most of us as we fled. But after what I saw that day, I think they might have been the lucky ones.","Мы встретили их в ущелье Пиков Громовой Головы: пять тысяч наших лучших воинов преграждали единственный путь силам Каменного Вершины. Нас было меньше, да, но узкое ущелье заставило бы их сражаться на наших условиях, а наши лучники контролировали скалы. Это был наш лучший шанс остановить их продвижение. Если бы это были только предатели, мы бы наверняка победили; их первая волна разбилась о наши щиты и была перебита нашей поддержкой сверху. Затем появились мурсааты. Я многое повидал на своём веку, но ужасы, которые они обрушили на наши войска, будут преследовать меня до последнего вздоха. Через несколько минут после их атаки наши ряды дрогнули, солдаты топтали друг друга в бегстве. Большинство из нас мурсааты убили во время бегства. Но после того, что я увидел в тот день, думаю, им ещё повезло."
"We need help. We're tripping over all the skritt, and what they don't steal, they bite.","Нам нужна помощь. Мы спотыкаемся о всех этих скриттов, и то, что они не крадут, они кусают."
"We regret to inform the people of Gavril that our guiding knight, so ardent, has passed; Justiciar Rhea, our eyes are on your back as you walk up the golden path. Her battle against illness was brief, and sadly, it was quickly lost...but every swing was radiant.  
  
A memorial will be held for Rhea in the coming days. Listen for song, you'll know what to do.","Мы с прискорбием сообщаем жителям Гаврила, что наш наставник-рыцарь, столь пылкий, ушёл; Юстициарий Рея, наши взоры устремлены на твою спину, когда ты восходишь по золотому пути. Её борьба с болезнью была недолгой, и, к сожалению, быстро проиграна... но каждый удар был лучезарным.  
  
В ближайшие дни состоится поминовение Реи. Слушайте песню — вы поймёте, что делать."
"We returned to the waking world to find Mordremoth still alive; its essence took shelter inside Trahearne, and there was no way to finish off the dragon without also killing the marshal. At his urging and with great regret...I ended Trahearne's life. Mordremoth was destroyed—once and for all. The dragon's death sent an enormous wave of magical energy across the entire jungle; it remains to be seen what effect this wave will have on the region, and the entire world.But that mystery can wait for tomorrow. Right now, we have more important things to get done: to remember those we've lost, to heal those who were hurt, to care for those who survived. The losses and sacrifices we've endured...this victory has to be worth the price we paid. We must make them count. I don't know what the future holds, but we must be prepared for whatever awaits us.","Мы вернулись в реальный мир и обнаружили, что Мордремоф всё ещё жив; его сущность укрылась внутри Траэрна, и не было способа уничтожить дракона, не убив маршала. По его настоянию и с огромным сожалением... я оборвал жизнь Траэрна. Мордремоф был уничтожен — раз и навсегда. Смерть дракона отправила огромную волну магической энергии по всему джунглям; ещё предстоит увидеть, какое влияние эта волна окажет на регион, и весь мир.Но эта загадка может подождать до завтра. Сейчас у нас есть более важные дела: помнить тех, кого мы потеряли, исцелить раненых, позаботиться о выживших. Потери и жертвы, которые мы перенесли... эта победа должна стоить той цены, которую мы заплатили. Мы должны оправдать их. Я не знаю, что ждёт нас в будущем, но мы должны быть готовы ко всему."
"We sent three scout teams to survey the area, and none ever came back alive. Three was more than we could afford, but we tried our best to know what we were heading into. All we really knew in the end was that they were dug in and ready for a fight. We had to soften their defenses first; it would have been suicidal to attack otherwise. So we bombarded them with spells from a distance, just like the handbook calls for.  
  
It was only when we got into the encampment and saw the bodies that we realized it had been a prison. They had been in cages when the fire came down, and there were claw marks in the walls where they had tried to escape. Many were still burning, a smell I doubt that any of us will ever forget. We cut down the loyalists who had not already fled—our anger directed at them to keep from attacking ourselves.  
  
I don't know what fate awaited them if we hadn't been here, so I can't say whether it would have been better or worse. But we failed them here, and that's something we may never be able to atone for. We'll fight on, at least, because that's what they deserve. Maybe then this loss won't be in vain.","Мы послали три разведочные группы обследовать местность, и ни одна не вернулась живой. Три — больше, чем мы могли себе позволить, но мы старались изо всех сил узнать, во что идём. В конце концов всё, что мы по-настоящему знали, — это что они окопались и готовы к бою. Сначала нужно было ослабить их оборону; иначе атаковать было бы самоубийством. Так что мы забросали их заклинаниями издали, ровно как велит наставление.

Лишь когда мы вошли в лагерь и увидели тела, мы поняли, что это была тюрьма. Они были в клетках, когда обрушился огонь, и на стенах остались следы когтей там, где они пытались вырваться. Многие ещё горели — запах, который, боюсь, никто из нас никогда не забудет. Мы зарубили лоялистов, что не успели бежать, — направив свой гнев на них, чтобы не наброситься на самих себя.

Не знаю, какая участь ждала пленников, не окажись мы здесь, так что не могу сказать, было бы это лучше или хуже. Но здесь мы их подвели, и это то, что нам, быть может, никогда не искупить. По крайней мере, мы будем сражаться дальше, ведь они этого заслуживают. Может, тогда эта потеря не будет напрасной."
"We went into the Brand but didn't find the missing ogre chieftain, Uldek. We did find the search party's only surviving member, an ogre named Kokara. She told us Uldek had become Branded and was raising a massive Branded horde to destroy Agrak Kraal. We agreed to help the kraal prepare for the coming onslaught.","Мы вошли в Порчу, но не нашли пропавшего вождя огров Ульдека. Зато обнаружили единственную выжившую из поискового отряда — огриху по имени Кокара. Она рассказала, что Ульдек оказался поражён Порчей и теперь собирает огромную орду Поражённых Порчей, чтобы уничтожить крааль Аграк. Мы согласились помочь краалю подготовиться к грядущему нападению."
"We're catching up on our quota, and you've earned yourself a break. I'm impressed. You have either a promising future as a prisoner guard or maybe even as a prisoner. I'm not sure who's more useful to me anymore. 

—Warden Scourejaw","Мы нагоняем нашу норму, и ты заслужил отдых. Я впечатлён. У тебя либо многообещающее будущее в качестве охранника заключённых, либо даже заключённого. Я уже не уверен, кто мне теперь более полезен. 

—Надзиратель Скуроджав"
"We're continuing the tradition of supporting Children's Miracle Network through Extra Life Game Day, and we want to thank you for being part of our community! Enjoy an in-game boost to magic find, experience points, and more during this event.

Join us on game day on our Twitch channel to show your support for Extra Life! Your donations support Children's Miracle Network—building awareness for children's hospitals and providing much-needed funds for children with urgent medical needs and their families.

To become part of our Super Team, or to create a sub-team and join forces with us, visit www.extra-life.org/arenanet. Together, we can change kids' health!","Мы продолжаем традицию поддержки Children's Miracle Network через Extra Life Game Day и хотим поблагодарить вас за то, что вы часть нашего сообщества! В ходе этого события насладитесь внутриигровым бонусом к поиску магии, очкам опыта и не только.

Присоединяйтесь к нам в игровой день на нашем канале Twitch, чтобы выразить поддержку Extra Life! Ваши пожертвования поддерживают Children's Miracle Network — повышая осведомлённость о детских больницах и предоставляя столь необходимые средства детям со срочными медицинскими нуждами и их семьям.

Чтобы стать частью нашей Супер-команды или создать под-команду и объединить с нами силы, посетите www.extra-life.org/arenanet. Вместе мы можем изменить здоровье детей!"
"We're glad for your help, newcomer. The Branded have made survival a constant struggle.

You're welcome in our krall any time.

—Groffmok","Мы рады твоей помощи, новичок. Проклятые сделали выживание постоянной борьбой.

Ты всегда желанный гость в нашем крале.

— Гроффмок"
"We're heading into the field again, Agent. Should be fun: a large army of crystallized creatures is gathering in the Brand, but we need more information before we act. We'll start with the ogres of Agrak Kraal—if anyone knows what's going on with the local wild beasties, it's them. Meet me there and we'll get to the bottom of this.
—Lightbringer Tybalt Leftpaw","Мы снова выходим в поле, агент. Должно быть весело: большая армия кристаллизованных существ собирается в Клейме, но нам нужно больше информации, прежде чем действовать. Начнём с огров Аграк-Краала — если кто и знает, что происходит с местными дикими тварями, то это они. Встретимся там и докопаемся до сути.
— Светоносец Тибальт Левая Лапа"
"We're managing to hold out against the undead. It is, however, unlikely that conditions will improve. If I weren't assigned here, I'd gladly go south and face the threat head on.

—Explorer Malcolm, Durmand Priory","Мы кое-как держимся против нежити. Однако вряд ли условия улучшатся. Если бы меня не назначили сюда, я бы с радостью отправился на юг и встретил угрозу лицом к лицу.

— Исследователь Малкольм, Дурмандский Приорат"
"We're taking the field again, Agent. Reports tell of grawl worshipping a dragon minion...I swear, those ape-men will worship anything, won't they? Problem is, they're making our mutual enemy stronger, so we have to convince them to stop. Gara, one of their shamans, recently fled the tribe, so meet me south of Hoelbrak and we'll see if we can all help each other. See you there, partner.
—Lightbringer Tybalt Leftpaw","Мы снова выходим в поле, агент. Донесения говорят, что граулы поклоняются слуге дракона... Клянусь, эти обезьянолюди будут поклоняться чему угодно, не так ли? Проблема в том, что они делают нашего общего врага сильнее, так что нам нужно убедить их прекратить. Гара, один из их шаманов, недавно бежал из племени, так что встретимся к югу от Хоэлбрека и посмотрим, сможем ли мы помочь друг другу. Увидимся там, напарник.
— Светоносец Тибальт Левая Лапа"
"We've been here for... By the Wolf, days? Weeks? A month may have passed, but I don't have the slightest idea...  
  
They killed Bakli, Magne's little boy. They dumped his body back into the cell. I...I covered him with my shawl. Closed his eyes. His feet were charred, his arms swollen and red. I haven't been taken for a round of experiments yet, but I fear for the worst when they do. It seems like only a few come back alive, and the others... I hope their deaths were swift, though I'm not ignorant to whatever reality awaits us deeper in the mine.  
  
I can only pray to the spirits that Knut is sending aid.","Мы здесь уже... Волком клянусь, дни? Недели? Может, прошёл месяц, но я понятия не имею...  
  
Они убили Бакли, маленького сына Магне. Они сбросили его тело обратно в камеру. Я... я накрыла его своей шалью. Закрыла ему глаза. Его ступни были обожжены, руки опухшие и красные. Меня ещё не забирали на очередной раунд экспериментов, но я боюсь худшего, когда это случится. Кажется, лишь немногие возвращаются живыми, а остальные... Надеюсь, их смерть была быстрой, хотя я не слепа к той реальности, что ждет нас глубже в шахте.  
  
Я могу только молиться духам, чтобы Кнут прислал помощь."
"We've been out here a handful of days, but I can tell Castora is something special. The other norn feel it; I wager even the sylvari feel it, too, in their own way. Nature is mostly unbound here, even with the presence of the castaways—wish my daughter could've joined me out here for a hunt or two.  
  
I suspect there are many great marks, fierce beasts to witness my prowess. I'll ask around—maybe the locals can put me on the path of something unique, something worthy of my legend, or least, something the folks back home haven't seen before.  
  
For now, I'm taking in the sights, the smells, the sounds. I feel as though I can hear a cacophony of wild spirits—spirits who're yet unaware that I am listening. I can hardly believe it! I will commune with them in time—make my presence known. To befriend a new spirit would be worth the trip by itself.","Мы здесь всего несколько дней, но я уже могу сказать, что Кастора — нечто особенное. Другие норны это чувствуют; держу пари, даже сильвари это чувствуют по-своему. Природа здесь в основном дикая, даже несмотря на присутствие выживших — жаль, что моя дочь не могла присоединиться ко мне на пару охот.  
  
Я подозреваю, что здесь много великих трофеев, свирепых зверей, которые увидят моё мастерство. Я расспрошу — может, местные укажут мне путь к чему-то уникальному, достойному моей легенды, или хотя бы тому, чего люди дома ещё не видели.  
  
А пока я впитываю виды, запахи, звуки. Мне кажется, я слышу какофонию диких духов — духов, которые ещё не знают, что я слушаю. Я едва могу в это поверить! Со временем я вступлю с ними в общение — заявлю о своём присутствии. Подружиться с новым духом само по себе стоило бы поездки."
"We've been out here a handful of days, but I can tell Castora is something special. The other norn feel it; I wager even the sylvari feel it, too, in their own way. Nature is mostly unbound here, even with the presence of the castaways—wish my daughter could've joined me out here for a hunt or two.    I suspect there are many great marks, fierce beasts to witness my prowess. I'll ask around—maybe the locals can put me on the path of something unique, something worthy of my legend, or least, something the folks back home haven't seen before.    For now, I'm taking in the sights, the smells, the sounds. I feel as though I can hear a cacophony of wild spirits—spirits who're yet unaware that I am listening. I can hardly believe it! I will commune with them in time—make my presence known. To befriend a new spirit would be worth the trip by itself.","Мы здесь всего несколько дней, но я уже понимаю, что Кастора — нечто особенное. Другие норны это чувствуют; держу пари, даже сильвари это чувствуют, по-своему. Природа здесь в основном необузданна, даже несмотря на присутствие изгоев — жаль, что моя дочь не смогла присоединиться ко мне на охоту или две. Подозреваю, здесь много отличных целей, свирепых зверей, которые увидят моё мастерство. Я расспрошу — может, местные укажут мне путь к чему-то уникальному, достойному моей легенды, или хотя бы тому, чего не видели дома. Пока я впитываю виды, запахи, звуки. Мне кажется, я слышу какофонию диких духов — духов, которые ещё не знают, что я слушаю. Я едва могу в это поверить! Со временем я войду с ними в общение — заявлю о своём присутствии. Подружиться с новым духом само по себе стоило бы этой поездки."
"We've discovered dwarven ruins southeast of here. I'd like to send an expedition to investigate, but right now we don't have the manpower to ensure a safe trip. Would you be willing to help?","Мы обнаружили дварфийские руины к юго-востоку отсюда. Я хотел бы отправить экспедицию для исследования, но сейчас у нас не хватает людей для безопасного путешествия. Не согласитесь ли вы помочь?"
"We've got another mission, Crusader: the quaggans in Lake Wyrmblood have been disappearing, and it looks like the dragons' minions are involved. The Vigil wants this seen to, so meet me there and we'll sort out whatever is preying on those soft-bodied, soft-headed pacifists.
—Warmaster Forgal Kernsson","У нас новое задание, крестоносец: квагганы в Озере Змеекрови исчезают, и, похоже, замешаны слуги драконов. Дозор хочет, чтобы с этим разобрались, так что встретимся там и выясним, что охотится на этих мягкотелых, мягкоголовых пацифистов.
— Военачальник Форгал Кернссон"
"We've got another mission, Crusader: the skritt out near the Feral Dens are in something of a panic, and it looks like the dragons' minions are involved. Whatever's going on underground, it can't be good if creatures with brains the size of walnuts are afraid. Meet me there, and be sure to bring your weapons and your patience.
—Warmaster Forgal Kernsson","У нас новое задание, крестоносец: скритты возле Диких Логов в панике, и, похоже, замешаны слуги драконов. Что бы ни происходило под землёй, это не к добру, если существа с мозгами размером с грецкий орех напуганы. Встретимся там, и не забудь взять оружие и терпение.
— Военачальник Форгал Кернссон"
"We've got the item secured and we're preparing to make the trek back to Supra Fortis. However, we've sustained significant equipment losses getting through the thick vines and the seer defenses. Our remaining loadout is:

3 golems, one with nonfunctioning weapons
8 machetes, all in need of sharpening
3 shield generators, none at full functionality
14 rifles, all of which have become mud clogged and unreliable
6 field engineers, also mud clogged and unreliable

Let's hope this was worth it, if we even make it back alive.","Мы завладели предметом и готовимся к возвращению в Супра Фортис. Однако мы понесли значительные потери снаряжения, пробиваясь через густые лианы и защиту провидцев. Наш оставшийся арсенал:

3 голема, один с неработающим оружием
8 мачете, все требуют заточки
3 генератора щитов, ни один не функционирует полностью
14 винтовок, все забиты грязью и ненадёжны
6 полевых инженеров, также забиты грязью и ненадёжны

Будем надеяться, что это того стоило, если мы вообще вернёмся живыми."
"We've gotten several flattering reports regarding your actions in the field. I've learned to believe even the outlandish when it comes to you.

Our targets have been hit. This operation is marked as a success. Well done. Of course, you're encouraged to proactively seek and eliminate these threats to Tyria. We'll continue issuing intel as agents withdraw.

—HS

PS: This message won't self-destruct, but you'll burn it yourself if you know what's good for you.","Мы получили несколько лестных докладов о твоих действиях в поле. Я научился верить даже невероятному, когда речь идёт о тебе.

Наши цели поражены. Операция признана успешной. Отличная работа. Конечно, тебя поощряют активно искать и устранять эти угрозы Тирии. Мы продолжим предоставлять разведданные по мере отхода агентов.

— HS

P.S. Это сообщение не самоуничтожится, но ты сожжёшь его сам, если понимаешь, что для тебя хорошо."
"We've made some headway on our lodestone research. I'd like to discuss it more with you. Please come find me in Lion's Arch as soon as you can.

—Ela Makkay","Мы продвинулись в наших исследованиях магнитного камня. Я хотела бы обсудить это с тобой подробнее. Пожалуйста, найди меня в Львином Архиве как можно скорее.

— Эла Маккей"
"We've reached the remnants of something curious—a cathedral of blood! Ruins, laced with White Mantle iconography. Tucked away in the forest and shielded by storm like a reverent whisper... Saul most certainly was here, and whatever this place once was, his reach was powerful. This mission was set by something greater than me. I was meant to walk this land.  
  
While we set up camp, I'm sending Ulrich into the ruins to search for anything he can find. Anything that tells us what happened here.  
  
---  
  
It seems my labors bear more fruit. Ulrich returned to my tent with a locked chest—worn from decades of solitude but sealed shut to protect whatever sat inside. I had him crack the latch, revealing the time-locked contents. ""Excitement"" isn't the right word. ""Validation"" might be. Town ordinances, letters, receipts, health records... These ruins were a village. A village that was turned into a haven of radical thought. And it was led by Saul's chosen.  
  
They called it Gavril, and it meant nothing before Saul filled it with his people.","Мы достигли остатков чего-то любопытного — кровавого собора! Руины, украшенные символикой Белого Плаща. Спрятанный в лесу и защищённый бурей, словно благоговейный шёпот... Сол определённо был здесь, и чем бы ни было это место, его влияние было могущественным. Эта миссия была назначена кем-то большим, чем я. Мне было суждено пройти этой землёй.  
  
Пока мы разбиваем лагерь, я отправляю Ульриха в руины на поиски чего-нибудь, что он сможет найти. Что-нибудь, что расскажет нам, что здесь произошло.  
  
---  
  
Кажется, мои труды приносят больше плодов. Ульрих вернулся в мою палатку с запертым сундуком — потрёпанным десятилетиями одиночества, но запечатанным, чтобы защитить то, что было внутри. Я велел ему взломать замок, открыв содержимое, законсервированное временем. «Волнение» — не то слово. «Подтверждение» — возможно. Городские постановления, письма, квитанции, медицинские записи... Эти руины были деревней. Деревней, превратившейся в убежище радикальной мысли. И ею руководили избранные Сола.  
  
Они называли её Гаврил, и она ничего не значила, пока Сол не наполнил её своим народом."
"We, the Inquest (seller), hereby transfer ownership of one (1) Electro-Field Wide-Area Shock Transference Battery, hereinafter referred to as ""The Machine,"" to Jessica and Jimmy Hammerhart (purchaser) of Twisting Hollows, Shipwreck Strand, Castora. By signing this contract, purchaser agrees to the following conditions:  
  
—Purchaser acknowledges that the Machine must be set to the exacting specifications detailed in the included manual* for proper operation.  
  
—At buyer's request, the Machine was modified for use by only 2 operators.  
  
—Operators must be positively or negatively charged depending on their locations.  
  
—Teleporters were also included in the purchase price, to accommodate the lack of a full krewe.  
  
—Purchaser has released seller from any liability for aforementioned modifications, as well as purchaser's disinterest in safety warnings, power scale and range limits, optimal operating parameters, negative effects of humidity, temperature, elevation, &c &c.  
  
In return, purchaser has provided access to Twisting Hollows cavern system, a company of experienced freebooters, an undisclosed sum of gold, and agreed to ""Blow some Hullgardeners apart. BOOM!""  
  
*Waived by purchaser.","Мы, Инквест (продавец), настоящим передаём право собственности на один (1) Электро-Полевой Широкозонный Разрядный Трансферный Аккумулятор, далее именуемый «Машина», Джессике и Джимми Хаммерхарт (покупателям) из Кручёных Лощин, Корабельного Берега, Касторы. Подписывая этот контракт, покупатель соглашается со следующими условиями:  
  
— Покупатель признаёт, что Машина должна быть настроена в соответствии с точными спецификациями, описанными в прилагаемом руководстве*, для правильной работы.  
  
— По запросу покупателя Машина была модифицирована для использования только 2 операторами.  
  
— Операторы должны быть положительно или отрицательно заряжены в зависимости от их местоположения.  
  
— Телепортеры также были включены в стоимость покупки, чтобы компенсировать отсутствие полной команды.  
  
— Покупатель освобождает продавца от любой ответственности за вышеупомянутые модификации, а также за невнимание покупателя к предупреждениям безопасности, ограничениям мощности и дальности, оптимальным рабочим параметрам, негативным эффектам влажности, температуры, высоты и т.д. и т.п.  
  
Взамен покупатель предоставил доступ к системе пещер Кручёных Лощин, отряд опытных флибустьеров, неразглашаемую сумму золота и согласился «Разнести парочку Садоводов-Корпусов. БУМ!»  
  
*Отказ от руководства подписан покупателем."
Weapon Requisitioner Arto,Оружейник Арто
"Welcome back, %str1%!

Attached to this message you will find several Writs of Experience.

Once you accept the gifts attached to this message, you can find them in your inventory. Double-click the Writ of Experience to consume it and immediately gain 5%% of the XP required to reach the next level.

Be sure to check back tomorrow for another gift to help you in your adventures!

—ArenaNet","С возвращением, %str1%!

К этому сообщению приложено несколько предписаний опыта.

Приняв дары, приложенные к этому сообщению, вы найдёте их в своём инвентаре. Дважды щёлкните по предписанию опыта, чтобы использовать его и мгновенно получить 5%% опыта, нужного для достижения следующего уровня.

Обязательно загляните завтра за очередным подарком в помощь вашим приключениям!

— ArenaNet"
"Welcome back, %str1%!

We are thrilled you have been exploring Tyria for a full week! We hope you are enjoying yourself.

Attached to this message you will find a Celebration Booster that will grant you +100%% magic find for 1 hour. Magic find helps you have a better chance at finding high-quality items as loot from slain foes.

The Celebration Booster will also grant you double experience and gold from kills and give you a 10 percent bonus to PvP and WvW reward track progress while it is active.

Thank you for playing Guild Wars 2, and we look forward to hearing the legends of your journey.

—ArenaNet","С возвращением, %str1%!

Мы рады, что вы исследуете Тирию уже целую неделю! Надеемся, вам нравится.

К этому сообщению прилагается Праздничный ускоритель, который даст вам +100%% к поиску магии на 1 час. Поиск магии увеличивает ваши шансы найти предметы высокого качества в качестве добычи с поверженных врагов.

Праздничный ускоритель также удвоит получаемый опыт и золото за убийства и даст 10-процентный бонус к прогрессу в треках наград в PvP и WvW, пока он активен.

Спасибо, что играете в Guild Wars 2, и мы с нетерпением ждём историй о ваших приключениях.

—ArenaNet"
"Welcome back, %str1%!

We hope you are enjoying your time in Tyria. Attached to this message you will find a Weapon Selection Box. Selection Boxes allow you to select one item from a number of options.

To open the Selection Box, simply accept the gift attached to this message and double-click the Selection Box in your inventory. You will then be able to select the weapon of your choice. Be sure to select an item that is usable for your profession. That item can then be equipped by double-clicking it in your inventory.

You can see all of your currently equipped gear by visiting the Equipment tab on the Hero panel.

Be sure to check back tomorrow for another gift to help you in your adventures!

—ArenaNet","С возвращением, %str1%!

Надеемся, вам нравится проводить время в Тирии. К этому сообщению прилагается Шкатулка с выбором оружия. Шкатулки с выбором позволяют выбрать один предмет из нескольких вариантов.

Чтобы открыть Шкатулку с выбором, просто примите подарок, прикреплённый к этому сообщению, и дважды щёлкните по Шкатулке в своём инвентаре. Затем вы сможете выбрать оружие по своему вкусу. Обязательно выберите предмет, который подходит для вашего класса. Затем этот предмет можно экипировать, дважды щёлкнув по нему в инвентаре.

Вы можете увидеть всё своё текущее снаряжение, посетив вкладку «Снаряжение» на панели героя.

Обязательно загляните завтра за новым подарком, который поможет вам в приключениях!

—ArenaNet"
"Welcome back, %str1%!

We hope you are enjoying your time in Tyria. Attached to this message you will find a ring to help you on your journeys.

Up to two rings can be equipped at once, and each one offers a variety of bonuses that will help you survive the many challenges you will face across Tyria. Double-click this item from your inventory to equip it.

You can see all of your currently equipped gear by visiting the Equipment tab on the Hero panel.

Be sure to check back tomorrow for another gift to help you in your adventures!

—ArenaNet","С возвращением, %str1%!

Надеемся, вам нравится проводить время в Тирии. К этому сообщению прилагается кольцо, которое поможет вам в ваших путешествиях.

Одновременно можно экипировать до двух колец, и каждое из них предлагает множество бонусов, которые помогут вам выжить в многочисленных испытаниях, ожидающих вас в Тирии. Дважды щёлкните этот предмет в инвентаре, чтобы экипировать его.

Вы можете увидеть всё своё текущее снаряжение, посетив вкладку «Снаряжение» на панели героя.

Обязательно загляните завтра за новым подарком, который поможет вам в приключениях!

—ArenaNet"
"Welcome back, %str1%!

We hope you are enjoying your time in Tyria. Attached to this message you will find an amulet to help you on your journeys.

One amulet can be equipped at a time, and each one offers a variety of bonuses that will help you overcome the challenges you will face in Tyria. Double-click this item from your inventory to equip it.

You can see all of your currently equipped gear by visiting the Equipment tab on the Hero panel.

Be sure to check back tomorrow for another gift to help you in your adventures!

—ArenaNet","С возвращением, %str1%!

Надеемся, вам нравится проводить время в Тирии. К этому сообщению прилагается амулет, который поможет вам в ваших путешествиях.

Одновременно можно экипировать только один амулет, и каждый из них предлагает множество бонусов, которые помогут вам преодолеть испытания, ожидающие вас в Тирии. Дважды щёлкните этот предмет в инвентаре, чтобы экипировать его.

Вы можете увидеть всё своё текущее снаряжение, посетив вкладку «Снаряжение» на панели героя.

Обязательно загляните завтра за новым подарком, который поможет вам в приключениях!

—ArenaNet"
"Welcome back, %str1%!

We hope you are enjoying your time in Tyria. To help you along in your adventures, we have attached an Experience Booster that will help you gain experience more quickly.

Experience Boosters will increase the experience you gain from defeating enemies, completing quests, and all other activities for 30 minutes. To activate the Experience Booster, accept the gift attached to this message, find it in your inventory, and double-click on the Experience Booster.

Additional boosters can be earned as rewards for completing certain steps on your personal story quest line or purchased directly from the Black Lion Trading Company.

Be sure to check back tomorrow for another gift to help you in your adventures!

—ArenaNet","С возвращением, %str1%!

Надеемся, вам нравится проводить время в Тирии. Чтобы помочь вам в приключениях, мы приложили Ускоритель опыта, который поможет вам получать опыт быстрее.

Ускорители опыта увеличивают опыт, получаемый за уничтожение врагов, выполнение заданий и все остальные действия, на 30 минут. Чтобы активировать Ускоритель опыта, примите подарок, прикреплённый к этому сообщению, найдите его в инвентаре и дважды щёлкните по нему.

Дополнительные ускорители можно получить в качестве награды за выполнение определённых шагов вашей личной истории или купить напрямую в Торговой компании «Чёрный лев».

Обязательно загляните завтра за новым подарком, который поможет вам в приключениях!

—ArenaNet"
"Welcome back, %str1%!We hope you are enjoying your time in Tyria. Attached to this message you will find a Weapon Selection Box. Selection Boxes allow you to select one item from a number of options.To open the Selection Box, simply accept the gift attached to this message and double-click the Selection Box in your inventory. You will then be able to select the weapon of your choice. Be sure to select an item that is usable for your profession. That item can then be equipped by double-clicking it in your inventory.You can see all of your currently equipped gear by visiting the Equipment tab on the Hero panel.Be sure to check back tomorrow for another gift to help you in your adventures!—ArenaNet","С возвращением, %str1%!Надеемся, вам нравится проводить время в Тирии. К этому сообщению прилагается Сундук выбора оружия. Сундуки выбора позволяют выбрать один предмет из нескольких вариантов.Чтобы открыть Сундук выбора, просто примите подарок, приложенный к этому сообщению, и дважды щёлкните по Сундуку выбора в своём инвентаре. Затем вы сможете выбрать оружие по своему вкусу. Обязательно выберите предмет, подходящий для вашего класса. Этот предмет можно экипировать, дважды щёлкнув по нему в инвентаре.Просмотреть всё ваше текущее снаряжение можно на вкладке «Снаряжение» панели героя.Обязательно загляните завтра, чтобы получить ещё один подарок в помощь вашим приключениям!—ArenaNet"
"Welcome back, %str1%!We hope you are enjoying your time in Tyria. To help you along in your adventures, we have attached an Experience Booster that will help you gain experience more quickly.Experience Boosters will increase the experience you gain from defeating enemies, completing quests, and all other activities for 30 minutes. To activate the Experience Booster, accept the gift attached to this message, find it in your inventory, and double-click on the Experience Booster.Additional boosters can be earned as rewards for completing certain steps on your personal story quest line or purchased directly from the Black Lion Trading Company.Be sure to check back tomorrow for another gift to help you in your adventures!—ArenaNet","С возвращением, %str1%!Надеемся, вам нравится проводить время в Тирии. Чтобы помочь вам в ваших приключениях, мы приложили Усилитель опыта, который поможет вам быстрее получать опыт.Усилители опыта увеличивают опыт, получаемый за убийство врагов, выполнение заданий и любые другие действия, на 30 минут. Чтобы активировать Усилитель опыта, примите подарок, приложенный к этому сообщению, найдите его в инвентаре и дважды щёлкните по нему.Дополнительные усилители можно получить в качестве награды за выполнение определённых этапов личной сюжетной линии или приобрести напрямую у Торговой компании Чёрного льва.Обязательно загляните завтра, чтобы получить ещё один подарок в помощь вашим приключениям!—ArenaNet"
Welcome to Raintimber Mill. You here to help out with the skelk training program?,"Добро пожаловать на Лесопилку Дождливого Леса. Вы здесь, чтобы помочь с программой дрессировки скелков?"
"Welcome to Tyria, %str1%!

Attached to this message you will find a token of our appreciation for your decision to embark on your journey across Tyria.

This is an accessory. Up to two accessories can be equipped at once, and each one offers a variety of bonuses that will help you survive the many challenges you will face across Tyria.

Once you accept this gift from this message, you can double-click this item from your inventory to equip it.

You can see all of your currently equipped gear by visiting the Equipment tab on the Hero panel.

Be sure to check back tomorrow for another gift to help you in your adventures!

—ArenaNet","Добро пожаловать в Тирию, %str1%!

К этому сообщению прилагается знак нашей признательности за ваше решение отправиться в путешествие по Тирии.

Это аксессуар. Одновременно можно экипировать до двух аксессуаров, и каждый из них предлагает множество бонусов, которые помогут вам выжить в многочисленных испытаниях, ожидающих вас в Тирии.

После того как вы примете этот подарок из сообщения, вы можете дважды щёлкнуть этот предмет в инвентаре, чтобы экипировать его.

Вы можете увидеть всё своё текущее снаряжение, посетив вкладку «Снаряжение» на панели героя.

Обязательно загляните завтра за новым подарком, который поможет вам в приключениях!

—ArenaNet"
"Welcome to Tyria, %str1%!

Attached to this message you will find a token of our appreciation for your decision to embark on your journey across Tyria. This is a Writ of Experience.

Once you accept the gift attached to this message, you can find it in your inventory. Double-click the Writ of Experience to consume it and immediately gain 5%% of the XP required to reach the next level.

Be sure to check back tomorrow for another gift to help you in your adventures!

—ArenaNet","Добро пожаловать в Тирию, %str1%!

К этому сообщению прилагается знак нашей признательности за ваше решение отправиться в путешествие по Тирии. Это Свиток опыта.

После того как вы примете подарок, прикреплённый к этому сообщению, вы сможете найти его в своём инвентаре. Дважды щёлкните по Свитку опыта, чтобы использовать его и мгновенно получить 5%% опыта, необходимого для достижения следующего уровня.

Обязательно загляните завтра за новым подарком, который поможет вам в приключениях!

—ArenaNet"
Welcome to our little corner of the world.,Добро пожаловать в наш маленький уголок мира.
"Welcome to the Fashion tab, where you can change your cosmetics and dyes and save your cosmetic choices to Fashion Templates using Transmutation Charges.

Would you like to populate and save the first Fashion Template for free with your currently equipped cosmetics? You can also do this later on any Fashion Template by selecting %str1%.","Добро пожаловать на вкладку «Наряд», где вы можете менять косметические предметы и красители и сохранять свои косметические настройки в Шаблоны наряда с помощью Зарядов трансмутации.

Хотите заполнить и сохранить первый Шаблон наряда бесплатно, используя ваше текущее косметическое снаряжение? Вы также можете сделать это позже на любом Шаблоне наряда, выбрав %str1%."
"Welcome, friend,

Thank you for purchasing a membership with the Eldvin Monastery Brew of the Month Club. Over the next year, we'll supply a collection of beers specifically brewed for each particular month by the Eldvin Monastery or other small breweries around Tyria. At the start of each month, after you visit a major city, expect a package to arrive containing that month's finely crafted brew. 

Members who collect each month's brew will be awarded with our special VIP package containing a selection of special items and a title that reflects the passion of brew savants. 

Additional samples may be purchased by visitors to Eldvin Monastery in Queensdale. Due to the exclusive nature of our club, only club members will be allowed to purchase for their brew collection!

Good health and a glass for your thirst,

—Desch Metz,
Master Brewer, Eldvin Monastery","Добро пожаловать, друг,

Благодарим за приобретение членства в Клубе «Пиво месяца» монастыря Eldvin. В течение следующего года мы будем поставлять коллекцию сортов пива, сваренных специально для каждого конкретного месяца монастырём Eldvin или другими малыми пивоварнями по всей Tyria. В начале каждого месяца, после того как вы посетите крупный город, ожидайте прибытия посылки с искусно сваренным пивом того месяца.

Члены, что соберут пиво каждого месяца, будут награждены нашей особой VIP-посылкой с подборкой особых предметов и титулом, что отражает страсть знатоков пива.

Дополнительные образцы могут приобрести посетители монастыря Eldvin в Queensdale. Ввиду исключительной природы нашего клуба, покупать для своей коллекции пива будет дозволено лишь членам клуба!

Доброго здравия и стакана на вашу жажду,

—Desch Metz,
Мастер-пивовар, монастырь Eldvin"
"Well done, %str1%!

Your extensive exploration and kindly deeds have exceeded our expectations. You've challenged Frostgorge Sound, a land known for its bitter cold and Jormag's icy grip, and stood victorious over your enemies.

The trials of Orr, and battle with Zhaitan, await you. Be careful, and embrace your newfound strength.

Good travels,
—Tyrian Explorers Society","Отлично, %str1%!

Ваши обширные исследования и добрые дела превзошли наши ожидания. Вы бросили вызов Заливе Морозного Ущелья — земле, известной своей лютой стужей и ледяной хваткой Йормага, и одержали победу над врагами.

Испытания Орра и битва с Жаитаном ждут вас. Будьте осторожны и примите свою новообретённую силу.

Удачных странствий,
—Тирийское общество исследователей"
"Well, for starters, you can help train the young skelk. You can also give orders to trained skelk, or get rid of a few of the hostile skelk lingering around, disrupting operations.","Ну, для начала вы можете помочь дрессировать молодых скелков. Также вы можете отдавать приказы обученным скелкам или избавиться от нескольких враждебных скелков, которые задерживаются здесь и мешают работе."
"Well, looks like we've hit a dead end. The portal puzzle was a clever idea for an intelligence test—Blish really knows what he's doing with the portal tech. Unfortunately, it looks like the specimens aren't showing any special intellectual capacity. I wasn't the only one expecting positive results due to the Balthazar energy absorbed by Kralkatorrik.

A note: I'm starting to worry about housing the Branded specimens here. It's not just that they're extremely aggressive. I think there's strategy involved in their behavior. The other day, it really seemed like they were trying to trick me into leaving my notes in their lockup—notes that include the codes to the locks. Am I being paranoid?

A thought: maybe we should be testing their strategic/tactical capacities rather than their intellect?","Ну что ж, похоже, мы зашли в тупик. Головоломка с порталом была удачной идеей для проверки интеллекта — Блиш действительно знает своё дело с портальной техникой. К сожалению, похоже, образцы не проявляют особых умственных способностей. Я был не единственным, кто ожидал положительных результатов из-за энергии Бальтазара, поглощённой Кралькаторриком.

Заметка: я начинаю беспокоиться о содержании здесь Проклятых образцов. Дело не только в их крайней агрессивности. Я думаю, в их поведении есть стратегия. На днях мне действительно показалось, что они пытались обманом заставить меня оставить свои записи в их камере — записи, включающие коды к замкам. Я параноик?

Мысль: возможно, нам стоит проверять их стратегические/тактические способности, а не интеллект?"
"Well, looks like we've hit a dead end. The portal puzzle was a clever idea for an intelligence test—Blish really knows what he's doing with the portal tech. Unfortunately, it looks like the specimens aren't showing any special intellectual capacity. I wasn't the only one expecting positive results due to the Balthazar energy absorbed by Kralkatorrik.A note: I'm starting to worry about housing the Branded specimens here. It's not just that they're extremely aggressive. I think there's strategy involved in their behavior. The other day, it really seemed like they were trying to trick me into leaving my notes in their lockup—notes that include the codes to the locks. Am I being paranoid?A thought: maybe we should be testing their strategic/tactical capacities rather than their intellect?","Что ж, похоже, мы зашли в тупик. Головоломка с порталом была удачной идеей для проверки интеллекта — Блиш действительно знает своё дело с портальной техникой. К сожалению, похоже, образцы не проявляют особых умственных способностей. Я был не единственным, кто ожидал положительных результатов из-за энергии Бальтазара, поглощённой Кралькаторриком.Примечание: я начинаю беспокоиться о содержании Клеймёных образцов здесь. Дело не только в их чрезвычайной агрессивности. Я думаю, в их поведении есть стратегия. На днях мне действительно показалось, что они пытались обманом заставить меня оставить свои записи в их клетке — записи, которые включают коды к замкам. Я параноик?Мысль: возможно, нам стоит тестировать их стратегические/тактические способности, а не интеллект?"
"Well, well. You've certainly earned my attention, %str1%.

What do they call you...the commander, was it? What a prestigious title. I've decided to make a special side project out of you, my dear. We're going to be seeing much more of each other, so you might as well cozy up and listen.

I warned you not to get in my way, but here we are. Next time I won't be quite so...gentle.

I simply can't wait to take you apart and see what makes you tick.

Tick-tock-tick.

—Scarlet (I don't need to hide behind silly codenames like ""B"" anymore, do I? This is quite exciting...)","Ну-ну. Вы определённо заслужили моё внимание, %str1%.

Как вас там называют... командующий, кажется? Какое престижное звание. Я решила сделать из вас особый побочный проект, моя дорогая. Мы будем видеться гораздо чаще, так что можете устраиваться поудобнее и слушать.

Я предупреждала вас не становиться у меня на пути, но вот мы здесь. В следующий раз я буду не такой... нежной.

Мне не терпится разобрать вас на части и посмотреть, что заставляет вас тикать.

Тик-так-тик.

— Скарлет (Мне больше не нужно прятаться за глупыми кодовыми именами вроде «Б», не так ли? Это довольно волнительно...)"
"Well, you've earned as much as I can pay you. Why don't you stop by to collect your reward? If you're looking for more work, I suspect you'll come in handy on the Diessa Plateau. We have real problems out on the range.

—Maxtar Rapidstep, Bovaris Estate","Что ж, вы заработали столько, сколько я могу вам заплатить. Почему бы вам не зайти за наградой? Если ищете ещё работу, подозреваю, вы пригодитесь на плато Дьесса. У нас серьёзные проблемы на ранчо.

— Макстар Быстрошаг, поместье Боварис"
West Wing Door,Дверь Западного Крыла
Western Crane,Западный кран
Western Parapet,Западный парапет
"Western Ward:
Check the cave filled with lanterns and libations.","Западный оплот:
Загляни в пещеру, полную фонарей и подношений."
"Western Ward:
Even the tiny karka can't find its way into this house with a view.","Западный оплот:
Даже крошечная карка не может пробраться в этот дом с видом."
"Western Ward:
Get below decks at the Crow's Nest.","Западный квартал:
Спуститесь под палубу в «Вороньем гнезде»."
"What are alliances?
Alliances allow multiple guilds to join forces when battling in the Mists. Allied guilds will be put together during matchmaking, allowing them to play in the same worlds.
• When creating or joining an alliance, your guild will be invited to that alliance.
• If your guild has more players than the allowed invite capacity, you will need to give permission to guild members to choose your guild as their WvW guild.
• A guild may only belong to one alliance at a time.
• An alliance is limited to 500 players.
 
Who can create or accept alliance invitations?
Guild leaders and those they give permission to may create an alliance or accept an alliance invitation.
 
What are the requirements for joining an alliance?
• You must meet the general criteria for participating in WvW events.
• You must have selected a WvW guild.
• You must have sufficient Badges of Honor to pay the creation fee to create (but not join) an alliance.","Что такое альянсы?
Альянсы позволяют нескольким гильдиям объединять силы в битвах в Туманах. Союзные гильдии будут сводиться вместе при подборе, что позволит им играть в одних мирах.
• При создании альянса или вступлении в него ваша гильдия будет приглашена в этот альянс.
• Если в вашей гильдии больше игроков, чем допускает вместимость приглашений, вам потребуется дать членам гильдии разрешение выбрать вашу гильдию своей гильдией WvW.
• Гильдия может состоять только в одном альянсе одновременно.
• Альянс ограничен 500 игроками.

Кто может создавать альянсы или принимать приглашения в них?
Лидеры гильдий и те, кому они дадут разрешение, могут создать альянс или принять приглашение в альянс.

Каковы требования для вступления в альянс?
• Вы должны соответствовать общим критериям участия в событиях WvW.
• Вы должны выбрать гильдию WvW.
• У вас должно быть достаточно Знаков Чести, чтобы оплатить взнос за создание (но не за вступление) альянса."
"What are alliances?Alliances allow multiple guilds to join forces when battling in the Mists. Allied guilds will be put together during matchmaking, allowing them to play in the same worlds.• When creating or joining an alliance, your guild will be invited to that alliance.• If your guild has more players than the allowed invite capacity, you will need to give permission to guild members to choose your guild as their WvW guild.• A guild may only belong to one alliance at a time.• An alliance is limited to 500 players. Who can create or accept alliance invitations?Guild leaders and those they give permission to may create an alliance or accept an alliance invitation. What are the requirements for joining an alliance?• You must meet the general criteria for participating in WvW events.• You must have selected a WvW guild.• You must have sufficient Badges of Honor to pay the creation fee to create (but not join) an alliance.","Что такое альянсы? Альянсы позволяют нескольким гильдиям объединять силы для сражений в Туманах. Союзные гильдии будут собраны вместе во время подбора, что позволит им играть на одних мирах. • При создании или вступлении в альянс ваша гильдия будет приглашена в этот альянс. • Если в вашей гильдии больше игроков, чем разрешённая вместимость приглашений, вам нужно будет разрешить членам гильдии выбрать вашу гильдию как их гильдию для WvW. • Гильдия может принадлежать только одному альянсу одновременно. • Альянс ограничен 500 игроками. Кто может создавать или принимать приглашения в альянс? Лидеры гильдий и те, кому они дали разрешение, могут создать альянс или принять приглашение в альянс. Каковы требования для вступления в альянс? • Вы должны соответствовать общим критериям для участия в событиях WvW. • Вы должны выбрать гильдию для WvW. • У вас должно быть достаточно значков чести для оплаты сбора за создание (но не за вступление) альянса."
What exactly is this device?,Что именно это за устройство?
"What happened out there? While you were grandstanding with Rytlock Brimstone, the members of our warband that you left behind suffered near-total losses. This mess is all your fault!
I'm in charge, and I'm taking steps to replenish our numbers. If you expect to have a future in the Blood Legion, report to me in the Black Citadel immediately.
—Legionnaire Urvan Steelbane","Что там произошло? Пока ты красовался с Ритлоком Жарокамнем, члены нашего отряда, которых ты оставил, понесли почти полные потери. Этот беспорядок — полностью твоя вина!
Я здесь главный, и я принимаю меры, чтобы восполнить наши ряды. Если ты рассчитываешь на будущее в Кровавом Легионе, немедленно явись ко мне в Чёрную Цитадель.
—Легионер Урван Сталебой"
"What the Forged are doing to these people is horrible. They're turning them into war machines against their will to continue Balthazar's nonsense quest. I'm glad reality didn't play out like this, for a few reasons.  

These people just want to live their lives without conflict, not become meat bags in some warmonger's never-ending debacle. Even worse, their despair is starting to attract Kryptis left and right; they consume emotion, so of course, the fractals are ripe with confusion and pain. And even more are coming in from Nayos each day. I have a horrible feeling about what this place might become... The fractals are blood in water.  

I know the commander beat Balthazar (in our reality, at least), but seeing what could've been is...a lot. There would be so much suffering without you. Wherever you are, I hope you know that. And I kinda wish you were here.","То, что Кованые делают с этими людьми, ужасно. Они превращают их в военные машины против их воли, чтобы продолжать бессмысленный квест Бальтазара. Я рад, что реальность не сложилась так, по нескольким причинам.  

Эти люди просто хотят жить своей жизнью без конфликтов, а не становиться мясными мешками в бесконечной катастрофе какого-то поджигателя войны. Что ещё хуже, их отчаяние начинает привлекать криптисов повсюду; они питаются эмоциями, так что, конечно, фракталы полны замешательства и боли. И каждый день из Найоса прибывает всё больше. У меня ужасное чувство, чем это место может стать... Фракталы — это кровь в воде.  

Я знаю, что командующий победил Бальтазара (по крайней мере, в нашей реальности), но видеть, что могло бы быть... это много. Без тебя было бы так много страданий. Где бы ты ни был, надеюсь, ты это знаешь. И я бы хотел, чтобы ты был здесь."
"What the Forged are doing to these people is horrible. They're turning them into war machines against their will to continue Balthazar's nonsense quest. I'm glad reality didn't play out like this, for a few reasons.  These people just want to live their lives without conflict, not become meat bags in some warmonger's never-ending debacle. Even worse, their despair is starting to attract Kryptis left and right; they consume emotion, so of course, the fractals are ripe with confusion and pain. And even more are coming in from Nayos each day. I have a horrible feeling about what this place might become... The fractals are blood in water.  I know the commander beat Balthazar (in our reality, at least), but seeing what could've been is...a lot. There would be so much suffering without you. Wherever you are, I hope you know that. And I kinda wish you were here.","Что Фордж творят с этими людьми — ужасно. Они превращают их в военные машины против их воли, чтобы продолжить бессмысленную затею Бальтазара. Я рад, что реальность сложилась не так, и по нескольким причинам. Эти люди просто хотят жить своей жизнью без конфликтов, а не стать мешками с мясом в бесконечной баталии какого-то поджигателя войны. Хуже того, их отчаяние начинает привлекать криптисов повсюду; они питаются эмоциями, так что, конечно, фракталы полны смятения и боли. И с каждым днём прибывает всё больше из Найоса. У меня ужасное предчувствие насчёт того, чем это место может стать... Фракталы — это кровь в воде. Я знаю, что командир победил Бальтазара (по крайней мере, в нашей реальности), но видеть, что могло бы быть... это много. Без вас было бы так много страданий. Где бы вы ни были, надеюсь, вы это знаете. И я почти хочу, чтобы вы были здесь."
"What would today constitute Reiko Murakami's rise to power began materializing during the year 1073 AE. It was during this time that Reiko, aided by her nephew Ashu, tapped into the fears of the Canthan public consciousness. And what was ailing the nation at this time was, of course, a very serious, very threatening public health crisis: the Affliction.  

Using her outspoken position on the Affliction and its negative runoff into Canthan society, Reiko was able to garner increasing support, solidifying both Reiko and Ashu as public figures. It's no coincidence that at about this same time, Reiko began ascending the ranks of the Ministry of Flame. However, her time with the ministry would be ultimately short lived. She grew more vocal and disillusioned by what she deemed various flaws plaguing the organization. Citing various grievances ranging from ""bureaucratic ineptitude"" to ""complete negligence of national welfare,"" Reiko concluded that a new ministry was needed to right the wrongs of the previous establishment.  

And in 1077 AE, Reiko brought this very dream to fruition: she established the Ministry of Purity.","То, что сегодня составляет восхождение Рэйко Мураками к власти, начало материализоваться в 1073 году АЭ. Именно в это время Рэйко, с помощью своего племянника Ашу, воспользовалась страхами кантианского общественного сознания. И что же беспокоило нацию в то время? Конечно, очень серьёзный, очень угрожающий кризис общественного здравоохранения: Чума.  

Используя свою открытую позицию по поводу Чумы и её негативного влияния на кантианское общество, Рэйко смогла заручиться растущей поддержкой, укрепив репутацию как Рэйко, так и Ашу как публичных фигур. Не случайно примерно в то же время Рэйко начала подниматься по рангам Министерства Пламени. Однако её время в министерстве оказалось недолгим. Она становилась всё более громкой и разочарованной тем, что считала различными недостатками, преследующими организацию. Ссылаясь на различные претензии, начиная от ""бюрократической некомпетентности"" до ""полного пренебрежения национальным благосостоянием"", Рэйко пришла к выводу, что необходимо новое министерство, чтобы исправить ошибки предыдущего учреждения.  

И в 1077 году АЭ Рэйко воплотила эту мечту в жизнь: она основала Министерство Чистоты."
What'd she say?,Что она сказала?
What's broken now?,Что теперь сломано?
What? No. I'm leaving.,Что? Нет. Я ухожу.
"When Balthazar first began his conquest, it was assumed that Palawa Joko and his Awakened would rise to meet him. Then, when the commander failed, Elona's hopes fell on her usual tormentor, hoping that Joko could at least succeed in stopping the war god's rampage. But as more and more Awakened territory falls to the Forged, new doubts about the lich lord have been raised.  
  
Joko's absence has been rationalized by three theories. First, the theory of his loyalists: that Joko is laying low to plan a crucial counterattack. Second, the theory of his enemies: that he has made a deal with Balthazar, selling out his people to protect his own life. But the third, growing in popularity every day, is that even the immortal Joko has somehow been killed by Balthazar. Opinions predictably vary about whether that would be a good thing.","Когда Бальтазар начал своё завоевание, предполагалось, что Палава Джоко и его Пробуждённые выступят ему навстречу. Затем, когда командующий потерпел неудачу, надежды Элоны обратились к её обычному мучителю в надежде, что Джоко хотя бы сможет остановить буйство бога войны. Но по мере того как всё больше территорий Пробуждённых падает перед Коваными, возникают новые сомнения относительно короля-лича.
  
Отсутствие Джоко объясняют тремя теориями. Первая — теория его сторонников: что Джоко затаился, чтобы спланировать решающую контратаку. Вторая — теория его врагов: что он заключил сделку с Бальтазаром, предав свой народ ради спасения собственной жизни. Но третья, набирающая популярность с каждым днём, заключается в том, что даже бессмертный Джоко каким-то образом был убит Бальтазаром. Мнения, предсказуемо, расходятся относительно того, хорошо это или нет."
"When Balthazar first began his conquest, it was assumed that Palawa Joko and his Awakened would rise to meet him. Then, when the commander failed, Elona's hopes fell on her usual tormentor, hoping that Joko could at least succeed in stopping the war god's rampage. But as more and more Awakened territory falls to the Forged, new doubts about the lich lord have been raised.    Joko's absence has been rationalized by three theories. First, the theory of his loyalists: that Joko is laying low to plan a crucial counterattack. Second, the theory of his enemies: that he has made a deal with Balthazar, selling out his people to protect his own life. But the third, growing in popularity every day, is that even the immortal Joko has somehow been killed by Balthazar. Opinions predictably vary about whether that would be a good thing.","Когда Балтазар начал свой поход, предполагалось, что Палава Джоко и его Пробуждённые встретят его. Затем, когда командующий потерпел неудачу, надежды Элоны пали на её обычного мучителя, в надежде, что Джоко хотя бы сможет остановить буйство бога войны. Но по мере того, как всё больше территорий Пробуждённых переходит к Кованым, возникают новые сомнения относительно повелителя личей. Отсутствие Джоко объясняют тремя теориями. Первая — теория его сторонников: Джоко затаился, чтобы спланировать решающую контратаку. Вторая — теория его врагов: он заключил сделку с Балтазаром, продав свой народ, чтобы спасти свою жизнь. Но третья, набирающая популярность с каждым днём, заключается в том, что даже бессмертный Джоко был каким-то образом убит Балтазаром. Мнения, как и следовало ожидать, расходятся по поводу того, хорошо это было бы или нет."
"When the Great Destroyer threatened to turn its ire on the free peoples of Tyria, no single race stood alone in the conflict that followed, and no single asuran challenged the evil of this tragic era more so than Vekk.

Follow his journey in this comprehensive volume, from his beginnings as a simple elementalist to the indelible legacy he left as one of Tyria's greatest heroes.

Praise for ""The Genius of Vekk"":

""Combining written accounts from the era along with the most recent historical findings, this incredible biography covers everything from Vekk's knowledge of Scrying Pools to the emergence of asura gates in Tyria. I came away astounded at the depth and detail presented, and I would recommend this biography to anyone with an interest in the period.""

—Arcanist Timble, Durmand Priory","Когда Великий Разрушитель грозил обрушить свой гнев на свободные народы Tyria, ни одна раса не стояла в одиночку в последовавшем конфликте, и ни один асура не бросал вызов злу этой трагической эпохи так, как Vekk.

Проследите его путь в этом всеобъемлющем томе — от начал простого элементалиста до неизгладимого наследия, что он оставил как один из величайших героев Tyria.

Отзывы о «Гении Vekk»:

«Сочетая письменные свидетельства той эпохи с новейшими историческими находками, эта невероятная биография охватывает всё — от познаний Vekk о Scrying Pools до появления асурских врат в Tyria. Я закрыл книгу, поражённый глубиной и подробностью изложения, и рекомендовал бы эту биографию всякому, кто интересуется тем периодом».

—Арканист Timble, Приорат Дюрманда"
"When the Great Destroyer threatened to turn its ire on the free peoples of Tyria, no single race stood alone in the conflict that followed, and no single asuran challenged the evil of this tragic era more so than Vekk.Follow his journey in this comprehensive volume, from his beginnings as a simple elementalist to the indelible legacy he left as one of Tyria's greatest heroes.Praise for ""The Genius of Vekk"":""Combining written accounts from the era along with the most recent historical findings, this incredible biography covers everything from Vekk's knowledge of Scrying Pools to the emergence of asura gates in Tyria. I came away astounded at the depth and detail presented, and I would recommend this biography to anyone with an interest in the period.""—Arcanist Timble, Durmand Priory","Когда Великий Разрушитель угрожал обратить свой гнев на свободные народы Тирии, ни одна раса не стояла в одиночку в последовавшем конфликте, и ни один асура не бросал вызов злу этой трагической эпохи больше, чем Векк.Следуйте за его путешествием в этом всеобъемлющем томе, от его начала как простого элементалиста до неизгладимого наследия, которое он оставил как один из величайших героев Тирии.Похвала ""Гению Векка"":""Сочетая письменные свидетельства той эпохи с самыми последними историческими находками, эта невероятная биография охватывает все: от знаний Векка о Смотрящих Бассейнах до появления асурийских врат в Тирии. Я был поражен глубиной и детализацией представленного материала и рекомендую эту биографию всем, кто интересуется этим периодом.""—Арканист Тимбл, Дюрманский Приорат"
"When the first servant thirsted in the wilds  
  
and gnashed his teeth in despair,  
  
the Unseen guided him to shining waters,  
  
so he might drink deep Their boundless wisdom,  
  
and he might know Their hidden Word.  
  
  
Do not fear the coming of death;  
  
the souls of the righteous are forever.  
  
In Unseen hands they dwell in majesty;  
  
no torment shall ever find them.","Когда первый слуга возжаждал в дикой глуши

и скрежетал зубами в отчаянии,

Незримые привели его к сияющим водам,

дабы он испил глубоко Их безграничной мудрости

и познал Их сокрытое Слово.


Не страшись прихода смерти;

души праведных пребывают вовек.

В руках Незримых они обитают в величии;

и никакая мука вовеки не настигнет их."
"When the grawl attacked Annerly's caravan I wasn't quite sure how I was going to recover her stolen goods. Your willingness to help a stranger in need is welcoming in these trying times. Annerly would send you thanks as well, but she's too busy attempting to rebuild her wagon. She hides her emotions well under that stubborn exterior. 

Anyway, be safe out there, and I hope our paths cross again in the future.

—Glynis","Когда граулы напали на караван Аннерли, я не была уверена, как вернуть её украденные товары. Ваша готовность помочь незнакомцу, нуждающемуся в помощи, обнадёживает в эти трудные времена. Аннерли тоже выразила бы вам благодарность, но она слишком занята восстановлением своей повозки. Она хорошо скрывает свои эмоции под этим упрямым фасадом.

В любом случае, будьте осторожны там, и я надеюсь, что наши пути снова пересекутся в будущем.

—Глинис"
"When throwing it, the user attuned to this dagger was able to teleport any distance to wherever it made its mark.  

Isgarren mentioned a story about a seer assassin who was able to create illusionary duplicates of the dagger and then zip between them to befuddle their targets in a lethal assault.","При броске этого кинжала настроенный на него пользователь мог телепортироваться на любое расстояние туда, куда он попадал.  

Исгаррен упомянул историю об ассасине-ясновидящем, который мог создавать иллюзорные копии кинжала и затем перемещаться между ними, чтобы сбить с толку свои цели в смертоносной атаке."
"When we first begin to ask ourselves about the grand mysteries of the astral planes, we recognize with immediacy that we are no longer speaking about the physical world—although to the denizens of these biomes, they are as **natural** as the great stand of trees that lies in the heart of the forest are to us.  
  
The key distinction between the biomes of the astral world and those of our own mundane one can ofttimes be **obscure** and flummox even the most logical of minds. We can compare it to the act of seeing a world behind the one we know, as though it is hiding from those who seek to ascend to new heights.  
  
To truly understand the subject at hand, we must recognize our place in the great cosmic order first. If we hope to find our place in the **celestial** order, we must begin at the bottom—like the firm foundation of a great tower, stretching skyward.  
  
Our next goal, then, should be to seek **balance**, so that as we expand our mind and our wisdom to accept more of the world beyond our own, we always have a place to center ourselves physically and mentally. We should plant ourselves in the place from which one can see both perspectives equally.  
  
We will also need to attain an investiture of **strength** to stand firm against the many forces which would align against such efforts, looking to those who have led the way to guide our steps. There are those who have become paragons of their kind, and from them we learn how to be resolute.    
   
Finally, as it is ultimately **knowledge** that we seek, we must immerse ourselves in the guiding words of those who have come before us. The wit and wisdom of our forebears travel through time from the past—captured in ink and on the page—to our present moment.","Едва мы начинаем задаваться вопросами о великих тайнах астральных планов, как тотчас сознаём: речь уже не о физическом мире — хотя для обитателей этих биомов он столь же **естественен**, сколь для нас великая роща в самом сердце леса.

Ключевое различие между биомами астрального мира и нашего обыденного нередко бывает **сокрытым** и ставит в тупик даже самые логичные умы. Его можно уподобить тому, как видишь мир за миром, что нам известен, будто он прячется от тех, кто ищет вознестись к новым высотам.

Чтобы воистину понять предмет, нам сперва надлежит осознать своё место в великом космическом порядке. Если мы надеемся отыскать своё место в **небесном** строе, начинать нужно снизу — как с прочного основания великой башни, тянущейся к небу.

Наша следующая цель, стало быть, — искать **равновесие**, дабы, расширяя ум и мудрость для приятия большего из мира за пределами нашего, мы всегда имели опору, чтобы утвердиться телесно и мысленно. Нам следует укорениться там, откуда обе перспективы видны равно.

Понадобится нам и обрести облачение **силы**, чтобы устоять против множества воинств, что ополчатся на такие устремления, — обращаясь к тем, кто прошёл путь прежде, дабы они направляли наши шаги. Есть те, кто стал образцом своего рода, и у них мы учимся быть непреклонными.

Наконец, поскольку в конечном счёте мы ищем именно **знание**, нам должно погрузиться в напутственные слова тех, кто был до нас. Остроумие и мудрость наших предшественников странствуют сквозь время из прошлого — запечатлённые чернилами на странице — в наше настоящее."
"Wherever you are and whatever you're doing, stop right now and come visit us in the Eastern Commons of Divinity's Reach. We're at the Dead End bar, and you can never have too many friends surrounding you at this time of year. I do hope you can make it.

—Marjory (and Kasmeer too)","Где бы ты ни был и чем бы ни занимался, остановись прямо сейчас и приходи к нам в Восточные Общины Божественного предела. Мы в баре «Тупик», и в это время года у тебя никогда не может быть слишком много друзей рядом. Очень надеюсь, что у тебя получится прийти.

— Марджори (и Касмир тоже)"
"Whether you've learned the tongue of the trolls or not, this recipe will have you speaking their language. Given to us from a member of their tribe, this pairing of fresh fruits and vegetables with honey as a binding agent and sweetener will leave even the most sated kin coming back for more.  
  
INGREDIENTS:   
- Cabbage  
- Fruit  
- Honey  
- Carrot","Знаешь ты язык троллей или нет, этот рецепт заставит тебя заговорить на их наречии. Полученное от члена их племени, это сочетание свежих фруктов и овощей с мёдом в роли связующего и подсластителя заставит вернуться за добавкой даже самого сытого сородича.

ИНГРЕДИЕНТЫ:
- Капуста
- Фрукты
- Мёд
- Морковь"
"While I am labeling these field reports with 90%% certainty as to the accuracy of the numbering, I do recognize the optimism one must apply to view these as ""field reports."" I do what I must to stave off the further erosion of my spirits.  
  
After escaping the ""rabble""—wait, I suppose I should cover that first.  
  
Ignaxious's assertion that they would find me adequate dinner fare was thankfully erroneous. Embarrassingly, I believe they even mistook me for one of their kind at first. From a distance, assuredly, as this seems an impossible (and highly offensive) mix-up to me. But it is one that I'm grateful for, nonetheless.  
  
So, after cleaning myself of slobber and engaging in polite—if hard to follow—conversation, I skirted my way along the land's edge in an attempt to steer clear of both physical and mental probes and continue my mission of gathering intel. My hope is that if and when the Lady Peitha's invasion begins, these field reports will be discovered and put to some use.  
  
Granted, they've only served to document my own self-centered tribulations thus far. Given that they will likely end up as low Kryptis excrement, my disappointment in myself is less than it might otherwise be.  
  
—Operative Selly","Пока я маркирую эти полевые отчёты с 90%% уверенностью в точности нумерации, я осознаю, какой оптимизм нужно приложить, чтобы считать их «полевыми отчётами». Я делаю, что должен, чтобы сдержать дальнейшее падение духа.

После побега от «сброда» — погодите, пожалуй, сначала об этом.

Утверждение Игнаксиуса, что я сойду за ужин, к счастью, оказалось ошибочным. К моему стыду, кажется, они даже приняли меня за одного из своих поначалу. Издалека, безусловно, так как мне это кажется невозможной (и крайне оскорбительной) путаницей. Но я всё равно благодарен за неё.

Итак, отчистившись от слюней и поддерживая вежливую — хоть и трудную для понимания — беседу, я пробирался по краю земли, стараясь избегать как физических, так и ментальных прощупываний, и продолжал свою миссию по сбору разведданных. Моя надежда — что, когда и если начнётся вторжение леди Пейты, эти полевые отчёты найдут и используют.

Правда, пока они лишь документируют мои эгоцентричные злоключения. Учитывая, что, скорее всего, они закончат свой путь как низменные криптисовые экскременты, моё разочарование в себе меньше, чем могло бы быть.

— Оперативник Сэлли"
"While I can see the cruelty behind using chak as a resource, the advancements they've been able to make here *should* benefit, *could* benefit, so many people. I can't expose my bias, though. The Inquest is still a thing, and if any of this is going to fall apart it might as well start with them. It always does, after all. It's just disappointing to live in a world where something that can benefit a lot of people can cause harm... But maybe I'm being naive. That's just how the world works, right? Feeling my morality a bit, is all...  

The Rata Novans seem to have things under control, but for how much longer? We haven't seen how the Kryptis will affect this place, yet, but I can't imagine it going well. It never does.  

After we wrap things up here for the day, Dagda is taking me with her to the observatory. Another fractal, tucked away in the islands. Apparently she and Waiting Sorrow used it as research facility... I'm just happy Dagda is bringing me along. I'm feeling more helpful now than I have in years. Like I'm a part of something bigger than me, which would have threatened me years ago. But, now... It's different.","Хотя я вижу жестокость в использовании чак в качестве ресурса, достижения, которых они здесь добились, *должны* принести пользу, *могут* принести пользу стольким людям. Но я не могу выдать свою предвзятость. Инквест всё ещё существует, и если что-то из этого рухнет, пусть начнётся с них. В конце концов, так всегда и бывает. Просто разочаровывает жить в мире, где то, что может принести пользу многим, способно причинить вред... Но, возможно, я наивен. Так устроен мир, верно? Просто немного задумалась о морали...

У Рата Нованов, похоже, всё под контролем, но надолго ли? Мы ещё не видели, как Криптисы повлияют на это место, но я не могу представить, чтобы всё прошло хорошо. Никогда не проходит.

Когда мы закончим здесь на сегодня, Дагда возьмёт меня с собой в обсерваторию. Ещё один фрактал, спрятанный среди островов. Оказывается, они с Терпеливой Скорбью использовали его как исследовательскую лабораторию... Я просто рада, что Дагда берёт меня с собой. Я чувствую себя более полезной, чем за многие годы. Словно я часть чего-то большего, чем я сама, что несколько лет назад напугало бы меня. Но теперь... Всё иначе."
"While I rarely leave the confines of my domain, I possess the finest and most robust collection of trinkets from around the world. Adventurers travel across Tyria, finding items of all sorts from locations multifarious, and toss them into my forge in the hopes of receiving something better in return.

Most of the time, the skritt handle the method of compensation. I have to imagine that's working out just fine, considering I've yet to receive any complaints that I've read.

Still, I admit that this system is not entirely perfect. For example, the wizard Isgarren came to my forge long ago seeking special compounds that I imagine were used for some magical purpose or another. I heard of this after the fact, and was most curious what one of his stature might want to get out of my collection! But upon closer investigation, I realized with a hint of despair that there was no record of what exactly Isgarren tossed into my forge, nor what he received in return, as the skritt are rather poor at maintaining proper documentation.

Also, their handwriting is quite terrible.

This has resulted in a much more robust plan to eventually implement a system that will record all of the items entering and exiting the forge. We've yet to put the plan into action, of course, as I like to give myself lots of time to stew over new ideas for the Mystic Forge operation before putting them in place. It's been a while, admittedly, but great ideas take time to perfect, and I have a lot of great ideas.

I maintain hope that someday that curious wizard will return with need of my services. Should the situation arise, I plan to inquire at length about the nature of his work and just where he has been all this time. But, until then, all I can do is have Miyani keep an ear to the ground. It has been a very long time since Isgarren has been seen or heard from, so I have my concerns.","Хотя я редко покидаю пределы своих владений, у меня самая лучшая и обширная коллекция безделушек со всего мира. Искатели приключений путешествуют по Тирии, находят всевозможные предметы в самых разных местах и бросают их в мою кузницу в надежде получить что-то лучшее взамен.

В большинстве случаев скритты занимаются оплатой. Полагаю, это работает неплохо, раз я ещё не получал жалоб, которые бы читал.

И всё же признаю, что эта система не идеальна. Например, волшебник Исгаррен давным-давно приходил в мою кузницу за особыми составами, которые, полагаю, он использовал для каких-то магических целей. Я узнал об этом после факта и был весьма заинтригован, что кто-то его положения мог хотеть получить из моей коллекции! Но при более тщательном расследовании я с оттенком отчаяния понял, что нет записей о том, что именно Исгаррен бросил в мою кузницу и что получил взамен, так как скритты весьма небрежны в ведении документации.

К тому же у них ужасный почерк.

Это привело к разработке более надёжного плана по внедрению системы учёта всех предметов, поступающих в кузницу и выходящих из неё. Мы ещё не приступили к его выполнению, конечно, так как я люблю давать себе много времени на размышления о новых идеях для работы Мистической кузницы, прежде чем воплощать их. Прошло уже много времени, признаю, но великие идеи требуют времени для совершенствования, а у меня много великих идей.

Я продолжаю надеяться, что однажды тот любопытный волшебник вернётся, нуждаясь в моих услугах. Если представится такой случай, я планирую подробно расспросить его о характере его работы и о том, где он всё это время был. Но до тех пор мне остаётся только просить Мияни держать ухо востро. Исгаррена не видели и о нём не слышали уже очень давно, так что я обеспокоен."
"While Li is busy wiggling his way into Ihn's good graces, I'm stuck watching the dead crawl.

The ruins are spilling over with Risen. If we can't claim the city on our own, I wouldn't be surprised if the ""citizens of Old Kaineng"" did the work for us. They're already stirring up trouble in Grub Lane. Couple of casualties a week...and most of the bodies find their way back to the ruins to rot.

You'd think after a hundred years their numbers would start going down, but...they're not. More and more Risen crawl out of every shaft of the drowned Undercity like maggots from a corpse. I shudder to think how many are lurking beneath my feet at this very moment.

It's not glamorous work, but if I can find the source of this magic...whatever it is...we might be able to win the war before it's even begun. But that might be wishful thinking.","Пока Ли втирается в доверие к Ину, я застрял, наблюдая за ползающими мертвецами.

Руины кишат Восставшими. Если мы не сможем захватить город сами, я не удивлюсь, если «граждане Старого Кайнинга» сделают эту работу за нас. Они уже сеют беспорядки в Личиночном переулке. По несколько жертв в неделю... и большинство тел находят дорогу обратно в руины, чтобы сгнить.

Казалось бы, за сотню лет их число должно было пойти на убыль, но... нет. Всё больше и больше Восставших вылезает из каждой шахты затопленного Подгорода, словно личинки из трупа. Мне страшно подумать, сколько их таится у меня под ногами прямо сейчас.

Это не самая привлекательная работа, но если я смогу найти источник этой магии... что бы это ни было... мы, возможно, сможем выиграть войну до того, как она начнётся. Но это, возможно, лишь благие пожелания."
"While Li is busy wiggling his way into Ihn's good graces, I'm stuck watching the dead crawl.The ruins are spilling over with Risen. If we can't claim the city on our own, I wouldn't be surprised if the ""citizens of Old Kaineng"" did the work for us. They're already stirring up trouble in Grub Lane. Couple of casualties a week...and most of the bodies find their way back to the ruins to rot.You'd think after a hundred years their numbers would start going down, but...they're not. More and more Risen crawl out of every shaft of the drowned Undercity like maggots from a corpse. I shudder to think how many are lurking beneath my feet at this very moment.It's not glamorous work, but if I can find the source of this magic...whatever it is...we might be able to win the war before it's even begun. But that might be wishful thinking.","Пока Ли занят тем, что втирается в доверие к Ину, я застрял, наблюдая за ползающими мертвецами. Руины переполнены Восставшими. Если мы не сможем захватить город сами, я не удивлюсь, если «граждане Старого Кайнинга» сделают эту работу за нас. Они уже сеют беспорядки в Граб-лейн. Пара жертв в неделю... и большинство тел находят путь обратно в руины, чтобы гнить. Можно подумать, что через сотню лет их число начнет уменьшаться, но... нет. Все больше и больше Восставших выползает из каждой шахты затопленного Подгорода, как личинки из трупа. Я содрогаюсь при мысли, сколько их таится под моими ногами прямо сейчас.Это не гламурная работа, но если я смогу найти источник этой магии... что бы это ни было... мы сможем выиграть войну, даже не начав её. Но это, возможно, лишь благие пожелания."
"While envoys have reached various groups of quaggan and largos, it's hard to determine the impact that the death of the water dragon has had on their cultures or the sea as a whole. The largos have always been difficult to reach out to, and for now, at least, the alliance has been informed that the Tethyos Houses are not open to cooperation. The ward has at least one largos within its ranks who has expressed an eagerness to support this cause. It may be worth considering sending one of their own out to see if she can make better headway.  
  
We'd hoped to have better luck with the deep-sea quaggan, but our envoys were rebuffed once again. Truthfully, this is unexpected for that species; they are usually quite eager to volunteer themselves to larger causes. Whatever is going on down there must be quite serious and should not be ignored.  
  
Some asura from the colleges, ward members, and engineers from Xunlai Jade have proposed an initiative to outfit the Pact's submarines with better tech and magic, but they seem to be busier arguing with each other than making legitimate progress on that front. Alliance intervention is recommended.","Хотя посланники добрались до различных групп квагганов и ларгос, трудно определить влияние, которое смерть водного дракона оказала на их культуры или море в целом. С ларгос всегда было трудно наладить контакт, и пока, по крайней мере, альянс был проинформирован, что Дома Тетиос не открыты для сотрудничества. В страже есть по крайней мере один ларгос, который выразил желание поддержать это дело. Возможно, стоит подумать о том, чтобы отправить кого-то из своих, чтобы посмотреть, сможет ли она добиться большего успеха.  
  
Мы надеялись на лучшую удачу с глубоководными квагганами, но наши посланники снова были отвергнуты. Честно говоря, это неожиданно для этого вида; они обычно весьма охотно вызываются участвовать в более крупных делах. Что бы там ни происходило, должно быть, это очень серьёзно, и нельзя это игнорировать.  
  
Некоторые асуры из колледжей, члены стражи и инженеры из Ксунлайского Нефрита предложили инициативу по оснащению подводных лодок Договора лучшими технологиями и магией, но, похоже, они больше заняты спорами друг с другом, чем реальным прогрессом в этом направлении. Рекомендуется вмешательство альянса."
"While many of Gardesano's original tomes have been lost to time, I hope that with the right components we'll be able to craft new stewards. They may not be as elegant as the First Artificer's design, but perhaps we will see a bustling forge once more!    
  
**Step One**   
The forge's fabricators are functional but erratic due to age. They are spewing steward appendages in every direction. Artificers will need to catch these components and carry them to the appropriate workstation. For every new steward, you will need:  
1. Head  
2. Body  
3. Arms  
4. Legs  
  
**Step Two**   
Once the appendages have been assembled, you will need to combine them using a hammer.  
  
**Step Three**  
After assembly, carry the dormant steward to the Major Ley Infuser for attunement.  
  
Once enough stewards have been infused, we will begin a spell that will power them.  
  
—Leywright Edifi","Хотя многие из оригинальных томов Гардесано были утеряны временем, я надеюсь, что с правильными компонентами мы сможем создать новых стюардов. Возможно, они не будут такими элегантными, как дизайн Первого Артефактора, но, возможно, мы снова увидим оживлённую кузницу!    
  
**Шаг первый**   
Фабрикаторы кузницы работают, но из-за возраста работают нестабильно. Они разбрасывают конечности стюардов во всех направлениях. Артефакторам нужно будет ловить эти компоненты и нести их к соответствующей рабочей станции. Для каждого нового стюарда вам понадобятся:  
1. Голова  
2. Тело  
3. Руки  
4. Ноги  
  
**Шаг второй**   
После того как конечности будут собраны, вам нужно будет соединить их с помощью молота.  
  
**Шаг третий**  
После сборки отнесите спящего стюарда к Верховному магическому инфузеру для настройки.  
  
Как только достаточное количество стюардов будет настроено, мы начнём заклинание, которое приведёт их в действие.  
  
—Лейврайт Эдифи"
"While many of Gardesano's original tomes have been lost to time, I hope that with the right components we'll be able to craft new stewards. They may not be as elegant as the First Artificer's design, but perhaps we will see a bustling forge once more!      **Step One**   The forge's fabricators are functional but erratic due to age. They are spewing steward appendages in every direction. Artificers will need to catch these components and carry them to the appropriate workstation. For every new steward, you will need:  1. Head  2. Body  3. Arms  4. Legs    **Step Two**   Once the appendages have been assembled, you will need to combine them using a hammer.    **Step Three**  After assembly, carry the dormant steward to the Major Ley Infuser for attunement.    Once enough stewards have been infused, we will begin a spell that will power them.    —Leywright Edifi","Хотя многие из оригинальных томов Гардезано были утеряны со временем, я надеюсь, что с правильными компонентами мы сможем создать новых стюардов. Возможно, они не будут такими же изящными, как творение Первого Артефактора, но, возможно, мы снова увидим оживлённую кузницу!      **Шаг первый**   Изготовители кузницы работают, но из-за возраста работают хаотично. Они разбрасывают конечности стюардов во всех направлениях. Артефакторам нужно будет ловить эти компоненты и нести их к соответствующему рабочему месту. Для каждого нового стюарда вам понадобятся:  1. Голова  2. Тело  3. Руки  4. Ноги    **Шаг второй**   После того как конечности будут собраны, вам нужно будет соединить их с помощью молота.    **Шаг третий**  После сборки отнесите спящего стюарда к Верховному лей-инфузеру для настройки.    Когда достаточное количество стюардов будет настроено, мы начнём заклинание, которое приведёт их в действие.    —Лей-мастер Эдифи"
"While much has been made of the seers' connection to magic, the theory that they possessed a once-great civilization that has since been lost appears to be entirely baseless. While the proponents are quick to point out the destructive capabilities of the mursaat for explaining the lack of surviving architecture, they miss the more obvious explanation: the seers never built them in the first place. In all likelihood, they were a primarily nomadic people, possibly early agrarian in some places, but there just exists very little evidence to suggest more than that.  
  
Supporters of this idea also frequently reference the oft-repeated legends of the seers and their influence in the ancient war against the Elder Dragons. What they fail to recognize is that this fits in perfectly with one of the most common archetypal myths: the ancient, powerful civilization, who once ruled over the world, but then fell and left it to us to take over. It's entirely possible that the seers played a role in the conflict, but that doesn't mean these myths can be taken as literal truth.  
  
If this field of study is going to experience any success, we need to avoid expending our efforts searching for evidence we're unlikely to ever find. While not technically impossible, the likelihood of discovering a massive, lost seer structure is indistinguishable from zero. It would be more sensible for us to focus our efforts on better understanding what we've already uncovered.","Хотя о связи Провидцев с магией сказано немало, теория о том, будто они обладали некогда великой цивилизацией, ныне утраченной, представляется совершенно беспочвенной. Сторонники этой идеи охотно ссылаются на разрушительные способности мурсаатов, чтобы объяснить отсутствие уцелевшей архитектуры, но упускают более очевидное объяснение: Провидцы её попросту никогда не строили. По всей вероятности, это был преимущественно кочевой народ, местами, возможно, ранние земледельцы, но улик, указывающих на большее, попросту крайне мало.

Приверженцы этой мысли также часто ссылаются на многажды повторяемые легенды о Провидцах и их влиянии в древней войне против Старших драконов. Чего они не признают — так это того, что это идеально ложится в один из самых распространённых архетипических мифов: древняя могущественная цивилизация, что некогда правила миром, но затем пала и оставила его нам. Вполне возможно, что Провидцы сыграли роль в том конфликте, но это не значит, что эти мифы можно принимать за буквальную истину.

Если этой области исследований суждено достичь хоть какого-то успеха, нам следует избегать растраты усилий на поиски улик, которые мы вряд ли когда-либо найдём. Пусть технически это и не невозможно, вероятность обнаружить огромное утраченное сооружение Провидцев неотличима от нуля. Разумнее было бы сосредоточить усилия на более глубоком понимании того, что мы уже раскопали."
"While the Slipstream Boost skill is active, hold down the hover skill to ascend further into the air than previously allowed for the duration of the skill. 

For the Water Jets skill, aim your skimmer at enemies and allies that you wish to target and let the projectiles loose.","Пока активно умение «Ускорение в воздушном потоке», удерживайте умение зависания, чтобы подняться выше в воздух, чем было возможно ранее, на время действия умения. 

Для умения «Водяные струи» наведите скиммер на врагов и союзников, которых хотите поразить, и выпустите снаряды."
"Whirl your greatsword, opening holes in the Mists that deal damage.<br>
<c=@reminder>Damage is reduced per target each time they are struck by this skill.</c>","Раскрутите свой большой меч, открывая дыры в Туманах, наносящие урон.<br>
<c=@reminder>Урон уменьшается за каждую цель, каждый раз, когда они поражены этим умением.</c>"
