english,translate
((587875)),((587875))
((588235)),((588235))
((588276)),((588276))
((588641)),((588641))
((588860)),((588860))
((589278)),((589278))
((589322)),((589322))
((589571)),((589571))
((589730)),((589730))
((589914)),((589914))
((590058)),((590058))
((590137)),((590137))
((590375)),((590375))
((590790)),((590790))
((590862)),((590862))
((590963)),((590963))
((591178)),((591178))
((591265)),((591265))
((591315)),((591315))
((591459)),((591459))
((591514)),((591514))
((592282)),((592282))
((593603)),((593603))
((595270)),((595270))
((595737)),((595737))
((598170)),((598170))
((598694)),((598694))
((599254)),((599254))
((599984)),((599984))
((600538)),((600538))
((601820)),((601820))
((603957)),((603957))
((605292)),((605292))
((605919)),((605919))
((606826)),((606826))
((608008)),((608008))
((60889)),((60889))
((613432)),((613432))
((613789)),((613789))
((613949)),((613949))
((614028)),((614028))
((614410)),((614410))
((614500)),((614500))
((616403)),((616403))
((617723)),((617723))
((617843)),((617843))
((619085)),((619085))
((619316)),((619316))
((619578)),((619578))
((620324)),((620324))
((62138)),((62138))
((622111)),((622111))
((622357)),((622357))
((622450)),((622450))
((626211)),((626211))
((626480)),((626480))
((626950)),((626950))
((627037)),((627037))
((628123)),((628123))
((628807)),((628807))
((629210)),((629210))
((629270)),((629270))
((629363)),((629363))
((629387)),((629387))
((629704)),((629704))
((629733)),((629733))
((632818)),((632818))
((635271)),((635271))
((643377)),((643377))
((644250)),((644250))
((655940)),((655940))
((670186)),((670186))
((680677)),((680677))
((681520)),((681520))
((686087)),((686087))
((688483)),((688483))
((688802)),((688802))
((688810)),((688810))
((688876)),((688876))
((688911)),((688911))
((688930)),((688930))
((689137)),((689137))
((689255)),((689255))
((689272)),((689272))
((689313)),((689313))
((689337)),((689337))
((689344)),((689344))
((689384)),((689384))
((689433)),((689433))
((689498)),((689498))
((689569)),((689569))
((689780)),((689780))
((689972)),((689972))
((690030)),((690030))
((690048)),((690048))
((690053)),((690053))
((690149)),((690149))
((690537)),((690537))
((690713)),((690713))
((690722)),((690722))
((690760)),((690760))
((691028)),((691028))
((691131)),((691131))
((691254)),((691254))
((691341)),((691341))
((691533)),((691533))
((691537)),((691537))
((691650)),((691650))
((691651)),((691651))
((691817)),((691817))
((692018)),((692018))
((692116)),((692116))
((692127)),((692127))
((692185)),((692185))
((695357)),((695357))
((695413)),((695413))
((695630)),((695630))
((696282)),((696282))
((696846)),((696846))
((697138)),((697138))
((698765)),((698765))
((699784)),((699784))
((699967)),((699967))
((701190)),((701190))
((702035)),((702035))
((702524)),((702524))
((704459)),((704459))
((705373)),((705373))
((705547)),((705547))
((705981)),((705981))
((707671)),((707671))
((707884)),((707884))
((709254)),((709254))
((709432)),((709432))
((710503)),((710503))
((711114)),((711114))
((714813)),((714813))
((715043)),((715043))
((716157)),((716157))
((716299)),((716299))
((717735)),((717735))
((719203)),((719203))
((719356)),((719356))
((723392)),((723392))
((724447)),((724447))
((733462)),((733462))
((735471)),((735471))
((735499)),((735499))
((735929)),((735929))
((740011)),((740011))
((743062)),((743062))
((744150)),((744150))
((744504)),((744504))
((745321)),((745321))
((745987)),((745987))
((747413)),((747413))
((747866)),((747866))
((749868)),((749868))
((749959)),((749959))
((750166)),((750166))
((774249)),((774249))
((77556)),((77556))
((77577)),((77577))
((77579)),((77579))
((776944)),((776944))
((77699)),((77699))
((778447)),((778447))
((779243)),((779243))
((779902)),((779902))
((794711)),((794711))
((800656)),((800656))
((801372)),((801372))
((801880)),((801880))
((802003)),((802003))
((804329)),((804329))
((810274)),((810274))
((815039)),((815039))
((815807)),((815807))
((815879)),((815879))
((816308)),((816308))
((816861)),((816861))
((817549)),((817549))
((823644)),((823644))
((824215)),((824215))
((825559)),((825559))
((825654)),((825654))
((826950)),((826950))
((827124)),((827124))
((827165)),((827165))
((82729)),((82729))
((827334)),((827334))
((828117)),((828117))
((829117)),((829117))
((829124)),((829124))
((829528)),((829528))
((830090)),((830090))
((830381)),((830381))
((831982)),((831982))
((832541)),((832541))
((832810)),((832810))
((834483)),((834483))
((835959)),((835959))
((836632)),((836632))
((837325)),((837325))
((837453)),((837453))
((837548)),((837548))
((837994)),((837994))
((838308)),((838308))
((840755)),((840755))
((841110)),((841110))
((842272)),((842272))
((847165)),((847165))
((848688)),((848688))
((850819)),((850819))
((852650)),((852650))
((855594)),((855594))
((857739)),((857739))
((859664)),((859664))
((859702)),((859702))
((859793)),((859793))
((859797)),((859797))
((859856)),((859856))
((860571)),((860571))
((861013)),((861013))
((861543)),((861543))
((861799)),((861799))
((861903)),((861903))
((862082)),((862082))
((863050)),((863050))
((863220)),((863220))
((863753)),((863753))
((863869)),((863869))
((863976)),((863976))
((863998)),((863998))
((864627)),((864627))
((866708)),((866708))
((867916)),((867916))
((869116)),((869116))
((869692)),((869692))
((869767)),((869767))
((869947)),((869947))
((870278)),((870278))
((870517)),((870517))
((870540)),((870540))
((870692)),((870692))
((870704)),((870704))
((870876)),((870876))
((870973)),((870973))
((875542)),((875542))
((875686)),((875686))
((876483)),((876483))
((876604)),((876604))
((87891)),((87891))
((87893)),((87893))
((882332)),((882332))
((884020)),((884020))
((887564)),((887564))
((887658)),((887658))
((888488)),((888488))
((888680)),((888680))
((889763)),((889763))
((892437)),((892437))
((892573)),((892573))
((892585)),((892585))
((892853)),((892853))
((893293)),((893293))
((893296)),((893296))
((893326)),((893326))
((893639)),((893639))
((893947)),((893947))
((894013)),((894013))
((894017)),((894017))
((894360)),((894360))
((895887)),((895887))
((895913)),((895913))
((902561)),((902561))
((904733)),((904733))
((912041)),((912041))
((916335)),((916335))
((919637)),((919637))
((919929)),((919929))
((919947)),((919947))
((919962)),((919962))
((920014)),((920014))
((920051)),((920051))
((920063)),((920063))
((920066)),((920066))
((920085)),((920085))
((920091)),((920091))
((920169)),((920169))
((920172)),((920172))
((920176)),((920176))
((920208)),((920208))
((920244)),((920244))
((920277)),((920277))
((920292)),((920292))
((920421)),((920421))
((920452)),((920452))
((920471)),((920471))
((920476)),((920476))
((920488)),((920488))
((920525)),((920525))
((920528)),((920528))
((920531)),((920531))
((920547)),((920547))
((920575)),((920575))
((920588)),((920588))
((920691)),((920691))
((920696)),((920696))
((920726)),((920726))
((920735)),((920735))
((920780)),((920780))
((920806)),((920806))
((920857)),((920857))
((920905)),((920905))
((920929)),((920929))
((920946)),((920946))
((921037)),((921037))
((921062)),((921062))
((921094)),((921094))
((921111)),((921111))
((921120)),((921120))
((921129)),((921129))
((921175)),((921175))
((921228)),((921228))
((921248)),((921248))
((929418)),((929418))
((933162)),((933162))
((934240)),((934240))
((934263)),((934263))
((934505)),((934505))
((934758)),((934758))
((936052)),((936052))
((959132)),((959132))
((959262)),((959262))
((96627)),((96627))
((968037)),((968037))
((968112)),((968112))
((968320)),((968320))
((968630)),((968630))
((968990)),((968990))
((969019)),((969019))
((971191)),((971191))
((972166)),((972166))
((972996)),((972996))
((973458)),((973458))
((975574)),((975574))
((976545)),((976545))
((980365)),((980365))
((980929)),((980929))
((985515)),((985515))
((986495)),((986495))
((987877)),((987877))
((988417)),((988417))
((988589)),((988589))
((988677)),((988677))
((989550)),((989550))
((992050)),((992050))
((992057)),((992057))
((992109)),((992109))
((992397)),((992397))
((992487)),((992487))
((992586)),((992586))
((992764)),((992764))
((993027)),((993027))
((994436)),((994436))
((994477)),((994477))
((994644)),((994644))
((994751)),((994751))
((994837)),((994837))
((994901)),((994901))
((994917)),((994917))
((995164)),((995164))
((995433)),((995433))
((995542)),((995542))
((995770)),((995770))
((995930)),((995930))
((996108)),((996108))
((996133)),((996133))
((996152)),((996152))
((996180)),((996180))
((996187)),((996187))
((996198)),((996198))
((996230)),((996230))
((996235)),((996235))
((996239)),((996239))
((996266)),((996266))
((996284)),((996284))
((996323)),((996323))
((996333)),((996333))
((996359)),((996359))
((996409)),((996409))
((996427)),((996427))
((996440)),((996440))
((996441)),((996441))
((996461)),((996461))
((996504)),((996504))
((996523)),((996523))
((996557)),((996557))
((996565)),((996565))
((996595)),((996595))
((996614)),((996614))
((996661)),((996661))
((996667)),((996667))
((996675)),((996675))
((996761)),((996761))
((996787)),((996787))
((996789)),((996789))
((996814)),((996814))
((996841)),((996841))
((998179)),((998179))
((998433)),((998433))
((998499)),((998499))
((998625)),((998625))
((999039)),((999039))
((999130)),((999130))
((999401)),((999401))
(+%str1%%% %str2%),(+%str1%%% %str2%)
(Currently Available),(Сейчас доступно)
(Easy) I'll face the raptors.,(Легко) Я встречусь с ящерами.
(Enter Password),(Введите пароль)
(Enter character name here),(Введите имя персонажа)
(Hard) I'll face the elementals.,(Сложно) Я встречусь с элементалями.
(Medium) I'll face the wurms.,(Средне) Я встречусь с червями.
(Messages over 96 characters may not be displayed on the map tooltip.),(Сообщения длиннее 96 символов могут не отображаться во всплывающей подсказке карты.)
"(Most of the note is illegible, but you are able to make out a small fragment.)

Li-  -ch  -itt c-ve chest be-d -rone

—H","(Бо́льшая часть записки неразборчива, но вам удаётся различить небольшой отрывок.)

Ли-  -ч  -итт п-щера сунду́к у кр-в-ти —дро́н

—H"
"(Much of the page has been defaced with violent slashes of ink, save for the final paragraph.)

The chef's special for the week was advertised as a ""bento box of succulent seared flank steak and plump baby thundershrimp over ginger rice."" What arrived at the table was a slab of burnt kappa flesh topped with chunks of rubber, which tasted as bad as it looked.

(Editor's note: As of this publication, the chef at ""Nika's Blade"" has invited the author to revisit the restaurant for a follow-up review.)","(Бо́льшая часть страницы изуродована яростными чернильными росчерками, за исключением последнего абзаца.)

Фирменное блюдо недели рекламировалось как «бэнто с сочным жареным стейком из пашины и пухлыми детёнышами громокреветок на имбирном рисе». То, что принесли к столу, оказалось куском горелого мяса каппы с кусками резины, на вкус таким же отвратительным, как и на вид.

(Примечание редактора: на момент публикации шеф-повар ресторана «Nika's Blade» пригласил автора повторно посетить заведение для повторной рецензии.)"
"(The book seems to contain page after page of asuran love poems. You take a moment to read one.)

Oh, to be the bolt to your wrench
That the torque of your soul might apply to me!
Oh, to be a cog in the gear train of your heart
That I might help convey your energy!

(You conclude that this is unlikely to lead anywhere useful.)","(Похоже, книга содержит страницу за страницей асуранских любовных стихов. Вы уделяете миг, чтобы прочесть один.)

О, быть бы болтом к твоему ключу
Чтоб крутящий момент твоей души передался мне!
О, быть бы шестерёнкой в зубчатой передаче твоего сердца
Чтоб я мог помочь передать твою энергию!

(Вы заключаете, что это вряд ли к чему-то полезному приведёт.)"
"(The edges of the document are singed.)

Sandtooth—five silver, merc work

Alistair—eight silver, protection from freebooters

Dexter—nine silver, protection from Hullgardeners

Jana—ten silver, skimmer rescue

Prudence—thirteen silver, body disposal

Axol—ten silver, weapon repairs

(The name keeps shifting. You can't make out what it says.)—five silver, private ledger access","(Края документа опалены.)

Песчаный Зуб — пять серебра, наёмная работа

Алистер — восемь серебра, охрана от пиратов

Декстер — девять серебра, охрана от Садоводов

Яна — десять серебра, спасение на скакуне

Пруденс — тринадцать серебра, утилизация тел

Аксоль — десять серебра, ремонт оружия

(Имя постоянно меняется. Вы не можете разобрать, что там написано.) — пять серебра, доступ к личной бухгалтерии"
"(The following is a rhyming game played by the children of Echovald. One child puts on a blindfold while the others link hands in a circle. The blindfolded child spins in a circle with a stick in hand, leading the chant. At the end, they rip off their blindfold and tackle the child the stick points at.)

Urgoz comes at night, night, night...

To give us all a fright, fright, fright!

Don't break a branch or stomp a shrew...

Or Urgoz will break you, you, you...

Urgoz...will...break...you!","(Ниже приведена рифмованная игра, в которую играют дети Эховальда. Один ребёнок надевает повязку на глаза, а остальные берутся за руки в круг. Ребёнок с повязкой кружится с палкой в руке, ведя речитатив. В конце он срывает повязку и набрасывается на ребёнка, на которого указывает палка.)

Ургоз приходит ночью, ночью, ночью...

Чтобы напугать всех нас, напугать, напугать!

Не ломай ветку и не топчи землеройку...

Или Ургоз сломает тебя, тебя, тебя...

Ургоз...сломает...тебя!"
"(The inscription on the tomb has been worn away by time, but a few segments remain legible.)

""For those honored souls lost in the rite of Divitium Nava...""

""...fallen on the doorstep of divinity.""

""Blessed Ancora that lifts...""

""They have fallen, that we might ascend.""

(You cannot make out anything else.)","(Надпись на гробнице стёрлась от времени, но несколько фрагментов остались читаемыми.)

""Для тех почтенных душ, павших в обряде Divitium Nava...""

""...павших на пороге божественности"".

""Благословенная Анкора, что возносит...""

""Они пали, чтобы мы могли вознестись"".

(Вы не можете разобрать ничего больше.)"
"(The label is smeared with blood.)    
  
**Specimen**: Larva Coleoptera  
**Origin**: Castora  
**Age**: Estimated Three Days Old  
**Solution**: Saline and Formaldehyde","(Этикетка размазана кровью.)

**Образец**: Larva Coleoptera
**Происхождение**: Castora
**Возраст**: около трёх дней
**Раствор**: физраствор и формальдегид"
"(The paper is water damaged and torn. The text is nearly illegible.)

Thank you for purchasing the Mr. Quiggles Fun in the Sun Accessory Pack! This bundle of delightful add-ons contains everything you need to vacation in style with your Mr. Quiggles Quaggan Toy. Whether you're teaching him to swim*, helping him achieve the perfect tan**, or building sand castles with him***, this accessory pack is certain to make your trip a memorable one. Have fun!

*Mr. Quiggles is not waterproof, waveproof, saltproof, or chemicalproof.

**Do not allow Mr. Quiggles extended time in direct sunlight.

***Mr. Quiggles dislikes the texture of sand and would prefer not to touch it, thank you very much.","(Бумага повреждена водой и порвана. Текст почти нечитаем.)

Спасибо за покупку набора аксессуаров «Мистер Квигглс: Веселье на солнце»! Этот набор восхитительных дополнений содержит всё необходимое для отдыха в стиле с вашей игрушкой-квагганом Мистером Квигглсом. Будь то обучение его плаванию*, помощь в достижении идеального загара** или строительство с ним песчаных замков***, этот набор аксессуаров обязательно сделает вашу поездку незабываемой. Веселитесь!

*Мистер Квигглс не является водонепроницаемым, волнонепроницаемым, солестойким или химически стойким.

**Не оставляйте Мистера Квигглса надолго под прямыми солнечными лучами.

***Мистер Квигглс не любит текстуру песка и предпочёл бы не прикасаться к нему, большое спасибо."
"(The text on this tablet is heavily damaged. Only a small segment is legible.)  
  
...beg of you, do not perform the rite. You are not ready, and it will still await you in the future. Please, reconsider this path, before...  
  
(The rest of the tablet is missing.)","(Текст на этой табличке сильно повреждён. Читаем лишь небольшой отрывок.)

...молю тебя, не совершай обряд. Ты не готов, а он всё ещё будет ждать тебя в будущем. Прошу, переосмысли этот путь, прежде чем...

(Остальная часть таблички отсутствует.)"
"(The text on this tablet is heavily damaged. Only a small segment is legible.)  
  
...beneath the stars like watchers' eyes  
Careful crept we oathbound three  
And underneath our cold disguise  
Our hearts alive, happy, free  
When long we...  
  
(The rest is lost to time.)","(Текст на этой табличке сильно повреждён. Читаем лишь небольшой отрывок.)

...под звёздами, как очи дозорных
Крались осторожно мы, трое клятвой связанных
И под холодною личиной
Сердца живые, счастливые, вольные
Когда долго мы...

(Остальное утрачено временем.)"
"(The text on this tablet is heavily damaged. Only a small segment is legible.)  
  
...is, after all, no greater honor than to be born a seer. We are the stewards of this world, Tyria's masters and protectors. We've no need of gods or spirits to guide us; we rise to godhood ourselves through our rites, through our own strength. Never forget that in...  
  
(The rest of the tablet has been reduced to powder and is lost forever.)","(Текст на этой табличке сильно поврежден. Разборчив лишь небольшой фрагмент.)  
  
...нет, в конце концов, большей чести, чем родиться провидцем. Мы — хранители этого мира, владыки и защитники Тирии. Нам не нужны боги или духи, чтобы направлять нас; мы сами возвышаемся до божественности через наши обряды, через нашу собственную силу. Никогда не забывай, что...  
  
(Остальная часть таблички превратилась в пыль и утеряна навсегда.)"
"(The text on this tablet is heavily damaged. Only a small segment is legible.)  
  
3 handfuls of ground...  
...flour in...  
12 pineapples, freshly...  
  
(It's unclear if the list was a recipe or a storage manifest.)","(Текст на этой табличке сильно повреждён. Читаем лишь небольшой отрывок.)

3 горсти молотого...
...муки в...
12 ананасов, свеже...

(Неясно, был ли список рецептом или складской описью.)"
"(The text on this tablet is heavily damaged. Only a small segment is legible.)  
  
All pilgrims must observe the rites here first, repeat their oath to their people, and pay their tithe for the upkeep of the sacred sites. If these customs are not obeyed, you will be subject to...  
  
(You are left to wonder what punishment might have awaited them.)","(Текст на этой табличке сильно повреждён. Читаем лишь небольшой отрывок.)

Все паломники должны сперва соблюсти здешние обряды, повторить клятву своему народу и уплатить десятину на содержание священных мест. Если эти обычаи не соблюдены, вы подвергнетесь...

(Вам остаётся гадать, какая кара могла их ждать.)"
"(There is a letter atop the gold pile.)

Hedda,

I think they're on to us. I'm moving the organs around as subtly as I can, but that Lionguard is asking questions. And now she's got some patsy working for her. Please reach out once you get this letter. I'm not sure what to do, Boss. I'm worried that Isla will stop responding to the threats as well. You may need to put the screws to her to keep her cooperating.  

—Saturninus

(This letter is marked with the familiar raven symbol.)","(На вершине кучи золота лежит письмо.)

Хедда,

Думаю, они что-то заподозрили. Я перекладываю органы как можно незаметнее, но эта Львиная Стража задаёт вопросы. А теперь у неё ещё и какая-то пешка работает. Пожалуйста, свяжись со мной, как получишь это письмо. Я не знаю, что делать, босс. Боюсь, что Исла тоже перестанет реагировать на угрозы. Возможно, тебе придётся надавить на неё, чтобы она продолжала сотрудничать.  
  
— Сатурнин  
  
(Это письмо помечено знакомым символом ворона.)"
"(This appears to be a fragment of a journal.)

It's strange. Here, at the end, all I can think about is the beginning.

You were so small once. A tiny, jewel-bright bird beginning to test her wings. Every time you took flight, it stole my breath away. I should've spent more time in those moments, little one. Now I'll never see you fly again.

And Kralkatorrik—the one who took you from me—has slipped through our fingers again. The end has come. Without you, what hope does Tyria have? My duty now is to bear witness to the end of all things. To stand beside your shell as I wait for reality itself to crumble away.

It doesn't frighten me. How could it? My world ended when your heart stopped beating.

The Pale Tree, the Dream, Ventari's Tablet—they taught us sylvari are born fully grown. But before you, I was a child. I considered myself the most important creature in the world.

I made so many mistakes.

(There appear to have been more pages at one point, but they have been removed.)","(Похоже, это фрагмент дневника.)

Странно. Здесь, в конце, я могу думать только о начале.

Ты была когда-то такой маленькой. Крошечной, сияющей, как драгоценность, птичкой, начинающей пробовать свои крылья. Каждый раз, когда ты взлетала, у меня перехватывало дыхание. Мне следовало бы проводить больше времени в те мгновения, малышка. Теперь я никогда не увижу твоего полёта.

А Кралькаторрик — тот, кто отнял тебя у меня — снова ускользнул от нас. Конец настал. Без тебя, какая надежда есть у Тирии? Мой долг теперь — быть свидетелем конца всего сущего. Стоять рядом с твоей скорлупой, ожидая, пока сама реальность рассыплется в прах.

Это не пугает меня. Как это могло бы? Мой мир рухнул, когда перестало биться твоё сердце.

The Pale Tree, Сон, Скрижаль Вентари — они учили нас, что сильвари рождаются взрослыми. Но до тебя я был ребёнком. Я считал себя самым важным существом в мире.

Я совершил так много ошибок.

(Похоже, когда-то здесь было больше страниц, но они были удалены.)"
"(This appears to be a fragment of a journal.)

There was a vision.

A promise—that we'd win.

My god is dead. Aurene, gone. The warmth of Balthazar's spirit is now just cold, lifeless crystal. Kralkatorrik took her from me, just as his Brand will soon take this world.

I thought that I had finally found...something. A hope that what I was holding on to was real. That it was pure and good.

Maybe it was.

Maybe what I had for that short time between my lowest point and the end of all things was as good as it will ever get for me.

Or maybe the vision that saw me standing there at her side during the final battle against Kralkatorrik was meant as a warning for me stay away.

There is no solace in what lies ahead. All I can do is look to the past, and I carry it with me wherever I go.

(There appear to have been more pages at one point, but they have been removed.)","(Похоже, это фрагмент дневника.)

Было видение.

Обещание — что мы победим.

Мой бог мёртв. Аурене больше нет. Тепло духа Бальтазара обратилось теперь в холодный, безжизненный кристалл. Кралькаторрик отнял её у меня — так же, как его Клеймо вскоре отнимет этот мир.

Я думал, что наконец-то нашёл... что-то. Надежду, что то, за что я держался, — настоящее. Что оно чисто и благо.

Быть может, так и было.

Быть может, то, что было у меня в тот краткий срок между падением на самое дно и концом всего сущего, — это лучшее, что мне вообще суждено.

А может, видение, в котором я стоял там, подле неё, в последней битве против Кралькаторрика, было послано мне как предостережение — держаться прочь.В том, что впереди,

нет утешения. Всё, что мне остаётся, — оглядываться в прошлое, и я несу его с собой, куда бы ни шёл.

(Похоже, когда-то страниц было больше, но их вырвали.)"
"(This appears to be a fragment of a journal.)It's strange. Here, at the end, all I can think about is the beginning.You were so small once. A tiny, jewel-bright bird beginning to test her wings. Every time you took flight, it stole my breath away. I should've spent more time in those moments, little one. Now I'll never see you fly again.And Kralkatorrik—the one who took you from me—has slipped through our fingers again. The end has come. Without you, what hope does Tyria have? My duty now is to bear witness to the end of all things. To stand beside your shell as I wait for reality itself to crumble away.It doesn't frighten me. How could it? My world ended when your heart stopped beating.The Pale Tree, the Dream, Ventari's Tablet—they taught us sylvari are born fully grown. But before you, I was a child. I considered myself the most important creature in the world.I made so many mistakes.(There appear to have been more pages at one point, but they have been removed.)","(Похоже, это фрагмент дневника.) Это странно. Здесь, в конце, я могу думать только о начале. Ты когда-то была такой маленькой. Крошечной, сияющей драгоценностью птичкой, начинающей испытывать свои крылья. Каждый раз, когда ты взлетала, у меня перехватывало дыхание. Мне следовало бы больше времени проводить в те моменты, малышка. Теперь я никогда не увижу твоего полёта снова. И Кралькаторрик — тот, кто отнял тебя у меня — снова ускользнул от нас. Конец настал. Без тебя, какая надежда есть у Тирии? Мой долг теперь — стать свидетелем конца всего сущего. Стоять рядом с твоей скорлупой, ожидая, пока сама реальность рассыплется в прах. Это меня не пугает. Как это могло бы? Мой мир закончился, когда твоё сердце перестало биться. The Pale Tree, Сон, Скрижаль Вентари — они учили нас, что сильвари рождаются полностью взрослыми. Но до тебя я был ребёнком. Я считал себя самым важным существом в мире. Я совершил так много ошибок. (Похоже, когда-то здесь было больше страниц, но их удалили.)"
"(This appears to be a fragment of a journal.)There was a vision.A promise—that we'd win.My god is dead. Aurene, gone. The warmth of Balthazar's spirit is now just cold, lifeless crystal. Kralkatorrik took her from me, just as his Brand will soon take this world.I thought that I had finally found...something. A hope that what I was holding on to was real. That it was pure and good.Maybe it was.Maybe what I had for that short time between my lowest point and the end of all things was as good as it will ever get for me.Or maybe the vision that saw me standing there at her side during the final battle against Kralkatorrik was meant as a warning for me stay away.There is no solace in what lies ahead. All I can do is look to the past, and I carry it with me wherever I go.(There appear to have been more pages at one point, but they have been removed.)","(Похоже, это фрагмент дневника.) Было видение. Обещание — что мы победим. Мой бог мёртв. Аурена, ушла. Тепло духа Бальтазара теперь лишь холодный, безжизненный кристалл. Кралькаторрик отнял её у меня, так же как его Порча скоро отнимет этот мир. Я думал, что наконец нашёл... что-то. Надежду на то, что то, за что я держался, было реальным. Что это было чистым и добрым. Может быть, так и было. Может быть, то, что у меня было в то короткое время между моей низшей точкой и концом всего сущего, было настолько хорошо, насколько это вообще возможно для меня. Или, может быть, видение, в котором я стоял рядом с ней во время финальной битвы против Кралькаторрика, было предупреждением держаться подальше. Нет утешения в том, что ждёт впереди. Всё, что я могу сделать, это оглядываться на прошлое, и я ношу его с собой, куда бы я ни пошёл. (Похоже, когда-то здесь было больше страниц, но их удалили.)"
"(This appears to be a list that Zommoros wrote about ideas for legendary weaponry and other relics. There are many scribbles and crossed-out items)

""The Living One""

Idea: A sentient, living rifle that shoots skeletal fists. Can talk to its owner, as it is sentient and made of organic material.

Prototype: The Living One does nothing but scream in agony, fully aware of the futility of its existence. Not sure why I let it feel pain. Don't think I'll pursue this one.

""Featherweight""

Idea: A dagger imbued with powerful camouflaging magic and the ability to create three cloned versions of itself that fly in midair around its owner and attack all perceived threats.

Prototype: Apparently I didn't think through the ramifications of having three invisible knives floating around my person at all times. The ""perceived threats"" bit has proven especially problematic, as any skritt that approaches with a question gets chased off by invisible knives. This is not conducive to an appropriate professional atmosphere. Going to call this one a lost cause for now.

""Duoblade""

Idea: An ultragreatsword that splits into two separate normal greatswords—one per pair of arms.

Prototype: Two problems, actually. First, I forgot that while djinn have four arms, our target demographics tend to only have two, so they can really only wield ONE greatsword. Second, and perhaps more importantly, an ultragreatsword weighs a lot. And by ""a lot"" I mean the test subjects were falling onto their backs, pinned to the ground by the immense weight of the Duoblade, flailing around like a flipped tortoise. Funny, but impractical.

""Cephalocus""

Idea: A focus that takes the form of a living octopus, held aloft by the creature's actual functioning tentacles!

Prototype: This worked—kind of. The problem was that everybody we tested this with got very uncomfortable having a magical, writhing octopus wrap itself around the wielder's arm. There were also at least two cases where the Cephalocus tried to eat its wielder, which focus groups described as ""not ideal"" and ""absolutely terrifying."" I'll stick a pin in this one for now.

""Syphon Engine""

Idea: A staff that syphons expended life energy from defeated foes, creating a gorgeous aura of light around the weapon.

Prototype: As I've said many a time, magic is not an exact science. I believe it's possible I missed something in my initial formulas, as the staff seems to be syphoning the life energy of the wielder instead of defeated enemies. Immediately upon touching the Syphon Engine, my testers would feel weak, then collapse into a coma. Focus groups rated it very poorly as a result.","(Похоже, это список идей Zommoros для легендарного оружия и прочих реликвий. Он весь в каракулях и вычеркнутых пунктах.)

«Живое Существо».

Идея: разумная живая винтовка, стреляющая скелетными кулаками. Может беседовать с владельцем, ибо разумна и создана из органического материала.

Прототип: «Живое Существо» не делает ничего — лишь кричит в агонии, полностью осознавая тщету своего существования. Сам не знаю, зачем я позволил ему чувствовать боль. Пожалуй, эту затею развивать не стану.

«Пёрышко».

Идея: кинжал, насыщенный мощной маскирующей магией и способный создавать три своих клона, которые парят в воздухе вокруг владельца и атакуют все предполагаемые угрозы.

Прототип: Видимо, я не продумал последствия того, что вокруг моей персоны постоянно будут виться три невидимых ножа. Особенно проблемной оказалась часть про «предполагаемые угрозы»: любого скритта, подошедшего с вопросом, прогоняют невидимые ножи. Это не способствует подобающей профессиональной атмосфере. Пока запишу в безнадёжные.

«Двуклинок».

Идея: ультрадвуручный меч, разделяющийся на два отдельных обычных двуручника — по одному на каждую пару рук.

Прототип: Проблемы, собственно, две. Во-первых, я забыл, что у джиннов четыре руки, а у нашей целевой аудитории обычно всего две, так что держать они могут лишь ОДИН двуручник. Во-вторых — и это, пожалуй, важнее, — ультрадвуручный меч весит немало. И под «немало» я имею в виду, что испытуемые опрокидывались на спину, пригвождённые к земле чудовищным весом «Двуклинка», и барахтались, как перевёрнутая черепаха. Смешно, но непрактично.

«Цефалофокус».

Идея: фокус в виде живого осьминога, удерживаемый на весу самыми настоящими действующими щупальцами существа!

Прототип: Это сработало — почти. Проблема в том, что всем нашим испытателям было очень не по себе, когда магический извивающийся осьминог обвивал руку владельца. Кроме того, было минимум два случая, когда «Цефалофокус» пытался съесть своего владельца, что фокус-группы описали как «не идеально» и «совершенно ужасающе». Пока отложу на полку.

«Сифонный Движитель».

Идея: посох, вытягивающий отпущенную жизненную энергию из поверженных врагов и создающий вокруг оружия великолепную ауру света.

Прототип: Как я не раз говорил, магия — не точная наука. Полагаю, я мог что-то упустить в исходных формулах: посох, похоже, вытягивает жизненную энергию владельца, а не поверженных врагов. Едва коснувшись «Сифонного Движителя», мои испытатели чувствовали слабость, а затем впадали в кому. Фокус-группы, как следствие, оценили его крайне низко."
"(This appears to be an excerpt from a larger journal that was written by Zommoros.)

Djinnspit is the most popular vintage of wine in Elona. I take issue with that—not simply because it's a subpar wine manufactured by soulless husks of vintners who care more for money than the art of wine making. Quite simply, it's deceptive marketing.

When it comes to proper Elonian wine, there are numerous alternatives to the run-of-the-mill Djinnspit (hereafter referred to as ""common swill"").

A few years ago, some foolhardy adventurer tossed down four bottles of Seborhin 1071, a delightful and most unfortunately rare vintage with hints of jammy, but not overpowering, blackberry, anise, vanilla, and just the subtlest touch of licorice. However, that is not my favorite.

No, my favorite is, most surprisingly, something I'd consider a throwaway: Jackspruce Jacaranda. It is not made with jacaranda, of course, but seems to be a grape blend taken from all across the Crystal Oasis. The label is drawn with a most endearing style (showing a jacaranda summoning a lightning bolt into a wine glass), but it is the flavor combination that is most memorable, with a strong and ever-changing floral aroma that evokes the feeling of flying over the Crystal Oasis's most beautiful locales.

My wine collection has grown to a most absurd size, but due to the...UNIQUE conditions that exist within my realm, wine never seems to spoil. Therefore, it would seem I have plenty of time to sample the others to see where they fall in my ever-expanding list of favorites.","(Похоже, это отрывок из более объёмного дневника, написанного Zommoros.)

Djinnspit — самое популярное вино Elona. Я с этим не согласен — и не только потому, что это посредственное вино, изготовленное бездушными оболочками виноделов, которых деньги заботят больше, чем искусство виноделия. Проще говоря, это обманчивый маркетинг.

Когда речь о настоящем элонском вине, есть немало альтернатив заурядному Djinnspit (далее — «расхожее пойло»).

Несколько лет назад некий безрассудный искатель приключений залпом опрокинул четыре бутылки Seborhin 1071 — восхитительного и, к великому сожалению, редкого урожая с оттенками джемовой, но не подавляющей ежевики, аниса, ванили и тончайшей ноткой лакрицы. Однако это не мой любимец.

Нет, мой любимец — что удивительнее всего — то, что я счёл бы проходным: Jackspruce Jacaranda. Разумеется, оно сделано не из жакаранды, но, похоже, представляет собой купаж винограда со всего Crystal Oasis. Этикетка нарисована в прелестнейшем стиле (жакаранда призывает молнию в винный бокал), но запоминается больше всего сочетание вкусов — сильный и вечно меняющийся цветочный аромат, что вызывает ощущение полёта над красивейшими уголками Crystal Oasis.

Моя коллекция вин разрослась до совершенно нелепых размеров, но из-за... УНИКАЛЬНЫХ условий, что царят в моих владениях, вино, похоже, никогда не портится. А значит, у меня, выходит, вдоволь времени, чтобы отведать остальные и определить, где им место в моём вечно растущем списке любимцев."
"(This book appears to have been printed somewhat cheaply, lacking official publication identifiers. Its many folds and creases suggest it's a popular choice.)

Krach Kazan crossed the field in a few quick strides to where the empress was bound to a tree, stepping easily among the bodies of the bandits he had slain. In a single slash, he released her bonds. She threw herself on him, crying into his barrel chest, which was wrapped in the colors of the great houses.

""You have the gratitude of the empire,"" she sobbed. ""Anything, anything you want—you'll have it!""

""There's only one thing I want,"" he said, pulling away so they could look eye to eye. ""And it isn't jade or jewels or fancy titles. It's for the sons and daughters of Echovald to wake up tomorrow and breathe free. Without freedom, nothing else matters, because a free man owns the most valuable thing in the world—himself.""","(Похоже, эта книга напечатана довольно дёшево и лишена официальных издательских пометок. Многочисленные сгибы и заломы выдают в ней популярное чтиво.)

Крах Казан пересёк поле в несколько быстрых шагов — туда, где императрица была привязана к дереву, — легко ступая меж тел разбойников, которых сразил. Одним взмахом он рассёк её путы. Она бросилась к нему, рыдая в его широкую грудь, обёрнутую цветами великих домов.

«Ты заслужил благодарность империи, — всхлипывала она. — Всё, что угодно, всё, чего пожелаешь, — будет твоим!»

«Я желаю лишь одного, — сказал он, отстраняясь, чтобы взглянуть ей в глаза. — И это не нефрит, не драгоценности и не пышные титулы. Я хочу, чтобы сыны и дочери Эковальда завтра проснулись и вздохнули свободно. Без свободы всё прочее не имеет значения, ведь свободному человеку принадлежит самое ценное на свете — он сам»."
"(This book appears to have been printed somewhat cheaply, lacking official publication identifiers. Its many folds and creases suggest it's a popular choice.)Krach Kazan crossed the field in a few quick strides to where the empress was bound to a tree, stepping easily among the bodies of the bandits he had slain. In a single slash, he released her bonds. She threw herself on him, crying into his barrel chest, which was wrapped in the colors of the great houses.""You have the gratitude of the empire,"" she sobbed. ""Anything, anything you want—you'll have it!""""There's only one thing I want,"" he said, pulling away so they could look eye to eye. ""And it isn't jade or jewels or fancy titles. It's for the sons and daughters of Echovald to wake up tomorrow and breathe free. Without freedom, nothing else matters, because a free man owns the most valuable thing in the world—himself.""","(Похоже, эта книга была напечатана довольно дешёво, в ней отсутствуют официальные выходные данные. Многочисленные складки и заломы указывают на то, что это популярный выбор.) Крах Казан пересек поле быстрыми шагами туда, где императрица была привязана к дереву, легко ступая среди тел бандитов, которых он убил. Одним ударом он освободил её от пут. Она бросилась на него, рыдая в его бочкообразную грудь, которая была обёрнута в цвета великих домов. ""Ты получишь благодарность империи,"" — всхлипнула она. ""Всё, что угодно — ты получишь это!"" ""Я хочу только одного,"" — сказал он, отстраняясь, чтобы они могли посмотреть друг другу в глаза. ""И это не нефрит, не драгоценности и не пышные титулы. Я хочу, чтобы сыновья и дочери Эховальда проснулись завтра и дышали свободно. Без свободы ничто не имеет значения, потому что свободный человек владеет самой ценной вещью в мире — самим собой""."
"(This contract has a note attached to it: ""Happy birthday, boss. You think she's gonna miss this?—Renho"")

1829 CC

NOTIFICATION OF ACQUISITION AND TRANSFER

Let this certify the application for acquisition of all assets, patents, and trademarks owned by the XUNLAI GUILD OF CANTHA to HYEOKSIN JADE.

Let this further certify the application for the renaming of HYEOKSIN JADE to XUNLAI JADE CORPORATION, an entity for the mining and production of jade-related technology.

Signatories,
PARK CHUL-MOO and YU JOON, HYEOKSIN JADE
LUEN AI, XUNLAI GUILD OF CANTHA

Certified in the honorable presence of
Minister Seo
Minister of Commerce

On behalf of
The Most Radiant Empress Ihn","(К этому контракту прикреплена записка: «С днём рождения, босс. Думаешь, она будет скучать по этому? — Ренхо»)

1829 КК

УВЕДОМЛЕНИЕ О ПРИОБРЕТЕНИИ И ПЕРЕДАЧЕ

Настоящим удостоверяется заявка на приобретение всех активов, патентов и товарных знаков, принадлежащих ГИЛЬДИИ СЮНЬЛАЙ КАНТЫ, компанией HYEOKSIN JADE.

Настоящим далее удостоверяется заявка на переименование ХЁКСИН НЕФРИТ в КОРПОРАЦИЮ СЮНЬЛАЙ НЕФРИТ, предприятие по добыче и производству нефритовых технологий.

Подписавшие стороны,
ПАРК ЧУЛЬ-МУ и Ю ЧУН, ХЁКСИН НЕФРИТ
ЛУЭНЬ АЙ, ГИЛЬДИЯ СЮНЬЛАЙ КАНТЫ

Заверено в почётном присутствии
Министра Со
Министра торговли

От имени
Сиятельнейшей Empress Ihn"
"(This scrap of paper is filled with half-jotted writing.)

Taimi, I'm (There are several words written here and then scribbled out.) sorry about Blish.

I know he meant a lot—(This is crossed out with an X.)

I know how much he meant to—(This is crossed out with an X.)

I wish I could have gotten to know him as well as you did. (This part looks different, clearly written by somebody else.) He had a strength within him that now lives in all of us.

(This part is in Braham's handwriting again, apparently written at a later time.)

I know you're worried about what we'll think now that we know about your—(All the words following this have been crossed out and scribbled over.)

(This last section seems to have been written later on.)

Don't be.

You're one of us. That will never change. No matter what.","(Этот клочок бумаги исписан наполовину набросанными записями.)

Тайми, я (Здесь написано несколько слов, а затем зачёркнуто.) сожалею о Блише.

Я знаю, как много он значил — (Это перечёркнуто крестом.)

Я знаю, как много он значил для — (Это перечёркнуто крестом.)

Хотел бы я узнать его так же хорошо, как ты. (Эта часть выглядит иначе, явно написана кем-то другим.) В нём была сила, которая теперь живёт во всех нас.

(Эта часть снова написана почерком Брама, видимо, позже.)

Я знаю, ты волнуешься о том, что мы подумаем теперь, когда знаем о твоей — (Все слова после этого зачёркнуты и замазаны.)

(Этот последний раздел, кажется, был написан ещё позже.)

Не надо.

Ты одна из нас. Это никогда не изменится. Что бы ни случилось."""""
"(This scrap of paper is filled with half-jotted writing.)Taimi, I'm (There are several words written here and then scribbled out.) sorry about Blish.I know he meant a lot—(This is crossed out with an X.)I know how much he meant to—(This is crossed out with an X.)I wish I could have gotten to know him as well as you did. (This part looks different, clearly written by somebody else.) He had a strength within him that now lives in all of us.(This part is in Braham's handwriting again, apparently written at a later time.)I know you're worried about what we'll think now that we know about your—(All the words following this have been crossed out and scribbled over.)(This last section seems to have been written later on.)Don't be.You're one of us. That will never change. No matter what.","(Этот клочок бумаги исписан торопливыми заметками.) Тайми, я (Здесь написано несколько слов, а затем зачеркнуто.) сожалею о Блише. Я знаю, как много он значил—(Это перечеркнуто крестом.) Я знаю, как много он для тебя значил—(Это перечеркнуто крестом.) Хотел бы я узнать его так же хорошо, как ты. (Эта часть выглядит иначе, явно написана кем-то другим.) В нём была сила, которая теперь живёт во всех нас. (Эта часть снова почерком Брейхама, написана, по-видимому, позже.) Я знаю, ты беспокоишься о том, что мы подумаем, теперь, когда мы знаем о твоей—(Все слова после этого зачёркнуты и замазаны.) (Этот последний раздел, похоже, был написан ещё позже.) Не надо. Ты одна из нас. Это никогда не изменится. Что бы ни случилось."
"(This text is not a work of fiction but is based on historical fact as interpreted by the author. Historical facts have been revised based upon new information acquired by the author since the original printing in 1022 AE.)

In this updated 50th Anniversary Edition, the estimable Loremaster Ermenred provides readers a unique look at the Canthan Empire's intricate and storied history. 

From its comprehensive timeline reaching back to the Age of the Marmoset, to its exhaustive examination of Assassins and Ritualists (two of Cantha's oldest and most unique professions), this work is the perfect primer for scholars both young and old.","(Этот текст не является художественным вымыслом, а основан на исторических фактах в интерпретации автора. Исторические факты были пересмотрены на основе новой информации, полученной автором после первой публикации в 1022 г. ВЭ.)

В этом обновлённом издании к 50-летию достопочтенный летописец Эрменред предлагает читателям уникальный взгляд на сложную и богатую событиями историю Кантской империи.

От всеобъемлющей хронологии, уходящей корнями в Эпоху Игрунков, до исчерпывающего исследования Ассасинов и Ритуалистов (двух древнейших и уникальнейших профессий Канты) — этот труд является идеальным введением для учёных как юных, так и зрелых."""""
"(This tome is written in the seer language, but its condition is too pristine to be from here.)  
  
We count ourselves among the stars. We do not debase ourselves in worship of the heavens but aspire to the heavens ourselves. Though not all of us will make it, it is better to fall at the gate of glory than to live life mired in the dirt.  
  
(It goes on for pages in the same fashion.)","(Этот том написан на языке провидцев, но состояние его слишком безупречно, чтобы он был отсюда.)

Мы причисляем себя к звёздам. Мы не унижаем себя поклонением небесам, но сами стремимся стать небесами. Пусть не всем нам это удастся, но лучше пасть у врат славы, чем прозябать жизнь, увязнув в грязи.

(И так далее, страница за страницей, в том же духе.)"
(cough) What have they done to the air here?,(кашель) Что они сделали с воздухом здесь?
(enter a player's name to invite),(введите имя игрока для приглашения)
(enter a player's name to join),(введите имя игрока для присоединения)
(hum) OooooOOooooo. (hum),(hum) OooooOOooooo. (hum)
(laugh) Let's do it again!,(смех) Давай сделаем это снова!
(press Enter to chat),(нажмите Enter для чата)
(snort!) Coward!,(фырканье!) Трус!
"(writing is erratic, frenzied)


Blood, silence, and...regret. I still feel regret.


I watched the spark of life leave Nautus's eyes before rolling them and the others into the abyss below, where my new master waits. Defiance welled up inside, a few tears, one last gasp of air, but it's done.


I remember his fanged smile, before he returned me to my slumber the night before last, my bloodied daggers hidden where my waking self would not find them. Sintri, Marago, Odamos, they served Aria well... Now they'll serve him, too.


Soon, I'll join them in the ravaging nightmare, where I belong. My regret, my fear, my rage...they belong to him, now.","(почерк неровный, лихорадочный)


Кровь, тишина и... сожаление. Я всё ещё чувствую сожаление.


Я видел, как искра жизни покинула глаза Наутуса, прежде чем скатить их и остальных в бездну внизу, где ждёт мой новый хозяин. Внутри вскипело неповиновение, несколько слёз, последний вздох — но всё кончено.


Я помню его клыкастую улыбку, когда он вернул меня в сон позапрошлой ночью, мои окровавленные кинжалы спрятаны там, где моё бодрствующее «я» их не найдёт. Синтри, Мараго, Одамос — они хорошо служили Арии... Теперь они будут служить и ему.


Скоро я присоединюсь к ним в раздирающем кошмаре, где мне и место. Моё сожаление, мой страх, моя ярость... теперь они принадлежат ему."
"* More ~~gim,~~ ginger, myulchi
* Mail chapbook draft
* Make sure Joon eats!
* Find Sung new danso instructor
* Return Lao's book
* Send out dinner party invitations","* Более ~~гим,~~ имбирь, мюльчи
* Отправить черновик сборника стихов
* Проследить, чтобы Джуна поела!
* Найти Сун нового учителя дансо
* Вернуть книгу Лао
* Разослать приглашения на званый ужин"
"*""As a child, I'd heard my parents weave stories of their home, Istan. Early on, I suspected 'Bryn might be a djinn. No one in the Collective has ever seen him outside his projected form, and it's become sort of an in-joke for new recruits to speculate wildly. It IS a handsome projection, and yes, I'd asked, and no, he was flattered but uninterested. His loss.""* —Journal of Fourth Veil, Nemah  
  
In the weeks following, after the charr invasion of Kryta was routed by the White Mantle and their masters, their occupation of Kryta began. The remaining mesmers decided they would not abandon Kryta to its new regime. There, Adelaide, Velise, Gauvain, Nemah, and Obryn would form the first inner council of the Mesmer Collective, a fledging network of spies and informants that would serve Kryta in the formative years of the Shining Blade and, later, their own kinsfolk in the Ascalonian settlement. In time, the Collective's numbers would grow. Individuals with ties and connections to larger Krytan towns would form the first outer council and, eventually, the first members of the Shroud.  
  
The truth of King Jadon's disappearance and death remains a secret to this day, known only to a privileged few outside of the Collective. Even after Queen Salma reclaimed the throne, the young Mesmer Collective deemed it best that the truth remain buried, worried that Jadon's death under the protection of Ascalonian diplomats would rouse suspicion and undermine the burgeoning trust between the new Ascalonian refugees and the Krytan people.","*""В детстве я слышал, как мои родители плели истории о своём доме, Истане. Рано я заподозрил, что 'Брин может быть джинном. Никто в Коллективе никогда не видел его вне его проекционной формы, и это стало своего рода внутренней шуткой для новобранцев — строить дикие догадки. Это действительно красивая проекция, и да, я спрашивал, и нет, он был польщён, но не заинтересован. Его потеря"".* —Дневник Четвёртой Вуали, Нема  
  
В последующие недели, после того как вторжение чаров в Крайту было отражено Белым Плащом и их хозяевами, началась их оккупация Крайты. Оставшиеся месмеры решили, что не бросят Крайту на произвол нового режима. Там Аделаида, Велиза, Говен, Нема и Обрин сформировали первый внутренний совет Mesmer Collective — зарождающуюся сеть шпионов и информаторов, которая будет служить Крайте в годы становления Сияющего Клинка, а позже — их собственным сородичам в аскалонском поселении. Со временем численность Коллектива росла. Лица, имеющие связи и контакты с более крупными крайтанскими городами, сформировали первый внешний совет и, в конечном итоге, первых членов Покрова.  
  
Правда об исчезновении и смерти короля Джадона остаётся тайной по сей день, известной лишь избранным за пределами Коллектива. Даже после того, как королева Салма вернула себе трон, молодой Mesmer Collective посчитал, что лучше оставить правду погребённой, опасаясь, что смерть Джадона под защитой аскалонских дипломатов вызовет подозрения и подорвёт зарождающееся доверие между новыми аскалонскими беженцами и крайтанским народом."
"*""My friends, fear not...some charades are meant to end. While we serve Tyria with our magics of mirage, misdirection, and even the manipulation of time itself, I cannot carry on as I have, not without sharing this bit of truth, my truest self. Your companionship is worth more to me than any secret that is solely mine to keep. My name is Mabon; I am mursaat."" * Mabon, formerly ""Obryn"", Fifth Veil addressing the inner and outer councils.*  
  
We all have our secrets. I was a fresh face to the inner council and a new father; my son still but a babe wobbling beneath Bear's protective gaze. The veils of both councils and even the keener members of the Shroud were wary that the collective's Fifth Veil, one of its founders, had spent over a century participating at a distance. There were some folks, me included, who were ignorant of the mursaat and their history. Third Veil Seeta Losthour and I were the first to speak with Mabon after the councils' deliberations—if he should remain on the inner council, much less in the collective. I wanted to reintroduce myself, offer him a drink or ten at the Muse's Bar, on my tab. He obliged, perhaps only out of guilt, but I assured him he was among friends—he still is.  
  
A few glasses in, Mabon was as generous with our questions as I suspected he could be. It was clear that he had allegiances beyond the collective—many of us do. He was stressing over a trip northward, to Janthir, to the ruins of an old mursaat city. Said it was penance for the past, a promise made, ""one former monster to another.""","*«Друзья мои, не бойтесь... некоторые маскарады должны закончиться. Пока мы служим Тирии своей магией миража, обмана и даже манипуляции временем, я не могу продолжать как прежде, не поделившись этой крупицей правды, моей истинной сущностью. Ваше общество для меня дороже любой тайны, которую я должен хранить в одиночку. Меня зовут Мейбон; я мурсаат». *Мейбон, ранее «Обрин», Пятая Вуаль, обращаясь к внутреннему и внешнему советам.*  
  
У всех нас есть свои тайны. Я был новым лицом во внутреннем совете и молодым отцом; мой сын ещё младенцем покачивался под защитным взором Медведя. Вуали обоих советов и даже более проницательные члены Покрова опасались, что Пятая Вуаль Коллектива, один из его основателей, более века участвовал на расстоянии. Были некоторые люди, включая меня, которые не знали о мурсаатах и их истории. Третья Вуаль, Сита Потерянный Час, и я первыми заговорили с Мейбоном после обсуждений советов — стоит ли ему оставаться во внутреннем совете, не говоря уже о Коллективе. Я хотел представиться заново, предложить ему выпить или десять в баре «Муза», за мой счёт. Он согласился, возможно, из чувства вины, но я заверил его, что он среди друзей — он и остаётся.  
  
Через несколько бокалов Мейбон был так же щедр на наши вопросы, как я и подозревал. Было ясно, что у него есть обязательства за пределами Коллектива — как и у многих из нас. Он переживал из-за поездки на север, в Джантир, к руинам старого города мурсаатов. Говорил, что это искупление за прошлое, обещание, данное «одним бывшим монстром другому»."
"*(A handwritten note sits atop a small pile of maps, charts, and documents.)*  

  
Captain Sayida,  

  
These materials were all I could dig up from our humble maritime archive in the city. Pretty sure some of them were on loan from the Priory and I never got around to returning them.  
  
The earliest mentions of Castora appear in ancient Margonite sailing records before the fall, when their ships ruled the Unending Ocean. Others come from ancient Canthan vessels, rumored to have been blessed or guided by celestial entities. A good number of these records were supposedly plundered by corsair fleets between 324 AE and the end of the First Great Corsair War around 712 AE. After that, they traded hands between corsairs and other pirates before the raising of Orr.  
  
Descriptions are few. There is consistent mention of an unusual marine layer that blankets the entire coast of the island continent. For the most part, they read as if they were mostly written from the ships, stopping to fish or scrounge for wreck salvage, only to catch the briefest silhouette or outline of a landmass.  
  
That's all that stood out from a skim; perhaps you'll have better luck. Based on your reputation, if anyone has a half a shot of reaching the shore, it's a Sly. With that said, I'm looking forward to hearing what Castora has to offer Lion's Arch, Captain.  

   
Safe seas,  
Commadore Lawson Marriner","*(Рукописная записка лежит поверх небольшой стопки карт, схем и документов.)*  

  
Капитан Саида,  

  
Вот всё, что мне удалось раскопать в нашем скромном морском архиве в городе. Уверен, некоторые из них были взяты на время у Приората, и я так и не удосужился их вернуть.  
  
Самые ранние упоминания о Касторе встречаются в древних маргонитских мореходных записях до падения, когда их корабли бороздили Бескрайний Океан. Другие — с древних кантанских судов, которые, по слухам, были благословлены или направлены небесными сущностями. Немалая часть этих записей предположительно была разграблена корсарскими флотами между 324 г. НЭ и концом Первой Великой Корсарской войны около 712 г. НЭ. После этого они переходили из рук в руки между корсарами и другими пиратами до поднятия Орра.  
  
Описаний мало. Постоянно упоминается необычный морской слой, окутывающий всё побережье островного континента. По большей части они читаются так, будто были написаны в основном с кораблей, останавливающихся для рыбалки или сбора обломков, и лишь мельком видящих силуэт или очертания суши.  
  
Вот и всё, что выделялось при беглом просмотре; возможно, вам повезёт больше. Судя по вашей репутации, если у кого-то и есть хоть полшанса добраться до берега, так это у Слай. Сказав это, я с нетерпением жду рассказов о том, что Кастора может предложить Львиному Архиву, капитан.  

   
Спокойного моря,  
Коммадор Лоусон Марринер"
"*(A new-looking book, a folded page of parchment marks the reader's place. Unfolded, you notice it is covered in notes.)*  
  
Grateful to have my boots on solid ground after two weeks on the seas, fathoms deep in recent studies on ley-line magic. ""A Study of Ley-Charged Jade and Its Promising Applications"" by Taimi and Yu Joon, ""Manipulating Raw Ley Energy in a New Era"" by Scholar Glenna, and this one I'm reading to refresh myself on the basics.  
  
The Bastion of the Obscure requested I join the Castoran expedition crew to assess and record any unusual ley-line behavior in the region. I'm just one of a few surveyors to remote regions once blocked by Elder Dragon activity. I even heard one of my peers was in talks with the asura and dwarves. Feeling like I lucked out, from where I'm standing. Warm coastal breezes, a stunning horizon... What's not to like?  
  
I can already tell this land is ripe with ley magic. It practically bubbles up from the earth and water, coalescing in these brilliant orbs along the beaches, in the rocks, in the plants. I know better than to bother Isgarren while he's lost in his thoughts, but it'd be nice to add his knowledgeable perspective to my notes.","*(Книга на вид новая, сложенный лист пергамента отмечает место читателя. Развернув его, вы замечаете, что он покрыт заметками.)*

Рад снова ощутить сапоги на твёрдой земле после двух недель в море — с головой в недавних штудиях о лей-магии. «Исследование лей-заряженного нефрита и его многообещающих применений» за авторством Taimi и Yu Joon, «Управление сырой лей-энергией в новую эпоху» учёной Glenna и вот эта, которую я перечитываю, чтобы освежить основы.

Bastion of the Obscure попросил меня присоединиться к команде касторской экспедиции, чтобы оценить и записать любое необычное поведение лей-линий в регионе. Я лишь один из немногих съёмщиков, направленных в удалённые области, некогда перекрытые активностью Старших драконов. Я даже слышал, что кто-то из моих коллег вёл переговоры с асурами и дворфами. Чувствую, что мне повезло, судя по тому, где я стою. Тёплые прибрежные бризы, потрясающий горизонт... Что тут может не нравиться?

Я уже вижу, что эта земля богата лей-магией. Она буквально бурлит из земли и воды, сгущаясь в эти сияющие сферы вдоль пляжей, в камнях, в растениях. Мне хватает ума не тревожить Isgarren, пока он погружён в свои мысли, но было бы славно добавить в мои заметки его сведущий взгляд."
"*(Scrawled in the first page's margin.)*

*Petrus, give me your thoughts on the foreword. I saved it for last, now that the manual is done. Let me know if it's too much at the end. I got emotional. Dame would've been proud, is all.* 

--- 

It's been a winding road to get here. Was worried our ragtag project team would struggle to put our horns together and come up with something inspiring. ""It's a new era,"" they said, and I asked, ""why shouldn't the charr help lead the way?"" Imperator Greetsglory agreed, and with Imperator Kindleshot's own hearty approval, I got started. The goal was to create a kind of vessel, an extra well of power for guardians to tap into, with magic to forge and shape to their liking. 

The containment vessel for that power was where Petrus and his Iron comrades—Tullis, Jenk, and Melniza—came in with their expertise. The latter three were already familiar with building magical containment for holding Foefire ghosts. We pored over blueprints, consulted a few asura. Even took a field trip to the blazing Durmand Priory for inspiration and studied a couple dusty Deldrimor lanterns. Months later, we had a working prototype that combined the function of a containment lantern unit and a flame brazier amplifier. With it, Petrus was able maintain a stable shroud of flame and even wield weapons formed of the same fire. It was a sight to behold! 

Since then, we've worked out the kinks. Petrus had to grow back the occasional patch of fur, but we got real good at putting out fires. Eventually, it was safe enough that we felt we could put it in front of our imperators. Our demonstration was met with glowing eyes and cheers from the crowd of onlookers; we'd been approved to share this practice with the legions, and now, with the rest of Tyria. 

As a charr who spent much of their youth believing in one thing only to cast it aside in later years, I say this to all guardians: Gods, spirits, and leaders come and go with the ages. But whatever fuels your virtue, whatever instinct drives you to put yourself between danger and something or someone in need—take that spark and place it in your brazier. Let it light your way. 

—Attiken Sparkstoker, Flame Legion","*(Нацарапано на полях первой страницы.)*

*Петрус, выскажи своё мнение о предисловии. Я оставил его напоследок, теперь, когда руководство готово. Дай знать, не слишком ли это в конце. Я расчувствовался. Дама бы гордилась, вот и всё.* 

--- 

Это был извилистый путь, чтобы добраться сюда. Я боялся, что наша разношёрстная проектная команда с трудом соберётся вместе и придумает что-то вдохновляющее. «Это новая эра», — сказали они, и я спросил: «Почему бы чаррам не помочь возглавить путь?» Император Грицслави согласился, и с искреннего одобрения самого Императора Киндлшота я начал. Цель состояла в том, чтобы создать своего рода сосуд, дополнительный источник силы, к которому стражи могли бы подключаться, с магией, которую можно ковать и формировать по своему вкусу. 

Сосуд для этой силы — вот где Петрус и его железные товарищи — Туллис, Дженк и Мельница — пригодились со своим опытом. Последние трое уже были знакомы с созданием магического сдерживания для удержания призраков Огненной Погибели. Мы корпели над чертежами, консультировались с несколькими асурами. Даже совершили выезд в пылающий Дурманд Приорат за вдохновением и изучили пару пыльных дельдриморских фонарей. Месяцы спустя у нас был рабочий прототип, сочетающий функцию сдерживающего фонарного блока и усилителя пламенной жаровни. С ним Петрус смог поддерживать стабильную пелену пламени и даже владеть оружием, сформированным из того же огня. Это было зрелище! 

С тех пор мы устранили неполадки. Петрусу приходилось время от времени отращивать участки шерсти, но мы научились хорошо тушить пожары. В конце концов, стало достаточно безопасно, чтобы мы могли представить это нашим императорам. Наша демонстрация была встречена горящими глазами и одобрительными возгласами толпы зрителей; нам разрешили поделиться этой практикой с легионами, а теперь и со всей Тирией. 

Как чарр, который провёл большую часть своей юности, веря в одно, только чтобы отбросить это в более поздние годы, я говорю это всем стражам: Боги, духи и лидеры приходят и уходят с веками. Но что бы ни питало вашу добродетель, какой бы инстинкт ни побуждал вас встать между опасностью и кем-то или чем-то нуждающимся — возьмите эту искру и поместите её в свою жаровню. Пусть она освещает ваш путь. 

— Аттикен Искроразжигатель, Flame Legion"
********,********
"***This worn storybook looks to have been written and decorated by a cub. A small pawprint adorns the cover.***  
  
There once was a sleepy, abandoned cottage on the edge of Harvest Den. But this cottage was different from all the others. It had legs! They were long as a heron's and as strong as if they belonged to the fastest journeykin in the derby.  
  
But legs weren't the only thing that made the cottage special. It also snored! Long and loud into the night. Some bearkin neighbors complained that the cottage kept them awake all night. Between its thunderous snores, and the coughs of smoke that wheezed from its chimney, the village bearkin were fed up with all the noise!  
  
One morning, the neighbors knocked on the cottage door. Or at least, they tried to... But the cottage stood so tall on its legs that nobody could reach the front stoop! A few bearkin tried climbing the legs, but the cottage was ticklish! It shook so mightily with laughter that the bearkin could hardly make it a few claw lengths up without falling off.  
  
So the bearkin got a new idea. They tossed stones at the cottage door, trying to make knocking sounds. This seemed to get its attention, until one stone missed and accidentally broke the cottage window!  
  
""Ouch!"" the cottage shrieked, as broken glass streamed down its front like teardrops. The bearkin called out their apologies, but it was too late. In a huff, the cottage stormed off, stomping as many of the bearkin's flowerbeds and gardens as it could along the way.  
  
For many moons, none of the village bearkin knew where the cottage went. Some rumors said it had been spotted in the bog, but no one worked up the courage to go check. Indeed, the cottage had found a secret spot near the bog's edge where no one could cause it any more trouble.  
  
Until...one day, a strange woman appeared on the cottage's front stoop. How she had scaled its legs to the heights of the stoop, even the cottage was unsure.  
  
""Poor thing,"" she said, her voice full of forced pity. ""Those awful bearkin can be so cruel,"" she cooed. And through some strange show of odd gestures and harsh sounds, she mended the cottage window!  
  
The cottage was shocked. And confused. But most of all, happy. Though the broken window was an accident, the truth was that the cottage hadn't felt this loved since before its builder had left it so long ago.  
  
In a tremendous whoosh of warm, dusty air, the cottage swung open its door, welcoming the woman inside.  
  
""A bit dusty, but...you will do quite nicely for my needs here in the bog. Yes, quite nicely."" She smiled a sour smile, then shut the door behind her with a surprising gentleness.  
  
From then on, she oft made herself at home in the cottage. Every visit, the cottage invited her in with a cozy fire and the warm light of the hearth. And here, she'd roost lazily by the window, scouring for unlucky bearkin lost wandering the bog alone.  
  
***At the end of the story, a note in much neater writing reads: ""Spooky and creative! A fine story, Poky. Imaginative as always!""","***Эта потрёпанная книга сказок, похоже, была написана и украшена детёнышем. На обложке красуется маленький отпечаток лапы.***  
  
Жил-был сонный заброшенный домик на краю Урожайного Логова. Но этот домик отличался от всех остальных. У него были ноги! Длинные, как у цапли, и сильные, как у самого быстрого странника в дерби.  
  
Но ноги были не единственным, что делало домик особенным. Он ещё и храпел! Долго и громко всю ночь. Некоторые соседи-медведи жаловались, что домик не даёт им спать всю ночь. Между его громовым храпом и кашляющими клубами дыма, вырывающимися из трубы, деревенские медведи устали от всего этого шума!  
  
Однажды утром соседи постучали в дверь домика. По крайней мере, они попытались... Но домик стоял так высоко на своих ногах, что никто не мог дотянуться до переднего крыльца! Несколько медведей попытались взобраться по ногам, но домик был щекотливым! Он так сильно трясся от смеха, что медведи едва могли продвинуться на несколько когтей вверх, не упав.  
  
Тогда медведи придумали новую идею. Они бросали камни в дверь домика, пытаясь издавать стучащие звуки. Это, казалось, привлекло его внимание, пока один камень не промахнулся и случайно не разбил окно домика!  
  
«Ой!» — взвизгнул домик, когда разбитое стекло потекло по его фасаду, как слёзы. Медведи крикнули свои извинения, но было уже поздно. В гневе домик ушёл, топая по как можно большему количеству цветников и садов медведей на своём пути.  
  
Много лун никто из деревенских медведей не знал, куда делся домик. Некоторые слухи говорили, что его видели в болоте, но никто не набрался смелости пойти проверить. Действительно, домик нашёл секретное место у края болота, где никто не мог причинить ему больше неприятностей.  
  
Пока... однажды на переднем крыльце домика не появилась странная женщина. Как она взобралась по его ногам на высоту крыльца, даже домик не был уверен.  
  
«Бедняжка», — сказала она, её голос был полон притворной жалости. «Эти ужасные медведи могут быть такими жестокими», — ворковала она. И с помощью каких-то странных жестов и резких звуков она починила окно домика!  
  
Домик был потрясён. И сбит с толку. Но больше всего — счастлив. Хотя разбитое окно было случайностью, правда заключалась в том, что домик не чувствовал себя таким любимым с тех пор, как его строитель покинул его так давно.  
  
С огромным свистом тёплого пыльного воздуха домик распахнул свою дверь, приглашая женщину внутрь.  
  
«Немного пыльно, но... ты вполне подойдёшь для моих нужд здесь, в болоте. Да, вполне подойдёшь». Она кисло улыбнулась, затем закрыла за собой дверь с удивительной нежностью.  
  
С тех пор она часто чувствовала себя как дома в домике. Каждый визит домик приглашал её внутрь уютным огнём и тёплым светом очага. И здесь она лениво сидела у окна, высматривая неудачливых медведей, заблудившихся в болоте в одиночестве.  
  
***В конце истории заметка гораздо более аккуратным почерком гласит: «Жутко и креативно! Отличная история, Поки. Как всегда, с воображением!»***"
"**AUTHORIZED PERSONNEL ONLY**  
   
Whatever you do, don't let any of the frogs get this.  
  
ACCESS CODES  
1. Black: 000000   
2. White: FFFFFF  
3. Red: FF0000  
4. Blue: 0000FF  
5. Green: 008000  
6. Violet: 7F00FF  
  
Zeroes are the key. Number then position.","**ТОЛЬКО ДЛЯ УПОЛНОМОЧЕННОГО ПЕРСОНАЛА**

Что бы ты ни делал, не дай ни одной из лягушек это заполучить.

КОДЫ ДОСТУПА
1. Чёрный: 000000
2. Белый: FFFFFF
3. Красный: FF0000
4. Синий: 0000FF
5. Зелёный: 008000
6. Фиолетовый: 7F00FF

Ключ — нули. Сначала число, затем позиция."
"**Akeem, the Wizard of the Obscure**  

The one who brings together our two worlds will die doing so; at the feet of a monstrous force, they will perish.","**Аким, Волшебник Сокрытого**  

Тот, кто объединит наши два мира, умрёт, делая это; у ног чудовищной силы он погибнет."
"**Amnytas**  

It sent ripples over the land, like the surface of a lake; eventually the water would be still, and they'd see right to the bottom.","**Амнитас**  

Оно посылало рябь по земле, словно поверхность озера; в конце концов вода успокоится, и они увидят прямо до дна."
"**Arcane Council Meeting Summary**  
*Notes Taken by Phlunt's Golem Secretary*  
  
**Attendance**  
High Councillor Flax  
Councillor Haia  
Councillor Vark  
Councillor Zudo  
Councillor Yahk  
Councillor Bleent  
Councillor Phlunt  
   
**Meeting Minutes**  
- Quorum has been reached, with two members of the council absent. Councillor Ludo is in Lion's Arch on behalf of the Tyrian Alliance, and Councillor Canni is guiding an ecological research study in Cantha. Catering has been provided by Chef Prazz.   
  
- A petition was proposed from Councilor Phlunt to change the time of Arcane Council meetings to Canthan standard time so that he does not have to disrupt his daily tea ceremony. The petition will be taken into consideration.   
  
- Councillor Vark volunteered to read a letter from Councillor Ludo. She says that the Captain's Council will be hosting a summit between the nations of Cantha and Elona two weeks from today in Lion's Arch. Cantha will be demonstrating their new ley-infused jade filters, and Councillor Ludo has suggested that the council send students from each of the colleges to watch. Councillor Yahk dismissed the notion, expressing concern over wasting resources. Councillor Phlunt seconded Yahk's concerns. Councillor Zudo dissented, but was quickly dismissed by High Councillor Flax.   
  
- High Councillor Flax has pivoted to issue a formal complaint about the catering, noting that the blueberry tarts are ""dry and unsatisfying."" Councillors Bleent and Yahk agree.    
  
- Councillor Yahk notes that the ooze custard, however, is superb. Given that, the formal complaints against the blueberry tarts have been dismissed.   
  
- Councillor Zudo once again brought up her petition to give the colleges additional access to funding following recent budget cuts. She claims that multiple research krewes have expressed concerns about funding and may need to halt progression. High Councillor Flax asked to delay discussing the petition, citing a lack of preparedness, but suggested that each of these krewes submit requests for funding so they can be assessed individually. This suggestion satisfied Councillor Zudo.   
  
- Since Councillor Ludo is in Lion's Arch for another week at minimum, Councillor Yahk volunteered to oversee the rations and supplies that are being prepared for the Tyrian Alliance. High Councillor Flax approved.   
  
- Two Councillors discussed a ""playdate"" between their two progeny. Nothing came of it after both agreed that the children detested one another on ideological grounds.   
  
- The meeting was adjourned when High Councillor Flax received an urgent note to return to the Usability Station. The Arcane Council will reconvene when Councillors Ludo and Canni return from business outside of Rata Sum.","**Сводка заседания Arcane Council**
*Записи ведёт голем-секретарь Phlunt*

**Присутствуют**
Верховный советник Flax
Советница Haia
Советник Vark
Советница Zudo
Советник Yahk
Советник Bleent
Советник Phlunt

**Протокол заседания**
- Кворум достигнут; двое членов совета отсутствуют. Советница Ludo — в Lion's Arch по делам Tyrian Alliance, советница Canni руководит экологическим исследованием в Cantha. Угощение предоставлено шеф-поваром Prazz.

- От советника Phlunt поступила петиция: перенести заседания Arcane Council на кантийское стандартное время, чтобы ему не приходилось прерывать свою ежедневную чайную церемонию. Петиция будет принята к рассмотрению.

- Советник Vark вызвался зачитать письмо советницы Ludo. Она сообщает, что через две недели Captain's Council проведёт в Lion's Arch саммит между народами Cantha и Elona. Cantha продемонстрирует свои новые нефритовые фильтры с лей-насыщением, и советница Ludo предложила совету отправить студентов от каждого из коллежей понаблюдать. Советник Yahk отверг идею, выразив озабоченность разбазариванием ресурсов. Советник Phlunt поддержал озабоченность Yahk. Советница Zudo выразила несогласие, но была быстро осажена верховным советником Flax.

- Верховный советник Flax перешёл к официальной жалобе на угощение, отметив, что черничные тарталетки «сухи и не приносят удовлетворения». Советники Bleent и Yahk согласны.

- Советник Yahk отмечает, что заварной крем из слизи, напротив, превосходен. Ввиду этого официальные жалобы на черничные тарталетки отклонены.

- Советница Zudo вновь подняла свою петицию о дополнительном доступе коллежей к финансированию после недавних сокращений бюджета. По её словам, несколько исследовательских крю выразили обеспокоенность финансированием и, возможно, будут вынуждены остановить работу. Верховный советник Flax попросил отложить обсуждение петиции, сославшись на неготовность, но предложил, чтобы каждая из этих крю подала запрос на финансирование для индивидуальной оценки. Это предложение удовлетворило советницу Zudo.

- Поскольку советница Ludo пробудет в Lion's Arch ещё минимум неделю, советник Yahk вызвался курировать пайки и припасы, готовящиеся для Tyrian Alliance. Верховный советник Flax одобрил.

- Двое советников обсудили «игровую встречу» своих отпрысков. Ничем не кончилось: оба согласились, что дети презирают друг друга по идеологическим соображениям.

- Заседание было прервано, когда верховному советнику Flax доставили срочную записку с требованием вернуться на Станцию Удобства. Arcane Council соберётся вновь, когда советницы Ludo и Canni вернутся из дел за пределами Rata Sum."
"**Arina, the Outrider of the Ward**  

The lady would look upon the other world and see opportunity.","**Арина, Всадница Стражи**  

Леди взглянула бы на другой мир и увидела бы возможность."
"**Confidential Report on Yong Reactor**
Prepared by Ministry of Energy Archivist Seung

Xunlai Jade's Yong reactor began construction in 1828 CC, initially designed as a geothermal generator, in an effort to supplement Xunlai Jade's growing power needs for New Kaineng. However, less than five years into its operation, Lady Joon approached the Ministry of Energy with radical new plans for a complete refit.

In lieu of the hydroelectric generators, Lady Joon presented an entirely new structure off the main reactor chamber, with what appeared to be massive jade-tech rings, which she told the oversight subcommittee were a ""new type of turbine."" The committee was skeptical, but Lady Joon's scientists and engineers demonstrated the immense power output of the new technology, and the refit was approved by the Ministry.

Only after the construction was complete and the inspection was scheduled was the truth revealed, albeit only to the highest ranking ministers in the Canthan government. The Yong Reactor was being retrofitted to house the Elder Dragon Soo-Won. Needless to say, this knowledge was quickly compartmentalized and classified by the Ministry of Security, in coordination with the Ministry of Intelligence and select members of the government and the royal family.

Since the installation of Soo-Won's chamber, energy output for the Yong Reactor far exceeded what the geothermal capacitors are capable of, and discussions are ongoing about expansion to further sections of the sea shelf. Although the geothermal generators still provide the bulk of the power to the Yong Reactor itself, the remaining ""dragonjade"" power is channeled into batteries that are now shipped across Cantha.

This report will be redacted from the official archives, pending approval by the Minister of Energy.","**Конфиденциальный отчёт о Yong Reactor**
Подготовлено архивариусом Министерства энергетики Сыном

Строительство Yong Reactor компании Сюньлай Жад началось в 1828 году КЭ, изначально спроектированного как геотермальный генератор, в попытке удовлетворить растущие потребности Сюньлай Жад в энергии для Нового Кайнинга. Однако менее чем через пять лет после начала эксплуатации леди Джун обратилась в Министерство энергетики с радикальными планами полной модернизации.

Вместо гидроэлектрических генераторов леди Джун представила совершенно новую структуру, примыкающую к главной камере реактора, с массивными кольцами из жада-технологий, которые, как она сказала наблюдательному подкомитету, были «новым типом турбины». Комитет отнёсся скептически, но учёные и инженеры леди Джун продемонстрировали огромную выходную мощность новой технологии, и модернизация была одобрена Министерством.

Только после завершения строительства и назначения инспекции правда была раскрыта, хотя и только высшим министрам кантанского правительства. Yong Reactor модернизировался для размещения Старшего Дракона Су-Вон. Само собой разумеется, эти знания были быстро засекречены и классифицированы Ministry of Security в координации с Министерством разведки и избранными членами правительства и королевской семьи.

С момента установки камеры Су-Вон выход энергии Yong Reactor значительно превысил возможности геотермальных конденсаторов, и ведутся обсуждения о расширении на дополнительные участки морского шельфа. Хотя геотермальные генераторы по-прежнему обеспечивают большую часть энергии для самого Yong Reactor, оставшаяся «драконья жад» энергия направляется в аккумуляторы, которые теперь отправляются по всей Канте.

Этот отчёт будет изъят из официальных архивов до утверждения Министром энергетики."
"**Dagda, the Wizard of the Celestial**  

She weeps for what she left behind. She weeps for what she's afraid to lose.","**Дагда, Волшебница Небесного**  

Она плачет о том, что оставила позади. Она плачет о том, что боится потерять."
"**Entry 01**  
First day on Janthir Syntri is in the books! Should probably explain what I'm even doing here. The Tyrian Alliance reached out to the Durmand Priory for some extra help studying the titans. Gixx told them he had just the expert for the job, and here I am! For being so new to the global scene, the alliance has been quick to establish itself. Already they've enlisted help from the Astral Ward, the sylvari tree tenders, and now, the priory. And the word is that the former Pact commander is even running around out here.  
  
I still can't believe my luck. Reading about titans from historical tomes is one thing. Potentially seeing them in the wild? That's a whole other beast! I figure journaling will help me keep track of my day-to-day in the field. If I see anything interesting (maybe a titan—claws crossed), I can jot down the details while they're still fresh.  
  
Anyway, a storm's rolling in, so I'd best find some shelter. Sounds like it's gonna be a mean one.  
  
**Entry 02**  
So much for daily journaling. I've been so deep in research, I keep forgetting to write about it. Lately, I've been interviewing kodan stationed on the isles about what they've seen. Some even gave eyewitness accounts of their own personal titan sightings! I'm working on compiling them for alliance and priory records.  
  
While the interviews are going well, Janthir Syntri's frequent storms are...unsettling. I expected a harsh climate; the isles are practically famous for it. But these storms are unlike any I've experienced. They're strong, sure. Even violent at times. But there's just something deeply unsettling about them. They're also peculiarly consistent. And because of all that, I can't stop wondering about them. So I've made it a little side project of my own to learn all I can about them. And I hear the rumblings of one brewing. Right on cue...  
  
**Entry 03**  
My brain is going so fast, I can barely write quickly enough! Turns out that my side project studying the isle's storms is going better than expected. I've been asking around, and according to those stationed here awhile, the storms in Janthir Syntri worsened around the same time the titans first appeared. Even more curious, the titans appear to thrive in these storms. Why? I don't know for sure, but my guess has to do with bloodstone.   
  
Several accounts of the titans during Mists Tide storms report them feasting especially ravenously on bloodstone shards. Once satisfied, they act particularly energized and aggressive. This effect is even true for those appearing injured or in poor health beforehand. And, for whatever reason, it only seems to happen during storms.  
  
So many thoughts here: Is there something in these storms' energy that bolsters bloodstone? Would explain the amplified effects, and also why they feel so ""off."" Then, what is this energy? Where do these storms even come from? Previous research suggests the titans negatively impact nearby ecosystems. Could their appearance have made the isles' storms even worse? Maybe. But it doesn't explain their effect on bloodstone. Still, I feel I'm onto something here. Just need to keep searching for answers.","**Запись 01**  
Первый день на Джантир Синтри записан! Наверное, стоит объяснить, что я вообще здесь делаю. Tyrian Alliance обратился в Дурманд Приорат за дополнительной помощью в изучении титанов. Гикс сказал им, что у него есть как раз подходящий эксперт для этой работы, и вот я здесь! Будучи таким новичком на мировой арене, альянс быстро зарекомендовал себя. Они уже заручились помощью Astral Ward, сильвари-древохранителей, а теперь и приората. И ходят слухи, что бывший командующий Пакта даже бегает где-то здесь.  
  
Я до сих пор не могу поверить своей удаче. Читать о титанах из исторических томов — это одно. Возможность увидеть их в дикой природе? Это совсем другой зверь! Я думаю, что ведение дневника поможет мне отслеживать мои повседневные дела в полевых условиях. Если я увижу что-то интересное (может быть, титана — скрестив когти), я смогу записать детали, пока они ещё свежи.  
  
В любом случае, надвигается шторм, так что мне лучше найти укрытие. Похоже, будет сильный.  
  
**Запись 02**  
Вот тебе и ежедневное ведение дневника. Я так глубоко погрузился в исследования, что постоянно забываю писать о них. В последнее время я беру интервью у коданов, размещённых на островах, о том, что они видели. Некоторые даже дали показания очевидцев своих собственных наблюдений титанов! Я работаю над их компиляцией для записей альянса и приората.  
  
Хотя интервью идут хорошо, частые штормы на Джантир Синтри... тревожат. Я ожидал сурового климата; острова практически знамениты им. Но эти штормы не похожи ни на один из тех, что я переживал. Они сильные, это точно. Даже иногда жестокие. Но в них есть что-то глубоко тревожное. Они также на удивление постоянны. И из-за всего этого я не могу перестать задаваться вопросами о них. Так что я сделал это своим небольшим побочным проектом — узнать о них всё, что смогу. И я слышу гул приближающегося шторма. Как по расписанию...  
  
**Запись 03**  
Мой мозг работает так быстро, что я едва успеваю писать! Оказывается, мой побочный проект по изучению штормов острова идёт лучше, чем ожидалось. Я расспрашивал людей, и, по словам тех, кто находится здесь давно, штормы на Джантир Синтри усилились примерно в то же время, когда впервые появились титаны. Ещё более любопытно, что титаны, кажется, процветают в этих штормах. Почему? Я не знаю наверняка, но моя догадка связана с кровавым камнем.   
  
Несколько сообщений о титанах во время штормов Прилива Туманов сообщают, что они особенно жадно пируют осколками кровавого камня. Насытившись, они ведут себя особенно энергично и агрессивно. Этот эффект верен даже для тех, кто до этого выглядел раненым или в плохом состоянии. И, по какой-то причине, это происходит только во время штормов.  
  
Так много мыслей здесь: Есть ли что-то в энергии этих штормов, что усиливает кровавый камень? Это объяснило бы усиленные эффекты, а также почему они кажутся такими «неправильными». Тогда что это за энергия? Откуда вообще берутся эти штормы? Предыдущие исследования предполагают, что титаны негативно влияют на близлежащие экосистемы. Могло ли их появление сделать штормы островов ещё хуже? Возможно. Но это не объясняет их влияние на кровавый камень. Тем не менее, я чувствую, что я напал на что-то здесь. Просто нужно продолжать искать ответы."
"**Entry 04**  
No time to grab my journal. I'll just scribble this here and add it to the rest of the entries.   
  
I'm back at the priory. It's the middle of the night. And finally—FINALLY—days and nights of research have paid off! Since leaving Janthir Syntri, all I've wanted is a reason to go back. I haven't been able to think of anything besides the questions I left unanswered there. Now, I have my reason. And I may very well have my answers.  
  
It's all too much to explain here; I need to get going. I'll write more when I reach the isle.","**Запись 04**  
Нет времени хватать мой дневник. Я просто нацарапаю это здесь и добавлю к остальным записям.   
  
Я вернулся в приорат. Сейчас середина ночи. И наконец — НАКОНЕЦ — дни и ночи исследований окупились! С тех пор как я покинул Джантир Синтри, всё, чего я хотел, — это причина вернуться. Я не мог думать ни о чём, кроме вопросов, которые оставил без ответа там. Теперь у меня есть причина. И, возможно, у меня есть ответы.  
  
Всё это слишком сложно объяснять здесь; мне нужно идти. Я напишу больше, когда доберусь до острова."
"**Entry 1**    
   
While I continue to mourn the fact that I was not elevated to the role of principal biomancer, being a prime candidate to see Sebb's work to fruition following his passing, I continue to find small joys in my new surveying assignment. While mapping the marsh, I've begun conducting personal research on the native beetle species. They fascinate me, and perhaps I can extract useful biodata for future utilization.   
   
**Entry 2**    
  
Blast! I was bitten by one of the beetles. A matriarch, likely come to retrieve the larva I extracted. I had to abandon my camp in a hurry. The research I lost...   
  
But never mind my research! My insides burn with ceaseless pain. I managed to drag myself to a secure alcove and administer an antitoxin from my surveying medical kit, but it seems to be doing very little against the beetle's venom. I called my krewe leader for aid, who...laughed at my obvious discomfort. She dubbed my ailment a ""fortifying challenge"" and demanded that I use the opportunity to craft a remedy in case anyone else is afflicted by the toxin.    
  
While attempting to formulate a plan, I heard a sharp cry from the clearing where I was attacked. Shortly after, a gwyldell—one of the treant-like beings on the island—collapsed on the ground nearby. Another victim. In the days prior, I'd witnessed the creatures tending to the moths and their cocoons throughout the marsh. I suspect one of the beetles got too close, and the gwyldell intervened.   
  
I watched as it writhed against the ground. I tried not to make any sudden movements as to not scare it away. After all, the perfect test subject for my own remedy had fallen into my lap.","**Запись 1**    
   
Пока я продолжаю оплакивать тот факт, что меня не повысили до главного биомансера, будучи главным кандидатом на то, чтобы довести работу Себба до завершения после его кончины, я продолжаю находить маленькие радости в своём новом задании геодезиста. Картографируя болото, я начал проводить личные исследования местных видов жуков. Они меня завораживают, и, возможно, я смогу извлечь полезные биоданные для будущего использования.   
   
**Запись 2**    
  
Проклятье! Меня укусил один из жуков. Матриарх, вероятно, пришла забрать личинку, которую я извлёк. Мне пришлось в спешке покинуть свой лагерь. Исследования, которые я потерял...   
  
Но забудьте о моих исследованиях! Мои внутренности горят непрекращающейся болью. Мне удалось доползти до безопасной ниши и ввести антитоксин из моего полевого медицинского набора, но он, кажется, почти не помогает против яда жука. Я позвал своего лидера группы за помощью, который... посмеялся над моим очевидным дискомфортом. Он назвал мой недуг «укрепляющим вызовом» и потребовал, чтобы я использовал эту возможность для создания противоядия на случай, если кто-то ещё пострадает от токсина.    
  
Пытаясь разработать план, я услышал резкий крик с поляны, где на меня напали. Вскоре после этого гвилделл — одно из древоподобных существ на острове — рухнул на землю рядом. Ещё одна жертва. За несколько дней до этого я видел, как существа ухаживали за мотыльками и их коконами по всему болоту. Я подозреваю, что один из жуков подошёл слишком близко, и гвилделл вмешался.   
  
Я наблюдал, как он корчился на земле. Я старался не делать резких движений, чтобы не спугнуть его. В конце концов, идеальный подопытный для моего собственного противоядия свалился мне прямо в руки."
"**Entry 3**  
  
To begin my experimentation, I've collected a vial of sap from the oldest tree in the far Deepwood. I took me a long while to get there on my own. But just as I suspected, given the area's protection from sunlight and intense magical saturation, it has taken on an antibacterial quality. It's unlike anything I've worked with in the lab. While not an end-all to my ailment, due to the sap's consistency and potency, it'll serve as a good base for the salve. Just like glue.
For now, I'll simply take a scoop. But when I'm healed, I'll be back for an entire tree.","**Запись 3**  
  
Чтобы начать свои эксперименты, я собрал флакон сока с самого старого дерева в дальнем Глубоколесье. Мне потребовалось много времени, чтобы добраться туда одному. Но, как я и подозревал, учитывая защиту этой области от солнечного света и интенсивное магическое насыщение, он приобрёл антибактериальные свойства. Это не похоже ни на что, с чем я работал в лаборатории. Хотя это не панацея от моего недуга, из-за консистенции и силы сока он послужит хорошей основой для мази. Прямо как клей.
А пока я просто возьму немного. Но когда я выздоровлю, я вернусь за целым деревом."
"**Entry 4**  
  
Concentrated magic... This entire island is absolutely covered in it, but there's something about the seer's quarry. The ley magic here is pure—untouched. When it's time to fuse the rest of the components together, this will do well.","**Запись 4**  
  
Концентрированная магия... Весь этот остров буквально ею покрыт, но в каменоломне провидца есть нечто особенное. Магия лея здесь чиста — нетронута. Когда придёт время сплавить остальные составляющие воедино, это подойдёт как нельзя лучше."
"**Entry 5**   
   
I've taken numerous samples of water from all over the quarry and channels, but the sample I collected from the forge's runoff is simply miraculous! I'd never think to use an unsterile specimen like this, but there's something about the seer ""technology"" that purifies, breaking up and isolating the noxious compounds as they collect in the sap.","**Запись 5**   
   
Я взял множество проб воды по всей каменоломне и каналам, но образец, что я собрал из стока кузни, просто чудо! Мне и в голову бы не пришло использовать нестерильный образец вроде этого, но есть нечто в «технологии» провидцев, что очищает, разбивая и изолируя ядовитые соединения по мере того, как они скапливаются в смоле."
"**Entry 6**    
  
Deep in the grove, not too far from my refuge, I've located a shrub filled with bright-blue flowers. The pigment is remarkable and immediately drew my eye.   
  
In many cases, such a color should cause alarm, as blue often means poison. An easy way to test its volatility would be to rub a pulverized petal across some exposed flesh. If the flesh reacts, you've got a winner. I did so using this flora, and behold, I've quite the rash. Exactly what I searched for. If I add just a touch of this pigment to the concoction, I'm hoping that the flower's toxins will battle against the isolated pockets of the beetle's.   
  
I returned to camp and used just a small fraction of my updated concoction on the gwyldell to gauge my progress. It was not a fan. I was worried that its cries would give up our position, and I had to use a sedative to calm it. But despite the creature's pain, I did observe some improvement. Unfortunately, I worry that using enough of the concoction to completely cure  the ailment would effectively...terminate the specimen. And until I'm healed, I'm not ready to be rid of it yet.","**Запись 6**    
  
Глубоко в роще, недалеко от моего убежища, я нашёл куст, усыпанный ярко-голубыми цветами. Пигмент замечательный и сразу привлек мое внимание.   
  
Во многих случаях такой цвет должен вызывать тревогу, так как голубой часто означает яд. Простой способ проверить его летучесть — растереть измельченный лепесток по открытой коже. Если кожа отреагирует, значит, вы нашли то, что нужно. Я сделал это с этой флорой, и вот, у меня появилась сыпь. Именно то, что я искал. Если я добавлю лишь немного этого пигмента в снадобье, я надеюсь, что токсины цветка будут бороться с изолированными очагами жучиного яда.   
  
Я вернулся в лагерь и использовал лишь малую часть моего обновленного снадобья на гвилделле, чтобы оценить прогресс. Ему это не понравилось. Я боялся, что его крики выдадут наше местоположение, и мне пришлось использовать успокоительное, чтобы утихомирить его. Но, несмотря на боль существа, я заметил некоторые улучшения. К сожалению, я опасаюсь, что использование достаточного количества снадобья для полного излечения недуга фактически... прикончит образец. И пока я не исцелился, я ещё не готов с ним расстаться."
"**Entry 7**    
  
Every time I need to venture out in search of another ingredient, I worry that I won't make it back. While my Inquest-designated ointments and remedies have kept the beetle toxin at bay, it's slowly starting to take hold of my better senses. My sense of smell dulls, my legs grow numb. The pain grows with every breath. And at the gwyldell's advanced stages of impact, its wings are beginning to grow thin.  
  
Thankfully, I didn't need to travel far to find what I sought next. After the burn on my arm only worsened, I attempted crushing various leaves found throughout the forest. I found one in particular that had an immediate soothing effect when crushed into a paste. I rubbed it over the area and was immediately met with reprieve. I collected what I was able and returned to my hiding place to crush the rest.   
  
As predicted, when folded into the sap *before* adding the floral pigment, the burning effect is minimized. I again tried administering the concoction to the gwyldell... And, finally! It took to the remedy and hardly made a noise.","**Запись 7**    
  
Каждый раз, когда мне нужно отправиться на поиски очередного ингредиента, я боюсь, что не вернусь. Хотя мои мази и средства, разработанные Инквестом, сдерживают жучий токсин, он постепенно начинает завладевать моими чувствами. Обоняние притупляется, ноги немеют. Боль усиливается с каждым вдохом. А на поздних стадиях поражения гвилделля его крылья начинают истончаться.  
  
К счастью, мне не пришлось идти далеко, чтобы найти то, что я искал. После того как ожог на моей руке только ухудшился, я попытался растереть различные листья, найденные в лесу. Я нашёл один, который оказал немедленное успокаивающее действие, когда его растерли в пасту. Я втер его в пораженное место и сразу почувствовал облегчение. Я собрал то, что смог, и вернулся в свое укрытие, чтобы растереть остальные.   
  
Как и предполагалось, при добавлении в сок *до* добавления цветочного пигмента жжение сводится к минимуму. Я снова попробовал дать снадобье гвилделлю... И, наконец-то! Он воспринял лекарство и почти не издал ни звука."
"**Entry 8**    
  
I collected some berries near the western temple in an attempt to make the concoction more palatable, as ingesting the paste seems to raise its efficiency. When exposed directly to blood, it burns too quickly. When rubbed over skin, it burns too slowly. But when ingested, it absorbs at precisely the correct speed.    
  
I have, at last, completed the concoction. I've administered it to the gwyldell first. Next, myself.  
    
**Entry 9**    
  
Damn it. Something is still missing.   
  
After the test subject seemed to be healing, I administered a full dose the antidote to myself. And I hate to admit it, but I have made a critical error. Within a few hours, we both began to ooze thick mucus. And, alchemy, it burns. It's almost as if the toxins have moved from my insides to my flesh, and now I'm covered in them.  
  
If only I had a way to cleanse myself of the mucus, maybe then would I be healed. I recall Sebb's early experiments when we first arrived on Castora. On the wavehawks. I don't remember the specifics, as the burning is overcoming my every sense. But the traces of saliva found in their water-propulsing organs houses various enzymes that might... I'll attempt to call for aid.","**Запись 8**    
  
Я собрал немного ягод возле западного храма, чтобы сделать снадобье более приятным на вкус, так как приём пасты внутрь, кажется, повышает его эффективность. При прямом контакте с кровью оно сжигает слишком быстро. При втирании в кожу — слишком медленно. Но при попадании внутрь оно всасывается с правильной скоростью.    
  
Я наконец завершил снадобье. Сначала я дал его гвилделлю. Затем — себе.  
    
**Запись 9**    
  
Проклятье. Чего-то все ещё не хватает.   
  
После того как подопытный, казалось, пошёл на поправку, я принял полную дозу противоядия сам. И мне не хочется признавать, но я совершил критическую ошибку. Через несколько часов нас обоих начало покрывать густой слизью. И, алхимия, она жжет. Такое ощущение, что токсины переместились изнутри на кожу, и теперь я весь в них.  
  
Если бы только у меня был способ очиститься от слизи, возможно, тогда бы я исцелился. Я вспоминаю ранние эксперименты Себба, когда мы только прибыли на Кастору. С волноястребами. Я не помню деталей, так как жжение затуманивает все мои чувства. Но следы слюны в их водометных органах содержат различные ферменты, которые могли бы... Я попытаюсь вызвать помощь."
"**Entry 9**   
  
I tried a full dose of the antidote on both myself and my test subject. Neither condition seemed to fully stabilize. I even observed as the gwyldell began to ooze with a thick mucus in response. And now the same is beginning to happen to me. And it burns. It's almost as if the toxins have moved from my insides to my flesh, and now I'm covered in them.  
  
What am I missing? Oh, if only I had a way to cleanse myself of the mucus, maybe then would I be healed... But I  
  
*The writing abruptly ends. The paper is covered in a thick, pungent mucus.*","**Запись 9**   
  
Я попробовал полную дозу противоядия как на себе, так и на подопытном. Состояние ни одного из нас, похоже, полностью не стабилизировалось. Я даже заметил, что в ответ гвилделль начал выделять густую слизь. И теперь то же самое начинает происходить со мной. И это жжет. Такое ощущение, что токсины переместились изнутри на кожу, и теперь я весь в них.  
  
Чего мне не хватает? О, если бы только у меня был способ очиститься от слизи, возможно, тогда бы я исцелился... Но я  
  
*Запись внезапно обрывается. Бумага покрыта густой, едкой слизью.*"
"**Frode, the Warden of the Ward**  

Under the blanket of heavy snow and burden, he may witness something horrible. Only after will he thrive.","**Фрод, Хранитель Оплота**  

Под покровом тяжёлого снега и бремени он может стать свидетелем чего-то ужасного. Только после этого он расцветет."
"**Galrath the Undying, the Tactician of the Ward**  

To he who glares toward the light, life will be a curse.","**Галрат Бессмертный, Тактик Оплота**  

Тому, кто взирает на свет, жизнь будет проклятием."
"**Gladium, the Guide of the Ward**  

What she lost would be gained in other ways.","**Гладиум, Проводник Оплота**  

То, что она потеряла, обретет иным путем."
"**Greer—Bionomic Influence: Swamp**  
Called the ""rot bringer"" by locals familiar with his putrid air, Greer's form has taken on characteristics of swampy regions of the Slithering Outskirts. Lowland kodan Rainless Meadow, stationed near Old Gavril Plaza, succinctly described the titan as ""swampy and gross."" She recalled, ""The smell curled the fur on my nose.""   
  
An account taken by the alliance from the sylvari Caithe summarized Greer's presence as follows: ""I sensed sickness the moment I set foot in the area. You don't have to be a sylvari to tell the environment's ailing. One whiff is proof enough. But to also feel the misery of those innocents... The plagued plants, the poisoned waters...the leaves curled by death... The mere memory makes me sick. Being there was nearly more than I could bear.""  
  
**Decima—Bionomic Influence: Storm**    
While not as offputting to the senses, Decima's intrusion upon the Stricken Plains ecosystem has proved equally detrimental. The Stricken Plains, as their name suggests, are known for frequent lightning strikes. Decima's presence appears to have increased this frequency exponentially.   
  
Research conducted by Tyrian Alliance and Astral Ward members indicates a near-constant risk of wildfires. This burn risk poses a major threat to the safety of individuals, wildlife, and vegetation in the area. Lowlanders report a dramatic drop in the season's crop yield, fearing food shortages for the coming winter.  
  
**Ura—Bionomic Influence: Unknown**    
Due to her discovery being so recent, Ura's exact bionomic influence is yet to be determined. According to alliance accounts from the former Pact commander and allies, Ura used explosive steam walls to deter combatants. Based on what we know of Greer and Decima, this manner of attack is no accident. It may also be a key to discovering the geographical region of her hiding place. The use of steam may suggest geyser influence, which Janthir's northern isles are known for.","**Грир — Биономическое влияние: Болото**  
Местные жители, знакомые с его гнилостным дыханием, называют его «несущим гниль». Форма Грира приняла черты болотистых регионов Извилистых Окраин. Низовая кодан по имени Rainless Meadow, расквартированная у Старой площади Гаврила, кратко описала титана как «болотистого и мерзкого». Она вспомнила: «Запах завивал шерсть у меня на носу».   
  
Сводка, полученная альянсом от сильвари Кейт, описывает присутствие Грира так: «Я почувствовала болезнь в тот момент, когда ступила в этот район. Не нужно быть сильвари, чтобы понять, что окружающая среда больна. Один вдох — достаточное доказательство. Но также чувствовать страдания невинных... Зараженные растения, отравленные воды... листья, свернувшиеся от смерти... Одно воспоминание вызывает у меня тошноту. Находиться там было почти невыносимо».  
  
**Децима — Биономическое влияние: Шторм**    
Хотя Децима не столь неприятна для чувств, её вторжение в экосистему Пораженных Равнин оказалось не менее пагубным. Stricken Plains, как следует из их названия, известны частыми ударами молний. Присутствие Децимы, по-видимому, экспоненциально увеличило эту частоту.   
  
Исследования, проведенные членами Tyrian Alliance и Astral Ward, указывают на почти постоянный риск лесных пожаров. Этот риск возгорания представляет серьёзную угрозу безопасности людей, дикой природы и растительности в этом районе. Низовые сообщают о резком падении урожайности в этом сезоне, опасаясь нехватки продовольствия предстоящей зимой.  
  
**Ура — Биономическое влияние: Неизвестно**    
Из-за того, что её обнаружили совсем недавно, точное биономическое влияние Уры ещё предстоит определить. Согласно отчётам альянса от бывшего командора Пакта и союзников, Ура использовала взрывные паровые стены для сдерживания бойцов. Основываясь на том, что мы знаем о Грире и Дециме, такая манера атаки не случайна. Это также может быть ключом к обнаружению географического региона её укрытия. Использование пара может указывать на влияние гейзеров, которыми известны северные острова Джантира."
"**Hour 07—Arrival and Initial Observations**  
  
When I heard that the Tyrian Alliance was preparing to push against the titans following the realization that there's a third, I dropped everything to shadow the event. My investigation of the largos upset simply must wait. My primary motivation is to observe the creatures—the titans—before troops eventually roll in and ruin any chance of direct observation (and yes, I know, it's not good for these things to be galivanting across the Tyrian wastes; I'm just noting that it's not every day a new titan is melded). But Alchemy be damned, I arrived just in time for a little reconnaissance.  
  
When one of my contacts from the Order of Whispers informed me that the commander and their allies were planning to arrive at Mount Balrior just after the next sunrise, I pulled every connection I could just to get here. All airship travel near Janthir has been labeled as ""high-risk,"" so I organized a drop-off on the isle nearby from my partners at the aerodrome. One of the lowland bearkin showed me to the path, and I climbed. I encountered titanspawn and wolves on the way—nothing this researcher would bat an eye at—but I just arrived just a few hours ago, and...they're magnificent.   
  
What a marvel, these creatures are. So much more evolved than our records of titans past—the priory's very own Farrah Baelseeker has been working on collecting a full report. They're bigger and they're stronger. Is it just their age? Or something else? Mind you, I haven't the vacuity to get a closer look—although once the commander arrives, I'll gladly watch—but the footprints, the size of their spawn. The smells in the air! It's a delight, all of it, but the implications are also quite horrifying.   
  
My initial questions are of their origin—who relit the forge? Perhaps we can't know. But I must ask.  
  
**Hour 11—Strange Reverberations**  
  
I've managed to perch myself in a safe clearing near what seems to be some long-abandoned ruins—probably mursaat or White Mantle. I can hear titanspawn nearby, but they've yet to locate me.   
  
Since my arrival, I've observed strange reverberations across the mountain. Thankfully, Farrah had reported similar findings during her own time in Janthir Syntri, so I brought my infrasound frequency tracer—a small relic of my days before the priory. As expected, I've been able to identify three origin points for these frequencies. Given the titanspawns' movement, I think I can assume that the source is the titans.   
  
In Farrah's working report, she's noted that they've used bursts of hot air and energy to emit stormlike tones to communicate with each other across great distances. Those are quite loud and can be heard even by us (although they're untranslatable if you're further than a few yards away). In this instance, I assume the titans have taken on a more indetectable frequency of communication to shield their whereabouts. Sadly for them, they don't know how equipped I am.  
  
Frequency 01, which seems to linger toward the northernmost edge of the mountain's peak, is often short and sharp—I believe this is Ura. Frequency 02, lingering toward the east, is more verbose, but is usually only heard when Frequency 03 begins. Frequency 03, whose origin lives toward the west, is...incohesive and complex. It takes on a rhythmic pattern, and not an especially admirable one. I pitched it against a classic Krytan song, ""The Battle at the King's Foot,"" and I do believe that Frequency 03 might be a sour attempt at...singing? This leads me to believe that Frequency 02 is Greer, and Frequency 03 is Decima. Apparently, she hasn't titled herself the ""Stormsinger"" for nothing.     
  
**Hour 14—the Commander Arrives**  
  
Thank goodness, the commander has finally arrived—and just as my position was detected by the titanspawn. Now the true research begins. To battle we go! Or rather, to battle the commander goes.","**Час 07 — Прибытие и первые наблюдения**

Когда до меня дошли вести, что Tyrian Alliance готовит наступление на титанов — после того как выяснилось, что есть и третий, — я бросаю все дела, чтобы следить за событиями. Моё расследование переполоха среди ларгосов просто обязано подождать. Главная моя цель — понаблюдать за этими существами, титанами, прежде чем сюда нагрянут войска и погубят всякую надежду на прямое наблюдение (и да, знаю: ничего хорошего в том, что эти твари разгуливают по тирийским пустошам, нет; просто отмечаю, что не каждый день на свет сплавляют нового титана). Но, будь проклята Алхимия, я успеваю как раз к небольшой разведке.

Когда один из моих контактов в Order of Whispers сообщил, что коммандир и союзники планируют прибыть к Mount Balrior сразу после следующего восхода, мне пришлось задействовать все связи до единой, чтобы попасть сюда. Все воздушные перелёты близ Janthir объявлены «крайне рискованными», так что мои партнёры с аэродрома организовали мне высадку на соседнем острове. Кто-то из низинного медвежьего народа указал мне тропу, и начался подъём. По пути мне встречались порождения титанов и волки — ничто из этого не заставит исследователя моего склада и глазом моргнуть, — но всего несколько часов назад я наконец на месте, и... они великолепны.

Что за чудо эти создания! Насколько же они превосходят титанов из наших старых записей — Farrah Baelseeker из Приората как раз собирает полный отчёт. Они крупнее, они сильнее. Дело лишь в их возрасте? Или в чём-то ещё? Заметьте, мне недостаёт пустоголовости, чтобы подобраться поближе, — хотя когда прибудет коммандир, я с радостью понаблюдаю, — но эти следы, размеры их порождений. Запахи в воздухе! Всё это восхитительно — но выводы напрашиваются и весьма пугающие.

Первые мои вопросы — об их происхождении: кто вновь разжёг кузню? Возможно, этого нам не узнать. Но не спросить нельзя.

**Час 11 — Странные вибрации**

Мне удалось устроиться на безопасной поляне возле каких-то давно заброшенных руин — вероятно, мурсаатских или White Mantle. Поблизости слышны порождения титанов, но меня они пока не обнаружили.

С самого прибытия я наблюдаю странные вибрации по всей горе. К счастью, Farrah сообщала о похожих явлениях во время собственной работы в Janthir Syntri, так что при мне инфразвуковой частотный трассер — маленькая реликвия моей жизни до Приората. Как и ожидалось, мне удалось выделить три точки происхождения этих частот. Судя по перемещениям порождений титанов, можно предположить, что источник — сами титаны.

В рабочем отчёте Farrah отмечено, что титаны используют выбросы горячего воздуха и энергии, издавая грозоподобные звуки, чтобы переговариваться друг с другом на огромных расстояниях. Те звуки весьма громки, их слышим даже мы (правда, разобрать их невозможно, если вы дальше нескольких ярдов). В данном же случае, полагаю, титаны перешли на менее уловимую частоту связи, чтобы скрыть своё местонахождение. К несчастью для них, они не знают, как хорошо я оснащён.

Частота 01, которая держится у самого северного края вершины, обычно коротка и резка — полагаю, это Ura. Частота 02, тяготеющая к востоку, более многословна, но обычно слышна лишь тогда, когда вступает Частота 03. Частота 03, чей источник обитает к западу, ...бессвязна и сложна. Она подчиняется ритмическому рисунку, причём не сказать чтобы достойному восхищения. Я сопоставил её с классической крайтской песней «Битва у Подножия Короля» и склоняюсь к мысли, что Частота 03 — это, возможно, фальшивая попытка... пения? Отсюда вывод: Частота 02 — это Greer, а Частота 03 — Decima. Похоже, она не зря величает себя «Певицей Бури».

**Час 14 — Прибытие коммандира**

Слава Алхимии, коммандир наконец прибыл — и как раз тогда, когда порождения титанов обнаружили мою позицию. Теперь начинается настоящее исследование. В бой! Точнее, в бой идёт коммандир."
"**Interviewee**: Born from Thunder  
**Location**: Forager's Hunt  
**Titan Observations**: Titanspawn Activity  
  
Born from Thunder's hunting party has killed quite a few of the titans' spawn. They've even maintained a growing tally of their kill count, making his entourage a critical resource in our investigation.   
  
He suspects that the spawn are acting as limbs to their progenitor titans—which we've now labeled appropriately as Greer and Decima. They attack the main specimen's enemies, then spread out to cover ground... I haven't read anything quite like this when researching the past titans, either. Perhaps they didn't dwell in one place long enough to produce spawn before their defeat, while our new titan threat is thriving.","**Респондент**: Рожденный Громом  
**Местоположение**: Охотничьи угодья  
**Наблюдения за титанами**: Активность отродий титанов  
  
Охотничий отряд Рожденного Громом убил немало отродий титанов. Они даже вели растущий подсчёт своих убийств, что делает его группу важным ресурсом в нашем расследовании.   
  
Он подозревает, что отродья действуют как конечности своих титанов-прародителей — которых мы теперь должным образом обозначили как Грир и Децима. Они атакуют врагов основного экземпляра, затем расползаются, чтобы покрыть территорию... Я не читал ничего подобного, исследуя прошлых титанов. Возможно, они не задерживались на одном месте достаточно долго, чтобы произвести потомство до своего поражения, в то время как наша новая угроза титанов процветает."
"**Interviewee**: Born from Thunder  **Location**: Forager's Hunt  **Titan Observations**: Titanspawn Activity    Born from Thunder's hunting party has killed quite a few of the titans' spawn. They've even maintained a growing tally of their kill count, making his entourage a critical resource in our investigation.     He suspects that the spawn are acting as limbs to their progenitor titans—which we've now labeled appropriately as Greer and Decima. They attack the main specimen's enemies, then spread out to cover ground... I haven't read anything quite like this when researching the past titans, either. Perhaps they didn't dwell in one place long enough to produce spawn before their defeat, while our new titan threat is thriving.","**Интервьюируемый**: Рождённый из Грома  **Местоположение**: Forager's Hunt  **Наблюдения за титанами**: Активность титаноспавнов    Охотничья партия Рождённого из Грома убила довольно много отпрысков титанов. Они даже ведут растущий счёт своим убийствам, что делает его свиту критически важным ресурсом в нашем расследовании.     Он подозревает, что отпрыски действуют как конечности своих прародителей-титанов — которых мы теперь соответствующим образом обозначили как Грира и Дециму. Они атакуют врагов главного образца, затем распространяются, чтобы охватить территорию... Я не читал ничего подобного, когда исследовал прошлых титанов. Возможно, они не задерживались на одном месте достаточно долго, чтобы произвести отпрысков до своего поражения, в то время как наша новая угроза титанов процветает."
"**Interviewee**: Branwen  
**Location**: Storm Research Camp  
**Titan Observations**: Titan Communication  
  
Fascinating observations from one of the Astral Ward scouts, Branwen. While most of her time in Janthir has been spent conducting research in camp, she's witnessed something quite curious between the Mists storms that roll in and out of the bay.   
  
As we now know, whenever the storms are active, Greer and Decima will crawl from their dens in an attempt to siphon any active bloodstones in the area. Following these frenzies, Branwen has observed patterns of thunder that correlate with the titans' success in their feeding. When they are victorious, the storms are boisterous, but when the lowlanders and Astral Ward are able to push the titans back, the storm that follows is weaker.   
  
Branwen suspects that they're in constant communication—and I concur.","**Респондент**: Бранвен  
**Местоположение**: Исследовательский лагерь Штормов  
**Наблюдения за титанами**: Связь титанов  
  
Удивительные наблюдения от одной из разведчиц Astral Ward, Бранвен. Хотя большую часть своего времени в Джантире она проводила за исследованиями в лагере, она стала свидетельницей весьма любопытного явления между штормами Бездны, которые накатывают на залив и уходят из него.   
  
Как нам теперь известно, когда штормы активны, Грир и Децима выползают из своих логовищ, пытаясь выкачать любые активные кровавые камни в этом районе. После этих приступов бешенства Бранвен наблюдала закономерности грома, которые коррелируют с успехом титанов в кормлении. Когда они одерживают победу, штормы неистовы, но когда низовые и Astral Ward могут оттеснить титанов назад, следующий шторм слабее.   
  
Бранвен подозревает, что они находятся в постоянной связи — и я согласен."
"**Interviewee**: Paela  
**Location**: Bloodstone Research Camp  
**Titan Observations**: Thirst for Bloodstone  
  
Paela, another member of the Astral Ward stationed at one of the bloodstone research camps, confirmed what many of us suspected: the titans feast on bloodstone. Looking back at all of the information that we've collected to date, I'm very happy with our research.  
  
In summary: Our modern titan threat is at least a little different from those we encountered before. This is likely because Greer and Decima's growth has gone uninterrupted in the Isles of Janthir for an undetermined amount of time. The bloodstone may be another factor in this growth, as well as the other Mists energies that are present in the area. The titans have grown so large that they've developed the ability to produce spawn.   
  
They do match our records in one very notable way, and that's their evolutionary talent for blending in with their environment. Greer favors the swamps of Janthir Syntri, while Decima has evolved into a conduit for storms.","**Респондент**: Паэла  
**Местоположение**: Исследовательский лагерь Кровавых Камней  
**Наблюдения за титанами**: Жажда кровавых камней  
  
Паэла, ещё один член Astral Ward, расквартированный в одном из исследовательских лагерей кровавых камней, подтвердила то, что многие из нас подозревали: титаны пируют на кровавых камнях. Оглядываясь на всю информацию, которую мы собрали на сегодняшний день, я очень доволен нашим исследованием.  
  
Резюме: Наша современная угроза титанов, по крайней мере, немного отличается от тех, с которыми мы сталкивались раньше. Это, вероятно, связано с тем, что рост Грира и Децимы не прерывался на Островах Джантира в течение неопределенного количества времени. Кровавый камень может быть ещё одним фактором в этом росте, как и другие энергии Бездны, присутствующие в этом районе. Титаны выросли настолько большими, что развили способность производить потомство.   
  
Они совпадают с нашими записями в одном весьма заметном аспекте: это их эволюционный талант сливаться с окружающей средой. Грир предпочитает болота Джантир Синтри, в то время как Децима превратилась в проводник для штормов."
"**Interviewee**: Paela  **Location**: Bloodstone Research Camp  **Titan Observations**: Thirst for Bloodstone    Paela, another member of the Astral Ward stationed at one of the bloodstone research camps, confirmed what many of us suspected: the titans feast on bloodstone. Looking back at all of the information that we've collected to date, I'm very happy with our research.    In summary: Our modern titan threat is at least a little different from those we encountered before. This is likely because Greer and Decima's growth has gone uninterrupted in the Isles of Janthir for an undetermined amount of time. The bloodstone may be another factor in this growth, as well as the other Mists energies that are present in the area. The titans have grown so large that they've developed the ability to produce spawn.     They do match our records in one very notable way, and that's their evolutionary talent for blending in with their environment. Greer favors the swamps of Janthir Syntri, while Decima has evolved into a conduit for storms.","**Интервьюируемый**: Паэла  **Местоположение**: Лагерь исследования кровавых камней  **Наблюдения за титанами**: Жажда кровавого камня    Паэла, ещё один член Astral Ward, размещённый в одном из лагерей исследования кровавых камней, подтвердила то, что многие из нас подозревали: титаны питаются кровавым камнем. Оглядываясь назад на всю информацию, которую мы собрали на сегодняшний день, я очень доволен нашим исследованием.    В итоге: Наша современная угроза титанов по крайней мере немного отличается от тех, с которыми мы сталкивались ранее. Это, вероятно, потому что рост Грира и Децимы оставался непрерывным на Островах Янфира в течение неопределённого периода времени. Кровавый камень может быть ещё одним фактором в этом росте, как и другие энергии Мира, присутствующие в этом районе. Титаны выросли настолько большими, что развили способность производить отпрысков.     Они соответствуют нашим записям в одном очень заметном аспекте: их эволюционный талант сливаться с окружающей средой. Грир предпочитает болота Янфир Синтри, в то время как Децима эволюционировала в проводник штормов."
"**Interviewee**: Rainless Meadow  
**Location**: Near the Old Gavril Plaza  
**Titan Observations**: Firsthand Account of Progenitor Titan  
  
Rainless Meadow was still shaken from her encounter with Greer at the time of her interview. Another lowlander, Whispers of Wind, sent the young kodan into the woods to scout while they were establishing a foothold in the ruins of Gavril. Meadow first went west to find clean water.  
  
Upon entering the westernmost swamp, she heard the titan Greer rise from his den. Meadow was able to duck into a small cave before he could identify her. Based on her description of the beast, Greer is significantly larger than any titan we've encountered on record—although our records may be sparse in that regard. Just as we've never witnessed their spawn, the size of these creatures makes me wonder if these specific titans have... Ah, I'm not sure—perhaps they've tapped into a well of power they didn't have access to before? Or, given the secluded nature of Janthir, maybe their development has been largely uninterrupted? It's challenging to draw that connection without knowing how long they've been present, however.","**Респондент**: Rainless Meadow  
**Местоположение**: Возле Старой площади Гаврила  
**Наблюдения за титанами**: Отчёт из первых рук о титане-прародителе  
  
Rainless Meadow все ещё была потрясена своей встречей с Гриром во время интервью. Другой низовой, Whispers of Wind, отправил молодую кодан в лес на разведку, пока они закреплялись в руинах Гаврила. Луг сначала пошла на запад, чтобы найти чистую воду.  
  
Войдя в самое западное болото, она услышала, как титан Грир поднимается из своего логова. Луг удалось нырнуть в небольшую пещеру, прежде чем он смог её опознать. Основываясь на её описании зверя, Грир значительно больше любого титана, которого мы встречали в записях — хотя наши записи могут быть скудны в этом отношении. Так же, как мы никогда не видели их потомства, размер этих существ заставляет меня задаться вопросом, не получили ли эти конкретные титаны доступ к... Ах, я не уверен — возможно, они подключились к источнику силы, к которому у них не было доступа раньше? Или, учитывая уединенную природу Джантира, возможно, их развитие было в основном беспрепятственным? Однако трудно провести эту связь, не зная, как долго они присутствуют."
"**Isgarren, the Wizard of the Tower**  

The sting of a strong gust; the distance he will fall. It is not as he remembered, being alive.","**Исгаррен, Маг Башни**  

Жалящий удар сильного порыва; расстояние, которое он пролетит. Это не так, как он помнил, быть живым."
"**Livia, the Sorceress of the Ward**  

She brings news of the shadows that we cannot see; eyes where ours are blind.","**Ливия, Чародейка Стражи**

Она приносит вести о тенях, которых мы не видим; глаза там, где наши слепы."
"**Log Entry 52:**  
Just received new directives from Overseer Kuda for those of us left over on Sebb's team. Trading one taskmaster for another. We came on this expedition because we believed in Vloxx's vision, and now that the principal biomancer has up and died, it's only a matter of time before we end up as redundancies for the overseer to exploit.
I'd raise my concerns with the director himself, but I doubt he has time to address the worries of a small krewe supervisor about leadership changes.
Webbi's considering my idea to jump ship, surrendering to the alliance expedition, but she's hesitant. She has it in her head that this post is precious to me. And, yeah, it was a big deal, but it's still not worth either of our lives.  

**Log Entry 53:**  
<**encrypted**>  

**Log Entry 54:**  
<**encrypted**> 

**Log Entry 55:**  
A fresh development! One of the alliance expeditioners wants a meeting for an information exchange. I'm coordinating the meet-up via some freebooter middleman (charr?) and it's sounding more legit. This could be how we get ourselves out and maybe even bargain for something that won't land us in some alliance jail, or whatever passes for one out here.  

**Log Entry 56:**  
Webbi's been on edge all morning, pacing the confines of our lab. Our rendezvous with the contact is today. If we play our cards right, we'll be out from under Kuda's thumb by the time the sun sets on the weald.","**Запись в журнале 52:**
Только что получил новые указания от надзирательницы Куды для тех из нас, кто остался в команде Себба. Меняем одного надсмотрщика на другого. Мы отправились в эту экспедицию, потому что верили в видение Влокса, а теперь, когда главный биомант внезапно умер, это лишь вопрос времени, когда мы станем лишними для надзирательницы, чтобы она нас использовала.
Я бы высказал свои опасения самому директору, но сомневаюсь, что у него есть время заниматься тревогами мелкого руководителя крю по поводу смены руководства.
Вебби обдумывает мою идею сбежать, сдавшись союзной экспедиции, но она колеблется. Она вбила себе в голову, что этот пост дорог мне. И да, это было важно, но оно всё равно не стоит наших жизней.

**Запись в журнале 53:**
<**encrypted**>

**Запись в журнале 54:**
<**encrypted**>

**Запись в журнале 55:**
Новое развитие! Один из участников союзной экспедиции хочет встречи для обмена информацией. Я организую встречу через какого-то посредника-вольника (чарр?), и это звучит всё более легитимно. Это может быть наш шанс выбраться и, возможно, даже выторговать что-то, что не отправит нас в какую-нибудь союзную тюрьму или что там за неё сходит в этих краях.

**Запись в журнале 56:**
Вебби всё утро на взводе, мечется по нашей лаборатории. Наша встреча с контактом сегодня. Если мы правильно разыграем карты, мы выберемся из-под каблука Куды до заката над лесом."
