english,translate
"%str1%%str2%Leichte ""Wahrer Blick""-Handschuhe%str3%%str4%","%str1%%str2%Лёгкие перчатки «Истинного взгляда»%str3%%str4%"
"%str1%%str2%Schwere ""Wahrer Blick""-Maske%str3%%str4%","%str1%%str2%Schwere ""Wahrer Blick""-Maske%str3%%str4%"
"%str1%%str2%Schweres ""Wahrer Blick""-Wams%str3%%str4%","%str1%%str2%Schweres ""Wahrer Blick""-Wams%str3%%str4%"
"(Festival) Schließt den Erfolg ""Bündel-Plünderer (jährlich)"" ab",(Фестиваль) Завершите достижение «Связка-грабитель (ежегодно)»
"+10%% Outgoing Healing
+30 Healing Power
+10%% Karma
+5%% All Experience Gained
+20%% Magic Find
+20%% Gold Find
+10%% WXP Gained","+10%% Исходящее лечение
+30 Сила лечения
+10%% Карма
+5%% Ко всему получаемому опыту
+20%% Шанс найти магические предметы
+20%% Шанс найти золото
+10%% Получаемый опыт за выполнение заданий"
"+32 Condition Damage
+18 Toughness
+18 Vitality","+32 урона от состояний
+18 к силе
+18 к жизненной силе"
"+5 Max Supply
+10%% WvW Experience
+25%% Movement Speed
+25 Power","+5 Максимальный запас
+10%% опыта в PvP
+25%% скорости передвижения
+25 силы"
"+5 Toughness
+2 Precision","+5 к живучести
+2 точности"
"+600 Power
+300 Precision","+600 силы
+300 точности"
"+7 Condition Damage
+5 Vitality","+7 ед. урона от состояний
+5 к жизненной силе"
"-10%% Incoming Damage
+35 to All Attributes
+10%% Karma
+5%% All Experience Gained
+20%% Magic Find
+20%% Gold Find
+10%% WXP Gained","-10%% входящий урон
+35 ко всем характеристикам
+10%% кармы
+5%% к получаемому опыту
+20%% шанс найти магические предметы
+20%% шанс найти золото
+10%% к получаемому опыту мира"
"-10%% Incoming Damage
+50 Condition Damage
+40 Expertise
+10%% Karma
+5%% All Experience Gained
+20%% Magic Find
+20%% Gold Find
+10%% WXP Gained","-10%% Урон от входящих атак
+50 Урона по состояниям
+40 Экспертиза
+10%% Карма
+5%% Ко всему получаемому опыту
+20%% Шанс найти магический предмет
+20%% Шанс получить больше золота
+10%% Получаемый опыт WXP"
"-10%% Incoming Damage
+80 Healing Power
+60 Concentration
+10%% Karma
+5%% All Experience Gained
+20%% Magic Find
+20%% Gold Find
+10%% WXP Gained","-10%% входящий урон
+80 сила исцеления
+60 концентрация
+10%% карма
+5%% ко всему получаемому опыту
+20%% шанс найти магический предмет
+20%% шанс найти золото
+10%% получаемый опыт"
"-20%% Incoming Condition Duration
+30 Concentration
+10%% Karma
+5%% All Experience Gained
+20%% Magic Find
+20%% Gold Find
+10%% WXP Gained","-20%% Длительность входящих эффектов
+30 Концентрация
+10%% Кармы
+5%% Получаемого опыта
+20%% Шанс найти магические предметы
+20%% Шанс получить золото
+10%% Получаемых очков опыта"
"66%% Chance to Steal Life on Critical Hit
+35 to All Attributes
+10%% Karma
+5%% All Experience Gained
+20%% Magic Find
+20%% Gold Find
+10%% WXP Gained","66%% шанс на кражу здоровья при критическом ударе
+35 ко всем характеристикам
+10%% кармы
+5%% к получаемому опыту
+20%% к шансу найти магические предметы
+20%% к шансу найти золото
+10%% к получаемому опыту мира"
"<br>—You've entered a Costume Brawl.
—Attack other players with skills from toys, bundles, and tonics in this free-for-all.
—If you attempt real combat, you'll exit the brawl.","<br>—Вы вступили в Костюмированный поединок.
—Атакуйте других игроков умениями из игрушек, комплектов и зелий в этом свободном для всех сражении.
—Если вы попытаетесь вести настоящий бой, вас исключат из поединка."
"<c=@flavor>""Magic is a dangerous thing, especially in the wrong hands.""
—Garen","<c=@flavor>Магия — опасная вещь, особенно в чужих руках.
— Гарен"
"<c=@flavor>""Trick or treat!""</c>
—Your Inner Child","<c=@flavor>«Сладость или гадость!»</c>
— Твой внутренний ребёнок"
"<c=@flavor>""Used strictly for religious purposes, of course.""
—Cin</c>","<c=@flavor>«Используется строго в религиозных целях, разумеется».
—Син</c>"
"<c=@flavor>""You scratched my back,' and now I''ll scratch yours. Take a look at this crate of rifles we recovered from the wreck of the Argent Warrior. See any you like?"" 
—Admiral Clarinda Demard</c>'","<c=@flavor>«Ты почесал мне спинку, и теперь я почешу твою. Взгляни на этот ящик с винтовками, которые мы извлекли из обломков «Аргент Уорриор». Видишь какие-нибудь, что тебе по душе?» 
—Адмирал Кларинда Демард</c>"
"<c=@flavor>""You'll need a shield when they start throwing bottles, gears, and the occasional bomb.""
—Scholar Antal the Patient</c>","<c=@flavor>«Тебе понадобится щит, когда полетят бутылки, шестерни и случайная бомба».
—Учёная Антал Терпеливая</c>"
<c=@reminder>Diese Miniatur kann in Schwarzlöwen-Truhen gefunden werden.</c>,<c=@reminder>Эту миниатюру можно найти в сундуках Чёрного льва.</c>
?Alabado sea Joko!,?Алабадо море Джоко!
"A letter from Anette Eymundrdottir located at in Jora's Keep. She wants your help crafting Ancient Boreal weapons.

Double-click to locate.","Письмо от Анетты Эймундрдоттир из Крепости Йоры. Она просит помочь в изготовлении древнего борейского оружия.

Дважды щёлкните, чтобы найти на карте."
"A nutritious and magic-imbued snack made specially for jackals! Double-click to feed this to your jackal.

Gives bonus Mastery experience once per day.","Питательное лакомство, напитанное магией и созданное специально для шакалов! Дважды щёлкните, чтобы угостить своего шакала.

Раз в день даёт дополнительный опыт мастерства."
"A recollection of the life and deeds of Mad King Thorn, as told by his loyal subjects and friends. Contains a complete account of King Oswald Thorn's life, from boyhood to gruesome death.
<c=@flavor>""Even after death, I shall return! And all my enemies will burn, burn, BURN!""
—Mad King Thorn</c>","Воспоминания о жизни и деяниях Безумного короля Торна, рассказанные его верными подданными и друзьями. Содержит полный рассказ о жизни короля Освальда Торна, от юности до ужасной смерти.
<c=@flavor>«Даже после смерти я вернусь! И все мои враги сгорят, сгорят, СГОРЯТ!»
— Mad King Thorn</c>"
"A record of your exploits as a naturalist.
Double-click to read.","Запись о ваших подвигах в качестве натуралиста.
Дважды щёлкните, чтобы прочитать."
"A relic from a time when heket were common throughout Kourna.

This item only has value as part of a collection.","Реликт времён, когда хекет были распространены по всей Курне.

Этот предмет ценен только как часть коллекции."
"A secret letter for Aisha Jedgok, who is undercover among the ghosts of the Lair of the Forgotten.
Double-click to locate.","Секретное письмо для Айши Джедгок, которая скрывается среди призраков Логова Забытых.
Дважды щёлкните, чтобы найти."
"A shark statue used to create Kamohoali'i Kotaki.

Purchase the recipe for this item from any Mystic Forge vendor and reach a jeweler rating of 400 to craft.","Статуя акулы, используемая для создания Kamohoali'i Kotaki.

Купите рецепт этого предмета у любого торговца Mystic Forge и достигните уровня ювелира 400, чтобы изготовить его."
"A skyscale's strength is strongly tied to the amount of care it receives as a hatchling.
Combine 1 Gray, 1 Blue, and 1 Green Skyscale Hatchling with 4 Unidentified Dyes in the Mystic Forge to create a Red Skyscale Hatchling.","Сила скайскейла напрямую зависит от того, сколько заботы он получает в детстве.
Соедините 1 серого, 1 голубого и 1 зелёного детёныша скайскейла с 4 неопознанными красками в Mystic Forge, чтобы создать красного детёныша скайскейла."
"A skyscale's strength is strongly tied to the amount of care it receives as a hatchling.
Combine 2 Blue and 1 Copper Skyscale Hatchling with 8 Unidentified Dyes in the Mystic Forge to create a White Skyscale Hatchling.
Combine 1 Red and 2 Copper Skyscale Hatchlings with 12 Unidentified Dyes in the Mystic Forge to create a Gold Skyscale Hatchling.","Сила скайскейла напрямую зависит от того, сколько заботы он получает в детстве.
Соедините 2 голубых и 1 медного детёныша скайскейла с 8 неопознанными красками в Mystic Forge, чтобы создать белого детёныша скайскейла.
Соедините 1 красного и 2 медных детёнышей скайскейла с 12 неопознанными красками в Mystic Forge, чтобы создать золотого детёныша скайскейла."
"A sliver of potential solidified from the Mists.

Use 12 petals to crystalize a Teal Bloom.

<c=@reminder>May be sold to vendors.</c>","Частица потенциала, затвердевшая из Туманов.

Используйте 12 лепестков, чтобы кристаллизовать Teal Bloom.

<c=@reminder>Может быть продано торговцам.</c>"
"A turtle egg discovered after the battle with Soo-Won in Dragon's End.

Bring the egg to Gorrik in Arborstone.","Черепашье яйцо, найденное после битвы с Су-Вон в Конце Дракона.

Отнесите яйцо Горрику в Арборстоун."
"A worn plush doll with a single gem on its head. A child surely would be looking for this.,
This item has no use outside of a collection.","Потертая плюшевая кукла с единственным самоцветом на голове. Ребенок наверняка ищет её.,
Этот предмет не имеет применения вне коллекции."
"Acquired by completing the So It Is Written story chapter.
Trade to alliance field quartermasters in Castora for a Forge Guard's Helmet.","Получается за прохождение сюжетной главы «Так написано».
Обменяйте у полевых интендантов альянса в Касторе на шлем стража горна."
"Acquired from Ward Trader Sampaguita in Bava Nisos.
This item is used to craft or purchase Slumbering Lightborne weapons, which she sells crafting recipes or assistance for.

<c=@flavor>A faint glow emits from this spark.</c>","Получено у торговца стражи Сампагиты в Бава-Нисос.
Этот предмет используется для создания или покупки дремлющего светорождённого оружия — она продаёт рецепты и помогает с изготовлением.

<c=@flavor>От этой искры исходит слабое свечение.</c>"
"Acquired occasionally from events in Starlit Weald.
Trade to alliance field quartermasters in Castora for a pair of Extremis Gloves.","Иногда выпадает за события в Starlit Weald.
Обменяйте у полевых интендантов альянса в Касторе на перчатки «Экстремис»."
"Activate this to unlock the raptor mount. 

With access to Guild Wars 2: Path of Fire, you can improve your raptor abilities.","Активируйте это, чтобы получить возможность использовать раптора в качестве ездового животного.

С дополнением Guild Wars 2: Путь Огня вы сможете улучшить способности своего раптора."
"Activate your profession mechanic skills %num2% times.

<c=@reminder>Profession mechanic skills appear above your weapon skills, and they have unique effects depending on your character's profession.</c>","Активируйте навыки вашей профессии %num2% раз.

<c=@reminder>Навыки профессии отображаются над вашими боевыми навыками и обладают уникальными эффектами в зависимости от выбранной вами профессии.</c>"
An der Tiefland-Küste durch den Abschluss aller Orte auf der Karte verdient. Weitere Exemplare können bei Händlern für Ansehen-Herzen an der Tiefland-Küste erworben werden.,Заработано на побережье Низменностей за завершение всех локаций на карте. Дополнительные экземпляры можно приобрести у торговцев за очки репутации на побережье Низменностей.
Belohnungen für Heimstatt-Beherrschung,Награды за владение домашним убежищем
"Bind %num2% Core Set 1 relics by crafting them or purchasing them from the Trading Post.
Note: Relics from the Level-80 Boost will not count toward progress.","Привяжите %num2% предмета из набора «Ядро 1», создав их или купив в торговом центре.
Примечание: предметы, полученные при использовании бонуса для повышения до 80 уровня, не будут учитываться при выполнении задания."
"Blitzstäbe aufstellen, um die Energie von Decima fernzuhalten","Установить молниеотводы, чтобы удерживать энергию Децимы"
Branded population remaining:,Осталось клеймёных:
"Call down an ice storm on the targeted area. The number of final ice shards are increased for each stack of Water Arrow.
<c=@reminder>Damage is reduced per target each time foes are struck by this skill.</c>","Обрушьте на выбранную область ледяной шторм. Количество финальных ледяных осколков увеличивается с каждым применением умения «Водная стрела».
<c=@reminder>Урон по каждой цели уменьшается при каждом попадании этим умением.</c>"
"Can be attained from the boneskinner in the Raven Sanctum.
Trade to Berghild in Eye of the North for shoulder armor.","Достаётся с костедёра в Raven Sanctum.
Обменяйте у Бергильд в Оке Севера на наплечники."
"Can contain ancient or elder wood logs.
Purchase from renown region karma merchants across the Crystal Desert with trade contracts.
Find trade contracts in chests and lost supplies.","Может содержать древние брёвна или брёвна из старой древесины.
Покупается за торговые контракты у торговцев кармы в регионах сердец почёта по всей Crystal Desert.
Торговые контракты находятся в сундуках и потерянных припасах."
"Can contain ingots of steel, platinum, copper, or silver.
Purchase from renown region karma merchants across the Crystal Desert with trade contracts.
Find trade contracts in chests and lost supplies.","Может содержать слитки стали, платины, меди или серебра.
Покупается за торговые контракты у торговцев кармы в регионах сердец почёта по всей Crystal Desert.
Торговые контракты находятся в сундуках и потерянных припасах."
"Can contain linen and cotton scraps.
Purchase from renown region karma merchants across the Crystal Desert with trade contracts.
Find trade contracts in chests and lost supplies.","Может содержать лоскуты льна и хлопка.
Покупается за торговые контракты у торговцев кармы в регионах сердец почёта по всей Crystal Desert.
Торговые контракты находятся в сундуках и потерянных припасах."
"Can contain venom sacs, fangs, or scales of any value.
Purchase from renown region karma merchants across the Crystal Desert with trade contracts.
Find trade contracts in chests and lost supplies.","Может содержать ядовитые железы, клыки или чешую любой ценности.
Покупается за торговые контракты у торговцев кармы в регионах сердец почёта по всей Crystal Desert.
Торговые контракты находятся в сундуках и потерянных припасах."
"Cantha has some...fascinating musical genres. What was it called again? Jade-pop? Can-pop? The music is catchy, but the fans are of an incalculable intensity. 
—Chief Melodist Flac","В Канте есть несколько… весьма интересных музыкальных жанров. Как же он назывался? «Джейд-поп»? Или «Кан-поп»? Музыка довольно запоминающаяся, но фанаты просто невообразимо преданные.
—Вождь-мелодист Флак"
"Canthan talisman that exclusively contains End of Dragons attribute combos.
<c=@flavor>Usage of enchanted jade has grown popular in the Mists.</c>","Кантанский талисман только с наборами характеристик из «Конца драконов».
<c=@flavor>В Туманах вошёл в моду зачарованный нефрит.</c>"
"Cap wanted me to make sure you got a little commendation for your work here. Everything is ship-shape thanks to you, and I'm sure our four-hoofed friends will appreciate the fine work you did. You're always welcome among the Companions.

—Marden","Cap хотел, чтобы я убедился, что вы получили небольшую награду за свою работу здесь. Благодаря вам всё в полном порядке, и я уверен, что наши четвероногие друзья оценят отличную работу, которую вы проделали. Вы всегда желанный гость среди Компаньонов.

—Marden"
"Collect Vexa's Golem Diagnostic Reader from her lab hidden in Fireheart Rise. Interact with the remains of Old Tom in the Uncategorized fractal to analyze them.
This item only has value as part of a collection.","Соберите Vexa's Golem Diagnostic Reader из её лаборатории, спрятанной на Fireheart Rise. Взаимодействуйте с останками Старого Тома в фрактале «Без категории», чтобы проанализировать их.
Этот предмет имеет ценность только как часть коллекции."
"Combine 25 Tales of Adventure, a Gift of Bones
This item is acquired from the Klobjarne Geirr: Raid or Convergence Victories achievement.","Скомбинируйте 25 Сказаний о приключениях, Gift of Bones
Этот предмет получен за достижение «Klobjarne Geirr: Победы в рейдах или конвергенциях»."
"Combine a Gift of Adventure, a Gift of the Seas, a Bloodstone Shard, and 250 Obsidian Shards in the Mystic Forge to create a Gift of Castoran Mastery.

Purchased from Visions of Eternity map vendors in exchange for:
• 2 Vision Crystals
• 55 Mystic Clovers
• 100 Tales of Adventure
• 500 Unusual Coins","Объедините Gift of Adventure, Gift of the Seas, Bloodstone Shard и 250 осколков обсидиана в Mystic Forge, чтобы создать Gift of Castoran Mastery.

Купить у торговцев карт Видений Вечности в обмен на:
• 2 Кристалла видений
• 55 Мистических трилистников
• 100 Сказаний о приключениях
• 500 Необычных монет"
"Combine a Gift of Darkness, a Gift of Scales, a gift of Titan Understanding, and a Bloodstone Shard in the Mystic Forge to create the Gift of Shadows.

A Gift of Titan Understanding can be purchased from the renown heart vendor in Mistburned Barrens or Ward Trader Sampaguita.","Объедините Gift of Darkness, Gift of Scales, Gift of Titan Understanding и Bloodstone Shard в Mystic Forge, чтобы создать Gift of Shadows.

Gift of Titan Understanding можно приобрести у торговца сердца почёта в Опалённых Туманом пустошах или у торговки стражи Сампагиты."
"Combine a Gift of Infused Gems, a Gift of the Sun, a Gift of the Beach, and 10 Purified Rift Essences in the Mystic Forge to create the Gift of Rays.

Created by combining the following in the Mystic Forge:
• 250 Obsidian Shards
• 250 Beryl, Chrysocola, Emerald, Opal, Ruby, or Sapphire Orbs
• 1 Bloodstone Shard
• 100 Mystic Runestones","Объедините Дар наполненных самоцветов, Gift of the Sun, Gift of the Beach и 10 очищенных эссенций разлома в Mystic Forge, чтобы создать Gift of Rays.

Создаётся путём объединения в Mystic Forge:
• 250 Осколков обсидиана
• 250 Сфер берилла, хризоколлы, изумруда, опала, рубина или сапфира
• 1 Осколка кровавого камня
• 100 Мистических рунических камней"
"Combine a Gift of Rays, a Gift of the Survivors, a Gift of the People, and a Gift of the Hylek in the Mystic Forge to create the legendary ring Endless Summer.

Acquired by completing the Radiance of the Sun God achievement. Additional copies can be purchased from Shaman Palak in Shipwreck Strand.","Объедините Gift of Rays, Gift of the Survivors, Gift of the People и Gift of the Hylek в Mystic Forge, чтобы создать легендарное кольцо «Endless Summer».

Получается за прохождение достижения «Сияние бога солнца». Дополнительные копии можно приобрести у шамана Палака на Побережье кораблекрушений."
"Combine a Gift of the Mursaat Ruins, a Gift of Janthir Wanderlust, 250 Mursaat Runestones, and 250 Mystic Runestones in the Mystic Forge to create the Gift of the Mistburned Isles.

Created in the Mystic Forge by combining:
• 100 Vials of Titan Melted Liquid Obsidian
• 50 Mists Gate Residues
• 100 Shards of Mistburned Barrens
• 100 Shards of Bava Nisos","Объедините Gift of the Mursaat Ruins, Дар странствий Джантира, 250 рунических камней мурсаатов и 250 Мистических рунических камней в Mystic Forge, чтобы создать Дар Опалённых Туманом островов.

Создаётся в Mystic Forge путём объединения:
• 100 Флаконов расплавленного титанами жидкого обсидиана
• 50 остатков врат Туманов
• 100 Осколков Опалённых Туманом пустошей
• 100 осколков Бава-Нисос"
"Combine a Gift of the Seas, a Gift of Adventure, a Bloodstone Shard, and 250 Obsidian Shards in the Mystic Forge to create a Gift of Castoran Mastery.

Purchased from Visions of Eternity map vendors in exchange for:
• 1 Gift of the Tides
• 2 Gifts of Research
• 2 Gifts of Condensed Might
• 2 Gifts of Condensed Magic","Объедините Gift of the Seas, Gift of Adventure, Bloodstone Shard и 250 осколков обсидиана в Mystic Forge, чтобы создать Gift of Castoran Mastery.

Покупается у торговцев карт Видений Вечности в обмен на:
• 1 Gift of the Tides
• 2 Дара Исследований
• 2 Дара концентрированной мощи
• 2 Дара концентрированной магии"
"Combine a Gift of the Survivors, a Gift of the People, a Gift of Castoran Mastery, and the precursor Agaleus in the Mystic Forge to create the legendary aquabreather Selachimorpha.

Created by combining the following in the Mystic Forge:
• A Gift of Adventure
• A Gift of the Seas
• A Bloodstone Shard
• 250 Obsidian Shards","Соедините Gift of the Survivors, Gift of the People, Gift of Castoran Mastery и прекурсор «Агалей» в Mystic Forge, чтобы создать легендарный акваланг «Селахиморфа».

Создаётся путём объединения следующего в Mystic Forge:
• Gift of Adventure
• Gift of the Seas
• Bloodstone Shard
• 250 осколков обсидиана"
"Combine a Gift of the Survivors, a Gift of the People, a Gift of Insight, and a Gift of the Elders in the Mystic Forge to create the Aetheric Anchor.

Purchased from Magister Sirkk in Crumbling Precipice in Starlit Weald in exchange for:
• 100 Mystic Clovers
• 55 Amalgamated Draconic Lodestones
• 4 Gifts of Condensed Might
• 4 Gifts of Condensed Magic","Объедините Gift of the Survivors, Gift of the People, Gift of Insight и Gift of the Elders в Mystic Forge, чтобы создать Aetheric Anchor.

Покупается у магистра Сиркка на Осыпающемся обрыве в Starlit Weald в обмен на:
• 100 мистических трилистников
• 55 амальгамированных драконьих магнитных камней
• 4 Дара концентрированной мощи
• 4 Дара концентрированной магии"
"Combine in the Mystic Forge with Piquant Plant Food, Bloodstone Dust
<c=@flavor>The Font of Rhand is known to be a very magical place.</c>","Соедините в Mystic Forge с Пикантной растительной пищей, Пылью кровавого камня
<c=@flavor>Известно, что Источник Ранда — очень магическое место.</c>"
"Combine in the Mystic Forge with Piquant Plant Food, Bloodstone Dust, and Thick Leather Sections to create a Package of Rhand Blessed Plant Food.

<c=@flavor>The Font of Rhand is known to be a very magical place.</c>","Соедините в Mystic Forge с Пикантным растительным кормом, Кровавой каменной пылью и Толстыми кожаными отрезками, чтобы создать Упаковку благословленного Рандом растительного корма.

<c=@flavor>Источник Ранда известен как очень магическое место.</c>"
"Combine in the Mystic Forge with a Hero Weapon, Grandmaster Mark Shards, and Emblems of the Avenger to create an Ascended Corrupted Hero Weapon.

Combine in the Mystic Forge with 3 Salvaged Dredge Backpacks to create a Salvaged Dredge Inferno Backpack.","Соедините в Mystic Forge с Геройским оружием, Осколками знака грандмастера и Эмблемами мстителя, чтобы создать вознесённое осквернённое геройское оружие.

Соедините в Mystic Forge с 3 спасёнными рюкзаками дреджей, чтобы создать рюкзак «Спасённое инферно дреджей»."
"Combine this item in the Mystic Forge with:
• 1 Gift of Galdra
• 1 Gift of Shadowstones
• 1 Mystic Tribute</c>","Соедините этот предмет в Mystic Forge с:
• 1 Gift of Galdra
• 1 Gift of Shadowstones
• 1 Mystic Tribute</c>"
"Combine this weapon in the Mystic Forge with:
• 1 Gift of Howler
• 1 Gift of Mastery
• 1 Gift of Fortune</c>","Соедините это оружие в Mystic Forge с:
• 1 Gift of Howler
• 1 Gift of Mastery
• 1 Gift of Fortune</c>"
"Combine this weapon in the Mystic Forge with:
• 1 Gift of The Bifrost
• 1 Gift of Mastery
• 1 Gift of Fortune</c>","Соедините это оружие в Mystic Forge с:
• 1 Gift of The Bifrost
• 1 Gift of Mastery
• 1 Gift of Fortune</c>"
"Commander,

An urgent matter has arisen that requires your attention. Go to the parade grounds just north of the Hero's Forum. I'll meet you there.

Please come at your earliest convenience.","Командир,

Возникло срочное дело, требующее вашего внимания. Отправляйтесь на плац к северу от Hero's Forum. Я встречу вас там.Пожалуйста, приходите при первой возможности.

Пожалуйста, приходи как можно скорее."
"Commander,

Urgent news from the queen, much too dire to include in this letter. Please meet me at the square in the northwest corner of the Salma District and we can discuss further.","Командир,

Срочные новости от королевы, слишком серьёзные, чтобы писать о них в письме. Пожалуйста, встретьтесь со мной на площади в северо-западном углу района Salma District, и мы обсудим всё подробнее."
"Complete %num2% map[s].

<c=@reminder>Map-complete rewards are special bonuses earned by visiting all points of interest, vistas, waypoints, hero challenges, and renown hearts on a map.</c>","Заверши %num2% [карту|карты|карт].

Награды за завершение <c=@reminder>карты — это особые бонусы, получаемые при посещении всех достопримечательностей, смотровых площадок, порталов героев, испытаний героя и известных сердец на карте.</c>"
"Complete %num2% renown heart[s] in the Fields of Ruin, Blazeridge Steppes, Lornar's Pass, Dredgehaunt Cliffs, or the Harathi Hinterlands.

<c=@reminder>Renown hearts are marked with a golden heart icon on the map. Every renown heart is different, so check your HUD when nearby to find out how you can assist.</c>","Выполните %num2% [задание|задания|заданий] в локациях: Fields of Ruin, Равнины Блейзербридж, Lornar's Pass, Dredgehaunt Cliffs или Harathi Hinterlands.

<c=@reminder>Задания отмечены на карте золотым значком сердца. Каждое задание уникально, поэтому, оказавшись рядом, проверьте интерфейс, чтобы узнать, чем вы можете помочь.</c>"
"Complete events in the Desolation. Group events will award more progress.

Earn bonus progress by completing the ""Reach the finish line"" event in Sand Jackal Run.","Выполняйте задания в Пустошах. За выполнение групповых заданий начисляется больше прогресса.

Получите дополнительный прогресс за выполнение события «Достигните финишной черты» в локации «Песчаная ящерица»."
"Consuming this will replace your current nutrition effect.,
<c=@flavor>""For the millionth time, there are no culinary applications for bloodstone dust. None.""
—Chef Robertus</c>","Потребление заменит текущий эффект питания.,
<c=@flavor>«В миллионный раз повторяю: пыль кровавого камня не имеет кулинарного применения. Никакого».
—Chef Robertus</c>"
"Contains a Bloody Prince outfit, which is usable in combat
Outfits are full sets of clothing that hide other armor. This will not change individual armor pieces, and you will still receive your current armor stats.","Содержит наряд Кровавого принца, который можно использовать в бою.
Наряды — это полные комплекты одежды, скрывающие другую броню. Это не изменит отдельные части брони, и вы по-прежнему будете получать текущие характеристики брони."
"Contains a Winter Outfit, which is usable in combat
Outfits are full sets of clothing that hide other armor. This will not change individual armor pieces, and you will still receive your current armor stats.","Содержит зимний наряд, который можно использовать в бою.
Наряды — это полные комплекты одежды, скрывающие другую броню. Это не изменит отдельные элементы брони, и вы по-прежнему будете получать свои текущие характеристики брони."
"Contains: ,
• Mini Exo-Suit Raptor,
• Mini Exo-Suit Skimmer,
• Mini Exo-Suit Springer,
• Mini Exo-Suit Jackal,
• Mini Exo-Suit Griffon","Содержит: ,
• Мини-раптор в экзокостюме,
• Мини-скиммер в экзокостюме,
• Мини-спрингер в экзокостюме,
• Мини-шакал в экзокостюме,
• Мини-грифон в экзокостюме"
"Crashing to the earth, cleaving the Mists...

Note: Completion of this achievement requires completion of the Riding Skyscales achievement.","Стремительно падая с небес, он рассекает Туманы…

Примечание: для получения этого достижения необходимо выполнить достижение «Верховая езда на небесных ящерах»."
"Create a private version of Convergences in Mount Balrior for your squad.

NOTE: This content contains spoilers for Guild Wars 2: Janthir Wilds Chapter 13: Balrior Peak","Создайте частную версию «Схождения» в горе Бальриор для вашего отряда.

ВНИМАНИЕ: этот текст содержит спойлеры к главе 13 «Janthir Wilds»: Пик Бальриора из игры Guild Wars 2."
"Created by imbuing a pair of dragonfly-wing earrings, purchased from Cook Huelic in Metrica Province
This item only has value as part of a collection.","Создано путём инкрустации пары серёжек из крыльев стрекозы, купленных у повара Хуэлика в Метрике.
Этот предмет ценен только как часть коллекции."
Cubs found: %num1%,Найдено детенышей: %num1%
DEFENSE:,ЗАЩИТА:
De,De
"Dear %str1%, 
Thanks to you for helping my brothers and sisters. Your efforts will allow our village to continue to grow and prosper, and remain at peace. You are a friend to all ogres of Degun Shun.
— Shelp","Дорогой %str1%,
Спасибо, что помогли моим братьям и сёстрам. Ваши усилия позволят нашей деревне расти, процветать и жить в мире. Вы — друг всех огров из Degun Shun.
— Shelp"
"Defeat %num2% of the world bosses in Queensdale, Wayfarer Foothills, Metrica Province, or Caledon Forest.

<c=@reminder>World bosses are challenging events that appear at specific times of day across Tyria. Defeat them to receive chests containing rare equipment and crafting materials. </c>","Победите %num2% мировых боссов в Квинсдейле, Уайфарер-Футхиллз, Метрической провинции или Caledon Forest.

<c=@reminder>Мировые боссы — это сложные события, которые происходят в определенное время суток по всей Тирии. Победите их, чтобы получить сундуки с редким снаряжением и материалами для крафта. </c>"
Deliah,Deliah
"Deliver to the Castaway Vice Chief.,
Task Item","Доставить вице-главарю изгоев.,
Предмет задания"
"Deposit items in your material storage.

<c=@reminder>Material storage is a tab within your account vault that allows you to store crafting materials for easy access when crafting. Items can be deposited directly to the material storage from your inventory at any time.</c>","Поместите предметы в хранилище материалов.

<c=@reminder>Хранилище материалов — это вкладка в вашем личном хранилище, которая позволяет хранить материалы для крафта и легко получать к ним доступ во время создания предметов. Вы можете помещать предметы непосредственно в хранилище материалов из своего инвентаря в любое время.</c>"
Dies ist in den Hügeln bei den Schwefelquellen versteckt.,Это спрятано в холмах у серных источников.
"Discover 5 points of interest in the Fields of Ruin, Blazeridge Steppes, Lornar's Pass, Dredgehaunt Cliffs, or the Harathi Hinterlands.

<c=@reminder>Points of interest are special locations marked by name in the world, indicated by a square icon on the map. </c>","Найдите 5 интересных мест в Пустошах Руин, Равнинах Блейзерриджа, Проходе Лорнара, Dredgehaunt Cliffs или Харатиских Запустьях.

<c=@reminder>Интересные места — это особые локации, отмеченные на карте квадратным значком и выделенные названием в игровом мире. </c>"
"Doppelklicken, um auf einen freien Infusionsplatz anzuwenden.","Дважды щёлкните, чтобы применить к свободному слоту для инфузии."
"Doppelklicken, um dieses Erscheinungsbild auf andere Hämmer anzuwenden.","Дважды щёлкните, чтобы применить этот облик к другим копьям."
"Double-click to bind this glyph to your account.,
Grants a 33%% chance to reward bonus cloth scraps while gathering, in addition to your gathering results. Material types are determined by your character level and location in the world.","Дважды щёлкните, чтобы привязать этот глиф к вашей учётной записи.,
Даёт 33%% шанс получить бонусные лоскуты ткани при сборе, в дополнение к результатам сбора. Типы материалов определяются вашим уровнем и местоположением в мире."
"Double-click to gain a Vigil bomb.,
<c=@flavor>""We need big explosions to keep the undead at bay. This should have enough yield.""
—Jezza</c>","Дважды щёлкните, чтобы получить бомбу Бдительных.,
<c=@flavor>«Нам нужны большие взрывы, чтобы сдерживать нежить. Этого заряда должно хватить».
— Джезза</c>"
"Double-click to gain a hero point.,
'The stench of this is almost unbearable. One gulp and you''ll understand why Ert is so green and angry all the time.'","Дважды щёлкните, чтобы получить очко героя.
'Запах этого почти невыносим. Один глоток, и вы поймёте, почему Эрт такой зелёный и всё время злится.'"
"Double-click to open.,
Choose from a subset of first-generation weapons or backpieces to be placed in your legendary armory.","Дважды щёлкните, чтобы открыть.,
Выберите из набора оружия первого поколения или наплечных сумок, чтобы поместить их в вашу легендарную оружейную."
"Double-click to open.,
Contains 100 assorted fangs, claws
Double-click to open.","Дважды щёлкните, чтобы открыть.,
Содержит 100 разнообразных клыков и когтей.,
Дважды щёлкните, чтобы открыть."
"Double-click to open.,
Contains 100 assorted piles of dust.,
<c=@flavor>When you think about it,' shouldn''t it just be one pile in there?</c>'","Дважды щёлкните, чтобы открыть.,
Содержит 100 различных кучек пыли.,
<c=@flavor>Если задуматься, разве не должна быть всего одна кучка?</c>"
"Double-click to open.,
Contains materials from Amnytas.","Дважды щёлкните, чтобы открыть.
Содержит материалы из Амнитаса."
"Double-click to summon this mini to follow you around. Only one mini may be in use at a time.,
Combine 3 of this mini with a Pile of Crystalline Dust, an Obsidian Shard
Double-click to summon this mini to follow you around. Only one mini may be in use at a time.","Дважды щёлкните, чтобы призвать этого мини-питомца, который будет следовать за вами. Одновременно может быть активен только один мини-питомец.,
Объедините 3 таких мини-питомца с кучей кристаллической пыли и осколком обсидиана.
Дважды щёлкните, чтобы призвать этого мини-питомца, который будет следовать за вами. Одновременно может быть активен только один мини-питомец."
"Double-click to unlock the first collection in the journey to craft the Raven Staff, the precursor to the legendary staff, Nevermore.
","Дважды щёлкните, чтобы открыть первую коллекцию в цепочке заданий по созданию Вороньего посоха — предшественника легендарного посоха Невермор.
"
Double-cliquez pour lier cet objet à votre compte.Vous propose des biens de première nécessité et rachète votre butin. Réutilisable.,"Дважды щёлкните, чтобы привязать этот предмет к вашей учётной записи.Предлагает товары первой необходимости и скупает вашу добычу. Многоразовый."
"Drakkitoka and skritt of Ratatosk thank tall, strong, and stompy %str1%, for spider squishings. Now, very few spiders left, and they leave us alone! No more scratchy bites, no more sticky webs. Our tunnels are open to you, always. We put shinies in this letter—take them, all for you! Yes! Bye-bye!

—Drakkitoka","Drakkitoka и сквитты Ratatosk благодарят высокого, сильного и топочущего %str1% за раздавливание пауков. Теперь пауков осталось совсем мало, и они оставляют нас в покое! Больше никаких царапающих укусов, никакой липкой паутины. Наши туннели открыты для тебя, всегда. Мы положили блестяшки в это письмо — возьми их, всё для тебя! Да! Пока-пока!

—Drakkitoka"
"Drops from Choya in the Crystal Desert.

<c=@Flavor>Used in cooking and medicine, once sterilized and cleaned up a bit.</c>","Выпадает с чой в Crystal Desert.

<c=@Flavor>После стерилизации и небольшой очистки используется в кулинарии и медицине.</c>"
"Earn 150 crafting levels.

<c=@reminder>Craft items to earn crafting experience for that crafting discipline, allowing you to create more powerful items.</c>","Получите 150 уровней мастерства.

<c=@reminder>Создавайте предметы, чтобы получать опыт в выбранной профессии и создавать более мощные вещи.</c>"
"Earn a silver medal or better in the Nayos Recon Run adventure.

(This achievement can be completed in the race event or adventure. Progress will update when you claim the rewards.)","Завоюйте серебряную медаль или более высокую награду в приключении «Разведка Найоса».

(Это достижение можно получить во время гонки или приключения. Прогресс будет обновляться, когда вы заберете награды.)"
"Earned by completing legendary bounties in the Crystal Desert. Spend at the Tomb of Primeval Kings.

<c=@Flavor>These markers were used to commemorate great deeds in the Dynastic Era of ancient Elona.</c>","Зарабатывается за выполнение легендарных наград в Пустыне Хрусталя. Тратьте в Гробнице Первородных Королей.

<c=@Flavor>Эти маркеры использовались для увековечивания великих деяний в Династическую эпоху древней Элоны.</c>"
"Eastern Ward:
No amount of butter will make this karka taste like crab.","Восточный район:
Никакое масло не сделает эту карку похожей на краба."
Effectue 5 tirs lents en direction de votre ennemi. Utilise 1 munition.,Выполняет 5 медленных выстрелов по врагу. Расходует 1 заряд.
"Ein Buch mit Rezepten zur Dekoration der Heimstatt, die zur Herstellung von ""Fest der Vier Winde""-Gegenständen benötigt werden.","Книга с рецептами для украшения жилища, необходимыми для создания предметов «Мир против мира»."
"Ein Buch mit Rezepten zur Dekoration der Heimstatt, die zur Herstellung von Gegenständen aus dem Fraktal ""Solider Ozean"" benötigt werden.","Книга с рецептами для украшения жилища, необходимыми для создания предметов из фрактала «Твёрдый океан»."
"Ein Buch mit Rezepten zur Dekoration der Heimstatt, die zur Herstellung von Gegenständen im elonischen Stil benötigt werden.","Книга с рецептами для украшения жилища, необходимыми для создания предметов в элонском стиле."
"Ein Buch mit Rezepten zur Dekoration der Heimstatt, die zur Herstellung von Standard-Gegenständen benötigt werden.","Книга рецептов украшения жилища, необходимых для создания стандартных предметов."
"Elonians are raised to see everyone outside our kingdom as dangerous, seditious threats to our freedom. I'm sorry it took exile from our homeland to allow us to meet you and have our minds and hearts opened by your generosity. The truth you've shown us upends a thousand lies.

—Kofi","Элонийцев с детства учат видеть во всех за пределами нашего королевства опасных, мятежных врагов нашей свободы. Мне жаль, что нам пришлось стать изгнанниками из нашей родины, чтобы встретить вас и позволить вашей щедрости открыть наши умы и сердца. Истина, которую вы нам показали, опрокидывает тысячу лживых слов.

—Kofi"
"Embrace the power of bloodstone. What could possibly go wrong?

Appearance skins override the look of your equipment and have no stats of their own.","Прими силу кровавого камня. Что может пойти не так?

Облики изменяют внешний вид вашего снаряжения и не имеют собственных характеристик."
"Energy from the legendary foe imbues you to gain more essence from rift hunting.
• Increased Bonus Essence Gains from Using Motivations
• +1%% Experience Gain (All Sources)","Энергия, полученная от легендарного противника, позволяет вам получать больше сущности при охоте на разломы.
• Увеличение дополнительной сущности, получаемой за использование мотиваций.
• +1%% к опыту (со всех источников)."
"Enjoy this free World vs. World XP Booster with our compliments, as you take part in warfare on an epic scale!
To access WvW, press ""B,"" then select which world you wish to enter, or hop through the asura gates in Lion's Arch that lead to the WvW borderlands. We'll see you on the battlefield!","Примите в подарок этот бесплатный усилитель опыта «WvW», пока участвуете в войне грандиозного размаха!
Чтобы попасть в WvW, нажмите «B» и выберите мир, в который хотите войти, либо пройдите через врата асура в Lion's Arch, ведущие в приграничья WvW. Увидимся на поле боя!"
"Entry 1—Found this journal among Zeph's possessions. He must have traded for it recently; its pages are blank. The soldiers followed him back from the village, I think. It was morning, and I was out fetching water from a stream. I hid when I first heard the cries of battle. When I returned, there was only blood. Blood and silence.

Entry 15—The mountain passes are colder when you're alone, even with a small fire going. I can't afford to attract attention from imperial patrols—or worse, yeti. Some nights, I can hear wailing from atop the peaks. There's an ancient temple on one peak that you can spot on a clear day, but I've always kept my distance.

Entry 32—It's been some time since I've written. Two trappers found me in the night; thought they could collect a bounty or my crest feathers. I tossed their bodies into a nearby ravine.

Entry 64—Some luck—Sensali survivors from the northern bluffs—they've been evading humans for years now. They even have a few fledglings among them. To think I was barely older than them when this began.

Entry 1—Lull passed the other day. She was old and sick, but she's among the stars, now. This journal was hers; she told me to add to it and pass it along if there was still room.

Entry 20—The years fly, don't they? We've planted our talons on one of the smaller islands to the west of Shing Jea. My elders still cling to the hope that I might see the northern bluffs one day, the gentle spring snowfall amidst the cherry blossoms.

Entry 47—A human landed on the east beach the other day. A fisher, brawny and tanned. Dew and I approached. They offered some of their catch, and we talked. We learned about the flooding of Kaineng and the uprising. The elders were angry that we let them go, but what's done is done. I'm going to take a small scouting party to Shing Jea at first light.

Entry 78—This will be my last entry as I write from our camp in Jaya Bluffs. A young Angchu archivist arrived recently, having heard rumors of Sensali survivors on Shing Jea. I want her to transcribe this journal in Lull's memory, my memory. Two generations, one story.

—Entries by Lull Whistlecrest and Chirp Keeneye; Foreword and transcription by Yuuto Quillstrike","Запись 1 — Нашёл этот дневник среди вещей Зефа. Должно быть, он недавно выменял его; страницы пусты. Солдаты, кажется, последовали за ним из деревни. Было утро, и я ходил за водой к ручью. Я спрятался, когда впервые услышал крики битвы. Когда я вернулся, осталась только кровь. Кровь и тишина.

Запись 15 — Горные перевалы холоднее, когда ты один, даже с небольшим костром. Я не могу позволить себе привлекать внимание имперских патрулей — или, того хуже, йети. Ночью я иногда слышу вой с вершин. В ясный день на одной из вершин виден древний храм, но я всегда держался от него подальше.

Запись 32 — Прошло много времени с тех пор, как я писал. Два охотника нашли меня ночью; думали, что получат награду или мои перья с хохолка. Я сбросил их тела в ближайшее ущелье.

Запись 64 — Повезло — выжившие сенсали с северных утёсов — они годами скрывались от людей. Среди них даже есть несколько птенцов. Подумать только, я был ненамного старше их, когда всё это началось.

Запись 1 — На днях умерла Лулл. Она была старой и больной, но теперь она среди звёзд. Этот дневник был её; она велела мне дописать его и передать дальше, если останется место.

Запись 20 — Годы летят, не так ли? Мы обосновались на одном из маленьких островов к западу от Shing Jea. Мои старейшины всё ещё лелеют надежду, что однажды я увижу северные утёсы, нежный весенний снегопад среди цветущей сакуры.

Запись 47 — На днях на восточный пляж высадился человек. Рыбак, коренастый и загорелый. Мы с Дью подошли. Он предложил часть своего улова, и мы поговорили. Мы узнали о наводнении в Кайенге и восстании. Старейшины разозлились, что мы отпустили его, но что сделано, то сделано. Я возьму небольшой разведывательный отряд и отправлюсь в Shing Jea на рассвете.

Запись 78 — Это будет моя последняя запись, я пишу из нашего лагеря в Утёсах Джайи. Недавно прибыла молодая архивариус из Ангу, услышав слухи о выживших сенсали на Shing Jea. Я хочу, чтобы она переписала этот дневник в память о Лулл, в память обо мне. Два поколения, одна история.

— Записи Лулл Свистогривой и Чирпа Остроглаза; Предисловие и транскрипция Юуто Крылопёра"
"Entry 23
I don't hear much about what the old boss is up to these days—not with these damn ears the way they are. I'll catch a few rumors here and there when our legionnaire remembers to speak up, but they're busy keeping up morale. I said if I ever started slowing them down, I could go back to the scrapyard. Sure, it's boring, but I don't want to be the reason a bunch of cubs end up in early graves.

Entry 35
Got a message from some Blood Legion cub a week ago. Or was it two? Who knows... At my age, time gets a bit fuzzy. This Ranoah Grindsteel has been working on a pet project. Some prototype tank. Cub wrote to every veteran engineer in the damn legions for ordnance input. Says she's offering a chance to see her ""baby"" up close before some big celebration. Showboaty, but it sounds exciting.
The warband doesn't have me doing much but tinkering these days, so maybe I'll go. I could use a change of scenery and maybe a drink or three.

Entry 41
I think I'm...hearing things. And no, I don't mean my ear's playing tricks on me again. I mean whispers. Thoughts I shouldn't be able to hear. This...voice...keeps asking about the old boss. I think it knows who I was to them. I can't sleep anymore, and Bangar's soldiers watching me like a pack of wolves sure isn't helping.
Ranoah came by to check on me in the morning and had me join her up on the TT6-B. She talked me through the tank specs over and over to keep me present. Reminds me a lot of myself at that age. Glad I jumped at the chance to work on her engineer crew. Gives me something better to do than hobbling around the Black Citadel. Not like the warband will miss me...or even notice that I'm gone...

Entry 50
No whispers since a few days ago. It's all thanks to Imperator Ruinbringer and Centurion Steelcatcher, and no thanks to Jormag. Would it be too much to get a shot off at the ancient wurm before Bangar makes it his pet? Maybe Grindsteel can ask for me.
Speaking of, the crew needs me up top to double-check the deployable gatling guns before we land. We take the beachhead at dusk.","Запись 23
Я мало что слышу о том, чем сейчас занимается старый босс — не с этими проклятыми ушами, какими они стали. Я улавливаю кое-какие слухи то тут, то там, когда наш легионер вспоминает говорить погромче, но они заняты поддержанием боевого духа. Я сказал, что если я начну их тормозить, то могу вернуться на свалку. Конечно, это скучно, но я не хочу быть причиной того, что куча детёнышей окажется в ранних могилах.

Запись 35
Неделю назад получил сообщение от какого-то детёныша из Blood Legion. Или две? Кто знает... В моём возрасте время становится немного размытым. Эта Раноя Тёрнсталь работала над личным проектом. Какой-то прототип танка. Детёныш написала каждому инженеру-ветерану во всех проклятых легионах, спрашивая совета по вооружению. Говорит, что предлагает шанс увидеть её «детку» вблизи перед каким-то большим праздником. Показушно, но звучит захватывающе.
В эти дни отряд не даёт мне много работы, кроме как возиться с мелочами, так что, может, я пойду. Не помешала бы смена обстановки и, может, пара-тройка выпивок.

Запись 41
Кажется, я... слышу вещи. И нет, я не имею в виду, что моё ухо снова меня обманывает. Я имею в виду шёпот. Мысли, которые я не должен слышать. Этот... голос... постоянно спрашивает о старом боссе. Кажется, он знает, кем я был для них. Я больше не могу спать, и солдаты Бангара, следящие за мной, как стая волков, этому точно не помогают.
Утром зашла Раноя проведать меня и пригласила подняться на ТТ6-Б. Она снова и снова объясняла мне характеристики танка, чтобы удержать меня в настоящем. Она очень напоминает меня в том возрасте. Рад, что ухватился за шанс поработать в её инженерной команде. Это даёт мне занятие получше, чем ковылять по Black Citadel. Не то чтобы отряд будет скучать по мне... или вообще заметит, что меня нет...

Запись 50
С тех пор, несколько дней назад, шёпота не было. Всё благодаря Императору Руиноборцу и Центуриону Сталелову, и никак не Йормагу. Неужели было бы слишком много попросить выстрелить в древнего червя, прежде чем Бангар сделает его своим питомцем? Может, Тёрнсталь попросит за меня.
Кстати, команде нужно, чтобы я был наверху и перепроверил развёртываемые пулемёты Гатлинга перед посадкой. Мы захватываем плацдарм на закате."
Ermöglicht den überhitzten Zustand des Sternschnuppen-Speers.+5 Kraft+9 Qual-Widerstand,Позволяет перегретое состояние копья падающей звезды.+5 Силы+9 Сопротивления мучениям
"Es gibt Berichte über einen großen Warg, der in den Lupinenfeldern wütet.","Есть сообщения о большом варге, который бесчинствует на Люпиновых полях."
"Esteemed Wayfinder,

My dear friend Eno went over the results of our collected samples, and it seems we now find ourselves on the path of a very promising lead. Meet us in Harvest Shore, where you did your previous sample gathering. Make haste, my friend! The TRUTH waits for no one!","Уважаемый Путеводец,

Мой дорогой друг Эно изучил результаты наших собранных образцов, и теперь мы, похоже, находимся на пути к многообещающей зацепке. Встречайтесь с нами на Берегу Сбора, где вы собирали образцы ранее. Спешите, друг! ИСТИНА не ждёт!"
"Fail-safe documentation, cont'd:  
  
Previous designation: Mark II Golemite var. V-C-56790  
  
Requested freebooter redesignation: Johnny Redknees  
  
Johnny Redknees fail-safe code: 8231  
  
Document 2 of 4","Документация по отказоустойчивости, продолжение:

Предыдущее обозначение: Марк II Големит вар. V-C-56790

Запрошенное переименование вольным: Джонни Красные Колени

Код отказоустойчивости Джонни Красные Колени: 8231

Документ 2 из 4"
"Fascinating—our tests are yielding consistent confirmation of the presence of Mordremoth's hive-mind properties in Kralkatorrik's Branded minions. Seems to confirm the hypothesis that absorbing an Elder Dragon's magic also confers its magical properties/abilities.

Question: is this limited to discreet factual data, or does it include emotional data as well?

Note to self: design test for transmission of maximal levels of fear and/or pain.

Second note to self: we're getting low on creamer in the break room.","Увлекательно — наши тесты дают последовательное подтверждение наличия свойств улья Мордремота у Проклятых миньонов Кралькаторрика. Похоже, это подтверждает гипотезу о том, что поглощение магии Старшего Дракона также передаёт его магические свойства/способности.

Вопрос: ограничивается ли это дискретными фактическими данными или включает также эмоциональные данные?

Заметка себе: разработать тест на передачу максимальных уровней страха и/или боли.

Вторая заметка себе: у нас заканчиваются сливки в комнате отдыха."
Faute d'orthographe,Орфографическая ошибка
"Fellow Brotherhood,  
 
I appreciate the passionate response to the proposed sector name, Park's Vein, particularly from our members more familiar with the area's history. The Jade Brotherhood strives to include its members in decision-making—let it not be said that we are an autocracy, unlike our competition!  
 
As we expect this sector to become an important part of Brotherhood history, please submit your vote.  
 
Your esteemed leader,  
 
Park Chul-Moo  
 
Choose one:  
 
Park's Vein (Submission by the support team of Leader Park Chul-Moo)  
 
Gyala Delve (Submission by JB Heritage Club)  
 
The Future of Cantha Brought to You by the Jade Brotherhood Jade Sea Quarry (Submission by JB Marketing)  
 
Jade Sea Mine X (where X is the most recent iteration of mine number) (Submission by Accountant Han)","Уважаемые члены Братства,  
 
Я ценю страстный отклик на предложенное название сектора — «Жила Парка», особенно от тех из вас, кто лучше знаком с историей этой местности. Братство Нефрита стремится вовлекать своих членов в принятие решений — пусть не говорят, что мы автократия, в отличие от наших конкурентов!  
 
Поскольку мы ожидаем, что этот сектор станет важной частью истории Братства, прошу вас проголосовать.  
 
С уважением, ваш лидер,  
 
Пак Чхоль-Му  
 
Выберите один вариант:  
 
Жила Парка (предложение от группы поддержки лидера Пака Чхоль-Му)  
 
Гиала Дельв (предложение от Клуба наследия Братства Нефрита)  
 
Будущее Канты, представленное Братством Нефрита: Карьер в Нефритовом море (предложение от отдела маркетинга Братства Нефрита)  
 
Нефритовая шахта X (где X — последняя итерация номера шахты) (предложение от бухгалтера Хана)"
"Field Report—Day 19  
  
After two weeks at sea, we finally made landfall in Castora. Nearly lost my damn life on the Martingale with the Blood tribune. Anyone's guess as to why I thought I was safer with a first-time captain instead of with the practiced corsairs.  
  
But now? My paws are firmly planted on solid ground. Grateful for that.  
  
So far, my surveillance of the outer and inner shores has been...enlightening. There's not much I've seen so far that would be of much use to the legions. Though with the various castaway groups here, I've no shortage of small societal intrigue. Folks who want to leave, folks who want to stay, freebooters harassing Hullgardeners, some weird cult, and the Inquest.  
  
I'll tuck this someplace dry for now and go skulking. Maybe grab one of those fruity beverages from the bar. Before I left, Malice joked it'd been a while since I'd taken downtime when she assigned me to this expedition. Guess I should take the hint...","Полевой отчёт — день 19

После двух недель в море мы наконец высадились в Касторе. Чуть не лишился жизни на «Мартингейле» с трибуном Крови. Одному богам известно, почему я решил, что буду в большей безопасности с капитаном-новичком, чем с опытными корсарами.

Но сейчас? Мои лапы прочно стоят на твёрдой земле. Благодарен за это.

Пока что моя слежка за внешним и внутренним побережьями была... поучительной. Пока я мало что увидел, что могло бы пригодиться легионам. Хотя с разными группами потерпевших крушение здесь у меня нет недостатка в мелких общественных интригах. Люди, которые хотят уйти, люди, которые хотят остаться, флибустьеры, донимающие халлгарденцев, какой-то странный культ и Инквест.

Я пока спрячу это в сухое место и пойду подглядывать. Может, возьму один из тех фруктовых напитков в баре. Перед отъездом Мэлис пошутила, что прошло много времени с тех пор, как у меня был отпуск, когда она назначила меня в эту экспедицию. Думаю, стоит намек понять..."
"Figures that I get sent to trudge back through the jungle straight into enemy-held territory just to grab...I don't even know what. But clearly something nobody thought was important enough to bring the first time.

I'm glad to be doing something, I guess. Things have been too quiet lately. The director is preoccupied with something, and whatever it is, he's doing it entirely on his own. I guess I should just count myself lucky that I'm here as Kuda's courier rather than one of her subjects.","Вот так всегда: меня отправляют тащиться обратно через джунгли прямо на вражескую территорию, чтобы забрать... я даже не знаю что. Но явно что-то, что никто не счёл достаточно важным, чтобы принести в первый раз.

Рад, что хоть чем-то занят, наверное. В последнее время было слишком тихо. Директор чем-то занят, и чем бы это ни было, он делает это в полном одиночестве. Наверное, мне стоит считать себя везунчиком, что я здесь как курьер Куды, а не один из её подопытных."
"Find others to help you explore Gyala Delve.
Requires Guild Wars 2: End of Dragons expansion to access this map.","Найдите других игроков, чтобы вместе исследовать Гиальские Копи.
Для доступа к этой карте требуется дополнение Guild Wars 2: Конец Драконов."
"Find others to help you explore the Domain of Istan!
The Guild Wars 2: Path of Fire expansion and the Living World episode ""Daybreak"" are required to access this map.","Найдите других игроков, чтобы вместе исследовать Область Истана!
Для доступа к этой карте необходимо приобрести дополнение Guild Wars 2: Путь Огня и пройти эпизод «Рассвет» из серии Живого мира."
"Find others to help you explore the Sandswept Isles!
The Guild Wars 2: Path of Fire expansion and the Living World episode ""A Bug in the System"" are required to access this map.","Найдите других игроков, чтобы вместе исследовать Песчаные острова!
Для доступа к этой карте необходимо установить дополнение Guild Wars 2: Путь Огня и пройти эпизод «A Bug in the System» из серии Живого мира."
"Find others to help you explore the Skywatch Archipelago.
Requires Guild Wars 2: Secrets of the Obscure expansion to access this map.","Найдите других игроков, чтобы вместе исследовать архипелаг Скайвотч.
Для доступа к этой карте требуется дополнение Guild Wars 2: Secrets of the Obscure."
"Find others to help you hunt rift enemies within Janthir Wilds.
Requires the Guild Wars 2: Janthir Wilds expansion to access the relevant content.","Найдите союзников, чтобы вместе охотиться на врагов разлома в диких землях Джантира.
Для доступа к соответствующему контенту требуется дополнение Guild Wars 2: Янтарные пустоши."
"Find others to help you investigate Ember Bay!
The Guild Wars 2: Heart of Thorns expansion and the Living World episode ""Rising Flames"" are required to access this map.","Найдите других игроков, чтобы помочь вам исследовать Эмбер-Бэй!
Для доступа к этой карте необходимо установить дополнение Guild Wars 2: Heart of Thorns и пройти эпизод «Восходящие пламена» из серии «Живая история»."
"Find others to help you investigate Lake Doric!
The Guild Wars 2: Heart of Thorns expansion and the Living World episode ""The Head of the Snake"" are required to access this map.","Найдите других игроков, чтобы помочь вам исследовать озеро Дорик!
Для доступа к этой карте необходимо приобрести дополнение Guild Wars 2: Heart of Thorns и пройти эпизод «The Head of the Snake» из серии Живого мира."
"Fire an arrow equipped with a device that spreads shadow magic across the ground on impact, healing and removing conditions from allies with the initial detonation, and healing allies with each pulse afterward.<br>
<c=@abilitytype>Chain Reaction.</c> The next short-bow skill in the radius will remove additional conditions from allies.","Выпускает стрелу с устройством, распространяющим теневую магию по земле при попадании, исцеляя и снимая состояния с союзников при начальном взрыве, а затем исцеляя союзников каждой последующей пульсацией.<br>
<c=@abilitytype>Цепная реакция.</c> Следующее умение короткого лука в радиусе снимет с союзников дополнительные состояния."
"Five Forest Houses

Strong, the zu Heltzers, with faith as their shields
Their rivals, the Vasburgs, bright swords they do wield.

Brilliant, the Brauers, resplendent on stage.
Dark are the Durheims, who scribble on page.

And then there's Lutgardis, who sing to the trees—
May Echovald bloom with stewards like these.","Пять Лесных Домов

Сильны цу Хельцеры, верой как щитами,
Их соперники, Васбурги, сверкают мечами.

Блистательны Брауэры, великолепны на сцене,
Темны Дурхеймы, что пишут на странице.

А есть ещё Лютардисы, что поют деревьям —
Пусть Эховолд цветёт такими хранителями."
"For a limited time surrounding Summer Game Fest, you'll have boosted rewards! Additionally, by completing events in Guild Wars 2, you can earn a special cape and matching shoulder armor skin.

Enjoy, and thanks for playing our games!

—ArenaNet","На ограниченное время в рамках Летнего игрового фестиваля вас ждут улучшенные награды! Кроме того, выполняя события в Guild Wars 2, вы можете получить особый плащ и подходящий к нему набор наручей.

Наслаждайтесь и спасибо, что играете в наши игры!

—ArenaNet"
"For years, Glint's egg represented our dreams of a better future. We knew that our salvation grew within: the scion of Glint, Aurene. Lives were dedicated and lost in the care of this egg; it stands as a reminder of the bond forged between Glint and the races of this world that protected her scion.

There are many still who dedicate themselves to protecting Aurene as she fulfills her destiny. To them, the Zephyrites pledge their unwavering loyalty and support.

Alas, alas, alas, alas,

Alas, and so we go,

We fly on high into the sky,

And sing, ""Alas, alas...""","Годами яйцо Глинт воплощало наши мечты о лучшем будущем. Мы знали, что внутри растёт наше спасение — отпрыск Глинт, Аурена. Заботе об этом яйце посвящали жизни, и жизни за него отдавали; оно стоит напоминанием о союзе, скреплённом между Глинт и народами этого мира, что оберегали её отпрыска.

Немало и поныне тех, кто посвящает себя защите Аурены, покуда она исполняет своё предназначение. Им зефириты клянутся в непоколебимой верности и поддержке.

Увы, увы, увы, увы,

Увы, и вот мы в путь,

Мы ввысь летим под небеса,

И поём: «Увы, увы...»"
"Friend of Lady Peitha,

Before your arrival, I stood on the edge of the fog, watching helplessly while my own succumbed to its toxicity as they attempted to flee. Now that the fog has lifted, their essence is trapped, and I am unable to help.

I seek someone who can end their suffering. Come find me; your aid is crucial.

Message transcribed by Ward Member Benan.","Друг Леди Пейты,

До твоего прибытия я стоял на краю тумана, беспомощно наблюдая, как мои люди гибли от его токсичности, пытаясь бежать. Теперь, когда туман рассеялся, их сущности заперты, и я не могу помочь.

Я ищу того, кто сможет прекратить их страдания. Приходи ко мне, твоя помощь крайне важна.

Сообщение записано членом ополчения Бенаном."
"From the sound of things, you did a number on the Nightmare Court in Hemlock Coil. Here's hoping they think twice before they mess with the Soundless again.

Keep up the good work.
—Tovar","Судя по всему, вы навели шороху в Nightmare Court в Змеевике. Надеюсь, они дважды подумают, прежде чем связываться с Беззвучными снова.

Продолжайте в том же духе.
— Товар"
"Für das Geschenk ist jede Gewichtsklasse des Sturmhelms geeignet. Falls benötigt, können Überreste dieses Gegenstands von Händlern für Ansehen-Herzen auf Janthir Syntri erworben werden.",Для подарка подходит шлем-штурмовик любого весового класса. При необходимости остатки этого предмета можно приобрести у торговцев за сердца уважения на Янтарной Синтри.
"Gabe[pl:""Gaben""] von Sammeljäger",Габе фон Саммельйягер
"Gain 120 Power When Health above 90%%
+10%% Experience from Kills","+120 к Силе, пока здоровье выше 90%%
+10%% опыта за убийства"
"Gain 160 Power When Health above 90%%
+10%% Experience from Kills","+160 к Силе, пока здоровье выше 90%%
+10%% опыта за убийства"
"Gain Concentration Equal to 1%% of Your Precision
Gain Concentration Equal to 2%% of Your Healing Power
+10%% Experience from Kills","Концентрация, равная 1%% вашей Точности
Концентрация, равная 2%% вашей Силы исцеления
+10%% опыта за убийства"
"Gain Concentration Equal to 3%% of Your Power
Gain Concentration Equal to 3%% of Your Precision
+10%% Experience from Kills","Концентрация, равная 3%% вашей Силы
Концентрация, равная 3%% вашей Точности
+10%% опыта за убийства"
"Gain Condition Damage Equal to 2%% of Your Precision
+10%% Experience from Kills","Урон от состояний, равный 2%% вашей Точности
+10%% опыта за убийства"
"Gain Condition Damage Equal to 3%% of Your Vitality
Gain Condition Damage Equal to 3%% of Your Toughness
+10%% Experience from Kills","Урон от состояний, равный 3%% вашей Живучести
Урон от состояний, равный 3%% вашей Стойкости
+10%% опыта за убийства"
"Gain Health Every Second
+100 Power
+70 Precision
+10%% Karma
+5%% All Experience Gained
+20%% Magic Find
+20%% Gold Find
+10%% WXP Gained","Восстановление здоровья каждую секунду
+100 к Силе
+70 к Точности
+10%% кармы
+5%% ко всему получаемому опыту
+20%% к поиску магии
+20%% к поиску золота
+10%% к получаемому мировому опыту"
"Gain Health Every Second
+15%% Experience from Kills","Восстановление здоровья каждую секунду
+15%% опыта за убийства"
"Gain Health Every Second
+30%% to Endurance Regeneration
+20%% Magic Find","Восстановление здоровья каждую секунду
+30%% к восстановлению выносливости
+20%% к поиску магии"
"Gain Health Every Second
+35 to All Attributes
+10%% Karma
+5%% All Experience Gained
+20%% Magic Find
+20%% Gold Find
+10%% WXP Gained","Восстанавливайте здоровье каждую секунду.
+35 ко всем характеристикам.
+10 %% кармы.
+5 %% к получаемому опыту.
+20 %% к шансу найти магические предметы.
+20 %% к шансу найти золото.
+10 %% к получаемому опыту мира."
"Gain Power Equal to 3%% of Your Toughness
Gain Expertise Equal to 3%% of Your Toughness
+10%% Experience from Kills","Сила, равная 3%% вашей Стойкости
Экспертиза, равная 3%% вашей Стойкости
+10%% опыта за убийства"
"Gain Wolverine's favor by besting him in combat.
You will be revived if you get knocked out during the fight.","Заслужите расположение Росомахи, одолев его в бою.
Если вы падёте во время схватки, вас поднимут."
"Gain a magic find boon when completing a magic mirror. This boon only works while on Castora.

Obscured chest locations are visible after completing a magic mirror.","Даёт бон поиска магии за прохождение волшебного зеркала. Этот бон действует только на Касторе.

После прохождения волшебного зеркала становятся видны укрытые сундуки."
"Gain entry to the Royal Terrace in Divinity's Reach.
• Asura Gates to All Cities
• Crafting Stations
• Bank and Guild Bank Access
• Mystic Forge
• Merchants 
• And more! All within easy reach, for those who enjoy the ultimate convenience.","Даёт вход на Королевскую террасу в Divinity's Reach.
• Врата асура во все города
• Ремесленные станции
• Доступ к банку и гильдейскому банку
• Mystic Forge
• Торговцы
• И многое другое! Всё под рукой — для тех, кто ценит предельное удобство."
Gefahren vermieden,Опасности предотвращены
"Gefertigt aus 50 Schuppen, 50 glatten Schuppen, 250 großen Schuppen und 100 gepanzerten Schuppen.","Изготовлено из 50 чешуек, 50 гладких чешуек, 250 больших чешуек и 100 бронированных чешуек."
Gefrorene Gezeiten,Ледяные приливы
"Gideon Hawthorn II,
003 Tide IIX0,
Natural","Гидеон Хоторн II,
003 Тид IIX0,
Натуральный"
"Given the rising security threat and environmental instability on the isle, all villagers are required to report to the inn by nightfall.  
  
Each individual may bring one personal effect so long as it fits on your person. The White Mantle will provide any other necessary supplies, such as food, bedding, and clothing. This is for storage purposes, as the inn was not built to house this many patrons.  
  
We appreciate your patience. And remember that your longevity is assured by Saul's golden trail.","В связи с возросшей угрозой безопасности и нестабильностью окружающей среды на острове все жители обязаны явиться в гостиницу до наступления темноты. 
  
Каждый может взять одну личную вещь, если она помещается на теле. Белый Плащ предоставит все остальные необходимые припасы, такие как еда, постельные принадлежности и одежда. Это делается для хранения, так как гостиница не рассчитана на такое количество постояльцев. 
  
Мы ценим ваше терпение. И помните: ваше долголетие обеспечено золотой тропой Сола."
"Goldverziertes Tagebuch, Seite 1","Золотом украшенный дневник, страница 1"
"Goldverziertes Tagebuch, Seite 2","Золотом украшенный дневник, страница 2"
"Goldverziertes Tagebuch, Seite 3","Золотом украшенный дневник, страница 3"
"Grant might and fury to nearby allies when you disable an enemy. 
<c=@reminder>Disables include stun, taunt, daze, knockback, pull, knockdown, sink, float, fear, and launch.</c>","Даруйте союзникам рядом мощь и ярость при обездвиживании врага.
<c=@reminder>Обездвиживание включает в себя оглушение, провокацию, ошеломление, отталкивание, притягивание, нокдаун, погружение, всплытие, страх и отбрасывание.</c>"
"Grants a large amount of Secrets of the Obscure Mastery experience.

<c=@Flavor>Assumed to be minted by the Astral Ward, these are valued by collectors, scholars, and coin enthusiasts.</c>","Даёт большой опыт мастерства в Секретах Забвенного.

<c=@Flavor>Считается, что они отчеканены Astral Ward, и ценятся коллекционерами, учёными и нумизматами.</c>"
"Grants a moderate amount of karma.

<c=@Flavor>Elders tell tales of the giants that used to roam this far south.  </c>","Даёт умеренное количество кармы.

<c=@Flavor>Старейшины рассказывают о великанах, что некогда забредали так далеко на юг.  </c>"
"Grants a moderate amount of karma.

<c=@Flavor>Preying on seekers of Ascension is a timeworn grift for both local hustlers and foreign mountebanks.</c>","Даёт умеренное количество кармы.

<c=@Flavor>Наживаться на тех, кто ищет просветление, — это старая схема как для местных жуликов, так и для приезжих шарлатанов.</c>"
"Grants a small amount of karma.

<c=@Flavor>These claws are still sharp enough to be used as rock-carving tools—or for self-defense, in a bind. </c>","Даёт небольшое количество кармы.

<c=@Flavor>Эти когти всё ещё достаточно острые, чтобы использовать их в качестве инструментов для резьбы по камню — или для самообороны, если потребуется.</c>"
"Grants a small amount of karma.
<c=@Flavor>The choya seemed very excited to present you with this clump of glistening earth.</c>","Даёт небольшое количество кармы.
<c=@Flavor>Чойя, казалось, был очень взволнован, вручая вам этот комок блестящей земли.</c>"
"Grants a small amount of karma.
<c=@Flavor>You may not be the world's foremost historian, but you are confident that Joko did not, in fact, force the Elder Dragons to submit to him.</c>","Даёт небольшое количество кармы.
<c=@Flavor>Возможно, вы не величайший историк мира, но вы уверены, что Джоко на самом деле не заставлял Старших Драконов подчиняться ему.</c>"
"Grants a tiny amount of karma.

<c=@Flavor>Kormir is beloved throughout Tyria, but Elonians who know her history are often proud to have one of their own in the pantheon.</c>","Даёт крошечное количество кармы.

<c=@Flavor>Кормир любима по всей Тирии, но элонцы, знающие её историю, часто гордятся тем, что один из их пантеона — их соотечественник.</c>"
"Grants a tiny amount of karma.
<c=@Flavor>These badges are given by Cavaliers to deputize trustworthy allies. Now you've got a gold star, too!</c>","Даёт крошечное количество кармы.
<c=@Flavor>Эти значки выдаются кавалерами, чтобы уполномочить доверенных союзников. Теперь и у тебя есть золотая звезда!</c>"
"Grants both Experience Booster and Item Booster benefits for 2 hours, including:
• +50%% Experience in All Game Types
• +50%% Reward Track Gain in PvP and WvW
• Up to 100%% Bonus Experience for Kill Streaks
• +50%% Magic Find
• +50%% Chance of Critical Crafting Experience Gain
• +33%% Chance of Extra Gathering Strike
• 10 Seconds of Swiftness after Gathering 
• Summons a Black Lion Merchant If Your Inventory Is Full after Gathering (20-Minute Cooldown)","Даёт преимущества как усилителя опыта, так и усилителя предметов на 2 часа, включая:
• +50%% опыта во всех игровых режимах
• +50%% к получению наград в PvP и WvW
• до 100%% бонусного опыта за серии убийств
• +50%% к поиску магии
• +50%% шанс критического получения опыта при создании
• +33%% шанс дополнительного удара при сборе
• 10 секунд быстроты после сбора
• призыв торговца Black Lion, если ваш инвентарь полон после сбора (время восстановления: 20 минут)"
"Grants the following benefits for 30 minutes:
• +50%% Experience from Kills
• +75%% Gold from Kills
• +25%% Reward-Track Gain in PvP and WvW
• +100%% Magic Find","Даёт следующие преимущества на 30 минут:
• +50%% опыта за убийства
• +75%% золота за убийства
• +25%% прогресса по треку наград в PvP и WvW
• +100%% поиска магии"
Grasgrüne Kräuter,Grasgrüne Kräuter
"Greetings!

You've received this pamphlet at your request for information on the almighty Order of Om.

There are few things more daring than drinking the deadly-sweet juice of raw omnomberries. Its infamy is indisputable. And so, we, the masters of our craft, have banded together to spread the word of our choicest of games: Belcher's Bluff.

The rules are simple:
- Rounds occur every five seconds.
- Participants perform one action per round.
- Actions are limited to: drinking omnomberry juice, drinking water, bluffing, or belching.
- If the participant does not drink juice, the opposer's belch is bolstered.
- Belched-on bluffers cannot bluff for two rounds.
- Belchers cannot belch again until three drinks—juice or water—are consumed.
- Water can only be consumed after three other actions.
- Advanced drinkers can use Signature Moves once per match.

Our order is comprised of six masters, each a keeper of a coveted Signature Move. Should you defeat them, their secrets will be yours! If you think yourself ready, see the attached list for the masters' locations.

May your mug be ever full,
—The Order of Om","Привет!

Вы получили эту брошюру по вашему запросу информации о всемогущем Ордене Ом.

Мало что может быть дерзновеннее, чем пить смертельно-сладкий сок сырых омномягод. Их дурная слава неоспорима. И поэтому мы, мастера своего дела, объединились, чтобы распространить весть о нашей излюбленной игре: «Блеф Бурдючника».

Правила просты:
- Раунды происходят каждые пять секунд.
- Участники выполняют одно действие за раунд.
- Действия ограничены: пить сок омномягод, пить воду, блефовать или рыгать.
- Если участник не пьёт сок, рык оппонента усиливается.
- Обрыганные блефующие не могут блефовать в течение двух раундов.
- Рыгающие не могут рыгать снова, пока не будет выпито три напитка — сок или вода.
- Воду можно пить только после трёх других действий.
- Продвинутые пьющие могут использовать коронные приёмы один раз за матч.

Наш орден состоит из шести мастеров, каждый хранитель заветного коронного приёма. Если вы одолеете их, их секреты станут вашими! Если считаете себя готовым, посмотрите приложенный список с местоположением мастеров.

Да будет ваша кружка всегда полна,
—Орден Ом"
"Greetings,

It's unfortunate I am not contacting you with good news. We have received several reports of Mordrem moving outward from the Heart of Maguuma and appearing in areas around Tyria. It is imperative that we do everything possible to prevent Mordremoth from creating footholds close to our major cities.

I have included information on areas to investigate. Please be wary. We have detected a lot of underground activity in Brisban Wildlands, Kessex Hills, and Diessa Plateau. Gather your friends and do all you can to beat the elder dragon's minions back.

Best of luck,

—Mordrem Researcher Eullo of the Durmand Priory","Приветствую,

Жаль, что обращаюсь к тебе не с добрыми вестями. Мы получили несколько донесений о том, что мордремы движутся прочь от Heart of Maguuma и появляются в разных краях Тирии. Крайне важно сделать всё возможное, чтобы не дать Мордремоту закрепиться близ наших крупных городов.

Я приложил сведения о местах, требующих проверки. Прошу, будь осторожен. Мы обнаружили большую подземную активность в Brisban Wildlands, Kessex Hills и на Плато Дьесса. Собери друзей и сделай всё возможное, чтобы отбросить прислужников Старшего дракона.

Удачи,

—Исследователь мордремов Эулло из Durmand Priory"
"Greetings,

My records indicate you are one of the recent recipients of the title ""God Walking Amongst Mere Mortals.""  

Congratulations!

However, I have some unfortunate news. Your title was the result of my golem, LOR-748, believing you earned the honor and issuing this esteemed accolade. Now, there's no way my golem made any sort of miscalculation, which means there is only one explanation: the Eternal Alchemy itself is wrong. 

To clarify, the illegal modifications I made to LOR-748's title-issuing program had absolutely nothing to do with this title-issuing mistake.

In an effort to remedy this error—again, not mine—your title and any other unearned Hall of Monuments rewards must be revoked. This is regrettable, but the Alchemy is a living thing that, if not corrected, corrects itself—and no one wants to leave this up to the uncaring universe. This reversal will also keep the Arcane Council from incarcerating me until, as they put it, ""your bones turn to dust.""

Apologies,
Scholar Aiti","Приветствую,

Мои записи указывают, что вы — один из недавних обладателей титула «Бог, ходящий среди простых смертных».

Поздравляю!

Однако у меня есть неутешительные вести. Ваш титул возник оттого, что мой голем, LOR-748, счёл, будто вы заслужили эту честь, и присвоил вам сию почтенную награду. Но мой голем никоим образом не мог допустить какой-либо просчёт, а значит, объяснение лишь одно: сама Вечная Алхимия ошибается.

Уточню: незаконные изменения, которые я внёс в программу присвоения титулов LOR-748, не имеют абсолютно никакого отношения к этой ошибке с титулом.

В стремлении исправить эту ошибку — повторюсь, не мою — ваш титул и любые другие незаслуженные награды Зала Памятников должны быть отозваны. Это прискорбно, но Алхимия — живая сущность, которая, если её не поправить, поправляет себя сама, а никто не хочет оставлять это на волю равнодушной вселенной. Эта отмена также убережёт меня от заточения Тайным Советом до тех пор, пока, как они выражаются, «ваши кости не обратятся в прах».

С извинениями,
Учёный Aiti"
"Greetings,

You did very well. Because you so thoughtfully volunteered to test our experimental weapon, we have made progress in our endeavors. These new defenses, when complete, will be essential in driving back krait and Risen.

If ever you find the particular need to assist in more experiments, you know where to find me.

—Kamma","Приветствую,

Ты справился отлично. Благодаря тому, что ты столь любезно вызвался испытать наше опытное оружие, мы продвинулись в своих трудах. Эти новые средства обороны, когда будут готовы, станут незаменимы в борьбе с крайтами и восставшими.

Если вдруг захочешь помочь с новыми опытами — ты знаешь, где меня найти.

—Камма"
"Greetings, 

I'm writing to inform you of our progress toward the eventual reclamation of the dredge's home in Bloodtide Coast. Your work disabling their rogue devices and clearing undead out of their caverns will surely allow us to imminently repatriate the dredge. If all our troops are as brave as you are, we'll defeat Zhaitan in no time.

— Crusader Patrick","Приветствую,

Пишу сообщить о наших успехах на пути к возвращению дреджам их дома на Кровавом побережье. Твоя работа по отключению их вышедших из-под контроля устройств и очистке их пещер от нежити наверняка позволит нам вскоре вернуть дреджей на родину. Если все наши бойцы столь же храбры, как ты, мы одолеем Зайтана в два счёта.

— Crusader Patrick"
"Greetings, 

We have not met, but I have long been a follower of your exploits. I am a collector of tales of great daring and heroism, and your name has come up increasingly in the stories that have been reported to me.  I've spoken with  your mentor, and the suggestion was made that I contact you and add your stories to my collection.

Your mentor was a member of an adventuring group known as Destiny's Edge. They were legendary heroes, but went their separate ways about five years ago, for reasons I have yet to discover – none have chosen to share that story with me. If you discover the nature of their separation, I would be most appreciative.

Thank you for your help in this, and I will get in contact with you in the future, and hope to keep you in touch with the whereabouts of your mentor and the other members of Destiny's Edge. 

Through this I will remain,

Your Herald","Привет,

Мы не знакомы, но я давно слежу за вашими подвигами. Я собиратель историй о великой отваге и героизме, и ваше имя всё чаще упоминается в рассказах, которые мне сообщают. Я говорил с вашим наставником, и он предложил мне связаться с вами и добавить ваши истории в мою коллекцию.

Ваш наставник был членом группы искателей приключений, известной как «Край Судьбы». Они были легендарными героями, но разошлись около пяти лет назад по причинам, которые мне ещё предстоит выяснить — никто не пожелал поделиться этой историей со мной. Если вы узнаете причину их разрыва, я буду весьма признателен.

Спасибо за вашу помощь в этом, я свяжусь с вами в будущем и надеюсь держать вас в курсе местонахождения вашего наставника и других членов «Края Судьбы».

С этим остаюсь,

Ваш Вестник"
"Greetings, %str1%,

I am writing to update you on the status of events in the Grove, as I'm sure you are worried for the Pale Tree. She is still with us, though she remains unable to communicate. We believe she has retreated to the Dream to heal, much as we sylvari incubate there prior to our awakenings. We continue to give her the best possible care. I will inform you of any developments.

I also thought you'd be interested to know that a representative from each of the summit guests has been in touch to let us know they have not forgotten their pledge. They all have begun implementing plans to research the Elder Dragons and investigate the possibility of a unified military response. It is my understanding that they have continued to communicate with each other on this as well. Bravo. Your words have changed the course of history.

—Niamh","Привет, %str1%,

Я пишу, чтобы сообщить вам о положении дел в Роще, так как уверен, что вы беспокоитесь о Pale Tree. Она всё ещё с нами, хотя остаётся неспособной общаться. Мы считаем, что она ушла в Сон для исцеления, подобно тому, как мы, сильвари, инкубируемся там до пробуждения. Мы продолжаем обеспечивать ей наилучший уход. Я сообщу вам о любых изменениях.

Также подумал, что вам будет интересно узнать, что представитель каждого из гостей саммита связался с нами, чтобы сообщить, что они не забыли о своём обещании. Все они начали реализовывать планы по исследованию Старших Драконов и изучению возможности единого военного ответа. Насколько я понимаю, они продолжают общаться друг с другом по этому вопросу. Браво. Ваши слова изменили ход истории.

—Ниав"
"Greetings, Commander!

Rumor has it you've uncovered a way to harvest unbound magic, which is an invaluable resource that I would love to get my hands on. Who knows, it may even help us get underway! If you have any to spare, come see me on the airship bridge, and I'll make it worth your while.

I've been working on some aerial combat tactics that all the loose magic in the area might actually make feasible, but I'll need unbound magic to complete my prototype.

—Natto","Приветствую, командир!

Ходят слухи, что ты открыл способ добывать несвязанную магию — бесценный ресурс, который я был бы счастлив заполучить. Как знать, может, он даже поможет нам отправиться в путь! Если у тебя есть лишняя, зайди ко мне на мостик воздушного корабля, и я щедро отплачу.

Я разрабатываю кое-какую тактику воздушного боя, которую вся эта свободная магия в округе и впрямь может сделать осуществимой, но чтобы доделать прототип, мне нужна несвязанная магия.

—Натто"
"Greetings, Commander,

On behalf of the Flame and Iron legions, we'd like to invite you to the Black Citadel for a pioneering one-on-one training session with one of Iron Legion's best and brightest guardians. As a decorated guardian yourself, Imperator Greetsglory and I agreed that you would be an exemplary outside candidate. Connect with Petrus Dawnwelder on the mustering grounds near the Vigil chapterhouse, and he'll instruct you from there.

Safe travels,
Mia Kindleshot, Iron Imperator","Приветствую, командир,

От имени Легиона Пламени и Iron Legion мы хотели бы пригласить тебя в Black Citadel на первое в своём роде индивидуальное занятие с одним из лучших и умнейших стражей Iron Legion. Как заслуженный страж, ты, по нашему с империатором Гритсглори общему мнению, станешь образцовым кандидатом со стороны. Свяжись с Петрусом Зарёйсваром на плацу у дома капитула Дозора, и он тебя наставит.

Лёгкой дороги,
Миа Киндлшот, империатор Iron Legion"
"Greetings, Slayer of Issormir. I went to Eir Stegalkin for assistance, and she strongly recommended I contact you. It's a matter of extreme importance that I would prefer to discuss in person. Please visit me at the Wolf Shrine as soon as you can. May Wolf bless you and guide your steps until then.
—Shaman Gamli","Приветствую, Slayer of Issormir. Я обратилась за помощью к Eir Stegalkin, и она настоятельно посоветовала мне связаться с тобой. Дело чрезвычайной важности, и я предпочла бы обсудить его лично. Прошу, навести меня у Святилища Волка как можно скорее. Да благословит тебя Волк и направит твои шаги до тех пор.
—Шаман Гамли"
"Greetings, Traveler,

The Tyrian Explorers Society has heard you've become quite a hero throughout the Diessa Plateau. Well done! These are not easy times, but you've made the most of it. We await further news of your travels eagerly.

Best of luck.

— Tyrian Explorers Society","Приветствую, путник,

Общество тирийских исследователей прослышало, что ты стал изрядным героем на всём Плато Дьесса. Отлично! Времена нынче нелёгкие, но ты сумел взять от них лучшее. С нетерпением ждём новых вестей о твоих странствиях.

Удачи.

— Общество тирийских исследователей"
"Greetings, Wayfinder!

The kodan of Janthir Syntri very much appreciate your help in crafting a brand-new Mr. Quiggles. To return the favor, I thought I'd pass on my recipe for making these adorable little creatures. I've heard on the wind that you have your own residence nearby—try putting a few in there to brighten up the place!

Once again, we sincerely thank you for your help. The smiles of our cubs will always remind us of your selfless deed.

Yours,
Warming Comfort","Приветствую, Путеводная Звезда!

Коданы Джантир Синтри крайне признательны за твою помощь в создании новенького господина Квигглса. В благодарность я решила передать тебе свой рецепт изготовления этих очаровательных созданий. Ветер донёс до меня, что у тебя есть собственное жилище неподалёку, — попробуй поставить туда парочку, чтобы стало веселее!

Ещё раз искренне благодарим тебя за помощь. Улыбки наших детёнышей всегда будут напоминать нам о твоём бескорыстном поступке.

Твоя,
Тёплое Утешение"
"Greetings, friend,

Ogden Stonehealer reached out the Eldvin Monastery to re-create a beer that was an old dwarven favorite. This dark stout contains complex flavors of molasses, roasted coffee, and drops of licorice without being bitter or overly sweet. Surprisingly, the flavor strongly evolves with the temperature of the brew. This stout is perfect for the cold days of winter.

Good health and a glass for your thirst,

—Desch Metz,
Master Brewer, Eldvin Monastery","Приветствую, друг,

Огден Каменный Целитель обратился к монастырю Элдвин, чтобы воссоздать пиво, что было старым любимцем дворфов. Этот тёмный стаут таит сложные ноты патоки, жареного кофе и капли лакрицы, не будучи ни горьким, ни приторным. Удивительно, но вкус его сильно меняется с температурой напитка. Этот стаут идеален для холодных зимних дней.

Доброго здравия и полного бокала,

—Деш Метц,
Мастер-пивовар, монастырь Элдвин"
"Greetings, friend, 

Your helping hand with the poor refugees was a touch of comfort. The beacons you lit to guide them represent your own shining strength, and the food you gathered shows you to be a pillar of support. We are indebted to you.

—Enduring Protector","Приветствую, друг,

Твоя рука помощи бедным беженцам стала прикосновением утешения. Зажжённые тобою маяки — знак твоей собственной сияющей силы, а собранная тобою еда показывает, что ты — опора для других. Мы у тебя в долгу.

—Стойкий Защитник"
Gris loup,Гри лу
Großes Kodan-Lager,Большой лагерь коданов
"Hail, O Penultimate Creator!

I am delighted to hear of your prowess and power, and your progress in attaining the necessary precursor to create your legendary weapon. You have strode the lands of Tyria like a giant, battled its fell beasts, and succeeded where so many have turned aside. Congratulations! 

The final collection in your journey has been unlocked detailing some of the tasks necessary to accomplish your ultimate goal. You should also go see Miyani, who holds the recipes necessary for those final steps in creating your legendary weapon! She will be expecting you.

Do not falter! Success is within your grasp!

Yours,
Grandmaster Craftsman Hobbs","Приветствую, о Предпоследний Создатель!

Я рад слышать о твоём мастерстве и силе, и о твоём прогрессе в получении необходимого предшественника для создания легендарного оружия. Ты прошёл по землям Тирии как гигант, сражался с её злыми зверями и преуспел там, где многие отступили. Поздравляю! 

Финальная коллекция в твоём путешествии открыта, в ней перечислены некоторые задачи, необходимые для достижения твоей конечной цели. Тебе также стоит навестить Мияни, которая хранит рецепты, необходимые для этих последних шагов по созданию легендарного оружия! Она будет ждать тебя.

Не падай духом! Успех уже в твоих руках!

С уважением,
Великий Мастер-Ремесленник Хоббс"
Haltet Kriegsklauen-Rennen in der Tundra ab.,Остановите гонки боевых когтей в тундре.
"Harvest %num2% material[s] from resource nodes in the Ruins of Orr, Frostgorge Sound, or Southsun Cove.

<c=@reminder>Resource nodes are clumps of ore, saplings, and plants that can be gathered using gathering tools. Nodes can be found by exploring the world.</c>","Добывайте %num2% [материал|материала|материалов] из ресурсных узлов в Руинах Орра, Фростгорж-Саунде или Саутсан-Кове.

<c=@reminder>Ресурсные узлы — это скопления руды, саженцев и растений, которые можно собирать с помощью инструментов для сбора ресурсов. Узлы можно найти, исследуя мир.</c>"
"Have the item in your inventory or combine the following items in the Mystic Forge:
• Sentient Anomaly
• Sentient Aberration
• Sentient Oddity
• Sentient Singularity","Держите предмет в инвентаре либо соедините в Mystic Forge следующее:
• Разумную аномалию
• Разумное отклонение
• Разумную диковину
• Разумную сингулярность"
"Have this item in your inventory when traveling to Lion's Arch.
This item can be created in the Mystic Forge by combining the following items:
• 1 Essence of Hoelbrak
• 2 Mystic Keystone Crystals
• 7 Piles of Mystic Dust
• 50 Mystic Coins

The first three components are drops from Mystic Chests. Mystic Chests are made in the Mystic Forge by combing the following items:
• 1 Essence of Halloween
• 250 Cured Thick Leather Squares
• 250 Cured Thick Leather Squares
• 250 Cured Thick Leather Squares","Держите этот предмет в инвентаре при путешествии в Lion's Arch.
Этот предмет можно создать в Mystic Forge, соединив следующее:
• 1 эссенцию Хоэльбрака
• 2 мистических краеугольных кристалла
• 7 горстей мистической пыли
• 50 мистических монет

Первые три составляющие выпадают из мистических сундуков. Мистические сундуки делаются в Mystic Forge соединением следующего:
• 1 эссенции Хэллоуина


• 250 квадратов дублёной толстой кожи• 250 квадратов дублёной толстой кожи• 250 квадратов дублёной толстой кожи"
"Have this item in your inventory when traveling to Lion's Arch. 
This item can be created in the Mystic Forge by combining the following items:
• 1 Essence of Rata Sum
• 2 Mystic Keystone Crystals
• 7 Piles of Mystic Dust
• 50 Mystic Coins

The first three components are drops from Mystic Chests. Mystic Chests are made in the Mystic Forge by combing the following items:
• 1 Essence of Halloween
• 250 Cured Thick Leather Squares
• 250 Cured Thick Leather Squares
• 250 Cured Thick Leather Squares","Держите этот предмет в инвентаре при путешествии в Lion's Arch.
Этот предмет можно создать в Mystic Forge, соединив следующее:
• 1 эссенцию Раты Сум
• 2 мистических краеугольных кристалла
• 7 горстей мистической пыли
• 50 мистических монет

Первые три составляющие выпадают из мистических сундуков. Мистические сундуки делаются в Mystic Forge соединением следующего:
• 1 эссенции Хэллоуина


• 250 квадратов дублёной толстой кожи• 250 квадратов дублёной толстой кожи• 250 квадратов дублёной толстой кожи"
"Helft im Fischerdorf, fliegende Fische zu fangen.",Помогите в рыбацкой деревне поймать летающих рыб.
"Hello,

Finally, I have something resembling peace of mind. My missing scouts are returned to me, and the danger of the mine-riddled shipwrecks is not quite as threatening. This beach is much safer thanks to you. It may not seem like it, but you've made a big difference.

—Danu","Здравствуй,

Наконец-то у меня появилось что-то вроде спокойствия. Пропавшие разведчики вернулись, а опасность заминированных обломков кораблей уже не так грозна. Этот берег стал куда безопаснее благодаря тебе. Может, и незаметно, но ты многое изменил.

—Дану"
"Hello, 

Enclosed are your winnings. If you have a dispute, then you can take it up with my supervisor. 

—Bandit Bill","Здравствуйте,

В приложении ваш выигрыш. Если есть возражения, обращайтесь к моему начальнику.

—Bandit Bill"
"Hello, Wayfinder,

Please return to me at your earliest convenience. I'd like to compare notes on our wisp findings. I'll be waiting for you at Moon Camp.","Здравствуй, Путеводная Звезда,

Пожалуйста, вернись ко мне при первой возможности. Хочу сверить наши наблюдения об огоньках. Буду ждать тебя в Лунном Лагере."
Herbicida,Гербицида
"Hey there, Explorer! Isn't it great getting promoted? Anyway, the skritt have been acting very strangely out near the Feral Dens, and the Priory wants us to look into it. It seems the skritt have found something important, but it's so hard to get them to be clear about anything. All we have is ""big,"" ""dragons,"" and ""dwarves."" Who knows what that means? I'm sure we'll find out, though. See you there!
—Magister Sieran","Привет, Исследователь! Здорово, когда тебя повышают, да? В общем, скритты ведут себя очень странно возле Диких Логовищ, и Приорат хочет, чтобы мы это проверили. Похоже, скритты нашли что-то важное, но добиться от них внятного объяснения очень трудно. Всё, что у нас есть: «большой», «драконы» и «дворфы». Кто знает, что это значит? Уверен, мы всё выясним. Увидимся там!
—Магистр Сиеран"
"Hey, %str1%,

There have been whispers floating around the camp of your deeds. You've proven your movements are as soft as a shadow, as swift as a breeze, as smooth as a cub's belly fur, as sassy as a Blood Legionnaire's tail, as...well, I think you get the idea.

Of course, I'll tell the rest of the soldiers you learned it from the best first.

— Fina Duskmaker","Эй, %str1%,

По лагерю шепчутся о твоих делах. Ты доказал, что двигаешься мягко, как тень, быстро, как ветерок, гладко, как мех на брюхе детёныша, дерзко, как хвост кровавого легионера, как... ну, ты понял.

Разумеется, остальным солдатам я скажу, что ты сперва учился у лучших.

— Фина Сумеркотворец"
"Hey, Commander,

I'm headed to the Eye of the North with Braham. For a while now, he's been working up the nerve to have a talk with Jormag. Not sure why he asked me to come along—hand-holding's more your thing. But I won't say no to a friend.

Just so you know. In case you wanted to join.

—Rytlock","Эй, командир,

Я направляюсь в Eye of the North с Брейхамом. Он уже какое-то время собирается с духом поговорить с Йормагом. Не знаю, зачем он позвал меня, — держать за руку это больше по твоей части. Но другу я не откажу.

Просто чтобы ты знал. Вдруг захочешь присоединиться.

—Ритлок"
"Hey, Commander,

Long time no see. Got a favor to ask. Since we're done dealing in demons (thank gods), I thought I'd give the whole Red Duck Teahouse get-together another go.

Fine, I'll level with you. Truth is, I asked Min to dinner at the teahouse. But the closer it gets, the more I worry I'll screw the whole thing up.

For as much BS as you all drag me into, I think having a few friends there would help things go a lot smoother. Gorrik and Taimi have already agreed to show. If you wouldn't mind swinging by for a bit, I'd appreciate it.

Hopefully see you soon,
Rama","Эй, командир,

Давно не виделись. Есть просьба. Раз уж с демонами покончено (слава богам), я решил ещё раз попробовать собраться в чайной «Красная Утка».

Ладно, начистоту. Правда в том, что я позвал Мин на ужин в чайную. И чем ближе срок, тем сильнее боюсь всё испортить.

За всё то, во что вы меня втягиваете, думаю, пара друзей рядом помогла бы делу пойти глаже. Горрик и Тайми уже согласились прийти. Если заглянешь ненадолго, буду признателен.

Надеюсь, скоро увидимся,
Рама"
"Hi there...again! Look at me, writing another letter. First off, thanks again for helping out at my camp. I'm glad you're such a helpful person, because I need your help again now that you've got a skimmer to help you get around.

I've attached a note to this letter. Take it to Ebele, please. It contains information on Forged and Awakened troop movements. We've used it to keep our food shipments safe. Hopefully, Ebele can use it for her exiles.

We all need to survive out here, and we have common enemies. The more we can do to help each other, the stronger we'll all be.

—Ardra","Привет... снова! Смотри-ка, пишу ещё одно письмо. Во-первых, ещё раз спасибо за помощь в моём лагере. Рада, что ты такой отзывчивый, потому что помощь нужна мне снова — теперь, когда у тебя есть скиммер для передвижения.

К письму приложена записка. Отнеси её, пожалуйста, Эбеле. В ней сведения о передвижениях Кованых и Пробуждённых. Мы пользовались ими, чтобы уберечь поставки еды. Надеюсь, Эбеле пригодится для её изгнанников.

Нам всем надо здесь выжить, и враги у нас общие. Чем больше мы помогаем друг другу, тем сильнее будем все.

—Ардра"
"Hides the energy of the left Eikasia, Mists-Grasper hand.
+5 Power
+9 Agony Resistance","Скрывает энергию левой руки «Эйкасия, Хватающая Туманы».
+5 к Силе
+9 к сопротивлению агонии"
Hierro,Иерро
Historia destrozada,Разрушенная история
"Hold to hover using the turtle's jump jets.

Applies burning to nearby enemies.","Удерживайте, чтобы зависнуть, используя реактивные ускорители черепахи.

Накладывает горение на ближайших врагов."
"Holding down the security of the fractals best we can; ward is stretched thin. All of your aid, from the smallest task to the most severe, only helps us. Thank you for that.

Once you banished the demon, my attention was drawn to a peculiar object on the ground. It doesn't look like any playing card I've ever seen, but I think you may find it interesting nonetheless.

I will continue to keep R'tchikk safe from harm. Take care of yourself in return.","Мы делаем всё возможное, чтобы поддерживать безопасность фракталов; защита на пределе. Любая ваша помощь, от мельчайшего задания до самого серьёзного, помогает нам. Спасибо за это.

Когда вы изгнали демона, моё внимание привлёк странный предмет на земле. Он не похож ни на одну игральную карту, которую я когда-либо видел, но, думаю, он может вас заинтересовать.

Я продолжу защищать Р'тчикка от опасностей. Берегите себя."
"I almost forgot to write you! It's so busy here. But I was taught to always send a thank-you letter when someone does something nice, and I think I remembered in time. Hope it's not late!

Thank you very much for helping out at my stable. Come see me, and I'll sell you a springer saddle so you can have a springer of your own!

—Unja","Я чуть не забыл написать тебе! Здесь так занято. Но меня учили всегда отправлять благодарственное письмо, когда кто-то делает что-то хорошее, и, кажется, я вспомнил вовремя. Надеюсь, не опоздал!

Большое спасибо за помощь на моей конюшне. Приходи ко мне, и я продам тебе седло для спрингера, чтобы ты мог завести своего собственного спрингера!

—Унджа"
"I am writing to pass along to you the enormous gratitude of the villagers of Smokestead for your recent help. Your efforts in aiding our attempts to regain control of the vineyards outside Smokestead Village were an inspiration to those of us who were beginning to weary of the seemingly endless conflict. 

Because of your help, we now feel safe enough to continue our search for an answer to the ghost problem that afflicts this area. When we succeed, I will make certain that your part in the victory is well known. 

—Bryllana Deepmind","Я пишу, чтобы передать вам огромную благодарность жителей Смоукстеда за вашу недавнюю помощь. Ваши усилия по оказанию содействия нашим попыткам вернуть контроль над виноградниками за пределами деревни Смоукстед вдохновили тех из нас, кто уже начал уставать от, казалось бы, бесконечного конфликта.

Благодаря вашей помощи мы теперь чувствуем себя достаточно безопасно, чтобы продолжить поиски решения проблемы призраков, которая мучает эту местность. Когда мы добьёмся успеха, я позабочусь о том, чтобы ваша роль в победе была широко известна.

—Bryllana Deepmind"
"I am writing to thank you for your much-needed aid as we have finally made some advances against the ogres that have plagued our citizens. Your efforts were crucial to our attempt to drive the ogre scourge from the Cadem Forest. We have been able to build on the momentum which you helped provide, and hope to soon be rid of this menace forever. 

Thank you again.

—Androchus the Hidden","Я пишу, чтобы поблагодарить вас за вашу столь необходимую помощь, поскольку мы наконец добились некоторых успехов в борьбе с ограми, которые досаждали нашим гражданам. Ваши усилия были решающими для нашей попытки изгнать нашествие огров из Кадемского леса. Мы смогли развить импульс, который вы помогли создать, и надеемся вскоре навсегда избавиться от этой угрозы.

Ещё раз спасибо.

—Андрох Скрытый"
"I came up for air and noticed that the Corsair base is in disarray. Good job. I'd advise you not to linger, in case they catch onto what you've been doing over there.

—Agent Carter, Order of Whispers","Я вынырнул на поверхность и заметил, что база корсаров в полном хаосе. Отличная работа. Советую не задерживаться, если они не догадаются, чем вы там занимались.

— Agent Carter, Order of Whispers"
"I chose not to record my thoughts yesterday. Had I done so, it would have been a fruitless and vain exercise in self-indulgence, unbefitting a candidate for Divitium Nava. Yet I feel I must make an attempt, as I committed to documenting my pilgrimage no matter what.

Mentor Sidony asked me during the tenth hour of the morning if I was prepared to enter the trial chamber. I told him, ""With certainty, I am not ready."" The look on his face felt like claws digging at the edges of my essence, prying it from beneath my flesh, exposing my weakness for all to see.

I know I am not alone in my trepidation. In my research, I had read of candidates taking up to eight weeks of mental and physical preparation before entering the trials. Candidate Xintri, one of the more empathetic members of our cohort, found me hiding alone among the labyrinthine rooms at the base of the temple's southern garden. She told me that her matron spent twenty-three days at the temple before attempting the trials.

I know she was trying to reassure me, but her words had the opposite effect, and I fled to find solace in the jungle east of the temple, at the Dome of the Indelible Word. There, I stewed in my own loathsome thoughts until the sun set and the stars led me back to my bedroll.","Я решил не записывать свои мысли вчера. Если бы я это сделал, это было бы бесполезным и тщеславным упражнением в самолюбовании, недостойным кандидата в Divitium Nava. Но я чувствую, что должен попытаться, так как я обязался документировать своё паломничество, несмотря ни на что.

Наставник Сидони спросил меня в десятом часу утра, готов ли я войти в испытательную камеру. Я ответил ему: «Уверен, что не готов». Выражение его лица было похоже на когти, впивающиеся в края моей сущности, вырывающие её из-под плоти, обнажающие мою слабость для всех.

Я знаю, что не одинок в своей тревоге. В своих исследованиях я читал, что кандидаты тратят до восьми недель на умственную и физическую подготовку перед вступлением в испытания. Кандидат Ксинтри, одна из самых чутких в нашей группе, нашла меня прячущимся в одиночестве среди лабиринтов комнат у подножия южного сада храма. Она сказала мне, что её наставница провела двадцать три дня в храме, прежде чем попытаться пройти испытания.

Я знаю, она пыталась меня успокоить, но её слова возымели обратный эффект, и я убежал искать утешения в джунглях к востоку от храма, в Куполе Неизгладимого Слова. Там я варился в своих отвратительных мыслях, пока не зашло солнце и звёзды не привели меня обратно к моей постели."
"I confess, when I gave you that advice about building your legend, I wasn't expecting to hear from you again. Imagine my surprise when the locals started trading tales about you performing great deeds. 

With ambition like that, I doubt this will be the last I hear of you. It made me proud to have played even a small part in your story.

—Shengra","Признаюсь, когда я давал вам тот совет о создании легенды, я не ожидал снова о вас услышать. Каково же было моё удивление, когда местные жители начали рассказывать истории о ваших великих деяниях.

С таким честолюбием я сомневаюсь, что это последний раз, когда я о вас слышу. Я горжусь тем, что сыграл хотя бы маленькую роль в вашей истории.

— Шенгра"
"I don't recognize this place. Not anymore.

The Nahpui Quarter was my home, once... Now it smells like rotting flesh, piled high in the hull of a ship. It stood long enough for us to escape. Now it's filled with our...dead. Our families. Our people. Walking like they still live, and yet... I hope we're not facing another Affliction.

The rebuilding of Kaineng will start just to the south of here; a land filled with naga and a thousand other beasts. We'll work our way down from there, gutting the old swamp until it resembles something livable. That's the plan, at least.

An old recycling facility remains on the border of Old Kaineng (""Old"" being a peculiar word to write or say aloud). Once we've cleared it of the ""Risen,"" Officer Jimin wants to use it to build weapons.

Researcher Doh Taelin, Ministry of Archives, 1729 CC","Я не узнаю это место. Больше нет.

Квартал Напхуи когда-то был моим домом... Теперь он пахнет гниющей плотью, наваленной в трюме корабля. Он простоял достаточно долго, чтобы мы могли сбежать. Теперь он заполнен нашими... мертвецами. Нашими семьями. Нашим народом. Они ходят, как будто всё ещё живы, и всё же... Надеюсь, мы не столкнёмся с очередной Напастью.

Восстановление Каиненга начнётся к югу отсюда; земля, кишащая нагами и тысячей других тварей. Мы будем продвигаться оттуда вниз, вычищая старое болото, пока оно не станет пригодным для жизни. По крайней мере, таков план.

На границе Старого Каиненга (""Старый"" — странное слово для письма или произнесения вслух) осталось старое предприятие по переработке. Как только мы очистим его от ""Восставших"", офицер Джимин хочет использовать его для создания оружия.

Исследователь Doh Taelin, Ministry of Archives, 1729 CC"
"I don't use the word ""hero"" often, but you've earned it for keeping the roads safe and aiding those who live in these snow-covered hills. I wish you the safest and most productive of trips into the unknown.

—Lionscout Mabil","Я не часто использую слово «герой», но вы заслужили его, обеспечивая безопасность дорог и помогая тем, кто живёт в этих заснеженных холмах. Желаю вам самого безопасного и продуктивного путешествия в неизведанное.

—Lionscout Mabil"
"I found this place, a hidden grave, wallowing beneath the seas. I add you here, amongst a crew of a solemn few. I know not their names, nor if they held any fame.  
  
Friend—know I loved you, too.","Я нашёл это место — скрытую могилу в пучине морской. Кладу тебя здесь, средь команды немногих безмолвных. Имён их не знаю, ни славы, что были достойны.

Друг, знай: тебя я тоже любил."
"I hauled myself up, swatting pinching creatures off me, squinting in the moonlight. Crabs. Everywhere. A body lay near my feet. Sobbing, I struggled to heave Margot off the sand. I could just make out the dark shapes of others who'd washed ashore, coughing, sputtering, kicking at the skittering crustaceans.  
  
A low, booming rumble from the clifftops above shook the beach. Then another.  
  
""Margot... What was that?""  
  
Margot stood limply, slack-jawed. BOOM! Darkness enveloped the beach, an impossibly vast silhouette blotting out the night sky.  
  
A great shadow lanced down from the clifftop like black lightning. Screams echoed off the rock walls ahead.  
  
""We're going to die. Margot. Margot!""  
  
Just then, a strange, round shape shuffled by, ambling TOWARD the cliff. Its green-tufted head turned, looked back at me and Margot, and then seemed to disappear into the rock wall.  
  
I slapped Margot full in the face, jolting her awake.  
  
""RUN!""  
  
BOOM! More screaming. Shadows arced skyward. Something bounced off my shoulder with a wet thud—a severed arm? A foot?  
  
I sprinted toward the rock wall, dragging Margot—or was she dragging me now?—legs burning, blood rushing.  
  
We reached the wall, tumbling forward into complete darkness. I could go no further. We lay in silence, lungs on fire. The booming stopped. My eyes slid closed.","Я поднялся, смахивая с себя щиплющих тварей, щурясь в лунном свете. Крабы. Повсюду. У моих ног лежало тело. Рыдая, я с трудом стащил Марго с песка. Я едва различал тёмные силуэты других, выброшенных на берег, кашляющих, отплевывающихся, пинающих снующих ракообразных.  
  
Низкий, гулкий грохот с вершин утесов сотряс пляж. Затем ещё один.  
  
«Марго... Что это было?»  
  
Марго стояла безвольно, с отвисшей челюстью. БУМ! Тьма окутала пляж, невероятно огромный силуэт затмил ночное небо.  
  
Великая тень метнулась с вершины утеса, словно чёрная молния. Крики эхом отразились от скальных стен впереди.  
  
«Мы умрем. Марго. Марго!»  
  
В этот момент мимо проковыляла странная круглая фигура, направляясь К утесу. Её зеленохохлая голова повернулась, оглянулась на меня и Марго, а затем, казалось, исчезла в скальной стене.  
  
Я со всей силы ударил Марго по лицу, приводя её в чувство.  
  
«БЕГИ!»  
  
БУМ! Ещё крики. Тени взметнулись в небо. Что-то ударилось о мое плечо с влажным стуком — оторванная рука? Нога?  
  
Я бросился к скальной стене, таща Марго — или теперь она тащила меня? — ноги горят, кровь стучит в ушах.  
  
Мы добрались до стены, рухнув вперёд в полную темноту. Я не мог идти дальше. Мы лежали в тишине, лёгкие горят. Грохот прекратился. Мои глаза закрылись."
"I have to admit it: you were a bit of a help with the Lionsroad detour through jotun lands. 

I acknowledge and honor your efforts.

—Lionguard Nadel","Должен признать: ты немного помог с объездом Львиной дороги через земли ётунов. 

Я признаю и чту твои усилия.

—Lionguard Nadel"
"I heard about your adventures in hylek territory. Congratulations on recruiting them to our cause—their brute strength and alchemical knowledge will be an asset against the Elder Dragons.
Don't dwell on losing the hylek village—homes can be rebuilt. The important thing is that you saved lives and secured their help.
As for me, I'm heading to our old friend Caudecus's estate to support Queen Jennah as she meets with the charr ambassador. There's a chance Zojja may be there, but I don't expect a joyful Destiny's Edge reunion. In fact, I'll be lucky if she doesn't punch me in the knees.
Keep up the good work,
—Logan","Я слышал о твоих приключениях на территории хилек. Поздравляю с вербовкой их в наше дело — их грубая сила и алхимические знания будут преимуществом в борьбе со Старшими Драконами.
Не зацикливайся на потере деревни хилек — дома можно отстроить заново. Важно то, что ты спас жизни и заручился их помощью.
Что касается меня, я направляюсь в поместье нашего старого друга Кодекса, чтобы поддержать королеву Дженну на встрече с послом чаров. Есть шанс, что Зойя будет там, но я не ожидаю радостного воссоединения Края Судьбы. По правде говоря, мне повезёт, если она не ударит меня по коленям.
Продолжай в том же духе,
—Логан"
"I remember the summer flowers that you placed in your hair
The way you danced as we waded through viridian seas
The joyful smiles of hearts that you touched
As we passed through, from one adventure to the next

When the days grew shorter and the leaves began to change
You fought fiercely to hold on to the light of the sun
To dance in its warm and loving embrace
And inspire others to do the same, seize the day

As the cold settled in, you would draw a flame to warm our hearts
And you gathered us, leaving our sorrow and worries behind
To sit in the light of our own personal stars
A sea of radiance, but none as bright as you

Then would come your favorite day, winter giving way to spring
And just like flowers in bloom, you'd flourish
With all your colors brightly shining through
An infectious vibrance, a love for life unmatched

Seasons changed, as years passed by, I watched your light begin to fade
Your mortal vessel, worn and weathered, our universal fate
But you held on tight to hope, to dreams of journeys still to come
One last dance around the sun, an epilogue, to say good-bye.

And so you saw the joy of summer, and watched the setting crimson sun
Standing with sand between your toes, as waves washed over
The ocean's rhythm in time with the beat of your drum
A beautiful symphony of soul and nature entwined

You breathed in crisp autumn air, and listened to the world go by
Sitting among the falling leaves, a sign of what's to come
Yet even in their final days, they held their color, their vibrant hues
And danced upon the breeze with a worldly grace, unmatched

The chill of winter rolled in, a cold felt deep within your bones
Lying down to see the stars abound, the clear night sky
Thinking back on years gone by, of joy and pain, of love and loss
Wondering what it's like to join the stars, in universal harmony

Then it came, your favorite day, winter giving way to spring
Resting from a lifetime of adventure, one last dance, complete
You close your eyes, listening to the sounds of nature
Your favorite song, the song of the world.","Я помню летние цветы, что ты вплетала в волосы
Как ты танцевала, когда мы бродили по изумрудным морям
Радостные улыбки сердец, которых ты коснулась
Когда мы проходили от одного приключения к другому

Когда дни стали короче, а листья начали меняться
Ты яростно боролась, чтобы удержать свет солнца
Чтобы танцевать в его тёплых и любящих объятиях
И вдохновлять других делать то же самое, ловить момент

Когда наступил холод, ты зажигала пламя, чтобы согреть наши сердца
И ты собирала нас, оставляя позади печали и тревоги
Чтобы сидеть в свете наших личных звёзд
Море сияния, но никто не был так ярок, как ты

Затем наступал твой любимый день, зима уступала весне
И, как цветы в расцвете, ты расцветала
Всеми своими красками ярко сияя
Заразительная живость, непревзойдённая любовь к жизни

Сезоны менялись, годы проходили, я видел, как твой свет начал угасать
Твой смертный сосуд, изношенный и обветренный, наша всеобщая судьба
Но ты крепко держалась за надежду, за мечты о грядущих путешествиях
Последний танец вокруг солнца, эпилог, чтобы попрощаться.

И ты увидела радость лета, и смотрела на багровый закат
Стоя с песком между пальцами ног, когда волны омывали
Ритм океана в такт с биением твоего барабана
Прекрасная симфония души и природы, переплетённых

Ты вдыхала свежий осенний воздух и слушала, как мир проходит мимо
Сидя среди падающих листьев, знак того, что грядёт
Но даже в свои последние дни они сохраняли свой цвет, свои яркие оттенки
И танцевали на ветру с мирской грацией, непревзойдённой

Холод зимы накатил, холод, ощутимый глубоко в костях
Лёжа, чтобы увидеть звёзды в изобилии, ясное ночное небо
Вспоминая минувшие годы, радость и боль, любовь и потерю
Задумываясь, каково это — присоединиться к звёздам, во вселенской гармонии

Затем наступил твой любимый день, зима уступает весне
Отдыхая от жизни, полной приключений, последний танец завершён
Ты закрываешь глаза, слушая звуки природы
Твою любимую песню, песню мира."
"I write with shaking hands, with sweat still beading upon my brow. I wish to convey every detail of my exquisite experience within the trial chamber. And yet...I find that I cannot muster the words.

They are wholly inadequate.

When I asked Mentor Sidony how long I was in the chamber, he told me (with what appeared to almost be a smile) that the time was just over forty-two hours. Yet it seemed as though it was not even thirty minutes.

The eleven trials themselves were...unlike anything I could have envisioned. I cannot begin...

No good can come from trying to express them with mere language. I now understand why so few of my people attempted to document their experiences within the trial chambers. To do so would...tarnish the existential joy...

There is simply nothing more to say.

I return home on the morrow, when the sun rises. I leave these notes behind. They are artifacts of my former life, and as such, inconsequential.","Я пишу дрожащими руками, пот всё ещё выступает на моём лбу. Я хочу передать каждую деталь моего изысканного опыта в испытательной камере. И всё же... я обнаруживаю, что не могу подобрать слов.

Они совершенно неадекватны.

Когда я спросил наставника Сидони, как долго я был в камере, он сказал мне (с тем, что почти можно было назвать улыбкой), что прошло чуть больше сорока двух часов. Однако казалось, что прошло не более тридцати минут.

Сами одиннадцать испытаний были... не похожи ни на что, что я мог себе представить. Я не могу начать...

Ничего хорошего не выйдёт из попытки выразить их простым языком. Теперь я понимаю, почему так мало моих людей пытались задокументировать свой опыт в испытательных камерах. Сделать это означало бы... запятнать экзистенциальную радость...

Просто больше нечего сказать.

Я возвращаюсь домой завтра, когда взойдёт солнце. Я оставляю эти записи позади. Они — артефакты моей прежней жизни и, как таковые, незначительны."
"I'm bringing in more supplies from Elona, specifically the Garden of Seborhin. Here is the list of inventory on our incoming ship. The majority is supplies for both the refugees and the alliance's efforts against the titans.  


5 tons of gold from my personal fortune
70 crates of clothing for the refugees
300 pounds of salted meats


I wish I could do more to help directly. For now, I'll be speaking with the council here in Lion's Arch soon about what they need.  


If you want to speak with me directly, I'm overseeing the ships near the docks.
—Alden Wamser","Я доставляю больше припасов из Элоны, конкретно из Сада Себорин. Вот список груза на нашем прибывающем корабле. Большая часть — припасы как для беженцев, так и для усилий альянса против титанов.  


5 тонн золота из моего личного состояния
70 ящиков одежды для беженцев
300 фунтов солёного мяса


Хотел бы я сделать больше, чтобы помочь напрямую. Пока что я скоро буду говорить с советом здесь, в Lion's Arch, о том, что им нужно.  


Если хотите поговорить со мной лично, я присматриваю за кораблями у доков.
—Алден Вамсер"
"I've been getting fewer reports of trouble in the swamp recently, and I suspect you're responsible. It's still dangerous here, but I'm grateful for all your help. You've saved a lot of grief for a lot of people. 

Good luck!
—Lionguard Cern","В последнее время я получаю меньше сообщений о неприятностях в болоте, и подозреваю, что это твоя заслуга. Там всё ещё опасно, но я благодарен за всю твою помощь. Ты избавил многих людей от многих страданий.

Удачи!
—Lionguard Cern"
"I've been noticing a lot of new faces around. It seems like we've got ourselves a batch of recent arrivals to Tyria, and as every good soldier knows, it's bad luck to waste a potential resource.

There's strength in numbers, and from what I hear, recruiting these folks could really help to boost the influence of any guild that welcomes them in. Besides, you never know when a new ally might come in handy. With all the recent mayhem—Tequatl going berserk, the Toxic Alliance, and all the Scarlet craziness—I know I'd feel better having as many friends around as possible.

—Rox","Я замечаю много новых лиц вокруг. Похоже, у нас объявилась партия новоприбывших в Тирию, и, как знает каждый хороший солдат, пускать впустую потенциальный ресурс — плохая примета.

В единении сила, и, насколько я слышал, вербовка этих людей может серьёзно повысить влияние любой гильдии, которая их примет. К тому же никогда не знаешь, когда новый союзник может пригодиться. После всех этих недавних бесчинств — бешенства Текватля, Токсического Альянса и всего безумства Скарлетт — я точно чувствовал бы себя спокойнее, имея как можно больше друзей рядом.

—Рокс"
"I've been tracking the non-dredge allied members of the Flame Legion, as requested. It doesn't look like all of them are on board with this...thing. Whatever it is.  
  
Tribune Efram Greetsglory is especially outspoken about his disapproval. He's been moving a lot on his own. I followed him out of their camp the other night—had a younger cub with him. They traveled to the edge of Buloh Crossing to meet with someone. Charr. Didn't recognize their face, but they didn't look like Flame Legion either. I couldn't get close enough to hear what they were talking about, but they both seemed uneasy.  
  
The other charr took off with the cub, and Efram returned to camp. Hasn't left since, but I've got eyes on him. Trying to figure out the cub's identity and location, too. I think they went further north.  
  
I'll let you know if anything suspect happens. I'm meeting with Crecia Stoneglow in two moons—maybe leave that part out of your report to Rytlock. I'll include any intel she has for us.  
  
Morva Baeldancer","Я отслеживаю союзников Flame Legion, не принадлежащих к дредгаутам, как и было прощено. Похоже, не все из них в восторге от этой... штуки. Чем бы она ни была.

Трибун Эфрам Славопривет особенно громко выражает своё неодобрение. Он много передвигался в одиночку. На днях я проследил за ним из лагеря — с ним был молодой детёныш. Они отправились на окраину Булонской Переправы, чтобы встретиться с кем-то. Чарр. Я не узнал лица, но он тоже не выглядел как из Flame Legion. Я не смог подобраться достаточно близко, чтобы услышать, о чём они говорили, но оба казались встревоженными.

Другой чарр ушёл с детёнышем, а Эфрам вернулся в лагерь. С тех пор не уходил, но я за ним присматриваю. Также пытаюсь выяснить личность и местоположение детёныша. Думаю, они ушли дальше на север.

Я дам знать, если произойдёт что-то подозрительное. Через два месяца встречаюсь с Кресией Камнесияр. Может, эту часть опустишь в своём докладе Райтлоку. Я включу любые разведданные, которые она для нас добудет.

Морва Танцующая с Бурей"
"I've been with the Astral Ward for a while and I still can't believe what I'm seeing. I knew that the wizards created fractals to observe the circumstances of our actions, but to see them HERE. In Tyria. Realized. It should be a scientist's dream, but...  

I'm with Lyhr and Frode at Droknar's Forge today. Lyhr is in shock. He didn't realize this was a fractal. His home. Dwarves who aren't made of stone... Why would Isgarren want to study this, and not tell him? How long as this fractal been active? I have so many questions... There aren't many left in the ""real world."" I don't know if this is a marvel or a miracle, but Lyhr isn't thrilled.  

I wonder how it must be to live in a false reality, yet still believe you actually exist. But...they DO actually exist. At least they do now. There are all sorts of moral implications that I can barely fathom...","Я уже некоторое время в Astral Ward, но до сих пор не могу поверить в то, что вижу. Я знал, что волшебники создают фракталы для наблюдения за последствиями наших действий, но увидеть их ЗДЕСЬ. В Тирии. Воплощёнными. Это должно быть мечтой учёного, но...

Сегодня я с Лайром и Фроде в Кузнице Дрокнара. Лайр в шоке. Он не знал, что это фрактал. Его дом. Дворфы, которые не из камня... Зачем Изгаррену изучать это и не говорить ему? Как долго этот фрактал активен? У меня столько вопросов... В «реальном мире» осталось не так много людей. Не знаю, диво это или чудо, но Лайр не в восторге.

Интересно, каково это — жить в ложной реальности, но всё равно верить, что ты существуешь. Но... они ДЕЙСТВИТЕЛЬНО существуют. По крайней мере, сейчас. Тут столько моральных аспектов, которые я едва могу осмыслить..."
"I've taken refuge beneath a tower on the western bluff. I've tried to observe the differences between the nearby large and small extractors. The smaller towers appear to have weak points that could be exploited by air, where the larger extractor seems fortified against conventional methods of attack and might require a more indirect means of assault.  
  
Perhaps the larger pool feeds the extractor? Or it needs to be fortified because of the greater resources it feeds on? They appear organic, but it's unclear if they are grown or simply placed by the Kryptis.  
  
Frankly, I've had a hard time with any further analysis—there is a cacophony in the tower above, and at first I thought that perhaps I'd stumbled across an escape route. The lordling above, an apprentice of some sort, ceaselessly rattles on about creating a portal to—of all places—the Wizard's Tower!  
  
I came to realize in short order that the chance of this self-important novice achieving such a feat was nil. My hopes were dashed and my thoughts addled from his carrying on. I will move to the northeast in search of a way out of this predicament—or, if nothing else, to report on any significance the area may have.  
  
—Operative Selly","Я укрылся под башней на западном утесе. Я пытался заметить различия между большими и малыми экстракторами поблизости. Малые башни, похоже, имеют уязвимые места, которые можно атаковать с воздуха, тогда как большой экстрактор кажется укреплённым против обычных методов атаки и может потребовать более косвенного подхода.  
  
Возможно, большой резервуар питает экстрактор? Или его нужно укреплять из-за больших ресурсов, которыми он питается? Они кажутся органическими, но неясно, выращены они или просто установлены криптисами.  
  
Честно говоря, мне было трудно продолжать анализ — в башне наверху стоит какофония, и сначала я подумал, что, возможно, наткнулся на путь к бегству. Молодой лордик наверху, некий ученик, без умолку тараторит о создании портала в — и надо же — в Башню Чародея!  
  
Я быстро понял, что шансы этого самоуверенного новичка на успех равны нулю. Мои надежды рухнули, а мысли помутились от его болтовни. Я двинусь на северо-восток в поисках выхода из этой ситуации — или, по крайней мере, чтобы доложить о возможной значимости этой области.  
  
—Оперативник Сэлли"
"I,  
  
Your letter finds me well enough, although Elona this time of year is a bit hot for my liking. I suppose that may change soon enough, should events continue to play out as they have.  
  
I am left ill at ease by the threat of Nightfall. Your orders are clear, but the choice to remain neutral has given no small few of our number pause. I confess, the deaths of so many do not sit right with me. We were prepared to defend Tyria from Eparch; is a threat from Abaddon not equally dire, given all that's unfolded in recent years?  
  
More details to follow.  

—M  

---  
  
M,  
  
The two are entirely different. Eparch is our responsibility. My responsibility. We ignore him not just at our peril, but at the peril of innocents. That bloated parasite would devour all of Tyria if he thought it might recapture our attention.  
  
But this threat is not of Eparch's design, and the misdemeanors of the Six are not ours to manage. From the moment they arrived, they've caused nothing but trouble. Such power should have never been given to those who wield it so lightly.  
  
As for our current predicament—he may thrash against the bars, but Abaddon won't find any easy means of escape. More to the point, he possesses a singular talent for fouling his own nest. Given time, it will reveal itself.  
  
—I  
  
---
  
I,  
  
You know I trust in your judgment.  
  
We must hope, then, that time comes sooner rather than later.  
  
—M","Я,  
  
Твоё письмо застало меня в порядке, хотя в Элоне в это время года для меня слишком жарко. Полагаю, это может скоро измениться, если события продолжат развиваться.  
  
Меня тревожит угроза Сумерек. Твои приказы ясны, но решение сохранять нейтралитет заставило многих из нас задуматься. Признаюсь, смерть стольких людей не даёт мне покоя. Мы были готовы защищать Тирию от Эпарха; неужели угроза от Абаддона не столь же серьёзна, учитывая всё, что произошло за последние годы?  
  
Подробности позже.  
  
—М  
  
---  
  
М,  
  
Эти две вещи совершенно различны. Эпарх — наша ответственность. Моя ответственность. Мы игнорируем его не только на свой страх и риск, но и на риск невинных. Этот раздутый паразит пожрал бы всю Тирию, если бы подумал, что это снова привлечёт наше внимание.  
  
Но эта угроза не от Эпарха, и проступки Шестерых — не наша забота. С момента их появления они причиняли одни неприятности. Такая сила никогда не должна была быть дана тем, кто так легкомысленно ей пользуется.  
  
Что касается нашей текущей ситуации — он может биться о прутья, но Абаддон не найдёт лёгкого способа сбежать. Более того, у него есть особый талант портить собственное гнездо. Со временем это проявится.  
  
—Я  
  
---  
  
Я,  
  
Ты знаешь, я доверяю твоему суждению.  
  
Будем надеяться, что это время наступит скорее, чем позже.  
  
—М"
"If you're done being altruistic, we need you at the Snaff Prize! The College of Dynamics is counting on our Massively Impressive Golem (MIG) to win. Our demonstration is going to make the judges' heads explode in amazement...but only if you're here to help your krewe to victory. We're at Battleground Plaza...what are you waiting for? Get over here!
—Hronk, Genius","Если ты закончил с альтруизмом, ты нужен нам на Призе Снаффа! Колледж Динамики рассчитывает, что наш Массово Впечатляющий Голем (МВГ) победит. Наша демонстрация заставит головы судей взорваться от изумления... но только если ты поможешь своей команде одержать победу. Мы на Площади Сражений... чего ты ждешь? Приходи скорее!
— Хронк, Гений"
Ihr seid von Moorgerüchen umgeben und hört von weit oben das leise Knurren von Kriegsklauen.,Вы окружены болотными запахами и слышите тихое рычание боевых когтей откуда-то сверху.
In Truhen in der Janthir-Wildnis gefunden oder vom Handelsposten erworben.,"В сундуках, найденных в дебрях Джантира или приобретенных на торговом посту."
"In a time when our very thoughts and feelings fuel the forces against us, there is no better weapon than a mind freed from unwanted emotion.  
  
In my upcoming session, we will practice the liberation of our choices from the effects of negative emotions through a three-step process:  
  
RECOGNIZE  
your ownership of the feelings and emotions influencing your mindset and decision-making.  
  
REFLECT  
on circumstances both in and out of your control that have led to your emotional state; embrace experience without reaction.  

RELEASE  
those feelings rather than choosing to hold on to them, allowing for thought processes unfettered from negative emotional influence.  

All are invited to accompany me on my continuing meditative journey into mind-state mastery.  

Join me, your friend and emotional guide Gol, for an inter-bastion gathering at Nature's Shore Meditation Circle.  
  
Better yourself. Starve your enemies.","Во времена, когда наши мысли и чувства подпитывают силы, выступающие против нас, нет лучшего оружия, чем разум, освобожденный от нежелательных эмоций.  
  
На предстоящем занятии мы попрактикуем освобождение нашего выбора от влияния негативных эмоций с помощью трехэтапного процесса:  
  
ОСОЗНАЙТЕ  
свою причастность к чувствам и эмоциям, влияющим на ваше мышление и принятие решений.  
  
ОБДУМАЙТЕ  
обстоятельства, как подвластные, так и неподвластные вашему контролю, которые привели к вашему эмоциональному состоянию; примите опыт без реакции.  

ОТПУСТИТЕ  
эти чувства, вместо того чтобы цепляться за них, позволяя мыслительным процессам протекать без помех со стороны негативного эмоционального влияния.  

Все приглашаются присоединиться ко мне в моем продолжающемся медитативном путешествии к овладению состоянием ума.  

Присоединяйтесь ко мне, вашему другу и эмоциональному проводнику Голу, на межбастионную встречу в Медитационном круге «Берег природы».  
  
Совершенствуйте себя. Морите голодом своих врагов."
"In memory of the lives lost during the Crimson Battle at Haiju Lagoon.

This plaque was placed by the Ministry of Archives to improve education efforts following the collapse of the Ministry of Purity.","В память о жизнях, потерянных в Багровой битве у лагуны Хайдзю.

Эта табличка установлена Министерством архивов ради улучшения просвещения после распада Ministry of Purity."
"In recognition of your exemplary performance to date, your legion has promoted you to centurion. Congratulations, soldier.
But don't celebrate too hard. This isn't a ceremonial promotion: higher rank means higher expectations, more responsibility, and more important duties.
Starting now: I have your first assignment waiting. Report to me in my office as soon as possible for your orders.
On a more personal note, let me say how glad I am to have another fighting soldier among the brass. Welcome aboard.
—Rytlock Brimstone, Blood Legion Tribune","В знак признания твоих образцовых заслуг легион произвёл тебя в центурионы. Поздравляю, солдат.
Но не празднуй слишком бурно. Это не парадное повышение: чин выше — значит выше и спрос, больше ответственности и важнее обязанности.
С этой минуты: у меня уже готово твоё первое поручение. Явись ко мне в кабинет за приказами как можно скорее.
И от себя лично: скажу, до чего я рад видеть среди начальства ещё одного настоящего бойца. Добро пожаловать.
—Rytlock Brimstone, трибун Blood Legion"
"In the murk, the Bog Queen stirs.  
Her hands and teeth nip at your fur.  
Don't let her voice into your thoughts,   
Or else her screams shall make them rot.  
   
So plug your ears and clean your paws,  
Don't let her pick apart your flaws.  
You draw your spear, she'll hide beneath.  
Steady now—she'll sense your heat.  
   
So long as dead shall fail to rise,  
That wicked queen bears no surprise.  
Listen close, don't say a word.  
Valravn alone know what you heard.  
   
Now close your eyes, and she'll be gone,  
Back to the bog—just wait for dawn.","В хмари Королева Топи ждёт.
Её рука и зуб твой мех рванёт.
Не пускай её голос в мысли свои,
Иначе крик её сгноит их изнутри.

Так заткни же уши и лапы отмой,
Не давай ей выискивать промах любой.
Ты поднял копьё — она нырнёт на дно.
Тише, тише: тепло твоё ей видно.

Покуда мёртвым не восставать из мглы,
Не страшны той злой королевы углы.
Слушай пристально, не говори ни слова.
Лишь валравны знают, что ты услышал снова.

А теперь закрой глаза — и её не станет,
Прочь в болото. Просто жди, пока рассвет настанет."
"In which His Royal Madness, yet but a boy
<c=@flavor>—Dig deep in the muck,' where all the garbage of Lion''s Arch flows. (Site #1)'
—Find Provernic,' where the first king''s bones rot in the hills. (Site #5)</c>'","В котором Его Королевское Безумие, ещё будучи мальчиком
<c=@flavor>—Ройся глубоко в грязи, где течет весь мусор Львиного Шпиля. (Место №1)'
—Найди Проверника, где гниют кости первого короля на холмах. (Место №5)</c>'"
Incinerada,Инцинерада
"Increase experience gain from kills by 15%%.
Increase gold gain from kills by 15%%. 
Increase chance to loot rare items by 15%%. 
Increase karma gain by 15%%. 
Increase chance to find rare materials from mining, logging, and harvesting by 15%%.
Does not stack with other guild banner enhancements.","Увеличивает получаемый опыт за убийства на 15%%.
Увеличивает количество золота, получаемого за убийства, на 15%%.
Увеличивает шанс получения редких предметов на 15%%.
Увеличивает получаемую карму на 15%%.
Увеличивает шанс найти редкие материалы при добыче руды, древесины и сборе ресурсов на 15%%.
Не суммируется с другими улучшениями от гильд-флага."
"Increase movement speed by 15%%.
<c=@reminder>Will be removed if you enter competitive PvP or a raid.</c>","Увеличить скорость передвижения на 15%%.
<c=@reminder>Будет снято при входе в соревновательный PvP или рейд.</c>"
Indicador identificado,Обнаружен индикатор.
"Influence

Influence can no longer be earned but may be spent at influence traders in the Guild Initiative office and at the guild hall.","Влияние

Влияние больше нельзя заработать, но его можно потратить у торговцев влиянием в офисе Гильдейской инициативы и в зале гильдии."
"Ingredient
A rare mushroom found in mushroom patches.
Double-click to squeeze 25 mushrooms for their milk.
<c=@flavor>Fabled mushrooms of vibrant hue.<c>","Ингредиент
Редкий гриб, встречающийся на грибных полянах.
Дважды щёлкните, чтобы выжать молоко из 25 грибов.
<c=@flavor>Легендарные грибы яркого оттенка.<c>"
Irrlichter-Forschungsbesprechung,Irrlichter-Forschungsbesprechung
"It has been an unseasonably cold winter, yet seeing the lifting of this frosty brume brings a smile to my face.

Birds, like all things in spring, are finally free to venture northward.

Let us learn from their example.

M.","Зима выдалась не по сезону холодной, но при виде того, как рассеивается этот морозный туман, на лице появляется улыбка.

Птицы, как и всё весной, наконец вольны отправиться на север.

Поучимся же на их примере.

M."
"It is done. Isgarren has been exiled, and the curse has been laid. Scudo. Falta. Santuro.  
  
Those words are only the beginning, however. I have since spent the past hours weaving a thread around our island, tying it to a lengthier curse, and binding it to the shadowstone at the heart of the spire. A curse that will not merely break but will become concentrated at the focal point of our most sacred of sites.  
  
Isgarren may, in his arrogance, attempt to return to Castora someday to test his mettle against the curse, and I must be prepared for the attempt. Thus, I have connected this curse to the very land itself, so that, on the chance that Isgarren sets his sights upon our island once more, it will drain his very life essence from his corporeal form. More so as he approaches the source.  
  
The only means for him to end the curse is the very thing that would end his life.","Свершилось. Исгаррен изгнан, и проклятие наложено. Скудо. Фальта. Сантуро.

Однако эти слова — лишь начало. С тех пор я провёл последние часы, сплетая нить вокруг нашего острова, связывая её с более длительным проклятием и привязывая к теневому камню в сердце шпиля. Проклятие, которое не просто сломается, а сконцентрируется в фокусной точке нашего самого священного места.

Исгаррен может, в своём высокомерии, попытаться однажды вернуться в Кастору, чтобы испытать свои силы против проклятия, и я должен быть готов к этой попытке. Поэтому я связал это проклятие с самой землёй, так что, если Исгаррен снова обратит свой взор на наш остров, оно вытянет саму его жизненную сущность из телесной формы. Тем сильнее, чем ближе он будет к источнику.

Единственный способ для него снять проклятие — это то, что лишит его жизни."
"It is over; Komalie is bleeding titans and Lazarus has sent one final warning across the scrying eyes. A human lich wields the Scepter of Orr and has opened portals across Tyria. I must assume one of them has been opened nearby.  
  
Seraf is supposed to be visiting soon. How can I face him? I spilled the blood of my kin across the stone the other day, on Mercia's order. I remember...a gildless. He could barely float. Baraq caught him trying to teleport away. His blood stains my armor still.  Why wasn't Orestes there to save him? Where did that contemptible old fool flee? Did he know what was about to happen?  
  
Was that a scream in the distance? Has it started? I cannot let everything collapse here. There must be something in my notes, my lab...","Всё кончено; Комали истекает титанами, а Лазарус отправил последнее предупреждение через всевидящие очи. Человек-лич владеет Скипетром Орра и открыл порталы по всей Тирии. Должно быть, один из них открылся поблизости.  
  
Сераф скоро должен навестить меня. Как я посмотрю ему в глаза? Я пролил кровь своих сородичей на камни на днях, по приказу Мерсии. Я помню... одного без гильдии. Он едва держался на плаву. Барак поймал его при попытке телепортироваться. Его кровь до сих пор пятнает мои доспехи. Почему Орест не был там, чтобы спасти его? Куда сбежал этот презренный старый дурак? Знал ли он, что должно произойти?  
  
Не крик ли это вдалеке? Началось? Я не могу позволить всему рухнуть здесь. Должно быть что-то в моих записях, в моей лаборатории..."
"It is with considerable excitement that we await the results of our joint venture, Director. Now more than ever, it is vital that we reinforce this council and the asuran people for the journey ahead. The artifacts and technology that you will bring back to us will form the foundation for a new golden age.  
  
We must remind you, of course, to honor the terms of our agreement and bring your findings back only to Rata Sum. We have, after all, invested significant capital in your equipment and provisions. In return, we will ensure that any impediments to your expedition are prevented or significantly delayed.  
  
We look forward to an update on your findings.  
  
(The bottom of the page is marked with the official seal of the Arcane Council.)","С немалым волнением мы ожидаем результатов нашего совместного предприятия, Директор. Сейчас, как никогда, важно укрепить этот совет и народ асуров для предстоящего пути. Артефакты и технологии, которые вы привезёте нам, лягут в основу новой золотой эры.  
  
Мы должны напомнить вам, конечно, чтить условия нашего соглашения и привозить свои находки только в Рата-Сум. В конце концов, мы вложили значительный капитал в ваше оборудование и припасы. Взамен мы проследим, чтобы любые препятствия для вашей экспедиции были предотвращены или значительно отсрочены.  
  
Мы ждём новостей о ваших находках.  
  
(Внизу страницы стоит официальная печать Магического Совета.)"
"It's still undetermined how many variations of transformation this recipe will create, nor is it certain how long or short the effects will last. Make sure that you say good-bye to your loved ones and that your pets are with plentiful food before consuming.  
  
INGREDIENTS:  
- Otherworldly Ooze  
- Used Sports Ball  
- Spikey Fruit  
- Devourer Egg","Пока не определено, сколько вариаций превращения создаст этот рецепт, как не ясно и то, долго ли или коротко продлятся эффекты. Прежде чем употребить, непременно попрощайтесь с близкими и убедитесь, что у ваших питомцев вдоволь еды.

ИНГРЕДИЕНТЫ:
- Потусторонняя слизь
- Использованный спортивный мяч
- Колючий фрукт
- Devourer Egg"
"It's warmer in Lion's Arch than it was in Gavril. I've been spending a lot more time outside here, so that makes me happy.  
  
Whenever I feel my heart racing and I can't calm it, I walk to the lighthouse and sit for a while. On a bad night, the only thing that keeps my head from bursting is staring out at the water and counting the ships in the bay... It helps a little—there's a lone one out there right now. It'll be busy again in the morning. Trading day. I like it when the city is busy.  
  
The innkeeper is kind. She's letting me use a small guest room in the back. Just a bed and a trunk, but that's all I need, really. I only had moments to escape, so I left with my dress and coat and some cheese stuffed in my pockets. I've returned the favor by baking bread for the tavern, just like I did at home. It reminds me of Mother... That's bittersweet.  
  
She's gentle—the innkeeper. I can tell that she knows I struggled. She's curious, but she doesn't pry... I don't know if I'll ever be able to talk about it. All I know is that whenever one of those terrors from the White Mantle shows their face in town, mine turns white. But who could I tell? Who would believe me?  
  
At least I escaped... I may be the only one.  
  
Dorothy","В Львином Роге теплее, чем в Гавриле. Я провожу здесь гораздо больше времени на улице, и это радует меня.
  
Когда я чувствую, что сердце колотится и я не могу успокоиться, я иду к маяку и сижу там какое-то время. В плохую ночь единственное, что не даёт моей голове взорваться, — это смотреть на воду и считать корабли в бухте... Это помогает немного — сейчас там одинокий корабль. Утром снова будет оживлённо. Торговый день. Мне нравится, когда город оживлён.
  
Хозяйка гостиницы добрая. Она разрешила мне использовать небольшую гостевую комнату в задней части. Просто кровать и сундук, но это всё, что мне нужно. У меня было всего несколько мгновений, чтобы сбежать, поэтому я ушла в платье и куртка с немного сыра в карманах. Я отблагодарила её, выпекая хлеб для таверны, как делала дома. Это напоминает мне о матери... Горько-сладко.
  
Она мягкая — хозяйка гостиницы. Я чувствую, что она знает о моей борьбе. Она любопытна, но не лезет в душу... Не знаю, смогу ли я когда-нибудь рассказать об этом. Всё, что я знаю, — это когда один из тех ужасов из Белой Куртки появляется в городе, моё лицо бледнеет. Но кому я могу рассказать? Кто мне поверит?
  
По крайней мере, я сбежала... Возможно, я единственная.
  
Дороти"
"Join a public version of Convergences in Mount Balrior with your party and other players.

NOTE: This content contains spoilers for Guild Wars 2: Janthir Wilds Chapter 13: Balrior Peak","Присоединитесь к публичной версии «Схождения» в горе Бальриор вместе со своей группой и другими игроками.

ВНИМАНИЕ: данный текст содержит спойлеры к главе 13 «Дикие земли Джантир»: Пик Бальриор из игры Guild Wars 2."
"Judging by the sounds coming from inside the Barrowstead, you made quite an impression. Thanks, it's always fun getting the Sons riled up! Good luck!

—Pact Crusader D'Stolt","Судя по звукам, доносящимся изнутри Кургана, вы произвели немалое впечатление. Спасибо, всегда весело заводить Сынов! Удачи!

—Защитник Пакта Д'Стольт"
Junge Kräuter,Молодые травы
Keine Spielchen,Никаких игр.
"Kombiniert in der Mystischen Schmiede 12 Verschmolzene Essenzen, eine Eldritch-Schriftrolle, 50 Obsidianscherben und einen Würfel aus stabilisierter dunkler Energie, um die Gabe der Fachkenntnis herzustellen. Wachen-Handwerkerin Lucirae kann bei der Herstellung helfen.","Соедините в Мистической кузнице 12 Сплавленных эссенций, Эльдрический свиток, 50 Осколков обсидиана и Куб стабилизированной тёмной энергии, чтобы создать Дар мастерства. Страж-ремесленница Люцира может помочь в создании."
"Krug want ryTe thanx—

(The rest of the letter is almost entirely illegible, mostly just scribbles and primitive stick figures. It appears that Krug had trouble fitting this into the envelope. Still, a thank-you from an ettin is something to be treasured.)","Круг хочет написать спасибо—

(Остальная часть письма почти полностью неразборчива, в основном просто каракули и примитивные фигурки. Похоже, Кругу было трудно уместить это в конверт. Тем не менее, благодарность от эттина — это то, чем стоит дорожить.)"
Kultureller Austausch,Культурный обмен
La,Ла
"La fenêtre de signalement de bug n'apparaîtra pas sur la capture d'écran, mais le reste de l'interface sera visible.","Окно сообщения об ошибке не будет отображаться на скриншоте, но остальная часть интерфейса будет видна."
"Legendary Treasures
Equip a legendary weapon.","Легендарные сокровища
Экипируйте легендарное оружие."
"Locked.

Click here to unlock additional bag slots using gems.
Upgrade your account with a Guild Wars 2 expansion to unlock two additional bag slots per character.","Заблокировано.

Нажмите, чтобы разблокировать дополнительные слоты сумок за самоцветы.
Обновите свою учётную запись с помощью дополнения Guild Wars 2, чтобы открыть два дополнительных слота сумок для каждого персонажа."
"Lorsque vous signalez un bug, veillez à le faire aussi près que possible de la zone affectée, car votre position fournira des informations capitales pour reproduire le problème.","При сообщении об ошибке делайте это как можно ближе к затронутой области, так как ваше местоположение предоставит важную информацию для воспроизведения проблемы."
"Lychnis planned to kill the evil sorcerer. She didn't even need help! She was going to do it all on her own—she simply couldn't trust the king or the villagers to get anything done. She had to do it herself.

She finally convinced one of the louts to tell her where Sumac's cabin was. It was tucked away in the thickest part of the forest, just outside of town. So, she planned her attack: she'd knock on the door, pretending to be a traveling merchant.  She'd sell herbs—only the best, picked in the darkest corners of Tyria. Yes, he'd love that.

When the time finally arrived, Lychnis traversed the winding vines and thick foliage that guarded the sorcerer's refuge. Then, she saw it: it was small, unassuming. The roof was covered in a thick blanket of moss, and the glow of a gentle flame flickered from underneath the front door. She approached the little hut, careful not to make a noise. She stepped up onto a big rock next to the window to peer inside.

Nothing. Darkness. Everything, but nothing. The world spinning, spinning, spin... Tears and anger. Fear of the unknown. Mourning and regret. Where am I? Who are you?

No, excuse me. WHAT are you?","Лихнис планировала убить злого колдуна. Ей даже не нужна была помощь! Она собиралась сделать всё сама — она просто не могла доверить королю или жителям деревни хоть что-то сделать. Она должна была сделать это сама.

Наконец она убедила одного из болванов рассказать ей, где находится хижина Сумаха. Она была спрятана в самой густой части леса, прямо за городом. Итак, она спланировала свою атаку: она постучит в дверь, притворившись странствующим торговцем. Она будет продавать травы — только лучшие, собранные в самых тёмных уголках Тирии. Да, ему это понравится.

Когда время настало, Лихнис пробиралась через извилистые лианы и густую листву, охранявшие убежище колдуна. Затем она увидела её: маленькую, неприметную. Крыша была покрыта толстым слоем мха, а из-под входной двери мерцал свет нежного пламени. Она подошла к маленькой хижине, стараясь не шуметь. Она встала на большой камень рядом с окном, чтобы заглянуть внутрь.

Ничего. Темнота. Всё, но ничего. Мир кружится, кружится, кружится... Слёзы и гнев. Страх перед неизвестностью. Скорбь и сожаление. Где я? Кто ты?

Нет, простите. ЧТО ты?"
"Lychnis was enraged by the king's ignorance. How could he abandon so many of his own to face such a threat? She knew then that she needed to take matters into her own hands, and she needed to do so with haste.

The benevolent witch returned to the small village to garner support, but no one would listen. They were happy with their dancing, and they loved the smell of pies and bread. They were happy being ignorant. They were happy to be foolish. Perfectly happy.

She, however, was not.","Лихнис была в ярости от невежества короля. Как он мог бросить так много своих подданных перед лицом такой угрозы? Она поняла тогда, что должна взять дело в свои руки, и сделать это нужно быстро.

Добрая ведьма вернулась в маленькую деревню, чтобы заручиться поддержкой, но никто не слушал. Они были счастливы танцевать, и им нравился запах пирогов и хлеба. Они были счастливы в своём невежестве. Они были счастливы быть глупыми. Совершенно счастливы.

Однако она — нет."
"MY FELLOW EMPLOYEES!

Why on Tyria does Xunlai Jade continue to hire bureaucrat after bureaucrat to fill middle management roles, when there are perfectly competent workers who have been with the company for years but are continually passed over for promotions?

Why does Lady Joon continue to advance OUTSIDERS in key roles rather than these hardworking people?

What is happening with the company we once loved?

If you would like to know the answers to these questions, and more, there will be a gathering at...

(The rest of this flyer has been messily torn away).","СОСЛУЖИВЦЫ!

Какого лешего «Нефрит Ксунлай» продолжает нанимать бюрократа за бюрократом на места среднего звена, когда есть вполне толковые работники, годами служившие компании, которых раз за разом обходят с повышением?

Почему леди Джун и дальше продвигает ЧУЖАКОВ на ключевые должности вместо этих трудяг?

Что происходит с компанией, которую мы когда-то любили?

Если хотите узнать ответы на эти вопросы и не только — состоится сходка в...

(Остаток этой листовки неряшливо оторван.)"
"Mabon has given his approval to the fractal's development to this point. After many failed attempts, we seem to have found the moment and place in time we need. The forge there will work for his contingency plan, which he hopes will never be needed.

Conclusion: Fractal will be paused and stored. Research will be sealed and archived, accessible only to Mabon and Isgarren.","Мабон одобрил развитие фрактала до этого момента. После многих неудачных попыток, кажется, мы нашли нужный момент и место во времени. Кузница там сработает для его запасного плана, который, как он надеется, никогда не понадобится.

Вывод: Фрактал будет приостановлен и сохранен. Исследования будут запечатаны и заархивированы, доступны только Мабону и Исгаррену."
"Made by combining these items in the Mystic Forge:
• 1 Gift of Wood
• 1 Gift of Nature
• 100 Icy Runestones
• 1 Superior Sigil of Celerity","Создаётся соединением этих предметов в Mystic Forge:
• 1 Gift of Wood
• 1 Gift of Nature
• 100 Icy Runestones
• 1 Superior Sigil of Celerity"
"Made by combining these items in the Mystic Forge:
• 1 Gift of Wood
• 1 Gift of Stealth
• 100 Icy Runestones
• 1 Superior Sigil of Force","Создаётся соединением этих предметов в Mystic Forge:
• 1 Gift of Wood
• 1 Gift of Stealth
• 100 Icy Runestones
• 1 Superior Sigil of Force"
"Made by combining these items in the Mystic Forge:
• 1 Gift of Wood
• 1 Gift of Water
• 100 Icy Runestones
• 1 Superior Sigil of Rage","Создаётся соединением этих предметов в Mystic Forge:
• 1 Gift of Wood
• 1 Gift of Water
• 100 Icy Runestones
• 1 Superior Sigil of Rage"
"Made by combining these items in the Mystic Forge:
• 1 Gift of Wood
• 1 Vial of Liquid Flame
• 100 Icy Runestones
• 1 Superior Sigil of Fire","Создаётся соединением этих предметов в Mystic Forge:
• 1 Gift of Wood
• 1 Vial of Liquid Flame
• 100 Icy Runestones
• 1 Superior Sigil of Fire"
"Made by combining these items in the Mystic Forge:
• 1 Gift of Wood
• 1 Wolf Statue
• 100 Icy Runestones
• 1 Superior Sigil of Accuracy","Создаётся соединением этих предметов в Mystic Forge:
• 1 Gift of Wood
• 1 Wolf Statue
• 100 Icy Runestones
• 1 Superior Sigil of Accuracy"
Man berichtet von Valravn auf den Klippen bei den Lupinenfeldern.,Man berichtet von Valravn auf den Klippen bei den Lupinenfeldern.
"Manikaz,  
  
Once again, your request to join us at the Komalie fortress is denied. Up until now, I have held my tongue at your blatant attempts to rise above your station for a gilded of your age. Do not misunderstand me; your experiments and your study and mastery of bloodstone have been a boon to both our overseers here and our White Mantle servants at the Maguuma site, but you continue to overreach. If you persist in your mewling and incessant begging, Optimus may not view your contribution as favorably when we return home.  
  
We are guarding this inherited world against a tide of titans, demons, and perhaps even their banished god. The cost is incalculable, but in time, the flocks of this world will come to appreciate—or, at the very least, understand—our actions to ensure Tyria's continued existence.  
  
If, and only if, you are patient, Manikaz—once the Flameseeker threat has passed—we can direct your expertise to some task worthy of your attention. The next dragonrise, perhaps?  
  
—Lazarus","Маниказ,

Ещё раз: твой запрос на присоединение к нам в крепости Комали отклонён. До сих пор я сдерживал язык при твоих откровенных попытках возвыситься над своим положением для позолоченного твоего возраста. Не пойми меня неправильно; твои эксперименты, изучение и мастерство владения кровавым камнем были благом как для наших надзирателей здесь, так и для наших слуг Белого Плаща на участке Магуума, но ты продолжаешь заходить слишком далеко. Если ты продолжишь свои нытьё и бесконечные просьбы, Оптимус может не столь благосклонно оценить твой вклад, когда мы вернёмся домой.

Мы защищаем этот унаследованный мир от потока титанов, демонов и, возможно, даже их изгнанного бога. Цена неисчислима, но со временем паства этого мира оценит — или, по крайней мере, поймёт — наши действия по обеспечению дальнейшего существования Тирии.

Если, и только если, ты будешь терпелив, Маниказ, — когда угроза Ищущего Пламя минует, — мы сможем направить твой опыт на задачу, достойную твоего внимания. Следующее пробуждение дракона, возможно?

— Лазарус"
"Many thanks to you, outlander. Our people can reach safety and have a chance at true freedom due to your efforts.

I wish you cool shade and sweet water.

—Ebele","Большое спасибо тебе, чужеземец. Благодаря твоим усилиям наш народ сможет добраться до безопасного места и получить шанс на истинную свободу.

Желаю тебе прохладной тени и сладкой воды.

— Эбеле"
"Marjory,  
  
I didn't want to intrude, but when your sister told me she was going to stop by the bar I wanted to write. Hello. This is your father. 
  
I know we haven't spoken in a while, but your mother isn't feeling well... Elise is seven months pregnant and can't help at the house much, and Mireille is already running the shop with my growing absences... I'm trying not to be intrusive here, and I'm not trying to make demands... Your mother would just like to see you. I would like to see you, too.  
  
I hope you're recovering. We prayed to the Six every night that you'd make it home alive. Kasmeer, too. We'd love to meet her someday, if you'd like that.  
  
Best,   
Dad","Марджори,  
  
Я не хотел вмешиваться, но когда твоя сестра сказала мне, что собирается зайти в бар, я захотел написать. Привет. Это твой отец. 
  
Я знаю, мы давно не разговаривали, но твоя мать плохо себя чувствует... Элиз на седьмом месяце беременности и не может много помогать по дому, а Мирей уже управляет магазином из-за моих частых отлучек... Я стараюсь не быть навязчивым и не требовать... Твоя мать просто хотела бы тебя увидеть. Я тоже хотел бы тебя увидеть. 
  
Надеюсь, ты поправляешься. Мы молились Шестерым каждую ночь, чтобы ты вернулась домой живой. И Касмир тоже. Мы бы хотели когда-нибудь с ней познакомиться, если ты не против. 
  
С наилучшими пожеланиями,   
Папа"
"Mastery over the Horn of Maguuma has granted multiple bonuses:
<br>• Junior Archivist's Aide Conri can enhance Obsidian armor with a cosmetic upgrade! He can be found next to the Forge of Timelessness.
<br>• Gharr Leadclaw can exchange currency, materials, and more! He can be found west of Empyrean Plaza next to a thornsprout bloom.
<br>• Arcane chests take significantly less time to open.
<br>• You are able to reduce the rate of emotion stacks Eparch consumes.
<br>• Successful completions of the Into the Spider's Lair meta-event grant a daily reward that contains particularly rare items.","Владение Рогом Магуумы дало множество бонусов:
<br>• Помощник младшего архивариуса Конри может улучшить Обсидиановую броню косметическим обновлением! Его можно найти рядом с Кузницей Безвременья.
<br>• Gharr Leadclaw может обменивать валюту, материалы и многое другое! Его можно найти к западу от Эмпирейской Площади рядом с цветком тернового ростка.
<br>• Таинственные сундуки открываются значительно быстрее.
<br>• Вы можете снизить скорость накопления эмоций, которые поглощает Эпарх.
<br>• Успешное завершение метасобытия «Into the Spider's Lair» даёт ежедневную награду, содержащую особенно редкие предметы."
Maximale Sommer-Stufe,Максимальный летний уровень
"Members Sharing Participation:
Members receiving shared participation are rewarded by the activity of their squad members instead of their own (WvW Only)","Участники, получающие общее участие:
Участники, получающие общее участие, получают награду за активность своих отрядов, а не за собственную (только в WvW)"
"Minister Taelin. Minister Taelin of the Ministry of Archives.

Ohn was found dead in the Undercity of Kaineng during the rescue efforts, which makes me the only other living member of the Ministry of Archives.

We couldn't get very far into the wreckage; the entire sector is completely flooded—destroyed. A few survivors were found in the buildings on the upper portions of the market, but everyone below... Every now and then another body will float to the top. I don't know if we'll ever truly know the death count.

Rather than restore the Undercity, Jimin wants to seal it off. With the Risen pouring out from the north, it's only a matter of time before the dead begin to stir here, too.

~~Researcher~~ Minister Doh Taelin, Ministry of Archives, 1729 CC","Министр Тэлин. Министр Тэлин из Министерства Архивов.

Он был найден мёртвым в Подгороде Каиненга во время спасательных работ, что делает меня единственным оставшимся в живых членом Министерства Архивов.

Мы не смогли далеко продвинуться в руинах; весь сектор полностью затоплен — разрушен. Несколько выживших нашли в зданиях в верхней части рынка, но все, кто был ниже... Время от времени на поверхность всплывает очередное тело. Не знаю, узнаем ли мы когда-нибудь истинное число погибших.

Вместо восстановления Подгорода Джимин хочет запечатать его. С Восставшими, хлынувшими с севера, это лишь вопрос времени, когда мёртвые начнут шевелиться и здесь.

~~Исследователь~~ Министр Doh Taelin, Ministry of Archives, 1729 КК"
Mit dem humorvollen Troll angefreundet,Подружился с забавным троллем
Mit dem redseligen Troll angefreundet,Подружился с болтливым троллем
Modo ladino,Воровской стиль
Monstruosidad extractora,Монструозный экстрактор
"More fleshstalkers breached the mountain pass—the stench reached our noses as the first scream sounded. Something about the breeze told me that the rest of the world was quaking, too. Surely we are not the only ones to endure these beasts...  
  
When wind carried the smell of blood back to the delta, my mind shot to the years prior. The frigid air that swept through the mountains. The lines of smoke, billowing from bonfires on the horizon. And then the disappearance of those lines as each outpost was demolished by the ice spawn... The bearkin bodies, stacked higher than the peat harvest.","Ещё больше плотоядных прорвались через горный перевал — запах достиг наших носов, когда раздался первый крик. Что-то в ветре подсказывало мне, что остальной мир тоже содрогается. Неужели мы не единственные, кто терпит этих тварей...

Когда ветер донёс запах крови до дельты, мои мысли унеслись в прошлые годы. Ледяной воздух, пронизывающий горы. Шлейфы дыма от костров на горизонте. А затем исчезновение этих шлейфов, когда каждый форпост был разрушен ледяным отродьем... Тела медведелюдей, сложенные выше торфяного урожая."
"Mouse 1: Use Mastery Skill
Mouse 2: Set Active Mastery Skill [lbracket]%str1%[rbracket]","Мышь 1: применить умение мастерства
Мышь 2: задать активное умение мастерства [lbracket]%str1%[rbracket]"
"My Queen—I received this letter two nights ago. I'm issuing an additional Shining Blade detail to your personal quarters until I can identify the sender (Lady Siroa has also requested additional security for her engineers, which I've accepted). I've never heard of this ""Captain Briar,"" but if they know of the Watchknights...we might have a breach on our hands.  

I would urge you to leave Logan out of this for now. I'll gather what I can.  

Lady Anise  

...  

Dearest, oh...what was your name again? Alice? Let me grab my notes—  

Let's start over.  

Dearest Anise,  

It is with the utmost urgency that I'm writing you today. The weather is dreadful, and the birds refuse to sing. I also caught wind that Her Majesty is working with the royal engineers on something particularly...exciting.  

The Watchknights—oh, don't throw yourself into a tizzy about how I know of their existence—are a marvel to behold! I wanted to ask politely before taking more extreme actions, but I want to play my cards in that game. Our status might not be aligned, but our purpose is. I'm just ready to get my hands dirty.  

Respond with haste. I'm not especially keen on waiting.  

With love,
Captain Briar","Моя королева — я получила это письмо две ночи назад. Я назначаю дополнительный отряд Сияющего Клинка в ваши личные покои, пока не опознаю отправителя (леди Сироа также запросила дополнительную охрану для своих инженеров, я согласилась). Я никогда не слышала об этом «капитане Брайаре», но если они знают о Стражах... у нас может быть утечка.

Я бы посоветовала пока не впутывать Логана. Я соберу всё, что смогу.

Леди Аниз

...

Дорогая, о... как же тебя звали? Алиса? Дай-ка я возьму свои записи —

Давай начнём заново.

Дорогая Аниз,

Я пишу вам сегодня с величайшей срочностью. Погода ужасная, и птицы отказываются петь. Я также прослышал, что Её Величество работает с королевскими инженерами над чем-то особенно... захватывающим.

Стражи — о, не впадайте в истерику из-за того, что я знаю об их существовании — это чудо, на которое стоит посмотреть! Я хотел вежливо спросить, прежде чем прибегать к более крайним мерам, но я хочу разыграть свои карты в этой игре. Наше положение может не совпадать, но наша цель — да. Я просто готов испачкать руки.

Ответьте поскорее. Я не особенно горю желанием ждать.

С любовью,
Капитан Брайар"
"My dearest Winter Sky,  
  
Not a day has passed since I saw you last when I have not thought of you. On cold, clear nights, I stare up at the sky and wonder where you are. And when the flowers are in bloom, I think of the days of our hunt, following tracks through the blossoming arrowleaf.  
  
Life here continues as always. I am still making medicine for the village and helping my mother keep things in order. We have not seen another famine in a long while now. I am often lonely here, but I am well.  
  
I hope that you are eating enough and staying warm and that you always find your prey. I hope that the cold winds cannot find you and that your head finds easy rest each night. And I hope that you will stay well until the day I find you again.  
  
Forever yours,
Flowering Meadow","Моё дорогое Winter Sky,  
  
Не прошло и дня с нашей последней встречи, чтобы я не думал о тебе. Холодными, ясными ночами я смотрю в небо и гадаю, где ты. А когда цветы распускаются, я вспоминаю дни нашей охоты, когда мы шли по следам сквозь цветущий стрелолист.  
  
Жизнь здесь идёт своим чередом. Я всё ещё делаю лекарства для деревни и помогаю матери поддерживать порядок. У нас давно не было голода. Мне здесь часто одиноко, но я в порядке.  
  
Надеюсь, ты достаточно ешь и согреваешься, и что ты всегда находишь свою добычу. Надеюсь, холодные ветры не могут тебя найти и твоя голова каждую ночь находит лёгкий отдых. И надеюсь, ты будешь в порядке до того дня, когда я снова тебя найду.  
  
Навеки твой,
Flowering Meadow"
"My esteemed friend, I've had a breakthrough with the Kralkatite. It was only a matter of time, and it happened. We can upgrade the Astralarium to infuse energy into vision crystals!

We'll need quite a few specialized mirrors. Do me a favor—take these notes to Ouissal in the Sunspear Base. She designs various telescope components and should—I think—be able to make mirrors for us.

—Researcher Yasna
PS: Congratulations on your new astral weapon.","Досточтимый друг, у меня прорыв с кралькатитом. Это был лишь вопрос времени — и вот случилось. Мы можем улучшить Астралариум, чтобы напитывать энергией кристаллы видения!

Нам понадобится изрядно особых зеркал. Сделай одолжение — отнеси эти записи Уиссаль на Базе Солнечных Копий. Она проектирует разные части телескопов и, думаю, сможет изготовить для нас зеркала.

—Researcher Yasna
Р.S. Поздравляю с новым астральным оружием."
"My love,

Do you remember when we first met? You were painting the view of Panjiang in bloom. I waited and watched you work your magic on the canvas. It must have been hours. I was entranced.

When I finally worked up the courage to call out to you, you jumped so hard that a streak of blue whipped right across all your hard work. You were so mad. Your soul so beautiful.

Did you know I was going to propose before you did? I was going to take you back to that spot. That same place on the peninsula. I had it all planned...and then you dashed all my expectations. I really should have known.

You've always been the one to challenge me in taking leaps. You have such fire in you.

And then, seven years later, you gave me the greatest gift of all. A daughter. Lan. My favorite little bug.

Lan, you are so amazing. So intelligent. Witty, and funny, and cute. And a brat. Even if you hate being called out on it.

You're already growing up to be such an incredible person. You can be whoever you want to be.

You have your ma's same fiery soul. Don't let that fire burn out. Either of you. Don't let the world dim your light.

Find your passion, and follow it.

I don't want either of you to worry. Hyo-Sonn is a good woman. Trust her. She took care of me. You all take care of each other.

You gave me a life worth living. You brought me so much joy. So much love. So many happy memories.

You were my heart.

You will always be my world.

I love you.

—Bo","Моя любовь,

Помнишь, когда мы встретились впервые? Ты рисовала вид на цветущий Паньцзян. Я ждал и смотрел, как ты творишь волшебство на холсте. Прошло, должно быть, несколько часов. Я был очарован.

Когда я наконец набрался смелости окликнуть тебя, ты так вздрогнула, что синяя полоса прорезала всю твою работу. Ты была так зла. Твоя душа так прекрасна.

Знала ли ты, что я собирался сделать предложение до того, как это сделала ты? Я собирался отвезти тебя обратно на то место. То же место на полуострове. У меня всё было спланировано... а потом ты разрушила все мои ожидания. Я действительно должен был догадаться.

Ты всегда была той, кто подталкивал меня к решительным шагам. В тебе столько огня.

А затем, семь лет спустя, ты подарила мне величайший дар. Дочь. Лан. Мой любимый маленький жучок.

Лан, ты такая удивительная. Такая умная. Остроумная, забавная и милая. И проказница. Даже если ты ненавидишь, когда тебя в этом упрекают.

Ты уже вырастаешь в такого невероятного человека. Ты можешь быть кем захочешь.

У тебя такая же пламенная душа, как у твоей мамы. Не дайте этому огню погаснуть. Ни одна из вас. Не позволяйте миру приглушить ваш свет.

Найди свою страсть и следуй за ней.

Я не хочу, чтобы вы волновались. Хё-Сон — хорошая женщина. Доверяйте ей. Она заботилась обо мне. Заботьтесь друг о друге.

Вы подарили мне жизнь, достойную того, чтобы жить. Вы принесли мне столько радости. Столько любви. Столько счастливых воспоминаний.

Вы были моим сердцем.

Вы всегда будете моим миром.

Я люблю вас.

—Бо"
"My love,

I promised I would send a letter each time the messenger came by our camp, and, well, fate decided that one day was too long to be apart!

I'm scrambling to write this befo— What am I doing? I can't waste this time just telling you why I'm—

I love you, Ai. You and Lan are my world.

—B","Любовь моя,

Я обещал слать письмо каждый раз, как гонец заглядывает в наш лагерь, и, что ж, судьба решила, что и день врозь — это слишком долго!

Спешу написать, пока не— Что я делаю? Нельзя тратить это время лишь на объяснения, почему я—

Я люблю тебя, Ай. Ты и Лан — мой мир.

—Б"
"My sources report that your actions at Malxa Pyronetics have stalled the Inquest's weapons development program by several months. The leaders at the Infinite Coil Reactor are furious with Malxa's new testing projections and are demanding answers. Your efforts in this endeavor are much appreciated.

—Lightbringer Krentch","Мои источники доносят, что твои действия в «Малкса Пиронетикс» затормозили программу разработки оружия Инквеста на несколько месяцев. Руководство Реактора Бесконечного Кольца в бешенстве от новых сроков испытаний Малксы и требует ответов. Твои усилия в этом деле весьма ценны.

—Светоносец Крентч"
"Nice job, %str1%! Your performance at Steeleye Span was exemplary. I think even Tribune Steelgrip took notice. I know I'll be sending my report straight to Tribune Brimstome. Way to go! As always, we appreciate your dedication. 
— Engineer Burlage Firestoker","Отличная работа, %str1%! Ваше выступление на Сталеглазой переправе было образцовым. Думаю, даже трибун Сталехват заметил. Я точно отправлю свой доклад прямо трибуну Жарокамню. Так держать! Как всегда, мы ценим вашу преданность. 
— Инженер Бурлаг Огненный Костер"
Nichts dagegen!,Ничего против!
"No one is coming.   
  
I still hear them. My neighbors screaming for help, day and night. The pleas to save a parent or a child trapped beneath rubble. Terror at what Bava Nisos must now look like. The air reeks of bloodstone. Something blocks my shadowcraft. I will not escape.  
  
The titans are dead, but the capital died with them.  
  
Am I the last one?  
  
When it's over, who will be left to remember our names?   
  
Our cities? Our achievements? Our mistakes?  
  
When this wound finally claims me and my body turns to dust—will anyone remember me?","Никто не придёт.

Я всё ещё слышу их. Мои соседи кричат о помощи днём и ночью. Ужас от того, как теперь должна выглядеть Bava Nisos. Воздух пропах кровавым камнем. Что-то блокирует мою тенеткань. Мне не сбежать.

Титаны мертвы, но столица погибла вместе с ними.

Я последний?

Когда всё закончится, кто останется, чтобы помнить наши имена?

Наши города? Наши достижения? Наши ошибки?

Когда эта рана наконец заберёт меня и моё тело обратится в прах — вспомнит ли меня хоть кто-то?"
"Not much time left now until the final assault. It feels good to be here for it—to be the tip of the spear and see with my own eyes that our work is done. I've learned a lot here that I can take back as well, to improve the way we do things.  
  
We're securing Tyria's future; that's the important thing. But as we approach our last battle in Nayos, my thoughts return always to Mabon and what they did to him. He would have cautioned against revenge, but it can serve a purpose. The vengeance we earn today prevents another evil tomorrow. For all the people he protected without them ever knowing it, he deserves to be avenged, at least.  

I was just a snot-nosed lowlife when he brought me in, but he saw something in me, like he saw something in all of us. Now, these young soldiers look up at me with wide eyes like they see it, too. Maybe he was right. Everything I do—everything I become—is because of him. I wish I would have told him that. I just hope I made him proud.","Осталось не так много времени до последнего штурма. Приятно быть здесь ради этого — быть остриём копья и своими глазами видеть, что наша работа завершена. Я многое здесь узнал, что смогу забрать с собой, чтобы улучшить наши методы.

Мы обеспечиваем будущее Тирии; это главное. Но когда мы приближаемся к нашей последней битве в Найосе, мои мысли постоянно возвращаются к Мабону и тому, что они с ним сделали. Он бы предостерегал от мести, но она может служить цели. Месть, которую мы заслуживаем сегодня, предотвращает другое зло завтра. Ради всех людей, которых он защищал, даже не зная об этом, он, по крайней мере, заслуживает отмщения.

Я был просто сопливым отбросом, когда он взял меня под крыло, но он разглядел во мне что-то, как разглядывал во всех нас. Теперь эти молодые солдаты смотрят на меня широко раскрытыми глазами, будто тоже видят это. Возможно, он был прав. Всё, что я делаю — всё, кем я становлюсь — благодаря ему. Хотел бы я сказать ему это. Надеюсь, я оправдал его ожидания."
"Not so fast, %str1%! I want you to burn this into your brain: to dodge roll, double-tap your movement keys. Now, drop what you're doing and give me a dodge roll!

Yeah! That's what I'm talkin' about. Never forget it, and even the smoothest of adversaries will fall before you.

—Hroulan","Не так быстро, %str1%! Я хочу, чтобы ты вбил это себе в голову: чтобы сделать кувырок уклонения, дважды нажми клавиши движения. А теперь брось всё и покажи мне кувырок уклонения!

Да! Вот это я понимаю. Никогда не забывай это, и даже самые ловкие противники падут перед тобой.

—Хроулан"
"Now look to the <c=@Quest>right</c>.

Reminder: Drag the mouse while holding down the right mouse button.","Теперь смотрите <c=@Quest>вправо</c>.

Напоминание: перетаскивайте мышь, удерживая правую кнопку мыши."
"Obstacles to customize your guild hall arena.
Items in the Arena category can only be used as obstacles in the owning guild's arena. Spend items by talking to the Obstacle Coordinator in the arena.","Препятствия для настройки арены гильдии.
Предметы из категории «Арена» можно использовать только как препятствия на арене гильдии-владельца. Потратьте предметы, поговорив с координатором препятствий на арене."
"Obtained by fighting enemies with the Essence of Valor and picking up their essence, which grants quickness and swiftness.

Build 30 stacks to gain a 10%% damage reduction from enemies with the Essence of Vigilance for 30 minutes.","Получается в бою с врагами, обладающими Эссенцией Доблести, и при сборе их эссенции, которая даёт эффект «Проворство» и «Быстрота».

Накопите 30 стаков, чтобы получить уменьшение входящего урона от противников на 10%% в течение 30 минут благодаря эффекту «Сущность бдительности»."
"Of all places to build a base, the Arcane Eye chose here. Just who are they keeping an eye on? Tourists? It is still odd seeing these people live out their lives. Somehow it feels wrong to be watching them like this. A total violation of privacy... But this might be my bias talking. Before I left Rata Sum, they considered me a battery without any juice. Well, I feel the same about them.  

I don't know what Isgarren is hoping to achieve with these fractals, but it's got to be benevolent, right? Maybe Mabon could put my mind at ease about this... It all just seems so surreal to be the one watching.","Из всех мест для базы Око Тайн выбрало именно это. За кем же они следят? За туристами? Всё ещё странно видеть, как эти люди живут своей жизнью. Почему-то кажется неправильным наблюдать за ними вот так. Полное нарушение приватности... Но, возможно, это моё предубеждение. До того как я покинул Рата-Сум, они считали меня батарейкой без заряда. Что ж, я чувствую то же самое по отношению к ним.  

Я не знаю, чего Исгаррен надеется достичь с помощью этих фракталов, но это должно быть во благо, верно? Может, Мабон смог бы успокоить меня на этот счёт... Всё это кажется таким сюрреалистичным — быть тем, кто наблюдает."
"Officers of Luxon, Kurzick, and Tengu backgrounds:

The Ministry of Security Public Relations team is looking for volunteers to promote MinSec as a safe and diverse workplace.

Please contact Hei Ryung in the Press Office for more information.","Офицеры из числа лукзонов, курзиков и тенгу:

Отдел по связям с общественностью Министерства безопасности ищет добровольцев для продвижения МинБеза как безопасного и разнообразного рабочего места.

Пожалуйста, свяжитесь с Хей Рюнг в пресс-службе для получения дополнительной информации."
Onglet de ramassage,Вкладка подбора
"Open to choose a new weapon skin to unlock for your account.,
<c=@Flavor>A gift from an unknown friend across the seas, in hopes that you will be a useful ally.</c>","Откройте, чтобы выбрать новый облик оружия для разблокировки на своей учётной записи.,
<c=@Flavor>Подарок от незнакомого друга из-за морей, в надежде, что вы станете полезным союзником.</c>"
"Our records indicate that you acquired a Wings of Love glider skin from us at some point in the past. We recently released a matching backpack skin and would like to offer you one at no additional cost to help complete your set. To pick up your free Wings of Love Backpack Skin, please visit any Black Lion Exchange Specialist and look for it under the Gliders tab. Enjoy!

—Black Lion Trading Company","Наши записи показывают, что вы когда-то приобрели у нас глайдер «Крылья любви». Недавно мы выпустили подходящий рюкзак и хотели бы предложить вам его бесплатно, чтобы завершить ваш набор. Чтобы получить бесплатный рюкзак «Крылья любви», посетите любого специалиста по обмену Black Lion и найдите его во вкладке «Глайдеры». Наслаждайтесь!

—Торговая компания «Black Lion»"
"Our sentries bibble-babble always the story of you coming to our cave. One say you carry fifty wounded skritt tied to your head as you jumped over lava. One say you break a fire-troll over your knee and used its pebbles for gunpowder. I know not if these deeds are real, but to us, they are true. Not the same, real and true. True you feel inside. Always follow what is true.<br>
—Sentry-skritt Bordekka","Наши часовые всегда тараторят историю о том, как вы пришли в нашу пещеру. Один говорит, вы несли пятьдесят раненых скриттов, привязанных к голове, прыгая через лаву. Другой говорит, вы сломали огненного тролля об колено и использовали его камешки как порох. Я не знаю, правда ли эти подвиги, но для нас они истинны. Не одно и то же, правда и истина. Истину вы чувствуете внутри. Всегда следуйте за истиной.<br>
—Часовой-скритт Бордекка"
"Over the last few years, I wrote her eight letters trying to explain where I was and why I couldn't come home. Eight letters. I think the seventh one was the best, but it doesn't really matter in the end.

I just keep thinking about what Isgarren always says: that our gift to Tyria is both protecting them from threats and from the knowledge of how much danger they've been in. How much danger she's been in.

I never sent those letters. I think that's probably for the best.

—Rift Hunter Baribeau","За последние несколько лет я написал ей восемь писем, пытаясь объяснить, где я был и почему не мог вернуться домой. Восемь писем. Думаю, седьмое было лучшим, но в конце концов это не имеет значения.

Я всё думаю о том, что всегда говорит Исгаррен: наш дар Тирии заключается в том, чтобы защищать их как от угроз, так и от знания того, насколько велика была опасность. Насколько велика была опасность для неё.

Я так и не отправил те письма. Думаю, так лучше.

— Охотник за разломами Барибо"
"Overseer, I can only offer my apologies—what the director sees in the principal biomancer is beyond me, but there's no doubting the cruelty to which we would be subjected should he become aware of our information-sharing arrangement.  
  
As far as his experiments are concerned, Sebb has been requesting a number of artifacts from the dig sites inland. What he intends with said artifacts, I have been unable to discover. But it seems he has acquired enough of the objects to satisfy whatever hypothesis he intends to test.   
  
Again, I do very much appreciate your discretion and your willingness to indulge our ""paranoia"" with regard to the unconventional nature of these dead-drop locations.","Надзиратель, я могу лишь принести свои извинения — что директор находит в главном биоманте, уму непостижимо, но нет сомнений в жестокости, которой мы подвергнемся, если он узнает о нашем обмене информацией.  
  
Что касается его экспериментов, Себб запрашивал ряд артефактов с раскопок в глубине материка. Что он намерен делать с этими артефактами, мне выяснить не удалось. Но, похоже, он собрал достаточно предметов, чтобы проверить любую гипотезу, которую собирается проверить.   
  
Ещё раз, я очень ценю вашу осмотрительность и готовность потакать нашей «паранойе» в отношении нетрадиционного характера этих мест тайников."
"POTENTIAL STUDY—MIST RIFTS

*Ask Taimi about data readings.

How far do rifts travel? How long does travel take?

DEADLY? Unknown. Must research further.

Does one age while in a rift? Does one experience hunger?

**Side note. Make preparations for Gorrik's birthday party.","ПОТЕНЦИАЛЬНОЕ ИССЛЕДОВАНИЕ — РАЗЛОМЫ БЕЗДНЫ

*Спросить у Тайми о показаниях приборов.

Как далеко путешествуют разломы? Сколько времени занимает путь?

СМЕРТЕЛЬНО? Неизвестно. Нужно изучить далее.

Стареют ли внутри разлома? Чувствуют ли голод?

**Пометка. Подготовиться ко дню рождения Горрика."
"Participate in %num2% event[s].

<c=@reminder>You can find events while exploring the world. Events are marked by an orange circle on your map when you're nearby.</c>","Участвуй в %num2% [событии|событиях|событиях].

<c=@reminder>События можно найти, исследуя мир. На карте они обозначаются оранжевым кружком, когда вы находитесь поблизости.</c>"
"Participate in successful events around Forager's Hunt, River's Maw, and Storm's Border.

(Some events can count toward multiple achievements.)","Примите участие в успешных событиях вокруг «Охотничьей рощи», «Пасти реки» и «Штормовой границы».

(Некоторые события могут учитываться при выполнении нескольких достижений.)"
"Participate in successful events around Moldering Greenwood, Festering Basin, and Slithering Outskirts.

(Some events can count toward multiple achievements.)","Участвуйте в успешных событиях в окрестностях Гнилого Зеленолесья, Зловонного Бассейна и Ползущих Окраин.

(Некоторые события могут учитываться при выполнении нескольких достижений.)"
Performances du jeu,Производительность игры
"Personal reading material of salacious nature is not suitable for the workplace environment!

—Senior Office Administrator Chang Lihua","Личные материалы для чтения непристойного содержания не подходят для рабочей обстановки!

—Старший администратор Чан Лихуа"
"Picaroon Scratch
Contested
Skritt Tunnels Closed","Пикарун Скрэтч
Оспаривается
Туннели скриттов закрыты"
Piedad acerada,Стальная жалость
"Places the Symbol of Luminance on the ground, knocking back enemies on initial cast. While active, the symbol grants boons to allies and inflicts conditions on enemies. While standing within the symbol, your spear attacks are automatically illuminated and do not consume the illuminated effect when used. <c=@reminder>Resistance granted by this skill can only be granted once per interval.</c>
<br><c=@abilitytype>Illuminated.</c> While the symbol is active, all other spear skills are illuminated, even if you move out of range of the symbol.","Помещает Символ Светимости на землю, отбрасывая врагов при начальном применении. Пока активен, символ дарует благословения союзникам и накладывает состояния на врагов. Пока вы стоите внутри символа, ваши атаки копьём автоматически подсвечиваются и не расходуют эффект подсветки при использовании. <c=@reminder>Сопротивляемость, даруемое этим умением, может быть даровано только один раз за интервал.</c>
<br><c=@abilitytype>Подсвечено.</c> Пока символ активен, все остальные умения копья подсвечиваются, даже если вы выходите из зоны действия символа."
Porte Astral,Порт Астрал
"Postern Ward:
Find this karka bathing in the shade.","Задний страж:
Найдите эту карку, купающуюся в тени."
"Preliminary tests have been promising, but I believe I have tapped into something significant regarding the bloodstone.  
  
There is an invisible resonance—threads of a magical lattice—that connects most bloodstone. The smallest shards and slivers are likely too small to maintain a proper connection, and it can be severed or blocked by other means—but in theory, these threads could be used to move souls from one bloodstone to another, even those far away. For those of us well practiced in the necromantic arts, we may even be able to project our own souls through this network! The possibilities are exciting! This could change everything about how we maintain the stones and how and where we pool their resources.  
  
I must show Seraf when he visits tomorrow. He will not be so quick to scorn my methods after he witnesses my breakthrough. Perhaps a toast will be in order?","Предварительные испытания были многообещающими, но я считаю, что наткнулся на нечто важное, касающееся кровавого камня.  
  
Существует невидимый резонанс — нити магической решётки, — который связывает большую часть кровавого камня. Мелкие осколки и кусочки, вероятно, слишком малы, чтобы поддерживать надлежащую связь, и её можно разорвать или заблокировать другими способами — но в теории эти нити можно использовать для перемещения душ из одного кровавого камня в другой, даже на большие расстояния. Для тех из нас, кто хорошо практикуется в некромантии, мы, возможно, сможем проецировать свои собственные души через эту сеть! Возможности захватывают! Это может изменить всё, как мы поддерживаем камни и как и где мы собираем их ресурсы.  
  
Я должна показать Серафу, когда он завтра приедет. Он не будет так быстро высмеивать мои методы после того, как увидит мой прорыв. Возможно, стоит поднять тост?"
"Project Omega: Post-Mortem  
by Head Researcher Skala  
  
Director Kuda has taken full control over all Inquest operations in Eternity's Garden after former Director Vloxx supposedly turned against the Inquest during his operation at the Spire of Exaltation to the north of our position. Given the fluidity of the current situation, I am writing this report to serve both as my final report on Project Omega as well as my official letter of resignation from the Inquest, effective immediately.  
  
**Conclusions**  
Project Omega was, by the reckoning of our speculated project outcomes, a resounding success. Our three surviving subjects attained powers and abilities far beyond that of an ordinary asura. Yet, the project has been rife with red flags. From shoddy quality control and wasted time on redundant analyses to unclear objectives and goal setting from leadership across the board, Project Omega has been nothing short of a researcher's nightmare.  
  
Director Kuda may not be pleased with these findings, but even she cannot deny that her three ""champions"" were neither well-suited nor even-tempered enough to handle the levels of power that they have been given.  
  
Whoever finds this, give my regards to the director, but remind her that Skala is nobody's ""underling.""  
  
I do not expect anyone will find me.","Проект «Омега»: Посмертный анализ  
Главный исследователь Скала  
  
Director Kuda взяла полный контроль над всеми операциями Инквеста в Саду Вечности после того, как бывший директор Влоккс якобы выступил против Инквеста во время своей операции на Шпиле Вознесения к северу от нашей позиции. Учитывая нестабильность текущей ситуации, я пишу этот отчёт, который послужит как моим последним отчётом по Проекту «Омега», так и моим официальным заявлением об уходе из Инквеста, вступающим в силу немедленно.  
  
**Выводы**  
Проект «Омега», по оценке наших предполагаемых результатов, был оглушительным успехом. Три наших выживших субъекта обрели силы и способности, далеко превосходящие обычного асура. Однако проект был полон тревожных сигналов. От плохого контроля качества и потраченного времени на избыточный анализ до неясных целей и постановки задач со стороны руководства — Проект «Омега» был не чем иным, как кошмаром исследователя.  
  
Директор Куда может быть недовольна этими выводами, но даже она не может отрицать, что её три «чемпиона» не были ни подходящими, ни достаточно уравновешенными, чтобы справиться с уровнями силы, которые им были даны.  
  
Кто бы ни нашёл это, передайте мои наилучшие пожелания директору, но напомните ей, что Скала — ничей «подчинённый».  
  
Я не ожидаю, что кто-нибудь меня найдёт."
Pruebas beta,Бета-тестирование
"Purchase the Polychromatic Armor set from Deft Lahar in your homestead.
Unlocking one skin's weight unlocks the other weights' skins.","Приобретите комплект брони «Полихроматический» у Дефта Лахара в своей резиденции.
Разблокировка одного варианта внешнего вида разблокирует и другие варианты для этой же модели."
Quemazarcillos: plata,Quemazarcillos: серебро
"Quivering Warmth jammed the tip of her spear into the training dummy, almost yelling out in frustration in the process. It felt good to work out some of her anger. And she had a lot to be angry about, with her ex-boyfriend Devious Weasel trying to get her in trouble with the local Claw.  
  
And then there was that strange newcomer, Rigid Branch... She gripped tighter onto the length of the spear shaft, thinking of those big paws of his. All of these other bearkin sent her into torpor, but that one...  
  
A spear whipped past her, planting itself into the dummy's head and snapping her out of her thoughts. She looked back to see Rigid Branch approaching, holding another spear in his hand already. ""Wow,"" she thought, staring at it. ""That's the biggest spear I've ever seen. Is that why they call him Rigid Branch?""  
  
Quivering Warmth remained frozen, overwhelmed by the moment, as Rigid Branch came over and pulled out the embedded spear. ""Already in torpor, you are,"" he teased. She shook her head at him, flustered.  
  
""You'll never get the job done, gripping it like that,"" he continued, his paws touching hers. He loosened her grip, transferring her paws over to the longer spear. He stood behind her, setting her feet, showing her how to position for maximum effectiveness.  
  
As his big strong paws wrapped around hers, she couldn't help but wonder if there might be a different reason they called him Rigid Branch.","Дрожащее Тепло вонзила наконечник своего копья в тренировочное чучело, почти выкрикивая от разочарования. Было приятно выплеснуть часть гнева. А злиться ей было на что: её бывший парень Коварный Хорек пытался подставить её перед местным Когтем. 
  
А ещё был этот странный новичок, Жесткая Ветвь... Она крепче сжала древко копья, думая о его больших лапах. Все остальные медведи-люди вгоняли её в ступор, но этот... 
  
Мимо неё просвистело копьё, вонзившись в голову чучела и вырвав её из раздумий. Она обернулась и увидела приближающегося Жесткую Ветвь, уже держащего в руке другое копьё. «Ого, — подумала она, глядя на него. — Это самое большое копьё, которое я когда-либо видела. Поэтому его и называют Жесткой Ветвью?» 
  
Дрожащее Тепло застыла, ошеломленная моментом, пока Жесткая Ветвь подошёл и вытащил вонзившееся копьё. «Ты уже в ступоре», — поддразнил он. Она смущенно покачала головой. 
  
«Ты никогда не справишься, сжимая его так», — продолжил он, его лапы коснулись её. Он ослабил её хватку, переместив её лапы на более длинное копьё. Он встал позади неё, поставив её ноги, показывая, как расположиться для максимальной эффективности. 
  
Когда его большие сильные лапы обхватили её, она не могла не задаться вопросом, не было ли другой причины, по которой его называли Жесткой Ветвью."
"Ragna teases me whenever we drink. ""You do it so carefully, Wurmsbearer."" She'd down a keg just to make a point, if she weren't carrying. A daughter, she thinks. Eir sent a number of herbal mixtures that aided her ahead of young Braham's birth, but Na misses ale.  
  
Sejm and I are getting ready to travel far north to Saldistead once spring arrives; the storm is too brutal to cross now (and more importantly, I'd rather not encounter those beasts with cold feet). They've grown apart from us, our people. Knut is worried what they'll do in isolation.  
  
For now, we fortify. Come winter, we'll have one more belly to keep full. A smaller one, but game is less bountiful on this side of the Shiverpeaks nonetheless. We all miss Hoelbrak.","Рагна дразнит меня всякий раз, когда мы пьём. «Ты делаешь это так осторожно, Носительница Червей». Она бы осушила бочку просто ради принципа, если бы не была беременна. Она думает, что будет дочь. Эйр прислала несколько травяных смесей, которые помогали ей до рождения юного Брама, но На скучает по элю.
  
Мы с Сеймом готовимся отправиться далеко на север, в Салдистед, как только наступит весна; буря сейчас слишком сильна, чтобы переходить её (и, что важнее, я бы предпочла не встречаться с теми тварями, дрожа от холода). Они отдалились от нас, наши люди. Нут беспокоится, что они натворят в изоляции.
  
А пока мы укрепляемся. К зиме у нас будет ещё один рот, который нужно кормить. Поменьше, но дичь здесь, по эту сторону Ледяных пиков, всё равно не так обильна. Мы все скучаем по Хельбрэку."
"Receive a Free Level-80 Boost<br>
Buy Now!","Получить бесплатное усиление до 80-го уровня<br>
Купить сейчас!"
"Receive at least 5 research notes, most of the time.

<c=#Flavor>Imagine making an item just to destroy it. Just give it to me!</c>","Получайте не менее 5 исследовательских заметок большую часть времени.

<c=#Flavor>Представьте, что вы создаете предмет только для того, чтобы уничтожить его. Просто отдайте его мне!</c>"
Recogida,Сбор
"Recommended fishing power: %num1%
Your fishing power: %num2%

This fishing location is expert-level difficulty.

<c=@reminder>Increasing your fishing power can make fishing at this location easier. </c>","Рекомендуемая сила рыбалки: %num1%
Ваша сила рыбалки: %num2%

Это место для рыбалки имеет уровень сложности «Эксперт».

<c=@reminder>Увеличение силы рыбалки может облегчить рыбалку в этом месте. </c>"
"Recruit,

General Almorra Soulkeeper has issued orders to rendezvous at the Vigil Headquarters in Lion's Arch. There, I'll brief you on the directives for your first mission: assisting me with a difficulty at the fortress of Ebonhawke. The General's taken a personal interest in you. I trust you'll live up to her expectations.

Welcome to the Vigil.

—Warmaster Forgal Kernsson","Рекрут,

Генерал Алморра Хранительница Душ отдала приказ встретиться в штабе Дозора в Lion's Arch. Там я ознакомлю вас с указаниями для вашего первого задания: помощь мне в решении проблемы в крепости Эбонхок. Генерал проявила к вам личный интерес. Я доверяю, что вы оправдаете её ожидания.

Добро пожаловать в Дозор.

—Военачальник Forgal Kernsson"
"Renown Item,
Deposit into food baskets to help the Makali community of the Desert Highlands.,
<c=@Flavor>Despite the hardscrabble nature of nomadic life, the generosity on display is immense.</c>","Предмет известности,
Положите в корзины с едой, чтобы помочь общине макали в Пустынных нагорьях.,
<c=@Flavor>Несмотря на суровость кочевой жизни, щедрость здесь огромна.</c>"
"Renyak,  
  
I hope you are well, but unfortunately I'm writing with a knife to my throat.  
  
Sentius informed us that some adversary named ""B"" is having us march on Cragstead; a small village just outside of Hoelbrak. I haven't met such a character myself, but Sentius and Falx are...shaken by B's sway. They're already facing enough pushback from the dredge for treating their women with ""disrespect,"" so we're taking a slightly more diplomatic route. I will be leading the charge while they remain in the war room.  
  
When the place is burned to a crisp, I will deliver the supplies you called for. I must say, whatever experiment they have you working on that requires that much Deldrimor steel... Well, it's going to take multiple trips to deliver it all. It better be worth the trip.  
  
Go with the might of a rock, the will of steel.  
  
Your brother, Caros","Реняк,  
  
Надеюсь, у тебя всё хорошо, но, к сожалению, я пишу с ножом у горла.  
  
Сентий сообщил нам, что некий противник по имени ""Б"" заставляет нас двинуться на Крэгстед — маленькую деревушку неподалёку от Хоэлбрака. Я сам не встречался с таким персонажем, но Сентий и Фалькс... потрясены влиянием Б. Они уже сталкиваются с достаточным сопротивлением со стороны землероев из-за ""неуважительного"" обращения с их женщинами, так что мы выбрали чуть более дипломатичный путь. Я поведу наступление, пока они остаются в штабе.  
  
Когда поселение догорит дотла, я доставлю припасы, которые ты запрашивал. Должен сказать, какой бы эксперимент они ни заставили тебя проводить, требующий столько делдриморовской стали... Что ж, чтобы доставить всё это, потребуется несколько рейсов. Надеюсь, оно того стоит.  
  
Иди с могуществом скалы и волей стали.  
  
Твой брат, Карос"
"Requires completion of these achievements to purchase:
• This Far, No Further 
• Defending History, Informing the Future","Требуется завершение этих достижений для покупки:
• Дальше некуда
• Защищая историю, формируя будущее"
"Return these to Awakened Servant Tooraj near the Vehjin Mines.
<c=@Flavor>As Awakened age, having physical reminders of their origins and history becomes increasingly important.</c><br>Renown Item","Верните их пробужденному слуге Тооражу возле шахт Веджин.
<c=@Flavor>С возрастом пробужденные начинают все больше ценить физические напоминания о своем происхождении и истории.</c><br>Предмет славы"
"Revive %num2% ally[pl:""allies""].

<c=@reminder>Downed or defeated players and allies can be revived by approaching and interacting with them to restore their health. Multiple people can revive the same ally at once to restore health faster.</c>","Возродите %num2% [союзника|союзника|союзников].

<c=@reminder>Падших или поверженных игроков и союзников можно возродить, подойдя к ним и взаимодействуя с ними для восстановления здоровья. Несколько человек могут одновременно возрождать одного союзника, чтобы быстрее восстановить его здоровье.</c>"
"Reviving an ally grants Pumpkin Prowess to both you and your revived ally.
Pumpkin Prowess increases power, toughness, and vitality.
+10%% Experience from Kills
+30%% Magic Find","Воскрешение союзника дарует Тыквенное Мастерство и вам, и вашему воскрешенному союзнику.
Тыквенное Мастерство увеличивает силу, стойкость и живучесть.
+10%% опыта за убийства
+30%% поиска магии"
Ritualisten-Training – 2. Teil,"Ритуалы: обучение, часть 2."
"Rustbane,

This rat infestation is out of hand. Do NOT let those critters get into the food supply, and don't hesitate to exterminate them if they come into Hullgarden—they're obviously infected with some kind of plague. This is the last thing we need! As if it wasn't hard enough to gather food and survive around here...

Do your best, and I'll see if I can rustle up some help for you. Somebody needs to figure out where these damned things are coming from! Didn't you say you had some thoughts about that?

—Osborne","Ржаворуб,

Это крысиное нашествие вышло из-под контроля. НЕ дай этим тварям добраться до запасов еды и, если они полезут в Халгардин, не медли — истребляй: они явно заражены какой-то чумой. Только этого нам не хватало! Будто и без того легко добывать еду и выживать в этих краях...

Делай что можешь, а я попробую раздобыть тебе подмогу. Кто-то должен выяснить, откуда лезут эти проклятые твари! Ты вроде говорил, что у тебя есть соображения на этот счёт?

—Осборн"
"Salutations,

From what I hear, the talks at Summit Peak are going well. The Separatists and Renegades are still trying their best to cause trouble, but we've been able to keep them in check on our front. Of course, that wouldn't have been possible without the strength and resourcefulness you displayed on The Siege Plains. I hope this letter finds you well and that your success here encourages you to continue in kind.

—Lieutenant Marrel","Приветствую,

Судя по тому, что я слышу, переговоры на Вершинном Пике идут хорошо. Сепаратисты и Отступники по-прежнему изо всех сил стараются напакостить, но на нашем участке мы держим их в узде. Разумеется, без силы и находчивости, что вы проявили на Осадных Равнинах, это было бы невозможно. Надеюсь, письмо застанет вас в добром здравии и что здешний успех вдохновит вас продолжать в том же духе.

—Lieutenant Marrel"
"Salutations, adventurer! Across Tyria, many have heard of the terror of the Molten Alliance that plagued the northlands—and now, a new opportunity has come to let you revisit their downfall firsthand!

That's right, in the Consortium's proprietary Fractals of the Mists, you can relive pivotal moments in Tyria's history within Mists-based simulacrum environments*. Accompany up-and-coming heroes into the subterranean lair of the Molten Alliance, rescue their prisoners, and escape their dastardly overseers!

Fabulous experiences and exciting prizes await in the Fractals of the Mists! Try it today in Lion's Arch!

—Your friends at the Consortium

*Fractal recreations are not guaranteed to be precisely accurate to historic events. Terms and conditions apply; see attached adventurer agreement for details and liability waiver.

(You received this message as a party of interest in events that have been identified as appearing in Fractal recreations. If you wish to unsubscribe from future Consortium offers and opportunities, please submit a notarized letter of disinterest (Form-3C-D) to our Lion's Arch offices for processing.)","Приветствие, искатель приключений! По всей Тирии многие слышали об ужасе Расплавленного Альянса, терзавшего северные земли — и теперь появилась новая возможность лично пережить их падение!

Да, именно так, в фирменных Fractals of the Mists Консорциума вы можете заново пережить ключевые моменты истории Тирии в средах-симулякрах на основе Тумана*. Сопроводите многообещающих героев в подземное логово Расплавленного Альянса, спасите их пленников и сбегите от их подлых надзирателей!

Невероятные впечатления и захватывающие призы ждут вас в Fractals of the Mists! Попробуйте сегодня в Львином Логе!

— Ваши друзья из Консорциума

*Воссоздание фракталов не гарантирует точного соответствия историческим событиям. Применяются условия; подробности и отказ от ответственности см. в прилагаемом соглашении искателя приключений.

(Вы получили это сообщение как заинтересованная сторона в событиях, которые были определены как появляющиеся в воссозданиях фракталов. Если вы хотите отказаться от будущих предложений и возможностей Консорциума, пожалуйста, отправьте заверенное письмо о незаинтересованности (Форма-3C-D) в наш офис в Львином Логе для обработки.)"
"Salutations, favored test subject!

Once again, I have opened my pop-up shop in the fine city of Lion's Arch to supply its eager populace with my tonics, reagents and novel arcana. Potions to change your outlook on life are flying off the shelves, and appreciation for the whimsical sweeps the city!

As my brightest patron and live-trial participant, you may be particularly interested in my latest creation, the Fool's Ocular Tonic! One sip will open your worldview to new understanding, allowing you to see yourself and your fellows as though your eyes were once again unclouded by the years of doubts, suffering, and heartwrenching heroic endeavor. Plus, it's got a neat taste!

Just look for all the dogs! I'm right next to the big one!

—Professor Smoll","Приветствие, любимый подопытный!

Я вновь открыл свой временный магазинчик в прекрасном городе Львиный Лог, чтобы снабдить его жаждущее население своими тониками, реагентами и новомодными арканумами. Зелья, меняющие ваш взгляд на жизнь, разлетаются с полок, а любовь к причудам охватывает город!

Как мой самый яркий покровитель и участник живых испытаний, вы можете быть особенно заинтересованы в моём последнем творении — тонике для глаз дурака! Один глоток откроет ваше мировоззрение для нового понимания, позволяя вам увидеть себя и своих товарищей так, словно ваши глаза вновь не затуманены годами сомнений, страданий и душераздирающих героических подвигов. Плюс, у него отличный вкус!

Просто ищите собак! Я прямо рядом с большой!

— Professor Smoll"
"Salvage Item,
'<c=@Flavor> Elona''s cobblers are probably deserving of more praise', considering the longevity of their works.</c>","Предмет для разбора,
'<c=@Flavor> Сапожники Элоны, вероятно, заслуживают большей похвалы', учитывая долговечность их работ.</c>"
"Sanctum Harbor:
Haul in a fresh karka catch.","Sanctum Harbor:
вытащите свежий улов карка."
"Sandswept Isles, where the shortsighted seek immediate power and knowledge.

Note: Completion of this achievement requires completion of the Riding Skyscales achievements.","Песчаные острова, где недальновидные ищут мгновенную власть и знания.

Примечание: для получения этого достижения необходимо выполнить достижения «Укрощение небесных ящеров»."
Saut jusqu'à l'emplacement désigné. Utilise 1 munition. Vole des munitions aux ennemis sur lesquels vous atterrissez.,"Прыжок в указанное место. Использует 1 боеприпас. Крадёт боеприпасы у врагов, на которых вы приземляетесь."
"Savant (or whatever your current rank is—you keep moving up so fast it's hard to keep track),
I've been watching your progress since you left to join your order, and I continue to be impressed. Nice work recruiting the grawl—wild, unruly apes can be a real pain to deal with (remind me to tell you about the one I know named Logan), but it sounds like you handled it with aplomb.
Don't let losing their village weigh you down. If it weren't for you, they wouldn't be alive and so having a home wouldn't matter. At least this way there's enough of them left to rebuild.
I'm about to walk into what could be an exciting new development, but it could also be a total waste of my time. Logan (the aforementioned ape) may be there, as it involves Krytan royalty. I just hope I can keep him from making a drake's breakfast of the entire thing.
Keep up the good work,
—Zojja","Савант (или как там твой текущий ранг — ты так быстро поднимаешься, что за тобой не угнаться),
Я слежу за твоими успехами с тех пор, как ты ушёл в свой орден, и ты продолжаешь меня впечатлять. Отличная работа с вербовкой граулей — дикие, необузданные обезьяны могут быть настоящей головной болью (напомни мне рассказать тебе об одном таком, по имени Логан), но, судя по всему, ты справился с этим блестяще.
Не позволяй потере их деревни тяготить тебя. Если бы не ты, они бы не выжили, и тогда дом не имел бы значения. По крайней мере, теперь их осталось достаточно, чтобы отстроиться заново.
Я собираюсь ввязаться в то, что может оказаться захватывающим поворотом, а может — пустой тратой времени. Логан (вышеупомянутая обезьяна) может быть там, так как это касается крайтанской знати. Надеюсь только, что мне удастся помешать ему превратить всё это в драконье утро.
Продолжай в том же духе,
—Зойя"
"Savant (or whatever your current rank is—you keep moving up so fast it's hard to keep track),
I've been watching your progress since you left to join your order, and I continue to be impressed. Nice work recruiting the hylek—hulking, squishy-skinned brutes can be a real challenge to deal with (remind me to tell you about the one I know named Logan), but it sounds like you handled it with aplomb.
Don't let losing their village weigh you down. If it weren't for you, they wouldn't be alive and so having a home wouldn't matter. At least this way there's enough of them left to rebuild.
I'm about to walk into what could be an exciting new development, but it could also be a total waste of my time. Logan (the aforementioned squishy-skinned brute) may be there, as it involves Krytan royalty. I just hope I can keep him from making a drake's breakfast of the entire thing.
Keep up the good work,
—Zojja","Савант (или как там твой текущий ранг — ты так быстро поднимаешься, что за тобой не угнаться),
Я слежу за твоими успехами с тех пор, как ты ушёл в свой орден, и ты продолжаешь меня впечатлять. Отличная работа с вербовкой хилеков — здоровенные, мягкотелые громилы могут быть настоящей проблемой (напомни мне рассказать тебе об одном таком, по имени Логан), но, судя по всему, ты справился с этим блестяще.
Не позволяй потере их деревни тяготить тебя. Если бы не ты, они бы не выжили, и тогда дом не имел бы значения. По крайней мере, теперь их осталось достаточно, чтобы отстроиться заново.
Я собираюсь ввязаться в то, что может оказаться захватывающим поворотом, а может — пустой тратой времени. Логан (вышеупомянутый мягкотелый громила) может быть там, так как это касается крайтанской знати. Надеюсь только, что мне удастся помешать ему превратить всё это в драконье утро.
Продолжай в том же духе,
—Зойя"
"Savant,

I wanted to meet you in Lion's Arch, but there's a complication. I just got a letter from a crazy sylvari I know named Caithe, and she wants to speak with me. I know it's annoying, but if you could come, I'd like to have you there. Two heads are better than one. 

—Zojja","Савант,

Я хотел встретиться с тобой в Lion's Arch, но возникло осложнение. Я только что получил письмо от одной сумасшедшей сильвари, которую знаю, по имени Кейт, и она хочет поговорить со мной. Знаю, это раздражает, но если бы ты мог прийти, я бы хотел, чтобы ты был там. Одна голова хорошо, а две лучше.

— Зойя"
"Savant,

Masterful sleuthing in Wayfarer Foothills and Diessa Plateau has led us to new insights. A dredge and Flame Legion alliance? Talk about unnatural. Not even my craziest conjecture could have predicted that coupling. And when the blind and bullish collide, you can expect acute stupidity to follow (they're calling themselves the ""Molten Alliance,"" if that gives you any indication of their subpar creativity).

But I digress—it's evident that the muttonheads in the Black Citadel and Hoelbrak have lost control of the situation. While my presence is essential in Rata Sum, you have the noble opportunity to lend the cities your assistance. Check in at the Black Citadel's Imperator's Core, where their high-ranking officials have organized a defense quorum. Declare your support, then convene with Rytlock for additional instruction.

—Zojja","Савант,

Мастерское расследование в Wayfarer Foothills и на плато Дьесса привело нас к новым открытиям. Союз землероев и Flame Legion? Говорить о неестественном. Даже мои самые безумные догадки не могли предсказать такую пару. А когда слепой и самоуверенный сталкиваются, можно ожидать острой глупости (они называют себя «Molten Alliance», если это даёт тебе представление об их посредственной креативности).

Но я отвлекся — очевидно, что бараны в Black Citadel и Хельбреке потеряли контроль над ситуацией. Хотя мое присутствие необходимо в Рата Суме, у тебя есть благородная возможность оказать городам помощь. Зайди в Императорское Ядро Black Citadel, где высокопоставленные чиновники организовали оборонительный кворум. Заяви о своей поддержке, затем встреться с Ритлоком для дополнительных указаний.

— Зойя"
"Savant,
There's been an incident that you need to address. A butler golem you designed has gone haywire and I need to talk to you about it. The Snaff Prize carries a certain amount of prestige, but there's also responsibility that goes with the title. Come see me right away so we can fix this.
—Zojja","Савант,
Произошёл инцидент, который тебе нужно уладить. Голем-дворецкий, которого ты спроектировал, вышёл из строя, и мне нужно поговорить с тобой об этом. Премия Снаффа несёт определенный престиж, но с этим званием приходит и ответственность. Приходи ко мне немедленно, чтобы мы могли это исправить.
— Зойя"
"Scherbe[pl:""Scherben""] der Heimstatt",Осколок домашнего Очага
Schlafenszeit,Время сна.
Schmetterschritt,Бабочковый шаг
Schützende Dämmerung hilft verletzten Tieren in der unteren Tundra und braucht dabei Hilfe.,Защитные сумерки помогают раненым животным в нижней тундре и нуждаются в помощи.
"Seashell and Squid Stew  
  
Start by dicing your squid, fresh as fresh can be, and lightly frying it in coconut oil. When golden, remove from the flame. Next, cook your wild onions, leafy greens, and a touch of kelp. Add whatever seasonings to taste. (I added a handful of spicy flowers!)  
  
When your mixture is wilted, add back in your squid and half a coconut shell of braising liquid (see recipe from volume 84 on how to make bone broth). Allow the mixture to fully combine, and simmer for 1 hour.  
  
Allow to cool, then serve in a simple seashell for beauty and class. Your guests will be begging for more!","Рагу из ракушек и кальмара  
  
Начните с нарезки кальмара кубиками, максимально свежего, и слегка обжарьте его на кокосовом масле. Когда он станет золотистым, снимите с огня. Затем приготовьте дикий лук, листовую зелень и немного водорослей. Добавьте приправы по вкусу. (Я добавила горсть острых цветов!)  
  
Когда смесь увянет, верните кальмар и половину кокосовой скорлупы жидкости для тушения (см. рецепт из тома 84 о том, как приготовить костный бульон). Дайте смеси полностью соединиться и тушите 1 час.  
  
Дайте остыть, затем подавайте в простой ракушке для красоты и изысканности. Ваши гости будут умолять о добавке!"
"Seasonal. For sale only during the Halloween season.
This full Mad King's outfit can be toggled to replace the appearance of your current armor. 
Also includes the Mad King's Scepter as a bundle item with five fun, nonlethal costume skills!","Сезонное. Продаётся только в сезон Хэллоуина.
Этот полный костюм Безумного короля можно переключать, заменяя внешний вид вашей текущей брони.
Также включает Скипетр Безумного короля как предмет-набор с пятью забавными, нелетальными костюмными умениями!"
"Send an unblockable fragment of Razah toward the targeted area. When the fragment reaches its target, shadowstep to its position, dealing damage to enemies in the area. If it hits, you can use this skill up to two more times with no energy cost or casting time.

<c=@abilitytype>Resonance.</c> If Legendary Assassin Stance is equipped, this skill deals additional damage and removes boons if only one enemy was struck by this attack.","Отправить неблокируемый фрагмент Разаха в указанную область. Когда фрагмент достигает цели, совершите теневой шаг к её позиции, нанося урон врагам в области. Если атака попадает, вы можете использовать это умение ещё два раза без затрат энергии и времени применения.

<c=@abilitytype>Резонанс.</c> Если активирована стойка «Легендарный убийца», умение наносит дополнительный урон и снимает благотворные эффекты, если атака поразила только одного врага."
Serviert einem Kodan seine Bestellung: Hammelbraten,Подает кодану его заказ: жаркое из баранины
Sistema heredado,Устаревшая система
Site remarquable,Site remarquable
"Skins have no stats of their own.
Can only be used by characters who wear medium armor.","Облики не имеют собственных характеристик.
Может использоваться только персонажами, носящими среднюю броню."
"Skup is gone. They're all gone. I've put myself in harm's way looking for signs of them, to no avail.  
  
After an extended search, I returned to my prior observation point among the waterfalls. I watched as more of the creatures were gathered and escorted through the door of the towerlike rock structure, but at that distance I could not make out individual faces. I don't know that I could recognize their faces regardless, as it was their voices that distinguished them for me. Perhaps I watched as my new friends were carted away to...Alchemy knows what.  
  
Ah, Skup. I hope this was all jumping at shadows. That you and Grink and Bosh and Till are being fed and housed and—  
  
I'm lying to myself. I know I'm lying to myself. I have to. The reality of this situation is too cruel to consider. I have to. I have to, so I can continue with my duty—even if it is imagined duty.  
  
Northward.  
  
—Operative Selly","Скуп исчез. Они все исчезли. Я рисковал, разыскивая их следы, но безуспешно.
  
После долгих поисков я вернулся на прежнюю точку наблюдения среди водопадов. Я видел, как собирали и уводили в дверь башнеподобной скальной структуры всё больше существ, но на таком расстоянии я не мог разглядеть лиц. Впрочем, я вряд ли узнал бы их лица — меня отличали их голоса. Возможно, я смотрел, как моих новых друзей увозят... Алхимия знает куда.
  
Ах, Скуп. Надеюсь, всё это лишь тени на стене. Что тебя, Гринка, Боша и Тилля кормят, дают кров и...
  
Я лгу себе. Я знаю, что лгу себе. Иначе нельзя. Реальность слишком жестока, чтобы её принять. Я должен. Должен, чтобы продолжать свой долг — даже если он воображаемый.
  
На север.
  
— Оперативник Сэлли"
Sombra campeona,Сомбра — чемпионка.
"Some think that criminals can do as they please as long as they do it away from the eyes of lawful citizens. The truth is, we can't allow the bandits to go forward with their schemes, even out in wild lands such as these. I'm glad to have someone like you on our side who understands the importance of this. Perhaps you could be of service to the Seraph Observers posted west of here.<b><b>
—Seraph Soldier Goran","Некоторые думают, что преступники могут делать всё, что им вздумается, лишь бы они делали это вдали от глаз законопослушных граждан. Правда в том, что мы не можем позволить бандитам осуществлять свои планы, даже в таких диких землях, как эти. Я рад, что на нашей стороне есть кто-то вроде вас, кто понимает важность этого. Возможно, вы могли бы помочь серафическим наблюдателям, расположенным к западу отсюда.<b><b>
—Серафимский солдат Горан"
"Sorry to ditch you like that, but Emer would never have let me make the trade, and I didn't have time to argue. Once I get Sesric back, I'll meet you at Highpass Haven. If you and Emer still want to bring me in, I'll go quietly, but not until Sesric is safe. I hope you understand. Thanks for helping me. I will see you at the haven when this is all over.
—Vallus Smokemane","Извини, что бросил тебя так, но Эмер никогда бы не позволила мне совершить обмен, а у меня не было времени спорить. Как только я верну Сесрика, встретимся в Убежище Высокогорья. Если вы с Эмер всё ещё захотите меня арестовать, я подчинюсь без сопротивления, но только когда Сесрик будет в безопасности. Надеюсь, ты понимаешь. Спасибо за помощь. Увидимся в убежище, когда всё закончится.
— Vallus Smokemane"
Spieler-Kamerawackeln deaktivieren,Отключить тряску камеры игрока.
Sprechen Stiller Wasser,Говорить тихой воды
Sprecht mit Crecia,Поговорите с Крецией.
Sprecht mit Paela im Blutstein-Forschungslager.,Поговорите с Паэлой в Лагере исследований Кровавого камня.
"Stats only apply in WvW:
+10%% Outgoing Healing
+80 Healing Power
+60 Concentration
+10%% Karma
+5%% All Experience Gained
+20%% Magic Find
+20%% Gold Find
+10%% WXP Gained","Характеристики действуют только в PvP-режиме «Завоевание территорий»:
+10%% к исцелению, наносимому в бою.
+80 к силе исцеления.
+60 к концентрации.
+10%% к получаемой карме.
+5%% ко всему получаемому опыту.
+20%% к шансу найти магические предметы.
+20%% к шансу найти золото.
+10%% к получаемому опыту мира."
"Stats only apply in WvW:
-10%% Incoming Damage
+80 Power
+60 Ferocity
+10%% Karma
+5%% All Experience Gained
+20%% Magic Find
+20%% Gold Find
+10%% WXP Gained","Характеристики действуют только в PvP:
-10%% входящего урона
+80 силы
+60 ярости
+10%% кармы
+5%% ко всему получаемому опыту
+20%% шанса найти магические предметы
+20%% шанса найти золото
+10%% получаемого опыта мира"
"Storm the city of Lion's Arch to drive out Scarlet's invading armies. Split up to retake each front, and face the final challenge of the assault knights!
Contains story from Season 1 of Living World.","Штурмуйте город Lion's Arch, чтобы изгнать вторгшиеся армии Скарлетт. Разделитесь, чтобы отбить каждый фронт, и примите последний вызов штурмовых рыцарей!
Содержит историю из 1-го сезона Живого мира."
"Successfully complete a Convergence with challenge mode active and Demon Knight chosen as the final boss to log your completion time.

Scoring is based on completion time under or equal to target time.","Успешно завершите Схождение с активным режимом испытания и выбранным Рыцарем-демоном в качестве финального босса, чтобы зафиксировать время завершения.

Оценка основывается на времени завершения, которое не превышает целевое время."
"Successfully complete a Convergence with challenge mode active and Dreadwing chosen as the final boss to log your completion time.

Scoring is based on completion time under or equal to target time.","Успешно завершите Схождение с активным режимом испытания и выбранным Ужасокрылом в качестве финального босса, чтобы зафиксировать время завершения.

Оценка основывается на времени завершения, которое не превышает целевое время."
"Successfully complete a Convergence with challenge mode active and Sorrow chosen as the final boss to log your completion time.

Scoring is based on completion time under or equal to target time.","Успешно завершите Схождение с активным режимом испытания и выбранной Скорбью в качестве финального босса, чтобы зафиксировать время завершения.

Оценка основывается на времени завершения, которое не превышает целевое время."
"Successfully complete a Convergence with challenge mode active and Umbriel, Halberd of House Aurkus, chosen as the final boss to log your completion time.

Scoring is based on completion time under or equal to target time.","Успешно завершите Схождение с активным режимом испытания и Умбриэль, Алебардой Дома Ауркус, выбранной в качестве финального босса, чтобы записать время завершения.

Оценка основывается на времени завершения, равном или меньшем целевого времени."
"Successfully complete a Convergence within Mount Balrior with challenge mode active and Greer chosen as the final boss to log your completion time.

Scoring is based on completion time under or equal to target time.","Успешно завершите Схождение в горе Балриор с активным режимом испытания и Грир, выбранным в качестве финального босса, чтобы записать время завершения.

Оценка основывается на времени завершения, равном или меньшем целевого времени."
"Swim wear perfect for any beach activity.

Town clothes cannot be worn while in combat.","Купальный костюм, идеальный для любого пляжного отдыха.

Городскую одежду нельзя носить в бою."
"Swirling Mists faintly glow within.,
<c=@reminder>May be sold to vendors.</c>","Внутри слабо мерцают кружащиеся туманы.,
<c=@reminder>Можно продать торговцам.</c>"
"TO: Commander %str1%

We're planning our assault on Mordremoth at Camp Resolve, our new staging area in the Silverwastes. The time has come for all to stand and deliver, and I would like you to assist with our preparations here. I have a specific mission for you, if you're game.

The Seraph of Kryta have secured a new route to our staging area through Fort Vandal. Evidence suggests the bandits hastily abandoned the location recently. The guards posted there may know more. Please journey safely. The increased Mordrem activity is making travel especially dangerous.

—Trahearne","КОМУ: командиру %str1%

Мы готовим наступление на Мордремота в Лагере Решимости, нашем новом плацдарме в Серебряных Пустошах. Настало время всем встать и действовать, и я хотел бы, чтобы вы помогли нам здесь с приготовлениями. У меня есть для вас особое задание, если вы согласны.



Серафимы Крайты обеспечили новый путь к нашему плацдарму через Fort Vandal. Судя по всему, разбойники недавно спешно покинули это место. Выставленные там стражи могут знать больше. Прошу, путешествуйте осторожно. Возросшая активность мордремов делает дорогу особенно опасной.—Трихерн"
"TO: High Councillor Flax, Arcane Council  
FROM: Director Ezuli, Rata Sum Port Authority  
DATE: 1338 AE  
SUBJECT: Port Authority Records Sealing Inquiry  
  
High Councillor, I demand any and all information on your little ""audit"" of my database. Must I remind you that this is *my* jurisdiction and does not follow protocol, which even *you* must obey?  
  
I am more than happy to direct my krewe to assist the Arcane Council in whatever skylarking they pursue, but not blindly. I expect answers, or I will take my distaste to the next public forum with the council and city directors.  
  
Director Ezuli","КОМУ: верховному советнику Флаксу, Тайный совет
ОТ: директора Эзули, Портовое управление Рата Сума
ДАТА: 1338 г. ПИ
ТЕМА: запрос о засекречивании записей Портового управления

Верховный советник, я требую любые и все сведения о вашей маленькой «проверке» моей базы данных. Мне ли напоминать, что это *моя* юрисдикция и что это идёт вразрез с протоколом, которому даже *вы* обязаны подчиняться?

Я более чем рада направить своё крю в помощь Тайному совету в любых его затеях, но не вслепую. Я жду ответов, иначе вынесу своё недовольство на ближайший публичный форум с советом и директорами города.

Директор Эзули"
Taillade nécrotique,Taillade nécrotique
"Tales are already being told of your exploits throughout our region. Thank you for all of your efforts to help our people in these hard times.

—Aksim

PS: Rehman—the camp cook at Marifa refugee camp—dropped by and told me to tell you that he's keeping Priestess Karima stocked with treats for your raptor, in case you find yourself in her area helping out in the future.","О ваших подвигах уже слагают легенды по всему нашему краю. Спасибо за все ваши усилия, чтобы помочь нашему народу в эти трудные времена.

—Аксим

P.S. Рехман — лагерный повар в лагере беженцев Марифа — заходил и просил передать, что он снабжает жрицу Кариму лакомствами для вашего ящера, на случай если вы окажетесь в её краях и будете помогать в будущем."
"Talk to Astral Ward Medic Miyrna in Lion's Arch or Bava Nisos and accept her request. 

<c=@flavor>""Good luck!""</c>","Поговорите с медиком Астральной стражи Миирной в Lion's Arch или Bava Nisos и примите её просьбу. 

<c=@flavor>«Удачи!»</c>"
Taucht in die Thermalquellen auf der Tundra ein.,Окунитесь в термальные источники в тундре.
"Teinture[pl:""Teintures""] arrogance",Эссенция Гордости
"Term of employment: 1837–present

Current title: Head of Security

Status: Full-time

Notes: Previously employed as a dockmaster in New Kaineng Harbor for twenty years. Loyalty to Xunlai Jade is unequaled among staff. Volunteered to head the Xunlai summer picnic committee. Must speak to him again about the fact that at work we are Captain and Executive, not ""Uncle Fa and Joon-ee.""","Срок работы: 1837–настоящее время

Текущая должность: Начальник службы безопасности

Статус: Полный рабочий день

Примечания: Ранее работал начальником дока в гавани Нового Кайнинга в течение двадцати лет. Преданность Сюньлай Нефрит среди сотрудников не имеет себе равных. Вызвался возглавить комитет по организации летнего пикника Сюньлай. Нужно снова поговорить с ним о том, что на работе мы — Капитан и Исполнительный директор, а не «Дядя Фа и Джуни»."
"Test 5: Creation 23 displays some psychic capabilities and can seemingly attract beings against their will. On a related note, Assistant Megg's arm will likely need a cybernetic replacement.

Additional work on technological components might allow greater control over 23's behavior. 

Test 27: Increasing power to cranial transplant resulted in increased control of 23. I am now able to control 23's actions. Sporadically.

Unexpectedly, this allowed 23 to control victims even after death. Further research needed.

Test 51: Progressed to field testing at biomancer's request. Internal testing was negatively impacting research staffing.

23 has gained the ability to shield itself, using its surroundings somehow. Abilities seem to encompass manipulation of inorganic materials. Next: decrease cranial implant power by 5%%.","Тест 5: Создание 23 проявляет некоторые психические способности и, по-видимому, может притягивать существ против их воли. Кстати, руку ассистента Мегг, скорее всего, придётся заменить кибернетическим протезом.

Дополнительная работа над технологическими компонентами может позволить лучше контролировать поведение 23.

Тест 27: Увеличение мощности краниального трансплантата привело к усилению контроля над 23. Теперь я могу управлять действиями 23. Время от времени.

Неожиданно это позволило 23 контролировать жертв даже после смерти. Требуются дальнейшие исследования.

Тест 51: Перешли к полевым испытаниям по просьбе биоманта. Внутренние испытания негативно сказывались на кадровом составе исследователей.

23 обрело способность защищать себя, используя каким-то образом своё окружение. Способности, по-видимому, включают манипуляцию неорганическими материалами. Далее: уменьшить мощность краниального имплантата на 5%%."
"Test the skies on a skyscale! Whenever you are in <c=#29AF9E>Guild Wars 2: Secrets of the Obscure</c> explorable zones, you can travel the skies with the help of your Astral Ward-certified skyscale.

Unlock permanent access to the skyscale by completing the <c=#29AF9E>Flight Training</c> Mastery track, or by purchasing <c=#29AF9E>Guild Wars 2: Path of Fire</c> and <c=#29AF9E>Living World Season 4</c> and unlocking the <c=#29AF9E>Skyscale Mount</c> Mastery track.","Испытайте небеса на скае! Находясь в исследуемых зонах <c=#29AF9E>Guild Wars 2: Secrets of the Obscure</c>, вы можете путешествовать по небу с помощью своего ская, сертифицированного Astral Ward.

Разблокируйте постоянный доступ к скаю, завершив ветку мастерства <c=#29AF9E>Обучение полёту</c>, либо приобретя <c=#29AF9E>Guild Wars 2: Путь Огня</c> и <c=#29AF9E>Living World, сезон 4</c> и разблокировав ветку мастерства <c=#29AF9E>Ездовое животное — скай</c>."
"Thank you for everything you've done at Owl's Abbatoir. Through your selfless acts, you have truly honored Owl. It gives me hope that her teachings will yet be remembered and inspires me to do more myself.

Sincerely,

—Lahri","Спасибо за всё, что ты сделал в Бойне Совы. Своими бескорыстными поступками ты по-настоящему почтил Сову. Это даёт мне надежду, что её учения ещё будут помнить, и вдохновляет меня самого делать больше.

Искренне,

—Лари"
"Thank you for helping tame the wilderness for future camps. It is such a relief to feel something like sanctuary. Safety has been beyond our reach for so long. I feel like I can breath again. Now that we are no longer surrounded by horrible, hylek-eating predators, we can start to put our lives together.

You are truly kind.

—Costi Atl","Спасибо за помощь в освоении глуши для будущих лагерей. Так приятно почувствовать что-то вроде убежища. Безопасность была недостижима для нас так долго. Чувствую, что снова могу дышать. Теперь, когда нас больше не окружают ужасные хищники, поедающие хилеков, мы можем начать налаживать нашу жизнь.

Ты по-настоящему добр.

—Costi Atl"
"Thank you for helping to feed my people and keep them safe. You will always be a welcome friend of the Togatl. 

Your friend,

—Matlal","Спасибо за помощь в прокорме моего народа и в защите его безопасности. Тебе всегда рады как другу тогатлов.

Твой друг,

—Матлал"
"Thank you for helping us battle the corruption. This camp was peaceful for ages, but with the undead drifting up from the south, the danger has been growing. I fear for the Grove; if the corruption is traveling north, then Caledon Forest is almost certainly being affected as well. 

I pray we can resolve this invasion expediently. 

—Warden Caedmon","Спасибо за помощь в борьбе с порчей. Этот лагерь был мирным веками, но с нежитью, наступающей с юга, опасность растёт. Я боюсь за Рощу; если порча движется на север, то Caledon Forest почти наверняка тоже затронут.

Молюсь, чтобы мы смогли быстро разрешить это вторжение.

—Warden Caedmon"
"Thank you for helping with the dredge. We've been trying for ages to get someone inside their cave. We still don't understand why they're so stubborn about leaving here, but you did enough damage that they should be considering it. At the very least, it will be easier to move supplies to Lion's Arch now.

—Lionguard Rhyn","Спасибо за помощь с дреджами. Мы веками пытались проникнуть в их пещеру. Мы всё ещё не понимаем, почему они так упрямо не хотят уходить отсюда, но ты нанёс достаточно урона, чтобы они всерьёз задумались об этом. По крайней мере, теперь будет легче перевозить припасы в Львиную Гавань.

—Страж Льва Рин"
"Thank you for purchasing Guild Wars 2: Path of Fire—Ultimate.

Your 4,000 gems will be applied to your account within the next 72 hours.","Спасибо за покупку Guild Wars 2: Путь Огня — Ultimate.

Ваши 4000 самоцветов будут начислены на учётную запись в течение следующих 72 часов."
"Thank you for taking action against the Sons of Svanir in Jormabakke Stead. I've been collecting invaluable intel for the Order and couldn't risk blowing my cover by acting on my own. With any luck, I'll be taken off this assignment soon. 

This costume makes my beard itch something fierce. 

—Undercover Agent Tulfar","Спасибо, что дал отпор Сынам Сванира на Джормабаккском Подворье. Я собирал бесценные сведения для Ордена и не мог рисковать раскрыть себя, действуя в одиночку. Если повезёт, меня скоро снимут с этого задания.

От этого костюма у меня жутко чешется борода.

—Undercover Agent Tulfar"
"Thank you for your aid with Greyhoof Meadows. The high quality of the centaurs' armaments makes it difficult for us to retain control of the meadows. Finding the source—likely bandit suppliers—will be critical to pushing them out of these lands once and for all. 

Regardless, distributing badges to the families of fallen Seraph is of the utmost importance to us, and you have helped make that possible. Now we can finally give those families something to commemorate their loved ones' service. 

—Sergeant Rane","Спасибо за помощь на Лугах Серой Гривы. Из-за высокого качества вооружения кентавров нам трудно удерживать контроль над лугами. Найти источник — вероятно, бандитских поставщиков — будет крайне важно, чтобы вытеснить их из этих земель раз и навсегда.

Как бы то ни было, раздача знаков отличия семьям павших серафимов для нас крайне важна, и ты помог это осуществить. Теперь мы наконец можем дать этим семьям что-то в память о службе их близких.

—Sergeant Rane"
"Thank you for your help at the farm! We thought you might be able to make use of these gloves. They belonged to our grandmother, but they've been gathering dust lately, and it's a shame. I'd rather someone like you had them, someone who would appreciate them.

If you're staying in the region and want to put your raptor through her paces, I have no doubt the people managing the refugee crisis could use the help. They should recognize the gloves and may know more about their history.

—Tasa (and Askim)","Спасибо за помощь на ферме! Мы подумали, что тебе пригодятся эти перчатки. Они принадлежали нашей бабушке, но в последнее время просто пылились без дела, и это жаль. Пусть лучше они будут у кого-то вроде тебя — того, кто их оценит.

Если ты остаёшься в регионе и хочешь погонять своего раптора, не сомневаюсь, что тем, кто занимается кризисом беженцев, пригодилась бы помощь. Они должны узнать эти перчатки и, возможно, знают больше об их истории.

—Таса (и Аским)"
"Thank you for your help. Perhaps someday we'll be able to convince the grawl of their foolishness (though I certainly have my doubts). But you've made this place safer for everyone in the meantime, and it's appreciated. Good luck.

—Pact Explorer Erikk","Спасибо за помощь. Может, однажды мы убедим граулов в их глупости (хотя, признаюсь, сомневаюсь в этом). Но пока что ты сделал это место безопаснее для всех, и это ценят. Удачи.

—Изыскатель Пакта Эрикк"
"Thanks for assisting at Mudbay Digs. We've been able to slow the bandit's support of the centaurs, diminishing the threat they pose to Fort Salma. Without your help, the battle may have already been lost. 

Thanks again. 

—Dianna, Seraph Soldier","Спасибо за помощь на раскопках в Мадбее. Нам удалось ослабить поддержку бандитами кентавров, уменьшив угрозу, которую они представляют для форта Салма. Без вашей помощи битва могла бы быть уже проиграна.

Спасибо ещё раз.

—Дианна, солдат Серафимов"
"The 9th Anniversary Supply Drop
Use this to sign your account up for weekly 9th Anniversary Supply Drops. Receive the first drop immediately and three more between now and September 7.

First Drop:
5 Black Lion Chest Keys, a Golden Black Lion Chest Key, 2 Guaranteed Wardrobe Unlocks, and a Black Lion Claim Ticket.
Second Drop:
A Black Lion Backpack and Glider Combo Voucher, a Black Lion Weapon Voucher, and 2 Black Lion Miniature Claim Tickets.
Third Drop:
A Deep Wilds Mount Select License, a choice of one Mistborn, Curious Creatures, Bizarre Beasts, or Lost Era Mount Select License or a Deep Wilds Mount Adoption License, a Mini Green Raptor Hatchling, a Mini Brown Springer Kit, a Mini Yellow Jackal Pup, a Mini Red Griffon Hatchling, a Mini Blue Skimmer Pup, and a Mini Red Shiba Inu.
Fourth Drop:
A Black Lion Outfit Voucher, a Black Lion Chair Voucher, and a Black Lion Booster Box.","9-я годовщина: еженедельные поставки
Используйте эту функцию, чтобы подписаться на получение еженедельных поставок в честь 9-й годовщины. Получите первую поставку немедленно и ещё три до 7 сентября.

Первая поставка:
5 ключей от сундуков Чёрного Льва, Golden Black Lion Chest Key, 2 гарантированные разблокировки предметов для гардероба и билет на получение награды в Чёрном Льве.
Вторая поставка:
Купон на рюкзак и планер Чёрного Льва, купон на оружие Чёрного Льва и 2 билета на получение миниатюрных наград Чёрного Льва.
Третья поставка:
Лицензия на выбор маунта из Диких земель, возможность выбора одной лицензии на маунта из серий «Рожденные в тумане», «Любопытные существа», «Причудливые звери» или «Утерянные эпохи», либо лицензия на усыновление маунта из Диких земель, мини-зелёный раптор, мини-коричневый спрингер, мини-жёлтый шакал, мини-красный грифон, мини-синий скиммер и мини-красная собака шиба-ину.
Четвертая поставка:
Купон на комплект одежды Чёрного Льва, купон на предмет мебели Чёрного Льва и коробка с бонусами Чёрного Льва."
"The <c=@Quest>[lbracket]W[rbracket]</c>, <c=@Quest>[lbracket]A[rbracket]</c>, <c=@Quest>[lbracket]S[rbracket]</c>, and <c=@Quest>[lbracket]D[rbracket]</c> keys move your character. Use them to move around now.

Click on this hint to close it.","Клавиши <c=@Quest>[lbracket]W[rbracket]</c>, <c=@Quest>[lbracket]A[rbracket]</c>, <c=@Quest>[lbracket]S[rbracket]</c> и <c=@Quest>[lbracket]D[rbracket]</c> двигают вашего персонажа. Используйте их, чтобы подвигаться прямо сейчас.

Нажмите на эту подсказку, чтобы закрыть её."
"The Arcane Council has appointed two esteemed individuals to act as city heralds. They are positioned near the gates to Metrica Province and Lion's Arch, and are knowledgeable about worldly events relevant to the Arcane Council. For the adventurers among us, the city of Lion's Arch has also adopted a similar system. Please endeavor to check with the heralds regularly.

—High Councilor Flax","Тайный Совет назначил двух уважаемых лиц городскими вестниками. Они расположены у ворот в Metrica Province и Львиную Гавань и осведомлены о мировых событиях, важных для Тайного Совета. Для искателей приключений среди нас город Львиная Гавань также перенял похожую систему. Пожалуйста, старайтесь регулярно наведываться к вестникам.

—Верховный Советник Флакс"
"The Beacon of Ages is holding and I have to admit, it may endure. Thanks.

Anyway, not one for writing long letters. Found this card after you left; thought it'd be more useful to you than me. Can't seem to read the damn thing.

—Galrath","Маяк Веков держится, и должен признать, возможно, он выстоит. Спасибо.

В общем, я не любитель писать длинные письма. Нашёл эту карту после твоего ухода; подумал, тебе она пригодится больше, чем мне. Никак не могу разобрать эту чёртову штуку.

—Галрат"
"The Bloody Prince hates candy corn! If we had a purer version of the stuff, we could weaponize it. A live candy corn elemental—even a miniature one—would do the trick. You might be able to find one for sale in Lion's Arch.

The golem I provided will let you check in with me for progress updates. Good luck!

—Magister Tassi, Durmand Priory","Кровавый принц ненавидит кукурузную карамель! Если бы у нас была более чистая версия этой штуки, мы могли бы превратить её в оружие. Живой элементаль кукурузной карамели — даже миниатюрный — подошёл бы. Возможно, вы найдёте такого на продажу в Львиной Гавани.

Голем, которого я вам предоставила, позволит вам связываться со мной для отчёта о прогрессе. Удачи!

—Magister Tassi, Durmand Priory"
"The Consortium's asura gate near Fort Marriner is unstable and the Captain's Council has declared all use of this form of transportation to be ""at your own risk."" While it may be exciting to take an unguided jaunt to an open-ended adventure, we are compelled to put our citizens' and visitors' safety first. Any questions, complaints, or legal claims that result from use of this asura gate should be taken directly to the Consortium. 
If you decide to use this gate, the Council encourages you to be safe, have fun, and not die.
—The Captain's Council","Асура-врата Консорциума возле форта Марринер нестабильны, и Captain's Council объявил использование этого вида транспорта «на свой страх и риск». Хотя может быть захватывающим отправиться в неконтролируемое путешествие к открытому приключению, мы обязаны ставить безопасность наших граждан и гостей на первое место. Любые вопросы, жалобы или юридические претензии, возникшие в результате использования этих асура-врат, следует направлять непосредственно в Консорциум.
Если вы решите использовать эти врата, Совет призывает вас быть осторожными, веселиться и не умирать.
— Captain's Council"
"The East Precinct's office suggestion box. Might be worth a peek inside.

—Raises! Seriously, when was the last time E. Precinct got raises? Or...anything?

—Bring Your Pets to Work Day!

—A bigger suggestion box. I have a lot of suggestions.

—Office supplies running low. Request more. PLEASE.

—Make Xudong shower more. Dude smells like a bull's—  
(The last word is scratched out and someone else has written: ""Screw you, Ailan!"")

—We NEED new gear. HQ just got new uniforms and weapons. Swear our shields are from pre–Shiro times.

—Promote Ming-Yin. She works harder than anyone I've ever met. P.S. This isn't Ming-Yin writing this, it's Xudong. Also, tell Ailan I shower daily! She probably just smells herself!

—Toilet is broken again (you know the one). Can we get MinPlumb in here?

—Fire Mogi.—Sincerely, Rama","Коробка для предложений в офисе Восточного участка. Возможно, стоит заглянуть внутрь.

—Повышения! Серьёзно, когда в последний раз в Восточном участке были повышения? Или... хоть что-то?

—День, когда можно привести питомца на работу!

—Коробка для предложений побольше. У меня много предложений.

—Канцелярские принадлежности на исходе. Закажите ещё. ПОЖАЛУЙСТА.

—Заставьте Сюдуна чаще мыться. Чувак воняет как бычий—
(Последнее слово зачёркнуто, и кто-то другой написал: «Да пошёл ты, Айлан!»)

—Нам НУЖНО новое снаряжение. Штаб только что получил новую форму и оружие. Клянусь, наши щиты ещё со времён до Широ.

—Повысьте Мин-Инь. Она работает усерднее всех, кого я знаю. P.S. Это пишет не Мин-Инь, а Сюдун. И передайте Айлан, что я моюсь ежедневно! Она, наверное, просто чует саму себя!

—Туалет снова сломан (вы знаете какой). Можно вызвать сантехника?

—Уволить Моги.—Искренне, Рама"
"The Lionguard would like to express its gratitude, %str1%. The Cuatl hylek tribe can be tough to manage, but your help has made our jobs quite a bit easier. You have a real knack for liaising with these amphibious scamps. The Lionguard would suit you well! Tarff is in full agreement with me on this. And he is not easy to please.

—Tarff's Assistant","Львиная стража хотела бы выразить вам благодарность, %str1%. Племя хайликов Куатль бывает трудно контролировать, но ваша помощь значительно облегчила нашу работу. У вас настоящий талант к взаимодействию с этими земноводными проказниками. Львиная стража вам бы подошла! Тарф полностью согласен со мной в этом. А его нелегко угодить.

—Помощник Тарфа"
"The Order of Whispers has a field operation that requires your assistance. Agents have identified a number of crises brewing across Tyria. We need to cut off those threats before they destabilize the area.

Pay attention to the intel for hot-spot locations, and then handle those events as they occur. You're welcome to any spoils you find, of course, and the order will also be issuing bounties based on the danger posed.

—HS

PS: This message won't self-destruct, but you'll burn it yourself if you know what's good for you.","У Order of Whispers есть полевая операция, требующая вашей помощи. Агенты выявили ряд кризисов, назревающих по всей Тирии. Нам нужно устранить эти угрозы, прежде чем они дестабилизируют регион.

Обратите внимание на разведданные о горячих точках, а затем разберитесь с этими событиями по мере их возникновения. Вы, конечно, можете забрать любые трофеи, которые найдёте, а орден также назначит награды в зависимости от степени опасности.

— ГШ

P.S.: Это сообщение не самоуничтожится, но вы сожжёте его сами, если вам дорога ваша шкура."
"The Priory thanks you for your assistance with our steam creature studies near the Lake of Lamentation. The cameras you fixed helped us monitor the creatures' movements, and the steam parts you collected are being analyzed by our top scientists. We hope to learn more about the biomechanical beings, and your efforts have brought us closer to the truth.

—Scholar Darkpaw","Приорат благодарит вас за помощь в изучении паровых созданий у Озера Скорби. Закреплённые вами камеры помогли нам следить за передвижениями существ, а собранные вами детали паровых механизмов сейчас анализируют наши ведущие учёные. Мы надеемся узнать больше о биомеханических существах, и ваши усилия приблизили нас к истине.

—Учёный Тёмная Лапа"
"The PvP league season has started! Queue for ranked arena in the Heart of the Mists to begin your legendary journey.

Learn more here.","Сезон PvP-лиги начался! Встаньте в очередь на рейтинговую арену в Heart of the Mists, чтобы начать своё легендарное путешествие.

Узнайте больше здесь."
"The backpack of a Vigil leader.
<c=@flavor>""You may win the battle, dragon, but you will never defeat our spirit!""</c> 
—Warmaster Forgal Kernsson, Vigil","Рюкзак лидера Дозора.
<c=@flavor>«Ты можешь выиграть битву, дракон, но ты никогда не сломишь наш дух!»</c> 
—Военачальник Forgal Kernsson, Дозор"
"The backpack of an Order of Whispers leader.
<c=@flavor>""When you stand with the Order of Whispers, you never stand alone.""</c>
—Lightbringer Tybalt Leftpaw, Order of Whispers","Рюкзак лидера Order of Whispers.
<c=@flavor>«Когда ты с Order of Whispers, ты никогда не один».</c>
—Светоносец Тибальт Левая Лапа, Order of Whispers"
"The core of the peach you ate is still radiating with the energy of the tree it came from.

This item only has value as part of a collection.","Косточка от съеденного вами персика всё ещё излучает энергию дерева, из которого он вырос.

Этот предмет представляет ценность только как часть коллекции."
"The end is in sight.
The feeling, everlasting.
<c=@flavor>""Stand against me, and you stand alone.""—Jormag</c>
What would Aurene think?","Конец близок.
Чувство, которое останется навсегда.
<c=@flavor>«Встаньте против меня, и вы останетесь один».— Йормаг</c>
Что бы подумала Аурене?"
"The faintest air of rage clings to this otherwise empty vessel.

<c=@flavor>Rage burns and consumes, not unlike a fire.</c>","С этим, казалось бы, пустым сосудом не покидает едва уловимое дыхание ярости.

<c=@flavor>Ярость жжёт и пожирает, словно пламя.</c>"
"This adds a Black Lion Hunters Board to your home instance, which can be used to collect fine crafting materials.
Collectible materials include:
• Bones
• Claws
• Dust
• Fangs
• Scales
• Totems
• Venom Sacs
• Vials of Blood","Это добавляет доску охотников «Black Lion» в ваш домашний экземпляр, которую можно использовать для сбора тонких материалов для крафта.
Собираемые материалы включают:
• Кости
• Когти
• Пыль
• Клыки
• Чешуя
• Тотемы
• Мешки с ядом
• Флаконы с кровью"
"This armor will not display an emblem if you are not representing this guild.
Double-click to imbue another Light Armor's stats into this appearance (one-time ability).","Эта броня не будет отображать инсигнию, если вы не являетесь членом этой гильдии.
Дважды щёлкните, чтобы перенести характеристики другой лёгкой брони на эту модель (возможность действует один раз)."
"This axe will not display emblem if you are not representing this guild.
Double-click to imbue another axe's stats into this appearance (one-time ability).","Этот топор не будет отображать инсигнию, если вы не представляете эту гильдию.
Дважды щёлкните, чтобы вживить в этот облик характеристики другого топора (одноразовое действие)."
"This backpack cover comes with a simple back strap for ease of wearing if you don't have another back-slot item.
Double-click to unpack.","Эта накидка на рюкзак имеет простой ремень для ношения, если у вас нет другого предмета для рюкзака.
Дважды щёлкните, чтобы распаковать."
"This backpack cover comes with a simple back strap to wear if you don't have another back-slot item.
Double-click to unpack and bind this item to your account.","Этот чехол для рюкзака имеет простую спинную лямку, чтобы его можно было носить, если у вас нет другого предмета, который помещается в слот для рюкзака.
Дважды щёлкните по нему, чтобы распаковать и привязать этот предмет к вашей учётной записи."
"This backpack cover comes with a simple back strap to wear if you don't have another back-slot item.
Double-click to unpack.","Эта накидка на рюкзак имеет простой ремень для ношения, если у вас нет другого предмета для рюкзака.
Дважды щёлкните, чтобы распаковать."
"This collection can be a useful reference to what's needed for each gift. Multiples of some of these items may be required. 

Ward Crafter Lucirae in Moon Camp Covert can offer assisted crafting if you do not have the appropriate crafting disciplines trained.","Эта подборка может служить полезным справочником, чтобы узнать, что нужно для каждого подарка. Некоторые из этих предметов могут потребоваться в большем количестве.

Вард-мастер Лусира в тайном лагере на Луне может предложить помощь в создании предметов, если у вас нет необходимых навыков ремесла."
"This device is tuned to monitor spatial fluctuations and can predict locations of portal invasions.
Double-click to get a reading.","Это устройство настроено на мониторинг пространственных флуктуаций и может предсказывать места портальных вторжений.
Дважды щёлкните, чтобы получить показания."
"This fun inventory item spawns a box for everyone to use. Interacting with the box causes everything you see to appear in film grain and extends your arms so you're ready for takeoff!
This item has infinite uses.

Cannot be used in PvP, WvW, or dungeons. Adding this item to your wardrobe may slightly adjust its functionality.","Этот забавный предмет инвентаря создает коробку для использования всеми. Взаимодействие с коробкой заставляет все, что вы видите, отображаться в зернистости пленки и вытягивает ваши руки, чтобы вы были готовы к взлету!
Этот предмет имеет бесконечное количество использований.

Нельзя использовать в PvP, WvW или подземельях. Добавление этого предмета в ваш гардероб может немного изменить его функциональность."
"This furry companion may seem cute now, but one day it will grow into a fearsome predator.
Combine a Blue Tigris Cub, a White Tigris Cub, and a Gray Tigris Cub with 10 Unidentified Dyes in the Mystic Forge to create a Mini Green Tigris Cub.","Этот пушистый питомец может показаться милым сейчас, но однажды он вырастет и станет грозным хищником.
Соедините в Mystic Forge голубого тигренка, белого тигренка и серого тигренка с 10 неопознанными красками, чтобы создать миниатюрного зелёного тигренка."
"This gruesome limb once belonged to one of Zhaitan's undead minions. The asura harvesting team can use this body part for experiments.
Event Item","Эта жуткая конечность когда-то принадлежала одному из нежити Зайтана. Команда асурских исследователей может использовать эту часть тела для экспериментов.
Предмет события."
"This item has no value outside of a collection and can freely be sold to merchants.
<c=@Flavor>For protecting Amnoon's independence, you have the honor of bearing this standard.</c>","Этот предмет не имеет ценности вне коллекции и может быть свободно продан торговцам.
<c=@Flavor>За защиту независимости Амнуна вы удостоены чести нести это знамя.</c>"
"This item has no value outside of a collection and may be sold to vendors.
<c=@Flavor>Wine was valued for both leisure and trade; Primeval winemakers found that djinn are fond of sharp reds.</c>","Этот предмет не имеет ценности вне коллекции и может быть продан торговцам.
<c=@Flavor>Вино ценилось как для досуга, так и для торговли; первобытные виноделы обнаружили, что джинны неравнодушны к терпким красным винам.</c>"
"This item only has value as part of a collection and can be consumed without preventing progress.

<c=@Flavor>The unique cut and size of this gem give it an intimidating shape.</c>","Этот предмет ценен только как часть коллекции и может быть использован без препятствий для прогресса.

<c=@Flavor>Уникальная огранка и размер этого самоцвета придают ему устрашающую форму.</c>"
"This item only has value as part of a collection and can be consumed without preventing progress.

<c=@Flavor>This lovely gem has several minute flaws that only enhance its beauty.</c>","Этот предмет ценен только как часть коллекции и может быть уничтожен без отмены прогресса.

<c=@Flavor>Этот восхитительный самоцвет имеет несколько незначительных дефектов, которые лишь подчеркивают его красоту.</c>"
"This item was gifted to you for taking the time to appreciate the culture of the Itzel.

This item is automatically consumed upon receiving it, and its only purpose is as part of a collection.","Этот предмет был подарен вам в знак благодарности за то, что вы уделили время изучению культуры ицелей.

Этот предмет автоматически уничтожается после получения и служит только для пополнения коллекции."
"This key will unlock one Black Lion Chest containing random Gem Store merchandise, including some rare items not sold separately.

Black Lion Chests can be found randomly on enemies or bought from the trading post.","Этот ключ откроет один Black Lion Chest, содержащий случайные товары из магазина самоцветов, включая некоторые редкие предметы, не продаваемые отдельно.

Black Lion Chest можно найти случайным образом на врагах или купить на Trading Post."
"This key will unlock one Fractal Encryption containing bonus items from the fractals!

Fractal Encryptions can be found in the final reward chest of any fractal inside the Fractals of the Mist.","Этот ключ откроет один фрактальный шифр, содержащий бонусные предметы из фракталов!

Фрактальные Шифры можно найти в сундуке с наградами в конце любого фрактала внутри Фракталов Тумана."
"This key will unlock one WvW Season 1 Reward Chest containing rewards based on your server's performance in the previous season.

WvW Season Reward Chests are awarded at the end of a WvW season to all players who achieved the meta-achievement for the season.","Этот ключ откроет один сундук с наградой 1-го сезона WvW, содержащий награды, основанные на производительности вашего сервера в предыдущем сезоне.

Сундуки с наградой за сезон WvW выдаются в конце сезона WvW всем игрокам, достигшим мета-достижения за сезон."
"This longbow will not display emblem if you are not representing this guild.
Double-click to imbue another longbow's stats into this appearance (one-time ability).","Этот длинный лук не будет отображать инсигнию, если вы не представляете эту гильдию.
Дважды щёлкните, чтобы вживить в этот облик характеристики другого длинного лука (одноразовое действие)."
"This mysterious symbol-covered object contains valuable loot. 
Double-click to open.","Этот загадочный предмет, покрытый непонятными символами, содержит ценные сокровища.
Дважды щёлкните, чтобы открыть."
"This old bag appears to have been buried for a long time.
Contains rare gear, dragonite, obsidian shards, and luck.","Этот старый мешок, похоже, был зарыт долгое время.
Содержит редкое снаряжение, драконит, осколки обсидиана и удачу."
"This package contains an axe skin, a dagger skin
This package contains cooking and artificing recipes that require ingredients from plants that can only be grown in your home garden.","Этот набор содержит облик топора, облик кинжала
Этот набор содержит рецепты кулинарии и изготовления артефактов, требующие ингредиенты из растений, которые можно вырастить только в вашем домашнем саду."
"This pistol will not display emblem if you are not representing this guild.
Double-click to imbue another pistol's stats into this appearance (one-time ability).","Этот пистолет не будет отображать инсигнию, если вы не представляете эту гильдию.
Дважды щёлкните, чтобы вживить в этот облик характеристики другого пистолета (одноразовое действие)."
"This seems to be the cog that Collector Terksli told you to take to Rikka,' who''s hiding in Rata Sum. If you had a cleaning rag'
Double-click to clean.","Похоже, это шестерня, которую коллекционер Терксли велел отнести Рикке, которая прячется в Рата-Сум. Если бы у вас была тряпка для чистки'
Дважды щёлкните, чтобы очистить."
"This shield will not display emblem if you are not representing this guild.
Double-click to imbue another shield's stats into this appearance (one-time ability).","Этот щит не будет отображать инсигнию, если вы не представляете эту гильдию.
Дважды щёлкните, чтобы вживить в этот облик характеристики другого щита (одноразовое действие)."
"This strange asuran device provides temporary access to the Mistlock Sanctuary.
• Quick Travel to All Cities
• Fractals of the Mists Entrance
• Crafting Stations
• Bank and Guild-Bank Access
• Mystic Forge
• Merchants
• And more! All within easy reach, for those who enjoy the ultimate convenience.","Этот странный асурский прибор предоставляет временный доступ к Убежищу Туманных Скал.
• Быстрое путешествие во все города
• Вход в Осколки Туманов
• Кузнечные станции
• Доступ к банку и гильдийному банку
• Mystic Forge
• Торговцы
• И многое другое! Всё в пределах лёгкой досягаемости для тех, кто ценит максимальное удобство."
"This will replace the appearance of one back item of any weight class and unlock the skin in your account wardrobe.
<c=@flavor>The Ascalon Vanguard fought and died with honor defending their people.</c>","Это заменит внешний вид одного предмета для спины любого класса веса и откроет облик в вашем гардеробе учётной записи.
<c=@flavor>Аскалонский авангард сражался и погиб с честью, защищая свой народ.</c>"
"This will replace the appearance of one back slot item of any weight class and unlock the skin in your account wardrobe.

This back slot skin has no stats of its own.","Это заменит внешний вид одного предмета в слоте для спины любого веса и разблокирует облик в вашем гардеробе.

Этот облик для слота спины не имеет собственных характеристик."
"This will replace the appearance of one longbow and unlock the skin in your account wardrobe.,
This longbow skin has no stats of its own.","Это заменит внешний вид одного длинного лука и откроет облик в вашей гардеробной учётной записи.
Этот облик длинного лука не имеет собственных характеристик."
"This will replace the appearance of one shoulder armor of any weight class and unlock the skin in your account wardrobe.

This shoulder skin has no stats of its own.","Это заменит вид одного шлема любого класса брони и разблокирует облик в гардеробе вашей учётной записи.

Собственных характеристик у этого облика шлема нет."
Tiefland-Süßwasserfisch,Тифландская пресноводная рыба
Trop de créatures de ce type à proximité.,Слишком много существ этого типа поблизости.
Tröstet den genesenden Welpen in der Tundra.,Утешьте выздоравливающего щенка в тундре.
T䡨ritwanWe art 瑧teningn癧?Thoap.✠ have beed henine in the扩a wave noe f獯me ,"Мы слушаем тебя, смертный. Надеюсь, ты не причинишь нам вреда. "
"Use %num2% combo skill[s].

<c=@reminder>Combo skills are performed by using a skill marked as a combo finisher while inside a combo field generated by another ability. Check the tooltips for your weapon and utility skills to find potential combinations!</c>","Используйте %num2% [комбо-навык|комбо-навыка|комбо-навыков].

<c=@reminder>Комбо-навыки выполняются при использовании навыка, помеченного как завершающий удар комбо, находясь в зоне комбо, созданной другим умением. Проверьте подсказки для вашего оружия и вспомогательных навыков, чтобы найти возможные комбинации!</c>"
"Use %num2% elite skill[s].

<c=@reminder>Elite skills are powerful abilities assigned to the last slot of your skill bar.</c>","Используйте %num2% [элитное умение|элитных умения|элитных умений].

<c=@reminder>Элитные умения — это мощные способности, которые назначаются последнему слоту панели умений.</c>"
"Used for crafting ascended gear with the Grieving (+Power, +Condition Damage, +Ferocity, +Precision) stat combo.

Can be found at the same location as elegy mosaics.","Используется для создания брони и оружия со статами «Скорбящий» (+Сила, +Урон от состояния, +Свирепость, +Точность).

Можно найти там же, где и элегические мозаики."
"Used in the crafting of Janthir Wilds legendary items.

Purchased from Janthir Syntri Renown Heart vendors, or purchased from the Trading Post.","Используется при создании легендарных предметов Джантрских диколов.

Покупается у торговцев Сердца Джантрского Синтри или в Trading Post."
"Used in the crafting of Janthir Wilds legendary items.

Purchased from Lowland Shore renown heart vendors or from the Trading Post.

<c=#Warning>Purchase limit is shared with the non-discounted Shards of Lowland Shore from this vendor.</c>","Используется при создании легендарных предметов Диких Земель Джантира.

Приобретается у продавцов заданий местности Низменной Долины или в Trading Post.

<c=#Warning>Лимит покупок совпадает с лимитом на осколки Низменной Долины без скидки у этого продавца.</c>"
"Used in the crafting of Janthir Wilds legendary items.

Purchased from the Mistburned Barrens renown heart vendor, or purchased from the Trading Post.","Используется при создании легендарных предметов Джантирских дикополей. 

Покупается у торговца из сердца известности Пылающих степей или в Trading Post."
"Used to chop down all saplings.

Grants a chance to receive bonus ores in addition to your gathering results. Material types are determined by your character level and location in the world.","Используется для рубки всех саженцев.

Даёт шанс получить бонусные руды в дополнение к результатам собирательства. Типы материалов определяются уровнем вашего персонажа и местоположением в мире."
"Used to chop down all saplings.

Rewards Volatile Magic on each swing in addition to logging results.","Используется для вырубки всех саженцев.

Даёт нестабильную магию каждым взмахом в дополнение к результатам заготовки древесины."
"Used to craft larger slot bags, boxes, and packs.
<c=@Flavor>Elonians have made great advances by repurposing older magics.</c>","Используется для создания сумок, коробок и ранцев с большим количеством слотов.
<c=@Flavor>Элонцы добились больших успехов, перепрофилируя старую магию.</c>"
"Used to craft the legendary scepter precursor Tlehco.
Combine in the Mystic Forge with Mystic Runestones, a Gift of Energy, and a Gift of the Mists to create the Gift of Xiuquatl.","Используется для создания прекурсора легендарного скипетра Тлехко.
Совместите в Mystic Forge с мистическими руническими камнями, Даром энергии и Даром Туманов, чтобы создать Дар Сиуакатля."
"Used to craft the legendary scepter precursor Tlehco.,
Combine in the Mystic Forge with Mystic Runestones, a Gift of Energy
Used to craft the legendary shield Shooshadoo.,
Used to craft the legendary sword the Shining Blade.,
Used to craft the legendary torch Flames of War.,
Used to craft the legendary torch precursor Liturgy.","Используется для создания легендарного предшественника скипетра Тлеко.,
Соедините в Mystic Forge с Таинственными руническими камнями, Даром энергии
Используется для создания легендарного щита Шушаду.,
Используется для создания легендарного меча Shining Blade.,
Используется для создания легендарного факела Flames of War.,
Используется для создания легендарного предшественника факела Литургия."
"Used to create a Gift of Galdra.

Earned by fully exploring Eternity's Garden. Additional copies can be purchased from Visions of Eternity map vendors.","Используется для создания Дара Галдры.

Получено за полное исследование Сада Вечности. Дополнительные копии можно приобрести у торговцев картой «Visions of Eternity»."
"Used to create a Gift of Shadowstones.

Purchased from the renown heart vendor in Pilgrim's Rest in Eternity's Garden.","Используется для создания Дары Теневых камней.

Куплено у торговца за добрую славу в Покое Пилигрима в Саду вечности."
"Used to create a Gift of the Elders and a Gift of the Seas.

Acquired by completing the Visions of Eternity launch story the first time. Purchased from Visions of Eternity map vendors afterward.","Используется для создания Дары Старейшин и Дары Морей.

Получено за первое прохождение сюжета запуска «Видений вечности». Впоследствии можно купить у торговцев на карте «Visions of Eternity»."
"Used to create a Gift of the Survivors.

Purchased from Tyrian Alliance Representative Sharpwhisker in Glimmering Arches in Shipwreck Strand after completing the Shipwreck Strand Mastery achievement.","Используется для создания Дара выживших.

Приобретается у представителя Tyrian Alliance Шарпвискера в Сияющих Арках на пляже кораблекрушений после выполнения достижения «Мастерство Пляжа кораблекрушений»."
"Used to gather all plants.

Gathering completes 50%% faster.","Используется для сбора всех растений.

Сбор ресурсов завершается на 50%% быстрее."
"Used to gather all plants.

Grants a chance to receive bonus harvesting materials in addition to your gathering results. Material types are determined by your character level and location in the world.","Используется для сбора всех растений.

Даёт шанс получить дополнительные материалы для сбора в дополнение к результатам сбора. Типы материалов определяются уровнем вашего персонажа и местоположением в мире."
"Used to gather all plants.

Grants a chance to receive bonus ores in addition to your gathering results. Material types are determined by your character level and location in the world.","Используется для сбора всех растений.

Даёт шанс получить дополнительные руды вместе с результатами сбора. Типы материалов определяются уровнем вашего персонажа и местоположением в мире."
"Used to gather all plants.

Grants a small chance to receive a bonus crafting material after gathering in addition to your gathering results.","Используется для сбора всех растений.

Даёт небольшой шанс получить бонусный материал для ремесла после сбора, кроме результатов сбора."
"Used to harvest all plants.

Replaces gathering results with ingredients used in higher-level crafting recipes. Material types are determined by the type of node gathered from. Select cooking ingredients can be improved a limited number of times each day.","Используется для сбора всех растений.

Заменяет результаты сбора ингредиентами, используемыми в рецептах более высокого уровня. Типы материалов определяются типом собранного ресурса. Некоторые кулинарные ингредиенты можно улучшить ограниченное количество раз в день."
"Used to mine all metals.

Rewards Volatile Magic on each swing in addition to mining results.","Используется для добычи всех металлов.

Даёт Волшебную Нестабильность при каждом взмахе в дополнение к результатам добычи."
"Using this will unlock all weight classes of this skin.
An upgraded version of this can be crafted using recipes purchased throughout the Crystal Desert.","Использование откроет все классы веса этого облика.
Улучшенную версию можно создать с помощью рецептов, купленных в Crystal Desert."
Valharantha,Valharantha
Verborgenes Sacrarium,Verborgenes Sacrarium
Verdades desveladas,Раскрытые истины
Verirrte Himmelsschuppe,Заблудшая небесная чешуйка
Verlorene Abzeichen,Утерянные знаки отличия
Vermoderte Archangelica,Vermoderte Archangelica
"View %num1%/%num2% vista[s] in Ruins of Orr or Frostgorge Sound.

<c=@reminder>Vistas are scenic locations that show the world from a new perspective, and they are marked with a red triangle icon on the map.</c>","Осмотрите %num1%/%num2% [панораму|панорамы|панорам] в Руинах Орра или Фростгорж-Саунде.

<c=@reminder>Панорамы — это живописные места, откуда открывается новый вид на мир; они отмечены красным треугольным значком на карте.</c>"
"View %num1%/%num2% vista[s] in Sparkfly Fen, Mount Maelstrom, Iron Marches, Fireheart Rise, or Timberline Falls.

<c=@reminder>Vistas are scenic locations that show the world from a new perspective, and they are marked with a red triangle icon on the map.</c>","Осмотрите %num1%/%num2% [вид|вида|видов] в Топких Болотах, на горе Мальстрём, в Железных Топях, в Огненной Долине или у Timberline Falls.

<c=@reminder>Виды — это живописные места, с которых открывается новый вид на мир. На карте они отмечены красным треугольным значком.</c>"
Voces silenciadas,Умолкнувшие голоса
Vous avez %num1% partisan(s),У вас есть %num1% сторонник(ов)
Vous devenez un bonhomme de neige grawl pendant 5 min.,Вы становитесь снеговиком граул на 5 мин.
Vous ne pouvez pas utiliser cet objet lorsque vous êtes transformé ou hors de l'eau.,"Вы не можете использовать этот предмет, когда вы трансформированы или находитесь вне воды."
Weitere,Другие
"What is time to one who transcends it?

Note: Completion of this achievement requires completion of the Riding Skyscales achievement.","Что значит время для того, кто превзошёл его?

Примечание: для получения этого достижения необходимо выполнить достижение «Укрощение небесных ящеров»."
Widerstand,Сопротивляемость
Winterwurzelgemüse,Зимний корнеплод
"You are resting in the homestead. If you rest for 4 hours, you will become Well Rested and earn bonus experience. The amount of bonus experience depends on your Homesteading Mastery level.

If you are already Well Rested, any elapsed time will be returned to you when you leave the homestead unless you log out.","Вы отдыхаете в своём усадьбе. Если отдохнуть здесь 4 часа, вы почувствуете себя бодрым и получите дополнительный опыт. Количество бонусного опыта зависит от вашего уровня владения навыком «Домоводство».

Если у вас уже есть эффект «Отдохнувший», то при выходе из дома вам будет возвращено прошедшее время, если только вы не выйдите из учётной записи."
Zuckerkürbis,Цукеркюрбис
[lbracket]Unterernährt[rbracket],[lbracket]Недоедание[rbracket]
