english,translate
"%str1%%str2%Leichte ""Wahrer Blick""-Stiefel%str3%%str4%","%str1%%str2%Лёгкие сапоги «Истинного взгляда»%str3%%str4%"
"%str1%%str2%Schwere ""Wahrer Blick""-Handschuhe%str3%%str4%","%str1%%str2%Schwere ""Wahrer Blick""-Handschuhe%str3%%str4%"
"%str1%,

The theater productions are moving along swimmingly thanks to you. The troupe members are filled with excitement and enthusiasm, and they're brimming with confidence. This season could see some of our best performances yet. I know I speak for everyone when I say we would love to work with you again.","%str1%,

Благодаря вам работа над театральными постановками идет как по маслу. Члены труппы полны энтузиазма и уверенности в себе, и мы надеемся, что этот сезон станет одним из лучших за всю историю нашего театра. Я думаю, что говорю от имени всех, когда говорю, что мы будем рады снова с вами сотрудничать."
"%str1%, thanks to your endeavors, the Inquest has lost both precious time and momentum in their ill-conceived research. Even though they outnumber us, we continually prove that brilliance trumps desperation. Keep up the good work.

—Blopp","%str1%, благодаря вашим усилиям Inquest потеряли и драгоценное время, и импульс в своих неудачных исследованиях. Несмотря на то, что их больше, чем нас, мы постоянно доказываем, что блестящий ум побеждает отчаяние. Продолжайте в том же духе.

—Blopp"
"(Festival) Schließt den Erfolg ""Bossblitz (jährlich)"" ab",(Фестиваль) Завершите достижение «Босс-блиц (ежегодно)»
"(Festival) Schließt den Erfolg ""Bündel-Plünderer (jährlich)"" beim Fest der Vier Winde ab.",(Фестиваль) Завершите достижение «Связка-грабитель (ежегодно)» на Празднике Четырёх Ветров.
"+10%% Outgoing Healing
+60 Healing Power
+50 Concentration
+10%% Karma
+5%% All Experience Gained
+20%% Magic Find
+20%% Gold Find
+10%% WXP Gained","+10%% Исходящее лечение
+60 Сила лечения
+50 Концентрация
+10%% Карма
+5%% Ко всему получаемому опыту
+20%% Шанс найти магические предметы
+20%% Шанс найти золото
+10%% Получаемый опыт WXP"
"+10%% Outgoing Healing
+80 Concentration
+60 Power
+10%% Karma
+5%% All Experience Gained
+20%% Magic Find
+20%% Gold Find
+10%% WXP Gained","+10%% Исцеление, наносимое союзникам
+80 Концентрация
+60 Сила
+10%% Карма
+5%% Ко всему получаемому опыту
+20%% Шанс найти магические предметы
+20%% Шанс получить больше золота
+10%% Получаемый опыт за выполнение заданий"
"+32 Vitality
+18 Condition Damage
+18 Healing Power","+32 к жизненной силе
Урон по состоянию +18
+18 к силе исцеления"
"-10%% Incoming Damage
+100 Concentration
+33%% Chance to Gain Might on Critical Hit
+10%% Karma
+5%% All Experience Gained
+20%% Magic Find
+20%% Gold Find
+10%% WXP Gained","-10%% Урон по попаданию
+100 Концентрация
+33%% Шанс получить эффект «Мощь» при критическом ударе
+10%% Карма
+5%% Ко всем получаемым очкам опыта
+20%% Шанс найти магический предмет
+20%% Шанс найти золото
+10%% Получаемые очки WXP"
"-10%% Incoming Damage
+45 to All Attributes
+10%% Karma
+5%% All Experience Gained
+20%% Magic Find
+20%% Gold Find
+10%% WXP Gained","-10%% входящий урон
+45 ко всем характеристикам
+10%% кармы
+5%% ко всему получаемому опыту
+20%% шанс найти магические предметы
+20%% шанс получить больше золота
+10%% опыта в мире"
"-10%% Incoming Damage
+50 Power
+40 Precision
+10%% Karma
+5%% All Experience Gained
+20%% Magic Find
+20%% Gold Find
+10%% WXP Gained","-10%% Урон по цели
+50 Силы
+40 Точности
+10%% Кармы
+5%% ко всему получаемому опыту
+20%% к шансу найти магические предметы
+20%% к шансу найти золото
+10%% к получаемому опыту мира"
"-10%% Incoming Damage
+80 Concentration
+28%% Chance to Gain Might on Critical Hit
+10%% Karma
+5%% All Experience Gained
+20%% Magic Find
+20%% Gold Find
+10%% WXP Gained","-10%% Урон по попаданию
+80 Концентрация
+28%% Шанс получить эффект «Мощь» при критическом ударе
+10%% Карма
+5%% Бонус к получаемому опыту
+20%% Бонус к шансу найти магические предметы
+20%% Бонус к получаемому золоту
+10%% Бонус к получаемому опыту мира"
"-10%% Incoming Damage
+80 Power
+60 Ferocity
+10%% Karma
+5%% All Experience Gained
+20%% Magic Find
+20%% Gold Find
+10%% WXP Gained","-10%% входящий урон
+80 силы
+60 ярости
+10%% кармы
+5%% ко всему получаемому опыту
+20%% шанс найти магические предметы
+20%% шанс получить больше золота
+10%% опыта"
"<c=@flavor>""I can retire after this!""
—Flinzz</c>","<c=@flavor>«После этого я смогу уйти на покой!»
—Флинзз</c>"
"<c=@flavor>""La vie est un mystère""</c>","<c=@flavor>""La vie est un mystère""</c>"
"<c=@flavor>""Ugh. It's my sixth birthday all over again.""</c>
—Prince Edrick Thorn","<c=@flavor>«Фу. Словно снова мой шестой день рождения».</c>
— Принц Эдрикс Торн"
"<c=@flavor>""We had to modify these to free us up during scouting expeditions."",
—Fahrtak </c>","<c=@flavor>«Нам пришлось их модифицировать, чтобы освободить руки во время разведывательных вылазок»,
— Фартак </c>"
"<c=@flavor>""While some may pray to Balthazar,' this reminds me that a soldier''s peace is inevitable.""
—Sergeant Yarbrough</c>'","<c=@flavor>«Пока некоторые молятся Бальтазару, это напоминает мне, что покой солдата неизбежен».
—Sergeant Yarbrough</c>"
"<c=@flavor>Icy hot.</c>,
'Found in Jora''s Keep in Bjora Marches.'","<c=@flavor>Ледяной жар.</c>,
'Найдено в крепости Йоры в Бьора-Марке.'"
<c=@reminder>Dieses Mini kann in Schwarzlöwen-Truhen gefunden werden.</c>,<c=@reminder>Эту миниатюру можно найти в сундуках Чёрного Льва.</c>
?Arbol va!,?Арбол ва!
?Kabum!,?Кабум!
?Lo encontre!,«Ло встреча!
"A Mystic Facet is made by combining these items in the Mystic Forge:
• 1 Relic
• 250 Piles of Lucent Crystal 
• 250 Piles of Lucent Crystal
• 250 Piles of Lucent Crystal","Mystic Facet создается путем объединения этих предметов в Mystic Forge:
• 1 Реликвия
• 250 Куч Сияющего Кристалла
• 250 Куч Сияющего Кристалла
• 250 Куч Сияющего Кристалла"
"A collection of items recovered from the cave. Contains a personal bandit chest for your home instance, obsidian shards
A collection of items to aid in the training of novice adventurers.","Коллекция предметов, найденных в пещере. Содержит личный сундук бандита для вашего домашнего экземпляра, осколки обсидиана.
Коллекция предметов для помощи в обучении начинающих искателей приключений."
"A gift from Kosmas to his broodling. Where did he find this?,
This item only has value as part of the Missing Brood collection.","Дар от Космаса его выводку. Где он его нашёл?,
Этот предмет имеет ценность только как часть коллекции «Missing Brood»."
"A homestead recipe needed to craft a Statue of Joko the Victorious.

<c=@flavor>""Praise Joko!""</c>","Рецепт усадьбы, нужный для изготовления статуи Джоко Победоносного.

<c=@flavor>«Славьте Джоко!»</c>"
"A race against time, again and again...

<c=@Reminder>Hint: Defeat Warden Amala in the Mordant Crescent Great Hall while holding a Memory Essence Encapsulator in your inventory.</c>","Гонка со временем, снова и снова...

<c=@Reminder>Подсказка: победите стража Амалу в Большом зале Мордантского полумесяца, держа в инвентаре инкапсулятор эссенции памяти.</c>"
"A rare, one-of-a-kind recording of the Metal Legion? I'll take three!
—Chief Melodist Flac","Редкая уникальная запись выступлений Метал Легиона? Возьму три!
—Главный мелодист Флак"
"A secret letter for Aisha Jedgok, who is undercover among the ghosts of the Lair of the Forgotten.

Double-click to locate.","Секретное письмо для Айши Джедгок, которая тайно действует среди призраков в Логове Забытых.

Дважды щёлкните, чтобы найти."
"A secret letter for Nori Mahat, who is currently undercover in the village of Purity among local villagers.

Double-click to locate.","Секретное письмо для Nori Mahat, которая сейчас под прикрытием в деревне Чистоты среди местных жителей.

Дважды щёлкните, чтобы найти."
"A secret letter for Nori Mahat, who is currently undercover in the village of Purity among local villagers.
Double-click to locate.","Секретное письмо для Nori Mahat, которая в настоящее время находится под прикрытием в деревне среди местных жителей.
Дважды щёлкните, чтобы найти."
"A secret letter that should be brought to Ahel Nakat, who is undercover in the Ruination among the Order of Shadows.
Double-click to locate.","Секретное письмо, которое следует передать Ахел Накат, работающему под прикрытием в Руинации среди Ордена Теней.
Дважды щёлкните, чтобы найти."
"A vial of pure quicksilver used to create The Juggernaut.

Purchase the recipe for this item from any Mystic Forge vendor and reach a jeweler rating of 400 to craft.","Флакон с чистой ртутью, используемый для создания «Джаггернаута».

Купите рецепт этого предмета у любого торговца Mystic Forge и достигните уровня ювелира 400, чтобы изготовить его."
"Abelin Favre
543 Bloom X011
Celestial","Абелин Фавр
543 Блум X011
Небесный"
"Acquired from Ward Trader Sampaguita in Bava Nisos.
This item is used to craft or purchase Slumbering Lightborne weapons, which she sells crafting recipes or assistance for.","Получено у торговца отряда Сампагиты в Bava Nisos.
Этот предмет используется для создания или покупки оружия «Дремлющий Светонос», для которого она продаёт рецепты или помощь."
"Acquired occasionally by earning a silver medal or better in Shipwreck Strand adventures.
Trade to alliance field quartermasters in Castora for a pair of Restless Captain's Leggings.","Иногда выпадает за серебряную медаль или лучше в приключениях на Берегу кораблекрушений.
Обменяйте у полевых интендантов альянса в Касторе на поножи Неупокоенного капитана."
"Acquired occasionally by earning a silver medal or better in Starlit Weald adventures.
Trade to alliance field quartermasters in Castora for a pair of Extremis Leggings.","Иногда выпадает за серебряную медаль или лучше в приключениях в Starlit Weald.
Обменяйте у полевых интендантов альянса в Касторе на поножи «Экстремис»."
"Acquired occasionally from events in Shipwreck Strand.
Trade to alliance field quartermasters in Castora for a pair of Restless Captain's Gloves.","Иногда выпадает за события на Берегу кораблекрушений.
Обменяйте у полевых интендантов альянса в Касторе на перчатки Неупокоенного капитана."
"Acquired occasionally from mystery mirrors in Shipwreck Strand.
Trade to alliance field quartermasters in Castora for a Restless Captain's Mantle.","Иногда выпадает из таинственных зеркал на Берегу кораблекрушений.
Обменяйте у полевых интендантов альянса в Касторе на накидку Неупокоенного капитана."
"Acquired occasionally from mystery mirrors in Starlit Weald.
Trade to alliance field quartermasters in Castora for an Extremis Mantle.","Иногда выпадает из таинственных зеркал в Starlit Weald.
Обменяйте у полевых интендантов альянса в Касторе на накидку «Экстремис»."
"Acquired occasionally from the Hammerhart Rumble! world boss event in Shipwreck Strand.
Trade to alliance field quartermasters in Castora for a Restless Captain's Coat.","Иногда выпадает за событие мирового босса «Заварушка Хаммерхарта!» на Берегу кораблекрушений.
Обменяйте у полевых интендантов альянса в Касторе на куртку Неупокоенного капитана."
"Add an extra Build Template tab to the character. Each character can unlock up to 6 additional Build Template tabs.

Build Template tabs allow a character to create and swap to an additional build.","Добавляет персонажу дополнительную вкладку шаблона сборки. Каждый персонаж может открыть до 6 дополнительных вкладок шаблонов сборки.

Вкладки шаблонов сборки позволяют персонажу создать дополнительную сборку и переключаться на неё."
Ailionora,Ailionora
"An der Einmündung, wo sich zwei Flüsse vereinen, riecht es heftig nach Fisch.",В месте слияния двух рек сильно пахнет рыбой.
Atelier de cuisine,Atelier de cuisine
Auf Janthir Syntri durch den Abschluss aller Orte auf der Karte verdient. Weitere Exemplare können bei Händlern für Ansehen-Herzen auf Janthir Syntri erworben werden.,Заработано на Янтхир Синтри за завершение всех мест на карте. Дополнительные экземпляры можно приобрести у торговцев за сердца уважения на Янтхир Синтри.
Autre,Другое
Baron von Scrufflebutt,Барон фон Скрэфлбатт
Besiegt Titanenbrut- oder Elementar-Gegner,Победите врагов-отродий титанов или элементалей
"Bind %num2% legendary sigil[s]. 
(Players with existing legendary sigils can update this achievement when visiting Lion's Arch or the Wizard's Tower.)","Привяжите %num2% легендарн[ый|ых|ых] сигил[|а|ов].  
(Игроки, у которых легендарные сигилы уже есть, могут обновить это достижение, посетив Lion's Arch или Wizard's Tower.)"
Brud,Brud
"Burning undead corpses is never pleasant, but we must do what we must. Had local flies become corrupted, it would have been devastating for us. Now I'm free to eat flies as I please without worrying that they might have the undead taint. Thank you!

—Potatlan","Сжигать трупы нежити — занятие не из приятных, но мы должны делать то, что должны. Если бы местные мухи заразились, это было бы для нас катастрофой. Теперь я могу свободно есть мух, не беспокоясь о том, что они могут быть осквернены нежитью. Спасибо!

—Потатлан"
Butternusskürbis,Тыква баттернат
"Can be traded with Mordrem researchers across Tyria for valuable items.

Double-click to locate a nearby Mordrem researcher.","Можно обменять на ценные предметы у исследователей мордремов по всей Тирии.

Дважды щёлкните, чтобы найти ближайшего исследователя мордремов."
"Can contain coarse or rugged leather squares. 
Purchase from renown region karma merchants across the Crystal Desert with trade contracts.
Find trade contracts in chests and lost supplies.","Может содержать грубые или прочные куски кожи.
Покупается за торговые контракты у торговцев кармы в регионах сердец почёта по всей Crystal Desert.
Торговые контракты находятся в сундуках и потерянных припасах."
"Can contain green and soft wood logs.
Purchase from renown region karma merchants across the Crystal Desert with trade contracts.
Find trade contracts in chests and lost supplies.","Может содержать зелёные брёвна или брёвна из мягкой древесины.
Покупается за торговые контракты у торговцев кармы в регионах сердец почёта по всей Crystal Desert.
Торговые контракты находятся в сундуках и потерянных припасах."
"Can contain ingots of orichalcum or mithril.
Purchase from renown region karma merchants across the Crystal Desert with trade contracts.
Find trade contracts in chests and lost supplies.","Может содержать слитки орихалка или мифрила.
Покупается за торговые контракты у торговцев кармы в регионах сердец почёта по всей Crystal Desert.
Торговые контракты находятся в сундуках и потерянных припасах."
"Can contain jute and wool scraps.
Purchase from renown region karma merchants across the Crystal Desert with trade contracts.
Find trade contracts in chests and lost supplies.","Может содержать лоскуты джута и шерсти.
Покупается за торговые контракты у торговцев кармы в регионах сердец почёта по всей Crystal Desert.
Торговые контракты находятся в сундуках и потерянных припасах."
"Can contain thick or hardened leather squares.
Purchase from renown region karma merchants across the Crystal Desert with trade contracts.
Find trade contracts in chests and lost supplies.","Может содержать куски толстой или закалённой кожи.
Покупается за торговые контракты у торговцев кармы в регионах сердец почёта по всей Crystal Desert.
Торговые контракты находятся в сундуках и потерянных припасах."
"Canthan band that exclusively contains End of Dragons attribute combos.
<c=@flavor>Jade bands are in such high demand that merchants have trouble keeping them in stock.</c>","Кантанское кольцо только с наборами характеристик из «Конца драконов».
<c=@flavor>Нефритовые кольца в таком спросе, что торговцы не успевают их подвозить.</c>"
Champion Defeated,Чемпион побеждён
"Collect Charr Commendations for the legions by defeating Dominion forces and accomplishing objectives in the Drizzlewood Coast.
Speak with a quaestor in any allied base to change which legion your commendations go to.","Собирайте награды чарров для легионов, побеждая войска Доминиона и выполняя задания в Прибрежной зоне.
Поговорите с квестором в любой союзной базе, чтобы изменить легион, которому будут отправляться ваши награды."
"Combine 250 Refined Metal, 250 Refined Wood
This item is purchased from Deft Lahar in your homestead.","Соедините 250 единиц очищенного металла и 250 единиц очищенной древесины.
Этот предмет можно приобрести у Дефта Лахара в вашем усадьбе."
"Combine a Gift of Gatherer of the Hunt, a Gift of Uncovered Grounds, a Gift of Expertise, and a Bloodstone Shard in the Mystic Forge to create the Gift of Janthir Wilds.

Created in the Mystic Forge by combining:
• 100 Mursaat Runestones
• 1 Gift of Lowland Shore
• 1 Gift of Janthir Syntri
• 1 Gift of the Ursus","Объедините Gift of Gatherer of the Hunt, Дар неизведанных земель, Дар мастерства и Bloodstone Shard в Mystic Forge, чтобы создать Gift of Janthir Wilds.

Создаётся в Mystic Forge путём объединения:
• 100 Рунических камней мурсаатов
• 1 Дара Побережья низменностей
• 1 Дара Джантир Синтри
• 1 Дара Урсуса"
"Combine a Gift of Janthir Wilds, a Gift of the Homesteader, a Gift of Klobjarne Geirr, and Nyr Hrammr in the Mystic Forge to create the legendary spear Klobjarne Geirr.

Created in the Mystic Forge by combining:
• 1 Gift of Gatherer of the Hunt
• 1 Gift of Uncovered Grounds
• 1 Gift of Expertise
• 1 Bloodstone Shard","Объедините Gift of Janthir Wilds, Gift of the Homesteader, Дар Клобьярне Гейрра и Нюр Храммр в Mystic Forge, чтобы создать легендарное копьё Klobjarne Geirr.

Создаётся в Mystic Forge путём объединения:
• 1 Дара собирателя охоты
• 1 Дара неизведанных земель
• 1 Дара мастерства
• 1 Осколка кровавого камня"
"Combine a Gift of the Appetizer, a Gift of the Entrée, a Gift of the Side Course, and a Gift of the Dessert in the Mystic Forge to create the Gift of the Feast.

Created in the Mystic Forge by combining:
• 200 Plates of Orrian Steak Frittes
• 100 Plates of Truffle Steak
• 50 Plates of Spicy Herbed Chicken
• 5 Fruits of the Shadow","Соедините Gift of the Appetizer, Gift of the Entrée, Gift of the Side Course и Gift of the Dessert в Mystic Forge, чтобы создать Gift of the Feast.

Создаётся в Mystic Forge путём объединения:
• 200 Тарелок стейка фриттес по-орриански
• 100 Тарелок стейка с трюфелем
• 50 Тарелок острой курицы с травами
• 5 Плодов тени"
"Combine a Gift of the Seas, a Gift of Adventure
Purchased from Visions of Eternity map vendors in exchange for:,
• 1 Gift of the Tides,
• 2 Gifts of Research,
• 2 Gifts of Condensed Might,
• 2 Gifts of Condensed Magic","Соберите Gift of the Seas, Gift of Adventure
Приобретается у торговцев карты «Visions of Eternity» в обмен на:,
• 1 Gift of the Tides,
• 2 Дара исследований,
• 2 Дара сгущенной мощи,
• 2 Дара сгущенной магии"
"Combine a Gift of the Sun, a Gift of the Beach
Created by combining the following in the Mystic Forge:,
• 2 Gifts of Light,
• 2 Gifts of Condensed Magic,
• 2 Gifts of Condensed Might,
• 250 Sun Beads","Объедините Gift of the Sun и Gift of the Beach
Создаётся путём объединения следующего в Mystic Forge:,
• 2 Дара Света,
• 2 Дара сгущённой магии,
• 2 Дара сгущённой мощи,
• 250 солнечных бусин"
"Combine in the Mystic Forge with Meaty Plant Food, Bloodstone Dust
<c=@flavor>A crackling pile of elementally charged essence.</c>","Совместите в Mystic Forge с Мясистой растительной пищей, Пылью кровавого камня
<c=@flavor>Потрескивающая куча заряженной элементальным зарядом сущности.</c>«"
"Combine in the Mystic Forge with Piquant Plant Food, Bloodstone Dust, and Thick Leather Sections to create a Package of Phantasmally Infused Plant Food.

<c=@flavor>A sticky pile of residue left behind by a powerful spirit.<c>","Соедините в Mystic Forge с Пикантным растительным кормом, Кровавой каменной пылью и Толстыми кожаными отрезками, чтобы создать Упаковку фантомно-насыщенного растительного корма.

<c=@flavor>Липкая куча остатков, оставленных могущественным духом.<c>"
"Combine in the Mystic Forge with a Clay Pot, Bloodstone Dust
'<c=@flavor>It''s very difficult to focus your eyes on this stone. The space around it is rich with magical energy.<c>'","Соедините в Mystic Forge с глиняным горшком, пылью кровавого камня
'<c=@flavor>Очень трудно сфокусировать взгляд на этом камне. Пространство вокруг него насыщено магической энергией.<c>'"
"Combine in the Mystic Forge with a Clay Pot, Bloodstone Dust
<c=@flavor>A stone taken from the Mists, steeped in its power.</c>","Скомбинируйте в Mystic Forge с глиняным горшком, пылью кровавого камня
<c=@flavor>Камень, взятый из Туманов, пропитанный их силой.</c>"
"Combine in the Mystic Forge with a Hero Weapon, Grandmaster Mark Shards
Combine in the Mystic Forge with 3 Salvaged Dredge Backpacks to create a Salvaged Dredge Inferno Backpack.","Объедините в Mystic Forge с героическим оружием и осколками знака грандмастера.
Объедините в Mystic Forge с 3 восстановленными рюкзаками дредноутов, чтобы создать восстановленный адский рюкзак дредноутов."
"Combine in the Mystic Forge with a Vial of Liquid Shadowstone, a Gift of Shadowstones
'Purchased from renown heart vendor in Pilgrim''s Rest in Eternity''s Garden in exchange for:',
• 1 Gift of Research,
• 1 Preserved Eidolon Hide,
'• 1 Gift of Eternity''s Garden Exploration',
• 1 Gift of Regrowth","Соедините в Mystic Forge с флаконом жидкого теневого камня и Даром теневых камней
Покупается у торговца сердца известности в Приюте Пилигрима в Саду Вечности в обмен на:,
• 1 Дар исследования,
• 1 сохранённая шкура эйдолона,
• 1 Дар исследования Сада Вечности,
• 1 Gift of Regrowth"
"Combine this weapon in the Mystic Forge with:
• 1 Gift of Bolt
• 1 Gift of Mastery
• 1 Gift of Fortune</c>","Соедините это оружие в Mystic Forge с:
• 1 Gift of Bolt
• 1 Gift of Mastery
• 1 Gift of Fortune</c>"
"Combine this weapon in the Mystic Forge with:
• 1 Gift of Frenzy
• 1 Gift of Mastery
• 1 Gift of Fortune</c>","Соедините это оружие в Mystic Forge с:
• 1 Gift of Frenzy
• 1 Gift of Mastery
• 1 Gift of Fortune</c>"
"Combine this weapon in the Mystic Forge with:
• 1 Gift of Janthir Wilds
• 1 Gift of the Homesteader
• 1 Gift of Klobjarne Geirr</c>","Соедините это оружие в Mystic Forge с:
• 1 Gift of Janthir Wilds
• 1 Gift of the Homesteader
• 1 Gift of Klobjarne Geirr</c>"
"Combine this weapon in the Mystic Forge with:
• 1 Gift of Kraitkin
• 1 Gift of Mastery
• 1 Gift of Fortune</c>","Соедините это оружие в Mystic Forge с:
• 1 Gift of Kraitkin
• 1 Gift of Mastery
• 1 Gift of Fortune</c>"
"Combine this weapon in the Mystic Forge with:
• 1 Gift of Meteorlogicus
• 1 Gift of Mastery
• 1 Gift of Fortune</c>","Соедините это оружие в Mystic Forge с:
• 1 Gift of Meteorlogicus
• 1 Gift of Mastery
• 1 Gift of Fortune</c>"
"Combine this weapon in the Mystic Forge with:
• 1 Gift of Rodgort
• 1 Gift of Mastery
• 1 Gift of Fortune</c>","Соедините это оружие в Mystic Forge с:
• 1 Gift of Rodgort
• 1 Gift of Mastery
• 1 Gift of Fortune</c>"
"Combine this weapon in the Mystic Forge with:
• 1 Gift of The Minstrel
• 1 Gift of Mastery
• 1 Gift of Fortune</c>","Соедините это оружие в Mystic Forge с:
• 1 Gift of The Minstrel
• 1 Gift of Mastery
• 1 Gift of Fortune</c>"
"Commander,

Ayumi was right about you. I've already seen the impact of your efforts inside the camp. One of our scouts reported hearing a pair of guards talking about the Aetherblades. Before he could hear the relevant details, however, they left for their break. The scout followed as close as they could and managed to hear that the pair were going to take their break ""near the waterfall."" Perhaps you can find them and learn more.","Коммандир,

Аюми была права насчёт вас. Я уже вижу результаты ваших усилий внутри лагеря. Один из наших разведчиков сообщил, что слышал, как пара охранников говорила об Эфироклинках. Однако, прежде чем он услышал важные детали, они ушли на перерыв. Разведчик последовал за ними так близко, как мог, и сумел услышать, что пара собирается отдыхать «у водопада». Возможно, вы сможешь найти их и узнать больше."
Commerçants & équipement JcJ,Торговцы и снаряжение для PvP
"Complete 10 events for the Order of the Crystal Bloom in the Burning Forest.
Required to gain access to the Crystal Bloom quartermaster.","Выполните 10 заданий для Ордена Хрустального Цветения в Пылающем Лесу.
Необходимо для получения доступа к торговцу в Кристальном саду."
"Complete chapter 3 of your story.

<c=@reminder>You can select your active story and view your progress from the Story Journal menu in the Hero panel.</c>","Завершите третью главу своей истории.

<c=@reminder>Вы можете выбрать активную историю и просмотреть свой прогресс в меню «Журнал историй» на панели героя.</c>"
"Contains a chak weapon, dragonite ore
Contains a chest to pick your choice of items.","Содержит оружие чак, руду драконита
Содержит сундук, в котором можно выбрать предметы."
"Contains: ,
• Mini Branded Raptor,
• Mini Branded Skimmer,
• Mini Branded Springer,
• Mini Branded Jackal,
• Mini Branded Griffon","Содержит: ,
• Мини-брендовый раптор,
• Мини-брендовый скиммер,
• Мини-брендовый спрингер,
• Мини-брендовый шакал,
• Мини-брендовый грифон"
"Cooo! Thanks to you, quaggan is swimming in plunder! You taught those pirates a valuable lesson about bullying, and they haven't stolen from quaggan since. Quaggan admires your persuasive skills. Visit quaggan sometime soon, %str1%! We can play pirates together.

—Queldip","Ку-у-у! Благодаря вам квагган купается в добыче! Вы преподали этим пиратам ценный урок о том, как не стоит задираться, и с тех пор они не крали у кваггана. Квагган восхищается вашими навыками убеждения. Заглядывайте к кваггану как-нибудь, %str1%! Мы можем поиграть в пиратов вместе.

—Queldip"
Countess Danika zu Heltzer,Графиня Даника цу Хельцер
"Create %num2% item[s] in the Mystic Forge.

<c=@reminder>The Mystic Forge transforms items in a variety of ways, including raising the tier of crafting materials and upgrading equipment. The forge can be accessed from major cities throughout Tyria.</c>","Создайте %num2% [предмет|предмета|предметов] в Mystic Forge.

<c=@reminder>Mystic Forge преобразует предметы различными способами, включая повышение уровня материалов для крафта и улучшение снаряжения. Кузница доступна из крупных городов по всей Тирии.</c>"
Danach zog Caudecus am Rand des Schwärenden Beckens entlang weiter.,Затем Каудекус двинулся дальше по краю Гноящегося Бассейна.
"Defeat %num2% of the world bosses in Frostgorge Sound or Mount Maelstrom.

<c=@reminder>World bosses are challenging events that appear at specific times of day across Tyria. Defeat them to receive chests containing rare equipment and crafting materials. </c>","Победите %num2% мировых боссов в Фростгорж-Саунд или на горе Мальстрём.

<c=@reminder>Мировые боссы — это сложные события, которые происходят в определённое время суток по всей Тирии. Победив их, вы получите сундуки с редким снаряжением и материалами для крафта. </c>"
"Discover 5 points of interest in Snowden Drifts, Diessa Plateau, Brisban Wildlands, or Kessex Hills.

<c=@reminder>Points of interest are special locations marked by name in the world, indicated by a square icon on the map. </c>","Найдите 5 интересных мест в Сноуден Дрифтс, на Diessa Plateau, в Брисбан Уайлдлендс или в Кессекс Хиллз.

<c=@reminder>Интересные места — это особые локации, отмеченные названием на карте и выделенные квадратным значком. </c>"
"Discover 5 waypoints in Snowden Drifts, Diessa Plateau, Brisban Wildlands, or Kessex Hills.

<c=@reminder>Waypoints allow you to travel quickly around the world. They are unlocked by visiting them once. You can teleport to any unlocked waypoint for a small amount of coin.</c>","Найдите 5 точек быстрого перемещения в Сноуден Дрифтс, Диесса Плато, Брисбан Уайлдлендс или Кессекс Хиллз.

<c=@reminder>Точки быстрого перемещения позволяют быстро путешествовать по миру. Они открываются после первого посещения. Вы можете телепортироваться к любой открытой точке быстрого перемещения за небольшую плату.</c>"
"Discreetly bring this to Agent Cavus while investigating the warehouse near Vehtendi Academy.,
Event Item","Незаметно отнесите это агенту Кавусу во время расследования склада рядом с Академией Вехтенди.,
Предмет события"
"Doppelklicken, um dieses Erscheinungsbild auf andere Speere anzuwenden.","Двойной щелчок, чтобы применить этот внешний вид к другим копьям."
"Doppelklicken, um dieses Erscheinungsbild auf einen anderen Speer anzuwenden. Dieser Skin wird in Eurer Garderobe für den zukünftigen Einsatz freigeschaltet.","Дважды щёлкните, чтобы применить этот облик к другому копью. Этот облик будет разблокирован в вашем гардеробе для будущего использования."
"Double-click to bind this glyph to your account.,
Grants a 33%% chance to reward bonus leather scraps while gathering, in addition to gathering results. Material types are determined by your character level and location in the world.","Дважды щёлкните, чтобы привязать этот глиф к вашей учётной записи.,
Даёт 33%% шанс получить дополнительные обрезки кожи при сборе в дополнение к результатам сбора. Типы материалов определяются вашим уровнем персонажа и местоположением в мире."
"Double-click to create a Mushroom Medley by combining a Noxious Mushroom Cap, Orrian Truffles
Double-click to create a United Legions Waystation at your location. Lasts 15 minutes.","Дважды щёлкните, чтобы создать Mushroom Medley, соединив ядовитую грибную шляпку и оррианские трюфели.
Дважды щёлкните, чтобы создать перевалочный пункт Объединенных Легионов в вашем местоположении. Действует 15 минут."
"Double-click to feed to a Mysterious Sprout.,
<c=@flavor>This spicy snack has been infused with the essence of a phantasm and magically prepared for the connoisseur of carnivorous plants.<c>","Дважды щёлкните, чтобы покормить Mysterious Sprout.,
<c=@flavor>Это острая закуска была пропитана сущностью фантома и магически приготовлена для ценителя плотоядных растений.<c>"
"Double-click to gain a hero  point. .,
The sparkling vial brims with power.","Дважды щёлкните, чтобы получить очко  героя. .,
Сверкающий флакон переполнен силой."
"Double-click to gain a hero point.,
'This is the feed from the local centaur tribe. It''s mostly berries and grass', but you can smell some mystery ingredient... Must be good.","Дважды щёлкните, чтобы получить очко героя.,
«Это корм от местного племени кентавров. В основном ягоды и трава», но вы чувствуете какой-то таинственный ингредиент... Должно быть, вкусно."
"Double-click to gain a hero point.,
This clay is obviously magical. No wonder the grawl spread it all over the place. You should be able to imbue yourself with its essence.","Дважды щёлкните, чтобы получить очко героя.,
Эта глина явно магическая. Неудивительно, что граулы размазали её повсюду. Вы сможете пропитаться её сущностью."
"Double-click to open. Grants a choice of Bear Ceremonial Hood, Sandals
<c=@warn>Contents will be account bound!</c>","Дважды щёлкните, чтобы открыть. Даёт выбор: Медвежий церемониальный капюшон, Сандалии
<c=@warn>Содержимое станет привязанным к учётной записи!</c>"
"Double-click to open.,
<c=@Reminder>This item has been updated. Open this container to receive a Black Lion Chest Key and Black Lion Chest that have been upgraded to the latest version.</c>","Дважды щёлкните, чтобы открыть.,
<c=@Reminder>Этот предмет был обновлен. Откройте этот контейнер, чтобы получить ключ от сундука Чёрного льва и сундук Чёрного льва, обновленные до последней версии.</c>"
"Double-click to open.,
Affected by magic find.,
Available exclusively from Black Lion Chests during the Festival of the Four Winds.","Дважды щёлкните, чтобы открыть.,
Подвержено влиянию поиска магии.,
Доступно исключительно из сундуков Black Lion во время Фестиваля четырех ветров."
"Double-click to open.,
Choose from: ,
• Mini Green Raptor Hatchling,
• Mini Brown Springer Kit,
• Mini Yellow Jackal Pup,
• Mini Red Griffon Hatchling","Дважды щёлкните, чтобы открыть.,
Выберите из: ,
• Мини-зелёный детеныш раптора,
• Мини-коричневый детёныш спрингера,
• Мини-жёлтый щенок шакала,
• Мини-красный детеныш грифона"
"Double-click to open.,
Contains 50 Dragonite Ore, 50 Empyreal Fragments
Double-click to open.","Дважды щёлкните, чтобы открыть.,
Содержит: 50 руды драконита, 50 осколков эмпирея
Дважды щёлкните, чтобы открыть."
"Double-click to open.,
Contains a Pristine Fractal Relic, 2 +1 Agony Infusions
Bonus rewards with the Agony Channeler or Recursive Resourcing mastery.","Дважды щёлкните, чтобы открыть.,
Содержит Нетронутый фрактальный реликт, 2 инфузии агонии +1
Бонусные награды с владением «Канал агонии» или «Recursive Resourcing»."
"Double-click to pick a recipe for Spearmarshal Pants. Can be learned by armorsmiths, leatherworkers
Purchase these recipes from renown merchants in Elona after learning the base recipes from the story.","Дважды щёлкните, чтобы выбрать рецепт штанов Копьёмаршала. Может быть изучен бронниками, кожевниками
Купите эти рецепты у известных торговцев в Элоне после изучения базовых рецептов из сюжета."
"Double-click to summon this mini to follow you around. Only one mini may be in use at a time.,
Combine 3 of this mini with Pile of Crystalline Dust, an Obsidian Shard
Double-click to summon this mini to follow you around. Only one mini may be in use at a time.","Дважды щёлкните, чтобы призвать этого мини-питомца следовать за вами. Одновременно можно использовать только одного мини-питомца.,
Объедините 3 таких мини-питомца с кучей кристаллической пыли и осколком обсидиана.
Дважды щёлкните, чтобы призвать этого мини-питомца следовать за вами. Одновременно можно использовать только одного мини-питомца."
"Double-click to transform into a hermit crab.,
<c=@flavor>""When you live in a shell,' you''re always home!""</c>'","Дважды щёлкните, чтобы превратиться в рака-отшельника.,
<c=@flavor>«Когда живешь в раковине,' ты всегда дома!»</c>'"
"Double-click while underwater to transform into a koi.,
'<c=@flavor>""Don''t be coy', be a koi!""</c>","Дважды щёлкните под водой, чтобы превратиться в кои.,
'<c=@flavor>«Не будь застенчив', будь кои!»</c>"
"Dropped by Mossman in the Swampland Fractal.

<c=@flavor>It stinks. Real bad.<c>","Выпадает с Мохового Человека во фрактале «Болотный край».

<c=@flavor>Воняет. Просто ужасно.<c>"
"Dye %num2% piece[s] of equipment.

<c=@reminder>Dye are colors that can be applied to equipped armor, outfits, mounts, and gliders, allowing you to personalize the look of your character. You can access your dyes from the Dye tab in your Hero panel.</c>","Окрась %num2% предмет[|а|ов] экипировки.

<c=@reminder>Краски — это цвета, которые можно наносить на надеваемую броню, комплекты брони, ездовых животных и планеры, чтобы персонализировать внешний вид своего персонажа. Вы можете получить доступ к своим краскам во вкладке «Краски» в панели героя.</c>"
"Each chest contains up to five personalized Wintersday gifts, plus an additional themed item. This includes tonics
Each dye box contains 7 random dyes (5 common and 2 uncommon or rare).","Каждый сундук содержит до пяти персонализированных подарков Зимнего праздника, плюс дополнительный тематический предмет. Сюда входят тоники
Каждая коробка с красками содержит 7 случайных красок (5 обычных и 2 необычных или редких)."
"Earn a gold medal in the Amnytas Supply Run adventure.

(Progress will update when you claim the rewards from this adventure.)","Завоюйте золотую медаль в приключении «Поставка в Амните».

(Прогресс будет обновлен после получения наград за это приключение.)"
"Earn a gold medal in the Reuniting Lost Kryptis adventure.

(Progress will update when you claim the rewards from this adventure.)","Завоюйте золотую медаль в приключении «Воссоединение потерянных криптидов».

(Прогресс будет обновлен после получения наград за это приключение.)"
"Earn experience to level up this character to level 10.

<c=@reminder>Experience can be earned by defeating enemies, contributing to events and renown hearts, completing story chapters, and crafting items.</c>","Получайте опыт, чтобы повысить уровень этого персонажа до 10-го.

<c=@reminder>Опыт можно получить за победу над врагами, участие в событиях и выполнении заданий, прохождение сюжетных глав и создание предметов.</c>"
"Earned for aiding the Pact while proving yourself a hero of the wastes.
Double-click to open.","Даётся за помощь Пакту и за то, что вы показали себя героем пустошей.
Дважды щёлкните, чтобы открыть."
"Eastern Ward:
Find this thirsty karka in the Lion's Shadow.","Восточный район:
Найдите эту жаждущую карку в львиной тени."
"Eastern Ward:
Take care of the inn's bed bug infestation.","Восточный район:
Избавьтесь от нашествия клопов в гостинице."
"Eastern Ward:
This karka is a little too shy to dance in the Lion's Shadow.","Восточный район:
Эта карка слишком застенчива, чтобы танцевать в львиной тени."
"Ein Buch mit Rezepten zur Dekoration der Heimstatt, die zur Herstellung von Arena-Gegenständen benötigt werden.","Книга с рецептами для украшения жилища, необходимыми для создания предметов арены."
"Ein Buch mit Rezepten zur Dekoration der Heimstatt, die zur Herstellung von Bänken, Stühlen und Hockern benötigt werden.","Книга с рецептами для украшения жилища, необходимыми для создания скамеек, стульев и табуретов."
"Ein Buch mit Rezepten zur Dekoration der Heimstatt, die zur Herstellung von diversen Pflanzen benötigt werden.","Книга рецептов украшения жилища, необходимых для создания различных растений."
"Eir's memorial was a few weeks ago... I didn't go. Didn't want to. The invitation is still sitting at the bottom of the bin next to my cot. I looked at it again the other day; Knut's handwriting hasn't improved.  

Logan tried to stop by the infirmary—he's on his feet again, I guess. I told Tammo that I didn't want visitors. Logan probably just wanted to talk about her. Eir. He wrote not long ago. Didn't go to the memorial either, but...I didn't write him back. I just don't want to talk to anyone right now. I don't want to see anyone. I want to be left alone.  

My vision is still fuzzy and I can barely lift myself out of bed, anyway. All I want is to sleep, and then sleep some more.","Поминальная служба по Эйр была несколько недель назад... Я не пошёл. Не хотел. Приглашение до сих пор лежит на дне корзины рядом с моей койкой. На днях я снова на него взглянул; почерк Кнута не улучшился.

Логан пытался заглянуть в лазарет — он снова на ногах, видимо. Я сказал Таммо, что не хочу гостей. Логан, наверное, просто хотел поговорить о ней. Об Эйр. Он писал не так давно. Тоже не пошёл на поминальную службу, но... Я не ответил. Я просто не хочу сейчас ни с кем говорить. Никого не хочу видеть. Хочу, чтобы меня оставили в покое.

Зрение всё ещё затуманено, и я едва могу подняться с постели. Всё, чего я хочу — это спать, и спать ещё больше."
Elektrische Stadt,Электрический город
Elektrophobie,Электрофобия
"Enables the superheated state of the Falling Star spear.
+5 Power
+9 Agony Resistance","Включает перегретое состояние копья Падающей звезды.
+5 к силе
+9 к сопротивлению агонии"
"Enemy players will appear as standard characters in the following game formats:
—Custom Arena with Tournament Commands
—Ranked Arena
—Unranked Arena
—WvW","Вражеские игроки будут отображаться как стандартные персонажи в следующих форматах игры:
—Пользовательская арена с турнирными командами
—Рейтинговая арена
—Нерейтинговая арена
—WvW"
"Enter %num2% World vs. World map[s].

<c=@reminder>Storm castles and conquer territories in World vs. World! Enter the Mists from Eternal Battlegrounds asura gates in Lion's Arch, which can be traveled to from major cities, or by clicking the castle icon in the top-left corner of your screen.</c>","Войдите в %num2% [карту режима|карты режима|карт режима] «World vs. World».

<c=@reminder>Штурмуйте замки и захватывайте территории в режиме «World vs. World»! Воспользуйтесь вратами асуры из Вечных битв, расположенными в Туманах, чтобы попасть туда. Врата можно найти в крупных городах или нажав на значок замка в верхнем левом углу экрана.</c>"
"Entry 1—I'll start with Magister Stonehealer's academic interests: prophecies, ancient civilizations, and dragons, to name a few. There's crossover there. Do I have any hypotheses that might be of interest to him?


Hypothesis: There are untouched corners of this world, ignored by the Elder Dragons, that saw little of their influence or knew them differently.


—If five came from one, what were the infant Elder Dragons like?  
—Were they born ""Elder""?  
—Did they have to claim their own ascension over time as Aurene did?


Entry 2—A common thread that sticks out in the Priory's texts is that records note dragon iconography and reverence for thousands of years. Illustrations and descriptions of statues far grander in scale than any mere saltspray dragon.


Hypothesis: Canthans have known about the Elder Dragon of water, even before the events of the Zhaitan disaster, possibly as far back as the Dragon Empire's founding.


—Did the naga of that era know?  
—Their orators and storytellers could have spun stories to the early human settlers. (I'll investigate this.)


Entry 3—Yuuto let me examine an artifact from the Ministry of Archives' private reserves. She mentioned that several had been collected from Canthan shores over the years and now ward New Kaineng from the Unchained. A similar orb currently protects Fort Trinity from what's left of Zhaitan's forces.


Hypothesis: This ""Soo-Won"" the archivists talk about doesn't fit the usual psychological profile of other Elder Dragons. Like Elder Dragon Aurene, Glint, and Kuunavang, she's formed a more positive connection with mortals.


—If these orbs are from Soo-Won, and she is the Elder Dragon of water, were they originally created for her own benefit or for the mortals in the destructive path of her offspring?  
—Did she have to protect herself from her own offspring?  
—Who else has Soo-Won protected over the past dragon cycles?","Запись 1 — Начну с научных интересов магистра Камнелека: пророчества, древние цивилизации и драконы, и это лишь некоторые из них. Есть пересечения. Есть ли у меня гипотезы, которые могли бы его заинтересовать?


Гипотеза: В этом мире есть нетронутые уголки, проигнорированные Старшими Драконами, которые почти не ощутили их влияния или знали их иначе.


— Если пятеро произошли от одного, какими были младенцы-Старшие Драконы?
— Родились ли они «Старшими»?
— Должны ли были они со временем заявить о своём возвышении, как это сделала Аурена?


Запись 2 — Общая нить, которая бросается в глаза в текстах Приората, — это записи, отмечающие драконью иконографию и почитание на протяжении тысяч лет. Иллюстрации и описания статуй, гораздо более грандиозных по масштабу, чем любой простой брызгокрылый дракон.


Гипотеза: Кантцы знали о Старшем Драконе воды ещё до событий катастрофы Зайтана, возможно, ещё со времён основания Драконьей Империи.


— Знали ли наги той эпохи?
— Их ораторы и сказители могли рассказывать истории ранним человеческим поселенцам. (Я это выясню.)


Запись 3 — Юуто позволила мне изучить артефакт из частных запасников Министерства Архивов. Она упомянула, что несколько таких были собраны на кантских берегах за эти годы и теперь защищают Новый Кайенг от Раскованных. Похожая сфера в настоящее время защищает Форт Троицы от того, что осталось от сил Зайтана.


Гипотеза: Эта «Су-Вон», о которой говорят архивариусы, не соответствует обычному психологическому профилю других Старших Драконов. Как и Старший Дракон Аурена, Глинт и Куунаванг, она установила более позитивную связь со смертными.


— Если эти сферы от Су-Вон, и она — Старший Дракон воды, были ли они изначально созданы для её собственной выгоды или для смертных на разрушительном пути её отпрысков?
— Должна ли была она защищать себя от собственных отпрысков?
— Кого ещё Су-Вон защищала за прошедшие драконьи циклы?"
Entweihungsprophylaxe,Профилактика осквернения
Entziehen verboten,Отзывать запрещено.
"Equip a track to start earning experience.
Once you fully train a tier, use Mastery points
to permanently master and unlock its ability.","Экипируйте трек, чтобы начать получать опыт.
Когда вы полностью обучите уровень, используйте очки Мастерства,
чтобы навсегда освоить и разблокировать его способность."
"Erst geht es tief hinunter, dann seht Ihr weit über Euch Flammenschalen flackern.","Сначала вы спускаетесь глубоко вниз, затем видите далеко над собой мерцание огненных чаш."
Erz sammeln,Сбор руды
Espaldas guardadas,Прикрываем спину.
"Everything is going as planned! Molent Summit is clamoring with angry dredge. When you infiltrated their mine and attacked them dressed as a steam creature, they forgot all about the Priory. Ever since, the dredge have been eyeing the steam creatures with suspicion, and a counterattack is imminent. The Priory's in your debt.

—Kaukiri","Все идет по плану! Molent Summit кишит разгневанными дредж. Когда вы проникли в их шахту и атаковали их, переодевшись паровым созданием, они забыли о Приорате. С тех пор дредж с подозрением косятся на паровых созданий, и ответная атака неизбежна. Приорат у вас в долгу.

—Kaukiri"
Explorador desaparecido,Пропавший исследователь
Explorator,Исследователь
"Explore the major cities with your skyscale to find locations to learn new tricks. 

Check the Skyscale Toy Training achievement in the Black Lion Collections tab for more hints on where to unlock each skill.","Исследуйте крупные города верхом на скайскейле, чтобы найти места для изучения новых трюков. 

Проверьте достижение «Дрессировка скайскейла» на вкладке «Коллекции Чёрного Льва» для дополнительных подсказок о том, где открыть каждое умение."
"FIELD REPORT: OLMAKHAN

No idea why I'm doing this. Haven't done one of these since...

A long time.

Always was the best way to get my thoughts down, like I'm doing a report for Rytlock or something.

So, Olmakhan.

They split from the charr a long time ago, came down from Ascalon while the Flame Legion was still ruining things up there. Spent a lot of time on the run, learned to do things differently.
First thing I noticed: no fahrars. Cubs are collectively raised by the village, where the cubs learn to hunt and fish, but also to play. They have no warbands because there is no war. The only battle they know is the one against the Inquest and their experiments. They live in harmony with nature.

No fahrars. No warbands. No gladiums. Everyone is part of the tribe. Everyone has their role. Everyone is needed. Everyone is wanted.

It sounds good. Too good, honestly.

END FIELD REPORT","ПОЛЕВОЙ ОТЧЁТ: ОЛМАХАН

Понятия не имею, зачем я это пишу. Не делал таких отчётов с...

Давно.

Это всегда был лучший способ собраться с мыслями — как будто составляю доклад для Райтлока.

Итак, Олмахан.

Они отделились от чарров очень давно, ушли из Аскалона, пока Flame Legion ещё всё там портил. Долго скитались, научились делать всё иначе.
Первое, что я заметил: никаких фарваров. Детёнышей воспитывает вся деревня: они учатся охотиться и рыбачить, а ещё — играть. У них нет отрядов, потому что нет войны. Единственное сражение, которое они знают, — это сражение с Инквестом и их экспериментами. Они живут в гармонии с природой.

Ни фарваров. Ни отрядов. Ни гладиумов. Все — часть племени. У каждого своя роль. Каждый нужен. Каждый желанен.

Звучит хорошо. Чересчур хорошо, если честно.

КОНЕЦ ПОЛЕВОГО ОТЧЁТА"
"Feedback, Furnaces, and Failures:  
  
My sister says I should journal more, but these days, my pen weighs heavy. I fear this project will be the death of me. Already, I was forced to incinerate several staff members involved in the initial surgical work to excavate that coral ""heart"" from the Castoran reef, plus another clumsy staffer who spilled coral fragments in the hallways during transit. My hands are bloodied. Our sterilization and disposal furnace monthly energy metrics will be affected.  
  
Arch Researcher Tunsi insists that Researcher Anto may have been a double agent, serving our ambitious rivals back at CAS-U-3. I am not so certain. After all, Anto did not even notice the subtle nerve agents slipped into his onsite breakfast. I'd expect more from our rivals.","Отдача, печи и провалы:

Сестра говорит, что мне стоит вести дневник чаще, но нынче перо моё тяжёло. Боюсь, этот проект меня погубит. Мне уже пришлось испепелить нескольких сотрудников, причастных к первоначальной хирургической работе по извлечению того кораллового «сердца» из касторского рифа, плюс ещё одного неуклюжего сотрудника, что рассыпал фрагменты коралла в коридорах при переноске. Мои руки в крови. Это скажется на месячных показателях энергопотребления нашей печи стерилизации и утилизации.

Архиисследователь Tunsi настаивает, что исследователь Anto, возможно, был двойным агентом, служившим нашим честолюбивым соперникам обратно в CAS-U-3. Я не столь уверен. В конце концов, Anto даже не заметил тонких нервно-паралитических веществ, подмешанных в его завтрак на месте. От наших соперников я ожидал бы большего."
"Find a way to cross the chasms and disable the giant weights.
Weights disabled","Найдите способ пересечь пропасти и отключить гигантские грузы.
Грузы отключены"
"Find all the ancient artifacts in Nyedra Surrounds to learn new weapon proficiencies.
Players can also unlock this achievement by purchasing the artifacts in WvW from the Heroics Notary vendor.","Найдите все древние артефакты в окрестностях Найедры, чтобы изучить новые виды оружия.
Игроки также могут получить это достижение, приобретая артефакты в PvP-режиме «Мировые против Мировых» у торговца «Героические награды»."
"Find others to help you explore Bava Nisos.
Requires the Guild Wars 2: Janthir Wilds expansion to access this map.","Найдите других игроков, чтобы вместе исследовать Бава-Нисос.
Для доступа к этой карте требуется дополнение Guild Wars 2: Янтарные дикие земли."
"Find others to help you explore Dragonfall!
The Guild Wars 2: Path of Fire™ expansion and the Living World episode ""War Eternal"" are required to access this map.","Найдите других игроков, чтобы вместе исследовать Драконий водопад!
Для доступа к этой карте необходимо приобрести дополнение Guild Wars 2: Путь Огня и пройти эпизод «Война вечности» из серии «Живая история»."
"Find others to help you explore Jahai Bluffs!
The Guild Wars 2: Path of Fire™ expansion and the Living World episode ""A Star to Guide Us"" are required to access this map.","Найдите других игроков, чтобы вместе исследовать Ущелья Джахаи!
Для доступа к этой карте необходимо приобрести дополнение Guild Wars 2: Путь Огня и пройти эпизод «Звезда, что укажет нам путь» из серии Живого мира."
"Find others to help you explore New Kaineng City.
Requires Guild Wars 2: End of Dragons expansion to access this map.","Найдите других игроков, чтобы вместе исследовать New Kaineng.
Для доступа к этой карте требуется дополнение Guild Wars 2: Конец Драконов."
"Find others to help you explore the Domain of Kourna!
The Guild Wars 2: Path of Fire™ expansion and the Living World episode ""Long Live the Lich"" are required to access this map.","Найдите других игроков, чтобы вместе исследовать Домен Курны!
Для доступа к этой карте необходимо приобрести дополнение Guild Wars 2: Путь Огня и пройти эпизод «Долгая жизнь лича» из сюжетной линии Живого мира."
"Find others to help you explore the Echovald Wilds.
Requires Guild Wars 2: End of Dragons expansion to access this map.","Найдите других игроков, чтобы вместе исследовать Echovald Wilds.
Для доступа к этой карте требуется дополнение Guild Wars 2: Конец Драконов."
"Find others to help you reclaim fallen Orr!
The Guild Wars 2: Heart of Thorns expansion and the Living World episode ""One Path Ends"" are required to access this map.","Найдите союзников, чтобы вместе вернуть Орр из небытия!
Для доступа к этой карте необходимо приобрести дополнение Guild Wars 2: Heart of Thorns и пройти эпизод Живой истории «One Path Ends»."
"Find others to help you survive Bitterfrost Frontier!
The Guild Wars 2: Heart of Thorns expansion and the Living World episode ""A Crack in the Ice"" are required to access this map.","Найдите союзников, чтобы вместе выжить в Ледяной Пустоши!
Для доступа к этой карте необходимо приобрести дополнение Guild Wars 2: Heart of Thorns и пройти эпизод «Разлом во льдах» из сюжетной линии Живого мира."
"First Mate Eldan's Log, 1100 AE  
  
Went ashore today for a change of scenery—boss's orders. He thought we might find some plunder around here, something worth trading elsewhere in Tyria. Our luck must still be running south, though, 'cause there's nothing here. Nothing but the rustle of leaves and the chatter of animals for company, aye. Anything else is probably too far inland for us to reach.    
  
Ned's knee started aching again while we were searching, which usually means there's storms coming. The boss decided to wait until dark to cast away, so after he called off the search we sat around on the beach drinking spirits. The sunset was a thing o' beauty—all orange and red with li'l flecks of pink clouds floating by. With the breeze lifting our hair and the birds a-warbling, spirits wet on me lips, it was the closest thing to paradise I've felt in many a year.  
  
May Janthir always be a place o' rest.","Журнал первого помощника Элдана, 1100 ПИЭ.

Сегодня сошли на берег ради смены обстановки — приказ босса. Он думал, что мы найдём здесь какую-нибудь добычу, что-то стоящее для торговли в других краях Тирии. Но наша удача, видно, всё ещё не с нами, потому что здесь ничего нет. Только шелест листьев да щебет зверей в компании, да. Всё остальное, вероятно, слишком далеко вглубь материка, чтобы мы могли добраться.

У Неда снова разболелось колено, пока мы искали, а это обычно означает приближение шторма. Босс решил ждать до темноты, чтобы отчалить, так что после отмены поисков мы сидели на пляже и пили спиртное. Закат был прекрасен — весь оранжевый и красный с крошечными розовыми облачками, плывущими мимо. С ветром, развевающим волосы, и поющими птицами, с влажным спиртным на губах — это было ближе всего к раю, что я чувствовал за многие годы.

Пусть Джантир всегда будет местом покоя."
"First rule: don't be afraid to get your hands dirty—just dive in and mess around. It probably won't kill you!

—If it rattles, tighten it up.
—If it's sticky, clean it up.
—If it sparks, reattach it.
—If it clicks, replace it.

Second rule: don't sweat the small stuff. As long as they're running when the customer takes them home, we're A-OK.

If the job seems any more complicated than that, just pass it off to the R & D crew and let them worry about it.","Первое правило: не бойся испачкать руки — просто ныряй и возись. Это, вероятно, тебя не убьёт!

— Если гремит — затяни.
— Если липнет — очисти.
— Если искрит — подсоедини заново.
— Если щёлкает — замени.

Второе правило: не парься по мелочам. Пока они работают, когда клиент забирает их домой, мы в порядке.

Если работа кажется сложнее этого, просто передай её команде R & D и пусть они беспокоятся."
Fische kommen unter einer fliegenden Basis hervorgeflogen.,Рыбы вылетают из-под летающей базы.
"Flame Legion needs assistance. Come to the Eye. Ask around how you can help. We'll return the favor when it's time.

—Efram","Flame Legion нужна помощь. Приходите к Оку. Спрашивайте, чем можете помочь. Мы отплатим той же монетой, когда придёт время.

—Эфрам"
"Gabe[pl:""Gaben""] von Janthir Syntri",Габе фон Джантир Синтри
"Gabe[pl:""Gaben""] von Unberührter Boden",Габе фон Унберюртртер Боден
"Gaheron's death has delivered a blow to the Flame Legion, though many of his followers refuse to surrender. Flame Legion factions are now conspiring to unify their forces to assault the beleaguered Pact soldiers who are holding the zealots in check. There are also dark rumors (are there any other kind?) that the Flame Legion is desperate to turn the tide, and when zealots get desperate, they become dangerous.

Return to the Citadel of Flame immediately and make sure the Flame Legion doesn't burn down Tyria. You'll want to locate Commander Suma. He's the officer in charge of the Pact forces inside the citadel.

Go now,

Your Herald","Гибель Гахерона стала ударом для Flame Legion, однако многие его последователи отказываются сдаваться. Фракции Flame Legion сговариваются объединить силы и ударить по измотанным солдатам Пакта, что сдерживают фанатиков. Ходят и мрачные слухи (а какие ещё бывают?), будто Flame Legion отчаянно ищет, как переломить ход дел, — а отчаявшиеся фанатики опасны.

Немедленно возвращайся в Citadel of Flame и проследи, чтобы Flame Legion не спалил Тирию. Тебе понадобится найти командира Суму. Он офицер, начальствующий над силами Пакта внутри цитадели.

Ступай,

Твой Вестник"
"Gain 100 Condition Damage When Health above 90%%
+10%% Experience from Kills","+100 к урону от состояний, пока здоровье выше 90%%
+10%% опыта за убийства"
"Gain 3 Seconds of Quickness on Dismount <c=@reminder>(Cooldown: 60 Seconds)</c>
+10%% Experience from Kills","Получайте 3 секунды эффекта «Проворство» при спешивании <c=@reminder> (перезарядка: 60 секунд) </c>
+10 %% опыта за убийства"
"Gain 40 Power When Health above 90%%
+10%% Experience from Kills","+40 к Силе, пока здоровье выше 90%%
+10%% опыта за убийства"
"Gain Concentration Equal to 1%% of Your Precision
+10%% Experience from Kills","Концентрация, равная 1%% вашей Точности
+10%% опыта за убийства"
"Gain Health Every Second
+100 Concentration
+70 Healing Power
+10%% Karma
+5%% All Experience Gained
+20%% Magic Find
+20%% Gold Find
+10%% WXP Gained","Восстановление здоровья каждую секунду
+100 к Концентрации
+70 к Силе исцеления
+10%% кармы
+5%% ко всему получаемому опыту
+20%% к поиску магии
+20%% к поиску золота
+10%% к получаемому мировому опыту"
"Gain Health Every Second
+100 Concentration
+70 Power
+10%% Karma
+5%% All Experience Gained
+20%% Magic Find
+20%% Gold Find
+10%% WXP Gained","Восстановление здоровья каждую секунду
+100 к Концентрации
+70 к Силе
+10%% кармы
+5%% ко всему получаемому опыту
+20%% к поиску магии
+20%% к поиску золота
+10%% к получаемому мировому опыту"
"Gain Health Every Second
+100 Healing Power
+70 Concentration
+10%% Karma
+5%% All Experience Gained
+20%% Magic Find
+20%% Gold Find
+10%% WXP Gained","Восстановление здоровья каждую секунду
+100 к Силе исцеления
+70 к Концентрации
+10%% кармы
+5%% ко всему получаемому опыту
+20%% к поиску магии
+20%% к поиску золота
+10%% к получаемому мировому опыту"
"Gain Health Every Second
+50 Vitality
+15%% Experience from Kills","Восстановление здоровья каждую секунду
+50 к Живучести
+15%% опыта за убийства"
"Gain Health Every Second
+70 Toughness
+10%% Experience from Kills","Восстановление здоровья каждую секунду
+70 к Стойкости
+10%% опыта за убийства"
"Gain Health Every Second
+70 Vitality
+10%% Experience from Kills","Восстановление здоровья каждую секунду
+70 к Живучести
+10%% опыта за убийства"
"Gain Health Every Second
+80 Power
+60 Precision
+10%% Karma
+5%% All Experience Gained
+20%% Magic Find
+20%% Gold Find
+10%% WXP Gained","Восстанавливайте здоровье каждую секунду
+80 силы
+60 точности
+10%% кармы
+5%% ко всему получаемому опыту
+20%% шанса найти магические предметы
+20%% шанса найти золото
+10%% опыта мира"
"Gain Power Equal to 1%% of Your Precision
Gain Power Equal to 3%% of Your Ferocity
+10%% Experience from Kills","Сила, равная 1%% вашей Точности
Сила, равная 3%% вашей Свирепости
+10%% опыта за убийства"
"Gain Power Equal to 2%% of Your Precision
+10%% Experience from Kills","Сила, равная 2%% вашей Точности
+10%% опыта за убийства"
"Gain Power Equal to 3%% of Your Precision
Gain Ferocity Equal to 3%% of Your Precision
+10%% Experience from Kills","Сила, равная 3%% вашей Точности
Свирепость, равная 3%% вашей Точности
+10%% опыта за убийства"
"Gain Power Equal to 3%% of Your Precision
Gain Power Equal to 6%% of Your Ferocity
+10%% Experience from Kills
+10%% Karma Bonus","Сила, равная 3%% вашей Точности
Сила, равная 6%% вашей Свирепости
+10%% опыта за убийства
+10%% к бонусу кармы"
"Gained by defeating enemies near the Blood Hill Camps.
Your skyscale egg will be sufficiently infused at 100 stacks.","Получено за победу над врагами возле лагерей у Кровавого Холма.
Ваш скэйскальный яйцо будет достаточно насыщено энергией после накопления 100 зарядов."
"Gakkai,

I might need to extend my stay by a few more weeks—I've made so much progress hiding among the Aetherblades.

I will return to you soon, my love. Give Duri a kiss on the cheek, and Mal-Chin a big hug. 
We'll go somewhere quiet when I'm back. Just you and me.

Yours,
Janin","Гаккай,

Возможно, придётся задержаться ещё на несколько недель — я так продвинулась, скрываясь среди Эфирных Клинков.

Скоро вернусь к тебе, любовь моя. Поцелуй Дури в щёку, а Мал-Чина крепко обними.
Когда вернусь, уедем куда-нибудь в тишину. Только ты и я.

Твоя,
Джанин"
"Gather %num2% material[s] from resource nodes.

<c=@reminder>Resource nodes are clumps of ore, saplings, and plants that can be gathered using gathering tools. Nodes can be found by exploring the world.</c>","Собирайте %num2% [материал|материала|материалов] с ресурсных точек.

<c=@reminder>Ресурсные точки — это скопления руды, саженцев и растений, которые можно добывать с помощью инструментов для сбора ресурсов. Точки можно найти, исследуя мир.</c>"
Geerdet,Геердет
"Gefertigt aus 1 Kugel aus dunkler Energie und 75 Stabilisierenden Matrizen. Stabilisierende Matrizen können in Truhen der Nebel gefunden, aus Aufgestiegenen Ringen wiederverwertet oder in Handelsposten gekauft werden.","Изготовлено из 1 сферы тёмной энергии и 75 стабилизирующих матриц. Стабилизирующие матрицы можно найти в сундуках Тумана, получить, переработав возвышенные кольца, или купить на Торговом посту."
"Gefertigt aus 50 Fangzähnen, 50 scharfen Fangzähnen, 250 großen Fangzähnen und 100 scheußlichen Fangzähnen.","Изготовлено из 50 клыков, 50 острых клыков, 250 больших клыков и 100 ужасных клыков."
"Gefertigt aus 50 Klauen, 50 scharfen Klauen, 250 großen Klauen und 100 scheußlichen Klauen.","Изготовлено из 50 когтей, 50 острых когтей, 250 больших когтей и 100 ужасных когтей."
Gefrorene Klaue,Ледяная когть
Geladene Winde,Наэлектризованные ветры
Genio,Гений
Geschicktes Ausweichen,Умелый уход
"Grants a small amount of karma.

<c=@Flavor>A hardened clump of necrotic energy, it almost pulses in your hand. </c>","Даёт небольшое количество кармы.

<c=@Flavor>Это затвердевший сгусток некротической энергии, который почти пульсирует у вас в руке.</c>"
"Grants a small amount of karma.
<c=@Flavor>An old superstition, now with the force of ritual, says that for every lie, a price must be paid.</c>","Даёт небольшое количество кармы.
<c=@Flavor>Старое суеверие, теперь обладающее силой ритуала, гласит, что за каждую ложь нужно платить.</c>"
"Grants a small amount of karma.
<c=@Flavor>These are much crunchier than the non-golden version, and decidedly less delicious.</c>","Даёт небольшое количество кармы.
<c=@Flavor>Они намного хрустящее, чем незолотая версия, и определенно менее вкусные.</c>"
"Grants a tiny amount of karma.
<c=@Flavor>A mere handful of this effervescent glitter weighs immensely in your hand. </c>","Даёт крошечное количество кармы.
<c=@Flavor>Горсть этого шипучего блеска кажется невероятно тяжёлой в вашей руке. </c>"
"Grants a tiny amount of karma.
<c=@Flavor>These little crafts are made with delicate care and love. And because they're made out of carrots, they're good for you, too.</c>","Даёт крошечное количество кармы.
<c=@Flavor>Эти маленькие поделки сделаны с нежной заботой и любовью. А поскольку они сделаны из моркови, они ещё и полезны для тебя.</c>"
"Grants a tiny amount of karma.
<c=@Flavor>This is incredible! How exciting! How special! You just got this signed by the most prestigi— Wait, did they misspell your name?</c>","Даёт крошечное количество кармы.
<c=@Flavor>Это невероятно! Как волнительно! Как это особенное! Ты только что получил автограф от самого престиж— Погоди, они неправильно написали твоё имя?</c>"
"Grants tips on skiff use.
If you are in an anchored skiff and the skiff owner has the Fishing Party Mastery unlocked, increases the skiff's Fishing Party Catches as if 25 fish had been caught.","Даёт подсказки по использованию скифа.
Если вы находитесь на скифе на якоре, а владелец скифа открыл мастерство «Рыболовная вечеринка», увеличивает количество уловов вечеринки так, как если бы было поймано 25 рыб."
Gravedad,Гравитация
Gravure de la Légion de la Flamme,Гравюра Легиона Пламени
"Greetings Explorer, 

We write to you today to express our congratulations! You have successfully charted all of Kessex Hills. When you entered the region, it was but a blank slate, and now you leave it with no stone left unturned. Fantastic! Your persistence is admirable. Through centaurs, krait, bandits, and necrominions, you pressed onward. We urge you to continue your quest.

Gendarran Fields to the northeast offers new challenges. If you are looking for a change of scenery, head due west into the Brisban Wildlands. I'm sure this won't be the last time you hear from us. <br>Congratulations again. 

—Tyrian Explorers Society","Приветствую, Исследователь!

Мы обращаемся к вам сегодня, чтобы выразить наши поздравления! Вы успешно исследовали все Kessex Hills. Когда вы вошли в этот регион, он был чистым листом, а теперь вы покидаете его, не оставив ни одного камня без внимания. Замечательно! Ваша настойчивость достойна восхищения. Преодолев центавров, крайте, бандитов и некромантов, вы продолжали двигаться вперёд. Мы призываем вас продолжить ваше путешествие.

Gendarran Fields к северо-востоку предлагают новые испытания. Если вы хотите сменить обстановку, отправляйтесь на запад в Brisban Wildlands. Уверен, это не последний раз, когда вы услышите от нас. <br>Ещё раз поздравляем!

—Tyrian Explorers Society"
"Greetings and salutations,

You'll be glad to hear that we are coming ever closer to reclaiming the territory the skritt lost to the undead. Destroying their corruptions and killing the minions of Zhaitan has brought us near to the point of returning their land to them. The Vigil is forever grateful to those who help in the struggle against the dragons and who lend their strength to those in need.

— Crusader Aisling","Приветствую и шлю поклон,

Вы будете рады узнать, что мы всё ближе к тому, чтобы вернуть земли, которые скритты потеряли из-за нежити. Уничтожая их скверну и истребляя прислужников Зайтана, мы вплотную подошли к тому, чтобы возвратить им их край. Дозор навеки благодарен тем, кто помогает в борьбе с драконами и делится силой с нуждающимися.

— Крестоносец Айслинг"
"Greetings to you,

While you were fighting the Darkhoof centaurs, I had some time to read some of the scrolls that have been recovered from their camps. There are some alarming insights on their heirarchy. I'll have to give this further study. 
Thank you for making Scholar's Cleft a safer place for me and my brethren to work.

—Durmand Priory Explorer Bink","Приветствую вас,

Пока вы сражались с кентаврами Темнокопыта, у меня было время прочитать некоторые свитки, найденные в их лагерях. Есть тревожные сведения об их иерархии. Мне нужно будет изучить это подробнее. 
Спасибо, что сделали Расщелину Учёного более безопасным местом для работы меня и моих собратьев.

— Исследователь Бинк из Дурандского Приората"
"Greetings!

I am pleased to announce that the Temple of the Silent Storm battleground is finally making its PvP tournament debut! Starting January 28, and for the next seven days, the regular eight-team/three-round paid tournaments will be replaced by two-team/single-round paid tournaments featuring the Temple of the Silent Storm venue.

To participate, open the PvP panel and select ""Go to the Heart of the Mists."" Once there, you need to create your own five-person paid tournament roster either by speaking with me, or by joining another player's existing roster. Once the roster has five signatures, click ""Submit"" and the tournament will begin shortly. The entrance fee is three tournament tickets per player. 

Also, at the end of the week, we will be adding the Temple of the Silent Storm to the regular PvP rotation for both free and paid tournaments. 

I hope to see you in the arena!

—The Tournament Master","Приветствую!

Я рад объявить, что поле боя Храм Безмолвной Бури наконец-то дебютирует в PvP-турнирах! Начиная с 28 января и в течение следующих семи дней обычные платные турниры на восемь команд и три раунда будут заменены платными турнирами на две команды и один раунд на арене Храма Безмолвной Бури.

Чтобы принять участие, откройте панель PvP и выберите «Перейти в Heart of the Mists». Оказавшись там, вам нужно создать свою собственную платную турнирную заявку на пять человек, либо поговорив со мной, либо присоединившись к существующей заявке другого игрока. Как только в заявке будет пять подписей, нажмите «Отправить», и турнир начнётся в ближайшее время. Вступительный взнос — три турнирных билета с игрока. 

Также в конце недели мы добавим Храм Безмолвной Бури в обычный ротацию PvP как для бесплатных, так и для платных турниров. 

Надеюсь увидеть вас на арене!

— Мастер Турниров"
"Greetings,

I suspect the undead are causing problems throughout many lands, not only our own. It pains me to think of what trouble they may be causing for other people.

Against our own trouble, though, you have been very helpful. With the markers repaired, my family can feel safe. The guards, too, owe you a debt. Please accept my gratitude. 

Qoetl","Приветствую,

Подозреваю, что нежить доставляет хлопоты многим землям, а не только нашей. Больно думать, какие беды она может причинять другим народам.

Против же нашей беды ты очень помог. Теперь, когда указатели починены, моя семья может чувствовать себя в безопасности. И стража тебе обязана. Прошу, прими мою благодарность.

Коэтль"
"Greetings,

We received a message from one of our contacts. It included a note personally addressed to you, and we agreed that his words eloquently express our own opinion. I'm passing it on to you. You can read it below.

""As an adventurer, you are able to come and go at your will. In your travels across the Fields of Ruin, you chose to stop and help those in need, even though they are different from you and their struggles are alien to yours. Your acts exemplify the heart of the treaty we're working toward—that we can accomplish more together than we can just serving our own ends. Thank you."" —Wade Samuelsson, Commander of Ebonhawke

Exploration is more than simply travel. It's about discovery and how you work with what you find. It seems you're doing a fantastic job. We are proud to have you among our members.

—Tyrian Explorers Society","Привет,

Мы получили сообщение от одного из наших контактов. В нём была записка, адресованная лично вам, и мы согласились, что его слова красноречиво выражают наше собственное мнение. Передаю её вам. Вы можете прочитать её ниже.

«Будучи искателем приключений, вы можете приходить и уходить по своей воле. В своих путешествиях по Полям Разрушения вы решили остановиться и помочь нуждающимся, даже если они отличаются от вас и их борьба чужда вашей. Ваши поступки олицетворяют суть договора, к которому мы стремимся — что мы можем достичь большего вместе, чем просто служа своим собственным целям. Спасибо». — Уэйд Самуэльссон, комендант Эбонхока

Исследование — это не просто путешествие. Это открытие и то, как вы работаете с тем, что находите. Похоже, вы отлично справляетесь. Мы гордимся тем, что вы среди наших членов.

—Tyrian Explorers Society"
"Greetings, Traveler,

It is our understanding that you've become a recognizable and welcome face throughout the Metrica Province. You've been making quite a name for yourself. Your accomplishments include everything from golem research to chaos magic. Equal parts adventure and meta-scientific breakthrough. Everything a journey through the Metrica Province should be.

We wish you luck in your future explorations. 

— Tyrian Explorers Society","Приветствую, путник,

Как мы понимаем, ты стал узнаваемым и желанным лицом по всей Metrica Province. Ты изрядно прославился. Среди твоих свершений всё — от исследований големов до магии хаоса. В равных долях приключение и метанаучный прорыв. Всё, чем и должно быть странствие по Metrica Province.

Желаем удачи в будущих исследованиях.

— Общество тирийских исследователей"
"Greetings, adventurer!

I'm Chief Melodist Flac, and I'm thrilled to introduce you to my wonderful new device. As you've traveled the world, surely your heart must have been captured by the work of local musicians. Maybe you've developed a taste for the work of underground bands in the Black Citadel, or even spent the night at one of those exclusive Lion's Arch dance clubs, eh? 

Has a tune ever gotten stuck in your head? Don't you wish you could listen to it again whenever you desire? 

Well, I've developed a device for precisely that purpose! I call it a jukebox, and it can read music recordings pressed into grooves—or ""tracks,"" if you will—on easily stored disks. The only limit to how many songs you can store is the number of tracks you collect.
 
I've sent you the instructions for making your own jukebox, and I've even taken the liberty of sending you one completed device. You can find it in your home instance. Add one to your homestead today, and let the music move you!","Приветствия, искатель приключений!

Я главный мелодист Флак, и я в восторге представить вам моё замечательное новое устройство. Путешествуя по миру, вы наверняка отдали своё сердце творчеству местных музыкантов. Может быть, у вас появился вкус к творчеству подпольных групп в Black Citadel, или вы даже провели ночь в одном из тех эксклюзивных танцевальных клубов Lion's Arch, а?

Бывало ли, что мелодия застревала у вас в голове? Разве вы не хотели бы слушать её снова когда захотите?

Что ж, я разработал устройство именно для этой цели! Я называю его музыкальным автоматом, и он может читать музыкальные записи, выгравированные в канавках — или «треках», если хотите — на легко хранимых дисках. Единственное ограничение на количество песен, которые вы можете хранить, — это количество собранных вами треков.

Я отправил вам инструкции по изготовлению собственного музыкального автомата, и даже позволил себе отправить вам одно готовое устройство. Вы можете найти его в своём домашнем экземпляре. Добавьте один в своё усадьбе сегодня и позвольте музыке увлечь вас!"
"Greetings, friend,

A local brewer has re-created a recipe discovered in the belongings of an ancestor who had spent a great amount of time in Elona. The Istan Pale Ale is full of bitter hops with a unique citrus finish—a perfect delight for a summer day. Many brewers have started making their own variations of this amazing beer; expect to see more IPAs arrive in the future.

Good health and a glass for your thirst,

—Desch Metz,
Master Brewer, Eldvin Monastery","Приветствую, друг!

Один местный пивовар воссоздал рецепт, найденный в вещах предка, который провёл много времени в Элоне. Истанский светлый эль полон горького хмеля с уникальным цитрусовым послевкусием — идеальное наслаждение для летнего дня. Многие пивовары начали делать свои собственные вариации этого удивительного пива; ожидайте появления большего количества ИПА в будущем.

Крепкого здоровья и полный стакан для вашей жажды,

— Деш Мец,
Мастер-пивовар, Eldvin Monastery"
"Greetings, friend,

Surviving the Foefire and aged for hundreds of years, this amazing discovery not only maintained drinkability, but it delivers a powerful flavor. Barrel-Aged Ascalonian Amber has a rich flavor that dominates the pallet. The deceptive copper color belies its strong flavors of fruits, oak, and a mild bitterness. This rare, ancient beer is highly sought after by collectors.

Good health and a glass for your thirst,

—Desch Metz,
Master Brewer, Eldvin Monastery","Приветствую, друг,

Пережив Огонь Врага и выдержанное сотни лет, это удивительное открытие не только сохранило пригодность к питью, но и обрело мощный вкус. «Бочковой аскалонский янтарный» отличается насыщенным вкусом, что властвует над нёбом. Обманчивый медный цвет скрывает крепкие ноты фруктов, дуба и лёгкую горчинку. Это редкое древнее пиво весьма ценится коллекционерами.

Доброго здравия и полного бокала,

—Деш Метц,
Мастер-пивовар, монастырь Элдвин"
"Greetings, friend, 

You have my eternal gratitude for your much-needed assistance of the Blood Legion at the Ascalon City Ruins. The legions are fortunate to have a soldier of your skill and courage among their number. Until we discover a way to permanently destroy these vile Ascalonian specters, even the smallest set-back for them is a tremendous victory for the charr. I look forward to the day our paths cross again. 

—Ghyrtratus Fiendmauler","Приветствую, друг,

Ты заслужил мою вечную благодарность за столь нужную помощь Blood Legion у Руин Аскалонского города. Легионам повезло иметь в своих рядах бойца твоего мастерства и отваги. Пока мы не найдём способ навсегда уничтожить этих мерзких аскалонских призраков, даже малейшая их неудача — огромная победа для чарров. Жду дня, когда наши пути снова пересекутся.

—Гиртратус Демонодёр"
"Greetings, traveler, 

Word is, you've trekked your way all over Fireheart Rise. Well done! That sure isn't easy. You're quite the hardy adventurer. Keep doing good work. 

—Tyrian Explorers Society","Приветствую, путник,

Говорят, ты исходил всю Fireheart Rise. Отлично! Это уж точно нелегко. Ты весьма крепкий искатель приключений. Так держать.

—Общество тирийских исследователей"
Groupe,Группа
Gruppe,Группа
Guilde,Гильдия
Guutra's Homestead,Guutra's Homestead
"Haebaragi has placed Jimin on probation until further notice. Yeongi hasn't taken to her style of rule...he and the rest of the Ministry of Purity have moved their operation to an outpost on the edge of the city. Rumor has it, Haebaragi is going to disband them—just as she disbanded the Celestial Ministry in favor of a more inclusive and open governance.

Meanwhile...we've finally reached the edge of the new city. It only took eighteen years of blood, sweat, and endless bottles of sweet pear wine (I owe Dwayna a thousand thanks that the winery in Sunjiang was salvageable).

We stopped our excavation efforts on the edge of Echovald Forest. A representative from the new Ministry of Urban Planning mapped out a wall that'll stretch from Nahpui, curve around the bay, and end here, securing the city from a possible second wave.

Minister Doh Taelin, Ministry of Archives, 1747 CC","Хэбараги поставила Джимина на испытательный срок до дальнейшего уведомления. Ёнги не принял её стиль правления... он и остальные члены Ministry of Purity перенесли свою деятельность на аванпост на окраине города. Ходят слухи, что Хэбараги собирается распустить их — так же, как она распустила Celestial Ministry в пользу более инклюзивного и открытого управления.

Тем временем... мы наконец добрались до края нового города. Это заняло восемнадцать лет крови, пота и бесконечных бутылок сладкого грушевого вина (я тысячу раз благодарю Двайну за то, что винодельня в Сунцзяне поддавалась восстановлению).

Мы остановили раскопки на краю Леса Эховалд. Представитель нового Министерства Градостроительства наметил стену, которая протянется от Напуи, обогнёт залив и закончится здесь, защищая город от возможной второй волны.

Министр Doh Taelin, Ministry of Archives, 1747 КК"
"Hail, Mighty Crafter!

I would like to congratulate you on your initial successes in creating your legendary weapon! It may not seem like much—an experimental creation. From it, you can build your legendary precursor and eventually your mighty legendary weapon itself.

Your journey is far from over; the next collection on your journey has been unlocked. Check it out to see where your quest takes you next.

Yours in legend,
Grandmaster Craftsman Hobbs","Приветствую, Могучий Ремесленник!

Я хочу поздравить тебя с первыми успехами в создании твоего легендарного оружия! Оно может показаться незначительным — экспериментальное творение. Из него ты сможешь создать легендарный предшественник, а затем и само могучее легендарное оружие.

Твой путь далёк от завершения; следующее задание в твоём путешествии разблокировано. Проверь его, чтобы узнать, куда приведёт тебя твой квест.

С уважением,
Великий Мастер Хоббс"
"Hail, Slayer!

I've had a letter from an old companion, a sylvari named Caithe. She was our scout in Destiny's Edge, and I think it would be good for you to meet her. I hope you'll spare a little time, and join me for our conversation.

—Eir","Приветствую, Убийца!

Я получил письмо от старой спутницы, сильвари по имени Кейт. Она была нашим разведчиком в «Краю Судьбы», и я думаю, тебе будет полезно встретиться с ней. Надеюсь, ты уделишь немного времени и присоединишься ко мне для разговора.

—Эйр"
"Hail, all-powerful hero!
 
Your legend now spreads from Rata Sum to the Black Citadel, your name is toasted in Divinity's Reach and Hoelbrak, and your deeds are recounted in Lion's Arch and the Grove! Your experiences in Orr have been a testament to others. Now, your greatest task lies ahead of you.
 
The Pact forces have launched an airborne assault on Zhaitan himself, in his lair in the former city of the human gods, Arah. As I write this, the first airships have engaged with the Elder Dragon's champions, at horrendous losses. The Pact needs every airship it can get airborne, and needs you to fight through the enemy to recover and relaunch one of their more powerful ships. I have sent word out, looking for others to help, but I don't know if they will be willing to set aside their problems and help.
 
Help strike a blow against the power of the Elder Dragons! Zhaitan can be slain, but only by the most noble of heroes.
 
Fight for all of us!
 
Your Herald","Приветствую, всемогущий герой!

Твоя легенда теперь распространяется от Рата Сума до Black Citadel, твоё имя прославляют в Оплоте Божественного и Хельброке, а о твоих подвигах рассказывают в Львином Аванпосту и Роще! Твой опыт в Орре стал примером для других. Теперь перед тобой стоит величайшая задача.

Силы Пакта начали воздушную атаку на самого Зайтана, в его логове в бывшем городе человеческих богов, Арахе. Пока я пишу это, первые дирижабли вступили в бой с чемпионами Старшего Дракона, понеся ужасающие потери. Пакту нужен каждый дирижабль, который можно поднять в воздух, и ты нужен, чтобы пробиться через врага и восстановить один из их самых мощных кораблей. Я разослал вести, ища других на помощь, но не знаю, захотят ли они отложить свои проблемы и помочь.

Помоги нанести удар по мощи Старших Драконов! Зайтан может быть убит, но только благороднейшим из героев.

Сражайся за всех нас!

Твой Глашатай"
Handwerksstufen erreichen II,Достигнут второй уровень мастерства.
Handwerksstufen erreichen IV,Достигнут IV уровень мастерства.
"Harness the earth itself to crush your enemies.  
  
INGREDIENTS:  
—Tears of Antiquity  
—Flame of the First Inferno  
—Bones of the Eldest Mountain","Используйте саму землю, чтобы сокрушить врагов.  
  
ИНГРЕДИЕНТЫ:  
— Слёзы древности  
— Пламя первого ада  
— Кости древнейшей горы"
"Helft den Tiefländern, im Wald Honig zu sammeln.",Помогите низовцам собрать мед в лесу.
"Hello,

I like the way you handle yourself around the ranch, %str1%. You understand what it means to be a member of Charradis Estate. You're welcome here anytime. 

—Veska Bladesinger","Здравствуй,

Мне нравится, как ты держишься на ранчо, %str1%. Ты понимаешь, что значит быть частью Поместья Чаррадис. Тебе здесь рады в любое время.

—Веска Клинкопевица"
"Hello,

This place was disgusting—and perilous—before you stepped in to assist us. The undead sickness is powerful and spreads like wildfire. By helping clean up our region, you have slowed its spread. Your help is appreciated.

—Ayomichi","Здравствуй,

Это место было отвратительным — и опасным, — пока ты не вмешался и не помог нам. Хворь нежити сильна и расходится как пожар. Помогая очистить наш край, ты замедлил её распространение. Твоя помощь ценна.

—Айомити"
"Her husband, the emperor, had already fled. Tahmu thought of his face as the fiery dragon thrashed through the streets of Kaineng, barreling into the naga that killed her people. Her children.

When Tahmu awoke in the Celestial Realm, she stood before a young boy. When he extended his hands to her, he gave the empress a single orchid and a small, wooden statue of a dragon. He took her by the hand and led her down a long, winding pathway of stars and a thousand lifetimes—flickering like candles in all directions.

When they reached the other side, Tahmu emerged as the dragon—the leader of the Celestials. She looked over her new subjects, all victims and criminals and fools. She looked at them and smiled. They were safe now.","Её муж, император, уже бежал. Тахму думала о его лице, когда огненный дракон нёсся по улицам Кайненга, врезаясь в нагов, убивших её народ. Её детей.

Когда Тахму очнулась в Небесном Царстве, она стояла перед юным мальчиком. Когда он протянул к ней руки, он дал императрице единственную орхидею и маленькую деревянную статуэтку дракона. Он взял её за руку и повёл по длинной, извилистой дорожке из звёзд и тысячи жизней — мерцающих, как свечи, во всех направлениях.

Когда они достигли другой стороны, Тахму вышла в образе дракона — предводительницы Небесных. Она оглядела своих новых подданных, всех жертв, преступников и глупцов. Она посмотрела на них и улыбнулась. Теперь они были в безопасности."
"Here's my obligatory letter of gratitude for your help, as protocol requires. Meaningless niceties aside, if you've taken any cursed treasure away from this site, it'll be on your head, not mine!

—Professor Michael Maciver, Durmand Priory","Вот моё обязательное благодарственное письмо за помощь, как того требует протокол. Оставляя в стороне бессмысленные любезности: если вы унесли с этого места хоть какое-то проклятое сокровище, отвечать будете вы, а не я!

—Профессор Майкл Макайвер, Durmand Priory"
"Hey, Commander!

Sorry for sending this antiquated note, but while I was working with Yao and Joon, communications became critically important to solving their power problems. The good news is, we made some serious upgrades to the comms systems I developed. The bad news is, I can't just patch the system. I have to roll this out to every user individually...AND you won't be on the upgraded network until you get the update. Hence, the mail. I've attached a one-time-use service chip that'll apply the update to your comms unit automatically. Once you perform the update, you won't need to do anything...but feel free to test it out. Everyone else should have theirs already...this tech is still experimental, so you may run into some glitches if you overextend the system.

Taimi

PS: Ivan's been calling me every five minutes, complaining that he has something important, yadda yadda yadda... Maybe ask him what he needs, so he stops bugging me while I'm trying to work? Okay, gotta go... BYE!","Привет, Командир!

Извини за допотопную записку, но пока я работал с Яо и Джун, связь стала критически важной для решения их проблем с энергией. Хорошая новость: мы сделали серьёзные улучшения в разработанных мной коммуникационных системах. Плохая новость: я не могу просто пропатчить систему. Мне нужно внедрить это каждому пользователю индивидуально... И ты не будешь в обновлённой сети, пока не получишь обновление. Отсюда и письмо. Я прикрепил одноразовый сервисный чип, который автоматически применит обновление к твоему коммуникатору. После обновления тебе ничего не нужно будет делать... но можешь протестировать. Все остальные уже должны получить свои... эта технология всё ещё экспериментальная, так что если перегрузить систему, могут возникнуть неполадки.

Тайми

P.S.: Иван звонит мне каждые пять минут, жалуясь, что у него что-то важное, бла-бла-бла... Может, спросишь у него, что ему нужно, чтобы он перестал мне докучать, пока я пытаюсь работать? Ладно, мне пора... ПОКА!"
"Hi! I felt it appropriate to thank you for everything you did. You're a true friend of the Soundless, and you'll always be welcome here.

Life on the isle is still difficult, but we continue to persevere, thanks in no small part to all your help. Be sure to stop by Mabon Market, just east of the island. I'm sure there's a need for someone as talented as yourself.

Thanks again!

—Eona","Привет! Мне показалось уместным поблагодарить тебя за всё, что ты сделал. Ты настоящий друг Безмолвных, и тебе здесь всегда рады.

Жизнь на острове по-прежнему трудна, но мы держимся — во многом благодаря твоей помощи. Обязательно загляни на Рынок Мабона к востоку от острова. Уверена, там пригодится кто-то столь одарённый.

Ещё раз спасибо!

—Эона"
"Hi,

Cane stopped in to resupply and mentioned your name. You must have really been kicking tail—being noticed by him is high praise! Just thought you might want to know.

—Raquel","Привет,

Кейн заглядывал пополнить припасы и назвал твоё имя. Ты, должно быть, и правда всем задал жару — его внимание дорогого стоит! Подумала, тебе будет приятно узнать.

—Ракель"
"High Councillor,  
  
When the rest of Tyria witnesses and respects Rata Sum as the monument of Tyrian brilliance—asuran brilliance—you will know that we made the correct choice.  
  
I will inform the Inquest that they are free to depart. They will not be stopped.    
  
Your friend,  
Councillor Yahk","Высокий советник,

Когда остальная Тирия увидит и почтит Рату Сум как памятник тирийскому блеску — асурскому блеску, — вы поймёте, что мы сделали верный выбор.

Я извещу Инквест, что они вольны уйти. Их не остановят.

Ваш друг,
советник Йак"
Himmelsschuppen-Flug,Полёт над Небесными Чешуйками
Himmelsschuppen-Leckerchen,Небесное лакомство
Himmlisches hegen,Небесное покровительство
Histoire personnelle,Histoire personnelle
Hoch,Высоко
Hochmodisch,Высокая мода
Holz sammeln,Сбор древесины
"Hundreds of people flow in and out through the asura gate, but few show the kind of selflessness you've shown. You had no obligation to assist the Ebon Vanguard, but when you saw our need, you stood up to help. Thank you for easing the burden on on our city. I hope others follow in your example. If you wish to continue to seek others in need of help, I recommend you speak to Watchman Brikken outside the Hawkgates or Lieutenant Briggins near Forlorn Hope.

—Commander Varalyn","Сотни людей входят и выходят через асурийские врата, но мало кто проявляет такую самоотверженность, как вы. У вас не было обязанности помогать Эбоновому Авангарду, но когда вы увидели нашу нужду, вы встали и помогли. Спасибо за то, что облегчили бремя нашего города. Надеюсь, другие последуют вашему примеру. Если хотите продолжить помогать нуждающимся, рекомендую поговорить со стражником Бриккеном у Врат Ястреба или лейтенантом Бриггинс у «Забытой надежды».

—Командир Варалин"
"I am out of sorts.  
  
In recent days, I believed myself a master spy, a valuable prisoner of war, and a hubristic plaything for capricious demonlings. The latter is the only belief that has proven true.  
  
Camouflaged in view of Heitor's Gate, I tracked the comings and goings of the enemy's patrols. No discernable patterns or schedules emerged. Rather than return empty handed, I lingered to collect more data.  
  
I can only conclude (in retrospect) that there was no pattern—the patrols were likely at the conflicting whims of Heitor and Ignaxious. This is evidenced both by my data and the fact that while the first several patrols marched past me, the last witlessly stumbled directly into my hiding spot. Not to mention my firsthand experience with Ignaxious countermanding the orders of Heitor's guards.  
  
More on that later. A pack of the aforementioned doglike demons approaches. I must move.  
  
—Operative Selly","Я не в своей тарелке.

В последние дни я считал себя мастером шпионажа, ценным военнопленным и высокомерной игрушкой капризных демонят. Последнее оказалось единственным, что подтвердилось.

Замаскировавшись на виду у Врат Хейтора, я отслеживал передвижения вражеских патрулей. Никаких различимых закономерностей или графиков не обнаружилось. Вместо того чтобы вернуться с пустыми руками, я задержался, чтобы собрать больше данных.

Я могу только заключить (задним числом), что закономерности не было — патрули, скорее всего, следовали противоречивым капризам Хейтора и Игнаксиуса. Это подтверждается как моими данными, так и тем фактом, что первые несколько патрулей прошли мимо меня, а последний бестолково наткнулся прямо на моё укрытие. Не говоря уже о моём личном опыте, когда Игнаксиус отменял приказы стражников Хейтора.

Подробнее об этом позже. Приближается стая вышеупомянутых демонов, похожих на псов. Я должен двигаться.

—Оперуполномоченная Сэлли"
"I found an old journal hidden under a pile of rocks the other day. Started fallin' apart the second I picked it up, but I caught a couple of passages before it disintegrated. Shook me to my bones. Named a bunch of folks I'd never seen or heard of before—real old-lookin' names, at that. The writer was from an Orrian village, so I reckon they were here a long, long time ago... Probably died here, too.  
  
The sylvari captain says it might've even washed up after Zhaitan rose, but I doubt a journal would've made it across the ocean in one piece.  
  
Whole things makes me wonder how many people have been in our boots...","На днях я нашёл старый дневник, спрятанный под кучей камней. Он начал рассыпаться в ту же секунду, как я его поднял, но я успел прочитать пару отрывков, прежде чем он распался. Потрясло меня до костей. В нём упоминались люди, которых я никогда не видел и не слышал о них — и имена были очень старые. Писатель был из оррианской деревни, так что, думаю, они были здесь очень, очень давно... Вероятно, тоже здесь умерли.  
  
Сильвари-капитан говорит, что его могло выбросить на берег после восстания Зайтана, но я сомневаюсь, что дневник мог пересечь океан целым.  
  
Всё это заставляет меня задуматься, сколько людей было в нашей шкуре..."
"I have news. Vigil troops are gathering near Hoelbrak and the Black Citadel, assisting the cities in their struggle against the dredge-Flame Legion alliance. But their efforts may not be enough. The invaders are well-stocked from the weapons caches they've spread throughout Wayfarer Foothills and Diessa Plateau. What's more, they're taking prisoners. Your strength is needed, Valiant. Stop this threat before it destroys our friends.

—Caithe","У меня новости. Войска Дозора собираются возле Хоэлбрака и Black Citadel, помогая городам в борьбе против союза землероев и Flame Legion. Но их усилий может не хватить. Захватчики хорошо снабжены из тайников с оружием, которые они разбросали по Wayfarer Foothills и Плато Дьесса. Более того, они берут пленных. Твоя сила нужна, Доблестный. Останови эту угрозу, пока она не уничтожила наших друзей.

—Кайт"
"I heard about your adventures in quaggan country. Congratulations on recruiting them to our cause—they may be pacifists, but I can see how they'd be an asset against the Elder Dragons.
Don't dwell on losing the quaggan village—homes can be rebuilt. The important thing is that you saved lives and secured their help.
As for me, I'm heading to our old friend Caudecus's estate to support Queen Jennah as she meets with the charr ambassador. There's a chance Zojja may be there, but I don't expect a joyful Destiny's Edge reunion. In fact, I'll be lucky if she doesn't punch me in the knees.
Keep up the good work,
—Logan","Я слышал о твоих приключениях в стране квагган. Поздравляю с вербовкой их в наше дело — они, возможно, пацифисты, но я вижу, как они могут быть полезны в борьбе со Старшими Драконами.
Не зацикливайся на потере деревни квагган — дома можно отстроить заново. Важно то, что ты спас жизни и заручился их помощью.
Что касается меня, я направляюсь в поместье нашего старого друга Кодекса, чтобы поддержать королеву Дженну на встрече с послом чаров. Есть шанс, что Зойя будет там, но я не ожидаю радостного воссоединения Края Судьбы. По правде говоря, мне повезёт, если она не ударит меня по коленям.
Продолжай в том же духе,
—Логан"
"I held myself aloft for only half a day today—half as long as the day before. I can still hear Baraq's mirthful laughter as I was forced to use the stairs. Archivist Orestes banished him back to his studies with stories of when Baraq, Seraf, and Manikaz were also gildless—an attempt to cheer me up, I guess.  
  
Many days, I feel as though I will never be worthy and that I may never be the ideal mursaat. Orestes believes I am foolish for such thoughts, and he understands how I feel despite the vast ocean of years between us. I am not to be gilded with armor for a decade or so, but the archivist tells me I should relish my youth while I can—find ""small joys"" before the weight of expectation and history becomes too much to bear. How can one float with such burdens?  
  
Before we can become gilded, we must become magically adept; more attuned to this world's magical ebbs and flows. Many of my peers can become unseen and even hover for several days without a break. I phase well for a gildless my age, and while I struggle to fly like the others, one of my forebears has started to teach me transportation spells. A blink here, a portal there. I think I have a skill for it!  
  
Anyway, stopping here for today. One of the high researchers pulled Orestes away a moment ago. She looked concerned—a scrying eye was resting at her side. What has she seen? I wonder.","Сегодня я продержался в воздухе всего полдня — вдвое меньше, чем вчера. Я до сих пор слышу весёлый смех Барака, когда меня заставили воспользоваться лестницей. Архивариус Орест отправил его обратно к учёбе, рассказывая истории о том, как Барак, Сераф и Маниказ тоже были беззлатыми — попытка подбодрить меня, полагаю.  
  
Многие дни я чувствую, что никогда не буду достоин и что никогда не стану идеальным мурсаатом. Орест считает, что такие мысли глупы, и он понимает мои чувства, несмотря на огромную пропасть лет между нами. Меня не будут золотить бронёй ещё лет десять, но архивариус говорит, что я должен наслаждаться своей молодостью, пока могу — находить «маленькие радости», пока бремя ожиданий и истории не стало слишком тяжёлым. Как можно парить с таким грузом?  
  
Прежде чем стать золочёными, мы должны стать магически искусными; более настроенными на магические приливы и отливы этого мира. Многие мои сверстники могут становиться невидимыми и даже парить несколько дней без перерыва. Я хорошо фазю для беззлатого моего возраста, и хотя мне трудно летать, как другим, один из моих предков начал учить меня заклинаниям перемещения. Моргнуть здесь, портал там. Думаю, у меня есть к этому талант!  
  
В любом случае, на сегодня остановлюсь. Один из старших исследователей только что отвлёк Ореста. Она выглядела обеспокоенной — рядом с ней лежал всевидящий глаз. Что она увидела? Интересно."
"I just wanted to say thanks for the help with clearing the wrecking yard. Between battling the ghosts and the Flame Legion, it seems like there's no time left for simple upkeep and maintenance. The wrecking yard has fallen into a sad state lately, but it is vital to supplying the Iron Legion with enough metal to feed into the smelter. Without those raw materials, they couldn't continue to produce the war machinery we need for victory. 

You should know that your efforts were greatly appreciated. 

—Scar Stripeclaw","Я просто хотел поблагодарить за помощь в расчистке свалки. Между сражениями с призраками и Flame Legion, кажется, не остаётся времени на простой уход и обслуживание. Свалка пришла в плачевное состояние в последнее время, но она жизненно важна для снабжения Iron Legion достаточным количеством металла для плавильни. Без этого сырья они не смогут продолжать производить военную технику, необходимую для победы.

Знайте, что ваши усилия были высоко оценены.

—Скар Полосатый Коготь"
"I just wanted to take a moment to thank you for your assistance at our wheat fields. Jeb and I really appreciate your help. It's difficult to keep food on the table these days, and your efforts will keep many fed and happy.

Thank you again.

—Farmer Diah","Я просто хотел уделить минуту, чтобы поблагодарить вас за помощь на наших пшеничных полях. Мы с Джебом очень ценим вашу помощь. В эти дни трудно прокормить семью, и ваши усилия помогут накормить многих и сделать их счастливыми.

Ещё раз спасибо.

—Фермер Диа"
"I never understood this town's obsession with the Wizard's Tower. It's strange that just a few years ago I thought it was just another unexplained magical occurrence. Knowing what I know now, I can see just how wrong I was. What a significant secret, to keep all this time...  

I wonder, with everything that's happened in Tyria over the years...why didn't Isgarren intervene? It's almost as if they had more faith in us than we did ourselves, at times... Or maybe we weren't worth saving. It's just so strange being on the other side, watching everything unfold from the clouds. I know Mabon's broken a rule or two, and he has spent plenty of time helping Tyria, but only to an extent.  

All I know is that things are getting worse and we're probably going to need more help soon. Maybe...","Я никогда не понимал одержимости этого города Башней Чародея. Странно, что всего несколько лет назад я думал, что это просто очередное необъяснимое магическое явление. Зная то, что знаю сейчас, я вижу, как сильно ошибался. Какая значительная тайна, хранимая всё это время...

Интересно, при всём, что произошло в Тирии за эти годы... почему Исгаррен не вмешался? Порой кажется, что они верили в нас больше, чем мы сами... Или, может, мы не стоили спасения. Так странно быть по другую сторону, наблюдать за всем с облаков. Я знаю, что Мабон нарушил одно-два правила и потратил немало времени, помогая Тирии, но лишь до определённой степени.

Всё, что я знаю — дела становятся хуже, и нам, вероятно, скоро понадобится больше помощи. Может..."
"I received your contact information from Professor Gorr, who recommended you as an ideal candidate for field testing new, exciting, and absolutely 100-percent safe experiments.

I have attached a recipe for our latest invention: an ectoplasmic matrix infused within a vision crystal that allows its user to view apparitions and ghostly entities invisible to the naked eye. 

We are calling it the Infused Crystal, or ""I-C"" for short. (Our krewe is actively fielding snappier names and is open to suggestions, but I honestly doubt we'll find anything better than that.)

Please construct the I-C at your earliest convenience and test it at the locations described. These places have shown elevated spectral levels. You won't have to do much; just use the crystal and wander around recording anything abnormal you may find.

Thank you for your time, patience, and soon-to-be-ectoplasmically-infused oculars,

Traskk","Я получил ваши контакты от профессора Gorr, который рекомендовал вас как идеального кандидата для полевых испытаний новых, увлекательных и абсолютно на 100 процентов безопасных экспериментов.

Прилагаю рецепт нашего последнего изобретения: эктоплазменная матрица, встроенная в кристалл видения, позволяет видеть призраков и духов, невидимых невооружённым глазом.

Мы называем его Насыщенный Кристалл, или коротко «Н-К». (Наше крю активно ищет название позвучнее и открыто для предложений, но, честно, сомневаюсь, что найдётся что-то лучше.)

Пожалуйста, соберите Н-К при первой возможности и испытайте его в указанных местах. Там отмечен повышенный спектральный фон. Много не потребуется: просто используйте кристалл, походите вокруг и записывайте всё необычное.

Спасибо за ваше время, терпение и скоро-эктоплазменно-насыщенные окуляры,

Traskk"
"I think I already thanked you, but I'm so busy, I don't quite remember. So to be safe, I am also sending you this written correspondence as a token of my gratitude. 

The corruption was threatening to engulf Fort Cadence. Your participation has slowed the corruption down enough to give us time to formulate a more permanent solution. The fort's not safe, but the situation is no longer as dire as it was.

Superbly done.

—Jezza","Кажется, я уже поблагодарил вас, но я так занят, что не совсем помню. Поэтому на всякий случай я также отправляю вам это письменное послание в знак моей признательности. 

Порча угрожала поглотить Fort Cadence. Ваше участие замедлило порчу настолько, чтобы дать нам время разработать более постоянное решение. Форт небезопасен, но ситуация уже не такая критическая, как была.

Превосходно сделано.

—Джезза"
"I'll be dragged, turns out it's just as important to not underestimate your allies as it is to not underestimate your enemies! I was admittedly shocked that the ogres were able to use their positioning to such advantage, but you were the real surprise. Even one person can make a difference. At least, if they're anything like you. Keep up the good work.

—Vanguard Scout Pickins","Меня потащат, оказывается, недооценивать союзников так же важно, как и недооценивать врагов! Признаюсь, я был удивлён, что огры смогли так удачно использовать своё расположение, но настоящим сюрпризом стали вы. Даже один человек может изменить ситуацию. По крайней мере, если он такой, как вы. Продолжайте в том же духе.

—Разведчик Пикинс из Авангарда"
"I'll make this quick. The Vigil's joined the fight against the dredge and Flame Legion invasion. They're attempting to push back the enemy's forces while preserving homesteaders' lives in Wayfarer Foothills. Through their efforts, we've discovered the invaders have stashed weapons caches all over Wayfarer Foothills and Diessa Plateau, and, worse, that they're taking prisoners. Slayer, if there's ever a time you've been needed, it's now.

—Eir","Я буду краток. Дозор присоединился к борьбе с вторжением дредж и Flame Legion. Они пытаются оттеснить силы врага, сохраняя жизни поселенцев в Wayfarer Foothills. Благодаря их усилиям мы обнаружили, что захватчики спрятали тайники с оружием по всему Предгорий Странника и Плато Дьесса, и, что хуже, они берут пленных. Убийца, если когда-то и была нужда в вас, то сейчас.

—Эйр"
"I'm impressed. Wiley and his crew have never been more disorganized. You've proven yourself as a great treasure hunter. I'm happy to count you as an ally.

—Mei Shadowwalker","Я впечатлён. Уайли и его команда никогда не были так дезорганизованы. Вы проявили себя как великий охотник за сокровищами. Я рад считать вас союзником.

—Мэй Тенеходка"
"I'm sure cleaning up tar isn't exactly the most glamorous task for an adventurer type, but you did all right, and you didn't complain. I'm grateful, and I'm sure the lake creatures are too.

—Engineer Verutum","Я уверен, что уборка смолы — не самая гламурная задача для искателя приключений, но ты справился и не жаловался. Я благодарен, и уверен, что озёрные твари тоже.

—Engineer Verutum"
"I'm writing to express my gratitude for your help. Our strife with the ettins has been long-lasting.

Thanks to your aid, Lion's Arch road and Overlake Haven are safer now. 

—Deputy Jenks","Пишу, чтобы выразить благодарность за твою помощь. Наша вражда с эттинами была долгой.

Благодаря твоей помощи дорога на Lion's Arch и Озёрное Убежище теперь безопаснее.

—Deputy Jenks"
"I've assigned two seasoned warriors to act as city heralds. They're located near the Wayfarer Foothills exit and the Lion's Arch asura gate, and are knowledgeable about worldwide events of interest to our people. Lion's Arch has also hired heralds, who will keep you updated while you're abroad. Speak with them often, and stay informed.

—Knut Whitebear","Я назначил двух опытных воинов городскими глашатаями. Они находятся у выхода в Wayfarer Foothills и у асурских врат Lion's Arch и осведомлены о событиях по всему миру, представляющих интерес для нашего народа. Lion's Arch также нанял глашатаев, которые будут держать тебя в курсе, пока ты в отъезде. Чаще говори с ними и оставайся в курсе.

—Кнут Беломедведь"
"In Dragon's End, gain 10 seconds of might when entering and exiting combat. 2%% increase to health, kill experience, and outgoing damage.

Each stack of this effect will grant access to a bonus chest at the end of the Dragon's End's meta-event.","В локации «Dragon's End» при входе и выходе из боя получайте 10 секунд мощи. Также увеличивается здоровье, опыт за убийства и наносимый урон на 2%%.

Каждый стак этого эффекта даёт возможность получить дополнительный сундук в конце мета-события «Конец Дракона»."
"In my lifetime I've seen Jormag's corruption follow us further and further south. We're still getting by today, but what of the future? Through you I've seen that even one person's efforts can help to stem the tide. 

Thank you for giving this old soldier hope.

—Lionguard Haral","На своём веку я видел, как порча Йормага уходит всё дальше и дальше на юг. Сегодня мы ещё держимся, но что будет дальше? Через тебя я увидел, что даже усилия одного человека способны сдержать этот поток.

Спасибо, что подарил старому солдату надежду.

—Львиный страж Харал"
"In which King Thorn relieves thieves of their hands.,
<c=@flavor>—This hinterland village was home to a goddess and a martyr. (Site #6)</c>","В коей король Торн избавляет воров от их рук.
<c=@flavor>—Эта глухая деревня была домом для богини и мученика. (Место №6)</c>"""
"In which Os and his elder brother, Ewie
<c=@flavor>—Deep in the muck,' where all the garbage of Lion''s Arch flows. (Site #1)'
'—Search the dead streets and forgotten thoroughfares of another Lion''s Arch. (Site #2)</c>'","В которой Ос и его старший брат Иви
<c=@flavor>—Глубоко в грязи, куда стекается весь мусор Львиного Шпиля. (Место №1)'
'—Обыщите мёртвые улицы и забытые проезды другого Львиного Шпиля. (Место №2)</c>'"
"In which Os woos Lady Lyrica with graceless verve and uncomfortable silences.,
<c=@flavor>—Go into the hills and set down black roots in stagnant waters. (Site #4),
—Find Provernic,' where the first king''s bones rot in the hills. (Site #5)</c>'","В котором Ос неуклюже и с неловкими паузами ухаживает за леди Лирикой.,
<c=@flavor>—Отправляйтесь в холмы и укорените чёрные корни в стоячих водах. (Участок №4),
—Найдите Проверника, где гниют кости первого короля в холмах. (Участок №5)</c>'"
"Incident Report A-0119
Internal Security Directorate

COMPLAINT: Krewe chief reports disappearance of researcher (Subject A).

INVESTIGATION: Masticated and digested remains of Subject A discovered in specimen enclosure. Tranquilizer dart discovered among remains. Suggests unnatural death.

Interview with fellow researcher (Subject B) indicates motive and results in admission of guilt. Subject A apparently took credit for Subject B's work and had the gall to smirk at him while doing so.

FINDINGS: Subject B's actions, while not recommended, were found to be justifiable.","Отчёт о происшествии A-0119
Директорат внутренней безопасности

ЖАЛОБА: глава команды сообщает об исчезновении исследователя (Субъект А).

РАССЛЕДОВАНИЕ: пережёванные и переваренные останки Субъекта А обнаружены в вольере для образцов. Среди останков найден дротик с транквилизатором. Указывает на неестественную смерть.

Беседа с коллегой-исследователем (Субъект Б) выявляет мотив и приводит к признанию вины. Субъект А, по всей видимости, присвоил себе заслуги Субъекта Б и имел наглость ухмыляться ему при этом.

ВЫВОДЫ: действия Субъекта Б, хотя и не рекомендуются, признаны оправданными."
Incident lié au client,"Инцидент, связанный с клиентом"
"Increase movement speed by 15%%.
Gain 10 seconds of swiftness when gathering.
33%% chance at extra resources when gathering.
Increase experience gained from kills by 50%%
<c=@reminder>Will be removed if you enter competitive PvP or a raid.</c>","Увеличивает скорость передвижения на 15%%.
Даёт 10 секунд быстроты при сборе ресурсов.
33%% шанс получить дополнительные ресурсы при сборе.
Увеличивает получаемый опыт за убийства на 50%%
<c=@reminder>Будет удалено, если вы войдёте в соревновательный PvP или рейд.</c>"
"Ingredient
Dropped by risen Orrians.
<c=@flavor>Caution: Sometimes found attached to risen Orrians.<c>","Ингредиент
Выпадает с восставших оррианцев.
<c=@flavor>Осторожно: иногда встречается прикреплённым к восставшим оррианцам.<c>"
"Inner Harbor:
Snipe from the chapel island to have a chance at this karka.","Inner Harbor:
Стреляйте с острова часовни, чтобы получить шанс на эту карку."
Invitados estimados,Уважаемые гости
"Isgarren,  
  
I have approved a shipment of necessary supplies to help the lowlanders in their restoration efforts. The titans have devastated much of their local agriculture and infrastructure. We will be utilizing the portal that connects Divinity's Reach to Moon Camp to help deliver them in a timely manner. Countess Anise will provide you and Warden Frode with any details you may need.  
  
I strongly advise you to cooperate, for the sake of our developing bonds with the Astral Ward.  
  
—Queen Jennah of Kryta","Исгаррен,  
  
Я одобрила отправку необходимых припасов, чтобы помочь низменникам в их восстановительных работах. Титаны уничтожили большую часть их местного сельского хозяйства и инфраструктуры. Мы будем использовать портал, соединяющий Оплот Божества с Лунным Лагерем, чтобы доставить их своевременно. Графиня Аниз предоставит тебе и Хранителю Фроде все необходимые детали.  
  
Я настоятельно рекомендую тебе сотрудничать, ради укрепления наших связей с Astral Ward.  
  
— Королева Дженна Крайтанская"
"Isgarren,  
  
I was initially nervous to stand in for you at alliance proceedings—there aren't many stoneless dwarves in Tyria, something that might encourage a slurry of personal questions. I suspect word will make it back to my people, now. A sobering thought, given I haven't been among them since just before the first dwarves turned, before I was picked up by the ward. But I digress, you and Dagda can recall those days better than I can.  
  
Nostalgic musings aside; my first couple of days have gone well. The leaders and delegates are a lively bunch! There were times I thought I might split from some of the more heated discussions, but cooler heads seemed to prevail—I'm in my element. Currently, we're in talks concerning the quarantine and cleanup of Rata Primus in Dajkah. Councilor Imann and their Olmakhan neighbors are hoping to rally Arcane Council support, and Ludo seems optimistic. I suggest the ward offer additional support in this; if there's anything left in those ruins in need of containment, we are well equipped for that sort of thing. Of course, I'll wait for your response.  
  
Last point of order, while I have you: I shouldn't have to remind you of all people that when you're here, you represent both the court and the Astral Ward. Allying with the Countess Exemplar was a shrewd choice, but remember, there are others here worthy of your time and attention, even if you don't see the immediate benefits.  
  
Be seeing you,  
—Lyhr","Исгаррен,  
  
Поначалу я нервничал, замещая тебя на заседаниях альянса — в Тирии не так много безкаменных дварфов, что может вызвать шквал личных вопросов. Подозреваю, что теперь весть дойдёт до моего народа. Мысль отрезвляющая, учитывая, что я не был среди них с тех пор, как первые дварфы обратились, и меня подобрал Дозор. Но я отвлёкся, ты и Дагда помните те дни лучше меня.  
  
Отбросив ностальгические размышления; мои первые пару дней прошли хорошо. Лидеры и делегаты — оживлённая компания! Бывали моменты, когда я думал, что расколюсь от некоторых жарких дискуссий, но более хладнокровные головы, похоже, взяли верх — я в своей стихии. Сейчас мы ведём переговоры о карантине и очистке Раты Примус в Даджке. Советник Иманн и их соседи-олмакханы надеются заручиться поддержкой Совета Арканы, и Людо настроен оптимистично. Я предлагаю Дозору оказать дополнительную поддержку в этом; если в тех руинах осталось что-то, требующее сдерживания, мы хорошо оснащены для такого рода дел. Конечно, я подожду твоего ответа.  
  
Последний пункт повестки, пока ты здесь: я не должен напоминать именно тебе, что когда ты здесь, ты представляешь как двор, так и Astral Ward. Союз с Графиней-Экземпляром был мудрым выбором, но помни, что здесь есть и другие, достойные твоего времени и внимания, даже если ты не видишь немедленной выгоды.  
  
Увидимся,  
— Лир"
"It took two days, but we figured out how to bypass the magical seal on the door without needing the key. Our people built this, after all.  
  
Riley and Hewn haven't returned from the Granite Citadel yet, but I don't see the harm in the rest of us poking around the entry hall while we wait.  
  
Jovers said he heard scratching further in, chittering. Hall has a pest problem, sounds like. Nothing the three of us can't handle.","Потребовалось два дня, но мы поняли, как обойти магическую печать на двери без ключа. В конце концов, это строили наши люди.  
  
Райли и Хьюн ещё не вернулись из Гранитной Цитадели, но я не вижу вреда в том, что остальные пока покопаются во входном зале.  
  
Джоверс сказал, что слышал изнутри скрежет и стрекотание. Похоже, у Холла проблемы с вредителями. Нам троим это по плечу."
"It's finally over. We've reached a settlement, and I will not have to spend one more minute staring at Chul-Moo's miserable tanuki face. I hear his little side project is now calling themselves ""the Jade Brotherhood."" I used to think he was such a brilliant businessman, but now I see him for what he really is—a small-minded man with an even smaller bag of tricks. Acquiring the Xunlai brand was the last good idea he had for the company. I'm not so sure taking on the name of a bunch of long-dead mobsters will be quite as effective, but what do I know? I am, after all, a ""visionless husk of a woman with a stick lodged so high up my rear end, it's a wonder I can bend at the waist.""

It almost didn't happen. At the last moment, his miserable mother got involved, insisting that she too was owed a payout for her ""financial contributions to the company's early prototypes."" Of course, Matron Park didn't anticipate my extensive recordkeeping—the look on her face when I produced the exact card in which she clearly referred to her contributions as a gift ""for the future of my beautiful boy."" I will treasure the memory.

Gi-Moon and I ate so much janchi-guksu in celebration. He fixed it just the way Mother used to. Nothing has ever tasted so good.","Наконец-то всё кончено. Мы достигли соглашения, и мне не придётся провести ни минуты, глядя на жалкую тануки-морду Чуль-Му. Слышал, его маленький побочный проект теперь называет себя «Jade Brotherhood». Раньше я считал его таким блестящим бизнесменом, но теперь вижу его истинную сущность — мелкого человека с ещё более мелким набором трюков. Приобретение бренда «Сюньлай» было его последней хорошей идеей для компании. Я не уверен, что присвоение имени кучки давно умерших гангстеров будет столь же эффективным, но что я знаю? В конце концов, я всего лишь «безвидная пустышка-женщина с палкой, застрявшей так глубоко в заднице, что удивительно, как я вообще могу нагибаться».

Это едва не сорвалось. В последний момент вмешалась его жалкая мать, настаивая, что ей тоже причитается выплата за её «финансовый вклад в ранние прототипы компании». Конечно, Матрона Пак не ожидала моего тщательного ведения записей — выражение её лица, когда я предъявила ту самую карточку, где она чётко называла свой вклад подарком «для будущего моего прекрасного мальчика». Я буду лелеять это воспоминание.

Мы с Ги-Муном съели столько чанчи-гуксу в честь этого. Он приготовил его точно так, как когда-то мама. Ничто никогда не было таким вкусным."
"It's the last night now. By the time the sun rises tomorrow, we will be gone from here, and our legacy will be behind us. It should pain me more to abandon our temples, to see the sacrifices we've made amount to nothing, but I've already grieved as much as I can. I've spent my tears on my Endiro; there are none left for Castora.
  
Sidony says that the beasts will protect Castora and guard its secrets for our inevitable return. But the pallid faces of my fellows reveal that we already know the truth: we will never return to this place. We march not to victory, but to extinction. The bindings on the beasts are indeed strong—as strong as we could make them—and they will not fray with time. Instead, they will guard this place, waiting for a return that will not come, until that distant day when the last light of Tyria is finally extinguished.","Теперь последняя ночь. Когда завтра взойдёт солнце, мы уйдём отсюда, и наше наследие останется позади. Мне должно быть больнее покидать наши храмы, видеть, как наши жертвы оказались напрасны, но я уже оплакала всё, что могла. Я истратила слёзы на моего Эндиро; для Касторы их не осталось.

Сидон говорит, что звери защитят Кастору и сохранят её тайны до нашего неизбежного возвращения. Но бледные лица моих товарищей выдают то, что мы уже знаем правду: мы никогда не вернёмся в это место. Мы идём не к победе, а к вымиранию. Связи на зверях действительно крепки — настолько крепки, насколько мы могли их сделать — и они не ослабнут со временем. Вместо этого они будут охранять это место, ожидая возвращения, которое не состоится, до того далёкого дня, когда последний свет Тирии наконец погаснет."
"Jaxi,

I told you I'd come through for you. Don't do anything stupid like trying to get the organs on your own. Lutze is a problem that I'm working on—just a small delay and the shipments will continue. Whatever you're using the goods for is no concern of mine. Just keep your head down. We don't need nosy wizards prying around our business. You keep the payments coming, I'll take care of everything else.

—H

(You notice the familiar raven symbol at the bottom of the page.)","Джакси,

Я же говорил, что выручу тебя. Не делай глупостей вроде попытки раздобыть органы самостоятельно. Лутце — проблема, над которой я работаю; просто небольшая задержка, и поставки продолжатся. Для чего ты используешь товар, меня не касается. Просто не высовывайся. Нам не нужны любопытные маги, сующие нос в наши дела. Продолжай платить — я позабочусь обо всём остальном.

— Х

(Вы замечаете знакомый символ ворона внизу страницы.)"
Jetzt gibt es das Phiolenwerfer-Kleidungsset!,Jetzt gibt es das Phiolenwerfer-Kleidungsset!
"Join a public version of Convergences in Mount Balrior with your party and other players.
Difficulty scales based on group size.

NOTE: This contains spoilers for Guild Wars 2: Janthir Wilds Chapter 13: Balrior Peak.","Присоединяйтесь к публичной версии «Схождения» в горе Бальриор вместе со своей группой и другими игроками.
Сложность подстраивается под размер группы.

ВНИМАНИЕ: этот текст содержит спойлеры к главе 13 «Дикие земли Джантир»: пик Бальриор из игры Guild Wars 2."
Jormags Wahn,Безумие Йормаг
"Just a quick note to thank you for helping protect Crossroads Haven from those dastardly Sons of Svanir. It's critical that we keep the road open, despite their attacks. 

—Sheriff Asta","Короткая записка с благодарностью за помощь в защите Перекрёстка от подлых Сыновей Сванира. Несмотря на их атаки, крайне важно держать дорогу открытой. 

—Шериф Аста"
Kampfreißer,Кампфрайсер
"Karetia, or whoever finds this—I'm sorry.  
  
The clouds are getting darker by the hour. The air is filled with smoke and screams. After Jalios fell...that fear of death I'd snubbed came back with reprisal. I am afraid.  
  
I know I'm needed here, but if this is really the end, do I want to die in Amnytas? Do I want to die knowing I'll never see my mother again? The dog? I've no need for frivolous attachments, but their faces sit in the back of my mind as I stare down these beasts from Nayos. If we really are to die—if they are, too—then my choice is me.  
  
The ward has been my home and my family. Karetia, one of my great loves... The terms on which I surrender are not favorable, but they are my truth. And, once again, I'm sorry that this is what war has decided.  
   
Ivane","Каретия, или тот, кто найдёт это — прости меня.  
  
Облака темнеют с каждым часом. Воздух наполнен дымом и криками. После падения Джалиоса... тот страх смерти, который я отвергал, вернулся с удвоенной силой. Мне страшно.  
  
Я знаю, что я нужен здесь, но если это действительно конец, хочу ли я умереть в Амнитасе? Хочу ли я умереть, зная, что больше никогда не увижу свою мать? Собаку? Мне не нужны пустые привязанности, но их лица всплывают в моей памяти, когда я смотрю на этих тварей из Найоса. Если нам суждено умереть — если им тоже — то мой выбор — это я.  
  
Квартал был моим домом и моей семьей. Каретия, одна из моих великих любовей... Условия, на которых я сдаюсь, не благоприятны, но это моя правда. И, ещё раз, прости, что война решила именно так.  
   
Иван"
"Keep this quiet, but I've been seeing...unusual readings from the Mad Realm this year. Travelers have seemed quite shocked upon exiting the Labyrinth. I've heard...whispers. Any changes to Halloween could be of great significance. And I don't need to remind you, but the doors to the Mad Realm go both ways.

At your earliest convenience, could you journey to the Labyrinth and report back on anything...say, out of the ordinary?  Out of the ordinary for a spectral quasi dimension, of course. For the sake of documentation.

—Magister Tassi","Держи это в тайне, но в этом году я замечаю... необычные показания из Безумного Царства. Путешественники выходят из Лабиринта совершенно потрясёнными. Я слышал... шёпот. Любые изменения в Хэллоуине могут иметь огромное значение. И мне не нужно напоминать тебе, что двери в Безумное Царство открываются в обе стороны.

При первой же возможности отправляйся в Лабиринт и сообщи мне обо всём... скажем, необычном. Необычном для призрачного квазиизмерения, разумеется. Ради документации.

—Magister Tassi"
"Keine Tricks mehr, Scarlet","Хватит увиливать, Скарлет."
Krumme Kante hat in der Tundra etwas Wertvolles verloren und könnte ein weiteres Paar Augen gebrauchen.,Крумме Канте что-то ценное потерял в тундре и мог бы использовать ещё пару глаз.
Kräutersprosse,Ростки трав
"LANGUAGE: Charr trail signs were meant to be used without the benefit of writing tools. Therefore, charr use their own claws; their markings consist of angled scratches.

NUMBERS: Charr use seven symbols to represent set values: 1, 5, 10, 50, 100, 500, and 1,000. They layer lower values atop higher ones.

One is a straight vertical line. Five is horizontal. Ten is diagonal to the right.

LOCATIONS: Charr script is thought to have originated in Ascalon, and its cardinal directions are thought to be derived from that as a central location.

North: Shaped like a mountain. Refers to the charr homelands.
South: Two sets of wavy scratches. Refers to the ocean.
East: Resembles a lean-to, representing human settlements.
West: Diagonal scratches with a singular vertical. Resembles a tree for the wilds of the Shiverpeaks.","ЯЗЫК: Следы-указатели чаар изначально создавались для использования без письменных принадлежностей. Поэтому чаар используют собственные когти; их знаки состоят из угловатых царапин.

ЧИСЛА: Чаар используют семь символов для обозначения фиксированных значений: 1, 5, 10, 50, 100, 500 и 1000. Они наносят меньшие значения поверх больших.

Единица — прямая вертикальная линия. Пять — горизонтальная. Десять — диагональная вправо.

МЕСТОПОЛОЖЕНИЯ: Считается, что письменность чаар возникла в Аскалоне, и стороны света, вероятно, происходят от этого центрального расположения.

Север: По форме напоминает гору. Отсылает к исконным землям чаар.
Юг: Два набора волнистых царапин. Отсылает к океану.
Восток: Напоминает навес, символизирующий человеческие поселения.
Запад: Диагональные царапины с одной вертикальной. Напоминает дерево, символизирующее дикие земли Ледяных Пиков."
"Lady Joon—

Per your instructions and in light of the revelation that employee 44236, Mai Trin, has an extensive and serious history of criminal activities in Central Tyria, we are escalating security measures and requiring every employee to change their password on our secure network. All internal workstations and consoles have had security upgraded and credentials reset.

Due to the stipulations you requested surrounding your private home network, we were unable to automatically apply these updated security protocols. As a result, we must respectfully request that you apply these security updates personally. The temporary passcode for enabling this update feature is: Q2D!

Please deploy this security update at your earliest convenience, and let us know as soon as possible when it has been completed.

— Chief Engineer An-Jun","Леди Джун—

Следуя вашим указаниям и в свете раскрытия того, что сотрудник 44236, Mai Trin, имеет обширную и серьёзную историю преступной деятельности в Центральной Тирии, мы усиливаем меры безопасности и требуем от каждого сотрудника сменить пароль в нашей защищённой сети. Все внутренние рабочие станции и консоли прошли модернизацию безопасности и сброс учётных данных.

Из-за оговорённых вами условий, касающихся вашей частной домашней сети, мы не смогли автоматически применить эти обновлённые протоколы безопасности. В результате мы вынуждены почтительно просить вас применить эти обновления безопасности лично. Временный код доступа для активации этой функции обновления: Q2D!

Пожалуйста, установите это обновление безопасности при первой же возможности и сообщите нам как можно скорее о его завершении.

— Главный инженер Ан-Джун"
"Launch harpoons to hold down the broodmother.
Harpoons launched: %num1%/%num2%","Запустите гарпуны, чтобы удерживать праматерь.
Запущено гарпунов: %num1%/%num2%"
"Learn to mount the skyscale in midair to save yourself while falling.

If you also have the Air Rescue Skyscale Mount Mastery trained, your skyscale may gain the Bond of Vigor effect shortly after mounting in midair.<br><br>Unlock the A New Friend achievement.","Научитесь садиться на скайскейла в воздухе, чтобы спастись при падении.

Если вы также обучили мастерству «Air Rescue: скайскейл», ваш скайскейл может получить эффект Узы рвения вскоре после посадки в воздухе.<br><br>Откройте достижение «A New Friend»."
"Lending your aid on Castora has earned you goodwill and gratefulness! Gain a bonus chest when completing events inside completed Castora renown heart areas. Castora champions, meta-events, and world boss events award a bonus chest.

(Bonus reward daily limit: 20)","Ваша помощь на Касторе принесла вам признание и благодарность! Получите дополнительный сундук при завершении событий в областях с завершённой известностью Касторы. Чемпионы Касторы, мета-события и события мировых боссов дают дополнительный сундук.

(Ежедневный лимит бонусной награды: 20)"
Locura limitada,Ограниченное безумие
"Long ago, a hungry dragon woke up. Fearsome Zhaitan emerged from a long sleep, intent on eating the whole world. His awakening caused a massive wave, which tore across the ocean—straight for Cantha.

The people looked on in terror as it came their way. No one knew what to do. No one, that is, except for the saltspray dragon Kuunavang. She told the emperor and empress, ""I will get help. Keep the people safe."" And so noble Kuunavang flew as fast as she could to the home of the great dragon Soo-Won.

""Soo-Won!"" she cried. ""We need you! A great wave is coming, and it will wash away the people of Cantha!"" Hearing her words, Soo-Won rose from the Endless Ocean and said, ""I will come,"" and together, the two dragons flew to where the raging water now washed over Cantha.

When they arrived, the flood had already destroyed the city of Kaineng, and the people were running, fast as they could, deeper into Cantha, the wave chasing right at their heels. With a swoop of great wings, Soo-Won landed, placing herself between the wave and the people.

She stared down the oncoming water and commanded it, ""Stop."" The wave crashed in front of Soo-Won, as if an invisible cliff now stood in front of her. The water raged, swirling and splashing, trying to get through, but then the great dragon gave a second command, ""Retreat.""

The wave had no choice but to obey. It recoiled and slipped backward, slowly and gently, so that it could do no more harm as it retreated back to the ocean. The people of Cantha cheered for Soo-Won, and they cheered for noble Kuunavang.

But Soo-Won did not stay to take part in the celebrations. She slipped away, with a promise that she would always be nearby, and that if another disaster should strike, she would return. Until then, she would rest. And noble Kuunavang stayed among the humans so that if time came, she could wake Soo-Won once again. And the people of Cantha rested easy, knowing they had two dragons watching over them as they slept.","Давным-давно проснулся голодный дракон. Грозный Зайтан вышёл из долгого сна, намереваясь съесть весь мир. Его пробуждение вызвало огромную волну, которая пронеслась через океан — прямо на Кантху.

Люди в ужасе смотрели, как она приближается. Никто не знал, что делать. Никто, кроме морского дракона Куунаванг. Она сказала императору и императрице: «Я приведу помощь. Защищайте народ». И благородная Куунаванг полетела так быстро, как могла, к дому великого дракона Су-Вон.

«Су-Вон!» — закричала она. «Ты нам нужен! Идёт огромная волна, и она смоет народ Кантхи!» Услышав её слова, Су-Вон поднялся из Бескрайнего океана и сказал: «Я приду», и вместе два дракона полетели туда, где бушующая вода уже заливала Кантху.

Когда они прибыли, потоп уже уничтожил город Кайненг, и люди бежали так быстро, как могли, глубже в Кантху, а волна преследовала их по пятам. Взмахнув огромными крыльями, Су-Вон приземлился, встав между волной и людьми.

Он посмотрел на приближающуюся воду и приказал: «Стой». Волна разбилась перед Су-Вон, словно перед ним возник невидимый обрыв. Вода бушевала, кружилась и плескалась, пытаясь прорваться, но затем великий дракон отдал второй приказ: «Отступай».

Волне не оставалось ничего, кроме как подчиниться. Она отхлынула и отступила назад, медленно и плавно, чтобы не причинить больше вреда, возвращаясь в океан. Народ Кантхи приветствовал Су-Вон и приветствовал благородную Куунаванг.

Но Су-Вон не остался, чтобы участвовать в празднованиях. Он ускользнул, пообещав, что всегда будет рядом и что, если случится другое бедствие, он вернётся. А пока он будет отдыхать. И благородная Куунаванг осталась среди людей, чтобы, если придёт время, она снова могла разбудить Су-Вон. И народ Кантхи спал спокойно, зная, что два дракона охраняют их сон."
"Long ago, the four great pirate crews of Istan cast aside their petty squabbles, forging an old-fashioned accord that stands to this day: on our flotilla, we're all part of the same crew. Now it ain't easy, and it ain't perfect, but it works. Sometimes.

You helped us keep the peace on our little floating paradise, and for that, I'll always think of ye as an honorary member of our corsair crew.

—Shipmate Hadhi","Давным-давно четыре великие пиратские команды Истана отбросили свои мелкие распри, заключив старомодное соглашение, которое действует и поныне: на нашей флотилии мы все — одна команда. Это непросто и неидеально, но работает. Иногда.

Ты помог нам сохранить мир в нашем маленьком плавучем раю, и за это я всегда буду считать тебя почётным членом нашей корсарской команды.

— Shipmate Hadhi"
"Look, I know you're just passing through here, but guys like me, stationed out here in the Brand, we're grateful when strangers lend a hand. You can leave the rest of the Shatterer's army for us. <br><br>Hey, if you get the chance, we've been hearing stories about a group of our guys making life miserable for the Flame Legion to the northwest. Check it out. No one's ever seen them, but if they're real, they could benefit from someone like you. Good luck out there.
—Sentinel Jaggedclaw","Послушай, я знаю, ты просто проходишь мимо, но такие парни, как я, стоящие здесь, в Пустоши, благодарны, когда незнакомцы протягивают руку помощи. Остальную армию Разрушителя можешь оставить нам. <br><br>Эй, если будет возможность, мы слышали истории о группе наших ребят, которые портят жизнь Flame Legion на северо-западе. Проверь это. Никто их никогда не видел, но если они реальны, им может пригодиться кто-то вроде тебя. Удачи.
— Часовой Острый Коготь"
"Looks like an explorer's work is never done: some grawl are worshipping a dragon minion—apparently, they'll worship anything if it inspires awe. We need to convince them to stop making our mutual enemies stronger. A shaman named Gara recently left the tribe, so we'll start there. Meet me south of Hoelbrak and let's see if we all can help each other. Until then,
—Magister Sieran","Похоже, работа исследователя никогда не заканчивается: некоторые граул поклоняются слуге дракона — видимо, они будут поклоняться чему угодно, если это внушает трепет. Нужно убедить их перестать делать наших общих врагов сильнее. Шаман по имени Гара недавно покинул племя, так что начнём с него. Встретимся к югу от Хоэлбрака и посмотрим, сможем ли мы помочь друг другу. До встречи,
—Магистр Сиран"
Macht,Мощь
"Madam Joon:
  
Our independent investigation did not contradict the findings of the Ministry of Security. I must apologize again for my failure to detain the outsiders earlier—at the time, their argument seemed convincing.

I've turned my attention to the containment efforts in Jade Sea, and I've made my own alliances with outsiders as a result. I just ask that you be careful—they've played us before.
 
—Captain Fa","Мадам Джун:
  
Наше независимое расследование не противоречило выводам Министерства безопасности. Я должен снова извиниться за то, что не смог задержать чужаков ранее — тогда их аргументы казались убедительными.

Я переключил своё внимание на сдерживание в Нефритовом море и в результате заключил собственные союзы с чужаками. Я лишь прошу вас быть осторожными — они уже обманывали нас раньше.
 
— Капитан Фа"
"Made by combining these items in the Mystic Forge:
• 1 Gift of Metal
• 1 Gift of Darkness
• 100 Icy Runestones
• 1 Superior Sigil of Blood","Создаётся соединением этих предметов в Mystic Forge:
• 1 Gift of Metal
• 1 Gift of Darkness
• 100 Icy Runestones
• 1 Superior Sigil of Blood"
"Made by combining these items in the Mystic Forge:
• 1 Gift of Metal
• 1 Gift of Entertainment
• 100 Icy Runestones
• 1 Superior Sigil of Energy","Создаётся соединением этих предметов в Mystic Forge:
• 1 Gift of Metal
• 1 Gift of Entertainment
• 100 Icy Runestones
• 1 Superior Sigil of Energy"
"Made by combining these items in the Mystic Forge:
• 1 Gift of Metal
• 1 Vial of Liquid Flame
• 100 Icy Runestones
• 1 Superior Sigil of Fire","Создаётся соединением этих предметов в Mystic Forge:
• 1 Gift of Metal
• 1 Vial of Liquid Flame
• 100 Icy Runestones
• 1 Superior Sigil of Fire"
"Made by combining these items in the Mystic Forge:
• 1 Gift of Metal
• 1 Vial of Quicksilver
• 1 100 Icy Runestones
• 1 Superior Sigil of Benevolence","Создаётся соединением этих предметов в Mystic Forge:
• 1 Gift of Metal
• 1 Vial of Quicksilver
• 1 100 Icy Runestones
• 1 Superior Sigil of Benevolence"
"Made by combining these items in the Mystic Forge:
• 1 Gift of Wood
• 1 Gift of Entertainment
• 100 Icy Runestones
• 1 Superior Sigil of Stamina","Создаётся соединением этих предметов в Mystic Forge:
• 1 Gift of Wood
• 1 Gift of Entertainment
• 100 Icy Runestones
• 1 Superior Sigil of Stamina"
"Mai finally made good on all her talk. She brought me something I've never seen before, developed far beyond the borders of Cantha. It isn't clear how she got her hands on it, but I'm not going to press her on that.

The device in question is a turret once fastened to an airship. It is powered by heating water, which powers a turbine to produce a current. All of that involves a massive casing. It's amazing the airship could fly at all.

Mai took it strangely personally when I said the tech was unsophisticated. I've seen her work with much more complex systems, surely she is capable of recognizing mediocrity. I've asked if she thinks she can get her hands on more of it, and while she won't commit, she is optimistic.","Мэй наконец-то выполнила все свои обещания. Она принесла мне то, чего я никогда раньше не видел, разработанное далеко за пределами Канты. Неясно, как она это раздобыла, но я не собираюсь давить на неё по этому поводу.

Устройство, о котором идёт речь, — это турель, когда-то закреплённая на дирижабле. Она работает за счёт нагрева воды, который приводит в действие турбину, вырабатывающую ток. Всё это требует массивного корпуса. Удивительно, что дирижабль вообще мог летать.

Мэй восприняла на удивление лично, когда я сказал, что технология примитивна. Я видел, как она работала с гораздо более сложными системами, она наверняка способна распознать посредственность. Я спросил, сможет ли она раздобыть ещё таких устройств, и хотя она не даёт обещаний, она настроена оптимистично."
"Many thanks for demonstrating the finer points of basic housekeeping and pest control to my royal retinue. Your humble station in life has obviously proven educational—you clean and kill with the efficiency of a company of mummies. You have my gratitude, commoner.

—Prince Bakkal","Большое спасибо за то, что продемонстрировали моей королевской свите тонкости ведения домашнего хозяйства и борьбы с вредителями. Ваше скромное положение в жизни, очевидно, оказалось поучительным — вы убираете и убиваете с эффективностью целой армии мумий. Вы заслужили мою благодарность, простолюдин.

— Prince Bakkal"
Masques,Маскарады
"Members:
All the players currently in the squad","Участники:
Все игроки, находящиеся в отряде"
"Mighty Blow becomes Glacial Blow. Heal when you disable, immobilize, or chill a foe.
<br><c=@reminder>Disables include stun, daze, knockback, pull, knockdown, sink, float, launch, taunt, and fear.</c>","Могучий удар становится Ледяным ударом. Лечитесь, когда вы обездвиживаете, парализуете или замораживаете врага.
<br><c=@reminder>Обездвиживания включают оглушение, ошеломление, отталкивание, притягивание, нокдаун, погружение, всплытие, отбрасывание, провокацию и страх.</c>"
Mikesch,Микеш
"Mists-Grasper's previously reported endurance of Mists phenomena is a side effect of their enchantment and design. Sorcerous analysis suggests that the gloves were crafted as manipulation tools for the Mists environment—a means to touch the building blocks of creation. If functioning as intended, they could draw in samples of Mists matter for later release.

I speculate that this may have been for research purposes, but in the current environment and depths that the wayfinder is known to explore, it presents a significant combat option. Bluntly, to store and later deploy Mists-pocket reality-dissonance (colloquially ""Agony""*). I admit, the idea of cutting a foe to bits with the edge a collapsing reality is a romantic one.

—Field Archivist Cierle

*Debates on the relationship between the Fractal phenomena and the mursaat's weaponized Spectral Agony are many, and they are outside the scope of this report. I don't need Isgarren breathing down my neck for referencing sealed records.","Ранее сообщалось, что выносливость Хватателя Туманов к явлениям Тумана является побочным эффектом их чар и конструкции. Магический анализ показывает, что перчатки были созданы как инструменты для манипуляции средой Тумана — средство прикоснуться к строительным блокам мироздания. Если они функционируют как задумано, то могут втягивать образцы материи Тумана для последующего высвобождения.

Я предполагаю, что это могло быть сделано для исследовательских целей, но в текущей среде и на глубинах, которые, как известно, исследует Путеискатель, это представляет собой значительный боевой вариант. Грубо говоря, хранить, а затем высвобождать карманный диссонанс реальности Тумана (в просторечии «Агония»*). Признаюсь, идея разрезать врага на куски краем рушащейся реальности кажется романтичной.

— Полевой архивариус Сирль

*Споры о связи между явлениями Фракталов и вооружённой Спектральной Агонией мурсаатов многочисленны и выходят за рамки данного отчёта. Мне не нужно, чтобы Исгаррен дышал мне в затылок за ссылки на запечатанные записи."
"More karka problems: the latest reports from Kessex Hills describe an all-out attack like the one we experienced in Lion's Arch. It's focused on Garenhoff, and we need to keep it contained there. If you can lend a hand, report to Garenhoff as soon as possible. And be careful: the local wizard's tower is involved in some strange occurrences of its own.
Good luck,
—Inspector Ellen Kiel","Снова проблемы с карка: последние донесения из Kessex Hills описывают полномасштабную атаку, подобную той, что мы пережили в Львином Когте. Она сосредоточена на Гаренхофе, и нам нужно сдержать её там. Если можете помочь, отправляйтесь в Гаренхоф как можно скорее. И будьте осторожны: местная Wizard's Tower сама замешана в странных происшествиях.
Удачи,
—Инспектор Эллен Кил"
"Movement speed reduced by 10%%.
Incoming ley-line energy attack damage increased by 10%%.
Stacks intensity.","Скорость передвижения снижена на 10%%.
Входящий урон от атак энергии лей-линий повышен на 10%%.
Складывается по силе."
"My friend,

Kryta's sources report things have worsened in Hoelbrak and the Black Citadel. Refugees are pouring into the cities from the north, where a dredge-Flame Legion alliance is tearing through Wayfarer Foothills and Diessa Plateau. Our comrades are struggling to repel the Molten Alliance invaders.

As a Seraph guard, my duties are here. However, I'd like you to assist the cities. The citadel is holding a defense quorum in the Imperator's Core, and they need all the support they can get. Head to the quorum and let the tribunes know you're there to help. But before you leave, talk with Rytlock—he may have specific instructions for you.

—Logan","Друг мой,

Источники Крайты доносят, что в Хоэльбраке и Black Citadel стало хуже. С севера в города хлынули беженцы: там альянс дреджей и Flame Legion рвёт Wayfarer Foothills и Плато Дьесса. Наши товарищи с трудом отбивают захватчиков из Расплавленного альянса.

Как страж-Серафим, я обязан быть здесь. Но я хотел бы, чтобы ты помог городам. Цитадель проводит оборонный кворум в Ядре Империатора, и им нужна любая поддержка. Отправляйся на кворум и дай трибунам знать, что ты пришёл помочь. Но перед уходом поговори с Ритлоком — у него могут быть особые указания.

—Логан"
"My friend,
I need your help to stop a group of bandits that are terrorizing Shaemoor. The Seraph located their headquarters, but they know our faces. I need someone to pose as a bandit recruit, infiltrate their operation, and discover their plan. I hate to drag you into this when you've already been so brave, but you're my best hope of getting the job done.
I've enclosed the location of the bandit cave, and Countess Anise has prepared a magical disguise for your clothing. Just approach the cave, and the disguise will activate. Once you're inside, learn as much as you can...and don't get caught.
I'm counting on you, Hero. Good luck.
—Logan Thackeray, Captain of the Seraph","Друг мой,
Мне нужна твоя помощь, чтобы остановить шайку разбойников, терроризирующих Шемур. Серафимы нашли их штаб, но наши лица им известны. Мне нужен кто-то, кто выдаст себя за новобранца-разбойника, проникнет в их дело и выяснит их замысел. Не хочется втягивать тебя в это после всей твоей отваги, но ты моя лучшая надежда на успех.
Прилагаю расположение пещеры разбойников, а Countess Anise подготовила магическую маскировку для твоей одежды. Просто подойди к пещере, и маскировка сработает. Оказавшись внутри, узнай как можно больше... и не попадись.
Я на тебя рассчитываю, герой. Удачи.
—Логан Такерей, капитан Серафимов"
"My friend, we need to speak.

Now that you have a jackal of your own, there are some covert missions I have for you. Please see me back at the palace.

—Drojkor, Spirit Squall","Друг мой, нам нужно поговорить.

Теперь, когда у тебя есть собственный шакал, у меня для тебя найдутся тайные поручения. Прошу, зайди ко мне во дворец.

—Дройкор, Spirit Squall"
"My hounds and I would like to say how much we appreciate your help sticking it to those Separatist pigs. You're welcome back in Warhound Village anytime.

—Kennelmaster Warsnout","Мы с моими псами хотим сказать, как высоко ценим твою помощь в том, чтобы всыпать этим свиньям-сепаратистам. В Деревню Боевых Псов ты можешь возвращаться в любое время.

—Псарь Боевое Рыло"
"My marionette... Isn't she just delightful? The way she dances through the air, crushing my enemies beneath her toe... The most beautiful of my creations, I think. Elegant, but brutal in function.  
  
I will be sending her to the front line not only to serve as a distraction while I plant my probes near the city, but as something of a...test run. I'm sure petty battles against foot soldiers will hardly put up a fight, but it would be good to gather data on how much of a beating she can take before needing substantial repairs. After all, there are...bigger battles to come.","Моя марионетка... Разве она не восхитительна? Как она пляшет в воздухе, давя моих врагов носком... Пожалуй, прекраснейшее из моих творений. Изящное, но безжалостное в деле.  
  
Я отправлю её на передовую не только чтобы отвлечь внимание, пока я расставляю зонды у города, но и в качестве своего рода... испытания. Уверена, мелкие стычки с пехотой едва ли будут ей помехой, но было бы полезно собрать данные о том, сколько побоев она выдержит, прежде чем ей понадобится серьёзный ремонт. В конце концов, впереди... битвы покрупнее."
"My mom said that I got to bake cakes because the Commander was super careful getting rid of scarab eggs in our crops. I made these for you... I spilled some salt in the batter but I got most of it out.

Hope you like them!
Debbie

P.S. Mom says that mail is expensive but that I can send you appreciation cakes anytime by giving them to Clanmarshal Sana. Check with her and get free cakes!","Мама сказала, что мне разрешили печь пироги, потому что командир очень старательно избавил наши поля от яиц скарабеев. Я испекла их для тебя... Я просыпала в тесто немного соли, но почти всю вытащила.

Надеюсь, тебе понравится!
ДеббиР.

S. Мама говорит, что почта дорогая, но я могу присылать тебе благодарственные пироги в любое время, отдавая их клан-маршалу Сане. Загляни к ней и получи бесплатные пироги!"
"My pride, my pupil. For you, I leave my instructions, my wishes, and my words of affirmation. There are few among my stewards that can truly thread the weave of magic that flows through this place, that possess the knowledge of creation as you do. Perhaps that is why I chose to impart to you and some of your siblings a spark of mortal pathos. In part to see if it could be done, but also knowing that it would be imperative for your role at the forge.  

As this chapter of my life comes to a close, my hope is that you will one day come to appreciate the act of creation and the value of congregation. It is a shortcoming of many seers, I have noticed, to attempt to carry the most lofty burdens of our elevated society on their solitary shoulders, becoming islands unto themselves.  

Put those ideas far from your mind, my pupil. For I say, whether by mortal hand or machine, we cannot make the future alone. Lean on the other stewards, on future artificers, and build things that fill you with the same satisfaction I feel looking at you now. There will be times that you will falter, as we all do, but you will also learn and grow, and, if you have followed my advice, you will have done so together.  

—Gardesano","Моя гордость, мой ученик. Тебе я оставляю свои наставления, свои желания и слова поддержки. Немногие из моих смотрителей способны по-настоящему плести нити магии, что пронизывают это место, обладать знанием созидания, как ты. Возможно, поэтому я решил даровать тебе и некоторым из твоих собратьев искру смертного сочувствия. Отчасти чтобы проверить, возможно ли это, но также зная, что это будет необходимо для твоей роли у кузни.

Когда эта глава моей жизни подходит к концу, я надеюсь, что однажды ты сможешь оценить акт творения и ценность единения. Я заметил, что недостаток многих провидцев — пытаться взвалить самые тяжкие бремена нашего возвышенного общества на свои одинокие плечи, становясь отшельниками.

Отбрось эти мысли, мой ученик. Ибо я говорю: ни смертной рукой, ни машиной нам не создать будущее в одиночку. Опирайся на других смотрителей, на будущих мастеров, и создавай вещи, которые наполнят тебя той же гордостью, какую я чувствую, глядя на тебя сейчас. Будут моменты, когда ты оступишься, как и все мы, но ты также будешь учиться и расти, и, если ты последуешь моему совету, ты сделаешь это вместе.

—Гардесано"
Nahkampfangriff-Hilfe,Помощь при рукопашной атаке
"Named after the Luxon hero, Gui Lo, who protected the siege turtle nests during the War of Marigold in 916 CC.

This plaque was placed by the Ministry of Archives to improve education efforts following the collapse of the Ministry of Purity.","Названа в честь героя люксонов, Гуй Ло, защищавшего гнёзда осадных черепах во время Войны Мариголд в 916 г. КК.

Эта табличка установлена Министерством Архивов для улучшения образовательных усилий после распада Ministry of Purity."
"Network error %num1%.

Please check your Internet connection and try again.","Сетевая ошибка %num1%.

Проверьте подключение к интернету и попробуйте снова."
"New Expansion!<br>
•Visions of Eternity•<br>
Available Now!","Новое дополнение!<br>
•Видения вечности•<br>
Уже доступно!"
Noche,Ночь
"Nothing is allowed to have that many legs and stay alive.

Story Instance: Legacy","Ни одно существо не должно иметь столько ног и при этом оставаться в живых.

Сюжетный инстанс: Наследие"
"Notwegmarke Aussichtspunkt, B","Смотровая площадка Нотвегмарке, B"
"Notwegmarke Tal, B","Notwegmarke Tal, B"
"Notwegmarke Tal, C","Notwegmarke Tal, C"
"Nur Derby-Teilnehmer, die auf Kriegsklauen reiten, können Zielen Schaden zufügen. Sprecht mit dem Derby-Koordinator am Eingang.","Только участники дерби, верхом на боевых когтях, могут наносить урон целям. Поговорите с координатором дерби у входа."
"Observe the Paper Lanterns  
  
Select the true statement from the choices below and follow its instructions:  
  
A red lantern is always next to a yellow lantern.  
  
The drop is inside the house that's located down the street on the right. Look behind the red armchair on the second floor.  

---
  
There are more than nineteen yellow lanterns but fewer than twenty-two.  
  
Continue down the street. Turn right and pass through the garden arch. Turn right again and continue straight down the street. Look behind the last crates.  

---
  
Blue lanterns are the rarest of them all. 

Backtrack toward the location of the first note. Go down the stairs on your right. Once down them, look to the right of the door.  
  
—CB","Осмотрите бумажные фонари

Выберите верное утверждение из вариантов ниже и следуйте его указаниям:

Красный фонарь всегда рядом с жёлтым фонарём.

Тайник внутри дома, что стоит дальше по улице справа. Загляните за красное кресло на втором этаже.

---

Жёлтых фонарей больше девятнадцати, но меньше двадцати двух.

Продолжайте вниз по улице. Поверните направо и пройдите под садовой аркой. Снова поверните направо и идите прямо по улице. Загляните за последние ящики.

---

Синие фонари — редчайшие из всех.

Вернитесь к месту первой записки. Спуститесь по лестнице справа. Спустившись, посмотрите справа от двери.

—CB"
"Obtained from the druids in exchange for druid stones.
This item only has value as part of a collection.","Получено от друидов в обмен на камни друидов.
Этот предмет имеет ценность только как часть коллекции."
"Of the many weapons within our enemies' arsenal, spectral agony continues to prove itself the most dangerous and terrible of them all.  
  
Not only does it inflict the most excruciating pain imaginable without causing a single wound, but it also saps the victim's will to fight against it, crushing down upon them until they can no longer think of anything but the pain.  
  
That the mursaat would even devise such a spell speaks volumes about their capacity for cruelty and savagery, and it gives our people every reason to oppose them at every turn. There can be no reasoning with such beings, no peace that can be brokered when such methods are employed.  
  
This council would do well to heed my call on this matter, even in my exile, lest we find ourselves groveling before these foul beings and their ultimate weapon of control. We must act, and act now.  
  
There can be no compromise on this.  
  
—Isgarren","Из множества оружия в арсенале наших врагов спектральная агония продолжает доказывать, что она самая опасная и ужасная из всех.  
  
Она не только причиняет самую невыносимую боль, какую только можно вообразить, не оставляя ни единой раны, но и подрывает волю жертвы к сопротивлению, сокрушая её, пока та не сможет думать ни о чём, кроме боли.  
  
Уже то, что мурсааты изобрели такое заклинание, красноречиво говорит об их жестокости и свирепости и даёт нашему народу все основания противостоять им на каждом шагу. С такими существами невозможно договориться, нельзя заключить мир, когда применяются подобные методы.  
  
Этому совету стоило бы прислушаться к моему призыву по этому вопросу, даже в моём изгнании, чтобы нам не пришлось пресмыкаться перед этими гнусными тварями и их главным оружием контроля. Мы должны действовать, и действовать сейчас.  
  
Компромисс здесь невозможен.  
  
—Исгаррен"
"On behalf of the High Legions and the entire Black Citadel, I offer heartfelt thanks and congratulations on your recent efforts in developing our anti-ghost weaponry. Your dedication to duty and performance as a newly commissioned legionnaire have both been exemplary, and have been duly noted in the official record. From this point forward, I shall be watching your progress with great interest and even greater expectations. Well done, soldier.
—Smodur the Unflinching, Imperator of the Iron Legion","От имени Высших Легионов и всей Black Citadel я выражаю искреннюю благодарность и поздравляю с вашими недавними усилиями по разработке нашего антипризрачного оружия. Ваша преданность долгу и работа в качестве новоиспечённого легионера были образцовыми и были должным образом отмечены в официальных записях. Отныне я буду следить за вашим прогрессом с большим интересом и ещё большими ожиданиями. Отлично сработано, солдат.
—Смодур Непоколебимый, Император Iron Legion"
"On behalf of the High Legions and the entire Black Citadel, I offer heartfelt thanks and congratulations on your recent efforts in the matter of Trybulus Griefblade. Your dedication to duty and performance as a newly commissioned legionnaire have both been exemplary, and have been duly noted in the official record. From this point forward, I shall be watching your progress with great interest and even greater expectations. Well done, soldier.
—Smodur the Unflinching, Imperator of the Iron Legion","От имени Высших Легионов и всей Black Citadel я выражаю искреннюю благодарность и поздравляю с вашими недавними усилиями по делу Трибула Грифблейда. Ваша преданность долгу и работа в качестве новоиспечённого легионера были образцовыми и были должным образом отмечены в официальных записях. Отныне я буду следить за вашим прогрессом с большим интересом и ещё большими ожиданиями. Отлично сработано, солдат.
—Смодур Непоколебимый, Император Iron Legion"
"On behalf of the fishers of Triskell Quay, I thank you for your much-needed help with our toxic threats. With the toxic sludge gone, the people of this village may be able to earn an honest living again. It looks like the toxic fish and krait are stubbornly lingering, but there's hope again in the eyes of the villagers. Had you not appeared when you did, things may have been much, much worse. Your efforts this day will not be forgotten.

—Mayor Trisk","От имени рыбаков Трискелл-Ки я благодарю вас за столь необходимую помощь с нашими токсичными угрозами. С токсичным илом покончено, жители этой деревни снова смогут честно зарабатывать на жизнь. Похоже, токсичная рыба и крайты упорно задерживаются, но в глазах жителей снова появилась надежда. Если бы вы не появились вовремя, всё могло быть гораздо, гораздо хуже. Ваши усилия в этот день не будут забыты.

—Мэр Триск"
"On the Zhaitan Disaster

We're just about finished archiving all the names of those lost during the Zhaitan Disaster. Thousands confirmed dead or missing... So many families broken, lost. It was only a hundred years ago; can you believe that?

I've filled piles of journals with stories that I've collected—mostly passed down from parents and grandparents—trying to get the most accurate description of what happened that day. What really happened.

Most often, people speak of another wave rising from the bay—they watched it crash into the tsunami before it could completely engulf the coast. The creature that lurked beneath the waves...

It's no longer legend, but fact.

Despite this, some still deny what happened. They refuse to leave our fate in the hands of...beasts. They plead that it was Dwayna who cracked open the sky and struck down the wave with a beam of light. Some say it was Lyssa. Though, those versions of the tale aren't very popular these days. The gods are less relevant now. Less needed here.

No matter how many ways the story is told, no matter how far we sway from the truth...we were given hope. Stories have that power.","О катастрофе Зайтана

Мы почти закончили архивировать имена всех погибших во время катастрофы Зайтана. Тысячи подтверждённо погибших или пропавших без вести... Так много разбитых, потерянных семей. Это было всего сто лет назад; можете ли вы в это поверить?

Я заполнил стопки дневников историями, которые собрал — в основном переданными от родителей и бабушек с дедушками — пытаясь получить максимально точное описание того, что произошло в тот день. Что на самом деле произошло.

Чаще всего люди говорят о ещё одной волне, поднявшейся из залива — они видели, как она врезалась в цунами, прежде чем оно успело полностью поглотить побережье. Существо, скрывавшееся под волнами...

Это уже не легенда, а факт.

Несмотря на это, некоторые всё ещё отрицают произошедшее. Они отказываются оставлять нашу судьбу в руках... зверей. Они утверждают, что это Двайна расколола небо и поразила волну лучом света. Некоторые говорят, что это была Лисса. Хотя эти версии истории сейчас не очень популярны. Боги стали менее значимы. Менее нужны здесь.

Сколько бы ни рассказывалась эта история, как бы далеко мы ни отклонялись от истины... нам была дана надежда. Истории обладают этой силой."
"One cannot speak of Elona's rich and splendorous history without first speaking of the people that made it so. These civilizations, reaching back over a thousand years to the founding of the Land of the Golden Sun, laid the bedrock of our great nation and guaranteed countless millennia of prosperity.

Explore the fascinating history of Elonian culture in our comprehensive guide, reaching across scorching sands and extravagant cities, soaring mountaintops and desolate wastelands.

We'll examine the traditional dances of the Vabbian Garden of Seborhin, bear witness to the storied healing arts of the Temple of Kormir, and spend a week in the desert with the Malaki people learning the same techniques they use to survive in the harsh Elonian sun.","Нельзя говорить о богатой и великолепной истории Элоны, не упомянув сначала людей, которые её такой сделали. Эти цивилизации, уходящие корнями более чем на тысячу лет к основанию Земли Золотого Солнца, заложили фундамент нашей великой нации и обеспечили бесчисленные тысячелетия процветания.

Исследуйте захватывающую историю элонской культуры в нашем всеобъемлющем путеводителе, охватывающем палящие пески и роскошные города, парящие горные вершины и безлюдные пустоши.

Мы рассмотрим традиционные танцы Ваббианского сада Себорхина, станем свидетелями легендарного искусства врачевания Храма Кормир и проведём неделю в пустыне с народом Малаки, изучая те же приёмы, которые они используют для выживания под палящим элонским солнцем."
"One of the forbidden texts requested by Balam Ri. Double-click to read.,
<c=@Flavor>This item is not required to complete the collection and can be discarded.</c >","Один из запрещенных текстов, запрошенных Баламом Ри. Дважды щёлкните, чтобы прочитать.
<c=@Flavor>Этот предмет не требуется для завершения коллекции, и его можно выбросить.</c >"
"Oorn the Mightier was an artist who lived in Timberline Falls until 1215 AE. His preferred subjects were wildlife and self-portraiture, which he depicted in cave paintings and sculptures.  
  
""Stone Mirror"" is his only known realistic sculpture, and it was created in response to a condescending profile in which the human author speculated that Oorn's abstract style was a limitation rather than a choice. He gifted the nearly life-size piece to Mabon, but he did not consider it an artistic work.","Оорн Могучий был художником, жившим в Timberline Falls до 1215 г. ВЭ. Его любимыми сюжетами были дикая природа и автопортреты, которые он изображал в наскальных рисунках и скульптурах.

«Каменное зеркало» — его единственная известная реалистичная скульптура, созданная в ответ на снисходительную статью, в которой человек-автор предположил, что абстрактный стиль Оорна был ограничением, а не выбором. Он подарил почти натуральную величину работы Мабону, но не считал её художественным произведением."
Options des escouades & commandants,Настройки отрядов и командиров
Ortszeit,Местное время
"Our priesthood is grateful to you, %str1%. Kormir herself knows of your selflessness on behalf of her temple and her devoted followers.

With Balthazar's forces so close, I fear our troubles will continue. If you can find it in your heart to return and help us again, we would welcome your continued defense of the innocents we shelter here.

—Priest Hakim","Наше жречество благодарно вам, %str1%. Сама Кормир знает о вашей самоотверженности ради её храма и её преданных последователей.

С силами Бальтазара так близко, я боюсь, что наши беды продолжатся. Если вы сможете найти в себе силы вернуться и снова помочь нам, мы будем приветствовать вашу дальнейшую защиту невинных, которых мы здесь укрываем.

—Priest Hakim"
"Outrider Arina,  

Your father asked me to give you additional details as the leader of this mission, as it is not simply a matter of containing the threat, as you have so often done. In this circumstance, there is evidence to suggest that our enemy has targeted a powerful individual in Tyria.  

You have read previous reports on this person and their pivotal role in recent events surrounding the ending of the dragon cycle. In fact, on two prior occasions, your father and myself both petitioned the Wizard's Court to recruit them into the Astral Ward, but we were denied. With the boldness with which our enemy has stepped up their attacks, it is not only likely but probable that you may encounter this individual on your mission. If this happens, do not interfere or even interact with them.  

They are to be handled with the utmost respect, but it is not your place to involve this individual in our affairs. That may yet change, but for now, maintain the edict.  

Remain safe, remain vigilant.  

—M","Наездница Арина,  

Твой отец попросил меня предоставить тебе дополнительные сведения как руководителю этой миссии, поскольку она не сводится к простому сдерживанию угрозы, как ты делала много раз. В данном случае есть основания полагать, что наш враг нацелился на могущественную личность в Тирии.  

Ты читала предыдущие отчёты об этом человеке и его ключевой роли в недавних событиях, связанных с завершением Драконьего цикла. Более того, дважды ранее и твой отец, и я ходатайствовали перед Советом волшебников о его привлечении в Astral Ward, но нам было отказано. С той дерзостью, с какой наш враг усилил свои атаки, весьма вероятно, что ты можешь столкнуться с этим человеком во время миссии. Если это произойдёт, не вмешивайся и даже не вступай с ним в контакт.  

С ними следует обращаться с величайшим уважением, но не тебе вовлекать этого человека в наши дела. Возможно, это ещё изменится, но пока соблюдай предписание.  

Будь в безопасности, будь бдительна.  

—М"
Papier-Drache,Бумажный дракон
"Participate in %num2% event[s] in Sparkfly Fen, Mount Maelstrom, Iron Marches, Fireheart Rise, or Timberline Falls.

<c=@reminder>You can find events while exploring the world. Events in progress are marked by an orange circle on your map when you're nearby.</c>","Участвуйте в %num2% [событии|событиях|событиях] в Топких болотах, на горе Мэлстром, в Железных Топях, Огненной возвышенности или в Таймберлейн-Фолс.

<c=@reminder>Вы можете найти события, исследуя мир. Идющие события отмечены оранжевым кружком на вашей карте, когда вы находитесь рядом.</c>"
"Participate in %num2% event[s] in the Ruins of Orr, Frostgorge Sound, or Southsun Cove.

<c=@reminder>You can find events while exploring the world. Events in progress are marked by an orange circle on your map when you're nearby.</c>","Участвуйте в %num2% [событии|событиях|событиях] в Руинах Орра, Фростгорж-Саунде или Саутсан-Кове.

<c=@reminder>Вы можете найти события, исследуя мир. Идющие события отмечены на карте оранжевым кругом, когда вы находитесь рядом.</c>"
"Participate in successful events around Dead Lab, Sanguine Crater, and Blood Hill.

(Some events can count toward multiple achievements.)","Примите участие в успешных событиях в окрестностях Мёртвой лаборатории, Багрового кратера и Кровавого холма.

(Некоторые события могут учитываться при выполнении нескольких достижений.)"
"Peitha's ally Ramses has proven to be a valuable source of information. Contrary to his threatening appearance, he is relatively approachable. While verbose, he has proven somewhat more direct and willing to engage in conversation than Peitha herself.  
  
Even when unwilling to discuss topics directly, he generally does not guard his ideas and opinions too closely, except when in conference with Peitha. I would go so far as to say that he can be almost charming, though he is disarmingly grotesque to behold.  
  
—Researcher Selly","Союзник Пейты, Рамзес, оказался ценным источником информации. Вопреки его угрожающему виду, он относительно доступен. Хотя он многословен, он оказался несколько более прямым и готовым к разговору, чем сама Пейта.  
  
Даже когда он не желает обсуждать темы напрямую, он в целом не слишком скрывает свои идеи и мнения, за исключением конференций с Пейтой. Я бы даже сказал, что он может быть почти очаровательным, хотя он до неприличия гротескно выглядит.  
  
—Исследователь Сэлли"
Personnalisez le sac à dos avec ce couvre-sac à dos de Charr en peluche.,Персонализируйте рюкзак с помощью этого чехла для рюкзака в виде плюшевого чарра.
"Picaroon Scratch
Skritt Tunnels Open","Пикарун Скрэтч
Туннели скриттов открыты"
"Pips are awarded at the end of each tick as long as you have Tier 3 participation.
[b]All of the pips that can be earned are displayed above.","Очки начисляются в конце каждого тика, если у вас есть участие 3-го уровня.
[b]Все очки, которые можно заработать, отображаются выше."
"Postern Ward:
Back float beneath the arches.","Задний страж:
Плывите спиной под арками."
"Postern Ward:
Search the steps near the ogre's cavern.","Задний двор:
Обыщите ступени возле пещеры огров."
"Proposals for Further Kralkatorrik Research.

The excellent progress of our ancillary labs on Kralkatorrik's abilities has sparked a round of suggestions for further research. Formal proposals will be forthcoming, but consider this memo the first in a series of informal introductions to suggestions we've received from all of you.

Our first proposal: Develop varied environmental enclosures for studying the effects of habitat on Kralkatorrik's minions.

Pros: Inventive. Plausible; the fact that pre-Branded species have habitat preferences suggests the Branded may also show differential responses to environment.

Cons: Minor cases of sweat rash from the prototype jungle environment.

Look for another proposal next week!","Предложения по дальнейшему исследованию Кралькаторрика.

Отличные успехи наших вспомогательных лабораторий в изучении способностей Кралькаторрика вызвали шквал предложений по дальнейшим исследованиям. Официальные предложения последуют, но считайте эту памятку первой из серии неформальных знакомств с предложениями, которые мы получили от вас всех.

Наше первое предложение: Разработать разнообразные экологические вольеры для изучения влияния среды обитания на приспешников Кралькаторрика.

Плюсы: Реалистично. Разумно; тот факт, что у видов, не затронутых Порчей, есть предпочтения в среде обитания, предполагает, что Порченые также могут проявлять разную реакцию на окружение.

Минусы: Незначительные случаи потницы из-за прототипа джунглевой среды.

Следите за новыми предложениями на следующей неделе!"
"Purchased from master craftspeople for research notes. 
Research notes are acquired by deconstructing crafted items with research kits.
Research kits are bought from master craftspeople.","Куплено у мастеров-ремесленников за исследовательские заметки. 
Исследовательские заметки получаются при разборке созданных предметов с помощью исследовательских наборов.
Исследовательские наборы покупаются у мастеров-ремесленников."
Quaggan-Quatsch-Quest,Задание для Квагганов
"Queen Jennah's watchknights are an outlier among semiautonomous constructs, designed by a single engineer with comparatively limited resources. While they are an extraordinary feat of mechanical and arcane artistry, they have limited noncombat utility.  
  
A fractal exploring the impact on Kryta if Scarlet Briar had been allowed to collaborate with the crown engineer garnered some interest, but it was determined to be less valuable than monitoring the watchknights' ongoing development.","Сторожевые рыцари королевы Дженны выделяются среди полуавтономных конструкций: они созданы одним инженером с весьма ограниченными ресурсами. Хотя они представляют собой выдающееся достижение механического и магического искусства, их полезность вне боя ограничена.

Фрактал, исследующий влияние на Крайту возможного сотрудничества Скарлет Шиповник с королевским инженером, вызвал некоторый интерес, но было решено, что он менее ценен, чем наблюдение за сторожеными рыцарями."
"Raid encounters are challenging instanced encounters for groups of up to 10 players.
Each raid encounter from the Eye of the North will reward you with magnetite shards. These shards can be used to buy ascended equipment from Crystallographer Smoxxi.","Рейдовые встречи — это сложные инстансовые испытания для групп до 10 игроков.
Каждое рейдовое событие из Ока Севера награждает вас осколками магнетита. Эти осколки можно использовать для покупки вознесённого снаряжения у кристаллографа Смокси."
"Receive at least 5 research notes, most of the time.

<c=#Flavor>For all the good deeds you do, why spend time standing around crafting when you can save the world?</c>","Получайте не менее 5 исследовательских заметок большую часть времени.

<c=#Flavor>За все добрые дела, которые вы совершаете, зачем тратить время на ремесло, когда можно спасать мир?</c>"
Regurgicida,Регургицида
"Report filed by Detective Rama. The detective investigated witness sightings at the Eastern Wilds of suspected members of the Purists, a group identified by New Kaineng Security Division as a potentially dangerous entity.

Report has been reviewed by Minister Li Ha-Eung and has been closed for reason(s): Insufficient Evidence, Actions Unenforceable.","Отчёт, поданный детективом Рамой. Детектив расследовал показания свидетелей в Восточных Дебрях о подозреваемых членах «Пуристов», группе, определённой Отделом безопасности Нового Каиненга как потенциально опасная организация.

Отчёт был рассмотрен министром Ли Ха-Ыном и закрыт по причине(ам): недостаточность улик, невозможность принятия мер."
Respuesta local: Draconis Mons,Драконис Монс
"Restricted territory. This computer is not located in the appropriate territory. 

For help, please visit our support website.","Запретная территория. Этот компьютер не находится на соответствующей территории. 

Для помощи посетите наш сайт поддержки."
"Restricted territory. This computer is not located in the appropriate territory. 

Your IP address: 
%str1%

For help, please visit our support website.","Запретная территория. Этот компьютер не находится на соответствующей территории. 

Ваш IP-адрес: 
%str1%

Для помощи посетите наш сайт поддержки."
Rey invisible,Рей невидимый
Riquezas desveladas,Раскрытые сокровища
"Roses are red  

The Pact commander is blue  

Please don't intervene, my dear  

Or I'll have to kill you","Красны розы 

Командир Пакта синь 

Не вмешивайся, милый друг 

Иль убью тебя, аминь"
Récompenses des tournois automatisés,Récompenses des tournois automatisés
"Salutations,

It seems you've not only traveled the entirety of Brisban Wildlands, but also assisted others along the way. You've demonstrated a talent for exploration and predilection for charity. These are the very qualities our society was founded upon. In light of this accomplishment, we give you this gift.

—Tyrian Explorers Society","Приветствую,

Похоже, вы не только прошли Brisban Wildlands из конца в конец, но и помогали другим по пути. Вы проявили талант к исследованию и склонность к милосердию. Именно на этих качествах и было основано наше общество. В свете этого достижения мы вручаем вам этот подарок.

—Tyrian Explorers Society"
"Salutations,

Southsun Cove may be an island of rare natural wonders, but its unique fauna has proven challenging to explorer and settler alike. We salute your courage and willingness to venture into such an inhospitable territory.

Keep up the good work.

—Tyrian Explorers Society","Приветствую,

Southsun Cove, может, и остров редких природных чудес, но её своеобразная фауна оказалась испытанием и для исследователей, и для поселенцев. Мы приветствуем вашу отвагу и готовность отправиться в столь негостеприимные земли.

Так держать.

—Tyrian Explorers Society"
"Salutations,

Your efforts in the Forsaken Thicket are the stuff of legend. It has come to my attention that you have assembled a very remarkable set of armor, and I would like to offer my expertise to help improve it to make a truly legendary creation.

Find me in Lion's Arch.

—Giita","Приветствую,

Ваши труды в Покинутой Чаще — материал для легенд. До меня дошло, что вы собрали весьма примечательный комплект брони, и я хотела бы предложить своё мастерство, чтобы улучшить его и сотворить нечто поистине легендарное.

Найдите меня в Lion's Arch.

—Гита"
"Salutations, 

I am writing to thank you for lending a hand. It never fails to amaze me how helpful a perfect stranger can be in dark times. People like you are the true substance of the world. The weapons testing you did was a monumental help to me, and I'm sure you already realize how vital your work with the misfiring turrets was. I am grateful.

—Tactician Lyan","Приветствую,

Пишу, чтобы поблагодарить за протянутую руку помощи. Меня не перестаёт изумлять, насколько полезен может быть совершенно незнакомый человек в тёмные времена. Такие, как ты, — истинная суть этого мира. Испытания оружия, которые ты провёл, стали для меня огромным подспорьем, и, уверен, ты и сам понимаешь, насколько важна была твоя работа с давшими сбой турелями. Я признателен.

—Tactician Lyan"
"Salutations, favored test subject!

I have heard through the intercollegiate gossip data repositories that you are embarking on an entrepreneurial endeavor of your own. Of course, I wish to offer you all the best and my full support and would not wish to distract you for a moment!

HOWEVER, If you should need extra flasks of my world-renowned height-adjustment tonics, or any other mysterious curios that I have in stock but do not claim to personally be the originator, manufacturer, or legally liable entity of, don't hesitate to stop by my pop-up shop in Lion's Arch.

Just look for all the dogs! I'm right next to the big one!

—Professor Smoll","Приветствую, любимый подопытный!

Из межколлегиальных хранилищ сплетен я узнал, что вы затеваете собственное предпринимательское начинание. Разумеется, я желаю вам всяческих благ и полной поддержки и ни на миг не хотел бы вас отвлекать!

ОДНАКО, если вам понадобятся лишние флаконы моих всемирно известных тоников для изменения роста или любые другие загадочные диковины, что есть у меня в наличии, но происхождения, изготовления и юридической ответственности за которые я не признаю, не стесняйтесь заглянуть в мою временную лавку в Lion's Arch.

Просто ищите всех этих собак! Я прямо рядом с большой!

—Professor Smoll"
"Salutations, fellow wanderer,

I keep hearing reports of your bravery and skill. It's impressive. Your deeds in Shaemoor, at both the village and the garrison, are commendable. You are a credit to the art and craft of cartography. 

—Tyrian Explorers Society","Приветствую, собрат-странник,

Мне всё время докладывают о твоей храбрости и умении. Впечатляет. Твои дела в Шеймуре — и в деревне, и в гарнизоне — достойны похвалы. Ты делаешь честь искусству и ремеслу картографии.

—Tyrian Explorers Society"
"Sanctum Harbor:
Search the nest where the phoenix roosts.","Sanctum Harbor:
ищите в гнезде, где ночует феникс."
Sarene Sparvaunt,Sarene Sparvaunt
"Saturninus,  
  
We need to be more careful. I don't know if you noticed, but an old colleague of mine has been dispatched to Bava Nisos. Lutze is a tough nut to crack and has an eye for detail. Keep the shipments separate for now until we can find a better hiding place.  
  
Also, destroy this note, you great oaf.  
  
—H  
  
(You notice the familiar raven symbol at the bottom of the page.)","Сатурнин,  
  
Нам нужно быть осторожнее. Не знаю, заметил ли ты, но моего старого коллегу отправили в Бава-Нисос. Лютце — крепкий орешек и внимателен к деталям. Пока держи поставки раздельно, пока мы не найдём лучшее укрытие.  
  
И уничтожь эту записку, болван.  
  
— Х  
  
(Вы замечаете знакомый символ ворона внизу страницы.)"
"Savant,

Rata Sum's abuzz with rumors that a spontaneous bazaar is happening. It's said to be a petri dish of unknowns just waiting to be studied. I'm assigning you to the task, %str1%. Start by heading to Lion's Arch. There you'll find Captain Magnus in the Main Haven Headquarters in Fort Marriner. Magnus is reportedly briefing adventurers about the bazaar. I'll leave the rest in your capable hands.

—Zojja","Савант,

В Рата Суме ходят слухи, что происходит спонтанный базар. Говорят, это чашка Петри неизвестного, ожидающая изучения. Я поручаю это задание тебе, %str1%. Начни с отправки в Lion's Arch. Там ты найдёшь капитана Магнуса в штабе Главной Гавани в Форте Марринер. Магнус, как сообщается, инструктирует искателей приключений о базаре. Остальное я оставляю в твоих умелых руках.

— Зойя"
"Save 20%% when you buy these items together.

These two reusable toys each grant a held bundle and unique skill bar of themed noncombat abilities.","Сэкономьте 20%% при покупке этих предметов вместе.

Эти две многоразовые игрушки каждая дают удерживаемый набор и уникальную панель навыков с тематическими небоевыми способностями."
Savor Foulnight,Savor Foulnight
"Scales...
Claws...
Wings...
Crown.","Чешуя...
Когти...
Крылья...
Корона."
"Scenario: Enemy Occupation of Amnytas  
  
Response Op Designation: Hapless Ladder  
  
Sacrificial ambush stratagem in which enemies are allowed to occupy Amnytas via a staged surrender. Once occupied, all structures are scuttled on the surface of Tyria.  
  
Primary risk factor(s): Results in the complete destruction of Amnytas, the Astral Ward, and the Tyrian impact zone.  
  
Comment: No. And who comes up with these names? —Galrath","Сценарий: Вражеская оккупация Амнитаса  
  
Обозначение операции: Несчастная Лестница  
  
Стратегия жертвенной засады, при которой врагам позволяют занять Амнитас через инсценированную капитуляцию. После оккупации все сооружения уничтожаются на поверхности Тирии.  
  
Основной фактор(ы) риска: Приводит к полному уничтожению Амнитаса, Astral Ward и зоны поражения Тирии.  
  
Комментарий: Нет. И кто придумывает эти названия? —Галрат"
"Scenario: Possession-Enhanced Intelligence Gathering  
  
Response Op Designation: Rude Virus  
  
Counterintelligence initiative allowing Kryptis possession of Astral Ward members to disseminate misinformation to enemy strategists and create tactically favorable combat scenarios.  
  
Primary risk factor(s): Participation involuntary—ineffective if subject has awareness of purposeful possession; possible full Kryptis possession and/or death of ward subject.  
  
Comment: Risky. And morally gray. At best. Further research needed. —Isgarren","Сценарий: Сбор разведданных с помощью одержимости  
  
Обозначение операции: Грубый Вирус  
  
Контрразведывательная инициатива, позволяющая криптидам овладевать членами Astral Ward для распространения дезинформации среди вражеских стратегов и создания тактически выгодных боевых сценариев.  
  
Основной фактор(ы) риска: Участие недобровольное — неэффективно, если субъект осознаёт целенаправленную одержимость; возможна полная одержимость криптидом и/или смерть субъекта Дозора.  
  
Комментарий: Рискованно. И морально серо. В лучшем случае. Требуется дальнейшее исследование. —Исгаррен"
"Schließt den Lachszug ab, der an der Küste beim Dorf beginnt.","Завершите лабиринт, начинающийся у деревни на побережье."
"Schließt die Sammlung ""Geschichten der Tiefland-Irrlichter"" ab, um dieses Mini zu erhalten.","Schließt die Sammlung ""Geschichten der Tiefland-Irrlichter"" ab, um dieses Mini zu erhalten."
Schweberochen-Slalom,Слалом среди скатов-мант
"Search for evidence of a secret hideout.

Evidence Discovered","Ищите улики, указывающие на тайное убежище.

Улики найдены"
"Seasonal. For sale only during the Halloween season.
This full witches outfit can be toggled to replace the appearance of your current armor. 
Also includes an enchanted broom bundle item with five fun, nonlethal costume skills!

Includes Summon Cauldron and Ride Broom Skills.","Сезонное. Продаётся только в сезон Хэллоуина.
Этот полный костюм ведьмы можно переключать, заменяя внешний вид вашей текущей брони.
Также включает предмет-набор «Зачарованная метла» с пятью забавными, нелетальными костюмными умениями!

Включает умения «Призвать котёл» и «Полёт на метле»."
Secretos oscurecidos,Скрытые секреты
"Seraph's Landing is still under siege, but the soldiers and citizens have witnessed what it means to be a true hero. Because of your valor, they're rising to every challenge with a new confidence. I doubt I'll ever be able to repay you, but you have my thanks.

—Lieutenant Pickins","Приземление Серафимов всё ещё в осаде, но солдаты и граждане стали свидетелями того, что значит быть настоящим героем. Благодаря вашей доблести они встречают каждую трудность с новой уверенностью. Сомневаюсь, что когда-нибудь смогу отплатить вам, но вы заслуживаете моей благодарности.

—Lieutenant Pickins"
Server-Zeit,Время сервера
"Sharkmaw Cavern:
Don't get skewered hunting this karka kabob.","Пещера Акульей Пасти:
Не дайте себя проткнуть, охотясь на эту карка-кебаб."
"Sharkmaw Cavern:
Search the spray above the bones.","Пещера Акульей Пасти:
Ищите брызги над костями."
"Shinota Shore was named for the tengu priestess who blocked the Ministry of Purity from entering Jaya Bluffs, allowing countless tengu and other refugees to flee to the west. Her memory lives in the waves.

This plaque was placed by the Ministry of Archives to improve education efforts following the collapse of the Ministry of Purity.","Берег Шиноты был назван в честь жрицы тенгу, которая преградила путь Ministry of Purity в утёсы Джая, позволив бесчисленным тенгу и другим беженцам бежать на запад. Её память живёт в волнах.

Эта табличка была установлена Архивным министерством для улучшения образовательных усилий после краха Ministry of Purity."
"Site Name: TBD  
 
Location: East of Gyala Hatchery site  
 
Viability: High  
 
Pros: Partially excavated previously, but long abandoned. Exposed rich deposits remain. Previous dig attempt(s) appear Luxon given the structural remains; possible salvage opportunities, though most appear to be corroded and/or irreparable. Jade readily accessible.  
 
Risks: Local fauna remarkably aggressive. Surveyors report possible air-quality issues—typical air filtration equipment may be required. Rail access inconvenient/convoluted but plausible—perhaps this is positive if avoiding regulatory scrutiny is preferred?","Название сайта: будет определено позже.
 
Местоположение: к востоку от места расположения Гиальской фермы.
 
Эффективность: высокая.
 
Плюсы: Часть раскопок уже проводилась в прошлом, но место было заброшено. Здесь сохранились богатые залежи. Судя по остаткам конструкций, предыдущие попытки раскопок могли быть предприняты люксонами; возможно, удастся что-то спасти, хотя большая часть, похоже, повреждена коррозией или не подлежит восстановлению. К яшме можно легко добраться.
 
Риски: Местная фауна отличается необычайной агрессивностью. По данным геологов, возможно наличие проблем с качеством воздуха — может потребоваться стандартное оборудование для фильтрации воздуха. Доступ по железной дороге затруднен и сложен, но возможен — возможно, это даже плюс, если предпочтительнее избегать пристального внимания регулирующих органов?"
"Smells good enough to eat.,
This item only has value as part of the Missing Brood collection.","Пахнет так, что хочется съесть.,
Этот предмет имеет ценность только как часть коллекции «Missing Brood»."
"Snaff Savant,

Just in case the name doesn't perk your ears, I'm Ludo of the Arcane Council. Met a few times.

I'll keep this snappy. Wherever you've been vacationing these past few months, I doubt our little demon problem let you rest for very long. Alchemy, I've still got to file a few reports on the Rata Sum attack myself... One heck of a nasty day; probably our worst since Primordus. But what can I say? It happened. At least those things only show up every other week now, and in far fewer numbers than when the attacks first started. Plus, some good came of that mess. That's why I'm writing.

How I made the list, I've got no hypothesis, but a couple of our world leaders started talking about our shared demon infestation. Especially after the Elder Dragons, everyone's a little eager to cut down any new threat while it's still in a preliminary education program.

Meet with me. Let's talk about the Tyrian Alliance and your place in it.

—Councillor Ludo","Snaff Savant,

На случай, если имя не навострило уши, я — Людо из Магического совета. Встречались пару раз.

Буду краток. Где бы вы ни отдыхали последние несколько месяцев, сомневаюсь, что наша маленькая проблема с демонами дала вам долго расслабляться. Алхимия, мне самому ещё нужно подать несколько отчётов об атаке на Rata Sum... Тот ещё был денёк; возможно, худший со времён Примордуса. Но что я могу сказать? Это случилось. По крайней мере, теперь эти твари появляются лишь раз в две недели, и в гораздо меньших количествах, чем когда атаки только начались. Плюс, из этого хаоса вышло кое-что хорошее. Именно поэтому я пишу.

Как я попал в список, понятия не имею, но несколько наших мировых лидеров начали обсуждать общую проблему демонов. Особенно после Старших Драконов, все немного с готовностью относятся к подавлению любой новой угрозы, пока она ещё на начальной стадии.

Встретьтесь со мной. Давайте поговорим о Tyrian Alliance и вашем месте в нём.

— Советник Людо"
"Soldier,

I find it hard to believe that the ""Bazaar of the Four Winds"" exists, but all my sources say it's real. I need someone to confirm their reports. That means you.

Head to Lion's Arch and find Captain Magnus the Bloody-Handed. He's holed up at the Main Haven Headquarters in Fort Marriner. Magnus claims to have fresh intel, so follow his directions.

—Rytlock","Солдат,

Мне трудно поверить, что «Базар четырёх ветров» существует, но все мои источники говорят, что это реально. Мне нужно, чтобы кто-то подтвердил их доклады. Это значит ты.

Отправляйся в Lion's Arch и найди капитана Магнуса Кровавую Руку. Он засел в штабе Главной Гавани в форте Марринер. Магнус утверждает, что у него свежие разведданные, так что следуй его указаниям.

—Райтлок"
"Some days I can tolerate Isgarren's mental games, and others... I. Can. Not. Ever since Sorrow's sudden departure, my patience with him has lessened. I can't help but think that he pushed her away from us, but... I must remind myself to breathe. Lyhr's presence has been a boon on this front. He is always there to cool my ever-boiling blood. After all, I am now a leader of this...place. I need to—per Lyhr's encouragement—""behave.""  
  
Some of the newer recruits are unsettled by our appearances. Lyhr usually gets a delighted response, given that he isn't made of stone, but Isgarren, Mabon, and I are usually met with fear. Mabon chose to hide his wings to lessen the dire presence of a mursaat, and Isgarren has taken on a blue complexion, hoping that he may be mistaken for a djinn, but I... Why is it that the presence of a jotun—and a woman at that—is so shocking? I realize that my people are different now than they were when I was rescued those many years ago, but... For Isgarren to ask me to hide myself? To change myself? No. I could've killed him on the spot, but I knew I'd be dead before the thought finished. Or worse.  
  
Days like today make me want to drop everything and find her. Waiting Sorrow. I...should be angry, but she was always a warm voice in the swirling, terrifying expanse of the cosmos. I realize that she broke about every rule in the book by leaving with her powers intact, but I will always wonder why...  
  
I will always miss her.","В некоторые дни я терплю умственные игры Исгаррена, а в другие... Я. Не. Могу. С тех пор как Сорроу внезапно ушла, мое терпение к нему поубавилось. Я не могу не думать, что он оттолкнул её от нас, но... Я должен напоминать себе дышать. Присутствие Лайра стало благом в этом отношении. Он всегда рядом, чтобы охладить мою вечно кипящую кровь. В конце концов, я теперь лидер этого... места. Мне нужно — по настоянию Лайра — «вести себя прилично».  
  
Некоторые из новобранцев обеспокоены нашей внешностью. Лайр обычно вызывает восторженную реакцию, учитывая, что он не из камня, но Исгаррен, Мабон и я обычно встречаем страх. Мабон решил спрятать свои крылья, чтобы уменьшить грозное присутствие мурсаата, а Исгаррен принял синий оттенок кожи, надеясь, что его примут за джинна, но я... Почему присутствие йотуна — и к тому же женщины — так шокирует? Я понимаю, что мой народ теперь отличается от того, каким он был, когда меня спасли много лет назад, но... Чтобы Исгаррен просил меня прятаться? Изменить себя? Нет. Я могла бы убить его на месте, но знала, что умру, не успев додумать эту мысль. Или хуже.  
  
Такие дни, как сегодня, заставляют меня бросить все и найти её. Ждущую Скорбь. Я... должна злиться, но она всегда была тёплым голосом в бурлящем, ужасающем просторе космоса. Я понимаю, что она нарушила почти все правила, уйдя с сохраненными силами, но я всегда буду задаваться вопросом, почему...  
  
Я всегда буду скучать по ней."
"Speak with %num2% scouts in Queensdale, Metrica Province, Caledon Forest, Wayfarer Foothills, or the Plains of Ashford to discover more about the local area.

<c=@reminder>Scouts appear with a spyglass icon on your map. They can point you toward nearby goals and landmarks when you speak to them.</c>","Поговорите с %num2% разведчиками в Квинсдейле, Metrica Province, Caledon Forest, Холмах Путника или на Plains of Ashford, чтобы узнать больше о местности.

<c=@reminder> Разведчики отображаются на вашей карте значком подзорной трубы. Они могут указать вам ближайшие цели и достопримечательности, если вы с ними поговорите.</c>"
"Spend hero points to train a skill.

<c=@reminder>Skills can be learned in the Training tab of the Hero panel by spending hero points. </c>","Потратьте очки героя, чтобы улучшить навык.

<c=@reminder>Навыки можно изучать на вкладке «Обучение» панели героя, тратя очки героя. </c>"
"Stats only apply in WvW:
+10%% Outgoing Healing
+100 Healing Power
+70 Concentration
+10%% Karma
+5%% All Experience Gained
+20%% Magic Find
+20%% Gold Find
+10%% WXP Gained","Характеристики действуют только в WvW:
+10%% Исходящее исцеление
+100 Сила исцеления
+70 Концентрация
+10%% Карма
+5%% Весь получаемый опыт
+20%% Поиск магии
+20%% Поиск золота
+10%% Получаемый опыт WvW"
"Stats only apply in WvW:
-10%% Incoming Damage
+30 to All Attributes
+10%% Karma
+5%% All Experience Gained
+20%% Magic Find
+20%% Gold Find
+10%% WXP Gained","Статы действуют только в PvP:
-10%% входящего урона
+30 ко всем характеристикам
+10%% к карме
+5%% ко всему получаемому опыту
+20%% к шансу найти магические предметы
+20%% к шансу найти золото
+10%% к получаемому количеству очков опыта мира"
"Stats only apply in WvW:
-10%% Incoming Damage
+50 Power
+40 Ferocity
+10%% Karma
+5%% All Experience Gained
+20%% Magic Find
+20%% Gold Find
+10%% WXP Gained","Характеристики действуют только в PvP:
-10%% входящего урона
+50 силы
+40 ярости
+10%% кармы
+5%% ко всему получаемому опыту
+20%% шанса найти магические предметы
+20%% шанса найти золото
+10%% получаемого опыта мира"
"Stats only apply in WvW:
-10%% Incoming Damage
+60 Power
+50 Ferocity
+10%% Karma
+5%% All Experience Gained
+20%% Magic Find
+20%% Gold Find
+10%% WXP Gained","Характеристики действуют только в PvP-режиме «Захват территорий»:
-10%% входящего урона
+60 силы
+50 ярости
+10%% кармы
+5%% ко всему получаемому опыту
+20%% к шансу найти магические предметы
+20%% к шансу найти золото
+10%% к получаемому количеству очков опыта мира"
Sterbesakramente,Смертельные таинства
"Story Instance: Turnabout
It's raining cats and dogs out there.
Except the cats are Dominion ordnance, and the dogs are also Dominion ordnance.","Сюжетный инстанс: Неожиданный поворот
Там дождь льёт как из ведра.
Кроме того, кошки – это оружие Доминиона, и собаки тоже являются оружием Доминиона."
Sturm-Ortung,Обнаружение шторма
"Successfully complete a Convergence within Mount Balrior with challenge mode active and Decima chosen as the final boss to log your completion time.

Scoring is based on completion time under or equal to target time.","Успешно завершите Схождение в горе Балриор с активным режимом испытания и Децимой, выбранной в качестве финального босса, чтобы записать время завершения.

Оценка основывается на времени завершения, равном или меньшем целевого времени."
Suministros sorpresa,Сюрпризные припасы
"Summon a rocket-powered golem to land on your downed foes and finish them off.   

This works in WvW and PvP.
This is a permanent account unlock.","Призвать гонима ракетой голема, чтобы приземлиться на поверженных врагов и добить их.   

Работает в WvW и PvP.
Это постоянная разблокировка учётной записи."
Superioridad aérea,Превосходство в воздухе
Supervivencia a estampidas,Выживание в условиях массового бегства
"Surprisingly,' newborn skimmer pups don''t need any parental care after birth.
Combine 1 Blue and 2 Green Mini Skimmer Pups with 4 Unidentified Dyes in the Mystic Forge to create a Mini Orange Skimmer Pup.
Combine 1 Orange and 2 Blue Mini Skimmer Pups with 4 Unidentified Dyes in the Mystic Forge to create a Mini Purple Skimmer Pup.'","Как ни странно, новорождённые детёныши ската не нуждаются в родительской заботе после рождения.
Соедините 1 синего и 2 зелёных мини-детёныша ската с 4 неопознанными красками в Mystic Forge, чтобы создать мини-оранжевого детёныша ската.
Соедините 1 оранжевого и 2 синих мини-детёныша ската с 4 неопознанными красками в Mystic Forge, чтобы создать мини-фиолетового детёныша ската."
"TO: ALL R.P.L. PERSONNEL  
RE: NEW QUARANTINE POLICY

Dear Valued Coworkers,

As you might know, Rata Primus has recently acquired a sample of REDACTED during our latest excursion into REDACTED. As this is a particularly virulent REDACTED with a history of spreading uncontrollably, Rata Primus Security has instituted a series of changes to our standard quarantine protocols.

Due to the sensitive nature of REDACTED, R.P.L.'s Golemancy Division has commenced construction on a new fleet of golems to handle all future security and quarantine protocols. 

When you see one, do not say hello or attempt polite conversation. They will only respond to a certified R.P.L. Security Officer.

And remember: we care!","КОМУ: ВСЕМУ ПЕРСОНАЛУ R.P.L.
ТЕМА: НОВАЯ ПОЛИТИКА КАРАНТИНА

Дорогие ценные коллеги,

Как вам, возможно, известно, Rata Primus недавно приобрёл образец ВЫМАРАНО во время нашей последней вылазки в ВЫМАРАНО. Поскольку это особо вирулентный ВЫМАРАНО с историей неконтролируемого распространения, служба безопасности Rata Primus ввела ряд изменений в наши стандартные протоколы карантина.

Ввиду деликатной природы ВЫМАРАНО Отдел Големансии R.P.L. приступил к постройке нового флота големов для выполнения всех будущих протоколов безопасности и карантина.

Увидев одного из них, не здоровайтесь и не пытайтесь завести вежливую беседу. Они откликнутся лишь на сертифицированного офицера безопасности R.P.L.

И помните: мы заботимся о вас!"
"Teinture[pl:""Teintures""] pardon",Эссенция прощения
"Ten years ago, the launch of Guild Wars 2 opened a new window into the world of Tyria. Three expansions, five seasons of Living World releases, and countless updates later, we're still inspired by the dedication of the game's fans.

To commemorate this anniversary for new and veteran players alike, we've added a series of new achievements taking you across the game to earn Proofs of Legend, which you can trade for the new Decade armor set. If you're busy this week, no need to worry—these achievements and the armor set will be available permanently. Characters who are turning ten themselves will also be receiving an extra Proof of Legend to kickstart their collection—if you have extras, you can trade them for some treats to share with your friends.

It's an honor to share this world with you. Thanks for playing, and here's to many more years of adventuring in Tyria!

—ArenaNet","Десять лет назад запуск Guild Wars 2 открыл новое окно в мир Тирии. Три дополнения, пять сезонов «Живого мира» и бесчисленные обновления спустя нас по-прежнему вдохновляет преданность фанатов игры.

Чтобы отметить эту годовщину как для новых, так и для опытных игроков, мы добавили серию новых достижений, которые проведут вас по игре, чтобы заработать Доказательства легенды, которые можно обменять на новый набор брони «Десятилетие». Если вы заняты на этой неделе, не волнуйтесь — эти достижения и набор брони будут доступны постоянно. Персонажи, которым исполняется десять лет, также получат дополнительное Доказательство легенды для начала коллекции — если у вас есть лишние, вы можете обменять их на угощения, которыми можно поделиться с друзьями.

Для нас честь разделять этот мир с вами. Спасибо за игру и за многие годы приключений в Тирии!

—ArenaNet"
"Terksli will randomly select from all of the shiny foil candy wrappers collected from players over the event's two weeks.

One wrapper will be selected for each item in Terksli's box, and that item will be mailed to the player who submitted the chosen wrapper.

The chances of receiving an item will depend on the total number of shiny foil candy wrappers submitted.","Терксли случайным образом выберет из всех блестящих фантиков от конфет, собранных у игроков за две недели мероприятия.

Один фантик будет выбран для каждого предмета в коробке Терксли, и этот предмет будет отправлен по почте игроку, приславшему выбранный фантик.

Шансы получить предмет будут зависеть от общего количества присланных блестящих фантиков от конфет."
"Thank you for assisting with our research, %str1%. It was refreshing to meet another brilliant mind. You remind me of myself when I was a progeny. Thanks to your help, I'm confident that if any krewe will solve the mystery behind the skritt intellect, it will be the Brill Alliance.

—Hrappa","Спасибо за помощь в наших исследованиях, %str1%. Было приятно встретить ещё один блестящий ум. Ты напоминаешь мне меня самого в бытность подмастерьем. Благодаря твоей помощи я уверен: если какая-то команда и разгадает тайну интеллекта скриттов, это будет Альянс Брилл.

—Храппа"
"Thank you for purchasing Guild Wars 2: End of Dragons—Ultimate.

Your 4,000 gems will be applied to your account within the next 72 hours.","Спасибо за покупку Guild Wars 2: Конец Драконов — Ultimate.

Ваши 4000 самоцветов будут начислены на учётную запись в течение следующих 72 часов."
"Thank you for purchasing Guild Wars 2: Heart of Thorns—Ultimate.

Your 4,000 gems will be applied to your account within the next 72 hours.","Спасибо за покупку Guild Wars 2: Heart of Thorns — Ultimate.

Ваши 4000 самоцветов будут начислены на учётную запись в течение следующих 72 часов."
"Thank you for your timely and much-needed help in clearing Lake Feritas. Had we been unable to restore the lake to its previous condition, surrendering it to the tar and drakes, our fisher folk would have had to abandon the area. 

I am certain that the Flame Legion would have moved in and occupied this territory, strengthening their tenuous hold on the region. Thanks to the efforts of you and the others, the lake will now remain in legion hands. 

—Strum Bassclash","Спасибо за своевременную и очень нужную помощь в очистке озера Феритас. Если бы мы не смогли восстановить озеро до прежнего состояния, сдав его смоле и драконам, нашим рыбакам пришлось бы покинуть эту местность.

Я уверен, что Flame Legion вторгся бы и занял эту территорию, укрепив свою шаткую власть в регионе. Благодаря вашим усилиям и усилиям других, озеро теперь останется в руках легиона.

—Струм Бассклаш"
"Thanks for your help at Rata Pten, %str1%. Our excavations are moving along quickly with less hostiles in the area, and the improved working conditions. We could always use another hand, so stop by anytime. Good travels.

—Explorer Cryptcutter","Спасибо за помощь в Rata Pten, %str1%. Наши раскопки продвигаются быстро благодаря меньшему числу врагов в округе и улучшенным условиям труда. Нам всегда пригодится ещё одна пара рук, так что заглядывай в любое время. Удачи в пути.

—Изыскатель Криптрез"
"Thanks for your help with our dredge and grawl problem. I'm hopeful that the wildlife will return to these forests and we can begin our hunting again. I believe that someone with your skills could be of great help to Guardian Renton of the Alliance, down in the southwestern area of Fisher's Eye. Make haste. 
—Benedikt","Спасибо за помощь с нашей проблемой из дреджей и граулов. Надеюсь, дикая природа вернётся в эти леса, и мы сможем снова начать охоту. Полагаю, кто-то с твоими навыками мог бы сильно помочь Стражу Рентону из Альянса, в юго-западной части Рыбачьего Глаза. Поспеши.
—Бенедикт"
"Thanks to you, we've learned a great deal about the mysteries of the Godslost Swamp. Your explorer spirit reminds me of myself. As fascinating as the swamp may be, there are untold numbers of secrets to discover. They're waiting for you. 

Now, go and find them! 

—Historian Garrod","Благодаря тебе мы узнали очень многое о тайнах Богопропащего Болота. Твой исследовательский дух напоминает мне меня самого. Каким бы увлекательным ни было болото, там ещё несметное количество тайн, которые предстоит раскрыть. Они ждут тебя.

Так иди и найди их!

—Historian Garrod"
"Thanks to your help at the armory, we'll soon be ready to fire the ol' place up. If you hadn't taken care of those mortar shells and pesky Flame Legion rogues, it might've been forever before we could get back into the arms business.

I know you must be tired from all the fighting at the front, but the way you stepped up and pitched in for the war effort here was commendable.

You're a credit to the legions.

—Crucibis Forgeweld","Благодаря твоей помощи в оружейной мы скоро будем готовы снова запустить это место. Если бы ты не разобрался с теми минометными снарядами и назойливыми разбойниками Flame Legion, нам бы никогда не вернуться к оружейному делу.

Знаю, ты, должно быть, устал от всех этих боёв на передовой, но то, как ты взялся за дело и поддержал наши военные усилия здесь, достойно похвалы.

Ты делаешь честь легионам.

—Круцибис Кузнечная Сварка"
"The Dragon's Reach,
Part 1","Дотянуться до дракона,
Часть 1"
"The Jaya Bluffs were once home to the Sensali tengu, who largely fled to Tyria following the rise of the Ministry of Purity.

This plaque was placed by the Ministry of Archives to improve education efforts following the collapse of the Ministry of Purity.","Утесы Джайя когда-то были домом для сенсали тенгу, которые в основном бежали в Тирию после возвышения Ministry of Purity.

Эта табличка была установлена Министерством Архивов для улучшения образовательных усилий после краха Ministry of Purity."
"The Orrian sculptor Malchor is understood to have designed the statues of the human pantheon found in most sites of worship, although evidence suggests Grenth's representation may have been the work of an anonymous later artist. Only Dwayna's statues were significantly transformed by Zhaitan's corruption; one possible explanation is that Malchor's spirit—which has unusual influence over the statues near his place of death—might have provided a conduit.  
  
Zhaitan's emotional motivations remain impenetrable, but it may also have chosen to single out symbols of life worship for corruption, much as it warped the religious beliefs of Risen temple leaders.","Оррианский скульптор Малхор, как считается, создал статуи человеческого пантеона, которые можно найти в большинстве мест поклонения, хотя есть свидетельства, что изображение Грента могло быть работой анонимного более позднего художника. Только статуи Двайны были значительно изменены порчей Зайтана; одно из возможных объяснений — что дух Малхора, обладающий необычным влиянием на статуи вблизи места его смерти, мог послужить проводником.  
  
Эмоциональные мотивы Зайтана остаются непостижимыми, но он также мог выбрать для порчи символы поклонения жизни, подобно тому как он исказил религиозные верования лидеров храмов Восставших."
"The Snaff Prize competition is underway—the most presitgious title an inventor can earn—so where are you? The College of Statics is counting on us, and we can't demonstrate the mind-blowing genius of our Very Old Energy Detector if you're not with us to hold up your end. We're a krewe, a team, and each krewe member has a part to play. Get your ears over to the parade grounds near Obscura Incline, on the double!
—Pokka, Genius","Конкурс на премию Снаффа в самом разгаре — самый престижный титул, который может получить изобретатель — так где же вы? Колледж Статики рассчитывает на нас, и мы не сможем продемонстрировать умопомрачительный гений нашего Детектора Очень Старой Энергии, если вы не будете с нами, чтобы выполнить свою часть. Мы — крей, команда, и у каждого члена крея есть своя роль. Живо тащите свои уши на плац рядом с Обскурой Инклин, бегом!
—Покка, Гений"
"The War Eternal Supply Drop
Use this to sign your account up for weekly War Eternal Supply Drops. Receive the first immediately and three more between now and May 21.

First Drop:
Exotic Breeds Mount Select License, a choice of one Desert Racer, Distant Lands, or Istani Isles mount select license or an Exotic Breeds Mount Adoption License, the Elonian Adversaries Dye Pack, and one Mini Green Raptor Hatchling, Mini Yellow Jackal Pup, Mini Red Griffon Hatchling, Mini Brown Springer Kit, and Mini Blue Skimmer Pup.
Second Drop:
Black Lion Outfit Voucher, Onyx and Gold Lion Weapon Choice, and 2 Black Lion Miniature Claim Tickets.
Third Drop:
Black Lion Backpack and Glider Voucher, Communal Boost Bonfire, 2 Heroic Boosters, 5 Black Lion Statuettes.
Fourth Drop:
Branded Weapon Select Box, 2 Guaranteed Wardrobe Unlocks, 5 Black Lion Chest Keys.","Еженедельная поставка «Вечной войны»
Используйте это, чтобы подписаться на еженедельную рассылку «Вечной войны». Получите первую поставку немедленно и ещё три до 21 мая.

Первая поставка:
Лицензия на выбор экзотического ездового животного (на выбор: одна из лицензий на Desert Racer, Distant Lands или Istani Isles) или лицензия на усыновление экзотических животных, набор красок «Элонийские противники» и один мини-зелёный раптор, мини-жёлтый шакал, мини-красный грифон, мини-коричневый спрингер и мини-голубой скат.
Вторая поставка:
Купон на комплект снаряжения Black Lion, оружие «Оникс и золото» (на выбор) и 2 билета на получение миниатюр Black Lion.
Третья поставка:
Купон на рюкзак и планирующий костюм Black Lion, общественный костёр усиления, 2 героических усилителя, 5 статуэток Black Lion.
Четвёртая поставка:
Коробка с выбором брендированного оружия, 2 гарантированные разблокировки предметов гардероба, 5 ключей от Black Lion Chest."
"The backpack of a Durmand Priory leader.
<c=@flavor>""In my short life, you've taught me the most important lesson: Friends will go through anything for each other.""</c> 
—Magister Sieran, Durmand Priory","Рюкзак лидера Durmand Priory.
<c=@flavor>«За свою короткую жизнь ты научил меня самому важному уроку: друзья пройдут через всё ради друг друга»</c>. 
—Магистр Сиеран, Durmand Priory"
"The barest wisp of Mist-shrouded cloth.
It is immediately consumed by your Prototype Harmonizing Mist Loom.","Тончайший клочок ткани, окутанной Туманной дымкой.
Он немедленно поглощается вашим Прототипом гармонизирующего туманного ткацкого станка."
"The edge of this tooth seems sharp enough to cut diamond. It seems to have come from the Realm of Torment.

This item only has value as part of a collection.","Край этого зуба кажется достаточно острым, чтобы рассечь алмаз. Похоже, он пришёл из Царства Страданий.

Этот предмет имеет ценность только как часть коллекции."
"The finer details have been worn away from centuries in the sand.

This item only has value as part of a collection.","Мельчайшие детали стёрлись под воздействием веков, проведённых в песках.

Этот предмет ценен только как часть коллекции."
"The lowland kodan empower you! Each stack awards additive bonuses while in Janthir.

1 Stack: +10%% Experience
2 Stacks: +10%% Karma
3 Stacks: +10%% Gold
4 Stacks: Gain additional unique map material from kodan caches
5 Stacks: Gain fury when directly striking an enemy with the warclaw's dismount attack
6 Stacks: Gain additional collectable coins from kodan caches
7 Stacks: +5%% Damage vs. titanspawn","Низменные кодан даруют вам силу! Каждый стак даёт дополнительные бонусы, пока вы находитесь в Джантуре.

1 стак: +10%% опыта
2 стака: +10%% кармы
3 стака: +10%% золота
4 стака: получение дополнительных уникальных материалов из тайников кодан
5 стаков: получение ярости при прямом нанесении удара врагу атакой «сброс с боевого когтя»
6 стаков: получение дополнительных коллекционных монет из тайников кодан
7 стаков: +5%% урона против титанов"
"The unlocked coffer contains rift essence of various tiers.
Double-click to open.","Открытый сундук содержит эфир разломов различных уровней.
Дважды щёлкните, чтобы открыть."
"This achievement will unlock additional Incursive Investigation achievements when certain steps are reached.
During the Fractal Incursion event, some steps of this achievement will be unlocked week by week. Afterward, there will be no limit on it.","Это достижение откроет дополнительные достижения «Вторжения в шрамы», когда будут выполнены определенные шаги.
Во время события Нашествия осколков некоторые шаги этого достижения будут открываться неделя за неделей. После этого ограничений не будет."
"This adds a Black Lion Expedition Board to your home instance, which can be used to collect exotic resources from across Tyria.
Expedition options include the following:
• Shipwreck Strand
• Starlit Weald","Это добавляет доску экспедиций «Black Lion» в ваш домашний экземпляр, которую можно использовать для сбора экзотических ресурсов по всей Тирии.
Варианты экспедиций включают следующее:
• Берег Кораблекрушений
• Звёздная Пуща"
"This compendium of Orrian sorcery has somehow become a piece of Jahai's history.

This item only has value as part of a collection.","Этот сборник оррианского колдовства каким-то образом стал частью истории Джахаи.

Этот предмет имеет ценность только как часть коллекции."
"This full set of light armor skins can replace the appearance of light armor pieces, once per slot. The skins will also be unlocked in your account wardrobe.

Skins have no stats of their own.
Can only be used by characters who wear light armor.","Этот полный набор обликов для лёгкой брони может заменять внешний вид элементов лёгкой брони, по одному на слот. Облики также будут разблокированы в вашем гардеробе.

Облики сами по себе не дают бонусов к характеристикам.
Могут использоваться только персонажами, носящими лёгкую броню."
"This full set of medium armor skins can replace the appearance of medium armor pieces, once per slot. The skins will also be unlocked in your account wardrobe.

Skins have no stats of their own.
Can only be used by characters who wear medium armor.","Этот полный набор обликов для средней брони может заменять внешний вид элементов средней брони, по одному на слот. Облики также будут разблокированы в вашем гардеробе.

Облики сами по себе не дают бонусов к характеристикам.
Могут использоваться только персонажами, носящими среднюю броню."
"This furry companion may seem cute now, but one day it will grow into a fearsome predator.
Combine a Gray Tigris Cub and 2 Orange Tigris Cubs with 2 Unidentified Dyes in the Mystic Forge to create a Mini White Tigris Cub.
Combine 3 Gray Tigris Cubs with 5 Unidentified Dyes in the Mystic Forge to create a Mini Pink Tigris Cub.","Этот пушистый питомец может показаться милым сейчас, но однажды он вырастет и станет грозным хищником.
Соедините серого тигренка и 2 оранжевых тигренка с 2 неопознанными красками в Mystic Forge, чтобы создать миниатюрного белого тигренка.
Соедините 3 серых тигренка с 5 неопознанными красками в Mystic Forge, чтобы создать миниатюрного розового тигренка."
"This furry companion may seem cute now, but one day it will grow into a fearsome predator.
Combine a White Tigris Cub, a Gray Tigris Cub, and an Orange Tigris Cub with 5 Unidentified Dyes in the Mystic Forge to create a Mini Blue Tigris Cub.","Этот пушистый питомец может показаться милым сейчас, но однажды он вырастет и превратится в грозного хищника.
Соедините белого тигренка, серого тигренка и оранжевого тигренка с 5 неизвестными красками в Mystic Forge, чтобы создать мини-тигренка голубого цвета."
"This item has no value outside of a collection and can freely be sold to merchants.
<c=@Flavor>The Sunspear banner remains a symbol of heroism and unity.</c>","Этот предмет не имеет ценности вне коллекции и может быть свободно продан торговцам.
<c=@Flavor>Знамя Копьёносцев остаётся символом героизма и единства.</c>"
"This item has no value outside of a collection and may be sold to vendors.

<c=@Flavor>The Primeval gardens were full of rare flowers. An entire priesthood was devoted to finding and naming them.</c>","Этот предмет не имеет ценности вне коллекции и может быть продан торговцам.

<c=@Flavor>В садах Первобытного мира росло множество редких цветов. Целое жречество было посвящено их поиску и наименованию.</c>"
"This item has no value outside of a collection and may be sold to vendors.

<c=@Flavor>This wood, harvested from the mountains of the Desert Highlands, was difficult to obtain but in high demand to support the industry and navy of the early Primeval empire.</c>","Этот предмет не имеет ценности вне коллекции и может быть продан торговцам.

<c=@Flavor>Эта древесина, добытая в горах Пустынных Нагорий, была труднодоступна, но пользовалась большим спросом для поддержки промышленности и флота ранней Первобытной империи.</c>"
"This locked coffer contains rift essence of various tiers. It requires an Unstable Rift Motivation to open.

Unstable Rift Motivations can be found in tier 2 and 3 rifts or bought from the Trading Post.","Этот запертый ларец содержит эссенцию разлома различных уровней. Чтобы открыть его, нужен нестабильный мотиватор разлома.

Нестабильные мотивации разлома можно найти в разломах 2 и 3 уровня или купить на Торговой площадке."
"This package contains cooking and artificing recipes that require ingredients from plants that can only be grown in your home garden.
Double-click to open.","Этот набор содержит рецепты кулинарии и алхимии, требующие ингредиенты из растений, которые можно выращивать только в вашем домашнем саду.
Дважды щёлкните, чтобы открыть."
"This seems to be the cog that Collector Terksli told you to take to Rikka, who's hiding in Rata Sum. If you had a cleaning rag, you could probably clean it.

Double-click to clean.","Похоже, это та шестерёнка, которую коллекционер Терксли просил вас отнести Рикке, которая прячется в Rata Sum. Если бы у вас была тряпка для чистки, вы могли бы её почистить.

Дважды щёлкните, чтобы очистить."
"This speargun will not display emblem if you are not representing this guild.
Double-click to imbue another speargun's stats into this appearance (one-time ability).","Это гарпунное ружьё не будет отображать инсигнию, если вы не представляете эту гильдию.
Дважды щёлкните, чтобы вживить в этот облик характеристики другого гарпунного ружья (одноразовое действие)."
"This title can be purchased from Shiny King M'takk in Hooligan's Route in Lion's Arch if you meet the requirements. 

Surely it must be an official title if a self-proclaimed skritt king gives it to you, right?","Этот титул можно приобрести у Блестящего короля М’такка в районе «Улица хулиганов» в Lion's Arch, если вы соответствуете требованиям.

В конце концов, это должно быть официальное звание, если его дарит самопровозглашенный король скриттов, верно?"
"This will replace the appearance of any helm of any weight class and unlock the skin in your account wardrobe. 

This helm skin has no stats of its own.","Это заменит вид одной ножной брони любого класса и разблокирует облик в гардеробе вашей учётной записи.

Собственных характеристик у этого облика штанов нет."
"This will replace the appearance of one back item of any weight class and unlock the skin in your account wardrobe.
<c=@flavor>The Ascalon Vanguard fought and died with honor defending their people.</c>

This back item skin has no stats of its own.","Это заменит облик одного предмета за спиной любого веса и добавит этот облик в ваш гардероб.
<c=@flavor>Аскалонский авангард сражался и пал с честью, защищая свой народ.</c>

Этот облик предмета за спиной не имеет собственных характеристик."
"This will replace the appearance of one back-slot item of any weight class and unlock the skin in your account wardrobe.
<c=@flavor>No rams were harmed in the making of this backpack.</c>","Это заменит внешний вид одного предмета для рюкзака любого типа и добавит его в ваш аккаунт, чтобы вы могли использовать этот облик.
<c=@flavor>При создании этого рюкзака ни один баран не пострадал.</c>"
"Through your effort to show your Angry Wintersday Gift why it's covered in bows and ribbons, it now has the real Wintersday spirit. Inside the gift was this bag, which it gave to you as thanks for helping others.

When you shake the bag, it sounds like it might have a glider skin in it.

Double-click to open.","Благодаря вашим стараниям показать всем, почему ваш Зимний подарок такой злой, он теперь пропитан настоящим духом Зимы. Внутри подарка оказался этот мешок, который он вам и подарил в благодарность за помощь другим.

Если потрясти мешок, кажется, что внутри лежит облик для дельтаплана.

Дважды щёлкните, чтобы открыть."
Tiefland-Brackwasserfisch,Тифландская солоноватоводная рыба
Todo enredado,Всё перепутано.
Tragt Frösche über den Fluss.,Перенесите лягушек через реку.
"Transmute %num2% item[s].

<c=@reminder>Transmutation expends transmutation charges to replace the skin of a piece of equipment with a different one from your account wardrobe. Transmutation charges can be found in daily reward chests, earned by completing maps, or purchased from the Gem Store.</c>","Преобразуйте %num2% предмет[|а|ов].

<c=@reminder>При трансмутации расходуются заряды трансмутации, чтобы заменить внешний вид предмета экипировки на другой из вашего гардероба. Заряды трансмутации можно найти в ежедневных сундуках с наградами, получить за прохождение карт или приобрести в игровом магазине за самоцветы.</c>"
"Travel using a waypoint.

<c=@reminder>Waypoints allow you to travel quickly around the world. They are unlocked by visiting them once. You can teleport to any unlocked waypoint for a small amount of coin.</c>","Перемещайтесь, используя точку телепортации.

<c=@reminder>Точки телепортации позволяют быстро перемещаться по миру. Они открываются после первого посещения. Вы можете мгновенно перенестись в любую открытую точку телепортации за небольшую плату.</c>"
"Two Adventures. One Price.<br>
Buy Path of Fire and Get Heart of Thorns FREE","Два приключения. Одна цена.<br>
Купите «Путь Огня» и получите «Heart of Thorns» в подарок!"
Tyrias Nationen kommen in einer historischen Begegnung zusammen.,Нации Тирии собираются на историческую встречу.
Tötet die wüste Fremden-Brut im Schroffen Oberland.,Убейте пустынное чужеродное отродье в Шроффен-Оберланде.
"Un tir chargé. Plus le temps de charge est long, plus les dégâts et la portée sont importants. Utilise 1 munition.","Заряженный выстрел. Чем дольше время заряда, тем больше урон и дальность. Расходует 1 боеприпас."
Ungewisse Zeiten,Неопределённые времена
"Unlimited use for two weeks.
Summons a Banker NPC to your location for 15 minutes.","Неограниченное использование в течение двух недель.
Призывает банкира к вам, и он останется здесь в течение 15 минут."
"Unlock %num2% pieces of the True Sight armor set by crafting them or purchasing them from the Trading Post and binding them to you.

Unlocking one weight's skin unlocks the other weights' skins.","Создайте или приобретите в торговом центре и привяжите к себе %num2% предмета экипировки из набора «Истинное зрение», чтобы открыть их.

Разблокировка одного вида раскраски разблокирует все остальные виды раскрасок для этого предмета."
"Unlock gobblers obtained from the Black Lion Trading Company. The Wizard's Gobbler uses this achievement to allow you to purchase their respective items.

You may have to travel to Lion's Arch with the item in your inventory to update progress.","Разблокируйте гоблинов, полученных в Чёрном торговом квартале. Волшебный гоблин использует это достижение, чтобы позволить вам приобретать соответствующие предметы.

Возможно, вам потребуется отправиться в Lion's Arch с этим предметом в инвентаре, чтобы обновить прогресс."
"Unpack a siege disrupter. This trick lowers outgoing damage and increases incoming damage of enemy siege equipment for 35 seconds, and it disables golems for 20 seconds. Costs 10 supply to deploy. Cannot be blocked.
Deployment Range: 1,200
Effect Radius: 300","Разверните осадный дезинтегратор. Эта уловка на 35 секунд снижает исходящий урон вражеских осадных орудий и повышает получаемый ими урон, а также отключает големов на 20 секунд. Развёртывание стоит 10 припасов. Нельзя заблокировать.
Дальность развёртывания: 1200
Радиус действия: 300"
"Unpack a target painter. This trick marks up to 50 enemy players in the area for 30 seconds. Costs 10 supply to deploy. Cannot be avoided.
Deployment Range: 1,200
Effect Radius: 360","Развернуть целеуказатель. Эта уловка отмечает до 50 вражеских игроков в области на 30 секунд. Стоит 10 единиц припасов для установки. Нельзя избежать.
Дальность установки: 1200
Радиус действия: 360"
"Usable by any character, this pack comes with everything a pirate captain needs to pillage
Appearance skins override the look of your equipment and have no stats of their own.","Может использоваться любым персонажем. Этот набор содержит всё, что нужно капитану пиратов для грабежа.
Облики внешности изменяют вид вашего снаряжения и не имеют собственных характеристик."
"Use this item to select your choice of key.

Select from Zephyrite Lockpicks, Bandit Skeleton Keys, Pact Crowbars, Exalted Keys, Vials of Chak Acid, Machetes, Trader's Keys, Ornate Rusted Keys, and Mistborn Keys.","Используйте этот предмет, чтобы выбрать ключ на ваш выбор.

Выберите из: отмычки зефиритов, скелетные ключи бандитов, ломики Пакта, возвышенные ключи, склянки с кислотой чак, мачете, ключи торговцев, изысканные ржавые ключи и ключи Туманнорождённых."
"Use this to sign your account up for weekly End of Dragons Launch Supply Drops. Receive the first drop immediately and three more between now and March 21.

First Drop:
A Red Crane Weapon Choice, 5 Black Lion Chest Keys, a Golden Black Lion Chest Key, and 5 <REDACTED> Dye Kits.
Second Drop:
A Black Lion Backpack and Glider Combo Voucher, an End of Dragons Expedition Board, and 2 Heroic Boosters.
Third Drop:
A Black Lion Outfit Voucher, a Black Lion Weapon Voucher, 2 Fine Black Lion Dye Canisters—Blue, 2 Fine Black Lion Dye Canisters—Green, 2 Fine Black Lion Dye Canisters—Red, and 2 Fine Black Lion Dye Canisters—Yellow.
Fourth Drop:
A Gold Essence Weapon Choice, 2 Guaranteed Wardrobe Unlocks, and 2 Black Lion Miniature Claim Tickets.","Подпишитесь на еженедельную рассылку с подарками в честь запуска дополнения Конца Драконов. Получите первый подарок сразу и ещё три до 21 марта.

Первый подарок:
Оружие на выбор из коллекции «Красный журавль», 5 ключей от сундуков Львиной марки, золотой ключ от сундука Львиной марки и 5 комплектов красок <REDACTED>.
Второй подарок:
Купон на рюкзак и планер Львиной марки, доска экспедиций Конца Драконов и 2 ускорителя героя.
Третий подарок:
Купон на комплект брони Львиной марки, купон на оружие Львиной марки, 2 банки с краской Львиной марки (синий цвет), 2 банки с краской Львиной марки (зелёный цвет), 2 банки с краской Львиной марки (красный цвет) и 2 банки с краской Львиной марки (жёлтый цвет).
Четвёртый подарок:
Оружие на выбор из золотой сущности, 2 гарантированных разблокировки предметов гардероба и 2 билета для получения миниатюр Львиной марки."
"Use to gain a Target Painter trap. This trap marks up to 50 enemies when activated. Costs 5 supply to deploy. Cannot be avoided.
Effect Radius: 1,200","Используйте, чтобы получить ловушку целеуказателя. Эта ловушка отмечает до 50 врагов при активации. Стоимость установки: 5 припасов. Нельзя избежать.
Радиус действия: 1200"
"Use your utility skills %num2% time[s].

<c=@reminder>Utility skills are unlocked from the training menu in the Hero panel after reaching level 11 by spending Hero points, and they are equipped to the three utility slots on the right side of the skill bar. </c>","Используйте свои вспомогательные умения %num2% [раз|раза|раз].

<c=@reminder>Вспомогательные умения открываются в меню обучения на панели героя после достижения 11-го уровня, за что нужно потратить очки героя. Они экипируются в три слота для вспомогательных умений справа от панели навыков. </c>"
"Used in the crafting of Janthir Wilds legendary items.

Purchased from Lowland Shore Renown Heart vendors, or purchased from the Trading Post.","Используется при создании легендарных предметов Джантирских диких земель.

Покупается у торговцев символом Низменников или в Trading Post."
"Used to capture memories of battles against notable enemies.

<c=@reminder>This item is used in collections for the legendary accessory Vision.
Salvage to be reimbursed complete purchase price.</c>","Используется для захвата воспоминаний о битвах с выдающимися врагами.

<c=@reminder>Этот предмет используется в коллекциях для легендарного аксессуара «Видение».
При распылении вы получите полную стоимость покупки.</c>"
"Used to chop down all saplings.

Increases movement speed by 100%% for 5 seconds after gathering completes.","Используется для вырубки всех саженцев.

После завершения сбора увеличивает скорость передвижения на 100%% в течение 5 секунд."
"Used to chop down all saplings.,
Replaces gathering results with logs used in higher-level crafting recipes. Material types are determined by the type of node gathered from. Elder wood can be improved a limited number of times each day.","Используется для рубки всех саженцев.,
Заменяет результаты сбора на бревна, используемые в рецептах крафта более высокого уровня. Типы материалов определяются типом собираемого узла. Древнюю древесину можно улучшить ограниченное количество раз в день."
"Used to create a Gift of Galdra.

Acquired by completing the Forge Guard's armor collection. Purchased from Visions of Eternity map vendors afterward.","Используется для создания дара Галдры.

Получается за завершение коллекции брони Стражей Кузницы. Позже приобретается у торговцев на карте «Visions of Eternity»."
"Used to create a Gift of the People.

Purchased from Huntmaster Arnorr in Untamed Crags in Starlit Weald after completing the Starlit Weald Mastery achievement.","Используется для создания Дара народа.

Приобретается у Охотника Арнорда в Неукротимых скалах в Звёздной роще после завершения достижения «Мастерство Звёздной рощи»."
"Used to create a Gift of the Survivors.

Earned by completing the Shipwreck Strand Mastery achievement.
Additional copies can be purchased from Visions of Eternity vendors afterward.","Используется для создания Дара выживших.

Зарабатывается за выполнение достижения «Мастерство Кораблекрушенного берега».
Дополнительные копии можно приобрести у торговцев «Visions of Eternity» после этого."
"Used to gather all plants.

Increases movement speed by 100%% for 5 seconds after gathering completes.","Используется для сбора всех растений.

Увеличивает скорость передвижения на 100%% в течение 5 секунд после завершения сбора."
"Used to gather all plants.

Rewards Volatile Magic in addition to harvesting results.","Используется для сбора всех растений.

Даёт Волатильную магию в дополнение к результатам сбора."
"Used to gather all plants. Rewards unbound magic in addition to harvesting results. Unlimited use.

<c=@Reminder>This item can be exchanged for an updated version at the Black Lion Exchange Specialist.</c>","Используется для сбора всех растений. Даёт несвязанную магию в дополнение к результатам сбора. Неограниченное использование.

<c=@Reminder>Этот предмет можно обменять на обновлённую версию у специалиста по обмену в «Black Lion».</c>"
Utiliser n'importe quel bouton de la souris pour changer de direction,"Используйте любую кнопку мыши, чтобы изменить направление"
"Various toys of all sizes and descriptions. These would make a fine gift for any child looking to amuse themselves.

<c=@flavor>""It's a miracle I was able to retrieve these without getting them wet!""</c>","Разнообразные игрушки всех размеров и видов. Они станут отличным подарком для любого ребенка, желающего развлечься.

<c=@flavor>«Чудо, что мне удалось достать их, не намочив!»</c>"
Venganza negada,Месть невозможна.
Waldland-Hölzchen,Лесная палочка
Wertvolle Habe,Ценные вещи
Wettkampf,Соревнование
"While in Bjora Marches:
Earn extra Essence of Valor on qualifying kills.
Applies resolution to you when your health falls below 33%% (no more than once every 60 seconds).

<c=@Reminder>Obtained by completing the Raven Sanctum's trials.</c>
<c=@Flavor>""We long for the comfort of a healing touch, an ancestral word of wisdom, a leader we know and trust. But comfort is fleeting, and with it comes inertia.""</c>","Находясь в Бьёра-Марч:
Получайте дополнительную Эссенцию Доблести за выполнение условий на врагах.
Применяет эффект «Решимость» к вам, когда ваше здоровье падает ниже 33%% (не чаще одного раза каждые 60 секунд).

<c=@Reminder>Получается при прохождении испытаний в Равен Санктум.</c>
<c=@Flavor>«Мы жаждем утешения исцеляющего прикосновения, древнего слова мудрости, лидера, которого мы знаем и которому доверяем. Но утешение мимолетно, и вместе с ним приходит инертность».</c>"
"While in Bjora Marches:
Earn extra Essence of Vigilance on qualifying kills.
No more than once every 60 seconds, applies chill to your target for the first 5 seconds of combat when you first engage.

<c=@Reminder>Obtained by completing the Raven Sanctum's trials.</c>
<c=@Flavor>""We sacrifice so much—safety from the claws of death, knowledge of the ages, a steadfast reign—to propel ourselves forward. But if we move too fast, do we risk the inability to stop?""</c>","Находясь в Бьормарсхе:
Получайте дополнительную Эссенцию бдительности за выполнение определенных условий при убийстве врагов.
Не чаще одного раза каждые 60 секунд наносит эффект «Заморозка» цели в течение первых 5 секунд боя после первого столкновения.

<c=@Reminder>Получается за прохождение испытаний Святилища Ворона.</c>
<c=@Flavor>«Мы жертвуем столь многим — безопасностью от когтей смерти, знаниями веков и стабильным правлением — чтобы двигаться вперёд. Но если мы будем двигаться слишком быстро, не рискуем ли мы потерять способность остановиться?»</c>"
"You are resting in the Arborstone Inn. If you rest for 4 hours, you will become Well Rested and earn bonus experience. The amount of bonus experience depends on your Arborstone mastery level.

If you are already Well Rested, any elapsed time will be returned to you when you leave the inn unless you log out.","Вы отдыхаете в таверне «Арборстоун». Если вы отдохнёте здесь 4 часа, вы почувствуете себя бодрым и получите дополнительный опыт. Количество дополнительного опыта зависит от вашего уровня владения навыками в Арборстоуне.

Если у вас уже есть эффект «Отдохнувший», то при выходе из таверны вам будет возвращено время, прошедшее с момента его получения, если только вы не выйдите из игры."
"You are resting in the Wizard's Tower. If you rest for 4 hours, you will become Well Rested and earn bonus experience.

If you are already Well Rested, any elapsed time will be returned to you when you leave the tower unless you log out.","Вы отдыхаете в башне мага. Если отдохнуть здесь 4 часа, вы почувствуете себя бодрым и получите дополнительный опыт.

Если у вас уже есть эффект «Отдохнувший», то покинув башню (но не выйдя из игры), вы получите обратно потраченное время."
"You would not believe the hurdles I surmounted to get this recording out. I still see angry clouds when I close my eyes...
—Chief Melodist Flac","Вы не поверите, какие препятствия мне пришлось преодолеть, чтобы закончить эту запись. Даже сейчас, когда я закрываю глаза, я вижу грозные тучи…
—Главный мелодист Флак"
"You've got a spring in your step and a tune in your head.
Combat will remove your groove.","У вас лёгкая походка и весёлая мелодия в голове.
Бой прервёт вашу ритмичную атаку."
"You've never been a fan of that brand.

Story Instance: Legacy","Тебе никогда не нравилась эта марка.

Сюжетный инстанс: Наследие"
Zum Öffnen doppelklicken.,"Дважды щёлкните, чтобы открыть."
[F]%str1%%str2%Improvisierte Pistole%str3%%str4%,[F] %str1%%str2%Улучшенная пистолетная пушка%str3%%str4%
[F]Médaille d'éclaireur des Veilleurs,[F]Медаль разведчика Дозора
Épaulières de Jotun,Наплечники Йотуна
Événements dynamiques et cœurs de renommée,Динамические события и сердца известности
