english,translate
"""Fließende Seide""-Gleitschirm",«Парящий шелк»-планер
"""Thanks.""
""Thanks.""
""Thanks.""","Спасибо.
Спасибо.
Спасибо."
"%str1%%str2%Schweres ""Wahrer Blick""-Beinkleid%str3%%str4%","%str1%%str2%Schweres ""Wahrer Blick""-Beinkleid%str3%%str4%"
%str1%: Kommt näher ...,Подойдите ближе %str1%...
"+10%% Outgoing Healing
+20 Healing Power
+10%% Karma
+5%% All Experience Gained
+20%% Magic Find
+20%% Gold Find
+10%% WXP Gained","+10%% Исходящее лечение
+20 Сила лечения
+10%% Карма
+5%% Ко всем получаемым очкам опыта
+20%% Шанс найти магические предметы
+20%% Шанс найти золото
+10%% Получаемый опыт за события"
"+10%% Outgoing Healing
+50 Healing Power
+40 Concentration
+10%% Karma
+5%% All Experience Gained
+20%% Magic Find
+20%% Gold Find
+10%% WXP Gained","+10%% Исходящее лечение
+50 силы лечения
+40 концентрации
+10%% кармы
+5%% ко всему получаемому опыту
+20%% шанса нахождения магических предметов
+20%% шанса нахождения золота
+10%% получаемого опыта"
"+10%% Outgoing Healing
+80 Healing Power
+60 Concentration
+10%% Karma
+5%% All Experience Gained
+20%% Magic Find
+20%% Gold Find
+10%% WXP Gained","+10%% Исходящее лечение
+80 Сила исцеления
+60 Концентрация
+10%% Карма
+5%% Ко всему получаемому опыту
+20%% Шанс найти магические предметы
+20%% Шанс найти золото
+10%% Получаемый опыт WXP"
"+15%% Magic Find
+25%% Increased Movement Speed
-5%% Incoming Condition Damage","+15%% Шанс выпадения магических предметов
+25%% Увеличение скорости передвижения
-5%% Урон от входящих эффектов"
"+150 Fishing Power
+20 Vitality
+10%% Karma
+5%% All Experience Gained
+20%% Magic Find
+20%% Gold Find
+10%% WXP Gained","+150 к силе рыбалки
+20 к жизненной силе
+10%% кармы
+5%% ко всему получаемому опыту
+20%% шанса найти магические предметы
+20%% шанса найти золото
+10%% опыта мира"
"+5 Max Supply
+10%% WvW Experience
+25%% Movement Speed
+25 Power
+25 Precision
+25 Toughness","+5 Максимальный запас
+10%% Опыт в PvP
+25%% Скорость передвижения
+25 Сила
+25 Точность
+25 Защита"
"+7 Healing
+5 Vitality","+7 исцеления
+5 жизненной силы"
"+7 Precision
+5 Ferocity","+7 точности
+5 ярости"
"-10%% Incoming Damage
+100 Concentration
+70 Toughness
+10%% Karma
+5%% All Experience Gained
+20%% Magic Find
+20%% Gold Find
+10%% WXP Gained","-10%% входящий урон
+100 концентрация
+70 живучесть
+10%% карма
+5%% ко всему получаемому опыту
+20%% шанс найти магические предметы
+20%% шанс найти золото
+10%% получаемый опыт за события"
"-10%% Incoming Damage
+30 Power
+10%% Karma
+5%% All Experience Gained
+20%% Magic Find
+20%% Gold Find
+10%% WXP Gained","-10%% Урон по цели
+30 силы
+10%% кармы
+5%% ко всему получаемому опыту
+20%% шанса найти магические предметы
+20%% шанса найти золото
+10%% опыта"
"-10%% Incoming Damage
+40 to All Attributes
+10%% Karma
+5%% All Experience Gained
+20%% Magic Find
+20%% Gold Find
+10%% WXP Gained","-10%% входящий урон
+40 ко всем характеристикам
+10%% кармы
+5%% ко всему получаемому опыту
+20%% шанс найти магические предметы
+20%% шанс получить золото
+10%% опыта за прохождение"
"66%% Chance to Steal Life on Critical Hit
+20 Power
+10%% Karma
+5%% All Experience Gained
+20%% Magic Find
+20%% Gold Find
+10%% WXP Gained","66%% шанс украсть здоровье при критическом ударе
+20 силы
+10%% кармы
+5%% ко всему получаемому опыту
+20%% к шансу найти магические предметы
+20%% к шансу найти золото
+10%% к получаемому количеству очков опыта"
"66%% Chance to Steal Life on Critical Hit
+30 Power
+10%% Karma
+5%% All Experience Gained
+20%% Magic Find
+20%% Gold Find
+10%% WXP Gained","66%% шанс украсть здоровье при критическом ударе
+30 силы
+10%% кармы
+5%% ко всему получаемому опыту
+20%% к шансу получения магических предметов
+20%% к шансу найти золото
+10%% очков опыта"
"66%% Chance to Steal Life on Critical Hit
+80 Power
+60 Ferocity
+10%% Karma
+5%% All Experience Gained
+20%% Magic Find
+20%% Gold Find
+10%% WXP Gained","66%% шанс украсть здоровье при критическом ударе
+80 силы
+60 ярости
+10 %% кармы
+5%% ко всему получаемому опыту
+20%% к шансу нахождения магических предметов
+20%% к шансу найти золото
+10%% очков опыта"
<c=#26c2eb>Extra Life</c>,<c=#26c2eb>Extra Life</c>
<c=@abilitytype>Chaîne.</c> Vous frappez votre ennemi deux fois.,<c=@abilitytype>Цепь.</c> Вы наносите противнику два удара.
?Arrasa Joko!,?Арраса Джоко!
?Campanadas!,? Кампанадас!
?Chof!,?Чоф!
"A homestead recipe needed to craft a Statue of Joko the Majestic.

<c=@flavor>""Praise Joko!""</c>","Рецепт усадьбы, нужный для изготовления статуи Джоко Величественного.

<c=@flavor>«Славьте Джоко!»</c>"
"A homestead recipe needed to craft a Statue of Joko the Powerful.

<c=@flavor>""Praise Joko!""</c>","Рецепт усадьбы, нужный для изготовления статуи Джоко Могучего.

<c=@flavor>«Славьте Джоко!»</c>"
"A script for a play written by celebrated director Abioye Bayu of the Lyssan Fools acting troupe.
<c=@Flavor>The Greatest Love Story Ever Told...about a Mime</c>
Renown Item","Сценарий пьесы, написанный знаменитым режиссёром Абиое Баю из театральной труппы «Лиссанские шуты».
<c=@Flavor>Величайшая история любви… о миме.</c>
Известный предмет."
"A unicorn statue used to create The Dreamer.

Purchase the recipe for this item from any Mystic Forge vendor and reach a jeweler rating of 400 to craft.","Статуэтка единорога, необходимая для создания «Мечтателя».

Купите рецепт этого предмета у любого торговца Mystic Forge и достигните уровня ювелира 400, чтобы изготовить его."
"A worn plush doll with a single gem on its head. A child surely would be looking for this.

This item has no use outside of a collection.","Потёртая плюшевая кукла с одним драгоценным камнем на голове. Наверняка какой-то ребёнок ищет её.

Этот предмет не имеет практического применения, кроме как для коллекции."
"Acquired occasionally by earning a silver medal or better in Starlit Weald adventures.,
Trade to alliance field quartermasters in Castora for a pair of Extremis Leggings.","Иногда можно получить, заработав серебряную медаль или выше в приключениях Звёздной рощи.,
Обменяйте у полевых интендантов альянса в Касторе на пару поножей «Экстремис»."
"Add an extra Equipment Template tab to the character. Each character can unlock up to 7 additional Equipment Template tabs.

Equipment Template tabs allow a character to swap to an additional set of equipment.","Добавляет персонажу дополнительную вкладку шаблона снаряжения. Каждый персонаж может открыть до 7 дополнительных вкладок шаблонов снаряжения.

Вкладки шаблонов снаряжения позволяют персонажу переключаться на дополнительный набор снаряжения."
"Apply %num2% conditions to enemies.

<c=@reminder>Conditions are negative effects that apply damage and control effects in combat. Check the tooltip for your skills to determine if your attacks can apply conditions to enemies.</c>","Накладывайте %num2% состояния на врагов.

<c=@reminder>Состояния — это негативные эффекты, которые наносят урон и применяют эффекты контроля в бою. Проверьте подсказку к своим умениям, чтобы узнать, могут ли ваши атаки накладывать состояния на врагов.</c>"
Arrow,Стрела
Base de l'Enqueste de Zeleph,База Расследования Зелефа
Bericht der Tyrianischen Allianz: Der Kommandeur,Отчёт Тирийского Альянса: Командир
Boutique aux gemmes,Бутик самоцветов
"Can be attained from the Shiverpeaks Pass raid encounter.
Trade to Berghild in the Eye of the North for pants.","Достаётся в рейдовой схватке «Перевал Дрожащих Пиков».
Обменяйте у Бергильд в Оке Севера на штаны."
"Can be attained from the Voice and Claw in the Raven Sanctum.
Trade to Berghild in Eye of the North for a coat.","Достаётся с Голоса и Когтя в Raven Sanctum.
Обменяйте у Бергильд в Оке Севера на куртку."
"Can be attained from the Whisper of Jormag.
Trade to Berghild in Eye of the North for boots.","Достаётся с Шёпота Йормага.
Обменяйте у Бергильд в Оке Севера на сапоги."
"Can be consumed for Crystal Desert Mastery experience or traded at Grand Sahil Casino for other rewards.

<c=@flavor>You won! Now indulge yourself at our world-class leisure destination. —Zalambur</c>","Даёт опыт мастерства Crystal Desert; можно обменять на другие награды в Большом казино Сахил.

<c=@flavor>Вы выиграли! Теперь побалуйте себя на нашем курорте мирового класса.—Заламбур</c>"
"Can be used in crafting or traded with vendors in Grothmar Valley.

<c=@Flavor>Grown over devourer nests, these peppers are particularly piquant.</c>","Годится для ремесла или обмена у торговцев в Долине Гротмар.

<c=@Flavor>Выросшие над гнёздами пожирателей, эти перцы особенно остры.</c>"
"Can contain ingots of iron, darksteel, bronze, or gold.
Purchase from renown region karma merchants across the Crystal Desert with trade contracts.
Find trade contracts in chests and lost supplies.","Может содержать слитки железа, тёмной стали, бронзы или золота.
Покупается за торговые контракты у торговцев кармы в регионах сердец почёта по всей Crystal Desert.
Торговые контракты находятся в сундуках и потерянных припасах."
"Can harvest Ancient, Elder
Gain snowflakes when gathering.","Можно добывать Древнее, Старческое
При сборе выпадают снежинки."
"Coins are used to create high-level weapons at the Mystic Forge in Lion's Arch. 
Part of Zommoros's favorite trades.","Монеты используются для создания высокоуровневого оружия в Mystic Forge Lion's Arch. 
Часть любимых сделок Зоммороса."
"Collect %num2% Kryptis essences in Convergences. 
(Gain less progress when collecting essence as a wisp with the Wisp Pockets Mastery.)","Соберите %num2% эссенций Криптиса в Конвергенциях.
Получайте меньше прогресса при сборе эссенции в виде духа, используя умение «Карманы духа»."
"Collect items related to Cinder Steeltemper's history to earn her signature Steel Warband sword.
<c=@reminder>Requires access to previous Icebrood Saga episodes to complete.</c>","Соберите предметы, связанные с историей Циндера Сталекала, чтобы получить его уникальный стальной клинок «Стальная Варварская Гвардия».
<c=@reminder>Для выполнения задания требуется доступ к предыдущим эпизодам саги о ледяном отродье.</c>"
"Collect items related to Ranoah Grindsteel's history to earn her signature Steel Warband pistol.
<c=@reminder>Requires access to previous Icebrood Saga episodes to complete.</c>","Соберите предметы, связанные с историей Ranoah Grindsteel, чтобы получить её уникальный пистолет «Стальная Варварская Сборня».
<c=@reminder>Для выполнения задания требуется доступ к предыдущим эпизодам сюжетной линии «Icebrood Saga».</c>"
"Collect items related to Ryland Steelcatcher's history to earn his signature Steel Warband flamesaw.
<c=@reminder>Requires access to previous Icebrood Saga episodes to complete.</c>","Соберите предметы, связанные с историей Райланда Стилкэтчера, чтобы получить его фирменную огненную пилу «Стальная Варварская Орда».
<c=@reminder>Для выполнения задания требуется доступ к предыдущим эпизодам сюжетной линии «Icebrood Saga».</c>"
"Collect this and return it to the Sanctuary.

Collecting this will also provide bonus desert Mastery experience.","Соберите это и верните в Святилище.

Сбор этого также даст дополнительный опыт мастерства пустыни."
"Combine a Gift of Rays, a Gift of the Survivors, a Gift of the People, and a Gift of the Hylek in the Mystic Forge to create the legendary ring Endless Summer.

Created by combining the following in the Mystic Forge:
• A Gift of the Sun
• A Gift of the Beach
• A Gift of Infused Gems
• 10 Purified Rift Essences","Объедините Gift of Rays, Gift of the Survivors, Gift of the People и Gift of the Hylek в Mystic Forge, чтобы создать легендарное кольцо «Endless Summer».

Создаётся путём объединения в Mystic Forge:
• Дара солнца
• Дара пляжа
• Дара наполненных самоцветов
• 10 очищенных эссенций разлома"
"Combine a Gift of the Beach, a Gift of the Sun, a Gift of Infused Gems, and 10 Purified Rift Essences in the Mystic Forge to create a Gift of Rays.

Created by combining the following in the Mystic Forge:
• 250 Piles of Coarse Sand
• 100 Ley-Infused Sands
• 250 Coral Orbs
• 1 Relic of the Sunless","Соедините Gift of the Beach, Gift of the Sun, Дар наполненных самоцветов и 10 очищенных эссенций разлома в Mystic Forge, чтобы создать Gift of Rays.

Создаётся путём объединения следующего в Mystic Forge:
• 250 Куч крупного песка
• 100 Песков, наполненных магией лей-линий
• 250 Коралловых сфер
• 1 Реликвия Бессолнечного"
"Combine a Gift of the Mistburned Isles, a Gift of Shadows, a Gift of The Feast, and Orrax Contained in the Mystic Forge to create the legendary backpack and glider Orrax Manifested.

Created in the Mystic Forge by combining:
• 1 Gift of Darkness
• 1 Gift of Scales
• 1 Gift of Titan Understanding
• 1 Bloodstone Shard","Соедините Дар Опалённых Туманом островов, Gift of Shadows, Дар пира и «Заточённого Орракса» в Mystic Forge, чтобы создать легендарный рюкзак и планер «Явленный Орракс».

Создаётся в Mystic Forge путём объединения:
• 1 Gift of Darkness
• 1 Gift of Scales
• 1 Gift of Titan Understanding
• 1 Bloodstone Shard"
"Combine a Gift of the Mursaat Ruins, a Gift of Janthir Wanderlust
Created in the Mystic Forge by combining:,
• 1 Gift of Lowland Shore,
• 1 Gift of Janthir Syntri,
• 1 Gift of Mistburned Barrens,
• 1 Gift of Bava Nisos","Объедините дар руин Мурсаата, дар странствий Джантира
Создаётся в Mystic Forge путём объединения:,
• 1 дара Низменного берега,
• 1 дара Джантир-Синтри,
• 1 дара Туманных пустошей,
• 1 дара Бава-Нисос"
"Combine a Gift of the Survivors, a Gift of the People
Purchased from Magister Sirkk in Crumbling Precipice in Starlit Weald in exchange for:,
• 100 Mystic Clovers,
• 55 Amalgamated Draconic Lodestones,
• 4 Gifts of Condensed Might,
• 4 Gifts of Condensed Magic","Соедините Gift of the Survivors, Gift of the People
Куплено у Магистра Сиркка в Осыпающемся обрыве в Звёздной роще в обмен на:,
• 100 Mystic Clovers,
• 55 Объединённых драконьих камней-затравок,
• 4 Дара сгущённой мощи,
• 4 Дара сгущённой магии"
"Combine in the Mystic Forge with Meaty Plant Food, Bloodstone Dust
<c=@flavor>This dust crackles and pops with magical energy.</c>","Совместите в Mystic Forge с Мясистой растительной пищей, Пылью кровавого камня
<c=@flavor>Эта пыль потрескивает и искрится магической энергией.</c>"
"Combine in the Mystic Forge with Meaty Plant Food, Bloodstone Dust, and Thick Leather Sections to create a Package of Elementally Charged Plant Food.

<c=@flavor>A crackling pile of elementally charged essence.</c>","Соедините в Mystic Forge с Мясным растительным кормом, Кровавой каменной пылью и Толстыми кожаными отрезками, чтобы создать Упаковку элементально заряженного растительного корма.

<c=@flavor>Потрескивающая куча элементально заряженной эссенции.</c>"
"Combine in the Mystic Forge with Meaty Plant Food, Bloodstone Dust, and Thick Leather Sections to create a Package of Sacred Plant Food.

<c=@flavor>This cool, clear mineral water from a sacred glacier could purify and nourish a magically growing plant.<c>","Соедините в Mystic Forge с Мясным растительным кормом, Кровавой каменной пылью и Толстыми кожаными отрезками, чтобы создать Упаковку священного растительного корма.

<c=@flavor>Эта прохладная, чистая минеральная вода из священного ледника может очистить и напитать магически растущее растение.<c>"
"Combine in the Mystic Forge with Piquant Plant Food, Bloodstone Dust
<c=@flavor>The waters of the Maguuma Jungle are famous for having inherent healing powers.</c>","Скомбинируйте в Таинственной кузне с Острой растительной пищей, Пылью кровавого камня
<c=@flavor>Воды Maguuma Jungle славятся своими врождёнными целебными свойствами.</c>"
"Combine in the Mystic Forge with a Clay Pot, Bloodstone Dust, and Foxfire Clusters to create a Ley Line Infused Clay Pot.

<c=@flavor>It's very difficult to focus your eyes on this stone. The space around it is rich with magical energy.<c>","Соедините в Mystic Forge с глиняным горшком, пылью кровавого камня и скоплениями лисьего огня, чтобы создать глиняный горшок, пропитанный энергией лей-линий.

<c=@flavor>Очень сложно сосредоточить взгляд на этом камне. Пространство вокруг него насыщено магической энергией.<c>"
"Combine in the Mystic Forge with a Grow Lamp, Bloodstone Bricks
<c=@flavor>A large and potent cluster of Foxfire.</c>","Скомбинируйте в Mystic Forge с лампой роста, кирпичами из кровавого камня
<c=@flavor>Большой и мощный кластер лисьего огня.</c>"
"Combine in the Mystic Forge with a Heat Stone, Bloodstone Bricks
<c=@flavor>A steaming hot stone from the core of a powerful Destroyer.</c>","Объедините в Mystic Forge с Камнем жара, Кирпичами из кровавого камня
<c=@flavor>Парящий горячий камень из ядра могущественного Разрушителя.</c>"
"Combine in the Mystic Forge with a Vial of Liquid Shadowstone, a Gift of Shadowstones, and a Mystic Tribute to create Stella Radians.

Purchased from renown heart vendor in Pilgrim's Rest in Eternity's Garden in exchange for:
• 1 Gift of Research
• 1 Preserved Eidolon Hide
• 1 Gift of Eternity's Garden Exploration
• 1 Gift of Regrowth","Соедините в Mystic Forge с Флаконом жидкого теневого камня, Даром теневых камней и Мистической данью, чтобы создать Стеллу Радианс.

Покупается у торговца сердца почёта в Приюте пилигримов в Саду вечности в обмен на:
• 1 Дар исследования
• 1 Сохранённую шкуру эйдолона
• 1 Gift of Eternity's Garden Exploration
• 1 Gift of Regrowth"
"Combine this weapon in the Mystic Forge with:
• 1 Gift of Kamohoali'i Kotaki
• 1 Gift of Mastery
• 1 Gift of Fortune</c>","Соедините это оружие в Mystic Forge с:
• 1 Gift of Kamohoali'i Kotaki
• 1 Gift of Mastery
• 1 Gift of Fortune</c>"
"Combine this weapon in the Mystic Forge with:
• 1 Gift of Kudzu
• 1 Gift of Mastery
• 1 Gift of Fortune</c>","Соедините это оружие в Mystic Forge с:
• 1 Gift of Kudzu
• 1 Gift of Mastery
• 1 Gift of Fortune</c>"
"Combine this weapon in the Mystic Forge with:
• 1 Gift of Quip
• 1 Gift of Mastery
• 1 Gift of Fortune</c>","Соедините это оружие в Mystic Forge с:
• 1 Gift of Quip
• 1 Gift of Mastery
• 1 Gift of Fortune</c>"
"Combine this weapon in the Mystic Forge with:
• 1 Gift of The Dreamer
• 1 Gift of Mastery
• 1 Gift of Fortune</c>","Соедините это оружие в Mystic Forge с:
• 1 Gift of The Dreamer
• 1 Gift of Mastery
• 1 Gift of Fortune</c>"
"Combine this weapon in the Mystic Forge with:
• 1 Gift of The Juggernaut
• 1 Gift of Mastery
• 1 Gift of Fortune</c>","Соедините это оружие в Mystic Forge с:
• 1 Gift of The Juggernaut
• 1 Gift of Mastery
• 1 Gift of Fortune</c>"
"Complete 3 maps.

<c=@reminder>Map-complete rewards are special bonuses earned by visiting all points of interest, vistas, waypoints, hero challenges, and renown hearts on a map.</c>","Выполните 3 карты.

<c=@reminder>Награды за полное исследование карт — это особые бонусы, которые можно получить, посетив все интересные места, смотровые площадки, точки быстрого перемещения, выполнив испытания и задания на карте.</c>"
"Complete events in the Domain of Istan. Group events will award more progress.

Earn bonus progress by completing the ""Tear down the statue of Palawa Joko"" event.","Выполняйте задания в Домене Истана. За выполнение групповых заданий начисляется больше прогресса.

Получите дополнительный прогресс за выполнение события «Разрушьте статую Палавы Джоко»."
Comptoir,Прилавок
"Contains WvW Tournament Claim Tickets.,
Double-click to open.","Содержит билеты турнира Мир-Мир.,
Дважды щёлкните, чтобы открыть."
"Contains one random exclusive, rare
<c=#FFC957>All dyes have an equal chance to drop.</c>","Содержит один случайный эксклюзивный редкий предмет
<c=#FFC957>Все краски имеют равные шансы выпадения.</c>"
"Coo! Thank you for sparring with the Quaggan Games trainees and keeping Orsippus safe. Quaggan is now your number one fan! Quaggans appreciate your help very much!

—Qualdup","Ку! Спасибо, что спарринговали со стажерами Игр Квагганов и обеспечили безопасность Orsippus. Квагган теперь ваш фанат номер один! Квагганы очень ценят вашу помощь.

—Квалдап"
"Defeat champion titanspawn in Sulfurous Springs.

(Only champions from the ""Defeat the Champion Titanspawn"" event will increment progress.)","Победите чемпионов-титанов в Серных источниках.

(Только победы над чемпионами в событии «Победите чемпиона-титанспоуна» будут учитываться для прогресса.)"
Dellams Bucht,Бухта Делламс
"Die akute Bedrohung durch die Titanen hindert Euch daran, Euren Weg fortzusetzen.",Острая угроза со стороны титанов мешает вам продолжить свой путь.
Diese Lieferung enthält einen Gleitschirm-Skin und einen passenden Rucksack-Skin.,Эта поставка содержит облик для дельтаплана и подходящий облик для рюкзака.
Diese Seiten sind südwestlich des Grünen Moderwalds zu finden.,Эти страницы можно найти к юго-западу от Зелёного Модрового Леса.
"Discover 5 points of interest in Sparkfly Fen, Mount Maelstrom, the Iron Marches, the Fireheart Rise, or Timberline Falls.

<c=@reminder>Points of interest are special locations marked by name in the world, indicated by a square icon on the map. </c>","Найдите 5 интересных мест в Болотистой низине Спаркфлай, горе Мальстрём, Железных Топях, Огненной возвышенности или у Timberline Falls.

<c=@reminder>Интересные места — это особые локации с названиями, которые отображаются на карте квадратным значком. </c>"
"Docia Greywind
092 Bloom XXII
Balance","Доция Грейвинд
092 Цветение XXII
Баланс"
"Double-click to bind this glyph to your account.,
Grants a 33% chance to reward a bonus watchwork sprocket while gathering, in addition to the gathering results.","Дважды щёлкните, чтобы привязать этот глиф к вашей учётной записи.
Даёт 33% шанс получить дополнительную заводную шестерёнку при сборе ресурсов в дополнение к результатам сбора."
"Double-click to bind this glyph to your account.,
Grants a 33% chance to reward bonus wood logs while gathering, in addition to gathering results. Material types are determined by your character level and location in the world.","Дважды щёлкните, чтобы привязать этот глиф к вашей учётной записи.,
Даёт 33% шанс получить бонусные бревна при сборе, в дополнение к результатам сбора. Типы материалов определяются вашим уровнем и местоположением в мире."
"Double-click to combine 50 components to assemble a power core.,
<c=@flavor>This component was salvaged from an Energy Probe.</c>","Дважды щёлкните, чтобы объединить 50 компонентов и собрать силовое ядро.,
<c=@flavor>Этот компонент был извлечён из энергетического зонда.</c>"
"Double-click to feed to your Pet Sprout.,
<c=@flavor>Soaked in water from the Font of Rhand.</c>","Дважды щёлкните, чтобы накормить вашего питомца-росток.,
<c=@flavor>Пропитано водой из Источника Ранда.</c>"
"Double-click to gain a Hylek Blowgun.
<c=@flavor>""There and wood and poisons here, plenty enough to make weapons to defend our land and fight the undead.""<br>—Qoetl</c>","Дважды щёлкните, чтобы получить гилекский духовой дротик.
<c=@flavor>«Здесь есть дерево и яды, их предостаточно, чтобы сделать оружие для защиты нашей земли и борьбы с нежитью».<br> — Коэтл.</c>"
"Double-click to gain a hero point.,
'It''s unclear what''s in this concoction', but just smelling it makes your nose twitch.","Дважды щёлкните, чтобы получить очко героя.,
«Непонятно, что в этом зелье», но один его запах заставляет ваш нос дергаться."
"Double-click to gain a hero point.,
A spiced, smoky concoction. Raven shamans make this
Double-click to gain a hero point.","Дважды щёлкните, чтобы получить очко героя.,
Пряный, дымный напиток. Шаманы ворона готовят это.
Дважды щёлкните, чтобы получить очко героя."
"Double-click to open. Contains various plants, a Resonating Sliver
Double-click to open. Contains:","Дважды щёлкните, чтобы открыть. Содержит различные растения.
Дважды щёлкните, чтобы открыть. Содержит:"
"Double-click to open.,
'Choose an account-bound Alliance Field Operative''s Helmet.'","Дважды щёлкните, чтобы открыть.,
'Выберите привязанный к учётной записи шлем полевого оперативника Альянса.'"
"Double-click to open.,
'Contains materials gathered from Dragon''s End.'","Дважды щёлкните, чтобы открыть.,
'Содержит материалы, собранные в Логове Дракона.'"
"Double-click to open.,
'Contains unique survey rewards acquired by completing the lane''s survey with high participation.'","Дважды щёлкните, чтобы открыть.,
«Содержит уникальные награды за разведку, полученные при высоком участии в разведке линии»"
"Double-click to open.,
Contains a Pristine Fractal Relic, 2 +1 Agony Infusions
Bonus rewards with the Agony Channeler or Recursive Resourcing Mastery.","Дважды щёлкните, чтобы открыть.,
Содержит нетронутый фрактальный реликт, 2 +1 инфузии агонии
Бонусные награды с Каналом агонии или Мастерством рекурсивного снабжения."
"Double-click to plant a Cultivated Seed in this pot.,
<c=@flavor>A pot so infused with energy,' it''s sure to germinate a more powerful seedling.</c>'","Дважды щёлкните, чтобы посадить возделанное семя в этот горшок.,
<c=@flavor>Горшок, настолько пропитанный энергией, что обязательно прорастит более сильный саженец.</c>'"
"Double-click to transform into a truffle-hungry porcine hero.
<c=@flavor>""Oink!""<br>—Truffle Pig Motto</c>","Дважды щёлкните, чтобы превратиться в свиного героя, одержимого трюфелями.
<c=@flavor>«Хрю!»<br> — девиз Трюфельной Свиньи.</c>"
"Down with the krait! So long as they live, times will be tough. That said, your deeds have eased the tribe's burdens and given us hope for future sunrises. Thank you.

—Atzintli","Долой крайтов! Пока они живы, времена будут тяжёлыми. Тем не менее, ваши действия облегчили бремя племени и подарили нам надежду на будущие рассветы. Спасибо.

—Atzintli"
"Earn 30 crafting levels.

<c=@reminder>Craft items to earn crafting experience for that crafting discipline, allowing you to create more powerful items.</c>","Получите 30 уровней профессии.

<c=@reminder>Создавайте предметы, чтобы получать опыт в выбранной профессии и создавать более мощные вещи.</c>"
"Ears up, soldier,
I heard about your work with the ogres—well done. They're tough as nails...my people have been skirmishing with them lately near the Brand, and they usually held their own, so it'll be good to have them with us against the dragons.
I'd write off their village as an acceptable loss if I were you. An army needs soldiers: you can worry about homes after the war's been won.
Some of the members of Destiny's Edge are still trying to salvage something out of that fiasco in Lion's Arch, but for now, I'm staying out of it. I'd rather focus on problems that can actually be solved, and don't involve a lot of tiny hairless freaks whining at each other.
Make the Legions proud. I'll be watching.
—Rytlock","Слушай, солдат,
Я слышал о твоей работе с ограми — отлично справился. Они крепкие как гвозди... мой народ недавно стыкался с ними возле Порченого, и они обычно держались неплохо, так что хорошо, что они с нами против драконов.
На твоём месте я бы списал их деревню как допустимые потери. Армии нужны солдаты: о домах можно беспокоиться после победы в войне.
Некоторые члены Края Судьбы всё ещё пытаются что-то спасти из того фиаско в Львином Архиве, но пока я держусь в стороне. Я предпочитаю сосредоточиться на проблемах, которые действительно можно решить, и которые не включают кучу мелких безволосых уродов, ноющих друг на друга.
Сделай Легионы гордыми. Я буду наблюдать.
— Райтлок"
Eisbrut-Saga-Belohnungspfad (PvP),"Награда за прохождение сюжетной линии «Сага о Ледоклыках» (PvP)"
"Elder Dragons Saga Deluxe Upgrades<br> 
June 29–July 13<br>
20%% Off","Премиум-обновления саги о Старших Драконах<br> 
29 июня – 13 июля<br>
Скидка 20%%"
Electrofobia,Электрофобия
"Emotes, Tänze, Jade-Bots, Jade-Bot, Jade, Bot, Angelruten, Angeln, Rute, Heimstatt, Zuhause, Deko, Dekoration, Dekorationen","Эмоции, Танцы, Джейд-боты, Джейд-бот, Джейд, Бот, Удочки, Рыбалка, Удочка, Усадьба, Дом, Декор, Украшение, Украшения"
"Enclosed is your yield from our ongoing assignments. Another shipment will be sent tomorrow. Remember, you can always change the locations your teams are gathering from at the Black Lion Requisition Teams Post in your home instance.

—Black Lion Requisitions Division","В приложении — ваша доля с наших текущих поручений. Следующая партия будет отправлена завтра. Помните: места, где собирают ваши команды, всегда можно изменить на Посту команд снабжения Black Lion в вашем домашнем инстансе.

—Отдел снабжения Black Lion"
Entrada forzada,Принудительный вход
Erfordert zum Kauf die Handwerks- und Heimstatt-Erweiterung für Kunsthandwerker-Lehrlinge.,Для покупки требуется расширение «Ремесло и жилище» для учеников ремесленников.
Erfordert zum Kauf die Handwerks- und Heimstatt-Erweiterung für fortgeschrittene Kunsthandwerker.,Для покупки требуется расширение «Ремесло и жилище» для продвинутых ремесленников.
"Erhalten aus der Erweiterung ""Janthir Wilds"".",Получено из дополнения «Джантирские дикие земли».
Escouade,Эскадра
"Essence of luck can be acquired by salvaging gear of fine or masterwork quality and salvaging globs of ectoplasm. Artificers can craft essence of luck at higher quality.
Lyhr in the Wizard's Tower can also help create this.","Сущность удачи можно получить, перерабатывая снаряжение высокого или превосходного качества, а также перерабатывая сгустки эктоплазмы. Артификаторы могут создавать сущность удачи более высокого качества.
Лир в Башне Чародея также может помочь с её созданием."
"Even Eparch's allies seem to be uneasy, according to Ramses. Eparch, centuries old, is known by the ward to be cunning and calculated in the extreme, but rumor has it he's become increasingly unpredictable and impatient. The speculation Ramses relays includes myriad theories: his mind is deteriorating; he's become aggressive or even beastlike; he's somehow infirm or senile, and Labris is actually ruling behind the scenes; he feeds nonstop and never leaves his castle grounds...and more besides. Ramses seems...dismissive. Though I admit it is impossible to read any expression on his ""face.""  
  
—Researcher Selly","Даже союзники Эпарха, похоже, испытывают беспокойство, по словам Рамсеса. Эпарху, которому уже много веков, стража знает как крайне хитрого и расчётливого, но ходят слухи, что он становится всё более непредсказуемым и нетерпеливым. Домыслы, которые передаёт Рамсес, включают множество теорий: его разум разрушается; он стал агрессивным или даже звероподобным; он каким-то образом немощен или страдает старческим слабоумием, и на самом деле за кулисами правит Лабрис; и многое другое. Рамсес, кажется... пренебрежителен. Хотя, признаюсь, по его «лицу» невозможно прочитать хоть какое-то выражение.
  
  —Исследовательница Сэлли"
Ewigkeitsgarten-Einsicht: Gifthain-Observatorium,Сад Вечности: Обсерватория Ядовитой Рощи
"Exemplary work! Truly astounding! You didn't do so bad either. Hah! I kid, of course; you've really helped us make some breakthroughs in the field of chaotic magic. If we could just figure out what the Inquest is doing in that lab, I know we could come up with a solution to the madness they created. But for now, we just need to deal with what's in front of us. Keep up the good work!

—Borpp","Образцовая работа! Поистине поразительно! Впрочем, вы тоже неплохо справились. Ха! Я шучу, конечно; вы действительно помогли нам совершить несколько прорывов в области магии хаоса. Если бы мы только могли понять, что Inquest делает в той лаборатории, я знаю, мы могли бы найти решение безумию, которое они создали. Но пока нам просто нужно разобраться с тем, что перед нами. Продолжайте в том же духе!

—Borpp"
"Experience the epic conclusion of the dragon cycle in Guild Wars 2: End of Dragons!
Unlock the siege turtle mount, jade bots, skiffs, fishing, nine new elite specializations, and more!","Переживите эпическую развязку цикла драконов в Guild Wars 2: Конец Драконов!
Откройте доступ к осадной черепахе, нефритовым ботам, скользким лодкам, рыбалке, девяти новым элитным специализациям и многому другому!"
Familier élémentaire,Элементаль-слуга
"Felicitations for a wonderful Wintersday! The Captain's Council has been busy these past months preparing a celebration to remember. It might just be the best Wintersday yet, so get ready! Here's what we've got planned:

First of all, I'm sure you've heard of the magnificent snow globe our engineers have erected in Lion's Arch with the generous help of Zommoros, keeper of the Mystic Forge. Yes, this will be open to the public! Inside is a beautiful wintry scene just perfect for a snowball fight. It's also the location of the well-known Bell Choir Ensemble, and we have a surprise for you this year—you can participate in the music-making! And for thrill-seekers, the snow globe's frosty heights offer a challenging trek.

Secondly, Tixx, the famous toymaker, will be appearing in his airship workshop! In fact, he'll be flying around to each of the major cities during the festival. At each stop, a new toy invention will be revealed. At his final stop in Lion's Arch, a brand-new toy-based game will be available to play! Also, in case you missed any of Tixx's city stops, you'll be able to participate in any goings-on you might have missed (and receive the corresponding rewards).

Of course, Wintersday occurs all over Tyria, not just in the cities. While out and about on your adventures, you'll encounter festive treats, like mysterious presents and snowmen to build.

For your convenience, special festive Lionguard guides will be available in Lion's Arch in case you need a reminder about the details of the festival.

Farewell! Enjoy your merrymaking!

—Captain Tokk","Поздравления с чудесным Зимним днём! Captain's Council последние месяцы готовил праздник, который запомнится. Возможно, это будет лучший Зимний день, так что готовьтесь! Вот что мы запланировали:

Во-первых, уверен, вы слышали о великолепном снежном шаре, который наши инженеры воздвигли в Львином Дозоре с щедрой помощью Зомморо, хранителя Mystic Forge. Да, он будет открыт для публики! Внутри — прекрасный зимний пейзаж, идеально подходящий для игры в снежки. Там же находится известный Ансамбль Колокольчиков, и в этом году у нас для вас сюрприз — вы сможете участвовать в создании музыки! А для искателей острых ощущений морозные высоты снежного шара предлагают сложное восхождение.

Во-вторых, Тикс, знаменитый игрушечных дел мастер, появится в своей мастерской-дирижабле! На самом деле, он будет летать по всем крупным городам во время фестиваля. На каждой остановке будет представлено новое игрушечное изобретение. На его последней остановке в Львином Дозоре будет доступна новая игра на основе игрушек! Кроме того, если вы пропустили какую-либо из остановок Тикса в городах, вы сможете поучаствовать в любых мероприятиях, которые могли пропустить (и получить соответствующие награды).

Конечно, Зимний день проходит по всей Тирии, а не только в городах. Во время своих приключений вы будете встречать праздничные угощения, такие как загадочные подарки и снеговиков, которых можно построить.

Для вашего удобства в Львином Дозоре будут доступны специальные праздничные стражи Львиного Дозора, если вам понадобится напоминание о деталях фестиваля.

Прощайте! Наслаждайтесь весельем!

— Captain Tokk"
"Filled with all the nutrients a growing raptor needs! Double-click to feed this to your raptor.

Gives bonus Mastery experience once per day.","Наполнено всеми питательными веществами, необходимыми растущему раптору! Дважды щёлкните, чтобы скормить это своему раптору.

Раз в день даёт дополнительный опыт мастерства."
"Filled with all the nutrients a growing warclaw needs! Double-click to feed this to your warclaw.

Gives bonus Mastery experience once per day.","Содержит все питательные вещества, нужные растущему боевому когтю! Дважды щёлкните, чтобы скормить это вашему боевому когтю.

Даёт бонусный опыт мастерства раз в день."
Filocombado,Филокомбадо
"Find a collection of Snargle Goldclaw's books across Tyria to remind him of his literary genius and free him from his writer's block.
<c=@reminder>Requires access to previous Living World episodes to complete.</c>","Найдите разбросанные по Тирии книги Снаргла Златокогтя, чтобы напомнить ему о его литературном гении и избавить от творческого кризиса.
<c=@reminder>Для выполнения задания требуется доступ к предыдущим эпизодам «Живого мира».</c>"
"Find others to help you explore Shipwreck Strand.
The Guild Wars 2: Visions of Eternity expansion is required to access this map.","Найдите других игроков, чтобы вместе исследовать Затонувшую Косу.
Для доступа к этой карте необходимо установить дополнение Guild Wars 2: Visions of Eternity."
"Find others to help you investigate the disturbance around the bloodstone!
The Guild Wars 2: Heart of Thorns expansion and the Living World episode ""Out of the Shadows"" are required to access this map.","Найдите других игроков, чтобы вместе расследовать происходящее вокруг кровавого камня!
Для доступа к этой карте необходимо установить дополнение Guild Wars 2: Heart of Thorns и пройти эпизод Живой истории «Out of the Shadows»."
"Find others to help you rescue crash survivors, build fortifications, and take down terrible creatures that inhabit the sky!
Requires Guild Wars 2: Heart of Thorns expansion to access this map.","Найдите других игроков, чтобы помочь вам спасать выживших после крушения, строить укрепления и уничтожать ужасных существ, обитающих в небе!
Для доступа к этой карте требуется дополнение Guild Wars 2: Heart of Thorns."
"Fools! All of them.

It took very little to force my way into their ranks. I posed as an innocent—lost in the ruins, scared and alone—so they brought me before their leader. Ankka.

Ankka is a vile creature, but her instincts are as sharp as a knife. I told her I could help them. Help them trace the source of the corruption that has turned this land to carnage. I kept my identity secret, of course, since so many of their fleet are of...soiled lineage. She took my offer with a smile and gave me a cot to sleep on.

With their manpower and technology, we might be able to enter the cave—find whatever relic lies inside. Once we do, I'll take the object and flee.

They won't suspect a thing.","Глупцы! Все до единого.

Совсем немного усилий понадобилось, чтобы втереться в их ряды. Я прикинулась невинной — заблудившейся в руинах, испуганной и одинокой, — и меня привели к их предводительнице. К Анкке.

Анкка — мерзкое создание, но чутьё у неё острое, как нож. Я сказала ей, что могу помочь. Помочь отследить источник порчи, обратившей эту землю в бойню. Свою личность я, разумеется, скрыла — слишком многие в их флоте... запятнанной крови. Она приняла моё предложение с улыбкой и выделила мне койку.

С их людьми и техникой мы, возможно, сумеем войти в пещеру и найти реликвию, что лежит внутри. А как только найдём, я заберу её и сбегу.

Они ничего не заподозрят."
"Freshly ground bloodstone, mixed with the rarest Tyrian spices.

<c=flavor>""There must be people who are as excited by bloodstone in food as I am, and I'll prove it someday.""<br>—Seimur Oxbone</c>","Свежемолотый кровавый камень, смешанный с редчайшими тирийскими специями.

<c=flavor>«Должны быть люди, которые так же взволнованы кровавым камнем в еде, как и я, и когда-нибудь я это докажу».<br>—Seimur Oxbone</c>"
"Frode,  
  
I could see through that icy shell the moment Lyhr brought you before the forge to warm your bones. You may have been in shock—and it may have taken a decade to heal from those wounds—but I knew even then that you were a leader. That you could be OUR leader.  
  
My time as Warden has been spent arguing with Isgarren. Watching the world writhe every time a dragon wakes. We do good work here, but that work is hard. Remaining focused on the task at hand, to protect Tyria from all of the things that we do not know about, is hard. Acting sometimes and not others will keep you from sleeping at night. There's nothing easy about this job, but it has been the most fulfilling path I could've chosen for myself.  
  
You've always had an aura about you. A fatherly presence that is...comforting. They—the ward—feel protected in battle. They listen when you speak, and I...am tired. I've seen too much. I can barely lift a goblet anymore, either, which is why Mabon pushes me to ""retire"" and ""heal,"" but... I know it's my time.  
  
Do not make this choice immediately. You've only just reunited with your daughter—so few of us get a chance to share this with loved ones from before.  
  
Levente","Фроде,  
  
Я смог разглядеть эту ледяную оболочку в тот момент, когда Лир привёл тебя к кузнице, чтобы согреть твои кости. Возможно, ты был в шоке — и, возможно, потребовалось десятилетие, чтобы залечить те раны — но я знал уже тогда, что ты лидер. Что ты можешь быть НАШИМ лидером.  
  
Моё время в качестве Хранителя было потрачено на споры с Исгарреном. Наблюдение за тем, как мир корчится каждый раз, когда просыпается дракон. Мы делаем здесь хорошую работу, но эта работа тяжела. Оставаться сосредоточенным на текущей задаче, защищать Тирию от всего, о чём мы не знаем, — это тяжёло. Действовать иногда, а иногда нет — это не даёт спать по ночам. В этой работе нет ничего лёгкого, но это был самый полноценный путь, который я мог выбрать для себя.  
  
У тебя всегда была аура. Отеческое присутствие, которое... успокаивает. Они — подопечные — чувствуют себя защищёнными в бою. Они слушают, когда ты говоришь, а я... устал. Я слишком много видел. Я тоже едва могу поднять кубок, поэтому Мабон подталкивает меня к ""отставке"" и ""исцелению"", но... Я знаю, что моё время пришло.  
  
Не принимай это решение сразу. Ты только что воссоединился со своей дочерью — так мало из нас получают шанс разделить это с близкими из прошлого.  
  
Левенте"
"Gain 100 Power When Health above 90%%
+10%% Experience from Kills","+100 к Силе, пока здоровье выше 90%%
+10%% опыта за убийства"
"Gain 120 Precision When Health above 90%%
+10%% Experience from Kills","+120 к Точности, пока здоровье выше 90%%
+10%% опыта за убийства"
"Gain 160 Precision When Health above 90%%
+10%% Experience from Kills","+160 к Точности, пока здоровье выше 90%%
+10%% опыта за убийства"
"Gain 200 Power When Health above 90%%
+10%% Experience from Kills","+200 к Силе, пока здоровье выше 90%%
+10%% опыта за убийства"
"Gain 200 Precision When Health above 90%%
+10%% Experience from Kills","+200 к Точности, пока здоровье выше 90%%
+10%% опыта за убийства"
"Gain 40 Condition Damage When Health above 90%%
+10%% Experience from Kills","+40 к урону от состояний, пока здоровье выше 90%%
+10%% опыта за убийства"
"Gain 60 Condition Damage When Health above 90%%
+10%% Experience from Kills","+60 к урону от состояний, пока здоровье выше 90%%
+10%% опыта за убийства"
"Gain Concentration Equal to 2%% of Your Precision
+10%% Experience from Kills","Концентрация, равная 2%% вашей Точности
+10%% опыта за убийства"
"Gain Concentration Equal to 3%% of Your Precision
Gain Concentration Equal to 6%% of Your Healing Power
+10%% Experience from Kills
+10%% Karma Bonus","Концентрация, равная 3%% вашей Точности
Концентрация, равная 6%% вашей Силы исцеления
+10%% опыта за убийства
+10%% к бонусу кармы"
"Gain Concentration Equal to 3%% of Your Vitality
Gain Concentration Equal to 3%% of Your Toughness
+10%% Experience from Kills","Концентрация, равная 3%% вашей Живучести
Концентрация, равная 3%% вашей Стойкости
+10%% опыта за убийства"
"Gain Concentration Equal to 6%% of Your Condition Damage
Gain Concentration Equal to 3%% of Your Precision
+10%% Experience from Kills","Концентрация, равная 6%% вашего урона от состояний
Концентрация, равная 3%% вашей Точности
+10%% опыта за убийства"
"Gain Healing Power Equal to 8%% of Your Concentration
Gain Concentration Equal to 3%% of Your Precision
+10%% Experience from Kills","Сила исцеления, равная 8%% вашей Концентрации
Концентрация, равная 3%% вашей Точности
+10%% опыта за убийства"
"Gain Health Every Second
+40 Vitality
+10%% Experience from Kills","Восстановление здоровья каждую секунду
+40 к Живучести
+10%% опыта за убийства"
"Gain Health Every Second
+60 Vitality","Восстановление здоровья каждую секунду
+60 к Живучести"
"Gain Health Every Second
+70 Condition Damage
+1%% All Experience Gained","Восстановление здоровья каждую секунду
+70 к урону от состояний
+1%% ко всему получаемому опыту"
"Gain Power Equal to 2%% of Your Precision
Gain Power Equal to 2%% of Your Ferocity
+10%% Experience from Kills","Сила, равная 2%% вашей Точности
Сила, равная 2%% вашей Свирепости
+10%% опыта за убийства"
"Gain bonus rewards when completing events inside completed Castoran renown heart areas. 

Castoran champions, meta-events, and world boss events award a bonus chest.

(Bonus reward daily limit: 20)","Даёт дополнительные награды за события в пределах завершённых касторских областей сердец славы. Касторские

чемпионы, мета-события и события с мировыми боссами дают дополнительный сундук.

(Дневной предел дополнительных наград: 20)"
Garra helada,Ледяная Гарра
"Gefertigt aus 5 Blutsteinziegeln, 5 Dragonitbarren, 5 Aufsteigenden Sternen und einem Augur-Stein, der bei Miyani oder Aufsehern der Mystischen Schmiede erhältlich ist.","Изготовлено из 5 кровавых каменных кирпичей, 5 драгонитовых слитков, 5 восходящих звезд и камня Авгура, доступного у Мияни или у смотрителей Таинственной кузни."
"Gefertigt aus 50 Knochen, 50 dicken Knochen, 250 großen Knochen und 100 antiken Knochen.","Изготовлено из 50 костей, 50 толстых костей, 250 больших костей и 100 древних костей."
Gestrandet,Застрял
"Gigarg has our brothers and sisters running around like headless chickens, forging massive plates of iron and Deldrimor steel for his own armor.  
  
He's getting on better than expected with the Flame Legion, already looking down on us like things to be bossed around. Has he forgotten who we are? How we suffered? Or does his heart beat with a newfound thirst for power over others? He and Vostya thrive, while many of us are left to clean up the messes left behind by their failed experiments.","Гигарг заставляет наших братьев и сестёр бегать как ошпаренных, выковывая огромные пластины из железа и делдриморской стали для своей брони.

Он ладит с Flame Legion лучше, чем ожидалось, уже смотрит на нас свысока, как на вещи, которыми можно командовать. Неужели он забыл, кто мы? Как мы страдали? Или его сердце бьётся с новой жаждой власти над другими? Он и Востья процветают, пока многим из нас приходится разгребать беспорядок, оставленный их неудачными экспериментами."
Gorila profesional,Профессиональная горилла.
"Grants 10 agony resistance. 
<c=@reminder>With Fractal Attunement Mastery, this item grants an additional 5 agony resistance.</c>","Дарует 10 сопротивления агонии. 
<c=@reminder>С умением «Фрактальная гармония» этот предмет дарует дополнительные 5 сопротивления агонии.</c>"
"Grants a moderate amount of karma.

<c=@Flavor>The bangle is both large and said to be excellent at distracting the giants that roam the Highlands. </c>","Даёт умеренное количество кармы.

<c=@Flavor>Этот браслет довольно большой, и говорят, что он отлично отвлекает гигантов, которые бродят по Высокогорью.</c>"
"Grants a moderate amount of karma.,
<c=@Flavor>Preying on seekers of Ascension is a timeworn grift for both local hustlers and foreign mountebanks.</c>","Дарует умеренное количество кармы.,
<c=@Flavor>Охота на искателей Вознесения — это старая уловка как для местных мошенников, так и для иностранных шарлатанов.</c>"
"Grants a moderate amount of karma.,
<c=@Flavor>The Elon River School of Painting flourished until an ill-fated salon questioned official narratives.</c>","Даёт умеренное количество кармы.,
<c=@Flavor>Школа живописи реки Элон процветала до тех пор, пока неудачный салон не поставил под сомнение официальные нарративы.</c>"
"Grants a moderate amount of karma.,
<c=@Flavor>The bangle is both large and said to be excellent at distracting the giants that roam the Highlands. </c>","Даёт умеренное количество кармы.,
<c=@Flavor>Браслет большой и, как говорят, отлично отвлекает великанов, бродящих по Нагорьям. </c>"
"Grants a small amount of Crystal Desert Mastery experience.

<c=@Flavor>Formerly traded across Elona, but banned under Palawa Joko. These are still valued by collectors, scholars, and thieves.</c>","Даёт небольшое количество опыта для повышения уровня владения навыками Crystal Desert.

<c=@Flavor>Раньше их активно обменивали в Элоне, но Palawa Joko запретил это. Тем не менее, коллекционеры, учёные и воры по-прежнему ценят эти предметы.</c>"
"Grants a tiny amount of karma.
<c=@Flavor>Smoky, sweet, and luxurious, this smell will remind you of the desert winds forever.</c>","Даёт крошечное количество кармы.
<c=@Flavor>Дымный, сладкий и роскошный, этот запах навсегда напомнит вам о пустынных ветрах.</c>"
"Grants a tiny amount of karma.
<c=@Flavor>The Order of Shadows holds many, many secrets in the desert, and will part with them for a price.</c>","Даёт крошечное количество кармы.
<c=@Flavor>Order of Shadows хранит много-много секретов в пустыне и расстанется с ними за определенную плату.</c>"
"Grants a tiny amount of karma.
<c=@Flavor>The community of Zephyr's Trace have begun to discover many secrets left behind by their intrepid predecessors.</c>","Даёт крошечное количество кармы.
<c=@Flavor>Сообщество Следа Зефира начало открывать множество секретов, оставленных их бесстрашными предшественниками.</c>"
"Grants the following benefits for 30 minutes:
• +50%% Magic Find
• +50%% Chance of Critical Crafting Experience Gain
• +33%% Chance of Extra Gathering Strike
• 10 seconds of Swiftness after Gathering 
• Summons a Black Lion Merchant If Your Inventory Is Full after Gathering (20-Minute Cooldown)","Даёт следующие преимущества на 30 минут:
• +50%% поиска магии
• +50%% шанс критического получения опыта при крафте
• +33%% шанс дополнительного удара при сборе
• 10 секунд быстроты после сбора
• призыв торговца «Black Lion», если инвентарь полон после сбора (перезарядка 20 мин.)"
"Great job! You're more comfortable with your weapon already. Let's keep practicing on another target.

Tip: Remember that you can review combat controls and other gameplay tips at any time in the hint menu.","Отлично! Вы уже увереннее держите оружие. Давайте потренируемся на другой цели.

Совет: Помните, что вы можете в любой момент просмотреть управление боем и другие игровые подсказки в меню подсказок."
"Greetings!

As a result of your actions, Queen Jennah has been rescued from bandits, and Minister Caudecus is her guest in Divinity's Reach while his manor is being renovated. 

However, I've also heard that those renovations have had their own problems, and that your help might be needed there again. Head to the estate and see what the problem is. I'm told you are to meet with a Shining Blade member named Talie. I'm sure it won't be dangerous at all.

As always,

Your Herald","Приветствую!

Благодаря твоим действиям Queen Jennah спасена от разбойников, а министр Кодекус гостит у неё в Divinity's Reach, пока его поместье ремонтируют.

Однако я слышал, что и с этим ремонтом возникли свои беды и что там снова может понадобиться твоя помощь. Отправляйся в поместье и выясни, в чём дело. Мне сказали, что тебе надлежит встретиться с членом Сияющего Клинка по имени Тали. Уверен, там совсем не будет опасно.

Как всегда,

Твой Глашатай"
"Greetings!

Lion's Arch is all abuzz with tall tales from those alcoves of mystery and villainy known as dungeons. As your herald, I'm eagerly awaiting news of your own triumphs to share. A gathering point for would-be-dungeon-delvers has been arranged in Fort Marriner, so please meet me there!

—Lady Camilla","Приветствую!

Lion's Arch полнится небылицами о тех укромных обителях тайн и злодейства, что зовутся подземельями. Как твой глашатай, я с нетерпением жду вестей о твоих собственных победах, чтобы их разнести. Место сбора для будущих покорителей подземелий устроено в Форте Марринер, так что прошу — встретимся там!

—Леди Камилла"
"Greetings,

Our research is progressing well, thanks to the assistance of a certain %str2% (you). We have come close before , but I feel we are on the verge of real breakthrough this time. When our perfume ""Asuralations"" is released, your name shall be credited under ""Other"".

Now if only I can figure out where my brother Wark has disappeared to?

— Wode","Приветствую,

Наши исследования идут отлично благодаря помощи некоего %str2% (тебя). Мы и раньше подбирались близко, но чувствую: на сей раз мы на пороге настоящего прорыва. Когда наши духи «Асуралации» выйдут в свет, твоё имя будет указано в разделе «Прочее».

Вот только бы ещё выяснить, куда запропастился мой брат Варк?

— Вод"
"Greetings, Commander Landon! 

I hear you're searching for the Legate Minister's daughter, Demmi. How lucky you are that we found her before the dangers of the wilderness did! Unfortunately, of course, getting her to our lovely safe pirate camp was very expensive, but I'm certain a wealthy man like Minister Caudecus can spare a platinum or fifty. Make it a hundred, actually. For a dainty little thing, she sure can drink a lot of rum.

I'm sure you, and your master, will find that perfectly reasonable...and far better than bringing home a dead daughter, wouldn't you say?

Cordially yours, 
Captain Jayne of the Jackdaws","Приветствую, командир Ландон!

Слыхал, ты ищешь дочь министра-легата, Демми. Как же тебе повезло, что мы нашли её раньше, чем это сделали опасности дикого края! Правда, доставить её в наш славный безопасный пиратский лагерь вышло весьма недёшево, но я уверен: такой богач, как министр Кодекус, вполне может расстаться с полусотней платиновых. А впрочем, пусть будет сотня. Для такой пигалицы она пьёт рому просто уйму.

Уверен, ты и твой хозяин сочтёте это совершенно разумным... и куда более приятным, чем привезти домой мёртвую дочь, не так ли?

С почтением,
Captain Jayne с «Галок»"
"Greetings, Wayfinder,

You departed during a Convergence with participation remaining, so please find enclosed some of the rewards you missed. Thank you for your aid.","Приветствую, Путеводная Звезда,

Ты покинул Схождение, когда участие ещё продолжалось, поэтому прилагаю часть наград, которых ты не получил. Благодарим за помощь."
"Greetings, friend,

This month is full of joy, pranks, and creativity. Our friends brewing in the Black Citadel have created an unusual but delicious drink. Rytlager Brimstout is a potent and unforgiving brew, much like its heroic namesake. It's also safe to assume that the brewers were well into their supply before deciding on the name.

Good health and a glass for your thirst,

—Desch Metz,
Master Brewer, Eldvin Monastery","Приветствую, друг,

Этот месяц полон радости, розыгрышей и творчества. Наши друзья-пивовары из Black Citadel создали необычный, но восхитительный напиток. «Ритлагерский брайместаут» — крепкое и беспощадное варево, совсем как его героический тёзка. Можно смело предположить, что пивовары изрядно приложились к запасам, прежде чем выбрать название.

Доброго здравия и полного бокала,

—Деш Метц,
Мастер-пивовар, монастырь Элдвин"
"Greetings. Thank you for your help at the moot. Those that should be working have since staggered back. I hope you had a chance to enjoy the festivies for yourself.

—Scholar Tholin","Приветствую. Спасибо за помощь на сходе. Те, кому положено работать, с тех пор кое-как приплелись обратно. Надеюсь, ты и сам успел насладиться празднеством.

—Scholar Tholin"
"Guild Wars 2: Secrets of the Obscure<br>
Buy Now","Guild Wars 2: Тайны Забытых земель<br>
Купить сейчас"
"Guilds are a great way to connect to a community and make new friends. Each guild has its own chat channel and list of members showing who's available to play with. Members can cooperate to obtain a guild hall and purchase upgrades such as leveling bonuses, shared item vaults, and the ability to throw a party. 

You can join a guild or start your own!","Гильдии — отличный способ присоединиться к сообществу и завести новых друзей. У каждой гильдии есть свой канал чата и список участников, показывающий, кто доступен для игры. Участники могут сотрудничать, чтобы получить зал гильдии и приобрести улучшения, такие как бонусы к опыту, общие хранилища предметов и возможность устраивать вечеринки.

Вы можете вступить в гильдию или создать свою!"
Hablions Rache,Месть Хаблиона
"Hail, Quester of Legends!

Let me be among the first to congratulate you on the power of your mastery and the new doors that it opens to you! You are well on your way to crafting your precursor—on the path to attaining your legendary weapon itself!

Your next collection has been unlocked, detailing your steps for when you are ready to begin this next epic phase of your adventure! I have utter and complete faith in your ability to handle the daunting tasks presented to you.

Yours in might and yours in magic,
Grandmaster Craftsman Hobbs","Приветствую, Искатель Легенд!

Позволь мне быть одним из первых, кто поздравит тебя с силой твоего мастерства и новыми возможностями, которые она открывает перед тобой! Ты на верном пути к созданию своего предшественника — на пути к обретению самого легендарного оружия!

Твоя следующая коллекция открыта, в ней указаны шаги, которые нужно предпринять, когда ты будешь готов начать эту следующую эпическую фазу своего приключения! Я полностью и безоговорочно верю в твою способность справиться с непростыми задачами, стоящими перед тобой.

Твой в силе и твой в магии,
Великий Мастер-Ремесленник Хоббс"
"Hand this letter to the Claw of Harvest Den.  
  
---    
    
I write with urgency, Alder. We have finally revealed the source of the blight, and what a monstrous sight it is. A stranger has become one with an abandoned city—a city that somehow eluded us all these years. The sky watchers say that it was shielded by a ward of some type, which kept the city hidden from the naked eye.   
  
The stranger was left within this ward and, as we've witnessed with the others, adapted to its habitat. It lingered for many lifetimes. It grew and consumed until it became unlike the three we hunted on the thundering isle. Although it seems petrified by stone, this one's maw alone could consume all of the den in a single bite. The smell... It's worse than a rotted corpse; sickly sweet and sour. The smell penetrates everything around us.  
  
The sky watchers say that to defeat it, we must destroy its organs. As the body is so large, there is simply no other advantage, and until the organs have been stilled, it continues to regenerate its life-fire. I admit that I am conflicted by the brutality of this, but there seems to be no other way.  
  
While we fight back against the body, the wayfinder's party is seeking to shut a poisonous gate at the heart of the city. This gate is feeding the stranger, somehow, giving it even more power. I raise my spear, nonetheless.  
  
I encourage you to hold firm at home. If circumstances were to collapse here, our people will need their leader.","Передайте это письмо Когтю Логова Жатвы.

---

Я пишу срочно, Алдер. Мы наконец раскрыли источник порчи, и это чудовищное зрелище. Незнакомец слился с заброшенным городом — городом, который каким-то образом ускользал от нас все эти годы. Небесные стражи говорят, что он был скрыт каким-то барьером, который прятал город от невооруженного глаза.

Незнакомец остался внутри этого барьера и, как мы видели с другими, приспособился к среде обитания. Он жил многие жизни. Он рос и поглощал, пока не стал непохожим на тех троих, за которыми мы охотились на громовом острове. Хотя он кажется окаменевшим от камня, одна его пасть может проглотить всё логово за один укус. Запах... Он хуже, чем у гниющего трупа; приторно-сладкий и кислый. Запах проникает во всё вокруг нас.

Небесные стражи говорят, что для победы над ним мы должны уничтожить его органы. Поскольку тело такое огромное, другого преимущества просто нет, и пока органы не остановлены, оно продолжает возрождать свой жизненный огонь. Признаюсь, меня мучает жестокость этого, но, похоже, другого пути нет.

Пока мы сражаемся с телом, отряд путеискателя пытается закрыть ядовитые врата в сердце города. Эти врата каким-то образом питают незнакомца, давая ему ещё больше силы. Тем не менее, я поднимаю копьё.

Я призываю тебя держаться стойко дома. Если обстоятельства здесь рухнут, нашему народу понадобится их лидер."
Handwerksstufen erreichen III,Достигнут III уровень мастерства.
"Have this item in your inventory when traveling to Lion's Arch.
This item can be created in the Mystic Forge by combining the following items:
• 1 Essence of Ebonhawke
• 2 Mystic Keystone Crystals
• 7 Piles of Mystic Dust
• 50 Mystic Coins

The first three components are drops from Mystic Chests. Mystic Chests are made in the Mystic Forge by combing the following items:
• 1 Essence of Halloween
• 250 Cured Thick Leather Squares
• 250 Cured Thick Leather Squares
• 250 Cured Thick Leather Squares","Держите этот предмет в инвентаре при путешествии в Lion's Arch.
Этот предмет можно создать в Mystic Forge, соединив следующее:
• 1 эссенцию Эбонхока
• 2 мистических краеугольных кристалла
• 7 горстей мистической пыли
• 50 мистических монет

Первые три составляющие выпадают из мистических сундуков. Мистические сундуки делаются в Mystic Forge соединением следующего:
• 1 эссенции Хэллоуина


• 250 квадратов дублёной толстой кожи• 250 квадратов дублёной толстой кожи• 250 квадратов дублёной толстой кожи"
Helft Mabon,Помогите Мейбону.
"Hello, 

I just wanted to thank you for your help with the arena. The soldiers need training to keep their skills sharp, and they've gotten their fill fighting the minotaurs and drakes you captured. Well done.

—Paenula Drakecatcher","Здравствуй,

Просто хотела поблагодарить за помощь с ареной. Солдатам нужны тренировки, чтобы не терять хватку, и они вдоволь насражались с минотаврами и дрейками, которых ты поймал. Отличная работа.

—Паэнула Дрейколов"
"Hello, Commander,

There's been another skritt-led security breach at the Black Lion vaults here in Lion's Arch, and Mr. Gnashblade is—to put it mildly—upset. They're calling themselves the Lock Bite Gang. Emboldened by the success of the Knife Tail Gang, they've worked themselves up into a larcenous frenzy.

They made off with a hefty haul, and we'd appreciate your help in reminding them that some shinies are off-limits. A few bruises should teach them to keep their noses out of our vaults, and you're welcome to keep any supplies you recover.

Stop by if you have any questions.

—Black Lion Vault Security Team","Здравствуй, командир,

В хранилищах Black Lion здесь, в Lion's Arch, случился очередной взлом с участием скриттов, и господин Гнэшблейд — мягко говоря — расстроен. Они зовут себя Бандой Замкогрыза. Воодушевлённые успехом Банды Ножехвостов, они впали в воровской раж.

Унесли они изрядно, и мы были бы признательны за помощь: напомни им, что кое-какие блестяшки трогать нельзя. Пара синяков научит их не совать нос в наши хранилища, а любые найденные припасы можешь оставить себе.

Заходи, если будут вопросы.

—Служба охраны хранилищ Black Lion"
"Hello, Wayfinder,

I have seen you around the Sleuth Brawlfields in Harvest Den and was wondering if you wanted to help me prove that the crow-footed skulker is real? Come talk to me if you are interested in discovering the truth. I will be waiting for you eagerly in Harvest Den.","Здравствуй, Путеводная Звезда,

Я видел тебя у Полей Потасовок Ищейки в Логове Жатвы и подумал: не хочешь ли помочь мне доказать, что ворононогий скрытень существует? Приходи поговорить, если тебе интересно докопаться до истины. Буду с нетерпением ждать тебя в Логове Жатвы."
"Hello, traveler.

You don't know me, but I've been given to understand you have an interest in apples. You could say I'm an apple gourmet. I find that eating fresh fruit does a lot for the hearing. Why, an apple a day, and you can hear Whispers a mile away! In any case, if you're looking to order a bushel of apples, here's the address for my favorite fruit seller in Lion's Arch. He'll help you with everything you need.

—Sincerely, a Friend

PS: Destroy this letter! I dunno, eat it or something. Get creative.","Здравствуй, путник.

Ты меня не знаешь, но мне дали понять, что ты интересуешься яблоками. Можно сказать, я знаток яблок. Я нахожу, что свежие фрукты весьма способствуют слуху. Что там, яблоко в день — и услышишь Шёпот за милю! Как бы то ни было, если надумаешь заказать бушель яблок, вот адрес моего любимого торговца фруктами в Lion's Arch. Он поможет со всем, что нужно.

—Искренне, Друг

P.S.: Уничтожь это письмо! Не знаю, съешь его, что ли. Прояви изобретательность."
"Hero,

Your accomplishments are well known by the movers and shakers in society, such that it is widely regarded that you are ready to face the toughest enemies that threaten us. As reports come in from around Tyria, we will notify you via mail of the current threats. Our cartographers will continuously update the world map with the locations of these trouble spots with a red portal marked ""Raid."" Inside these areas are myriad dangers that will require all the cunning, tactics, and strategy you can muster. When you're ready, head to one of these locations and speak with an informant. I caution you. You should rally a full squad to tackle these dangers, else you'll risk total failure.

Sincerely,

Your Herald","Герой,

Ваши достижения хорошо известны влиятельным лицам в обществе, так что широко признано, что вы готовы противостоять самым сильным врагам, угрожающим нам. По мере поступления сообщений со всей Тирии, мы будем уведомлять вас по почте о текущих угрозах. Наши картографы будут постоянно обновлять карту мира, указывая местоположения этих проблемных зон красным порталом с пометкой «Рейд». Внутри этих областей таятся множество опасностей, которые потребуют всей вашей хитрости, тактики и стратегии. Когда будете готовы, отправляйтесь в одно из таких мест и поговорите с информатором. Предупреждаю вас. Вам следует собрать полный отряд, чтобы справиться с этими опасностями, иначе вы рискуете полным провалом.

С уважением,

Ваш Глашатай"
"Hey there, Explorer! The Priory has another job for us. A tribe of hylek has been sacrificing its greatest warriors to a dragon minion. They think they're appeasing the beast, but they're actually just giving it more things to make undead. We're going to show them they're only making the enemy stronger. I'm enclosing the hylek village's location. See you there!
—Magister Sieran","Привет, исследователь! У Приората для нас новое дело. Племя хилеков приносит своих величайших воинов в жертву прислужнику дракона. Они думают, что задабривают тварь, а на деле лишь дают ей больше материала для нежити. Мы покажем им, что они только усиливают врага. Прилагаю расположение деревни хилеков. Увидимся там!
—Магистр Сиеран"
"Hides the energy of the right Eikasia, Mists-Grasper hand.
+5 Power
+9 Agony Resistance","Скрывает энергию правой руки «Эйкасия, Хватающая Туманы».
+5 к Силе
+9 к сопротивлению агонии"
Himmelsschuppen-Rettung,Спасение Химмельшкуппена
"Hope this finds you. Plant-man had to explain how to send. Moot goes on without a hitch now. You helped keep peace there, yes? Thank you.
—Zeetoktin, Vigil Recon","Надеюсь, это письмо дойдёт до тебя. Растению пришлось объяснять, как отправлять. Ярмарка прошла без происшествий, верно? Ты помог сохранить там мир, да? Спасибо.
— Зитоктин, разведчик Дозора"
"I always found it strange that the elementals here were not dangerous like the ones we're used to seeing. Isgarren's power is...a little scary, I think. To be able to control all of this at once while still keeping these Kryptis away. There's a sort of...calmness in observing them, like you can feel Isgarren through them. I suppose he didn't leave us to our own devices, in his own way. Distant, but mindful. And powerful.  

The people of Garenhoff have no idea... Fractal or no, they relied on the Wizard's Tower for comfort. Safety. I feel for them, especially now that their reality is blended with ours. I wish we could just take them to our Garenhoff, show them that there's nothing to fear anymore. But I know it's not that easy...  

We lost the Bastion of the Celestial to the Kryptis today—they've managed to breach Amnytas. Which means they're getting closer to the fractals. They're defenseless without us, but... Isgarren still refuses to ask for aid. Mabon is beside himself.","Мне всегда казалось странным, что здешние элементали не опасны, как те, к которым мы привыкли. Сила Исгаррена... немного пугает, я думаю. Быть в состоянии контролировать всё это сразу, одновременно удерживая этих криптисов подальше. В наблюдении за ними есть своего рода... спокойствие, будто через них можно почувствовать Исгаррена. Полагаю, он не оставил нас на произвол судьбы, по-своему. Отстранённый, но внимательный. И могущественный.

Жители Гаренхоффа понятия не имеют... Фрактал или нет, они полагались на Башню Чародея для утешения. Безопасности. Я сочувствую им, особенно теперь, когда их реальность смешалась с нашей. Хотелось бы нам просто отвести их в наш Гаренхофф, показать, что больше нечего бояться. Но я знаю, что это не так просто...

Сегодня мы потеряли Bastion of the Celestial — криптисы смогли прорваться в Амнитас. Это значит, что они приближаются к фракталам. Они беззащитны без нас, но... Исгаррен всё ещё отказывается просить помощи. Мейбон вне себя."
"I am nervous.

Mentor Sidony assures me that the rite of Divitium Nava is as much about the ceremony as the trials. As one who has always done their due diligence, I sought out the accounts of other candidates; at least those who took the time to write down their experiences.

To my surprise, I could find only four accounts that detailed the trials themselves with any veracity. Mentor Sidony informed me that the reason for this is simple: the trial chamber is never the same. It is designed to construct itself around the candidate, ensuring that no two candidates ever experience the trials within the same way.

Based on the accounts I read—which Mentor Sidony confirmed—the trials are always divided into three sections: trials of the body, trials of the mind, and trials of the spirit.

This information has not comforted me nor quelled my anxiety, however. If anything, it has made my stomach twist itself into knots. I feel ill...","Я нервничаю.

Наставница Сидони уверяет меня, что обряд Divitium Nava так же важен в церемонии, как и в испытаниях. Как человек, всегда выполняющий свои обязанности, я разыскал рассказы других кандидатов; по крайней мере тех, кто удосужился записать свой опыт.

К моему удивлению, я нашёл только четыре отчёта, которые с какой-либо достоверностью описывали сами испытания. Наставница Сидони сообщила мне, что причина этого проста: зал испытаний никогда не бывает одинаковым. Он создан так, чтобы формироваться вокруг кандидата, гарантируя, что никакие двое кандидатов никогда не пройдут испытания одинаково.

Основываясь на прочитанных мной отчётах — которые подтвердила наставница Сидони, — испытания всегда делятся на три части: испытания тела, испытания разума и испытания духа.

Эта информация, однако, не утешила меня и не уняла тревогу. Если уж на то пошло, она скрутила мой живот узлом. Меня тошнит..."
"I haven't seen so many happy travelers in a very long time. Thank you for helping my trading post.

And remember, if you ever need any goods, we're here to help! 

—Lexi Price","Я не видел так много счастливых путешественников уже очень давно. Спасибо, что помог моему Trading Post.

И помни, если тебе когда-нибудь понадобятся товары, мы здесь, чтобы помочь! 

—Lexi Price"
"I heard about your adventures in skritt country. Congratulations on recruiting them to our cause—experienced infiltrators (okay, thieves) will be an asset against the Elder Dragons.

Don't dwell on losing the skritt scratch—homes can be rebuilt. The important thing is that you saved lives and secured their help.

As for me, I'm heading to our old friend Caudecus's estate to support Queen Jennah as she meets with the charr ambassador. There's a chance Zojja may be there, but I don't expect a joyful Destiny's Edge reunion. In fact, I'll be lucky if she doesn't punch me in the knees.

Keep up the good work,

—Logan","Я слышал о твоих приключениях в стране скриттов. Поздравляю с вербовкой их в наше дело — опытные проникновенцы (ладно, воры) будут преимуществом в борьбе со Старшими Драконами.

Не зацикливайся на потере норы скриттов — дома можно отстроить заново. Важно то, что ты спас жизни и заручился их помощью.

Что касается меня, я направляюсь в поместье нашего старого друга Кодекса, чтобы поддержать королеву Дженну на встрече с послом чаров. Есть шанс, что Зойя будет там, но я не ожидаю радостного воссоединения Края Судьбы. По правде говоря, мне повезёт, если она не ударит меня по коленям.

Продолжай в том же духе,

—Логан"
"I knew it. Those fools on the committee are trying to shut me down. And all because my findings are TOO consistent, my lab TOO productive and efficient.

Of course they pandered to me. They acknowledged that we've successfully confirmed that Kralkatorrik's lieutenants are able to Brand the dead, likely due to Kralkatorrik having absorbed Zhaitan's magic. But then they dared complain that we're generating too much waste and costing too much in cadaver requisitions. They're ""puzzled"" why we need further testing at this point.

The reasons are obvious: You can never have too much data. I'm confident reason will win out. This lab is simply too important to shut down.","Я так и знал. Эти дураки из комитета пытаются меня закрыть. И всё потому, что мои результаты СЛИШКОМ последовательны, моя лаборатория СЛИШКОМ продуктивна и эффективна.

Конечно, они мне льстили. Они признали, что мы успешно подтвердили, что лейтенанты Кралькаторрика способны клеймить мёртвых, вероятно, из-за того, что Кралькаторрик поглотил магию Зайтана. Но затем они осмелились пожаловаться, что мы производим слишком много отходов и тратим слишком много на закупку трупов. Они «озадачены», почему нам нужно дальнейшее тестирование на этом этапе.

Причины очевидны: данных никогда не бывает слишком много. Я уверен, что разум восторжествует. Эта лаборатория просто слишком важна, чтобы её закрывать."
"I knew you'd help us in our time of need, %str1%. Thanks for helping this war-torn establishment feel like home again. We couldn't have done it without you.

—Baron Jon Xander","Я знал, что вы поможете нам в час нужды, %str1%. Спасибо, что помогли этому израненному войной заведению снова почувствовать себя домом. Мы бы не справились без вас.

—Baron Jon Xander"
"I know my fans have been eagerly anticipating my latest holiday work, but I must confess: the information I have on Cantha and its traditions is far too outdated to write a satisfactory tribute to this important human holiday. As all great artists do, I strive for authenticity, and my sources are too far removed.
 
I have standards to maintain. I'm sure you all understand.
 
—SG","Я знаю, что мои поклонники с нетерпением ждали мою последнюю праздничную работу, но должен признаться: информация, которую я имею о Кантхе и её традициях, слишком устарела, чтобы написать достойную дань уважения этому важному человеческому празднику. Как и все великие художники, я стремлюсь к аутентичности, а мои источники слишком далеки.
 
У меня есть стандарты, которые нужно поддерживать. Уверен, вы все понимаете.
 
—SG"
"I know you won't—can't—read this, but at the suggestion of a new friend, I am writing my feelings on paper and casting them out to sea. The chance this reaches you is slight, I know, but the small comfort that it might find your remains soothes my aching heart.

It has been 259 days since our fateful voyage. Since the storm. A whole agonizingly slow 259 days since you were taken by the ocean. Now all I can do is wish to go back in time, to be able to pull you from the tumultuous sea.

Your voice rings in my head, telling me it's not my fault. Still, I can't help but feel it is. There had to be something different I could've done. And while I miss home, I don't long for it as I do you. Even given the chance to go home, I'd stay here just to be close to you. Going back would just start the heartbreak all over again.

Forever grieving you,
Lyla","Я знаю, что ты не прочитаешь — не сможешь прочитать — это, но по совету нового друга я записываю свои чувства на бумаге и бросаю их в море. Шанс, что это достигнет тебя, ничтожен, я знаю, но слабое утешение, что это может найти твои останки, успокаивает моё ноющее сердце.

Прошло 259 дней с нашего рокового плавания. С того шторма. Целых мучительно медленных 259 дней с тех пор, как океан забрал тебя. Теперь всё, что я могу сделать, — это пожелать вернуться в прошлое, чтобы вытащить тебя из бушующего моря.

Твой голос звучит в моей голове, говоря мне, что это не моя вина. И всё же я не могу не чувствовать, что это так. Должно быть, я могла сделать что-то иначе. И хотя я скучаю по дому, я тоскую по нему не так, как по тебе. Даже если бы мне дали шанс вернуться домой, я осталась бы здесь, чтобы быть рядом с тобой. Возвращение только снова разбило бы мне сердце.

Вечно скорбящая по тебе,
Лайла"
"I learned many songs while tracing the steps of the heroes who ventured forth into the heart of the Maguuma Jungle.
—Chief Melodist Flac","Я выучил много песен, следуя по стопам героев, отправившихся в самое сердце Maguuma Jungle.
—Главный мелодист Флак"
"I like the way you get things done, %str1%. Thanks for taking the time to help our village. You'll always be welcome here.
— Deno Scratchback","Мне нравится, как вы делаете дела, %str1%. Спасибо, что нашли время помочь нашей деревне. Вы всегда будете здесь желанным гостем.
— Дено Царапина"
"I must say, I was quite skeptical at your search for a solution. Statistically, you should have been burned alive, eaten by wurms, mauled by Destroyers, or all of the above. However, despite all of that, you prevailed. Not bad. I now see why Taimi keeps you around. I will send her a report giving a detailed account of your heroics. Until then, stay temperate.

—Scientist Vratt","Должен сказать, я был весьма скептичен насчёт твоих поисков решения. Статистически, тебя должны были сжечь заживо, съесть черви, растерзать Разрушители или всё вместе. Однако, несмотря на всё это, ты преуспел. Неплохо. Теперь я понимаю, почему Тайми держит тебя рядом. Я отправлю ей отчёт с подробным описанием твоих геройств. А пока — сохраняй умеренность.

—Учёный Вратт"
"I never wanted to keep anyone in the dark.

Also? I hate that idiom. It sounds cruel, like you're doing it to hurt someone. Being trapped in the dark is never a good thing.

So, let's come up with a new idiom: I was omitting the truth so my friends and colleagues wouldn't worry about me. Because we have to save the world. And saving the world is going to require planning and strategy. And it's harder to plan and even harder to strategize when you're also wondering, ""Is Taimi okay now? Should I check on her?""

Okay, that's not really an idiom. But the sentiment's there.

Here's the real problem: I know the commander. I know everyone in Dragon's Watch. Their hearts are too big. They care too much. I need them to care less about me for a little while, just until we fix this. Until we can stop.

Saving the whole world? That's a big mission. Impossibly big. It's hard to fathom the stakes. When push comes to shove, will they be thinking about the whole world, or will they think about me and my condition? When they have to make decisions, strategize, travel places, delve into ruins...will they be thinking about the whole world, or will they be worried whether or not I'm in pain?

I know they'd never sideline me, but I don't want to put them in a spot where they'd...you know...

...have to consider it in the first place.","Я никогда не хотел держать кого-то в неведении.

И ещё? Ненавижу эту идиому. Она звучит жестоко, будто ты делаешь это, чтобы причинить боль. Оказаться в темноте — никогда не хорошо.

Так что давай придумаем новую идиому: я утаивал правду, чтобы мои друзья и коллеги не волновались за меня. Потому что мы должны спасти мир. А спасение мира потребует планирования и стратегии. А планировать и тем более стратегировать сложнее, когда ты ещё и думаешь: «С Тайми всё в порядке? Мне проверить её?»

Ладно, это не совсем идиома. Но смысл понятен.

Вот настоящая проблема: я знаю командира. Я знаю всех в Драконьем Дозоре. У них слишком большие сердца. Они слишком заботятся. Мне нужно, чтобы они заботились обо мне поменьше, хотя бы ненадолго, пока мы не исправим это. Пока не сможем остановиться.

Спасти весь мир? Это большая миссия. Невозможно большая. Трудно осознать ставки. Когда дойдёт до дела, будут ли они думать о целом мире или обо мне и моём состоянии? Когда им придётся принимать решения, стратегировать, путешествовать, углубляться в руины... будут ли они думать о целом мире или беспокоиться, не больно ли мне?

Я знаю, они никогда не отодвинут меня в сторону, но я не хочу ставить их в положение, где им... ну, знаешь...

...пришлось бы об этом думать в первую очередь."
"I once listened to the words of a hermit who spoke of the power in water. Still and pure, it can be enchanted as a mirror that reflects other places and times.

Asking only simple rituals, it manifests deep visions. A hero once harnessed its power using mementos of events in the recent past. Perhaps whatever ancients created this place did so in anticipation of such a need.

To you, Champion of a later age, I leave this instruction. Uncover the relics of your history, and begin to master the powers of these waters.

In that still and silent pool, may strength from the past fortify you for what is yet to come.","Однажды я слушал слова отшельника, говорившего о силе воды. Тихая и чистая, она может быть зачарована как зеркало, отражающее иные места и времена.

Прося лишь простых ритуалов, она являет глубокие видения. Один герой некогда обуздал её силу с помощью памятных вещей из недавнего прошлого. Быть может, древние, создавшие это место, предвидели такую нужду.

Тебе, Чемпион позднейшей эпохи, я оставляю это наставление. Отыщи реликвии своей истории и начни постигать силу этих вод.

Пусть в этой тихой и безмолвной заводи сила прошлого укрепит тебя перед грядущим."
"I regret to inform you, on behalf of Tribune Torga Desertgrave, that your warband suffered heavy casualties during the recent defense of Smokestead. While the tribune considers your performance during the engagement to have been exemplary, the tragic losses to your ranks necessitate some consideration of your future with the Ash Legion. Tribune Desertgrave requests that you meet her in the Black Citadel to discuss the matter.
—Fengar Cruelmane, aide-de-camp to Tribune Torga Desertgrave of the Ash Legion","С прискорбием сообщаю вам от имени трибуны Торги Пустомогила, что ваш отряд понёс тяжёлые потери во время недавней обороны Дымного Хутора. Хотя трибуна считает ваши действия в бою образцовыми, трагические потери в ваших рядах требуют рассмотрения вашего будущего в Ash Legion. Трибуна Пустомогил просит вас встретиться с ней в Black Citadel для обсуждения этого вопроса.
—Fengar Cruelmane, адъютант трибуны Торги Пустомогила из Ash Legion"
"I was complaining about not having enough flour for my cakes, and my mom said that if it wasn't for you we wouldn't have any flour at all so I decided to give you a cake. I spilled some salt in the batter but I got most of it out.

Hope you like it!
Debbie

P.S. Mom says that mail is expensive but that I can send you appreciation cakes anytime by giving them to Clanmarshal Sana. Check with her and get free cakes!","Я жаловалась, что у меня не хватает муки для пирожных, и моя мама сказала, что если бы не ты, у нас вообще не было бы муки, поэтому я решила подарить тебе пирожное. Я просыпала немного соли в тесто, но большую часть вытащила.

Надеюсь, тебе понравится!
Дебби

P.S. Мама говорит, что почта дорогая, но я могу отправлять тебе благодарственные пирожные в любое время, передавая их Кланмаршалу Сане. Свяжись с ней и получай бесплатные пирожные!"
"I'm about to drown and I can't think of anything to say. 

Or anybody to write to. 

My head's spinning. I'm panicking. Remember me. Just remember me.","Я вот-вот утону и не могу придумать, что сказать.

Или кому написать.

Голова кружится. Паникую. Помните меня. Просто помните меня."
"I'm not much for saying ""thank you,"" so don't expect me to. However, you did well in helping the mine. Technically, that means I'm indebted to you. 

Don't let it go to your head, but you do good work. 

—Gilli, Engineer","Я не большой любитель говорить «спасибо», так что не ждите этого. Однако вы хорошо помогли шахте. Технически это значит, что я у вас в долгу. 

Не зазнавайтесь, но вы хорошо работаете. 

—Гилли, инженер"
"I've been getting congratulations all around for how upended the Jade Brotherhood's operations have been lately. I'm making sure every one of the Kestrels knows you're the one to thank for it.

Echovald appreciates your efforts.","Меня все поздравляют с тем, как сильно подорвана деятельность Jade Brotherhood в последнее время. Я прослежу, чтобы каждый из Кречетов знал, что благодарить за это нужно тебя.

Эховальд ценит твои усилия."
"I've found an excellent site for our skyscale hatchery in Jahai Bluffs. The heavy lifting has all been managed—the equipment is deployed, and the eggs are safe—but there's still more to do. Come to Sun's Refuge, and I'll give you a more thorough briefing.
<c=@Warning>This content requires all the episodes of Living World Season 4.</c>","Я нашёл отличное место для нашего инкубатория скайскейлов в утёсах Джахай. Все тяжёлые работы уже выполнены — оборудование развёрнуто, яйца в безопасности — но ещё многое предстоит сделать. Приходите в Убежище Солнца, и я дам вам более подробный инструктаж.
<c=@Warning>Для этого контента требуются все эпизоды Живого Мира Сезона 4.</c>"
"I've received word that you've completed the deliveries I requested. With a little luck, the exiles should be clear of the Awakened soon. I can't thank you enough for all you've done.

Come visit the skimmer ranch whenever you're free. I'll have skimmer treats ready!

—Ardra","Я получил известие, что вы выполнили доставки, которые я просил. С небольшой удачей изгнанники скоро будут в безопасности от Пробуждённых. Я не могу отблагодарить вас в полной мере за всё, что вы сделали.

Приходите на ранчо скакунов, когда будете свободны. У меня будут готовы угощения для скакунов!

— Ардра"
"If you have a skill set to <c=@Quest>auto-attack</c>, you will automatically use that skill until the enemy is defeated.

You can toggle auto-attack on a skill with <c=@Quest>CTRL + Mouse 2</c>. Do this by holding CTRL and selecting the skill with the right mouse button.","Если навык настроен на <c=@Quest>автоатаку</c>, вы будете использовать его автоматически, пока враг не побеждён.

Переключить автоатаку навыка можно через <c=@Quest>CTRL + Mouse 2</c>: удерживая CTRL, выберите навык правой кнопкой мыши."
Ihr besitzt bereits die höchstmögliche Anzahl dieses Gegenstands.,У вас уже есть максимально возможное количество этого предмета.
"Impressive skills you've got there! Dealing with those Separatists is never easy. I think I even learned a thing or two from watching you. It's clear those humans had no idea who they were dealing with, truly. Keep up the good work.
— Torruh Sweptweave","Впечатляющее мастерство! С этими сепаратистами всегда непросто. Кажется, я и сам кое-чему научился, наблюдая за тобой. Ясно, что эти люди и понятия не имели, с кем связались. Так держать.
— Торру Свептвив"
"In Dragon's End, gain 10 seconds of might and fury when entering and exiting combat. 4%% increase to health, kill experience, and outgoing damage.

Each stack of this effect will grant access to a bonus chest at the end of the Dragon's End's meta-event.","В локации «Dragon's End» при входе и выходе из боя получайте 10 секунд мощи и ярости, а также 4%% увеличение к здоровью, опыту за убийства и исходящему урону.

Каждый стак этого эффекта позволит получить доступ к дополнительному сундуку в конце мета-события «Конец Дракона»."
"In the dry streambed where there was once only dust, water is flowing again. And for residents of the small village of Redplain, hope is flowing with it, after years of hardship following the diversion of the Ullen River. While appeals to the local authority have still gone unanswered, help has arrived in an unusual form.

The benefactor, a hydrological engineer from Rata Sum who didn't give residents a name, has taken it upon himself to reroute a branch of the river through the village before reconnecting with the main flow, allowing vital access without disrupting the waterway's eventual destination.

But the reactions have not all been positive. Administrator Grozz, who oversees the river, was furious in his response: ""We cannot have miscreants interfering with our work without filing a report, having a formal survey done, paying the necessary fees, and allowing for our direct oversight. There is protocol and procedure to these things. If he were to go through the proper channels, an assessment could be started as soon as six months from now.""

As for the engineer in question, he left as soon as the work was done, and we have not been able to reach him for comment.","В пересохшем русле, где когда-то была лишь пыль, снова течёт вода. И для жителей маленькой деревни Редплейн вместе с ней течёт надежда после лет лишений, последовавших за отводом реки Уллен. Хотя обращения к местным властям остались без ответа, помощь пришла в необычной форме.

Благодетель, инженер-гидролог из Рата-Сума, не назвавший жителям своего имени, взял на себя труд проложить ответвление реки через деревню, прежде чем соединить его с основным потоком, обеспечив жизненно важный доступ без нарушения конечного пути водотока.

Но реакция была неоднозначной. Администратор Грозз, надзирающий за рекой, был в ярости: «Мы не можем допустить, чтобы проходимцы вмешивались в нашу работу без подачи отчёта, проведения официальной съёмки, уплаты необходимых пошлин и нашего непосредственного надзора. В этих делах есть протокол и процедура. Если бы он пошёл по надлежащим каналам, оценка могла бы начаться уже через шесть месяцев».

Что касается самого инженера, он уехал, как только работа была завершена, и мы не смогли связаться с ним для комментария."
"In the limitless reaches of the Fractals of the Mists, it is not impossible that you should run into yourself. It could be a nearly identical copy, an evil double, or a version of you that made a different decision at some critical juncture in your life!

If you find yourself meeting yourself, take a deep breath, and keep a few key points in mind:
- Do not engage yourself in conversation, especially about the differences in your lives.
- Do not fight with yourself! This can lead to lingering nightmares and trauma.
- Attempt to exit the encounter and fractal without extended exposure to the copy.
- Upon your return to Tyria, be sure to mention the encounter in your report, and attend a clone-screening session. (See Consortium Troubleshooter's Manual, Section 14.)","В бескрайних просторах Fractals of the Mists не исключено, что вы встретите самого себя. Это может быть почти идентичная копия, злой двойник или версия вас, принявшая иное решение в какой-то критический момент вашей жизни!

Если вы встретите себя, сделайте глубокий вдох и запомните несколько ключевых моментов:
- Не вступайте с собой в разговор, особенно о различиях в ваших жизнях.
- Не сражайтесь с собой! Это может привести к затяжным кошмарам и травмам.
- Постарайтесь покинуть встречу и фрактал без длительного контакта с копией.
- По возвращении в Тирию обязательно упомяните эту встречу в своём отчёте и посетите сеанс проверки на клонов. (См. Руководство консорциума по устранению неполадок, раздел 14.)"
"In which His Royal Madness ascends to the Krytan throne and wields his first decree.,
'<c=@flavor>—Search the dead streets and forgotten thoroughfares of another Lion''s Arch. (Site #2)',
'—Say more now and look more where Kryta''s descendants are buried. (Site #3)</c>'","В котором Его Королевское Безумие восходит на крайтанский трон и издаёт свой первый указ.,
'<c=@flavor>—Обыщите мёртвые улицы и забытые проходы другого Львиного Шпиля. (Место #2)',
'—Скажи больше сейчас и смотри больше туда, где покоятся потомки Крайта. (Место #3)</c>'"
"Ingredient
A rare potato found hidden in potato patches.
<c=@flavor>A rare and wonderfully complex potato.<c>","Ингредиент
Редкий картофель, спрятанный на картофельных полях.
<c=@flavor>Редкий и удивительно сложный картофель.<c>"
"Investigation of foreign pirate activity has thus far encompassed Shing Jea Island. We're unable to ascertain the location of their hideout, but concerned citizens have reported sightings of suspicious markings. The common description seems to be a cog or skull with a sword in the foreground.

This may be some form of communication for the criminals of this organization; sketches of these markings have been sent to the Ministry of Intelligence for analysis.","Расследование деятельности иностранных пиратов до сих пор охватывало остров Shing Jea. Мы не можем определить местонахождение их убежища, но обеспокоенные граждане сообщали о наблюдении подозрительных знаков. Общее описание — шестерня или череп с мечом на переднем плане.

Возможно, это какая-то форма связи для преступников этой организации; наброски этих знаков были отправлены в Министерство разведки для анализа."
"It had been too long since I returned to Caledon to check on the state of the market. Ever since the birth of the sylvari, I've monitored the area as closely as I could without interfering with nature. But...I've had an urge to check in on their well-being. After Mordremoth, I needed to see how they were faring. It feels cruel that I hadn't checked in sooner.  
  
I didn't wear my face, as I promised to Isgarren (should he find this account), but these are some of the few non-Astral Ward that know my real name. Who know who I am—despite presenting as an especially kind-faced charr. And Ofilia's scream when I rounded the path made the venture out of Amnytas worth it.  
  
We only sat for a short while, watching travelers pass. Myrtle prepared us some fresh basil tea with just a pinch of buttermilk—I never tire of Tyrian cuisine. They were well, it seemed. Things in the Grove have been uneasy since Mordremoth's rise and death, but they were moving in a direction of peace. Some sylvari have left the shadow of the Pale Tree in search of what's next; others have lost faith, but even the Nightmare Court has calmed in the following years. Fewer attacks, at least.  
  
We recounted our first meeting—that dreary day. Many of the sylvari still lingered within the warm embrace of the Grove, but Malbi was curious about the world. Barely a few months old, and one of the few brave enough to not only venture into the wild but live beyond the walls of their garden sanctuary. The market hadn't been established, but she called that little red bulb home.  
  
I was headed back from the jungle when I heard her scream. The krait had found her little sanctuary. I expelled the enemy, and... Poor Malbi; surely she didn't know what to do with me either. Had never seen a charr before as the cease-fire was still recent, and even if I sculped that identity to be as warm as possible, having a large feline stand before her was frightening nonetheless. When I convinced her that I was no foe, her face lit up with joy—the same curiosity I attribute to all their kind. Lovely, beautiful creatures.  
  
My visit was cut short when I felt Isgarren's pull at the back of my mind, beckoning me back to the Wizard's Tower. I held my friends for a long moment. And then I left.  
  
I won't take as long to visit them next time.","Прошло слишком много времени с тех пор, как я вернулся в Каледон, чтобы проверить состояние рынка. С самого рождения сильвари я следил за этой областью так близко, как только мог, не вмешиваясь в природу. Но... у меня возникло желание проверить, как у них дела. После Мордремота мне нужно было увидеть, как они поживают. Кажется жестоким, что я не проверил их раньше.  
  
Я не показывал своё лицо, как обещал Исгаррену (если он найдёт эту запись), но это одни из немногих не из Astral Ward, кто знает моё настоящее имя. Кто знает, кто я — несмотря на то, что я представляюсь особенно добродушным чарром. И крик Офилии, когда я обогнул тропу, сделал вылазку из Амнитаса стоящей.  
  
Мы сидели совсем недолго, наблюдая за проходящими путниками. Миртл приготовила нам свежий чай с базиликом и щепоткой пахты — я никогда не устаю от тирийской кухни. У них всё было хорошо, казалось. В Роще было неспокойно после возвышения и смерти Мордремота, но они двигались в направлении мира. Некоторые сильвари покинули тень Pale Tree в поисках того, что будет дальше; другие потеряли веру, но даже Ночной Корт успокоился в последующие годы. По крайней мере, меньше атак.  
  
Мы вспомнили нашу первую встречу — тот унылый день. Многие сильвари всё ещё оставались в тёплых объятиях Рощи, но Малби была любопытна к миру. Едва несколько месяцев от роду, и одна из немногих смелых, кто не только отважился выйти в дикую природу, но и жить за стенами своего садового убежища. Рынок ещё не был основан, но она называла ту маленькую красную луковицу домом.  
  
Я возвращался из джунглей, когда услышал её крик. Крайты нашли её маленькое убежище. Я изгнал врага, и... Бедная Малби; конечно, она тоже не знала, что со мной делать. Никогда раньше не видела чарра, так как прекращение огня было ещё недавним, и даже если я вылепил эту личность максимально тёплой, стоять перед ней крупному кошачьему было всё равно страшно. Когда я убедил её, что я не враг, её лицо засияло от радости — то же любопытство, которое я приписываю всем их сородичам. Прекрасные, красивые создания.  
  
Мой визит был прерван, когда я почувствовал зов Исгаррена в глубине сознания, призывающий меня обратно в Wizard's Tower. Я обнял своих друзей на долгий миг. А затем ушёл.  
  
В следующий раз я не буду так долго ждать, чтобы навестить их."
"It wouldn't be a proper celebration without your attendance. Join me in Hoelbrak for another moot for the ages! There will be tests of strength, racing, food, song, and most importantly—ale.

I'll see you there. Unless, of course, you don't enjoy fun.

— Knut ""Wrangler of Issormir"" Whitebear","Это не будет настоящим праздником без твоего присутствия. Присоединяйся ко мне в Хельбеке на очередную сходку, которая запомнится на века! Будут испытания силы, гонки, еда, песни и, самое главное — эль.

Увидимся там. Если, конечно, тебе не чуждо веселье.

— Кнут «Укротитель Иссормира» Белый Медведь"
"Item can only be spent at your guild hall arena.
Talk to the Obstacle Coordinator in your guild hall.","Предмет можно потратить только на арене вашего гильдейского зала.
Поговорите с координатором препятствий в вашем гильдейском зале."
"Ivane Saberlin,
809 Frost X00V,
Balance","Иван Саберлин,
809 Мороз X00V,
Баланс"
Jetzt gibt es die Winzige Königskrone!,Jetzt gibt es die Winzige Königskrone!
Kiboz Rapideater,Kiboz Rapideater
Kodan-Bärchens Gefährte,Спутник кодан-медвежонка
"Koss on Koss, Volume Two: Life after the Cave

Author's Note: After the success of Koss on Koss, my publisher talked me into writing a sequel. Who am I to refuse? Keep in mind: work in progress.

First Day, 1094 AE

Today I begin a new chapter of my afterlife. At long last, Palawa Joko is dead—and I'm free to leave the prison I've made for myself.

But as I emerge from that infernal cave for the first time in centuries, I find myself hesitating. So many years have passed—the world I left behind has moved on without me. What if there's no longer a place for an old warrior like me?

No, I can't think that way. There will always be a need for Koss. I need to focus on helping those who need it, and on rebuilding the Sunspears.

And my family. Melonni, my children. Tahlkora. I have to find out what happened to them. This is my new purpose.","Koss on Koss, Том второй: Жизнь после пещеры

Примечание автора: После успеха «Косс о Коссе» мой издатель уговорил меня написать продолжение. Кто я такой, чтобы отказываться? Имейте в виду: работа в процессе.

Первый день, 1094 г.Э.

Сегодня я начинаю новую главу моей загробной жизни. Наконец-то Palawa Joko мёртв — и я свободен покинуть тюрьму, которую сам для себя создал.

Но когда я выхожу из той адской пещеры впервые за столетия, я замечаю, что колеблюсь. Столько лет прошло — мир, который я оставил, ушёл вперёд без меня. Что, если больше нет места для такого старого воина, как я?

Нет, я не могу так думать. В Коссе всегда будет потребность. Мне нужно сосредоточиться на помощи тем, кто в ней нуждается, и на восстановлении Копьеносцев.

И моя семья. Мелонни, мои дети. Талкора. Я должен узнать, что с ними случилось. Это моя новая цель."
"Krewe Field Update: Skritt research progressing. Widd and Genna excited and busy. Work done by %str1% producing practical applications.<br><br>Copies sent to %str1% and the Arcane Council.

—Researcher Zippti","Полевое обновление крю: Исследования скриттов продолжаются. Видд и Генна возбуждены и заняты. Работа, выполненная %str1%, приносит практические результаты.<br><br>Копии отправлены %str1% и Совету Арканы.

—Исследователь Зиппти"
La Faille brisée,Разбитый разлом
"Lady Joon's underwater reactor is the final facility to be completed in New Kaineng.

The facility will rest on an old outpost built after the flood. It was used to track Risen movements out of the ruins of the old city to the north. The outpost had been closed, gods, how many years has it been...twenty-six? When the walls finally went up, it was abandoned—it was no longer necessary. And then came jade tech.

Rumor has it, the outpost was being used as a Purist hideout. I haven't been able to confirm this information, yet, but if there's an ounce of truth to that speculation... Well, they'll need to come up for air eventually.

Minister Doh Preeda, Ministry of Archives, 1836 CC","Подводный реактор леди Джун — последний объект, который предстоит завершить в Новом Кайнинге.

Реактор будет установлен на старой заставе, построенной после потопа. Она использовалась для отслеживания передвижений Восставших из руин старого города на севере. Застава была закрыта, боги, сколько лет прошло... двадцать шесть? Когда стены наконец возвели, её забросили — надобность отпала. А потом пришли джейд-технологии.

Ходят слухи, что застава использовалась как убежище Пуристов. Я пока не смог подтвердить эту информацию, но если в этих догадках есть хоть капля истины... Что ж, им придётся когда-нибудь вынырнуть за воздухом.

Министр До Преда, Ministry of Archives, 1836 КК"
Landung,Посадка
"Last Ping: %num1%ms
Average Ping: %num2%ms","Последний пинг: %num1%ms
Средний пинг: %num2%ms"
"Last Will and Testament, Just in Case  
  
Wasn't gonna share this with Stace or Janay. Told them it was mine. Pretty sure they've given up looking for me. Got hurt getting here though. Leg sure does smell awful. Feeling hot.  
  
Gonna try to get down now. Just gotta take a little rest first. If I don't make it, just don't give none of this treasure to Janay or Stace!","Завещание и последняя воля, на всякий случай  
  
Не собирался делиться этим с Стейси или Джаней. Сказал им, что это моё. Уверен, они уже перестали меня искать. Ранен, пока добирался сюда. Нога ужасно воняет. Чувствую жар.  
  
Попробую спуститься сейчас. Только сначала немного отдохну. Если не выберусь, не отдавайте ни капли этого сокровища Джаней или Стейси!"
Legado,Легадо
"Lehn,

I'm sorry, I really am. Words cannot excuse the pain I've dealt, but I hope they better explain why I've left.

I never thought that I'd get to see the world...to travel. I thought that Cantha was it, that there was nothing else for me. But then...everything changed. Our world changed.

I know you want to stay here, in Kaineng. You want to be with your family, but my mother might still be out there. Somewhere. Waiting for me to leave these borders and find her. So that's exactly what I'm going to do.

I couldn't see the wedding through. Not with this burning urge to leave—to ride the ocean waves to wherever they may carry me.

Lehn, I hope you find peace. And love. I hope you find everything that you want, and I'm sorry that it wasn't me.

Aliseau","Лен,

Прости меня, правда. Словами не извинить боль, которую я причинил, но, надеюсь, они объяснят, почему я ушёл.

Я никогда не думал, что увижу мир... что буду путешествовать. Думал, Кантха — это всё, что мне нужно. Но потом... всё изменилось. Наш мир изменился.

Я знаю, ты хочешь остаться здесь, в Кайнинге. Ты хочешь быть со своей семьёй, но моя мать, возможно, всё ещё где-то там. Ждёт, пока я покину эти границы и найду её. Так что именно это я и сделаю.

Я не смог довести свадьбу до конца. Не с этой жгучей жаждой уйти — плыть по океанским волнам, куда бы они меня ни занесли.

Лен, надеюсь, ты обретёшь покой. И любовь. Надеюсь, ты найдёшь всё, что хочешь, и прости, что это была не я.

Ализо"
Leones desenfrenados,Необузданные львы
"Liebevoll ausgebrütet.<br>Kombiniert in der Mystischen Schmiede 1 gelbes, 1 weißes und 1 braunes Kuckuck-Junges mit 20 nicht identifizierten Farben, um ein himmlisches Kuckuck-Junges zu erschaffen.","Высижено с любовью.<br>Смешайте в Таинственной кузнице 1 жёлтого, 1 белого и 1 коричневого птенца кукушки с 20 неопознанными красителями, чтобы создать небесного птенца кукушки."
"Liebevoll ausgebrütet.<br>Kombiniert in der Mystischen Schmiede 2 braune Kuckuck-Junge und 1 blaues Kuckuck-Junges mit 4 nicht identifizierten Farben, um ein schwarz-grünes Kuckuck-Junges zu erschaffen.","Высижено с любовью.<br>Смешайте в Таинственной кузнице 2 коричневых птенцов кукушки и 1 синего птенца кукушки с 4 неопознанными красителями, чтобы создать чёрно-зелёного птенца кукушки."
Loca maldad,Злобное место
"Look, it's Koss!

Koss is boss.

Let's hug Koss.

Now Koss is cross.","Глянь, это Косс!

Косс — босс.

Давай обнимем Косса.

Теперь Косс злой."
"Looking to go from apprentice to master in the art of observing, charting, and interpreting the stars? Then break out your telescope and switch up your sleep schedule, because this comprehensive guide from Scholar Fatima (author of ""Star Charts,"" ""Advanced Star Charts,"" and the best-selling ""A Fool's Guide to Star Charts"") is the first and last resource you'll ever need!

Learn the basics of ascension and declination notation, the most ideal times of the lunar cycle to make observations, proper drawing techniques, and even weather-prediction tips to ensure you always have the best possible star-charting conditions.","Хотите пройти путь от подмастерья до мастера в искусстве наблюдения, составления карт и толкования звёзд? Тогда доставайте телескоп и меняйте режим сна, потому что это подробное руководство от учёной Фатимы (автора «Звёздных карт», «Продвинутых звёздных карт» и бестселлера «Дурацкое руководство по звёздным картам») — первый и последний ресурс, который вам когда-либо понадобится!

Узнайте основы обозначения восхождения и склонения, идеальное время лунного цикла для наблюдений, правильные техники рисования и даже советы по прогнозированию погоды, чтобы у вас всегда были наилучшие условия для составления звёздных карт."
"Made by combining these items in the Mystic Forge:
• 250 Vicious Fangs
• 250 Armored Scales
• 250 Vicious Claws
• 250 Ancient Bones","Создаётся соединением этих предметов в Mystic Forge:
• 250 Vicious Fangs
• 250 Armored Scales
• 250 Vicious Claws
• 250 Ancient Bones"
"Manikaz,  
  
Lazarus tells me you are now solely in charge of the Sanguine Crater site. I will not waste my time with congratulations; you and I both know you wished to be here, at the Door of Komalie. Our forces in the Shiverpeaks have been routed by the Shining Blade, the Deldrimor, and their allies. Some of our own have even noted that they resist our spectral magic. Secrets that were supposed to have died with the Seers.  
  
We are struggling to keep the soul batteries replenished. I suspect the forces beyond the door are working their end with increased intensity, which is why I am writing to you. Our sacrifices at Bloodstone Fen and here have not been enough. One of my little mice in the grass tells me you are researching a potential connection between bloodstones. An easier way to transport souls betwixt shards. Should this be true, then consider this next statement an official directive.  
  
You are to commence with further sacrifices, starting with the remaining humans and kodan. Once they are gone, begin to round up our dissidents, the insane, and the weak. They will have the privilege of serving the cause. If you do this, Lazarus and I will see that your discovery is lauded for centuries.  
  
Be prepared to transfer the souls to the Komalie site. Do not fail us.  
  
Mercia","Маниказ,

Лазарус говорит мне, что ты теперь единолично отвечаешь за участок Кровавого Кратера. Я не буду тратить время на поздравления; мы оба знаем, что ты хотел быть здесь, у Врат Комали. Наши силы в Ледяных Пиках были разбиты Сияющим Клинком, Дельдримором и их союзниками. Некоторые из наших даже заметили, что они сопротивляются нашей призрачной магии. Секреты, которые должны были умереть вместе с Провидцами.

Мы изо всех сил пытаемся пополнить батареи душ. Я подозреваю, что силы за вратами работают с удвоенной интенсивностью, поэтому я пишу тебе. Наших жертв в Кровавом Топе и здесь было недостаточно. Одна из моих маленьких мышек в траве говорит мне, что ты исследуешь потенциальную связь между кровавыми камнями. Более лёгкий способ перемещать души между осколками. Если это правда, то считай следующее заявление официальным распоряжением.

Ты должен начать новые жертвоприношения, начиная с оставшихся людей и коданов. Когда они закончатся, начинай собирать наших диссидентов, безумцев и слабых. У них будет привилегия служить делу. Если ты это сделаешь, Лазарус и я позаботимся о том, чтобы твоё открытие прославляли веками.

Будь готов переправить души на участок Комали. Не подведи нас.

Мерсия"
Mano forzada,Принудительная помощь
Mejor no repetimos,Лучше не повторяться.
"Meta-events can include a majority of content from past expansions or Living World episodes.

This achievement can be reset by purchasing Recollection of Bearkin's Adversaries to acquire additional copies of the reward.","В мета-события могут быть включены основные элементы контента из прошлых дополнений или эпизодов «Живой истории».

Это достижение можно сбросить, приобретя «Воспоминания о врагах Медведя», чтобы получить дополнительные копии награды."
"Mina's sending me to watch some Brotherhood agent near Vizunah. Owns a flower shop not too far from headquarters.

Name's Yuhwa. Parents are couple of Reisen's grunts. Jade Brotherhood royalty, I guess. Mina's not sure if they're using the shop to keep an eye on our movements or what, but it's my job to find out what she's up to.

You ask me, this is just punishment for letting things get out of hand at Wajjun. Hyuk acted on his own and that's not my fault. It was a stupid call but look at where they are now: in the dirt. It's just unfortunate that a couple innocents had to go down with him.

Anyway... So far, nothing. Just people buying flowers. Apparently crimson sunflowers are in season.","Мина посылает меня следить за одним агентом Братства возле Визуны. У него цветочный магазин недалеко от штаба.

Имя — Юхва. Родители — пара головорезов Райзена. Королевская кровь Jade Brotherhood, полагаю. Мина не уверена, используют ли они магазин, чтобы следить за нашими передвижениями, или нет, но моя работа — выяснить, чем она занимается.

Спросите меня — это просто наказание за то, что я допустил беспорядки в Ваджжуне. Хёк действовал сам, и это не моя вина. Это был глупый приказ, но посмотрите, где они сейчас: в грязи. Жаль только, что пара невинных людей погибла вместе с ним.

В общем... Пока ничего. Просто люди покупают цветы. Видимо, сейчас сезон малиновых подсолнухов."
Ministre Li,Министр Ли
Minuciosamente,Тщательно
"Most of the mask pieces I can still get to, but I'll have to figure out some way to that blasted island. Hopefully no one has found where I stashed all the parts of the mask. I'll start out to find the pieces nearby right after I feed Chompy. Gotta make sure not to slip again—last time was too close of a call. He's a good boy, but he'd still eat me given the chance! Anyway, I better write this down so I don't forget.  
  
One piece is stashed in an old sunken chest in the Mists. The Mists! That's right, not even the Mists can hold me!  
  
Another one is on that island in Bloodtide Coast. Those gulls better not have been laughing at *me* though, otherwise when I go back I'll be leaving with a nice new feather cloak. Ha-ha!  
  
One piece I'll have to steal back from that DOG Wiley. Upstart thinks that *he's* a treasure hunter? Ha! I'll show him a real pirate soon.  
  
I hid another piece near the wrecks of all those poor, poor SUCKERS who just couldn't cut it as pirates and had to live a sad life of privateering. Those karka sure are quick, but not quick enough to get me!  
  
Another piece I left near the souls of long-dead sailors in Orr. I wonder what it feels like to be a ghost...  
  
And finally, before I set off, I threw a piece off the top of the lighthouse here in Lion's Arch. For good luck! Not that I ever needed luck! What kind of captain would I be if I did?  
  
The other three pieces should be safe and secure on the island waiting for me. I doubt anyone will get past all those traps or find that grotto where I left them.  
  
And the final piece, well, I doubt anyone has figured out how to uncover those chests. And if they have? I'LL KILL THEM! HA!","Большинство частей маски я ещё могу достать, но мне придётся придумать, как добраться до этого проклятого острова. Надеюсь, никто не нашёл, где я спрятал все части маски. Я начну искать ближайшие части сразу после того, как покормлю Чомпи. Надо быть осторожнее, чтобы снова не поскользнуться — в прошлый раз было слишком близко. Он хороший мальчик, но при случае всё равно меня съест! В любом случае, лучше записать это, чтобы не забыть.  
  
Одна часть спрятана в старом затонувшем сундуке в Туманах. В Туманах! Именно так, даже The Mists меня не удержат!  
  
Ещё одна — на том острове в Кровавом Приливе. Надеюсь, эти чайки не смеялись *надо мной*, иначе, когда я вернусь, я уйду с новым перьевым плащом. Ха-ха!  
  
Одну часть мне придётся украсть обратно у этого ПСА Уайли. Выскочка думает, что *он* охотник за сокровищами? Ха! Я скоро покажу ему настоящего пирата.  
  
Я спрятал ещё одну часть рядом с обломками всех тех бедных, бедных ЛОХОВ, которые не смогли стать пиратами и вынуждены были влачить жалкую жизнь каперов. Эти карки, конечно, быстры, но недостаточно быстры, чтобы поймать меня!  
  
Ещё одну часть я оставил рядом с душами давно умерших моряков в Орре. Интересно, каково это — быть призраком...  
  
И наконец, перед отплытием я бросил одну часть с вершины маяка здесь, в Lion's Arch. На удачу! Не то чтобы мне когда-либо нужна была удача! Каким бы я был капитаном, если бы она мне понадобилась?  
  
Остальные три части должны быть в безопасности и ждать меня на острове. Сомневаюсь, что кто-то сможет пройти все эти ловушки или найти грот, где я их оставил.  
  
А последняя часть... ну, сомневаюсь, что кто-то догадался, как открыть те сундуки. А если и догадался? Я УБЬЮ ИХ! ХА!"
"My beds of spiderwort bloomed the other day, as expected. Hardy flowers, they are. The apple trees in the upper grove are late to bear fruit for the second year in a row, with noticeable yellow burns on the trunk and leaves. There are similar signs of malaise in the gardens and topiary planters in the central district. I have had to uproot and transplant several specimens now. I inquired for answers through the proper forum, but I was summarily rebuffed. ""Above my concern,"" they said. ""A low priority."" The complete disrespect! 

My gardens cannot be the only ones that wilt; I will speak with the others. 

--- 

I am at a loss; my mind is racing. 

I was tending to the lower orchard several evenings ago and was startled by a noise. A kodan and a human barreled through the trees, bloodied and bruised. Behind them was one of ours, their would-be handler. I caught them with a simple elemental spell to trap them partially in the dirt, but not before their pursuer set the trees ablaze with a wall of fire. 

The next moments are just...flashes. 

I accosted him; he laughed in my face. I could smell the bloodstone residue on him—a prolonged exposure. Not even close to fatal, certainly for our kind, but enough to be intoxicating, impairing. I could hear the sobbing of the experiments' captives, half buried, wilting. He reached for them, and my mind went white hot. I had seen captives moved through the city before, by my gardens even. Always at a distance. This...this was too much. Too...intimate, too cruel. They suffered without care, like the plants in my garden, so I did what any gardener would do. I removed the rot and drove my Deldrimor steel spade into his heart. I buried the body when I came to; it was easy enough. 

The captives are in my home, washing before I tend to their wounds. What have I done? 

--- 

I am writing from beneath the pines on the rainy shores of Janthir Gravis, watching the kodan and human trek into the morning mist, lantern light fading with each step. I do not know if they will survive, nor do I expect to know. 

I did not ask their names—it was not my place. And I did not give them mine, not that they wished to know. I fed and supplied them well enough for a few days as they recovered. The bearkin was most grateful for that. It made them chattier. The human was quiet, haunted. She couldn't look me in the eyes, and...I could not blame her. It was not until I guided them out of the city that I heard her speak, and then only to the other. 

I've washed my spade a dozen or times, but the blood stain won't clean. And perhaps...perhaps it shouldn't.","На днях, как и ожидалось, зацвели мои клумбы с традесканцией. Выносливые цветы. Яблони в верхней роще второй год подряд поздно плодоносят, на стволе и листьях заметны жёлтые ожоги. В садах и топиарных кашпо центрального района наблюдаются схожие признаки недомогания. Мне пришлось выкопать и пересадить несколько экземпляров. Я обратился за ответами через надлежащий форум, но получил решительный отказ. «Выше моего ведения», — сказали они. «Низкий приоритет». Полное неуважение! 

Не может быть, чтобы только мои сады увядали; я поговорю с другими. 

--- 

Я в растерянности; мысли мечутся. 

Несколько вечеров назад я ухаживал за нижним фруктовым садом и был напуган шумом. Сквозь деревья, окровавленные и избитые, прорвались коданы и человек. За ними был один из наших, их предполагаемый надзиратель. Я поймал их простым заклинанием стихии, частично закопав в землю, но не раньше, чем их преследователь поджёг деревья стеной огня. 

Следующие мгновения — лишь... вспышки. 

Я набросился на него; он рассмеялся мне в лицо. Я чувствовал на нём остатки кровавого камня — длительное воздействие. Даже не близко к смертельному, конечно, для нашего вида, но достаточно, чтобы опьянять, ухудшать восприятие. Я слышал рыдания пленников экспериментов, наполовину погребённых, увядающих. Он потянулся к ним, и мой разум вспыхнул белым калением. Я и раньше видел, как пленников проводили через город, даже мимо моих садов. Всегда на расстоянии. Это... это было слишком. Слишком... близко, слишком жестоко. Они страдали без заботы, как растения в моём саду, поэтому я сделал то, что сделал бы любой садовник. Я удалил гниль и вонзил свою лопату из дельдриморской стали ему в сердце. Когда я пришёл в себя, я закопал тело; это было достаточно легко. 

Пленники в моём доме, моются, прежде чем я позабочусь об их ранах. Что я наделал? 

--- 

Я пишу из-под сосен на дождливых берегах Джантир Гравис, наблюдая, как коданы и человек уходят в утренний туман, свет фонаря гаснет с каждым шагом. Я не знаю, выживут ли они, и не ожидаю узнать. 

Я не спросил их имён — это было не моё дело. И я не назвал им своего, не то чтобы они хотели знать. Я достаточно кормил и снабжал их несколько дней, пока они восстанавливались. Медвежий был за это очень благодарен. Это сделало его более разговорчивым. Человек был молчалив, с призраками в прошлом. Она не могла смотреть мне в глаза, и... я не мог её винить. Только когда я вывел их из города, я услышал, как она заговорила, и то только с другим. 

Я мыл свою лопату дюжину раз, но пятно крови не отстирывается. И, возможно... возможно, так и должно быть."
"My dear %str1%,

The Pale Tree has agreed to an audience, but she wishes to speak with you personally. I'm already in the Grove with Braham and Rox. We'll wait for you here. Please come at your earliest convenience. 

Sincerely,
—Kasmeer","Дорогой %str1%,

The Pale Tree согласилось на аудиенцию, но желает говорить с тобой лично. Я уже в Роще с Брейхамом и Рокс. Мы подождём тебя здесь. Прошу, приходи при первой возможности.

Искренне твоя,
—Кэсмир"
"My patience has run out. I'm reporting my useless excuse for a lab assistant to personnel tomorrow. His sensitivity is making it impossible to get anything done. How can I run a proper lab if he's going to bawl his eyes out every time we liquidate a few dozen specimens?

With greatness at stake, there's no room for squeamishness!

A thought: develop a curriculum for new laboratory personnel to build emotional fortitude. Consider immersion training in the specimen decommissioning vats.","Моё терпение лопнуло. Завтра доложу кадрам о своём никчёмном подобии лаборанта. Его чувствительность не даёт ничего довести до конца. Как мне вести приличную лабораторию, если он будет реветь всякий раз, когда мы ликвидируем пару десятков образцов?

Когда на кону величие, места для брезгливости нет!

Мысль: разработать для новых лаборантов программу укрепления душевной стойкости. Рассмотреть погружное обучение в чанах для списания образцов."
"My starlit sister,  
  
I wanted to thank you for encouraging me to join the festivities of the battle's eve at Claw Alder's behest. I have always relished my work as a diplomat, from the gardened halls of the queen's palace in Divinity's Reach to the blooming shores of Orr and the company of its ghostly royals.  
  
Speaking to the contents of your last letter, I am heartened to learn of your progress regarding a cure for our Pale Mother; your intuition to seek this Waiting Sorrow has paid off. These leads will require time to research and pursue, but our search has started to narrow.  
  
You are no stranger to discretion, so for now I ask you to keep these developments close to your chest to avoid there being—as the lowlanders put it—too many cooks in the kitchen.  
  
Your brother,  
Dagonet","Моя сестра, озарённая звёздами,

Я хотел поблагодарить тебя за то, что ты подбодрила меня присоединиться к празднествам накануне битвы по настоянию Когтя Ольхи. Я всегда наслаждался своей работой дипломата, от садовых залов дворца королевы в Оплоте Божественности до цветущих берегов Орра и общества его призрачных монархов.

Говоря о содержании твоего последнего письма, я ободрён узнать о твоём прогрессе в поиске лекарства для нашей Бледной Матери; твоя интуиция искать эту Ожидающую Печаль окупилась. Эти зацепки потребуют времени для исследования, но наши поиски начали сужаться.

Ты не новичок в скрытности, так что пока прошу держать эти события при себе, чтобы избежать — как говорят низменцы — слишком многих поваров на кухне.

Твой брат,
Дагонет"
"Naga found our camp two nights back. Gutted some of the crew and made off with most of our food stores before fleeing below.

Aria recruited a dozen of our most capable to follow. The chase below has been treacherous, but we were able to scavenge tools and salvage from the wrecked ships to get by. We have to; we'll starve otherwise.","Наги наткнулись на наш лагерь две ночи назад. Выпотрошили часть команды и утащили большую часть наших запасов еды, прежде чем сбежать вниз.

Ария набрала дюжину наших самых способных для преследования. Погоня внизу была опасной, но нам удалось раздобыть инструменты и припасы с разбитых кораблей, чтобы продержаться. Иначе мы умрём с голоду."
"Naiko—

Well, we're spending our first night in Echovald in a dirty old ruin. Mom says we'll head to Mori Village tomorrow, but the roads aren't safe at night. One of the ""Kestrels"" is going to escort us. I don't know why we came to this stupid place if the roads aren't even safe, but after the bakery shut down, my parents just ""had to leave New Kaineng.""

I think it's a ""grass is greener"" kind of deal, and that they're just being nostalgic for when they were fledglings pecking around in the dirt with flower petals in their feathers or something. I think they're going to remember how awesome jade batteries are after a few months of doing everything by hand, but I'm stuck here 'til they do.

Ugh. This is so stupid, Naiko. Miss you and everyone else already. Please please please write me and let me know what happens in the ""Birds of a Feather"" finale.

Okay, that's all for now. I guess next time I'll write from our ""new home in the trees""—joy.

—Roo","Найко—

Ну что ж, мы проводим первую ночь в Эховальде в грязных старых руинах. Мама говорит, что завтра мы отправимся в деревню Мори, но ночью дороги небезопасны. Один из «Кречетов» будет нас сопровождать. Я не понимаю, зачем мы приехали в это дурацкое место, если дороги небезопасны, но после закрытия пекарни мои родители просто «должны были покинуть New Kaineng».

Думаю, это из серии «там, где нас нет», и они просто ностальгируют по временам, когда были птенцами, копались в грязи с лепестками цветов в перьях или что-то в этом роде. Думаю, через пару месяцев ручной работы они вспомнят, насколько круты джадовые батареи, но я застрял здесь, пока это не случится.

Уф. Это так глупо, Найко. Уже скучаю по тебе и по всем остальным. Пожалуйста, пожалуйста, напиши мне и расскажи, чем закончится финал «Птиц одного пера».

Ладно, пока всё. Думаю, в следующий раз я напишу из нашего «нового дома на деревьях» — радость-то какая.

— Ру"
"Nayos's harsh magical instability has limited how many times you can be revived. When you are revived from wisp form, this effect is removed.

When this effect is removed, you will no longer be able to be revived from wisp form.","Суровая магическая нестабильность региона ограничила число ваших воскрешений. Когда вас воскрешают из формы огонька, этот эффект снимается.

Когда эффект снят, вас больше нельзя воскресить из формы огонька."
"Network is down. Can't process the latest data set without it, and the technicians are saying we won't be back up until tomorrow.

That's fine. Don't need the network to write notes. In no particular order:

Remember to fire Bragg. Third time he's corrected me in front of a supervisor.

More subjects requisitioned from Vabbi and beyond. Was asked to research dietary habits for long-term internment. Reassigned yesterday—subjects not living long enough to matter.

Once again proposed plan to introduce ourselves to nearby native population. Could be presented as mutually beneficial. We get subjects for our pathogen experiments, they get some old technology we'd be throwing away anyway. Chance of them understanding our work is nil.

Reminds me—don't attend any more pathogen experiments just before lunch. Disgusting.","Сеть не работает. Без неё невозможно обработать последний набор данных, и техники говорят, что мы не восстановим связь до завтра.

Ничего страшного. Для записей сеть не нужна. В произвольном порядке:

Не забудьте уволить Брэгга. В третий раз он поправил меня перед начальником.

Запрошены новые подопытные из Вабби и других мест. Меня попросили изучить диетические привычки для долгосрочного содержания. Вчера переназначили — подопытные живут недостаточно долго, чтобы это имело значение.

Снова предложил план познакомиться с местным населением. Можно представить как взаимовыгодное сотрудничество. Мы получаем подопытных для экспериментов с патогенами, они — старые технологии, которые мы всё равно выбросили бы. Шанс, что они поймут нашу работу, равен нулю.

Напоминание — не посещать эксперименты с патогенами перед обедом. Отвратительно."
"No news on determination of cause or cure for mysterious afflictions. Suspect new form of corruption. If possible, avoid Grand Barrier Island.

—Arcanist Sol, Durmand Priory","Новостей о причинах или лекарстве от загадочных недугов нет. Подозревают новую форму порчи. По возможности избегайте острова Великой Преграды.

—Арканист Соль, Дурмандский Приорат"
Note,Записка
"Notwegmarke Brennende Gruft, B","Пылающие катакомбы Нотвегмарке, B"
"Notwegmarke Schloss Steinnebel, B","Notwegmarke Schloss Steinnebel, B"
"Notwegmarke Schloss Steinnebel, C","Notwegmarke Schloss Steinnebel, C"
Novedades globales,Глобальные новости
Objets & siège,Предметы и осадные орудия
"Objets, armures & armes","Предметы, броня и оружие"
"Oisin,

It feels as if it has been an era since we last spoke. I know you're ensorcelled with those new deliciously painful alchemical recipes from our krait ""allies,"" but pry your eyes away from your vials and venoms for a moment; I have some tantalizing gossip from the court I picked up from a recruit.
  
The grand duchess is furious that many of the court have sauntered off to greener pastures. I heard she even shrieked a little! Can you imagine? Little miss ""dearheart"" this and ""dearheart"" that. She must be wilting. Her champions are dead. Her promising acolytes? Put to the sword. Were I a gambling sort, I would suspect Duchess Chrysanthea is waiting in the willows with her more ""liberal"" faction. A bunch of apologists, I say. So concerned that Tyria will tire of our darker exploration, hunt us down, and burn us away as a fire does the undergrowth.

Though, maybe there is a seed of truth in her concern; perhaps this Pact will bring a new era of order to Tyria. Maybe it is that very reason we flock to Scarlet. For what else can tip the balance away from order than a little chaos?

I'm rambling now, love, but can you blame me? Just a lone knight with nary a soul to talk to besides these lake vipers. Come see me soon. I long for your company.

—Ghislain","Ойсин,

Кажется, прошла целая эпоха с тех пор, как мы в последний раз говорили. Я знаю, что ты очарован этими новыми восхитительно болезненными алхимическими рецептами от наших союзников-крайтов, но оторви взгляд от своих склянок и ядов на мгновение; у меня есть кое-какие заманчивые сплетни из двора, которые я подхватил от новобранца.
  
Великая герцогиня в ярости, что многие из двора ушли на более зелёные пастбища. Я слышал, она даже немного взвизгнула! Можешь представить? Маленькая мисс ""дорогуша"" то, ""дорогуша"" сё. Она, должно быть, увядает. Её чемпионы мертвы. Её многообещающие адепты? Преданы мечу. Будь я азартным, я бы заподозрил, что герцогиня Хризантея ждет в ивах со своей более ""либеральной"" фракцией. Кучка апологетов, говорю я. Так беспокоятся, что Тирия устанет от наших тёмных изысканий, выследит нас и сожжет, как огонь сжигает подлесок.

Хотя, возможно, в её беспокойстве есть зерно истины; возможно, этот Пакт принесет новую эру порядка в Тирию. Может быть, именно поэтому мы стекаемся к Скарлет. Ибо что ещё может нарушить равновесие порядка, кроме небольшого хаоса?

Я сейчас болтаю без умолку, любовь моя, но можешь ли ты винить меня? Просто одинокий рыцарь, с которым не с кем поговорить, кроме этих озерных гадюк. Приезжай ко мне скоро. Я жажду твоего общества.

—Гилен"
Oleadas mortales,Смертельные волны
"Once again, Halloween falls across Tyria. The doorways between our world and the Mad Realm are opening, and the ancient Krytan monarch, Mad King Thorn, walks the streets of Lion's Arch again!

I've assured the Captain's Council that it's all relatively safe—this time—but I'm sure they'd appreciate a brave adventurer like yourself making an appearance. Not to mention the opportunities for field research in the Mad Realm itself! Visit me at the Grand Piazza at your earliest convenience!

—Magister Tassi","Снова Хэллоуин наступает в Тирии. Двери между нашим миром и Безумным Королевством открываются, и древний крайтанский монарх, Mad King Thorn, снова ходит по улицам Lion's Arch!

Я заверил Captain's Council, что всё это относительно безопасно — на этот раз, — но уверен, что они оценят появление такого храброго искателя приключений, как вы. Не говоря уже о возможностях для полевых исследований в самом Безумном Королевстве! Навестите меня на Большой площади при первой возможности!

— Magister Tassi"
"One or more of your gear infusions were in slots that are no longer valid, so we removed them for you.

You will find your missing infusion(s) enclosed in this mail.","Одно или несколько усилений вашего снаряжения находились в слотах, которые больше недействительны, поэтому мы извлекли их для вас.

Вы найдёте недостающее усиление(я) вложенным в это письмо."
Optimismo desatado,Необузданный оптимизм
"Order of Whispers Banner
Complete initiation into the Order of Whispers.","Знамя Order of Whispers
Завершите посвящение в Order of Whispers."
"Original Music Written (and soon to be performed!) by the Strand Band  
  
Each member of the band has made their own snippet of a song. We've recorded it below. Remember, the numbers correlate to the notes your trumpet can produce.  
  
Sander: 8 4 1 3 5  
  
Daisy: 1 3 7 8 2  
  
Gealan: 5 1 3 2 6  
  
If you find this, come jam with the Strand Band members, just west of town, as always!","Оригинальная музыка, написанная (и скоро исполняемая!) группой «The Strand».
  
Каждый участник группы создал свой фрагмент песни. Мы записали его ниже. Помните, что числа соответствуют нотам, которые может извлечь ваша труба.
  
Сандер: 8 4 1 3 5
  
Дейзи: 1 3 7 8 2
  
Геалан: 5 1 3 2 6
  
Если увидите это сообщение, приходите поучаствовать в джеме с участниками группы Strand Band, они как всегда будут играть к западу от города!"
PNJ & créatures,НПС и существа
"Papa! Given Grandfather's Luxon blood, thought you'd be interested to know the Brotherhood has us digging in a mine with a bit of Luxon gear in it! I found some rusty bits off some old mining equipment. Was in rough shape but could be a nice memento. Maybe show this to Grandfather, see what he says?  
 
We're way out here on some spur of the rail line, down in this hole full of jade... Conditions could be better, and the bosses seem to argue a lot, but could be worse, I guess. Hope to see you soon.","Папа! Учитывая, что у дедушки люксонская кровь, подумал, тебе будет интересно узнать, что Братство заставило нас копать в шахте с люксонским снаряжением! Я нашёл несколько ржавых кусков старого горного оборудования. Было в плохом состоянии, но может стать неплохим сувениром. Может, покажешь это дедушке и узнаешь его мнение?  
 
Мы здесь, на отдаленном ответвлении железной дороги, в этой яме, полной нефрита... Условия могли бы быть лучше, и начальники, кажется, часто спорят, но могло быть и хуже, полагаю. Надеюсь скоро увидеться."
"Participate in successful events around Stricken Plains, Landfall, and Tumultuous Sea.

(Some events can count toward multiple achievements.)","Примите участие в успешных событиях в окрестностях Изуродованных равнин, Лэндфолла и Бурного моря.

(Некоторые события могут учитываться при выполнении нескольких достижений.)"
"Performance Evaluation for Jin Mogi

Does not meet expectation in the following areas:  
—Attendance  
—Productivity  
—Leadership  
—Teamwork 

Disciplinary Note: Employee has been warned about failure to uphold the values of diversity promoted by this precinct. Further transgressions will result in unpaid leave and possible termination.—Cho Min, East Precinct Captain","Оценка эффективности для Джин Моги

Не соответствует ожиданиям в следующих областях:
—Посещаемость
—Продуктивность
—Лидерство
—Работа в команде

Дисциплинарное замечание: Сотрудник был предупрежден о несоблюдении ценностей разнообразия, поддерживаемых этим участком. Дальнейшие нарушения приведут к неоплачиваемому отпуску и возможному увольнению.—Чо Мин, капитан Восточного участка"
Platsch!,Бульк!
"Postern Ward:
Keep your chin up on the way to revealing the secrets of Urmaug.","Задний страж:
Держите голову выше на пути к раскрытию секретов Урмауга."
Potencia omnipocionada,Всеобъемлющая сила
"Primary Applicant
Name: Gorrik

Secondary Applicant
Name: Rama

Company Name: The Friends Detective Agency

The Ministry of Investigatory Services hereby grants The Friends Detective Agency, a Dually Recognized Partnership, authority to perform all duties, functions, and obligations pertaining to the operation and administration of a private investigation agency, subject to the laws, rules, and regulations set forth in MIS Private Investigation Agency Laws, Rules, and Regulations Code 512-PIA (attached).","Основной заявитель
Имя: Горрик

Второй заявитель
Рама

Название компании: Агентство частных сыщиков «Друзья»

Министерство следственных служб настоящим предоставляет детективному агентству «The Friends Detective Agency», являющемуся официально признанным партнёрством, право выполнять все обязанности и функции, связанные с деятельностью частного сыскного агентства, в соответствии с законами, правилами и нормами, изложенными в Кодексе о частных сыскных агентствах Министерства следственных служб 512-PIA (прилагается)."
"Professor Drugga sent us to scout the forest west of our new operations base. It was a largely uneventful assignment—we didn't want to venture too far without backup—but when we started making our way back, my scanner would not cease beeping. It kept warning us about spikes of unidentified energies nearby, but we couldn't see, hear, or smell anything. I assumed the damn thing malfunctioned...until Yipp took a step forward and vanished. All that was left behind was a glittering ripple in the air and a single drawn-out scream. Kaysi and I lingered there for a while, mostly due to the shock, but we also observed numerous local creatures enter the same area and disappear as well. 
  
Right before we headed back to base, Yipp emerged from the thicket drenched in sweat. He explained that after vanishing, he reappeared about a mile south of our location—spit out of a rift that opened up in the sky. We marked the location and headed right back to base to inform Drugga. She immediately escalated our findings to the director himself, who ordered us to build a small containment facility around the spot.  
  
I wonder if we can use this to our advantage...","Профессор Драгга отправила нас разведать лес к западу от нашей новой операционной базы. Это было в основном неинтересное задание — мы не хотели заходить слишком далеко без подкрепления, — но когда мы начали возвращаться, мой сканер не переставал пищать. Он постоянно предупреждал нас о всплесках неопознанной энергии поблизости, но мы ничего не видели, не слышали и не чувствовали. Я решил, что проклятая штука сломалась... пока Йипп не сделал шаг вперёд и не исчез. Всё, что осталось, — это мерцающая рябь в воздухе и один протяжный крик. Кейси и я задержались там ненадолго, в основном из-за шока, но мы также заметили, что множество местных существ входили в ту же область и тоже исчезали. 
  
Прямо перед тем, как мы вернулись на базу, Йипп вышёл из чащи, весь в поту. Он объяснил, что после исчезновения оказался примерно в миле к югу от нашего местоположения — выброшенный из разлома, открывшегося в небе. Мы отметили место и сразу вернулись на базу, чтобы сообщить Драгге. Она немедленно передала наши находки самому директору, который приказал построить небольшое изолирующее сооружение вокруг этого места. 
  
Интересно, сможем ли мы использовать это в своих целях..."
"Project Omega: Initial Findings  
by Head Researcher Skala  
  
Overseer Kuda has tasked my krewe with the first round of experimentation for Project Omega. If you're reading this and unfamiliar with Project Omega, report yourself immediately to Compliance to initiate disciplinary proceedings!  
  
**Introduction**  
We've been ears-deep in research on the seer's magical infusion techniques for two solid weeks now—ever since our advanced team made the dangerous trek through the jungle. We're currently ensconced in the lab at Supra Fortis, attached to the forge on Artificer's Islet, where we've been studying the crafting processes of the elder species (particularly their creation of immensely powerful artifacts, such as Legavo and Ancora).  
  
My krewe was given the immeasurable honor of adapting the seer infusion process to Overseer Kuda's own work with infusing advanced and volatile magics into a living subject. As this is our third generation of this work, initially pioneered by the overseer's father, Kudu, we were able to push past prototypes and into voluntary testing very quickly.  
  
Our initial batch of candidates drew from a pool of thirty-two viable subjects from across various krewes. Some volunteered while others were assigned to the project; one such candidate was sent to the study krewe by Compliance. Only half of this initial batch made it through the preliminary screening process and received one dose of the exemplar serum.  
  
**Exemplar Serum Results**  
Unfortunately, our exemplar serum produced suboptimal results, with one-third of the initial testing group immediately succumbing to a rather gruesome and painful expiration. Surviving members of this test group appeared mostly unfazed by the serum's effects. We will continue to study the remains of the failed specimens and push forward with secondary testing ASAP.","Проект «Омега»: Первые результаты  
Главный исследователь Скала  
  
Надзирательница Куда поручила моему креве первый раунд экспериментов для Проекта «Омега». Если вы читаете это и не знакомы с Проектом «Омега», немедленно явитесь в Отдел соответствия для начала дисциплинарного разбирательства!  
  
**Введение**  
Мы уже две недели по уши в исследованиях магических методов инфузии провидца — с тех пор, как наша передовая группа совершила опасный переход через джунгли. Сейчас мы находимся в лаборатории в Supra Fortis, прикреплённой к кузнице на Островке Артефактора, где изучаем процессы крафта древних рас (особенно создание ими чрезвычайно мощных артефактов, таких как Легаво и Анкора).  
  
Моему креве была оказана неоценимая честь адаптировать процесс инфузии провидца к собственной работе надзирательницы Куды по внедрению продвинутой и нестабильной магии в живой субъект. Поскольку это уже третье поколение этой работы, изначально начатой отцом надзирательницы, Куду, мы смогли быстро перейти от прототипов к добровольному тестированию.  
  
Наша первоначальная группа кандидатов была отобрана из тридцати двух жизнеспособных субъектов из разных креве. Некоторые вызвались добровольно, другие были назначены на проект; один такой кандидат был отправлен в исследовательский креве Отделом соответствия. Только половина этой первоначальной группы прошла предварительный отбор и получила одну дозу образцовой сыворотки.  
  
**Результаты образцовой сыворотки**  
К сожалению, наша образцовая сыворотка дала неоптимальные результаты: треть первоначальной тестовой группы немедленно скончалась довольно ужасной и мучительной смертью. Выжившие члены этой тестовой группы, похоже, почти не пострадали от эффектов сыворотки. Мы продолжим изучение останков неудавшихся образцов и приступим к вторичному тестированию как можно скорее."
Querido diario,Дорогой дневник.
Qué preciosidad,Какая прелесть!
"Race to the finish and destroy as many nets as you can within the time limit.

Destroy nets by dashing through them or by using your skimmer's Water Jets skill (requires Convergent Evolution Mastery). Use both options together to get the highest score!

Restore Water Jets ammo by flying through checkpoints and magic orbs.","Гонка до финиша: уничтожьте как можно больше сетей за отведенное время.

Уничтожайте сети, проносясь сквозь них или используя умение «Water Jets» ската (требуется мастерство «Convergent Evolution»). Используйте оба варианта вместе, чтобы набрать максимум очков!

Восстанавливайте боезапас «Водяных струй», пролетая через контрольные точки и магические сферы."
"Rally from a downed state %num2% time[s].

<c=@reminder>Rallying allows you to recover from a downed state by defeating a foe that grants experience.</c>","Восстановитесь после падения за %num2% [раз|раза|раз].

<c=@reminder>Восстановление позволяет оправиться от состояния падения, победив врага, дающего опыт.</c>"
"Randomly strike the surrounding area with lightning.
<c=@reminder>Damage is reduced per target each time foes are struck by this skill.</c>","Случайным образом обрушивайте молнии на окружающую область.
<c=@reminder>Урон уменьшается для каждой цели при каждом применении этого умения к врагам.</c>"
"Receive one exclusive, one rare, and one uncommon dye selected randomly from one of the seven Elder Dragon-themed dye kits.

<c=#FFC957>All exclusive, rare, and uncommon dyes have an equal chance to drop.</c>","Получите один эксклюзивный, один редкий и один необычная краска, выбранные случайным образом из одного из семи наборов красок на тему Старших Драконов.

<c=#FFC957>Все эксклюзивные, редкие и необычные краски имеют равный шанс выпадения.</c>"
"Recommended fishing power: %num1%
Your fishing power: %num2%

This fishing location is moderate difficulty.

<c=@reminder>Increasing your fishing power can make fishing at this location easier. </c>","Рекомендуемая сила рыбалки: %num1%
Ваша сила рыбалки: %num2%

Это место для рыбалки имеет средний уровень сложности.

<c=@reminder>Увеличение силы рыбалки может облегчить рыбалку в этом месте. </c>"
Recordicida,"Рекордицида ✅ (имя собственное, оставлено без изменений)"
Reflejo distorsionado,Искажённое отражение
"Regenerate health.
<c=@reminder>Will be removed if you enter competitive PvP or a raid.</c>","Восстанавливает здоровье.
<c=@reminder>Будет удалено, если вы войдёте в соревновательный PvP или рейд.</c>"
"Reist zu den Attraktionen des Fests der Vier Winde, indem Ihr mit einem Ballon-Piloten in einer beliebigen Hauptstadt oder mit dem Schiff in Löwenstein sprecht.","Путешествуйте к аттракционам Фестиваля Четырех Ветров, поговорив с пилотом воздушного шара в любой столице или с кораблем в Львином Камне."
Repousse un ennemi avec la crosse de votre fusil. Ne consomme pas de munitions.,Repousse un ennemi avec la crosse de votre fusil. Ne consomme pas de munitions.
"SUPER ADVENTURE BOX: THE OFFICIAL NOVEL BY BONNIE KUNDERAH

PROLOGUE

""My army of snakes and monkeys is relentless, Storm Wizard."" Lord Vanquish sneered, patrolling the line of yeti hostages. ""Already King Toad has declared fealty. The Assassins of the Pain Cliffs will follow. Do not make this more onerous than it need be.""

Shakily, Storm Wizard rose, a trickle of blood running down his long beard. With the last of his defiance, his eyes met that emotionless, crimson visor. ""You're a tyrant,"" he rasped, ""and this mountain will never belong to you.""

SWACK.

A yeti head rolled across the ground, coming to a rest at the Wizard's feet. Its dead eyes stared up at him, as if asking: Why?

""I will not ask again."" Vanquish said, their voice as cold as their eyes. ""Bend the knee, Wizard, or perish like the knaves of the Sunny Glade.""

There had never been a chance.","SUPER ADVENTURE BOX: THE OFFICIAL NOVEL БОННИ КУНДЕРАХ

ПРОЛОГ

""Моя армия змей и обезьян неумолима, Storm Wizard"". — усмехнулся Lord Vanquish, патрулируя линию заложников-йети. ""Король Жаб уже присягнул на верность. Убийцы Утёсов Боли последуют за ним. Не делай это более обременительным, чем нужно"".

Шатаясь, Storm Wizard поднялся, струйка крови стекала по его длинной бороде. С последним вызовом его глаза встретились с этим бесстрастным малиновым забралом. ""Ты тиран,"" — прохрипел он, — ""и эта гора никогда не будет принадлежать тебе"".

БАМС.

Голова йети покатилась по земле и остановилась у ног Волшебника. Её мёртвые глаза уставились на него, как будто спрашивая: Почему?

""Я не буду спрашивать снова"". — сказал Ванквиш, его голос был таким же холодным, как его глаза. ""Склони колено, Волшебник, или погибни, как негодяи из Солнечной Рощи"".

Шанса никогда не было."
"Salutations!

Word of your exploits continues to spread far and wide. No matter where you travel, you embrace those around you and help them in their times of need. Lornar's Pass has long been a challenge for travelers and adventurers alike, but you overcame all its unique trials with ease.

But as your forays into the unfamiliar expand, be aware that the dangers will likely increase as well. It has been said that the most enduring legends are built upon foundations of danger.

Keep up the good work.

—Tyrian Explorers Society","Приветствую!

Молва о твоих подвигах продолжает расходиться далеко и широко. Куда бы ты ни отправился, ты принимаешь окружающих и помогаешь им в трудную минуту. Lornar's Pass издавна был вызовом и для путников, и для искателей приключений, но ты с лёгкостью одолел все его особые испытания.

Однако помни: чем дальше ты заходишь в незнакомое, тем больше, вероятно, будет опасностей. Говорят, самые долговечные легенды строятся на основаниях из опасности.

Так держать.

—Tyrian Explorers Society"
"Saul,  
  
This'll need to be brief, as I believe my life to be at risk. The twins have been growing more and more impatient with my methods. Usually quite tractable, their voices have simmered to a calm eeriness that keeps me upright at all hours...positioned so that the window and door are always in sight. I don't even leave my room without a guard most mornings. I suspect that they're bored with the ritual now, working less fervently to hide their victims' screams from the other villagers than they did at the start. It's a bloodbath.  
  
And that brings me to the villagers... They've finally opened their eyes to the change in tone here. They won't enter any White Mantle structure unless ordered or dragged. They stopped eating our food. A few of them have even managed to escape. It was going so well until now, too; they were enamored with the result of our rebuilding efforts. I suppose too many have gone missing in such rapid succession. It's hard to blame every vanishing on a valravn.  
  
I've tried to slow our movements, but I worry that this has caused a rupture that I cannot fix. The twins are done with me.  
  
I beg of you, come back and control this.  
  
—Rhea","Саул,  
  
Буду краток, так как считаю, что моя жизнь в опасности. Близнецы становятся всё нетерпеливее к моим методам. Обычно сговорчивые, их голоса превратились в спокойную жуткость, которая не даёт мне спать... я сижу так, чтобы окно и дверь всегда были на виду. По утрам я даже не выхожу из комнаты без охраны. Подозреваю, что ритуал им наскучил, и они уже не так рьяно скрывают крики жертв от других жителей, как вначале. Это кровавая баня.  
  
Что касается жителей... Они наконец открыли глаза на перемены. Они не войдут ни в одно здание Белого Мантия, если их не прикажут или не затащат силой. Они перестали есть нашу еду. Некоторым даже удалось сбежать. Всё шло так хорошо до сих пор; они были очарованы результатами нашей реконструкции. Полагаю, слишком много людей пропало слишком быстро. Трудно списывать каждое исчезновение на вальравна.  
  
Я пытался замедлить наши действия, но боюсь, это вызвало разрыв, который я не могу исправить. Близнецы покончили со мной.  
  
Умоляю, вернись и возьми всё под контроль.  
  
— Рея"
"Scarlet Briar sought to harness the natural flow of magic for selfish purposes, or so people thought. She orchestrated her reign of terror from the shadows, sending her minions across Tyria to dispose of anyone who stood in her way. But by the time her plans were deciphered, terrible events were already in motion that would change Tyria forever.


<c=@Quest>Update from ArenaNet</c>
The core path of the Season 1 story is returning! You can begin the journey with Living World Season 1: Flame and Frost in the story journal. While episodes are being restored, this recap episode will remain playable.

<c=@Warning>Message from ArenaNet</c>
Living World Season 1 was a series of live content events that ran from January 2013 to March 2014. The story was designed to be experienced as it happened. It is currently unavailable for episodic replay like Season 2, so we've created a recap to inform you of the events that bridge the gap between the end of the Personal Story (circa 1325 AE) and Living World Season 2 (1327 AE).

Once you've completed the Season 1 recap, we encourage you to peruse the Season 2 catalog of playable episodes. Season 2 episodes are replayable, so once you've unlocked them on your account, you may play them as often as you like, whenever you want. You may enjoy the episodes for free by partying with another player who has them unlocked, or you may purchase them with gems so that you have full access to the associated achievements and rewards.","Скарлет Брайер стремилась подчинить себе естественный поток магии ради корыстных целей — или так думали люди. Она устраивала своё царство террора из тени, отправляя прислужников по всей Тирии, чтобы устранить любого, кто вставал на её пути. Но к тому моменту, когда её планы были разгаданы, в движение уже пришли ужасные события, навсегда изменившие Тирию.


<c=@Quest>Обновление от ArenaNet</c>
Основная сюжетная линия 1-го сезона возвращается! Вы можете начать путешествие с «Живого мира. Сезон 1: Пламя и лёд» в журнале истории. Пока эпизоды восстанавливаются, этот эпизод-резюме останется доступным для прохождения.

<c=@Warning>Сообщение от ArenaNet</c>
«Living World. Сезон 1» был серией живых событий, которые проходили с января 2013 по март 2014 года. Сюжет задумывался так, чтобы его переживали по мере развития. Сейчас он недоступен для эпизодического повторного прохождения, как Сезон 2, поэтому мы создали резюме, чтобы рассказать вам о событиях, которые заполняют промежуток между окончанием Личной истории (около 1325 г. э.) и «Живым миром. Сезон 2» (1327 г. э.).

После завершения резюме 1-го сезона мы рекомендуем вам ознакомиться с каталогом доступных для прохождения эпизодов 2-го сезона. Эпизоды 2-го сезона можно проходить повторно, поэтому, как только вы разблокируете их на своей учётной записи, вы сможете играть в них сколько угодно, когда захотите. Вы можете наслаждаться эпизодами бесплатно, объединившись в группу с другим игроком, у которого они разблокированы, или приобрести их за самоцветы, чтобы получить полный доступ к связанным достижениям и наградам."
"Scenario: Assassination of Enemy Target  
  
Response Op Designation: Cardinal Blue  
  
Raid based on pinpoint assault tactics using portal technology in combination with fire-based magic and/or weaponry.  
  
Primary risk factor(s): Portal hiccup blowback resulting in friendly fire casualties.  
  
Comment: More testing in a controlled environment required. Lezzi referring to that explosion as a ""hiccup"" is insensitive, at best, given the entire squad spent six weeks in the infirmary. —Dagda","Сценарий: Убийство вражеской цели  
  
Обозначение операции: Кардинал Синий  
  
Рейд, основанный на тактике точечного штурма с использованием портальной технологии в сочетании с магией огня и/или оружием.  
  
Основной фактор(ы) риска: Обратный удар портала, приводящий к потерям от дружественного огня.  
  
Комментарий: Требуется дополнительное тестирование в контролируемой среде. То, что Леззи называет этот взрыв «икотой», в лучшем случае бестактно, учитывая, что весь отряд провёл шесть недель в лазарете. —Дагда"
"Scherbe[pl:""Scherben""] von Janthir Syntri",Осколки Синтри Джантира
Schlagt Euren Gegner und werft ihn zu Boden.,Schlagt Euren Gegner und werft ihn zu Boden.
"Sejm and I left a week ago. The warmth of our homestead is starting to fade from memory. The landscape is cold and harsh. Howls from beasts I've never heard before echo through the trees. This is a very different winter.  
  
We've stayed out of sight, following the path that the refugees took southward. Bodies line the road. Bloody remnants are just about everywhere—beast and norn alike. I don't know how many they lost on their way, but that number is likely significant.  
  
We've a few weeks until we arrive at Saldistead. One of the survivors said that someone must've stayed behind. We may be greeted by many or none, but this entire ordeal paints a very grim image. I worry that we're too late. I worry that I may never see Arina or Na again.  
  
I got one final look at them before leaving. Na, tucked under a pile of blankets and fur; a queen hidden beneath a pile of snow. Arina was propped up on top, playing with a handwoven doll from Gaerta. Both of them lit only by the fire of our stove. I wish I could paint them like that.","Сейм и я уехали неделю назад. Тепло нашего дома начинает исчезать из памяти. Пейзаж холодный и суровый. Вопли зверей, которых я никогда раньше не слышал, эхом отдаются в деревьях. Это совсем другая зима.

Мы оставались незаметными, следуя по пути, который беженцы проложили на юг. Вдоль дороги лежат тела. Кровавые останки повсюду — как зверей, так и норнов. Я не знаю, сколько они потеряли в пути, но это число, вероятно, велико.

У нас есть несколько недель до прибытия в Салдистед. Один из выживших сказал, что, возможно, кто-то остался. Нас могут встретить многие или никто, но вся эта ситуация рисует очень мрачную картину. Я боюсь, что мы опоздали. Я боюсь, что больше никогда не увижу Арину или На.

Я взглянул на них в последний раз перед уходом. На, укрытая грудой одеял и мехов; королева, спрятанная под сугробом. Арина примостилась сверху, играя с самодельной куклой от Герты. Обеих освещал только огонь нашей печи. Хотел бы я уметь рисовать их такими."
Serviert einem Kodan seine Bestellung: Valravn-Eintopf,Подает кодану его заказ: похлебка вальравна
"Shaped by a life of loss and victory, driven by ferocity and cunning, Gwen Thackeray is indisputably one of Ascalon's most influential post-Searing figures.

A mere child of ten at the onset of the charr invasion, Gwen spent the better part of a decade enslaved to Ascalon's bestial conquerors. From her failed first escape attempt to her ultimate victory over the charr in the freeing of revolutionary Pyre Fierceshot, Captain Thackeray's incredible life has been the subject of fierce debate and detailed historical research.

To the people of her homeland, she is and forever will be known as a true Hero of Ascalon. Yet to her enemies, hushed whispers speak of a terrifying foe known by a more ominous title: Goremonger.

Read along as our team of experts delves into the fascinating history of this larger-than-life hero of humanity!","Сформированная жизнью, полной потерь и побед, движимая свирепостью и хитростью, Gwen Thackeray, бесспорно, одна из самых влиятельных фигур Аскалона после Скверны.

Будучи всего лишь десятилетним ребёнком в начале вторжения чарров, Гвен провела большую часть десятилетия в рабстве у звериных завоевателей Аскалона. От её первой неудачной попытки побега до окончательной победы над чаррами в освобождении революционера Пайра Фирсшота, невероятная жизнь капитана Теккерей была предметом ожесточённых споров и детальных исторических исследований.

Для людей своей родины она есть и навсегда останется истинной Героиней Аскалона. Однако среди её врагов шёпотом говорят об ужасающем противнике, известном под более зловещим титулом: Кровожад.

Читайте дальше, пока наша команда экспертов погружается в захватывающую историю этого легендарного героя человечества!"
"Sharkmaw Caverns:
Scour the dark, misty corners.","Пещеры Акульей Пасти:
Обыщите тёмные, туманные углы."
"She was an elite soldier in the Mordant Crescent, brought back from the dead to serve the great Palawa Joko, but the only thing that was Awakened in her was her heart.

He was a simple mummy, adorned in rotting bandages that held him together, but in truth, he was coming to pieces inside.

Together, they found a relationship that defied death itself, and began an adventure that would shake the foundations of the Bone Palace itself as they sought to answer a simple question: Can love endure after a heart stops beating?","Она была элитным солдатом в Багровом Полумесяце, возвращенной из мёртвых, чтобы служить великому Палаве Джоко, но единственное, что было Пробуждено в ней, — это её сердце.

Он был простой мумией, украшенной гниющими бинтами, которые скрепляли его, но на самом деле он разваливался изнутри.

Вместе они обрели отношения, бросившие вызов самой смерти, и начали приключение, которое потрясло основы самого Костяного Дворца, пытаясь ответить на простой вопрос: может ли любовь длиться после того, как сердце перестало биться?"
"Since their creation at the hands of my people, Sidony believed Legavo and Mulmund would be essential in our defense against extraplanar invaders. I once thought as she did, but we were wrong time and again.  
  
The mursaat would eventually ward their armors against the staves' unique magics, well before they became known as the Scepter of Orr and the Staff of the Mists. Eventually, the gods and their servants came, unabated and unhindered. It was clear the staves were not the miracles we thought they were.  
  
I lost track of them after I left to form the Wizard's Court, only to later learn that one of our own had delivered them to the gods in Arah rather than see them fall into mursaat hands. Of course, the Six were suspicious and bestowed the staves on a pair of mortal rulers of distant nations, likely as some form of test. The results were disastrous. I thought to intervene, but the court was still young; I did not wish to draw the ire of the Six so soon.
  
These rulers were severely punished and the staves sealed in their tombs. After the Exodus, I sought them out, only to find the tombs barren—picked clean. Unsurprising, but concerning.  
  
Centuries passed before Legavo surfaced again in the hands of a lich, the one responsible for the drowning of Orr. Khilbron flung wide the Door of Komalie. The other wizards beseeched me to act, but before I could, the vizier was already slain. We scoured the volcanic islands, but the Scepter of Orr was nowhere to be found—likely shunted away by the lich with his final whispers.  
  
Some years after word of Mulmund's destruction reached my halls, a rumor floated up through Mabon's eccentric little network of mesmers that a Shining Blade exemplar had found and possessed the scepter for decades. This time I made a point to settle the issue in person. Livia was rather unmoved by my presence. Unsurprising in hindsight, given that the Shining Blade were the recipients of more than one of our artifacts. For Legavo, I offered her a title and access to the tower and to Amnytas. She was indifferent to the role of wayfinder, but she offered to make herself available for ""any problems that might threaten the Krytan throne."" I found Livia's terms...satisfactory.   
  
Finally, I could seal this regretful chapter of my kind behind closed doors.","С момента их создания руками моего народа Сидони считала, что Легаво и Мульмунд будут иметь решающее значение в нашей защите от внеплановых захватчиков. Я когда-то думал так же, как она, но мы ошибались снова и снова.  
  
Мурсааты в конце концов защитили свои доспехи от уникальной магии посохов, задолго до того, как они стали известны как Скипетр Орра и Посох Туманов. В конце концов, боги и их слуги пришли, беспрепятственно и беспрепятственно. Стало ясно, что посохи не были теми чудесами, которыми мы их считали.  
  
Я потерял их след после того, как ушёл, чтобы основать Совет Волшебников, и лишь позже узнал, что один из наших передал их богам в Ара, чтобы они не попали в руки мурсаатов. Конечно, Шестеро отнеслись с подозрением и вручили посохи паре смертных правителей далёких народов, вероятно, как своего рода испытание. Результаты были катастрофическими. Я думал вмешаться, но совет был ещё молод; я не хотел так скоро навлекать на себя гнев Шестерых.  
  
Эти правители были сурово наказаны, а посохи запечатаны в их гробницах. После Исхода я разыскал их, но обнаружил гробницы пустыми — обчищенными. Неудивительно, но тревожно.  
  
Прошли века, прежде чем Легаво снова всплыл в руках лича, того самого, кто ответственен за затопление Орра. Хилброн широко распахнул Врата Комальи. Другие волшебники умоляли меня действовать, но прежде чем я смог, визирь уже был убит. Мы прочесали вулканические острова, но Скипетр Орра нигде не был найден — вероятно, лич убрал его своими последними шёпотами.  
  
Через несколько лет после того, как весть об уничтожении Мульмунда достигла моих залов, по своеобразной маленькой сети месмеров Мабона пронёсся слух, что образец Сияющего Клинка нашёл и владел скипетром десятилетиями. На этот раз я решил лично уладить этот вопрос. Ливия была довольно невозмутима моим присутствием. Неудивительно в ретроспективе, учитывая, что Shining Blade были получателями более чем одного из наших артефактов. За Легаво я предложил ей титул и доступ к башне и к Амнитас. Она была равнодушна к роли следопыта, но предложила быть доступной для «любых проблем, которые могут угрожать Крайтанскому трону». Я счёл условия Ливии... удовлетворительными.   
  
Наконец, я мог закрыть эту прискорбную главу истории моего народа за закрытыми дверями."
"Slayer,

Hoelbrak is still struggling to keep up with the rising number of refugees. Our scouts have confirmed that dredge in Wayfarer Foothills and Flame Legion in Diessa Plateau have allied; they're calling themselves the ""Molten Alliance."" Such a partnership cannot be ignored. For now, the best thing we can do is subdue their forces. We need you out there, defending our homesteads and fighting the enemy. With you in the field, Knut and I can plan a large-scale response to the dredge and Flame Legion attacks.
 
They're doing the same over at the Black Citadel and could use your support. They've coordinated a meeting of their high-ranking officials, so check in at the defense quorum in the Imperator's Core, and tell them you're at their disposal. Then, find Rytlock—give him my regards—and let him know you're there to help. He might appreciate the reprieve from his onslaught of tactical meetings.

—Eir","Убийца,

Хельбрэк всё ещё пытается справиться с растущим числом беженцев. Наши разведчики подтвердили, что дредж в Wayfarer Foothills и Пламя Легиона на Диес-с-ском Плато объединились; они называют себя «Molten Alliance». Такое партнёрство нельзя игнорировать. Пока что лучшее, что мы можем сделать, — подавить их силы. Ты нужен нам там, защищая наши дома и сражаясь с врагом. С тобой на поле боя мы с Кнутом сможем спланировать масштабный ответ на атаки дреджей и Пламени Легиона.

Они делают то же самое у Black Citadel, и твоя поддержка там пригодится. Они согласовали встречу своих высокопоставленных чиновников, так что зайди на совет обороны в Ядре Императора и скажи им, что ты в их распоряжении. Затем найди Ритлока — передай ему привет — и дай ему знать, что ты здесь, чтобы помочь. Возможно, он оценит передышку от шквала тактических встреч.

— Эйр"
Sombra definitiva,Окончательный удар Сомбры
"Sometimes humans become dragons. How?

??? + human (Sung) = dragon

I need: scales, wings, claws...

Scales from lizard + wings from bird + claws from raptor + Sung = dragon?","Иногда люди становятся драконами. Как?

??? + человек (Сун) = дракон

Нужно: чешуя, крылья, когти...

Чешуя ящерицы + крылья птицы + когти хищника + Сун = дракон?"
"Specimens to be added to my collection:

•Tengu

•Sylvari

•Kodan

•Largos

•Colossus

•Seer

•Kraken

•Vampire Beast

•Imp

•Exalted

•Star Shrimp King

•Dust Mite?","Экземпляры для пополнения моей коллекции:

•Тенгу

•Сильвари

•Коданы

•Ларгосы

•Колосс

•Провидец

•Кракен

•Вампирический зверь

•Бес

•Возвышенные

•Star Shrimp King

•Пылевой клещ?"
"Sprecht mit der Abtei-Archivarin Hellie bei Sammlersruh, um die Sammlung zu beginnen.","Поговорите с архивариусом аббатства Хелли у Приюта Собирателя, чтобы начать коллекцию."
"Stats only apply in WvW:
-10%% Incoming Damage
+20 Power
+10%% Karma
+5%% All Experience Gained
+20%% Magic Find
+20%% Gold Find
+10%% WXP Gained","Характеристики действуют только в PvP:
-10%% входящего урона
+20 силы
+10%% кармы
+5%% ко всему получаемому опыту
+20%% шанса найти магические предметы
+20%% шанса найти золото
+10%% получаемого опыта мира"
"Stats only apply in WvW:
-10%% Incoming Damage
+40 to All Attributes
+10%% Karma
+5%% All Experience Gained
+20%% Magic Find
+20%% Gold Find
+10%% WXP Gained","Статы действуют только в PvP:
-10%% входящего урона
+40 ко всем характеристикам
+10%% к карме
+5%% ко всему получаемому опыту
+20%% к шансу найти магические предметы
+20%% к шансу найти золото
+10%% к получаемому количеству очков опыта мира"
"Straight from the windswept canyons of Highjump Ranch comes the last guidebook you'll ever need on springer care! After years of working alongside Stablemaster Unja and her expertly trained family of ranch hands, we've compiled the ultimate list of dos and don'ts for the responsible springer owner.

Whether you're looking to construct the ideal living environment, grow the right crossbreed of carrot, or learn just how high your springer can safely jump without injury, this guide will offer all the answers and then some!

A portion of all profits from this book goes to support Highjump Ranch and its efforts to find homes for springers all throughout the Crystal Desert.","Прямо из продуваемых всеми ветрами каньонов ранчо Хайджампп – последняя книга, которая вам понадобится по уходу за спрингерами! После многих лет работы вместе со смотрительницей конюшен Унджей и её командой опытных работников ранчо, мы составили исчерпывающий список того, что можно и чего нельзя делать ответственным владельцам спрингеров.

Независимо от того, хотите ли вы создать идеальную среду обитания, вырастить нужный сорт моркови или узнать, на какую высоту ваш спрингер может безопасно прыгать без травм, в этом руководстве вы найдёте все ответы и даже больше!

Часть прибыли от продажи этой книги идет на поддержку приюта Highjump Ranch и его усилий по поиску новых хозяев для собак породы спрингер-спаниель во всем Христальном Пустыне."
"Summon the Mad Mirror to carry you along the ground. You will be removed from the travel toy if you engage in combat.

This item has no movement-speed bonus or additional skills.","Призвать Безумное Зеркало, чтобы оно несло вас по земле. Вы будете сняты с игрушки для путешествий, если вступите в бой.

Этот предмет не даёт бонуса к скорости передвижения или дополнительных умений."
"Supply:
Supply is used to repair structures and build siege","Припасы:
Припасы используются для ремонта строений и создания осадных орудий."
Système des tournois automatisés,Система автоматизированных турниров
"Tactics & improvements for upgrading World vs. World objectives claimed by your guild.
Items in the War Chest are only available for use in WvW. Spend the items by interacting with claimable objectives in a WvW map.","Тактика и улучшения для апгрейда целей в WvW, захваченных вашей гильдией.
Предметы в Военном сундуке доступны только для использования в WvW. Тратьте предметы, взаимодействуя с захватными целями на карте WvW."
Tagebuch der Inquisitorin Machalina,Дневник инквизиторши Махалины
Tageszeit anzeigen,Отображать время суток
"Tanasen was the husband of Xiko and a powerful ritualist. Before he lost his life during the Jade Wind, he was known for teaching the ritualist arts to young acolytes.

This plaque was placed by the Ministry of Archives to improve education efforts following the collapse of the Ministry of Purity.","Танасен был мужем Ксико и могущественным ритуалистом. Прежде чем он потерял жизнь во время Нефритового Ветра, он был известен тем, что обучал искусству ритуалиста юных адептов.

Эта табличка была установлена Министерством Архивов для улучшения образовательных усилий после распада Ministry of Purity."
"Teacher,  
  
I send good tidings from the Labyrinthine Cliffs. The weather is balmy with a light rain, but the other aspect masters and I are working to make certain there'll be nothing but clear skies ahead for our journey west. I hope repair efforts in Lion's Arch fare just as well; they've been through much. If only they knew there was greater cause to hope. Glint's legacy is with us, a shining beacon to herald a new age!  
  
I know I'm getting ahead of myself, but it's hard not to be excited. I wish you well in your charitable efforts. Festivities in the bazaar are nearly ready for visitors. Here's to one last hurrah before we embark.  
  
Alas and so we go, 
  
Master of Lightning","Учитель,  
  
Я шлю добрые вести из Лабиринтовых Утёсов. Погода тёплая, с лёгким дождём, но мы с другими мастерами аспектов работаем, чтобы обеспечить ясное небо в нашем путешествии на запад. Надеюсь, восстановительные работы в Lion's Arch идут так же хорошо; они многое пережили. Если бы они только знали, что есть больше причин надеяться. Наследие Глинт с нами, сияющий маяк, возвещающий новую эру!  
  
Знаю, что забегаю вперёд, но трудно не радоваться. Желаю вам удачи в ваших благотворительных усилиях. Празднества на базаре почти готовы принять посетителей. Вот вам последний всплеск веселья перед отплытием.  
  
Увы, итак мы идём,  
  
Мастер Молнии"
"Teinture[pl:""Teintures""] fierté",Эссенция Высокомерия
Tempel-Champion,Чемпион храма
Temposchwellen,Временные аномалии
"Term of employment: 1842–1845

Former title: Executive Assistant

Status: Employment Terminated

Notes: Identified as a potential asset after her nearly successful infiltration of the Yong Reactor. Mai Trin is clearly not a local—I've learned bits and pieces of her background—but has been able to pass as one. (Xunlai Jade, as a whole, must strategically remain unaware to avoid culpability.) Has an uncanny ability to pick up new technology: seems to go from completely lost to understanding complex formulations after only a few minutes of reflective silence. Whatever her origins, she has proven surprisingly loyal, and her unique perspective has her on the fast track for leadership.

1845 Update: Mai Trin's body was recovered this morning. As our investigation continues into the betrayal at the Yong Reactor, Legal is preparing multiple statements for when the full scope of her crimes goes public. In the end, I am responsible for trusting her. I am prepared to say so. (Personal Note: Who shot her? Is it possible she tried to stop the commander?)","Срок работы: 1842–1845

Бывшая должность: Исполнительный помощник

Статус: Трудовой договор расторгнут

Примечания: Определена как потенциальный актив после почти успешного проникновения на реактор Йонг. Mai Trin явно не местная — я узнал отдельные фрагменты её прошлого — но ей удавалось выдавать себя за местную. (Сюньлай Нефрит в целом должен стратегически оставаться в неведении, чтобы избежать ответственности.) Обладает невероятной способностью осваивать новые технологии: кажется, что от полного непонимания до понимания сложных формулировок она доходит всего за несколько минут задумчивого молчания. Каково бы ни было её происхождение, она проявила удивительную преданность, и её уникальный взгляд на вещи обеспечил ей быстрый путь к руководству.

Обновление 1845: Тело Май Трин было найдено сегодня утром. Пока наше расследование предательства на реакторе Йонг продолжается, Юридический отдел готовит несколько заявлений на случай, когда полный масштаб её преступлений станет достоянием общественности. В конечном счёте, я несу ответственность за то, что доверился ей. Я готов это признать. (Личная заметка: Кто в неё стрелял? Возможно ли, что она пыталась остановить командира?)"
"Term of employment: 1845–present

Current title: Subject Matter Expert

Status: Consultant

Deep knowledge of many subjects, including dragon magic, asuran golemancy, and cybernetics. Adept at pattern recognition and complex systems. Loves to speak and is not discouraged by even the most pointed silence, must be assertive in need for quiet to focus. Blueprints for the jade exoskeleton we designed together to aid her mobility have been sent to MedTech for redesign to fit the human form. Her improvements to the design resulted in a reduction in both the incidence and intensity of her physical symptoms across the board, often by a self-reported fifty percent or more.","Срок трудового договора: 1845 год – настоящее время.

Текущий ранг: эксперт в своей области

Статус: консультант

Обладает глубокими знаниями в различных областях, включая магию драконов, асурийскую големотехнику и кибернетику. Прекрасно распознаёт закономерности и разбирается в сложных системах. Любит говорить и не смущается даже самым явным молчанием, но при необходимости умеет настойчиво требовать тишины для концентрации. Чертежи экзоскелета из жадеита, который мы вместе разработали для улучшения её мобильности, отправлены в MedTech для переработки под человеческие пропорции. Благодаря её усовершенствованиям удалось снизить как частоту, так и интенсивность физических симптомов, причем, по её собственным оценкам, на пятьдесят процентов и более."
"Thank you for your help restoring Greyhoof Meadows. While many celebrated the finish of the Toxic Alliance when their Tower of Nightmares fell, only true heroes like yourself took part in our cleanup effort.

With the alliance's toxins dispersed and fewer of their toxic offshoots sprouting up, maybe we can get back to what passes for normal around here.  On behalf of the families of the fallen Seraph, please accept this token of gratitude. 

—Sergeant Rane","Спасибо за помощь в восстановлении Лугов Серой Гривы. Пока многие праздновали падение Tower of Nightmares Токсичного Альянса, только настоящие герои вроде тебя приняли участие в нашей уборке.

Теперь, когда токсины альянса рассеяны, а их ядовитых отростков прорастает всё меньше, может, мы наконец вернёмся к тому, что здесь сходит за нормальную жизнь.  От имени семей павших серафимов, пожалуйста, прими этот знак благодарности.

—Sergeant Rane"
"Thanks for your help around my garden, %str1%. The Separatists who've been hanging around Nageling have no idea I'm out here. I'm so pleased with the results that I've decided to make this location permanent. 

Thank you again. 

— Kastaz Strongpaw","Спасибо за помощь с моим садом, %str1%. Сепаратисты, что околачиваются рядом с Нейглингом, понятия не имеют, что я здесь. Я так доволен результатами, что решил сделать это место постоянным.

Ещё раз спасибо.

— Кастаз Крепколап"
"The Diary of Palawa Ignacious Joko, the Scourge of Vabbi, the Undying, the Eternal Monarch of All

DO NOT TOUCH

To all the ones I've hated the most: Why couldn't you have been worthier?

First there was Zuri. We were seventeen. I admit that I fumbled a bit and was regrettably unsure of myself back then. But I was young; and youth should excuse a bit, don't you think? I was so very offended by his audacity that I was not my best. The imbecile had the nerve to challenge me for the premiere place by the side of my necromancy teacher. It was before I became a lich, back when I thought another might have something to teach me. ME! Ah, the naïveté of youth, to think one could ever be my better at death, undeath, or, well, anything for that matter. But I digress...

Zuri was surprised when I stabbed him in the back. Literally.

In retrospect, he wasn't worth the bloodstains on my clothes.

There was Thorn. Living so long, sometimes it is nice to come across those who knew me back when. I had hoped he'd matured in death. Instead, it was more of the same. The minute he opened his gourd, I remembered that I find the fool to be an actual waste of my eternal time. And he's so needy. It's always the same story with him—beheadings that do nothing to shore up his power and jokes. Again with the awful jokes! He starts to laugh at them before you can even groan and judge.

I will give him one thing though: as horrid as he looks in orange, the pumpkin head is a vast improvement on the face he was born with.

If they're not needy, they're obsessed. Like that renegade ""warmarshal"" Turai Ossa. He just keeps coming around, nipping at my heels. I suppose his tenacity might say something about his staying power, but it's really not cute.

I know that I am the Eternal Palawa Joko, the All-Powerful. They will never meet my like. I see why they want me as an archrival. They can never hope to have a more glorious death than at my hands. But I am frankly far, far out of their leagues. Have some pride! I'm just looking to scratch an itch here. I don't need a forever-nemesis.

Or maybe I do...

Is it too much to ask for a worthy adversary? One with stamina and a quick mind, one who might even surprise me now and again?","The Diary of Palawa Ignacious Joko, Бича Вабби, Бессмертного, Вечного Монарха Всего

НЕ ТРОГАТЬ

Всем, кого я ненавидел больше всего: почему вы не могли быть достойнее?

Сначала была Зури. Нам было семнадцать. Признаю, я тогда немного оплошал и, к сожалению, не был уверен в себе. Но я был молод; а молодость должна извинять кое-что, не думаете? Я был так оскорблен его дерзостью, что не показал себя с лучшей стороны. Этот идиот осмелился бросить мне вызов за первое место рядом с моим учителем некромантии. Это было до того, как я стал личем, когда я ещё думал, что кто-то может меня чему-то научить. МЕНЯ! Ах, наивность юности — думать, что кто-то может превзойти меня в смерти, не-смерти или, ну, в чем угодно. Но я отвлекся...

Зури удивился, когда я вонзил ему нож в спину. Буквально.

Оглядываясь назад, он не стоил кровавых пятен на моей одежде.

Был Торн. Живя так долго, иногда приятно встретить тех, кто знал меня в прошлом. Я надеялся, что он повзрослел после смерти. Вместо этого всё было по-старому. Как только он открыл свою тыкву, я вспомнил, что считаю этого дурака пустой тратой моего вечного времени. И он такой навязчивый. С ним всегда одна и та же история — обезглавливания, которые никак не укрепляют его власть, и шутки. Опять эти ужасные шутки! Он начинает смеяться над ними, прежде чем ты успеваешь даже застонать и осудить.

Однако я отдам ему должное: как бы ужасно он ни выглядел в оранжевом, тыквенная голова — огромное улучшение по сравнению с лицом, с которым он родился.

Если они не навязчивы, то одержимы. Как тот ренегат «военный маршал» Turai Ossa. Он всё продолжает появляться, кусая меня за пятки. Полагаю, его упорство может говорить о его выносливости, но это совсем не мило.

Я знаю, что я — Вечный Palawa Joko, Всемогущий. Им никогда не встретить подобного мне. Я понимаю, почему они хотят видеть во мне заклятого врага. Они никогда не смогут надеяться на более славную смерть, чем от моих рук. Но я, честно говоря, далеко, далеко вне их лиги. Имейте гордость! Я просто хочу почесать зуд. Мне не нужен вечный враг.

Или, может, нужен...

Неужели слишком многого просить о достойном противнике? О таком, у кого есть выносливость и острый ум, кто мог бы иногда даже удивлять меня?"
"The Ministry and I have appointed two individuals to act as city heralds. They are positioned near the Queensdale exit and the Lion's Arch asura gate, and are knowledgeable about worldwide events important to the kingdom of Kryta. For those who travel, Lion's Arch has also employed heralds to keep you updated. It is our hope that they will be a valuable resource for you.

—Queen Jennah","Министерство и я назначили двух человек в качестве городских глашатаев. Они находятся у выхода из Куинсдейла и у асурского врата Lion's Arch и осведомлены о событиях в мире, важных для королевства Крайта. Для тех, кто путешествует, Lion's Arch также наняла глашатаев, чтобы держать вас в курсе. Мы надеемся, что они станут для вас ценным источником информации.

—Королева Дженна"
"The Ministry of Purity directs all chapter leaders to the amended registry of seditious talk, now expanded to include the following:
1) Referring to the minister's strategic retreat as a ""rout.""
2) Implication that insurrection forces outside Zen Daijun temple have Canthan soldiers ""surrounded.""
3) Reference of any kind to the empress's so-called offer of clemency, clearly fabricated by enemies of the throne.
4) Any suggestion that the minister no longer speaks on the empress's behalf.

In accordance with edict Vermillion Twenty-Six, any combatant practicing impure speech and ideation must be submitted for loyalty processing. As ever, our future must rest upon firm foundations, which requires the rot of sedition to be excised from the body.

(In the margins, scrawled in a different hand, reads: ""We're all going to die here."")","Ministry of Purity предписывает всем главам отделений ознакомиться с дополненным реестром крамольных высказываний, который теперь включает следующее:
1) Называть стратегическое отступление министра «разгромом».
2) Намёк на то, что повстанческие силы за пределами храма Зен Дайджун «окружили» кандских солдат.
3) Любое упоминание так называемого предложения императрицы о помиловании, которое, очевидно, сфабриковано врагами трона.
4) Любое предположение, что министр больше не говорит от имени императрицы.

В соответствии с указом «Багровый двадцать шесть», любой боец, использующий нечистые речи и помыслы, должен быть отправлен на обработку лояльности. Как всегда, наше будущее должно покоиться на прочном фундаменте, для чего необходимо вырезать гниль крамолы из тела.

(На полях, нацарапано другой рукой: «Мы все здесь умрём».)"
"The Mists are as wonderous as I recall from my last delve through the veil. Equal parts disturbing and inspiring, even for one as experienced as I. One can never predict what horrors or treasures lie at the end of the ever-shifting astral causeways. I have asked Tirss, on the odd occasion we cross paths in Stellis Quor, if they had any inkling of how their people traversed the unpredictable expanse between Tyria and wherever their kind hailed from. Sadly, I am no stranger to four-armed shrugs, though perhaps it was unfair to burden them with such ponderances. My serpentine friend is a diplomat and entertainer, after all, not whatever equates to an artificer for their kind.  

But I digress; my current journey has not been without stimulating company of its own. I recently came to rest in a small pocket adrift in the chaos, sheltered beneath a large coiling tree. Verdence, strange flora crowding a small, crystal-clear pool that appeared endlessly deep. Naturally, I began to sketch my surrounds when I felt the brush of a presence against my conscious mind. It asked what I was doing, so I humored it, offering to show my artwork. It was then a second presence made itself known, and it was clear I had stumbled onto something of a private retreat...or a feeding ground.  

Together, their rather pale and striking figures emerged behind the tree trunk that surrounded the clearing in which I sat. Nayosians, demons, best I could discern. One, smaller, hovering off the ground with several tentacle-like appendages twisting and coiling beneath their torso. Meanwhile, the other towered above me, nearly tall enough for their horn to pierce the tree's canopy. To my surprise, the smaller one accepted my offer while the other loomed above, watching.  
 
After a brief introduction, I spent what felt like days explaining my technique, color theory, and even interpretation, never having met beings so enthralled by fancies and craft. The smaller one, Mosyn, held my chalk sticks in her long, webbed hands, her opalescent skin shimmering to match each color, as if she were searing every hue into her memory, her being. Her fellow thanked me for letting them ""borrow the colors."" I explained that the act of creating art belonged to no one and everyone. The look he gave me; it was as if he'd seen his first sunlit horizon. He hungered for meaning, for the comfort it appeared to bring him. 

Eventually, I took my leave, unharmed; the color of their gratitude painted on my very consciousness. I could sense their lingering hunger, the way their eyes tracked my own, but even then, something about our exchange had satiated them for the moment.  

Is it possible there is more to the denizens of Nayos than we've been told? A rumination for another journey, perhaps.","Мисты так же чудесны, как я помню с моего последнего погружения за завесу. В равной мере тревожны и вдохновляющи, даже для такого опытного, как я. Никогда не знаешь, какие ужасы или сокровища ждут в конце вечно меняющихся астральных путей. Я спросил у Тирсс, когда мы случайно пересекались в Стеллис Квор, имеют ли они хоть малейшее представление о том, как их народ пересекал непредсказуемые пространства между Тирией и их родными мирами. К сожалению, мне не привыкать к четырёхруким пожатиям плечами, хотя, возможно, было несправедливо обременять их такими размышлениями. Мой змееподобный друг — дипломат и артист, а не то, что у их народа называется изобретателем.

Но я отвлёкся; моё нынешнее путешествие не обошлось без стимулирующего общества. Недавно я остановился в небольшом кармане, дрейфующем в хаосе, укрытом под большим извилистым деревом. Зелень, странная флора, окружающая небольшой кристально чистый пруд, который казался бесконечно глубоким. Естественно, я начал зарисовывать окрестности, когда почувствовал прикосновение присутствия к моему сознанию. Оно спросило, что я делаю, и я снизошёл, предложив показать мой рисунок. Тогда появилось второе присутствие, и стало ясно, что я наткнулся на некое частное убежище... или кормовое угодье.

Вместе их довольно бледные и поразительные фигуры выступили из-за ствола дерева, окружавшего поляну, на которой я сидел. Найозийцы, демоны, насколько я мог различить. Один, поменьше, парил над землёй, с несколькими щупальцевидными отростками, извивающимися под торсом. Другой возвышался надо мной, почти доставая рогом до кроны дерева. К моему удивлению, меньший принял моё предложение, пока другой нависал, наблюдая.

После краткого знакомства я провёл, казалось, дни, объясняя свою технику, теорию цвета и даже интерпретацию, никогда не встречая существ, столь увлечённых фантазиями и ремеслом. Меньший, Мосин, держал мои мелки в своих длинных перепончатых руках, её переливающаяся кожа мерцала в такт каждому цвету, словно она вжигала каждый оттенок в свою память, своё существо. Её спутник поблагодарил меня за то, что я позволил им «одолжить цвета». Я объяснил, что акт творения искусства не принадлежит никому и всем. Взгляд, который он на меня бросил; будто он увидел свой первый солнечный горизонт. Он жаждал смысла, утешения, которое оно, казалось, ему приносило.

В конце концов я ушёл невредимым; цвет их благодарности запечатлелся в моём сознании. Я чувствовал их затаённый голод, то, как их глаза следили за мной, но даже тогда что-то в нашем обмене на мгновение насытило их.

Возможно ли, что в обитателях Найоса больше, чем нам рассказывали? Размышление для другого путешествия, возможно."
"The Plan  
  
Target: The Vaults  
  
Location: Lion's Arch  
  
The Mark: Captain Evon Gnashblade  
  
The Take: Said to be six million in gold, double that for silver. Unknown copper amount. Platinum, perhaps? Only touch Evon's personal fortune; meddling with the market itself would only paint targets on us.  
  
Security: Two Lionguard at main entrance, 24-hour watch. Two Lionguard by the vault door, 24-hour watch. Nine staff in lobby. Unknown number of security inside vault. Expected to be heavy, with further traps.  
  
Time: Night. Need exquisite night vison and a sensitive smeller to keep watch. Also require a loud voice to warn us of trouble once we are inside.  
  
Phase 1: Need a team to distract the guards at the front of the vault—someone cacophonous and cute. Rest of the team will approach the back of the vaults from the inner harbor. There is a small creek with some crabs, but no Lionguard. Ideally, we persuade the crabs to help if I can find some brains who can perform a bit of smooth talking. Also need strong swimmers, since this will be exit route. Ribbington has already placed a boat by the bridge for the getaway.  
  
Phase 2: Tunnel through the rock wall by the creek—they were sloppy during the reconstruction, neglected to fix many of the cracks and holes made during the attack. The smallest of us slip through. In case the distraction does not pull the security out of the vault, will need someone unbothered by a bit of bloodshed to deal with them—preferably no casualties—and the ability to fly would be scrumptious; people rarely consider airborne threats, so traps are likely to be ground based. Could get a small flyer to disable them...an insect, perhaps?  
  
Phase 3: Enter Evon's personal vault and start ferrying the gold out to the hired muscle by the tunnel, as much as we can carry. In and out, quick and quiet. Leave enough gold that the copper-coveting charr won't realize anything is missing until it's far too late.  
  
Phase 4: Pearl Islet is particularly pretty this time of year...","План

Цель: The Vaults

Место: Львиный Шрам

Метка: Капитан Эвон Гнашклин

Добыча: Говорят, шесть миллионов золотом, вдвое больше серебром. Неизвестное количество меди. Платина, возможно? Трогать только личное состояние Эвона; вмешательство в сам рынок лишь навлечет на нас цели.

Охрана: Два Львиных Стража у главного входа, круглосуточная вахта. Два Львиных Стража у двери хранилища, круглосуточная вахта. Девять сотрудников в вестибюле. Неизвестное количество охраны внутри хранилища. Ожидается, что будет много, с дополнительными ловушками.

Время: Ночь. Нужно отличное ночное зрение и чуткое обоняние для наблюдения. Также требуется громкий голос, чтобы предупредить нас о беде, когда мы окажемся внутри.

Фаза 1: Нужна команда, чтобы отвлечь охрану у входа в хранилище — кто-то шумный и милый. Остальная команда подойдёт к задней части хранилищ из внутренней гавани. Там есть небольшой ручей с крабами, но без Львиных Стражей. В идеале, мы уговорим крабов помочь, если я найду мозги, способные на гладкую речь. Также нужны сильные пловцы, так как это будет путь отхода. Риббингтон уже поставил лодку у моста для побега.

Фаза 2: Прорыть туннель через скальную стену у ручья — они были небрежны во время реконструкции, пренебрегли исправлением многих трещин и дыр, сделанных во время атаки. Самый маленький из нас проскользнет внутрь. Если отвлечение не выманит охрану из хранилища, понадобится кто-то, кого не смущает немного кровопролития, чтобы разобраться с ними — желательно без жертв — и умение летать было бы восхитительно; люди редко учитывают угрозы с воздуха, поэтому ловушки, скорее всего, наземные. Можно было бы заполучить маленького летуна, чтобы обезвредить их... насекомое, возможно?

Фаза 3: Войти в личное хранилище Эвона и начать вывозить золото к нанятым громилам через туннель, столько, сколько сможем унести. Войти и выйти, быстро и тихо. Оставить достаточно золота, чтобы жадный до меди чарр не понял, что что-то пропало, пока не станет слишком поздно.

Фаза 4: Pearl Islet особенно красив в это время года..."
"The backpack of a new member of the Durmand Priory.
<c=@flavor>""Mordremoth may have devastated the Pact Fleet, but our spirit remains strong.""</c> 
—Laranthir","Рюкзак нового члена Дурмандского Приората.
<c=@flavor>«Мордремот, возможно, уничтожил флот Пакта, но наш дух остаётся сильным».</c> 
—Ларантир"
"The polarity of this stone is locked in a stable matrix. A Ley Line disrupting device could unlock its potential forces.
Double-click to show.","Полярность этого камня зафиксирована в стабильной матрице. Устройство, нарушающее лей-линию, может высвободить его потенциальную энергию.
Дважды щёлкните, чтобы показать."
"This adds a Black Lion Expedition Board to your home instance, which can be used to collect exotic resources from across Tyria.
Expedition options include the following:
• Lowland Shore
• Janthir Syntri
• Mistburned Barrens","Это добавляет доску экспедиций «Black Lion» в ваш домашний экземпляр, которую можно использовать для сбора экзотических ресурсов по всей Тирии.
Варианты экспедиций включают следующее:
• Низменный берег
• Джантир Синтри
• Опалённые Туманом пустоши"
"This cover comes with a simple back strap for ease of wearing if you don't have another back-slot item.
Double-click to unpack.","Эта обложка оснащена простым ремешком для ношения на спине, если у вас нет другого предмета для спины.
Дважды щёлкните, чтобы распаковать."
"This decree permits you to help spread cheer around Skrittsburgh to show your ""angry shiny"" what Wintersday is about. It's attached to a small pillow given to you by the skritt king to hold the creature.

The decree is only valid in the skritt king's home territory of Brisban Wildlands.

Double-click to start the party!","Этот указ позволяет вам помочь распространить праздничное настроение в Скриттсбурге и показать вашему «сердитому блестяшке», что такое Зимний праздник. Он прикреплен к небольшой подушечке, которую вам подарил король скриттов, чтобы вы могли держать на ней это существо.

Указ действителен только на территории, принадлежащей королю скриттов, в Брисбанских диких землях.

Дважды щёлкните, чтобы начать праздник!"
"This device can be attached to your jackal for an hour to locate corrupted sand around Elona.

Interacting with an active device will disable it.","Это устройство можно прикрепить к вашему шакалу, и оно будет в течение часа искать зараженный песок вокруг Элоны.

Взаимодействие с активным устройством отключит его."
"This item has no value outside of a collection and can freely be sold to merchants.
<c=@Flavor>For restoring the alliance between the Sunspears and Amnoon, you've nobly earned this standard.</c>","Этот предмет не имеет ценности вне коллекции и может быть свободно продан торговцам.
<c=@Flavor>За восстановление союза между Копьёносцами и Амнуном вы благородно заслужили это знамя.</c>"
"This pass provides permanent access to the Armistice Bastion, a neutral ground in the never-ending Mist War.
• Quick Travel to All Cities
• Access to WvW Maps and Team Chat
• Crafting Stations
• Bank and Guild-Bank Access
• Mystic Forge
• Merchants
• And more! All within easy reach, for those who enjoy the ultimate convenience.","Этот пропуск предоставляет постоянный доступ к Бастиону перемирия, нейтральной территории в бесконечной Войне туманов.
• Быстрое перемещение во все города
• Доступ к картам WvW и командному чату
• Станции ремесла
• Доступ к банку и банку гильдии
• Mystic Forge
• Торговцы
• И многое другое! Всё в пределах лёгкой досягаемости для тех, кто ценит максимальное удобство."
"This quiver has a simple back strap to wear if you don't have another back-slot item.
Double-click to unpack.","У этого колчана есть простой наплечный ремень, если у вас нет другого предмета для спины.
Дважды щёлкните, чтобы распаковать."
"This residue lies dormant. It could be imbued at a strong phantasmal energy source.
Double-click to show.","Этот остаток находится в бездействии. Его можно наполнить силой у мощного источника фантомной энергии.
Дважды щёлкните, чтобы показать."
"This short bow will not display an emblem if you are not representing this guild.
Double-click to imbue another short bow's stats into this appearance (one-time ability).","Этот короткий лук не будет отображать инсигнию, если вы не представляете эту гильдию.
Дважды щёлкните, чтобы вживить в этот облик характеристики другого короткого лука (одноразовое действие)."
"This strange mist-wreathed box contains valuable loot.
Double-click to open.","В этой странной коробке, окутанной туманом, находится ценная добыча.
Дважды щёлкните, чтобы открыть."
"This vial of goo smells awful.
<c=@flavor>When you hold it, you get a tingling feeling that reminds you of the Mystic Forge.</c>","Эта склянка с жижей ужасно воняет.
<c=@flavor>Когда вы держите её в руках, вы чувствуете покалывание, которое напоминает вам о Mystic Forge.</c>"
"This volume teaches you how to perform the ""Dodge Step,"" ""Inventory Shuffle,"" and ""Gear Grind"" dance moves. You also gain the ability to invite others to follow along in a dance you control.

Double-click to receive these dance skills and the Dancing Spirit buff.","Этот том учит вас выполнять танцевальные движения «Уклоняющийся шаг», «Инвентарная перетасовка» и «Износ снаряжения». Вы также получаете возможность приглашать других следовать за вами в танце, которым вы управляете.

Дважды щёлкните, чтобы получить эти танцевальные навыки и эффект «Танцующий дух»."
Trofeo marcado,Трофей с отметкой
"Unlock the Woad armor set. Pieces can be obtained from skirmish supervisors, from the Janthir Wilds reward track, or from Rift Researcher Adam in Lowland Shore.
Each armor weight's pieces must be unlocked individually.","Откройте доступ к комплекту брони «Войд». Отдельные части можно получить у командиров стычек, в наградах за прохождение этапов в локации «Дикие земли Джантир» или у Рифт-исследователя Адама на Нижнем берегу.
Каждая деталь экипировки определенного веса должна быть разблокирована отдельно."
"Usable by any character, this pack comes with everything a pirate captain needs to pillage, plunder, and rule the high seas.

Appearance skins override the look of your equipment and have no stats of their own.","Может использоваться любым персонажем. Этот набор содержит всё, что нужно капитану пиратов для грабежа, разбоя и владычества над морями.

Облики внешности заменяют внешний вид вашего снаряжения и не имеют собственных характеристик."
"Use /shiver in the highest parts of all the Shiverpeak Mountains.
<c=@reminder>Requires access to previous Living World episodes to complete.</c>","Используйте команду /shiver в самых высоких точках всех гор Шиверпик.
<c=@reminder>Для выполнения задания требуется доступ к предыдущим эпизодам «Живого мира».</c>"
"Use in the Mystic Forge with an Agony Infusion, an Ascended Ring, and a Philosopher's Stone to craft an Attuned Ascended Ring.
Can be bought inside the Fractals of the Mists once you have trained Agony Channeler in the Fractal Attunement Mastery line.","Используйте в Mystic Forge с Инфузией Агонии, Вознесённым Кольцом и Философским Камнем, чтобы создать Настроенное Вознесённое Кольцо.
Можно купить в Сколах Тумана после того, как вы изучите Agony Channeler в ветке мастерства Согласование Сколов."
"Use this to sign your account up for weekly Secrets of the Obscure Launch Supply Drops. Receive the first drop immediately and three more between now and September 4.

First Drop:
An Amnytas Feathered Raptor Mount Pack, 1 Black Lion Cape Voucher, and 2 Heroic Boosters.
Second Drop:
A Black Lion Backpack and Glider Combo Voucher, a ""/Readbook"" Emote Tome, 2 Guaranteed Wardrobe Unlocks, and a Communal Boost Bonfire.
Third Drop:
A Black Lion Finisher Voucher, a Black Lion Weapons Voucher, and 3 Seven Dragon Dye Packs.
Fourth Drop:
5 Black Lion Chest Keys, 2 Black Lion Miniature Claim Tickets, and a Golden Black Lion Chest Key.","Подпишитесь на еженедельные поставки в рамках события «Тайны Забытых». Получите первую поставку сразу и ещё три до 4 сентября.

Первая поставка:
Упаковка с маунтом «Пёстрый раптор Амнитас», 1 купон на плащ из Чёрного Льва и 2 зелья героического усиления.
Вторая поставка:
Купон на рюкзак и планирующий костюм из Чёрного Льва, книга эмоции «/Readbook», 2 гарантированных предмета для гардероба и костёр с общим усилением.
Третья поставка:
Купон на эффектное умение из Чёрного Льва, купон на оружие из Чёрного Льва и 3 упаковки красок «Семь Драконов».
Четвёртая поставка:
5 ключей от сундуков Чёрного Льва, 2 жетона для получения миниатюр и Golden Black Lion Chest Key."
"Use this to sign your account up for weekly Visions of Eternity Launch Supply Drops. Receive the first drop immediately and three more between now and November 25.

First Drop:
A Visions of Eternity Contract Board, a Vibrant Companions Mount Select License, and 2 Heroic Boosters.
Second Drop:
A Black Lion Outfit Voucher, a Painter's Brilliance Backpack and Glider Combo, and an Equipment Template Expansion.
Third Drop:
An Elite Weapons Voucher, 3 Monstrous Dye Kits, and 2 Communal Boost Bonfires.
Fourth Drop:
A Calligrapher's Weapon Choice box, 5 Black Lion Chest Keys, and a Golden Black Lion Chest Key.","Подпишитесь на еженедельные поставки «Visions of Eternity», чтобы получать их в течение всего периода действия акции. Первая поставка будет отправлена немедленно, а остальные три — до 25 ноября.

Первая поставка:
Контрактная доска «Visions of Eternity», лицензия на выбор яркого маунта-компаньона и 2 героических усилителя.
Вторая поставка:
Купон Black Lion на экипировку, комплект «Блеск художника» (рюкзак и планер) и расширение для шаблонов экипировки.
Третья поставка:
Купон на элитное оружие, 3 комплекта чудовищных красок и 2 факела для общего усиления.
Четвёртая поставка:
Коробка с выбором оружия от каллиграфа, 5 ключей Black Lion Chest и золотой ключ Black Lion Chest."
"Use to gain a Supply Removal trap. This trap removes 5 supply from enemies when activated. Costs 10 supply to deploy.
Effect Radius: 1200","Используйте, чтобы получить ловушку удаления припасов. Эта ловушка снимает 5 припасов у врагов при активации. Стоимость установки: 10 припасов.
Радиус действия: 1200"
"Used in the crafting of Janthir Wilds legendary items.

Purchased from a vendor at Maul Boneyards in Lowland Shore.","Используется при создании Легендарных предметов Диких земель Джантира.

Приобретается у торговца в Кладбище Маула на Низменной Береговой."
"Used to chop down all saplings.

Grants a chance to receive bonus leather scraps in addition to your gathering results. Material types are determined by your character level and location in the world.","Используется для вырубки всех саженцев.

Даёт шанс получить дополнительные кожаные обрезки помимо результатов сбора. Типы материалов определяются уровнем вашего персонажа и местоположением в мире."
"Used to craft the legendary torch precursor Liturgy.
Combine in the Mystic Forge with Mystic Runestones, a Gift of Wood, and a Gift of the Mists to create the Gift of Balthazar.","Используется для создания легендарного предшественника факела «Литания».
Соедините в Mystic Forge с Мистическими Рунами, Даром дерева и Даром Туманов, чтобы создать Gift of Balthazar."
"Used to craft the legendary warhorn precursor Call of the Void.
Combine in the Mystic Forge with Mystic Runestones, a Gift of Wood, and a Gift of the Mists to create the Gift of Verdarach.","Используется для создания предшественника легендарного боевого рога Зов Пустоты.
Совместите в Mystic Forge с Мистическими Рунными Камнями, Подарком дерева и Подарком Туманов, чтобы создать подарок Вердараха."
"Used to create a Gift of Shadowstones.

Purchased from the renown heart vendor in Artificer's Islet in Eternity's Garden.","Используется для создания Дары Теневых камней.

Куплено у торговца за добрую славу на Острове Ремесленника в Саду вечности."
"Used to create a Gift of Shadowstones.,
'Purchased from the renown heart vendor in Artificer''s Islet in Eternity''s Garden.'","Используется для создания Дара теневых камней.,
'Куплено у торговца сердца в Островке Ремесленника в Саду Вечности.'"
"Used to create a Gift of Shadowstones.,
'Purchased from the renown heart vendor in Pilgrim''s Rest in Eternity''s Garden.'","Используется для создания Дара теневых камней.,
Покупается у торговца сердца известности в Приюте Пилигрима в Саду Вечности."
"Used to create a Gift of the People.

Earned by fully exploring Starlit Weald. Additional copies can be purchased from Visions of Eternity map vendors.","Используется для создания Дара народа.

Получается за полное исследование Звёздной Рощи. Дополнительные копии можно приобрести у торговцев картой «Visions of Eternity»."
"Used to gather all plants.

33%% chance to complete gathering instantly.","Используется для сбора всех растений.

33%% шанс мгновенно завершить сбор."
"Used to gather all plants.

Grants a chance to receive bonus wood logs in addition to your gathering results. Material types are determined by your character level and location in the world.","Используется для сбора всех растений.

Даёт шанс получить дополнительную древесину вместе с результатами сбора. Типы материалов определяются уровнем вашего персонажа и местом в мире."
"Used to harvest all plants.

Gathers from all nearby plants when harvesting.","Используется для сбора всех растений.

Собирает все ближайшие растения при сборе урожая."
"Used to harvest all plants.,
Replaces gathering results with ingredients used in higher-level crafting recipes. Material types are determined by the type of node gathered from. Select cooking ingredients can be improved a limited number of times each day.","Используется для сбора всех растений.,
Заменяет результаты сбора ингредиентами, используемыми в рецептах более высокого уровня. Типы материалов определяются типом собранного узла. Некоторые кулинарные ингредиенты можно улучшать ограниченное количество раз в день."
"Used to mine all metals.

Gathering completes 50%% faster.","Используется для добычи всех металлов.

Сбор происходит на 50%% быстрее."
"Used to mine all metals.

Replaces gathering results with ores used in higher-level crafting recipes. Material types are determined by the type of node gathered from. Mithril ore can be improved a limited number of times each day.","Используется для добычи всех видов руды.

Теперь при сборе ресурсов вместо обычных материалов можно получить руду, используемую в более сложных рецептах крафта. Тип материала определяется типом собранного ресурса. Руда мифрила может быть улучшена ограниченное количество раз в день."
"Used to open trade crates in the Crystal Desert.

<c=@flavor>""Don't waste time watching a merchant's eyes or lips; watch their hands to find their keys.""
—Zalambur.</c>","Используется для открытия торговых ящиков в Пустыне Христального ока.

<c=@flavor>«Не трать время, глядя в глаза или на губы торговца; следи за руками, чтобы найти его ключи».
— Заламбур.</c>"
Venadoasolador asolados,"Вендоасоладор, разоренный"
Vientos cargados,Ветры перемен
Vous devez remplir tous les champs et sélectionner l'option adéquate dans chaque menu déroulant avant d'envoyer votre rapport.,Вы должны заполнить все поля и выбрать подходящий вариант в каждом раскрывающемся меню перед отправкой отчёта.
Waffen und noch mehr,Оружие и не только
Wahrlich introvertiert,Истинный интроверт.
"While in Bjora Marches:
Earn extra Essence of Vigilance on qualifying kills.
No more than once every 60 seconds, applies alacrity to you when you land a critical hit.

<c=@Reminder>Obtained by completing the Raven Sanctum's trials.</c>
<c=@Flavor>""When wisdom is favored in all things—a healing hand, a text of old, a beloved queen—we lose the sharpened sword of the truly bold.""</c>","Находясь в Бьорнских маршах:
Получайте дополнительную Эссенцию бдительности за убийства определенных целей.
Не чаще одного раза каждые 60 секунд, при критическом ударе вы получаете эффект «Рвение».

<c=@Reminder>Получается за прохождение испытаний в Равен-санктуме.</c>
<c=@Flavor>«Когда мудрость ценится превыше всего — будь то целитель, древний текст или любимая королева — мы теряем острую сталь истинно смелых».</c>"
Winzige Königskrone,Крошечная королевская корона
Zerschmetternde Tatsachen,Сокрушительные факты
[M]Stadtschreier,[M]Городской глашатай
