english,translate
"+150 Fishing Power
+30 Condition Damage
+10%% Karma
+5%% All Experience Gained
+20%% Magic Find
+20%% Gold Find
+10%% WXP Gained","+150 к силе рыбалки
+30 урона от состояний
+10%% кармы
+5%% ко всему получаемому опыту
+20%% шанса найти магические предметы
+20%% шанса найти золото
+10%% опыта мира"
"+150 Fishing Power
+60 Condition Damage
+50 Expertise
+10%% Karma
+5%% All Experience Gained
+20%% Magic Find
+20%% Gold Find
+10%% WXP Gained","+150 к силе рыбалки
+60 урона от состояний
+50 мастерства
+10%% кармы
+5%% ко всему получаемому опыту
+20%% шанса найти магические предметы
+20%% шанса найти золото
+10%% получаемого опыта мира"
"+32 Precision
+18 Power
+18 Ferocity","+32 точность
+18 силы
+18 ярости"
"+5 Max Supply
+10%% WvW Experience","+5 Максимальный запас
+10%% опыта в PvP"
"+5 Max Supply
+10%% WvW Experience
+25%% Movement Speed","+5 Максимальный запас
+10%% опыт в PvP
+25%% скорость передвижения"
"+5 Max Supply
+10%% WvW Experience
+25%% Movement Speed
+25 Power
+25 Precision","+5 Максимальный запас
+10%% опыта в PvP (Завоевания и войны)
+25%% скорости передвижения
+25 силы
+25 точности"
"+5 Max Supply
+10%% WvW Experience
+25%% Movement Speed
+25 Power
+25 Precision
+25 Toughness
+25 Vitality","+5 Максимальный запас
+10%% Опыт в PvP (Мировые против Мировых)
+25%% Скорость передвижения
+25 Сила
+25 Точность
+25 Выносливость
+25 Жизненная сила"
"+5 Max Supply
+10%% WvW Experience
+25%% Movement Speed
+25 Power
+25 Precision
+25 Toughness
+25 Vitality
+20%% Magic Find","+5 Макс. припасов  
+10%% опыта WvW  
+25%% скорости передвижения  
+25 Мощи  
+25 Точности  
+25 Прочности  
+25 Живучести  
+20%% Магического поиска"
"-10%% Incoming Damage
+100 Concentration
+70 Power
+10%% Karma
+5%% All Experience Gained
+20%% Magic Find
+20%% Gold Find
+10%% WXP Gained","-10%% входящий урон
+100 концентрация
+70 сила
+10%% карма
+5%% ко всему получаемому опыту
+20%% шанс найти магические предметы
+20%% шанс найти золото
+10%% получаемый опыт WXP"
"-10%% Incoming Damage
+50 Power
+40 Ferocity
+10%% Karma
+5%% All Experience Gained
+20%% Magic Find
+20%% Gold Find
+10%% WXP Gained","-10%% входящий урон
+50 силы
+40 ярости
+10%% кармы
+5%% ко всему получаемому опыту
+20%% шанс найти магические предметы
+20%% шанс найти золото
+10%% опыта от заданий"
"-10%% Incoming Damage
+60 Power
+50 Ferocity
+10%% Karma
+5%% All Experience Gained
+20%% Magic Find
+20%% Gold Find
+10%% WXP Gained","-10%% входящий урон
+60 силы
+50 ярости
+10%% кармы
+5%% ко всему получаемому опыту
+20%% шанс найти магические предметы
+20%% шанс найти золото
+10%% опыта за прохождение событий"
"-20%% Incoming Condition Duration
+80 Condition Damage
+60 Expertise
+10%% Karma
+5%% All Experience Gained
+20%% Magic Find
+20%% Gold Find
+10%% WXP Gained","-20%% Длительность входящих эффектов
+80 Урон от состояний
+60 Экспертиза
+10%% Карма
+5%% Получаемый опыт
+20%% Шанс найти магические предметы
+20%% Шанс получить золото
+10%% Получаемый опыт WXP"
"1330.189.642.1 Z.O.X. 
   1) M.O.X. departed. 
   2) Spiders controlled. 
   3) Brave heroes walked among us. 
   <end report>","1330.189.642.1 Z.O.X. 
   1) M.O.X. убыл. 
   2) Пауки под контролем. 
   3) Храбрые герои ходили среди нас. 
   <end report>"
"66%% Chance to Steal Life on Critical Hit
+50 Power
+40 Ferocity
+10%% Karma
+5%% All Experience Gained
+20%% Magic Find
+20%% Gold Find
+10%% WXP Gained","66%% шанс украсть здоровье при критическом ударе
+50 силы
+40 ярости
+10%% кармы
+5%% ко всему получаемому опыту
+20%% к шансу получения магических предметов
+20%% к шансу найти золото
+10%% очков опыта"
"66%% Chance to Steal Life on Critical Hit
+50 Power
+40 Precision
+10%% Karma
+5%% All Experience Gained
+20%% Magic Find
+20%% Gold Find
+10%% WXP Gained","66%% Шанс украсть жизнь при критическом ударе  
+50 Мощи  
+40 Точности  
+10%% Кармы  
+5%% Всего опыта получено  
+20%% Магического поиска  
+20%% Золотого поиска  
+10%% Получаемых WXP"
"7. Schließt den Erfolg ""Sternschnuppe: Liste zur Herstellung"" ab, um die benötigten Gegenstände zu beschaffen, und sprecht dann mit Morgaah Blutsucher, um den Handschuh herzustellen.","7. Выполните достижение «Падающая звезда: Список для изготовления», чтобы собрать необходимые предметы, затем поговорите с Моргаахом Кровоискателем, чтобы изготовить перчатку."
"<c=@abilitytype>Offensive Artifact.</c> Dash to the targeted location while dropping bombs along your path that detonate after a short period of time, dealing damage and burning enemies. More bombs are dropped the farther you travel. <br>
For a short time after using this skill, you continue to drop additional bombs at your location. 
","<c=@abilitytype>Наступательный артефакт.</c> Совершите рывок к указанной цели, попутно сбрасывая бомбы вдоль своего пути, которые взрываются через короткое время, нанося урон и поджигая врагов. Чем дальше вы пройдёте, тем больше бомб будет сброшено. <br>
В течение короткого времени после использования этого умения вы продолжаете сбрасывать дополнительные бомбы в текущей области. 
"
"<c=@flavor>""What they lack in common sense, they make up for in their ability to collect scraps. In this case
<c=@flavor>""""What were these doing back there?""""","<c=@flavor>""Чего им не хватает в здравом смысле, они компенсируют умением собирать обрезки. В данном случае
<c=@flavor>""""Что это делало там?"""""
"<c=@flavor>A forbidden city. A forbidden love.</c>,
'Found in Lion''s Arch.'","<c=@flavor>Запретный город. Запретная любовь.</c>,
'Найдено во Львиной Арке.'"
"<c=@flavor>An attached note reads, ""Until the last enemy of Kryta falls
Double-click to open.","<c=@flavor>Прилагаемая записка гласит: «Пока не падет последний враг Крайта
Дважды щёлкните, чтобы открыть»."
"<c=@flavor>Dieser Rücken-Gegenstand wird zur Herstellung legendärer ""Janthir Wilds""-Objekte gebraucht. Überreste können bei Händlern für Ansehen-Herzen an der Tiefland-Küste erworben werden.</c>","<c=@flavor>Этот предмет для спины необходим для создания легендарных предметов «Дикие земли Джанфира». Остатки можно приобрести у торговцев за сердца репутации на побережье Низменности.</c>"
?Bum!,?Бездельничать!
?Croac!,?Кроак!
?Enciendela!,? Энсиендела!
?Genial!,? Гениально!
?Ojo!,?Ойо!
?Protesto!,?Протесто!
?Taxi!,?Такси!
"A homestead recipe needed to craft a Statue of Joko the Fearsome.

<c=@flavor>""Praise Joko!""</c>","Рецепт усадьбы, нужный для изготовления статуи Джоко Грозного.

<c=@flavor>«Славьте Джоко!»</c>"
"A recollection of the afterlife and deeds of Mad King Thorn, as told by his loyal subjects and friends. Contains an authoritative account of King Oswald Thorn's unlife, from gruesome death to enlightened rule of the Mad Realm.
<c=@flavor>Your Mad King says: Wear this at all times.</c>","Воспоминания о загробной жизни и деяниях Безумного короля Торна, рассказанные его верными подданными и друзьями. Содержит достоверный рассказ о нежизни короля Освальда Торна, от его ужасной смерти до мудрого правления в Безумном королевстве.
<c=@flavor>Ваш Безумный король говорит: Носите это всегда.</c>"
"A record of your exploits as a hunter.
Double-click to read.","Запись о ваших подвигах в качестве охотника.
Дважды щёлкните, чтобы прочитать."
"A skyscale's strength is strongly tied to the amount of care it receives as a hatchling.
Combine 1 Gold, 1 Red, and 1 White Skyscale Hatchling with 20 Unidentified Dyes in the Mystic Forge to create an Ember Skyscale Hatchling.","Сила скайскейла напрямую зависит от того, сколько заботы он получает в детстве.
Соедините 1 золотого, 1 красного и 1 белого детёныша скайскейла с 20 неопознанными красками в Mystic Forge, чтобы создать огненного детёныша скайскейла."
"A skyscale's strength is strongly tied to the amount of care it receives as a hatchling.
Combine 1 Silver, 1 Blue, and 1 White Skyscale Hatchling with 20 Unidentified Dyes in the Mystic Forge to create a Bioluminescent Skyscale Hatchling.","Сила скайскейла напрямую зависит от того, сколько заботы он получает в детстве.
Соедините 1 серебряного, 1 голубого и 1 белого детёныша скайскейла с 20 неопознанными красками в Mystic Forge, чтобы создать биолюминесцентного детёныша скайскейла."
"A skyscale's strength is strongly tied to the amount of care it receives as a hatchling.
Combine 3 Gray Skyscale Hatchlings with 2 Unidentified Dyes in the Mystic Forge to create a Blue Skyscale Hatchling.","Сила скайскейла напрямую зависит от того, сколько заботы он получает в детстве.
Соедините 3 серых детёнышей скайскейла с 2 неопознанными красками в Mystic Forge, чтобы создать голубого детёныша скайскейла."
"A tarnished silver locket containing an exquisite miniature family portrait. At least, it was exquisite before it was defaced.

This item only has value as part of a collection.","Потёртый серебряный кулон с изысканным миниатюрным семейным портретом. По крайней мере, он был изысканным до того, как был испорчен.

Этот предмет имеет ценность только как часть коллекции."
"Acquired occasionally from jumping puzzles in Starlit Weald.
Trade to alliance field quartermasters in Castora for a pair of Extremis Boots.","Иногда выпадает за головоломки-прыгалки в Starlit Weald.
Обменяйте у полевых интендантов альянса в Касторе на сапоги «Экстремис»."
"Acquired occasionally from jumping puzzles in Starlit Weald.,
Trade to alliance field quartermasters in Castora for a pair of Extremis Boots.","Добывается иногда из прыжковых головоломок в Звёздной Роще.,
Обменяйте у полевых интендантов союза в Касторе на пару сапог «Экстремис»"
"Acquired occasionally from mystery mirrors in Starlit Weald.,
Trade to alliance field quartermasters in Castora for an Extremis Mantle.","Изредка добывается из загадочных зеркал в Starlit Weald.,
Обменяйте у полевых интендантов союза в Касторе на мантию «Экстремис»."
"Acquired occasionally from obscured chests in Shipwreck Strand.
Trade to alliance field quartermasters in Castora for a Restless Captain's Veil.","Иногда выпадает из скрытых сундуков на Берегу кораблекрушений.
Обменяйте у полевых интендантов альянса в Касторе на вуаль Неупокоенного капитана."
"Acquired occasionally from obscured chests in Starlit Weald.,
Trade to alliance field quartermasters in Castora for an Extremis Hood.","Изредка добывается из скрытых сундуков в Звёздной роще.
Обменяйте у полевых интендантов союза в Касторе на капюшон «Экстремис»."
"Acquired occasionally from the Secrets of the Weald meta-event in Starlit Weald.
Trade to alliance field quartermasters in Castora for an Extremis Coat.","Иногда выпадает за мета-событие «Тайны Чащи» в Starlit Weald.
Обменяйте у полевых интендантов альянса в Касторе на куртку «Экстремис»."
"Activate this to unlock a Spiritwood Fishing Rod skin.

<c=@flavor>""A rod fit for only the greatest of fisherfolk!"" —Ukyo</c>","Активируйте, чтобы открыть облик удочки из духодрева.

<c=@flavor>«Fishing Rod, достойная лишь величайших рыбаков!» — Укё.</c>"
"Activate this to unlock a Striped Fishing Rod skin.

<c=@flavor>""Very much a classic bamboo rod, but with a splash of colorful red and green stripes!"" —Lin</c>","Активируйте это, чтобы открыть облик полосатой удочки.

<c=@flavor>«Это классическая бамбуковая Fishing Rod, но с яркими красными и зелёными полосками!» — Лин</c>"
Alden Wamser,Alden Wamser
"An exceedingly rare item acquired by completing survey events in Mistburned Barrens and completing challenge mode bosses in Mount Balrior. 
Double-click to select an account-bound bloodstone infusion.","Чрезвычайно редкий предмет, полученный за прохождение событий исследования в Туманных Выжженных Пустошах и прохождение боссов в режиме испытания на горе Балриор. 
Дважды щёлкните, чтобы выбрать привязанную к учётной записи инфузию кровавого камня."
Autres,Другие
"Bash the demon! Smash the demon! Drive it right back into its den!
Bash the demon! Smash the demon! May it never rise up again!","Бей демона! Раздави демона! Загони его обратно в логово!
Раздави демона! Уничтожь демона! Пусть он больше никогда не восстанет!"
Bei Events auf Janthir Syntri verdient.,Заработано на событиях на Джантир Синтри.
Bei den oberen Wasserfällen soll sich ein Valravn-Ritter versteckt halten.,"У верхних водопадов, как говорят, прячется рыцарь Вальравн."
Bericht der Tyrianischen Allianz: Fragen,Отчёт Тирийского Альянса: Вопросы
Bericht der Tyrianischen Allianz: Orr,Отчёт Тирийского Альянса: Орр
Besucht ein Panorama in der Janthir-Region,Посетите панораму в регионе Янтхир
"Bind %num2% legendary rune[s].
(Players with existing legendary runes can update this achievement when visiting Lion's Arch or the Wizard's Tower.)","Привяжите %num2% [легендарную руну|легендарные руны|легендарных рун] (руны).
(Игроки, у которых уже есть легендарные руны, могут выполнить это достижение при посещении Королевского города или Башни магов.)"
"Bind all %num2% Lightborne weapon skins. These skins can be crafted from recipes purchased from Ward Trader Sampaguita in Bava Nisos or by purchasing them from the Trading Post and binding them to you. 

Ward Trader Sampaguita can also craft Lightborne weapons at a premium if you have the proper materials.","Привяжите все %num2% вида оружия «Светящийся». Эти виды можно создать по рецептам, которые продаёт торговец Варда Сампагита в Бава-Нисос, или купить их на торговой площадке и привязать к себе.

Торговец Варда Сампагита также может изготавливать оружие из светящихся материалов за дополнительную плату, если у вас есть необходимые компоненты."
"Bug signalé. Nous ne pouvons pas répondre à chaque signalement, mais nous vous contacterons pour obtenir de plus amples informations si nécessaire.","Ошибка зарегистрирована. Мы не можем ответить на каждое сообщение, но свяжемся с вами, если потребуются дополнительные сведения."
"Can contain rawhide or thin leather squares.
Purchase from renown region karma merchants across the Crystal Desert with trade contracts.
Find trade contracts in chests and lost supplies.","Может содержать куски сыромятной или тонкой кожи.
Покупается за торговые контракты у торговцев кармы в регионах сердец почёта по всей Crystal Desert.
Торговые контракты находятся в сундуках и потерянных припасах."
"Can contain totems, dust, fossils, or thorns.
Purchase from renown region karma merchants across the Crystal Desert with trade contracts.
Find trade contracts in chests and lost supplies.","Может содержать тотемы, пыль, окаменелости или шипы.
Покупается за торговые контракты у торговцев кармы в регионах сердец почёта по всей Crystal Desert.
Торговые контракты находятся в сундуках и потерянных припасах."
"Can harvest Orichalcum, Mithril
Gain snowflakes when gathering.","Позволяет добывать орихалк и мифрил
При сборе даёт снежинки."
"Cette clé ouvre un coffre du Lion noir. Ces coffres contiennent des objets aléatoires de la boutique aux gemmes, dont certains objets rares qui ne sont pas vendus séparément.

Ces coffres se trouvent aléatoirement sur des ennemis ou s'achètent au comptoir.","Этот ключ открывает сундук Чёрного Льва. Эти сундуки содержат случайные предметы из магазина самоцветов, включая редкие предметы, которые не продаются отдельно.

Эти сундуки случайным образом выпадают с врагов или покупаются на прилавке."
"Collect %num2% calibrated essence[s] in Mount Balrior Convergences. 
(Gain less progress when collecting essence as a wisp.)","Соберите %num2% [откалиброванную эссенцию|откалиброванные эссенции|откалиброванных эссенций] в схождениях горы Бальриор. 
(Получаете меньше прогресса при сборе эссенции в виде духа.)"
"Collect items related to Nicabar Steelweaver's history to earn his signature Steel Warband staff.
<c=@reminder>Requires access to previous Icebrood Saga episodes to complete.</c>","Соберите предметы, связанные с историей Никабара Стилвивера, чтобы получить его уникальный посох «Стальная ватага».
<c=@reminder>Для выполнения задания требуется доступ к предыдущим эпизодам сюжетной линии «Ледяная сага».</c>"
"Collect various teleportation gizmos. 

You can update progress for this achievement by traveling to Lion's Arch and meeting one of these conditions:
• You have the item in your inventory.
• You have put a scroll in a portal tome.
• You have completed a related achievement.","Соберите различные устройства для телепортации.

Вы можете обновить прогресс выполнения этого достижения, посетив город Лайонс-Арх и выполнив одно из следующих условий:
У вас этот предмет есть в инвентаре.
Вы поместили свиток в портальный том.
• Вы выполнили связанное достижение."
"Combine 25 Tales of Adventure, a Gift of Bones, a Memory of Bearkin's Hunts, and a Memory of Bearkin's Victories to create a Gift of Recollector of Memories. 

This item is acquired from the achievement ""Klobjarne Geirr: Janthir Spear Kills.""","Объедините 25 Сказаний о приключениях, Gift of Bones, Память об охоте медвежьего народа и Память о победах медвежьего народа, чтобы создать Gift of Recollector of Memories.

Этот предмет получается за достижение «Klobjarne Geirr: убийства копьём в Джантире»."
"Combine a Gift of Rays, a Gift of the Survivors
Acquired by completing the Radiance of the Sun God achievement. Additional copies can be purchased from Shaman Palak in Shipwreck Strand.","Соедините Gift of Rays и Gift of the Survivors
Получено при выполнении достижения «Radiance of the Sun God». Дополнительные копии можно приобрести у шаманалака в Бухте Кораблекрушений."
"Combine a Gift of the Appetizer, a Gift of the Entrée, a Gift of the Side Course, and a Gift of the Dessert in the Mystic Forge to create the Gift of the Feast.

Created in the Mystic Forge by combining:
• 200 Meaty Asparagus Skewers
• 100 Bowls of Black Pepper Cactus Salad
• 30 Mystic Clovers
• 5 Fruits of the Shadow","Соедините Gift of the Appetizer, Gift of the Entrée, Gift of the Side Course и Gift of the Dessert в Mystic Forge, чтобы создать Gift of the Feast.

Создаётся в Mystic Forge путём объединения:
• 200 Мясных шашлычков из спаржи
• 100 Мисок салата из кактуса с чёрным перцем
• 30 мистических трилистников
• 5 Плодов тени"
"Combine a Gift of the Mistburned Isles, a Gift of Shadows
Created in the Mystic Forge by combining:,
• 1 Gift of Darkness,
• 1 Gift of Scales,
• 1 Gift of Titan Understanding,
• 1 Bloodstone Shard","Объедините Дар Туманоожжённых Островов, Gift of Shadows
Создаётся в Mystic Forge путём объединения:,
• 1 Gift of Darkness,
• 1 Gift of Scales,
• 1 Gift of Titan Understanding,
• 1 Bloodstone Shard"
"Combine a Gift of the Sun, a Gift of the Beach, a Gift of Infused Gems, and 10 Purified Rift Essences in the Mystic Forge to create a Gift of Rays.

Created by combining the following in the Mystic Forge:
• 2 Gifts of Light
• 2 Gifts of Condensed Magic
• 2 Gifts of Condensed Might
• 250 Sun Beads","Объедините Gift of the Sun, Gift of the Beach, Дар наполненных самоцветов и 10 очищенных эссенций разлома в Mystic Forge, чтобы создать Gift of Rays.

Создаётся путём объединения следующего в Mystic Forge:
• 2 Дара света
• 2 Дара концентрированной магии
• 2 Дара концентрированной мощи
• 250 солнечных бус"
"Combine a Gift of the Survivors, a Gift of the People
Created by combining the following in the Mystic Forge:,
• A Gift of Adventure,
• A Gift of the Seas,
• A Bloodstone Shard,
• 250 Obsidian Shards","Объедините «Gift of the Survivors», «Gift of the People»
Создается путем комбинирования в Mystic Forge:
• «Дара приключений»,
• «Дара морей»,
• Осколка кровавого камня,
• 250 Obsidian Shards"
"Combine in the Mystic Forge a Gift of Sharpened Tip, a Gift of Metal, a Standing Stones Timepiece (or Remnant), and any weight of the Bearkin War Helm (or Remnant) to create Nyr Hrammr. 
Remnants can be bought from renown heart vendors if you lost the items.

Created in the Mystic Forge by combining:
• 6 Deldrimor Steel Spear Heads
• 6 Large Spiritwood Hafts
• 6 Vision Crystals
• 1 Memory of Bearkin's Adversaries","Объедините в Mystic Forge Gift of Sharpened Tip, Gift of Metal, Часы стоячих камней (или их остаток) и Боевой шлем медвежьего народа любого весового класса (или его остаток), чтобы создать Нюр Храммр.
Остатки можно купить у торговцев сердец почёта, если вы потеряли предметы.

Создаётся в Mystic Forge путём объединения:
• 6 наконечников копий из делдриморской стали
• 6 больших древок из духодрева
• 6 кристаллов видения
• 1 Память о противниках медвежьего народа"
"Combine in the Mystic Forge with Meaty Plant Food, Bloodstone Dust, and Thick Leather Sections to create a Package of Ley Line Dusted Plant Food.

<c=@flavor>This dust crackles and pops with magical energy.</c>","Соедините в Mystic Forge с Мясным растительным кормом, Пылью кровавого камня и Толстыми кожаными отрезками, чтобы создать Упаковку растительного корма с лей-пылью.

<c=@flavor>Эта пыль потрескивает и искрится магической энергией.</c>"
"Combine in the Mystic Forge with a Clay Pot, Bloodstone Dust
'<c=@flavor>This orb is clearly very powerful. It buzzes and warbles as if it can''t contain its mirth.</c>'","Объедините в Mystic Forge с глиняным горшком, пылью кровавого камня
«<c=@flavor>Этот шар явно очень могущественен. Он гудит и трепещет, словно не может сдержать своего веселья.</c>»"
"Combine in the Mystic Forge with a Grow Lamp, Bloodstone Bricks, and exotic Essence of Luck to create a Powerful Grow Lamp.

<c=@flavor>Every crack in its container glows from the light within.</c>","Соедините в Mystic Forge с Лампой для роста, Кровавыми каменными кирпичами и экзотической Эссенцией удачи, чтобы создать Мощную лампу для роста.

<c=@flavor>Каждая трещина в её контейнере светится от света внутри.</c>"
"Combine in the Mystic Forge with a Grow Lamp, Bloodstone Bricks, and exotic Essence of Luck to create an Attuned Grow Lamp.

<c=@flavor>A large and potent cluster of Foxfire.</c>","Соедините в Mystic Forge с Лампой для роста, Кирпичами из кровавого камня и экзотической Эссенцией удачи, чтобы создать Настроенную лампу для роста.

<c=@flavor>Крупное и мощное скопление лисьего огня.</c>"
"Combine this weapon in the Mystic Forge with:
• 1 Gift of Frostfang
• 1 Gift of Mastery
• 1 Gift of Fortune</c>","Соедините это оружие в Mystic Forge с:
• 1 Gift of Frostfang
• 1 Gift of Mastery
• 1 Gift of Fortune</c>"
"Combine this weapon in the Mystic Forge with:
• 1 Gift of Incinerator
• 1 Gift of Mastery
• 1 Gift of Fortune</c>","Соедините это оружие в Mystic Forge с:
• 1 Gift of Incinerator
• 1 Gift of Mastery
• 1 Gift of Fortune</c>"
"Combine this weapon in the Mystic Forge with:
• 1 Gift of The Moot
• 1 Gift of Mastery
• 1 Gift of Fortune</c>","Соедините это оружие в Mystic Forge с:
• 1 Gift of The Moot
• 1 Gift of Mastery
• 1 Gift of Fortune</c>"
"Commander,

Apologies for the brusque message, but your presence is requested at the Applied Development Lab. There is a very important development that would be better conveyed in person. I was already in town and figured it would be best to meet at your home. Please come at your earliest convenience.","Коммандир,

Прошу прощения за резкое сообщение, но ваше присутствие требуется в Applied Development Lab. Произошло очень важное событие, о котором лучше рассказать лично. Я уже был в городе и решил, что лучше всего встретиться у вас дома. Пожалуйста, приходите при первой возможности."
"Commander,

Traveler's Loft in Hunter's Hearth has become overcrowded, and you are being summoned to address the situation before Knut Whitebear is forced to step in. Come to Traveler's Loft as soon as possible to avoid summary judgments that may adversely impact your lodging.","Traveler

's Loft в Hunter's Hearth переполнен, и вас вызывают, чтобы решить эту ситуацию, пока Knut Whitebear не был вынужден вмешаться. Приходите в Traveler's Loft как можно скорее, чтобы избежать поспешных решений, которые могут негативно сказаться на вашем проживании."
Compagnie commerciale du Lion noir,Compagnie commerciale du Lion noir
"Complete %num2% jumping puzzle[s].

<c=@reminder>Jumping puzzles are discoverable environmental challenges that test your exploration and aerial abilities. Search these puzzles out to learn what secrets they hold!</c>","Выполните %num2% [головоломку|головоломки|головоломок] с прыжками.

<c=@reminder>Головоломки с прыжками — это скрытые испытания, которые проверят ваши навыки исследования и передвижения по воздуху. Найдите эти головоломки, чтобы узнать, какие секреты они хранят!</c>"
"Complete %num2% renown heart[s] in Frostgorge Sound.

<c=@reminder>Renown hearts are marked with a golden heart icon on the map. Every renown heart is different, so check your HUD when nearby to find out how you can assist.</c>","Выполните %num2% [задание|задания|заданий] на повышение репутации в Фростгорж-Саунд.

<c=@reminder>Задания на повышение репутации отмечены на карте золотым значком сердца. Каждое задание уникально, поэтому, когда вы окажетесь рядом, проверьте интерфейс, чтобы узнать, чем вы можете помочь.</c>"
"Complete %num2% renown heart[s] in Snowden Drifts, Diessa Plateau, Brisban Wildlands, or Kessex Hills.

<c=@reminder>Renown hearts are marked with a golden heart icon on the map. Every renown heart is different, so check your HUD when nearby to find out how you can assist.</c>","Выполните %num2% [задание|задания|заданий] на получение репутации в Сноуден Дрифтс, Диесса Плато, Брисбан Уайлдлендс или Кессекс Хиллз.

<c=@reminder>Задания на получение репутации отмечены золотым значком сердца на карте. Каждое задание уникально, поэтому проверяйте интерфейс, когда будете рядом, чтобы узнать, чем вы можете помочь.</c>"
"Complete %num2% renown heart[s].

<c=@reminder>Renown hearts are marked with a golden heart icon on the map. Every renown heart is different, so check your HUD when nearby to find out how you can assist.</c>","Выполните %num2% [задание|задания|заданий] для получения очков репутации.

<c=@reminder>Значки заданий для повышения репутации отмечены на карте золотым сердечком. Каждое задание уникально, поэтому обращайте внимание на подсказки в интерфейсе, когда будете рядом, чтобы узнать, как вы можете помочь.</c>"
Compétence,Навык
Comète de glace,Ледяная комета
"Consortium Officer<br>• Collects Champion Marks<br>• Advances Bonus-Event Community Goals
","Офицер консорциума<br>• Собирает знаки чемпионов<br>• Способствует достижению целей сообщества в рамках бонусного события.
"
"Consumed automatically when acquired. Grants a small amount of volatile magic.
Traditional Olmakhan song. <c=@flavor>""We sing her to rest,' in Nature''s arms...""</c>'","Потребляется автоматически при получении. Даёт небольшое количество нестабильной магии.
Традиционная песня олмакханов. <c=@flavor>«Мы поём ей покой в объятиях Природы...»</c>"
"Contains 1 of each of these minis:
• Mini Toxic Warlock
• Mini Molten Berserker
• Mini Aetherblade Admiral","Содержит по 1 каждой из этих миниатюр:
• Миниатюра Токсичного колдуна
• Миниатюра Бешеного берсерка из расплавленной стали
• Миниатюра Адмирала Эфирного клинка"
"DPS: %num1%
Damage: %num2%
Time: %num3%","Урон в секунду: %num1%
Урон: %num2%
Время: %num3%"
"Defeat %num2% of the world bosses in Bloodtide Coast, Blazeridge Steppes, or Harathi Hinterlands.

<c=@reminder>World bosses are challenging events that appear at specific times of day across Tyria. Defeat them to receive chests containing rare equipment and crafting materials. </c>","Победите %num2% мировых боссов в локациях «Кровавый прилив», «Пламенные степи» или «Харатийские просторы».

<c=@reminder>Мировые боссы — это сложные события, которые происходят в определенное время суток по всей Тирии. Победив их, вы получите сундуки с редким снаряжением и материалами для крафта. </c>"
"Deposit %num2% item[s] in your account bank.

<c=@reminder>The Bank tab of your account vault allows you to store items outside of your inventory and transfer them between characters.</c>","Внеси %num2% предмет[|а|ов] в банковский счёт своего персонажа.

<c=@reminder>Вкладка «Банк» вашего личного хранилища позволяет хранить предметы вне инвентаря и передавать их между персонажами.</c>"
Der geheime Mondlager-Lachszug muss hier irgendwo sein.,Der geheime Mondlager-Lachszug muss hier irgendwo sein.
Dieser Spind war tief im Grünen Moderwald verloren gegangen.,Этот шкаф был потерян глубоко в Зелёном Модровом Лесу.
"Discover %num2% point[s] of interest in Queensdale, Metrica Province, Caledon Forest, Wayfarer Foothills, or the Plains of Ashford.

<c=@reminder>Points of interest are special locations marked by name in the world, indicated by a square icon on the map. </c>","Откройте %num2% [интересное место|интересных места|интересных мест] в Квинсдейле, Metrica Province, Caledon Forest, Wayfarer Foothills или Plains of Ashford.

<c=@reminder>Интересные места — это особые локации, отмеченные на карте квадратным значком и выделенные названием. </c>"
"Discover 5 waypoints in Sparkfly Fen, Mount Maelstrom, Iron Marches, Fireheart Rise, or Timberline Falls.

<c=@reminder>Waypoints allow you to travel quickly around the world. They are unlocked by visiting them once. You can teleport to any unlocked waypoint for a small amount of coin.</c>","Найдите 5 точек быстрого перемещения в локациях: Болотистая низина Спаркфлай, гора Мальстрём, Iron Marches, Огненный пик или Тиберлинские водопады.

<c=@reminder>Точки быстрого перемещения позволяют быстро путешествовать по миру. Они открываются после первого посещения. Вы можете телепортироваться к любой открытой точке быстрого перемещения за небольшую плату.</c>"
"Discreetly bring this to Agent Cavus while investigating the warehouse near Vehtendi Academy.
Event Item","Незаметно передайте это агенту Кавусу во время расследования склада возле Академии Вехтенди.
Предмет для события."
"Do you miss the frost when it leaves you?
It stays with you longer now.
<c=@flavor>""You need not fear me, Champion, for I can set you free.""—Jormag</c>
This is but the second step on a long road.","Не скучаешь ли ты по холоду, когда он покидает тебя?  
Теперь он остаётся с тобой надолго.  
<c=@flavor>«Тебе нечего бояться меня, чемпион, ибо я могу освободить тебя».—Йорманг</c>  
Это лишь второй шаг на долгой дороге."
"Dodge %num2% incoming attack[s] from enemies.

<c=@reminder>Dodging allows you to evade incoming attacks by spending endurance to roll out of danger, making you temporarily invulnerable. ""Evaded!"" will appear over your character when you successfully dodge an attack.</c>","Уклоняйтесь от %num2% [атаки противников|атак противников|атак противников].

Уклонение позволяет избежать входящих атак, потратив выносливость на кувырок в сторону и временно становясь неуязвимым. Над вашим персонажем появится надпись «Уклонено!», если вам удалось успешно уклониться от атаки. <c=@reminder></c>"
"Double-click to bind this glyph to your account.

Grants a 33%% chance to gain an extra strike while gathering.","Дважды щёлкните, чтобы привязать этот глиф к своей учётной записи.

Даёт 33%% шанс получить дополнительный удар при сборе ресурсов."
"Double-click to bind this glyph to your account.

Grants a 33%% chance to receive a bonus fine crafting material after gathering in addition to your gathering results.","Дважды щёлкните, чтобы привязать этот глиф к вашей учётной записи.

Даёт 33%% шанс получить дополнительный материал для превосходной крафты при сборе ресурсов, помимо обычных результатов сбора."
"Double-click to bind this glyph to your account.,
33% chance to complete gathering instantly.","Дважды щёлкните, чтобы привязать этот глиф к вашей учётной записи.,
33% шанс мгновенно завершить сбор."
"Double-click to bind this glyph to your account.,
Applies the Overload special action skill when fully charged, which grants +100% chance of extra gathering strikes for a limited time. Gather from resource nodes to build charges. Harvesting nodes consume additional charges.","Дважды щёлкните, чтобы привязать этот глиф к учётной записи.,
При полной зарядке активирует особое умение действия «Перегрузка», дающее +100% к шансу дополнительных ударов при сборе на ограниченное время. Собирайте ресурсы с узлов для накопления зарядов. Узлы сбора расходуют дополнительные заряды."
"Double-click to bind this glyph to your account.,
Gathering completes 50% faster.","Дважды щёлкните, чтобы привязать этот глиф к вашей учётной записи.
Сбор ресурсов происходит на 50% быстрее."
"Double-click to bind this glyph to your account.,
Grants a 33% chance to receive bonus ores while gathering in addition to your gathering results. Material types are determined by your character level and location in the world.","Дважды щёлкните, чтобы привязать этот глиф к вашей учётной записи.,
Даёт 33% шанс получить дополнительную руду при сборе в дополнение к результатам сбора. Типы материалов определяются уровнем вашего персонажа и местоположением в мире."
"Double-click to bind this glyph to your account.,
Replaces gathering results with materials used in higher-level crafting recipes. Material types are determined by the type of node gathered from. Mithril ore, elder wood
Double-click to bind this glyph to your account.","Дважды щёлкните, чтобы привязать этот глиф к вашей учётной записи.,
Заменяет результаты сбора на материалы, используемые в рецептах крафта более высокого уровня. Типы материалов определяются типом собранного узла. Мифриловая руда, древняя древесина
Дважды щёлкните, чтобы привязать этот глиф к вашей учётной записи."
"Double-click to feed to your Pet Seedling.,
<c=@flavor>Watch your fingers—this food occasionally gives you a bit of a jolt.</c>","Дважды щёлкните, чтобы покормить вашего саженца-питомца.,
<c=@flavor>Смотрите за пальцами — эта еда иногда слегка бьёт током.</c>"
"Double-click to gain a hero point.,
'There''s a faint whiff of flies and swamp water. Drink enough of this and you''ll turn red', too.","Дважды щёлкните, чтобы получить очко героя.,
«От него слегка пахнет мухами и болотной водой. Выпейте достаточно, и вы тоже покраснеете», тоже."
"Double-click to gain a hero point.,
These drowned rations are sodden with seawater.","Дважды щёлкните, чтобы получить очко героя.,
Эти утопленные пайки пропитаны морской водой."
"Double-click to open.,
'Choose an account-bound Alliance Field Operative''s Boots.'","Дважды щёлкните, чтобы открыть.,
'Выберите привязанные к учётной записи сапоги полевого оперативника Альянса.'"
"Double-click to open.,
'Choose an account-bound Alliance Field Operative''s Coat.'","Дважды щёлкните, чтобы открыть.,
'Выберите привязанное к учётной записи куртка полевого оперативника Альянса.'"
"Double-click to open.,
'Choose an account-bound Alliance Field Operative''s Gloves.'","Дважды щёлкните, чтобы открыть.,
'Выберите перчатки оперативника Альянса, привязанные к учётной записи.'"
"Double-click to open.,
'Choose an account-bound Alliance Field Operative''s Leggings.'","«Дважды щёлкните, чтобы открыть.,
Выберите связанные с учётной записью поножи полевого оперативника Альянса»."
"Double-click to open.,
Affected by magic find.,
Available exclusively from Black Lion Chests during Dragon Bash.","Дважды щёлкните, чтобы открыть.,
Подвержено влиянию поиска магии.,
Доступно исключительно из сундуков Black Lion во время Праздника драконов."
"Double-click to open.,
Contains a Pristine Fractal Relic, a +1 Agony Infusion
Bonus rewards with the Agony Channeler or the Recursive Resourcing Mastery.","Дважды щёлкните, чтобы открыть.
Содержит нетронутый фрактальный реликт, +1 инфузия агонии.
Дополнительные награды с каналом агонии или мастерством рекурсивного сбора ресурсов."
"Double-click to open.,
Contains materials from Skywatch Archipelago.","Дважды щёлкните, чтобы открыть.
Содержит материалы из Архипелага Небесного Дозора."""""
"Double-click to pick a recipe for Spearmarshal Helms. Can be learned by armorsmiths, leatherworkers
Purchase these recipes from renown merchants in Elona after learning the base recipes from the story.","Дважды щёлкните, чтобы выбрать рецепт шлемов копьёмаршала. Могут изучить броненосцы, кожевники
Купите эти рецепты у известных торговцев в Элоне после изучения базовых рецептов из сюжета."
"Double-click to pick a recipe for Spearmarshal Shoulder Pieces. Can be learned by armorsmiths, leatherworkers
Purchase these recipes from renown merchants in Elona after learning the base recipes from the story.","Дважды щёлкните, чтобы выбрать рецепт наплечников маршала копья. Могут изучить броненосцы и кожевники.
Купите эти рецепты у известных торговцев в Элоне после изучения базовых рецептов из сюжета."
"Double-click to plant a Mysterious Seed in this pot.,
<c=@flavor>Everything needed to germinate a very special seed is in this pot now.<c>","Дважды щёлкните, чтобы посадить Mysterious Seed в этот горшок.,
<c=@flavor>Всё необходимое для прорастания особенного семени уже в этом горшке.<c>"
"Double-click to shine on your Pet Shoot.,
<c=@flavor>Armed with a light that shone in the dark, this lamp is very powerful.</c>","Дважды щёлкните, чтобы посветить на вашего питомца.,
<c=@flavor>Обладая светом, сиявшим в темноте, этот фонарь очень мощный.</c>"
"Double-click to summon this mini to follow you around. Only one mini may be in use at a time.,
<c=@flavor>Potato-shaped friend, it is
Double-click to summon this mini to follow you around. Only one mini may be in use at a time.","Дважды щёлкните, чтобы призвать этого мини-питомца, который будет следовать за вами. Одновременно может использоваться только один мини-питомец.,
<c=@flavor>Друг в форме картошки, это он
Дважды щёлкните, чтобы призвать этого мини-питомца, который будет следовать за вами. Одновременно может использоваться только один мини-питомец."
"Double-click to unlock the first collection in the journey to craft the Tigris, the precursor to the legendary short bow, Chuka and Champawat.
","Дважды щёлкните, чтобы открыть первую коллекцию и начать создание Тигриса — прототипа легендарного короткого лука Чука и Чампават.
"
"EXECUTE_DATALOG_PRINTOUT

>Inquest activity at the Rata Primus installation will be put on hold for the foreseeable future. This is unfortunate, as I was just beginning to determine how my portal technology could be miniaturized for personal use. 

>I backed up some data locally, but Gorrik insisted I create external fail-safe backups. That worked, of course, but it did not help that I had stored them all within Rata Primus itself. So when Rata Primus was overrun by Awakened and we were forced to evacuate, that complicated matters significantly. I am at the very least confident that my encryption algorithm cannot be broken without severely impacting the onboard data.

>And when the time came, I felt it more important to download Gorrik's scarab plague data and everything that existed regarding research into Kralkatorrik. Saving all civilization is perhaps more important than my portal technology. Also, I could probably replicate my findings and do so in a more performant manner starting once again from scratch.

EXECUTE_WAIT_ACTION

>Taimi...thinks I look beautiful.

>...

>I'm glad we're working together again.","ВЫПОЛНИТЬ_ВЫВОД_ДАННЫХ

>Деятельность Инквеста на установке Rata Primus будет приостановлена на неопределенный срок. Это досадно, так как я только начал определять, как можно миниатюризировать мою портальную технологию для личного использования.

>Я сделал локальную резервную копию некоторых данных, но Горрик настоял на создании внешних отказоустойчивых копий. Это сработало, конечно, но не помогло то, что я хранил их все внутри самой Рата Примус. Поэтому, когда Рата Примус была захвачена Пробужденными и нас вынудили эвакуироваться, это значительно усложнило ситуацию. Я, по крайней мере, уверен, что мой алгоритм шифрования невозможно взломать без серьёзного повреждения бортовых данных.

>И когда пришло время, я счел более важным загрузить данные Горрика о чуме скарабеев и все, что существовало относительно исследований Кралькаторрика. Спасение всей цивилизации, возможно, важнее моей портальной технологии. Кроме того, я, вероятно, смогу воспроизвести свои находки и сделать это более производительным способом, начав с нуля.

ВЫПОЛНИТЬ_ОЖИДАНИЕ_ДЕЙСТВИЯ

>Тайми... считает, что я выгляжу красиво.

>...

>Я рад, что мы снова работаем вместе."
"Each coin is worth five lives inside the Super Adventure Box activity.

Visit Moto at Rata Sum to take part in the Super Adventure Box, a light-hearted adventure game presented in classic-console gaming style.","Каждая монета стоит пять жизней в режиме «Коробка суперприключений».

Посетите Мото в Рата-Суме, чтобы принять участие в «Коробке суперприключений» — беззаботной приключенческой игре в стиле классических консолей."
"Each mini can be activated from your inventory to follow you around the world.
Combine these three minis in the Mystic Forge with the Mini Mai Trin from the Black Lion Chest to create a Mini Scarlet Briar.","Каждую миниатюру можно активировать из инвентаря, чтобы она следовала за вами по миру.
Объедините эти три миниатюры в Mystic Forge с миниатюрой Mai Trin из Чёрного львиного сундука, чтобы создать миниатюру Алой Шиповницы."
"Earn 10 crafting levels.

<c=@reminder>Craft items to earn crafting experience for that crafting discipline, allowing you to create more powerful items.</c>","Получите 10 уровней профессии.

<c=@reminder>Создавайте предметы, чтобы получать опыт в выбранной профессии и создавать более мощные вещи.</c>"
"Earn a silver medal in the Amnytas Supply Run.

(Progress will update when you claim the rewards from this adventure.)","Завоюйте серебряную медаль в соревновании «Поставки Амнит».

(Прогресс будет обновлен после получения наград за это приключение.)"
"Earn a silver medal or better in the Reuniting Lost Kryptis adventure.

(Progress will update when you claim the rewards from this adventure.)","Получите серебряную медаль или выше в приключении «Воссоединение потерянных криптидов».

(Прогресс будет обновлен после получения наград за это приключение.)"
"Earn experience to level up this character to level 70.

<c=@reminder>Experience can be earned by defeating enemies, contributing to events and renown hearts, completing story chapters, and crafting items.</c>","Получайте опыт, чтобы повысить уровень этого персонажа до 70-го.

<c=@reminder>Опыт можно получить за победу над врагами, участие в событиях и выполнении заданий на получение репутации, прохождение сюжетных глав и создание предметов.</c>"
"Ears up, soldier,
I heard about your work with the skritt—well done. They may be little more than a pack of twitchy sneak-thieves, but they can be formidable in large numbers, so it'll be good to have them with us against the dragons.
I'd write off their village as an acceptable loss if I were you. An army needs soldiers: you can worry about homes after the war's been won.
Some of the members of Destiny's Edge are still trying to salvage something out of that fiasco in Lion's Arch, but for now, I'm staying out of it. I'd rather focus on problems that can actually be solved, and don't involve a lot of tiny hairless freaks whining at each other.
Make the Legions proud. I'll be watching.
—Rytlock","Слушай, солдат,
Я слышал о твоей работе с скриттами — отлично справился. Возможно, они не более чем стая суетливых воров-пройдох, но в больших количествах они могут быть внушительны, так что хорошо, что они с нами против драконов.
На твоём месте я бы списал их деревню как допустимые потери. Армии нужны солдаты: о домах можно беспокоиться после победы в войне.
Некоторые члены Края Судьбы всё ещё пытаются что-то спасти из того фиаско в Львином Архиве, но пока я держусь в стороне. Я предпочитаю сосредоточиться на проблемах, которые действительно можно решить, и которые не включают кучу мелких безволосых уродов, ноющих друг на друга.
Сделай Легионы гордыми. Я буду наблюдать.
— Райтлок"
"Eastern Ward:
Beat the bushes near the bed and breakfast.","Восточный район:
Пошумите в кустах рядом с гостиницей «Постель и завтрак»."
"Eastern Ward:
Find this karka under rock and over water.","Восточный район:
Найдите эту карку под камнем и над водой."
"Eastern Ward:
There's no location too secure for a karka.","Восточный район:
Для карки нет неподходящего места."
"Ein Buch mit Rezepten zur Dekoration der Heimstatt, die zur Herstellung von Gemälden und Regalen benötigt werden.","Книга с рецептами для украшения жилища, необходимыми для создания картин и полок."
"Ein Buch mit Rezepten zur Dekoration der Heimstatt, die zur Herstellung von Mondneujahr-Gegenständen benötigt werden.","Книга рецептов украшения жилища, необходимых для создания предметов Лунного Нового года."
"Ein Valravn treibt sich beim Friedhof herum und muss beseitigt werden, bevor er noch jemandem das Herz auffrisst.","Вальравн бродит у кладбища, и его необходимо устранить, пока он не выел кому-нибудь сердце."
Elektrische Interferenz,Электрические помехи
"Empress Haebaragi has been officially crowned Cantha's first leading empress. As you'd expect, the news hasn't been met with unanimous praise, but it's a good step in the right direction nonetheless.

Her first order was to make peace with a small tengu village just south of ministry headquarters. Jimin didn't obey. He killed their ambassador on the spot, claiming loyalty to Minister Yeongi's image of a ""pure Cantha"" (a disgusting, long-dated ideology). Haebaragi was able to call off the attack, giving the rest of the tengu villagers enough time to flee to Echovald Forest.

I've already heard whispers of Yeongi rallying forces against Haebaragi... One war ends, another begins. And another.

Minister Doh Taelin, Ministry of Archives, 1743 CC","Императрица Хэбараги была официально коронована как первая правящая императрица Кантхи. Как и следовало ожидать, новость встретили не всеобщим одобрением, но это всё же хороший шаг в правильном направлении.

Её первым приказом было заключение мира с небольшой деревней тенгу к югу от штаб-квартиры министерства. Джимин не подчинился. Он убил их посла на месте, заявив о верности образу «чистой Кантхи» министра Ёнги (отвратительная, давно устаревшая идеология). Хэбараги смогла отменить атаку, дав остальным жителям деревни тенгу достаточно времени, чтобы бежать в Echovald Forest.

Я уже слышал шепот о том, что Ёнги собирает силы против Хэбараги... Одна война заканчивается, начинается другая. И ещё одна.

Министр Doh Taelin, Ministry of Archives, 1743 CC"
Englisch,Английский
"Entry 11
The warband lost two a few days back. They were trying to evac a Sentinel patrol not far from Day's Labor. Well, what was Day's Labor. They got cut down in my sights, just...butchered. I couldn't pick off the Branded fast enough, dozens in minutes. I had it out with our legionnaire after the op. They mean well, but they're not the old boss. Not everyone can run in, claws out, and be a gods-damned hero.
What is the legionnaire looking for anyhow? A chance to get poached by the Pact just like the boss was? Blood and bullets, I hope not.

Entry 18
I was called to the Blood Keep for what I figured was a routine evaluation or to teach a class in the fahrar. That kinda thing. But it ended up being a lot more than just that. Tribune Stoneglow and Imperator Ruinbringer want to promote me to legionnaire! They're thinking I could put together my own warband.
The imperator had a few questions about the old boss, though. I gave a fair report, all things considered.

Entry 33
Met a cub the other day while training some new recruits at Sniper's Square. Vishen, I think? I consider myself a good sniper, but damn, she was something else. Even her rifle was a masterpiece.
We had a bit of a silent competition going on for an hour or so, but eventually got to talking. Turns out she's got a taste for fine meats! Grilled, smoked, you name it. Told her I was something of a fry cook myself and said I'd teach her my secret recipe for chicken-fried steak. Mmm, I'm drooling just thinking about it.

Entry 57
The Dominion's finally established a foothold on the Drizzlewood Coast. I spent the day scoping out locales for the best sniper nests with Steel and a few other sharpshooters. We'll have to shore up our defenses if the Legions try to stop us.
I know the old boss is with them. I can still see them, welcoming me to the warband after we dispatched those Flame Legion recruiters. I remember their grief after having to cut down their old Risen warband mate. I hope I don't have to face them, but I've gone further with Bangar's support than I ever could've with them. His mission is too important for our people. I won't run; I never run.","Запись 11
Несколько дней назад отряд потерял двоих. Они пытались эвакуировать патруль Стражей неподалёку от Дневного Труда. Вернее, того, что осталось от Дневного Труда. Их скосили у меня на глазах, просто... зарезали. Я не успевал снимать Проклятых, десятки за минуты. После операции я высказал всё нашему легионеру. У них благие намерения, но они не прежний командир. Не каждый может ворваться, выпустив когти, и быть чёртовым героем.
Чего вообще ищет легионер? Шанс, чтобы его переманили в Пакт, как и прежнего командира? Кровь и пули, надеюсь, что нет.

Запись 18
Меня вызвали в Кровавую Крепость, я думал, это обычная проверка или урок в фараре. Что-то в этом роде. Но всё оказалось гораздо серьёзнее. Трибун Камнесия и Император Руиноприносящий хотят повысить меня до легионера! Они считают, что я смогу собрать собственный отряд.
Правда, император задал несколько вопросов о прежнем командире. Я дал честный отчёт, учитывая всё.

Запись 33
На днях встретил одного новичка, когда тренировал рекрутов на Площади Снайпера. Вишен, кажется? Я считаю себя хорошим снайпером, но, чёрт возьми, она была нечто. Даже её винтовка была шедевром.
Мы устроили молчаливое соревнование на час или около того, но потом разговорились. Оказалось, она любит хорошее мясо! Жареное, копчёное — что угодно. Я сказал, что сам немного повар, и пообещал научить её своему секретному рецепту жареного стейка в панировке. М-м-м, у меня слюнки текут, как вспомню.

Запись 57
Доминион наконец закрепился на побережье Дризлвуд. Я провёл день, высматривая лучшие снайперские гнёзда вместе со Сталью и другими снайперами. Нам придётся укрепить оборону, если Легионы попытаются нас остановить.
Я знаю, что прежний командир с ними. Я до сих пор вижу, как они приветствуют меня в отряде после того, как мы разобрались с теми вербовщиками из Flame Legion. Я помню их горе, когда пришлось зарубить старого товарища по отряду, ставшего Восставшим. Надеюсь, мне не придётся встретиться с ними лицом к лицу, но с поддержкой Бангара я продвинулся дальше, чем мог бы с ними. Его миссия слишком важна для нашего народа. Я не побегу; я никогда не бегу."
"Entry 892:
Well, the golems we sent out have confirmed my suspicions: the thinning of the air is not from some pollutant. We are floating in the sky. I've restricted everyone to the city for now, until I can get a better assessment of the situation. Better to keep as few citizens as possible aware of our predicament, so as not to cause a panic.  
  
Entry 893:
I've developed several hypotheses for what might have happened to create this...unique situation. The popular rumor around the city is that it's my doing; a trial run gone wrong. I wish that were the case—it would be a blessing. Instead, I suspect the truth will be much less pleasant.  

Entry 894:
My testable hypotheses have all failed. That's good, in a way; some of them would have been catastrophic if they were true. But it leaves troubling questions that I'm unable to resolve. Further study will be required, but until I can determine what's really going on, the people need to be kept calm.","Запись 892:
Что ж, отправленные нами големы подтвердили мои подозрения: разрежение воздуха вызвано не каким-то загрязнителем. Мы парим в небе. Пока я ограничил передвижение всех в городе, пока не смогу лучше оценить ситуацию. Лучше держать как можно меньше граждан в неведении о нашем положении, чтобы не вызывать панику.

Запись 893:
Я разработал несколько гипотез о том, что могло привести к этой... уникальной ситуации. В городе ходят слухи, что это моих рук дело; неудачный пробный запуск. Я бы хотел, чтобы это было так — это было бы благословением. Вместо этого я подозреваю, что правда будет гораздо менее приятной.

Запись 894:
Все мои проверяемые гипотезы провалились. В некотором смысле это хорошо; некоторые из них были бы катастрофическими, если бы оказались правдой. Но это оставляет тревожные вопросы, на которые я не могу найти ответы. Потребуется дальнейшее изучение, но пока я не смогу определить, что на самом деле происходит, людей нужно успокаивать."
"Erkundet Janthir, um diese Orte zu finden und Beherrschungspunkte zu verdienen.","Исследуйте Джантир, чтобы найти эти места и заработать очки мастерства."
Erreicht Silber im Ernteküste-Lachszug-Abenteuer.,Достигнуто серебро в приключении «Лососёвый забег на Побережье урожая».
Erreicht Silber im Geheimen Mondlager-Lachszug-Abenteuer.,Достигнуто серебро в приключении «Лососёвый забег в Секретном лунном лагере».
Erweiterter Sonderkommando-Parcours 1,Расширенный специальный испытательный полигон 1
Erweiterter Sonderkommando-Parcours 2,Расширенный специальный испытательный полигон 2
Esto me escama,Это меня настораживает.
Ewigkeitsgarten-Rissjagd,Охота за разломами в Саду Вечности
"Excellent work handling the situation at the lake, %str1%. At the behest of Her Majesty, please report to the throne room posthaste. Plans are in motion, and time is of the essence.

—Countess Anise","Отличная работа с ситуацией на озере, %str1%. По велению Её Величества, немедленно явитесь в тронный зал. Планы приводятся в действие, и время не терпит.

—Графиня Аниз"
"Fail-safe documentation, cont'd:  
  
Previous designation: Mark II Golemite var. V-C-56791  
  
Requested freebooter redesignation: J3ss  
  
J3ss fail-safe code: 0334  
  
Document 3 of 4","Документация по отказоустойчивости, продолжение:

Предыдущее обозначение: Марк II Големит вар. V-C-56791

Запрошенное переименование вольным: J3ss

Код отказоустойчивости J3ss: 0334

Документ 3 из 4"
"Fail-safe documentation, cont'd:  
  
Previous designation: Mark II Golemite var. V-C-56792  
  
Requested freebooter redesignation: Shortshanks the Knuckledragger  
  
Shortshanks the Knuckledragger fail-safe code: 5791  
  
The principal biomancer thanks you for your attention to this matter. Compilation document forthcoming.  
  
Document 4 of 4","Документация по отказоустойчивости, продолжение:

Предыдущее обозначение: Марк II Големит вар. V-C-56792

Запрошенное переименование вольным: Коротышка-Костолом

Код отказоустойчивости Коротышка-Костолом: 5791

Главный биомант благодарит вас за внимание к этому вопросу. Сводный документ готовится.

Документ 4 из 4"
Falls benötigt können Überreste dieses Gegenstands von Händlern für Ansehen-Herzen an der Tiefland-Küste erworben werden.,Остатки этого предмета можно приобрести у торговцев за сердца уважения на побережье Низовья.
Felicidad aplastante,Неописуемое счастье
Fenêtre du héros,Окно героя
"Fesselt Greer, indem Ihr die Kette Eurer Kriegsklaue um die Felsen und Bäume im Umkreis wickelt.","Сковывайте Грира, обматывая цепь вашего боевого когтя вокруг скал и деревьев поблизости."
"Field journal of Goro Cleverclaws.

Day 1: Last night, norn were spotted traveling under the cover of darkness. They're fleeing something. Smoke was on the horizon at daybreak. Scouts were dispatched.

Day 3: Scouts report a charr invasion force to the east. They're faster and better equipped than anyone predicted. They've razed everything in their path. The norn and humans flee. I wish them luck.

Day 6: Scouts observed skirmishes between the invaders and the local norn. The charr have overwhelming firepower superiority and do not hesitate to use it. No prisoners were taken. Few escaped.

Day 9: The invaders didn't bother asking for surrender. They responded to our warning shot by raining fire down on us. The gates didn't hold. The last order given was, ""Fly far, fly fast.""

Day 12: Thirty-eight wounded. Twelve injured but recovered. No casualties. We were lucky. I can only hope our grace holds. Ground traps triggered post evac. Allow me two miracles and let it slow them.

Day 14: One dead. Our quartermaster, Nar, passed in the night. Infection. Shelter stocks are running low. We discovered human and norn survivors. We will attempt to contact them.

Day 15: It worked. Fishing boats are being refitted for mass transportation. Village survivors are working with humans and norn to flee the invasion force.  If we work fast we just might make it.

Day 16: None of our scouts returned from patrol last night. That can only mean one thing. They're here. We leave at first light. I hope it's soon enough.

Day 17: They attacked at midnight. They brought strange tanks and even stranger magics. Some managed to escape, but too few. I'm still trying to forget the smell of blood on the air.","Полевой дневник Горо Когтелапа.

День 1: Прошлой ночью норнов заметили передвигающимися под покровом темноты. Они от чего-то бегут. На рассвете на горизонте был дым. Разведчики были отправлены.

День 3: Разведчики сообщают о вторжении чарров на востоке. Они быстрее и лучше оснащены, чем кто-либо предполагал. Они сровняли с землей все на своем пути. Норны и люди бегут. Желаю им удачи.

День 6: Разведчики наблюдали стычки между захватчиками и местными норнами. У чарров подавляющее превосходство в огневой мощи, и они не колеблясь его применяют. Пленных не брали. Немногие спаслись.

День 9: Захватчики не стали утруждать себя предложением сдаться. В ответ на наш предупредительный выстрел они обрушили на нас огненный дождь. Ворота не выдержали. Последним приказом было: «Летите далеко, летите быстро».

День 12: Тридцать восемь раненых. Двенадцать ранены, но поправились. Без потерь. Нам повезло. Остается только надеяться, что удача не оставит нас. Наземные ловушки сработали после эвакуации. Позвольте мне два чуда, и пусть это их замедлит.

День 14: Один погибший. Наш квартирмейстер Нар скончался ночью. Инфекция. Запасы в убежище подходят к концу. Мы обнаружили выживших людей и норнов. Попытаемся связаться с ними.

День 15: Сработало. Рыболовные суда переоборудуются для массовой перевозки. Выжившие в деревне работают с людьми и норнами, чтобы бежать от сил вторжения. Если мы будем работать быстро, у нас может получиться.

День 16: Ни один из наших разведчиков не вернулся из дозора прошлой ночью. Это может означать только одно. Они здесь. Мы уходим на рассвете. Надеюсь, это будет достаточно скоро.

День 17: Они атаковали в полночь. Они привели странные танки и ещё более странную магию. Некоторым удалось сбежать, но слишком немногим. Я до сих пор пытаюсь забыть запах крови в воздухе."
"Find others to help you build alliances to take down a massive chak!
Requires Guild Wars 2: Heart of Thorns expansion to access this map.","Найдите союзников, чтобы вместе одолеть огромного чака!
Для доступа к этой карте требуется дополнение Guild Wars 2: Heart of Thorns."
"Find others to help you explore Bjora Marches!
The Guild Wars 2: Path of Fire™ expansion and the Living World episode ""Whisper in the Dark"" are required to access this map.","Найдите других игроков, чтобы вместе исследовать Бьорнские Топи!
Для доступа к этой карте необходимо приобрести дополнение Guild Wars 2: Путь Огня™ и пройти эпизод «Шёпот во тьме» из серии «Живая история»."
"Find others to help you explore Drizzlewood Coast!
The Guild Wars 2: Path of Fire™ expansion and the Living World episode ""No Quarter"" are required to access this map.","Найдите других игроков, чтобы вместе исследовать побережье Дризлвуда!
Для доступа к этой карте необходимо приобрести дополнение Guild Wars 2: Путь Огня и пройти эпизод «No Quarter» из серии Живого мира."
"Find others to help you investigate Draconis Mons!
The Guild Wars 2: Heart of Thorns expansion and the Living World episode ""Flashpoint"" are required to access this map.","Найдите других игроков, чтобы вместе исследовать Draconis Mons!
Для доступа к этой карте необходимо приобрести дополнение Guild Wars 2: Heart of Thorns и пройти эпизод «Точка невозврата» из серии «Живая история»."
Findet Blutstein-Geister im Schlittergürtel.,Findet Blutstein-Geister im Schlittergürtel.
"Fire a row of arrows equipped with a device that envelops an area with chronal magic on impact, stunning enemies and applying superspeed to allies.<br>
<c=@abilitytype>Chain Reaction.</c> The next short-bow skill in the radius will daze enemies hit.","Выпускает ряд стрел, оснащённых устройством, которое при ударе окутывает область хрональной магией, оглушая врагов и накладывая сверхскорость на союзников.<br>
<c=@abilitytype>Цепная реакция.</c> Следующее умение короткого лука в радиусе оглушит поражённых врагов."
"Following our victories on Dragonfall, Grand Warmaster Laranthir has submitted a request for a temporary leave of absence so he may return to the Grove.

It is my personal recommendation that he be granted this request, and he be allowed to return to Vigil duties at his discretion.

Laranthir has proven a strong and capable leader of our order, his instincts unimpeachable, and my trust in him unshakable.

He will be missed by the Vigil, but we expect Laranthir will return to his post in due time. Until that happens, I will work with Jhavi to ensure she is prepared for her new responsibilities as my second-in-command.

—Soulkeeper","После наших побед на Драконьем Падении великий военачальник Ларантир подал прошение о временном отпуске, чтобы вернуться в Рощу.

Лично я рекомендую удовлетворить это прошение и позволить ему возвращаться к обязанностям Дозора по своему усмотрению.

Ларантир показал себя сильным и умелым главой нашего ордена, чутьё его безупречно, а моё доверие к нему непоколебимо.

Дозору будет его недоставать, но мы ожидаем, что Ларантир вернётся на свой пост в должный срок. А до тех пор я буду работать с Джави, чтобы подготовить её к новым обязанностям моей заместительницы.

—Хранительница Душ"
"Foreigners in Cantha.

Reiko, have we lost? Is it too late to reclaim what belongs to us? To save our culture from getting absorbed into the rest of Tyria? To watch our blood get soiled?

I don't have a lot of time—we need to move quickly. I cannot forfeit my last sliver of hope.
I've traced the corruption to a cave just north of here. I haven't been able to get too close, but...it might be some sort of relic. A scale, even, washed up during the Zhaitan Disaster. I'm not sure, but the air pulses with dark, ancient magic. My minions writhe whenever we draw too close.

Whatever it is...it might be our answer. A solution.","Чужаки в Канте.

Рэйко, неужели мы проиграли? Неужели уже поздно вернуть то, что принадлежит нам? Спасти нашу культуру от растворения в остальной Тирии? Смотреть, как пятнают нашу кровь?

У меня мало времени — надо действовать быстро. Я не могу расстаться с последней крупицей надежды.
Я отследила порчу до пещеры чуть севернее отсюда. Подойти близко мне не удалось, но... возможно, это какая-то реликвия. Может, даже чешуйка, вынесенная на берег во время Бедствия Зайтана. Не уверена, но воздух пульсирует тёмной, древней магией. Мои прислужники корчатся, стоит нам подойти слишком близко.

Что бы это ни было... возможно, это наш ответ. Решение."
Fuego descontrolado,Неконтролируемый огонь
Fuelles inflados,Накачанные меха
Fuerzas especiales,Специальные войска
"Gabe[pl:""Gaben""] des Ursus",Габе дес Урсус
"Gain 15%% Increased Movement Speed
+10%% Experience from Kills","+15%% к скорости передвижения
+10%% опыта за убийства"
"Gain 25%% Increased Movement Speed
+10%% Experience from Kills","+25%% к скорости передвижения
+10%% опыта за убийства"
"Gain 5 seconds of quickness on dismount. <c=@reminder>(Cooldown: 20 seconds)</c>
+70 Precision
+10%% Karma
+1%% All Experience Gained","Даёт 5 секунд проворства при спешивании. <c=@reminder>(Перезарядка: 20 секунд)</c>
+70 к Точности
+10%% кармы
+1%% ко всему получаемому опыту"
"Gain 60 Precision When Health above 90%%
+10%% Experience from Kills","+60 к Точности, пока здоровье выше 90%%
+10%% опыта за убийства"
"Gain Concentration Equal to 3%% of Your Power
Gain Concentration Equal to 6%% of Your Condition Damage
+10%% Experience from Kills","Концентрация, равная 3%% вашей Силы
Концентрация, равная 6%% вашего урона от состояний
+10%% опыта за убийства"
"Gain Concentration Equal to 3%% of Your Precision
Gain Healing Power Equal to 3%% of Your Precision
+10%% Experience from Kills","Концентрация, равная 3%% вашей Точности
Сила исцеления, равная 3%% вашей Точности
+10%% опыта за убийства"
"Gain Condition Damage Equal to 2%% of Your Precision
Gain Condition Damage Equal to 5%% of Your Expertise
+10%% Experience from Kills","Урон от состояний, равный 2%% вашей Точности
Урон от состояний, равный 5%% вашей Экспертизы
+10%% опыта за убийства"
"Gain Condition Damage Equal to 3%% of Your Precision
Gain Condition Damage Equal to 8%% of Your Expertise
+10%% Experience from Kills","Урон от состояний, равный 3%% вашей Точности
Урон от состояний, равный 8%% вашей Экспертизы
+10%% опыта за убийства"
"Gain Condition Damage Equal to 3%% of Your Precision
Gain Expertise Equal to 3%% of Your Precision
+10%% Experience from kills","Урон от состояний, равный 3%% вашей Точности
Экспертиза, равная 3%% вашей Точности
+10%% опыта за убийства"
"Gain Condition Damage Equal to 8%% of Your Concentration
Gain Concentration Equal to 3%% of Your Precision
+10%% Experience from Kills","Урон от состояний, равный 8%% вашей Концентрации
Концентрация, равная 3%% вашей Точности
+10%% опыта за убийства"
"Gain Health Every Second
+100 Concentration
+33%% Chance to Gain Might on Critical Hit
+10%% Karma
+5%% All Experience Gained
+20%% Magic Find
+20%% Gold Find
+10%% WXP Gained","Восстановление здоровья каждую секунду
+100 к Концентрации
+33%% шанс получить мощь при критическом ударе
+10%% кармы
+5%% ко всему получаемому опыту
+20%% к поиску магии
+20%% к поиску золота
+10%% к получаемому мировому опыту"
"Gain Health Every Second
+100 Concentration
+70 Toughness
+10%% Karma
+5%% All Experience Gained
+20%% Magic Find
+20%% Gold Find
+10%% WXP Gained","Восстановление здоровья каждую секунду
+100 к Концентрации
+70 к Стойкости
+10%% кармы
+5%% ко всему получаемому опыту
+20%% к поиску магии
+20%% к поиску золота
+10%% к получаемому мировому опыту"
"Gain Health Every Second
+2%% to All Attributes
+10%% Experience from Kills","Восстанавливайте здоровье каждую секунду
+2%% ко всем характеристикам
+10%% опыта за убийства"
"Gain Health Every Second
+40 to All Attributes
+10%% Karma
+5%% All Experience Gained
+20%% Magic Find
+20%% Gold Find
+10%% WXP Gained","Восстанавливайте здоровье каждую секунду.
+40 ко всем характеристикам.
+10 %% кармы.
+5 %% к получаемому опыту.
+20 %% к шансу найти магические предметы.
+20 %% к шансу найти золото.
+10 %% к получаемому опыту мира."
"Gain Health Every Second
+60 Power
+50 Precision
+10%% Karma
+5%% All Experience Gained
+20%% Magic Find
+20%% Gold Find
+10%% WXP Gained","Восстанавливайте здоровье каждую секунду.
+60 силы
+50 точности
+10%% кармы
+5%% ко всему получаемому опыту
+20%% шанса найти магические предметы
+20%% шанса найти золото
+10%% опыта мира"
"Gain Health Every Second
+60 Vitality
+10%% Experience from Kills","Восстановление здоровья каждую секунду
+60 к Живучести
+10%% опыта за убийства"
"Gain Power Equal to 3%% of Your Vitality
Gain Power Equal to 3%% of Your Toughness
+10%% Experience from Kills","Сила, равная 3%% вашей Живучести
Сила, равная 3%% вашей Стойкости
+10%% опыта за убийства"
"Gain Power Equal to 6%% of Your Condition Damage
Gain Power Equal to 8%% of Your Expertise
+10%% Experience from Kills","Сила, равная 6%% вашего урона от состояний
Сила, равная 8%% вашей Экспертизы
+10%% опыта за убийства"
"Gain Power Equal to 6%% of Your Healing Power
Gain Power Equal to 8%% of Your Concentration
+10%% Experience from Kills","Сила, равная 6%% вашей Силы исцеления
Сила, равная 8%% вашей Концентрации
+10%% опыта за убийства"
"Gain Power Equal to 8%% of Your Concentration
Gain Concentration Equal to 3%% of Your Precision
+10%% Experience from Kills","Сила, равная 8%% вашей Концентрации
Концентрация, равная 3%% вашей Точности
+10%% опыта за убийства"
"Gain the ability to ride ley lines both above and below water as well as updrafts with the skimmer.

When in an updraft or a ley line, you can break out of it by using the skimmer's Barrel Roll engage skill.","Даёт возможность скользить по лей-линиям над водой и под водой, а также по восходящим потокам на скиммере.

Находясь в восходящем потоке или на лей-линии, можно вырваться из них умением скиммера «Бочка»."
"Gained by defeating world bosses.
Your skyscale egg will be sufficiently infused at 4 stacks.
This will only appear in locations with world bosses.","Получено за победу над мировыми боссами.
Ваш скэйскальный яйцо будет достаточно насыщено энергией после накопления 4 зарядов.
Это будет отображаться только в локациях с мировыми боссами."
"Gained by reviving allies.
Your skyscale egg will be sufficiently infused at 20 stacks.","Получено за воскрешение союзников.
Ваш скэйскальный яйцо будет достаточно насыщено энергией после накопления 20 зарядов."
"Gallumph, gallumph! the choya ran

With terrible scowl and hate in its eyes

Until a brave girl took up knife and pan

And made a whole bowlful of Choya Surprise.","Галумф, галумф! — бежал чойя

Со злобным взглядом и оскалом жутким,

Пока храбрая девочка не взяла нож и сковороду

И не наготовила целую миску «Сюрприза из чойи»."
"Gefertigt aus 100 Haufen Blutsteinstaub, 2 Obsidianscherben und 10 Thermokatalytischen Reagenzien.","Изготовлено из 100 кусков кровавой каменной пыли, 2 осколков обсидиана и 10 термокаталитических реагентов."
Gekonnt ausgewichen,Искусно уклонился.
Generationskonflikt,Конфликт поколений
Gießt etwas Wasser aus dem Eimer auf die durstigen Pflanzen.,Вылейте немного воды из ведра на жаждущие растения.
"Gigarg has us following orders from some strange lady named ""B."" None of us have seen her, but Vova swears she heard them laughing together deeper in the mine. She's only been in the facility once or twice, but it'd be nice to put a face behind...well, all of this.  
  
Now that Gigarg's armor is complete and Rodion's transfusions have settled, apparently ""B"" is sending them to the surface while the rest of us continue to work on the machine prototype. Vova and Gigarg are no longer on good terms, arguing over resources and constantly bickering about his newfound friendship with Rodion... Vova is worried that Gigarg is lost to us. I think she is afraid of him.  
  
I feel like I should be afraid, but all I can smell is the burnt skin of prisoners dancing over metal grates. It was fun for a week or two, but even I'm tired of taking orders from mysterious laughter.","Гигарг заставляет нас выполнять приказы какой-то странной дамы по имени «Б». Никто из нас её не видел, но Вова клянется, что слышала, как они вместе смеялись в глубине шахты. Она была в лаборатории всего раз или два, но было бы неплохо увидеть лицо, стоящее за... ну, за всем этим.

Теперь, когда броня Гигарга завершена, а переливания Родиона устоялись, «Б» якобы отправляет их на поверхность, пока остальные из нас продолжают работать над прототипом машины. Вова и Гигарг больше не в ладах, спорят из-за ресурсов и постоянно ссорятся из-за его новой дружбы с Родионом... Вова боится, что Гигарг потерян для нас. Думаю, она боится его.

Чувствую, что я тоже должен бояться, но все, что я чувствую, — это запах горелой кожи пленников, танцующих над металлическими решетками. Первую неделю-другую было весело, но даже мне надоело подчиняться приказам таинственного смеха."
"Grand Piazza:
Find this karka celebrating in a cubicle.","Grand Piazza:
Найдите эту карку, празднующую в кабинке."
"Grants a large amount of End of Dragons Mastery experience.

<c=@Flavor>Formerly minted by the notorious Crimson Skull Bandits. These are valued by collectors, scholars, and bandit enthusiasts.</c>","Дарует большое количество опыта мастерства «Конец Драконов».

<c=@Flavor>Ранее чеканились печально известными бандитами «Багровый череп». Коллекционеры, учёные и любители бандитов ценят их.</c>"
"Grants a large amount of kodan experience.

<c=@Flavor>Carefully crafted by the kodan, these coins are valued by kodan and collectors alike, who find them charming.</c>","Даёт большой опыт кодана.

<c=@Flavor>Тщательно изготовленные коданами, эти монеты ценятся коданами и коллекционерами, которые находят их очаровательными.</c>"
"Grants a tiny amount of karma.
<c=@Flavor>Difficult to catch, but edible. And better in a pot than under your foot.</c>","Даёт небольшое количество кармы.
<c=@Flavor>Сложно поймать, но съедобно. И лучше в кастрюле, чем под твоей ногой.</c>"
"Grants a tiny amount of karma.
<c=@Flavor>In Tooraj's current condition, there's not much he can do, except sketch the incredible view.</c>","Даёт крошечное количество кармы.
<c=@Flavor>В нынешнем состоянии Тураджа он мало что может сделать, кроме как зарисовывать невероятный вид.</c>"
"Grants a tiny amount of karma.
<c=@Flavor>Stories of life back home, even when it's not your home, can warm the heart and restore hope when things are grim.</c>","Даёт крошечное количество кармы.
<c=@Flavor>Рассказы о жизни на родине, даже если это не ваш дом, могут согреть сердце и вернуть надежду, когда все мрачно.</c>"
"Grants a tiny amount of karma.
<c=@Flavor>The statue, like the story it tells, is hollow and underwhelming.</c>","Даёт небольшое количество кармы.
<c=@Flavor>Статуя, как и история, которую она повествует, кажется пустой и не вызывает особого восторга.</c>"
"Grants resistance for 5 seconds every 30 seconds while in Bjora Marches.

<c=@Reminder>Obtained by completing the Raven Sanctum's trials.</c>
<c=@Flavor>""We favor the skill of healers and the wisdom of elders over the uncertainty of the future. But the young take chances, and the young push us forward.""</c>","Предоставляет сопротивление на 5 секунд каждые 30 секунд, пока вы находитесь в Бьорна-Марч.

<c=@Reminder>Получено за прохождение испытаний Равен-Санктума.</c>
<c=@Flavor>«Мы ценим мастерство целителей и мудрость старших больше, чем неопределенность будущего. Но молодые рискуют, и именно они двигают нас вперёд».</c>"
"Grants swiftness when applied. Applies defensive boons upon entering combat.
+150 Toughness
+150 Vitality","Даёт быстроту при применении. Накладывает защитные благодати при вступлении в бой.
+150 к живучести
+150 жизненной силы"
"Grants swiftness when applied. Applies offensive boons upon entering combat.
+150 Power
+150 Condition Damage","Дарует быстроту при применении. Накладывает наступательные благословения при входе в бой.
+150 к силе
+150 к урону от состояний"
"Grants the following benefits for 2 hours:
• +50%% Experience in All Game Types
• +50%% Reward Track Gain in PvP and WvW
• Up to 100%% Bonus Experience for Kill Streaks","Даёт следующие преимущества на 2 часа:
• +50%% опыта во всех игровых режимах
• +50%% прогресса по треку наград в PvP и WvW
• до 100%% бонусного опыта за серии убийств"
"Greetings traveler,

The Tyrian Explorers Society would like to commend your successful efforts in Blazeridge Steppes. You have gained notoriety throughout the region for your accomplishments. You were challenged through many trying territories and fought off Dragonspawn. Your success is the result of your hard work and perseverance. 

We wish you luck in your future explorations. 

— Tyrian Explorers Society","Приветствую, путник,

Общество тирийских исследователей хотело бы отметить твои успехи в Степях Блейзридж. Ты снискал известность по всему краю своими свершениями. Тебя испытали многие суровые земли, и ты отбился от Драконьего Отродья. Твой успех — плод упорного труда и настойчивости.

Желаем удачи в будущих исследованиях.

— Общество тирийских исследователей"
"Greetings, 

You have my gratitude, %str1%. While our battle with the ghosts is one without end, but your performance has inspired my soldiers to keep fighting. I have no doubt you'll achieve excellence in all your endeavors. 

— Fyra Redtail","Приветствую,

Ты заслужил мою благодарность, %str1%. Пусть наша битва с призраками не имеет конца, твои дела вдохновили моих солдат сражаться дальше. Не сомневаюсь, ты достигнешь совершенства во всех своих начинаниях.

— Fyra Redtail"
"Greetings, %str1%, in these dark times. I take up my pen and scroll to invite you to the open-air memorial for Eir Stegalkin. Please join us as we mourn and celebrate this legendary hero.

The Stonewright's Steading in Hoelbrak, where Eir lived, will be consecrated for this purpose.

Wishing you easy passage,
Knut Whitebear","Приветствую тебя, %str1%, в эти тёмные времена. Берусь за перо и свиток, чтобы пригласить тебя на открытые поминки по Eir Stegalkin. Прошу, присоединись к нам, чтобы оплакать и восславить эту легендарную героиню.

Усадьба Каменщицы в Хоэльбраке, где жила Эйр, будет освящена для этой цели.

Желаю лёгкого пути,
Knut Whitebear"
"Greetings, Adventurer!

A well seasoned traveler as yourself has probably picked up a lot of very interesting souvenirs along the way. Well now you will find it easier to catalog those findings with a series of new item collection achievements. If you ever feel lost and need more information, come find me in Lion's Arch for further instructions.

-Rednax","Приветствую, искатель приключений!

Бывалый путник вроде тебя наверняка собрал по дороге немало любопытных сувениров. Что ж, теперь их будет легче учитывать благодаря череде новых достижений на собирание предметов. Если вдруг растеряешься и захочешь узнать больше — найди меня в Lion's Arch за дальнейшими указаниями.

-Реднакс"
"Greetings, Pooh-bah!

I forgot to mention it, but that unbound magic is really useful stuff. Natto was part of Soulkeeper's crew, and I'm guessing he would be especially interested in it. I doubt you'll find him far from the airships bridge, he isn't much of a ""frontline"" sort of asura.

—Taimi","Приветствую, о великий!

Забыл упомянуть, но эта несвязанная магия — и впрямь полезная штука. Натто был из команды Душехран, и, полагаю, ему она была бы особенно интересна. Сомневаюсь, что ты найдёшь его далеко от мостика воздушных кораблей: он не из тех асура, кто рвётся на передовую.

—Тайми"
"Greetings, Wayfinder,

You departed during the assault on Bava Nisos with participation remaining. Please find enclosed some of the rewards you missed. Thank you for your aid.","Приветствую, Путеводная Звезда,

Ты покинул штурм Бавы Нисос, когда участие ещё продолжалось. Прилагаю часть наград, которых ты не получил. Благодарим за помощь."
"Greetings, Wayfinder,

You departed during the assault on the Citadel of Zakiros with participation remaining. Please find enclosed some of the rewards you missed. Thank you for your aid.","Приветствую, Путеводная Звезда,

Ты покинул штурм Цитадели Закироса, когда участие ещё продолжалось. Прилагаю часть наград, которых ты не получил. Благодарим за помощь."
"Greetings, Wayfinder,

You departed during the battle against Nourys with participation remaining, so please find enclosed some of the rewards you missed. Thank you for your aid in the fight for Amnytas.","Приветствую, Путеводная Звезда,

Ты покинул битву с Нурис, когда участие ещё продолжалось, поэтому прилагаю часть наград, которых ты не получил. Благодарим за помощь в борьбе за Амнитас."
"Greetings, Wayfinder. I hope this finds you in good health.

As you're aware, the Wizard's Vault is tasked with securing potentially hazardous artifacts, as well as facilitating the proper usage of said items to safeguard Tyria. Your well-documented talents and support in this project have recommended you for participation in the former goal.

Astral Ward members of a recent expedition to the wilds of Janthir have relayed local stories of a meteor making landfall in the area. Astrological artifacts can be of particular interest—or harm to innocents—and so I have sent a member of the vault to further investigate.

This field operation has been filed with the records name ""Falling Star."" I'd like to request your help—in return, you will be eligible to take ownership of any recovered artifacts at or below the level we classify as ""locally threatening."" Please rendezvous with Field Archivist Cierle in Lowland Shore at your earliest opportunity.

—Vivienne","Приветствия, Путеводитель. Надеюсь, это письмо застанет вас в добром здравии.

Как вы знаете, Хранилище Чародея отвечает за обеспечение безопасности потенциально опасных артефактов, а также за содействие правильному использованию этих предметов для защиты Тирии. Ваши хорошо задокументированные таланты и поддержка в этом проекте рекомендовали вас для участия в первой цели.

Члены Astral Ward из недавней экспедиции в дикие земли Джантира передали местные рассказы о метеорите, упавшем в этом районе. Астрологические артефакты могут представлять особый интерес — или вред для невинных — поэтому я отправил члена Хранилища для дальнейшего расследования.

Эта полевая операция зарегистрирована под именем «Falling Star». Я хотел бы попросить вашей помощи — взамен вы сможете получить право собственности на любые найденные артефакты, которые мы классифицируем как «представляющие локальную угрозу» или ниже. Пожалуйста, встретьтесь с полевым архивариусом Сирль на Низменном Берегу при первой возможности.

— Вивьен"
"Greetings, Wayfinder. I trust your time at sea hasn't treated you too poorly.  
  
The Astral Ward's expedition to Castora has resulted in a large influx of recordkeeping for the Wizard's Vault and new issues to investigate. A developing situation is beyond the means of our scouts, so I would like to recruit your capable hands to the task.  
  
Ward and Tyrian Alliance scholars believe the Castoran coral reefs are a vital part of the local arcane ecosystem, potentially cultivated by the island's original residents. However, the latest reporting suggests local Inquest experiments may be targeting this critical system.  
  
This field operation has been filed under the name ""Castoran Coral."" In return for your assistance, you will be eligible to take ownership of any recovered artifacts or magic at or below the level we classify as ""locally threatening."" Please rendezvous with Field Archivist Cierle in Shipwreck Strand at your earliest opportunity if you wish to participate.  
  
—Vivienne","Приветствия, Путеводитель. Надеюсь, ваше время в море не было слишком суровым.  
  
Экспедиция Astral Ward на Кастору привела к большому притоку записей для Хранилища Чародея и новых вопросов для расследования. Развивающаяся ситуация выходит за рамки возможностей наших разведчиков, поэтому я хотел бы привлечь ваши умелые руки к этой задаче.  
  
Учёные Дозора и Tyrian Alliance полагают, что коралловые рифы Касторы являются жизненно важной частью местной магической экосистемы, возможно, культивированной коренными жителями острова. Однако последние сообщения указывают на то, что местные эксперименты Исследовательского союза могут быть направлены против этой критической системы.  
  
Эта полевая операция зарегистрирована под именем «Касторский коралл». Взамен на вашу помощь вы сможете получить право собственности на любые найденные артефакты или магию, которые мы классифицируем как «представляющие локальную угрозу» или ниже. Пожалуйста, встретьтесь с полевым архивариусом Сирль на Берегу Кораблекрушений при первой возможности, если вы хотите участвовать.  
  
— Вивьен"
"Greetings, fellow explorer,

Your deeds in the Gendarran Fields have made quite an impression. You are a credit to your race and a spectacular wanderer. Happy trails!

—Tyrian Explorers Society","Приветствую, собрат-исследователь,

Твои деяния на Gendarran Fields произвели изрядное впечатление. Ты — честь для своего народа и выдающийся странник. Счастливого пути!

—Общество тирийских исследователей"
"Greetings, festival-goers!

Ever since preparations began for the arrival of our Wintersday grandmaster, Tixx the Toymaker, there has been much speculation about the details of his visit. Allow me to put the rumors to rest.

Tixx, our special guest, is an esteemed toymaker whose creations have brought joy (and, truth be told, a bit of mischief) to citizens all over Tyria. This Wintersday, Tixx is planning to visit Tyria's greatest cities to showcase his inventions in his famous aerial workshop.

He will be spending one day at each city before his final celebration in Lion's Arch.

His schedule is as follows:
1st stop: The Grove
2nd stop: Divinity's Reach
3rd stop: The Black Citadel
4th stop: Hoelbrak
5th stop: Rata Sum
Final stop: Lion's Arch

At each of the first five locations, before his arrival in Lion's Arch, Tixx will reveal an amazing new toy designed to bring happiness to the inhabitants and visitors of each city. If you miss a day, don't worry—once Tixx reaches Lion's Arch, you can access his toy production console. Designed to reproduce the toymaker's creations, the console will be your opportunity to catch up on Tixx's holiday treats.

To thank those who help him around his airship, Tixx is giving out a different toy mini frame at each city stop before Lion's Arch, along with a stack of parts. Each mini requires a frame and a complete set of three unique stacks of parts. These items can also be traded in the Black Lion Trading Company's Trading Post.

Expectations are high for his arrival in Lion's Arch and the promise of a special gift.

So, enjoy the holiday! But keep an eye on those toys...

—Captain Tokk

<color=@green><b>Wintersday starts December 14th. The airship visits its first stop on December 15th at 10 a.m. PST and moves on to following stops at 10 a.m. PST each day.</b></c>","Приветствую вас, посетители праздника!

С тех пор как началась подготовка к прибытию нашего зимнего грандмастера, Тикса Игрушечных Дел, ходило много слухов о деталях его визита. Позвольте мне развеять эти слухи.

Тикс, наш особый гость, — уважаемый игрушечник, чьи творения приносят радость (и, по правде говоря, немного озорства) жителям всей Тирии. В этот День Зимы Тикс планирует посетить величайшие города Тирии, чтобы продемонстрировать свои изобретения в своей знаменитой воздушной мастерской.

Он проведёт по одному дню в каждом городе, после чего состоится его финальное празднество в Львином Архиве.

Его расписание таково:
1-я остановка: The Grove
2-я остановка: Оплот Божественности
3-я остановка: Black Citadel
4-я остановка: Хельбрек
5-я остановка: Рата Сам
Финальная остановка: Львиный Архив

На каждой из первых пяти локаций, до прибытия в Львиный Архив, Тикс покажет удивительную новую игрушку, созданную, чтобы принести счастье жителям и гостям каждого города. Если вы пропустите день, не волнуйтесь. Как только Тикс доберётся до Львиного Архива, вы сможете получить доступ к его консоли по производству игрушек. Созданная для воспроизведения творений игрушечника, консоль даст вам возможность наверстать упущенные праздничные угощения Тикса.

Чтобы отблагодарить тех, кто помогает ему на его дирижабле, Тикс раздаёт по одному различному мини-каркасу игрушки в каждом городе до Львиного Архива, а также по стопке деталей. Каждый мини требует каркас и полный набор из трёх уникальных стопок деталей. Эти предметы также можно обменивать на Торговой площади Торговой Компании Black Lion.

Ожидания от его прибытия в Львиный Архив и обещанного особого подарка высоки.

Так что наслаждайтесь праздником! Но не спускайте глаз с этих игрушек...

— Captain Tokk

<color=@green><b>День Зимы начинается 14 декабря. Дирижабль посещает свою первую остановку 15 декабря в 10:00 по тихоокеанскому времени и переходит к следующим остановкам в 10:00 по тихоокеанскому времени каждый день.</b></c>"
"Greetings, friend,

Eldvin Monastery wishes you a happy new year! We start this year with this month's brew—a dark and festive brew re-created from an ancient Canthan recipe. This strong brew provides a flavor that reminds many of times long past. Empyreal Stout is perfect to enjoy during those dark, cold nights when stars litter the sky. 

Good health and a glass for your thirst,

—Desch Metz,
Master Brewer, Eldvin Monastery","Приветствую, друг,

Eldvin Monastery желает тебе счастливого нового года! Мы начинаем этот год напитком месяца — тёмным праздничным варевом, воссозданным по древнему кантанскому рецепту. Этот крепкий напиток дарит вкус, что многим напоминает давно минувшие времена. «Эмпиреальный стаут» идеален для тёмных холодных ночей, когда небо усыпано звёздами.

Доброго здравия и полного бокала,

—Деш Метц,
Мастер-пивовар, монастырь Элдвин"
"Greetings, friend,

Sometimes, amazing brew recipes are lost to time. Sometimes they're also rediscovered.

With great fortune, adventurers rediscovered a long-lost recipe from Ashford Abbey, allowing Eldvin Monastery to resurrect this brew. The monastery brewers re-created this amazing taste of the past with a twist of their own. Eldvin Abbey Ale possesses a deep brown color and a unique taste of spices that wonderfully accent the overall flavor. 

Good health and a glass for your thirst,

—Desch Metz,
Master Brewer, Eldvin Monastery","Приветствую, друг,

Порой чудесные рецепты напитков теряются во времени. А порой их вновь находят.

По великой удаче искатели приключений отыскали давно утраченный рецепт из Эшфордского аббатства, позволив монастырю Элдвин воскресить этот напиток. Пивовары монастыря воссоздали этот дивный вкус прошлого со своей собственной изюминкой. «Эль Элдвинского аббатства» обладает глубоким коричневым цветом и неповторимым вкусом пряностей, что чудесно оттеняют общий букет.

Доброго здравия и полного бокала,

—Деш Метц,
Мастер-пивовар, монастырь Элдвин"
"Greetings, friend,

When Lion's Arch was destroyed, the Black Lion Trading Company was fortunate enough to save one of their most precious treasures: the famous Black Lion's Reserve. Once a year, Evon Gnashblade opens the vaults and sends out small casks of this reserve to small breweries across Tyria. The aged, rich, full-bodied brew has slight coffee, vanilla, and pecan flavors with a caramel finish that is not overly bitter and not overly sweet. Enjoy this rare masterpiece. 

Good health and a glass for your thirst,

—Desch Metz,
Master Brewer, Eldvin Monastery","Приветствую, друг,

Когда Lion's Arch была разрушена, Black Lion Trading Company посчастливилось спасти одно из своих драгоценнейших сокровищ: знаменитый «Резерв Black Lion». Раз в год Эвон Гнэшблейд отпирает хранилища и рассылает малые бочонки этого резерва мелким пивоварням по всей Тирии. Выдержанный, богатый, полнотелый напиток отдаёт лёгкими нотами кофе, ванили и пекана с карамельным послевкусием — не приторный и не слишком горький. Насладись этим редким шедевром.

Доброго здравия и полного бокала,

—Деш Метц,
Мастер-пивовар, монастырь Элдвин"
"Greetings, friend,

With our brewing, we always encourage experimenting with new ingredients. Sometimes they work, and sometimes they don't. There were many skeptics when Bloodstone Orange Summer Ale first arrived at the Eldvin Monastery; however, their doubts quickly dissolved. The strong citrus flavors in this ale are complemented by a mild tingling sensation. Enjoy this new favorite of the Eldvin Monastery.

Good health and a glass for your thirst,

—Desch Metz,
Master Brewer, Eldvin Monastery","Приветствую, друг,

В пивоварении мы всегда поощряем опыты с новыми ингредиентами. Порой они удаются, порой — нет. Когда «Кровокаменный апельсиновый летний эль» впервые появился в монастыре Элдвин, скептиков было немало; однако их сомнения быстро развеялись. Сильные цитрусовые ноты этого эля дополнены лёгким покалыванием. Насладись этим новым любимцем монастыря Элдвин.

Доброго здравия и полного бокала,

—Деш Метц,
Мастер-пивовар, монастырь Элдвин"
"Greetings, traveler, 

Good work exploring Bloodtide Coast. As I hear it, you nearly became fish bait, and you were faced with vicious undead, but you persevered. Your success is an indicator of your hardiness and initiative.

You'll be spoken of in legend one day. 

—Tyrian Explorers Society","Приветствую, путник,

Славно ты исследовал Кровавое побережье. Как я слышал, ты чуть не пошёл на корм рыбам и столкнулся с лютой нежитью, но выстоял. Твой успех говорит о твоей выносливости и решительности.

Однажды о тебе будут слагать легенды.

—Общество тирийских исследователей"
"Greetings.

As the manager and proprietor of the esteemed Black Lion Trading Company, I intend to use my executive knowledge to bring the citizens of Lion's Arch an organized leadership, and to forge a trade agreement with Zephyr Sanctum. Your support helps me blaze trails in this competition. I'll be working with the Zephyrites in their sanctum, and I encourage you to join me. Together, we can show them that Lion's Arch is a worthy business partner.

—Captain Evon Gnashblade","Приветствую.

Как управляющий и владелец почтенной Black Lion Trading Company, я намерен применить свои руководящие познания, чтобы дать жителям Lion's Arch слаженное правление и заключить торговое соглашение со Святилищем Зефира. Твоя поддержка помогает мне прокладывать путь в этом состязании. Я буду работать с зефиритами в их святилище и призываю тебя присоединиться ко мне. Вместе мы покажем им, что Lion's Arch — достойный деловой партнёр.

—Капитан Эвон Гнэшблейд"
Grupo,Группа
"Guilds no longer have world-based chapters or world boundaries. Influence, merits, upgrades, and bank items have been merged. We've gone ahead and finished building all upgrades in your queue and have refunded duplicates.

—ArenaNet Staff","Гильдии больше не имеют мировых отделений или мировых границ. Влияние, заслуги, улучшения и банковские предметы были объединены. Мы завершили строительство всех улучшений в вашей очереди и вернули средства за дубликаты.

—Сотрудники ArenaNet"
"Hai Jii stood before the dais where Grenth sat, and he begged, ""Please, this isn't their fault. I'm the one that killed the invaders—my hands are dipped in their blood.""

The God of Death pondered the boy's pleas; but instead of showing any benevolence, he sentenced Hai Jii's family to an eternity of torture by flame. The boy crumpled to the floor and wept tears of magma. His cheeks burned away with every drop.

When he awoke, his body was made of stars—his arms powerful, fiery wings. A new phoenix had risen from the ashes of the Underworld, and he took his throne beside the other Celestials. There, he would weep an eternity of flame.","Хай Джи стоял перед помостом, где восседал Грент, и умолял: «Пожалуйста, это не их вина. Это я убил захватчиков — мои руки в их крови».

Бог Смерти задумался над мольбами мальчика; но вместо того чтобы проявить милосердие, он приговорил семью Хай Джи к вечным мукам в огне. Мальчик рухнул на пол и заплакал слезами из магмы. Его щёки сгорали с каждой каплей.

Когда он очнулся, его тело состояло из звёзд — его руки стали могучими огненными крыльями. Новый феникс восстал из пепла Подземного Мира, и он занял свой трон рядом с другими Небожителями. Там он будет вечно рыдать пламенем."
"Hail, Forger of Legends!

New and exciting recipes have been discovered. Come see me, and you can learn how to craft your next legendary weapon!

Yours in legend,
Grandmaster Craftsman Hobbs","Приветствую, Кузнец Легенд!

Были открыты новые и захватывающие рецепты. Приходи ко мне, и ты сможешь научиться создавать своё следующее легендарное оружие!

С уважением,
Великий Мастер Хоббс"
"Hail, Mighty Hero, 

Word has reached me that Rytlock and Logan have been spotted together, and not threatening each other. Whatever you did at the Citadel of Flame, it seems to have taken.

 Zojja has been in pursuit of her master's other apprentice, Kudu, since she drove him out of Sorrow's Embrace. Kudu has set up a great laboratory in the heart of the expansive Inquest base at the Crucible of Eternity, in the eastern part of the Steamspur Mountains. 

Kudu has been continuing his experiments in draconic energy, and I have no doubt that Zojja intends to confront him, alone if she has to. I have sent word to Rytlock and Logan, but don't know if they will arrive in time. Can you help?

As always,

Your Herald","Приветствую, Могучий Герой, 

До меня дошли вести, что Райтлок и Логан были замечены вместе, и при этом не угрожают друг другу. Что бы ты ни сделал в Цитадели Пламени, это, похоже, сработало.

 Зойя преследует другого ученика своего мастера, Куду, с тех пор как выгнала его из Объятий Скорби. Куду устроил большую лабораторию в сердце обширной базы Инквест в Горниле Вечности, в восточной части гор Стимспур. 

Куду продолжал свои эксперименты с драконьей энергией, и я не сомневаюсь, что Зойя намерена противостоять ему, даже в одиночку, если придётся. Я отправил весть Райтлоку и Логану, но не знаю, успеют ли они прибыть вовремя. Ты можешь помочь?

Как всегда,

Твой Глашатай"
"Hail, Slayer of Issormir! I heard of your victory in the Great Hunt, and Eir Stegalkin herself recommended I contact you. I have a challenge for you, one that will benefit us both if you're willing to meet it. I await your arrival at Might and Main in Hoelbrak, but glory waits for no norn! Come see me, and I guarantee both our legends will grow!
—Beigarth the Blacksmith","Приветствую, Slayer of Issormir! Я слышал о твоей победе в Великой Охоте, и сама Eir Stegalkin рекомендовала мне связаться с тобой. У меня есть для тебя испытание, которое принесёт пользу нам обоим, если ты согласишься его принять. Я жду тебя в «Силе и Главном» в Хельбрейке, но слава не ждёт ни одного норна! Приходи ко мне, и я гарантирую, что наши легенды вырастут!
—Beigarth the Blacksmith"
"Hail, mighty crafter!

Your efforts in the Forsaken Thicket are known throughout Tyria. Congratulations! It has come to my attention that you have assembled a very remarkable set of armor, and I would like to offer my expertise to help improve it to make a truly legendary creation.

Find me in Lion's Arch.

—Muireall","Приветствую, могучий ремесленник!

Твои усилия в Заброшенной Чаще известны по всей Тирии. Поздравляю! До меня дошло, что ты собрал весьма примечательный набор брони, и я хотел бы предложить свой опыт, чтобы помочь улучшить его, создав поистине легендарное творение.

Найди меня во Львином Аванпосту.

—Муриэль"
"Hail, mighty hero!

We have received news on the northeastern battlefront: Gaheron Baelfire, the leader of the renegade Flame Legion charr, has been driven back to the gates of his headquarters at the Citadel of Flame. A combined military force effort of the Vigil, Durmand Priory, and Order of Whispers are even now struggling to breach that gate. 

Both Logan Thackeray and Rytlock Brimstone have been dispatched to that front, and given the way they feel about each other, I think they'll need someone to keep them from killing each other. Naturally I thought of you, though I don't know what's the greater danger—Gaheron or the two former allies.

Thanks,

Your Herald","Приветствую, могучий герой!

Мы получили новости с северо-восточного фронта: Гахерон Огненная Погибель, лидер чарров-отступников из Flame Legion, был отброшен к воротам своей штаб-квартиры в Цитадели Пламени. Объединённые военные силы Бдительности, Дюрандского Приората и Order of Whispers прямо сейчас пытаются пробить эти ворота.

И Логан Тэкери, и Райтлок Жарокамень были отправлены на этот фронт, и, учитывая их отношение друг к другу, думаю, им понадобится кто-то, кто помешает им перебить друг друга. Естественно, я подумал о тебе, хотя и не знаю, кто представляет большую опасность — Гахерон или эти двое бывших союзников.

Спасибо,

Твой Глашатай"
"Halloween is a crazy time! Just ask the little mad kings. There's much to do, and so much more to come. You can assist the Durmand Priory, and they'd appreciate the help! Talk to Magister Tassi by the lion statue in Lion's Arch to get started. Some folks have reported that she has a ghostly companion helping her test a device that she'll mail to you.

Are you craving some candy corn? Who could blame you? Head out into the world beyond Lion's Arch to find special candy corn nodes that you can mine for all the yummy goodness you'll need to craft spookilicious recipes and fuel Magister Tassi's psychomagical device.

Halloween doesn't just happen in Lion's Arch either. You'll find that the Durmand Priory is active across the world. The Priory has heard reports of terrifying creatures coming through strange doors in Queensdale, Kessex Hills, and Gendarran Fields. You'd better get your adventuring boots on, because you can't hide in Lion's Arch forever! Also, watch for pumpkins to carve as you roam the world!

—Captain Tokk","Хэллоуин — безумное время! Спросите хоть у маленьких безумных королей. Дел невпроворот, и впереди ещё больше. Вы можете помочь Дурмандскому Приорату, и они будут благодарны! Поговорите с магистром Тасси у статуи льва в Львином Дозоре, чтобы начать. Некоторые сообщают, что у неё есть призрачный помощник, который помогает тестировать устройство, которое она пришлёт вам по почте.

Хочется сладкой кукурузы? Кто вас осудит? Отправляйтесь в мир за пределы Львиного Дозора, чтобы найти особые узлы сладкой кукурузы, которые можно добывать ради всего вкусного, что понадобится для приготовления жутких рецептов и подпитки психомагического устройства магистра Тасси.

Хэллоуин не ограничивается Львиным Дозором. Вы увидите, что Дурмандский Приорат активен по всему миру. Приорат получил сообщения о ужасающих существах, появляющихся из странных дверей в Квинсдейле, Kessex Hills и Gendarran Fields. Лучше надеть сапоги для приключений, ведь нельзя вечно прятаться в Львином Дозоре! Также следите за тыквами, которые можно вырезать, путешествуя по миру!

—Captain Tokk"
"Have this item in your inventory when traveling to Lion's Arch.
This item can be created in the Mystic Forge by combining the following items:
• 1 Essence of Black Citadel
• 2 Mystic Keystone Crystals
• 7 Piles of Mystic Dust
• 50 Mystic Coins

The first three components are drops from Mystic Chests. Mystic Chests are made in the Mystic Forge by combing the following items:
• 1 Essence of Halloween
• 250 Cured Thick Leather Squares
• 250 Cured Thick Leather Squares
• 250 Cured Thick Leather Squares","Держите этот предмет в инвентаре при путешествии в Lion's Arch.
Этот предмет можно создать в Mystic Forge, соединив следующее:
• 1 эссенцию Black Citadel
• 2 мистических краеугольных кристалла
• 7 горстей мистической пыли
• 50 мистических монет

Первые три составляющие выпадают из мистических сундуков. Мистические сундуки делаются в Mystic Forge соединением следующего:
• 1 эссенции Хэллоуина


• 250 квадратов дублёной толстой кожи• 250 квадратов дублёной толстой кожи• 250 квадратов дублёной толстой кожи"
"Have this item in your inventory when traveling to Lion's Arch. 
This item can be created in the Mystic Forge by combining the following items:
• 1 Essence of Divinity's Reach
• 2 Mystic Keystone Crystals
• 7 Piles of Mystic Dust
• 50 Mystic Coins

The first three components are drops from Mystic Chests. Mystic Chests are made in the Mystic Forge by combing the following items:
• 1 Essence of Halloween
• 250 Cured Thick Leather Squares
• 250 Cured Thick Leather Squares
• 250 Cured Thick Leather Squares","Держите этот предмет в инвентаре при путешествии в Lion's Arch.
Этот предмет можно создать в Mystic Forge, соединив следующее:
• 1 эссенцию Divinity's Reach
• 2 мистических краеугольных кристалла
• 7 горстей мистической пыли
• 50 мистических монет

Первые три составляющие выпадают из мистических сундуков. Мистические сундуки делаются в Mystic Forge соединением следующего:
• 1 эссенции Хэллоуина


• 250 квадратов дублёной толстой кожи• 250 квадратов дублёной толстой кожи• 250 квадратов дублёной толстой кожи"
"Have this item in your inventory when traveling to Lion's Arch. 
This item can be created in the Mystic Forge by combining the following items:
• 1 Essence of the Grove
• 2 Mystic Keystone Crystals
• 7 Piles of Mystic Dust
• 50 Mystic Coins

The first three components are drops from Mystic Chests. Mystic Chests are made in the Mystic Forge by combing the following items:
• 1 Essence of Halloween
• 250 Cured Thick Leather Squares
• 250 Cured Thick Leather Squares
• 250 Cured Thick Leather Squares","Держите этот предмет в инвентаре при путешествии в Lion's Arch.
Этот предмет можно создать в Mystic Forge, соединив следующее:
• 1 эссенцию Рощи
• 2 мистических краеугольных кристалла
• 7 горстей мистической пыли
• 50 мистических монет

Первые три составляющие выпадают из мистических сундуков. Мистические сундуки делаются в Mystic Forge соединением следующего:
• 1 эссенции Хэллоуина


• 250 квадратов дублёной толстой кожи• 250 квадратов дублёной толстой кожи• 250 квадратов дублёной толстой кожи"
"Having reached the gates of Lion's Arch, the duchess and her attaché were finally granted entry into the city. They were escorted to the palace by the Lionguard; it was ""a humid evening, despite the coastal breeze."" Even at that hour, King Jadon was engaged in council with his advisors as charr forces amassed on the eastern Krytan border. Duchess Adelaide presented the king with the diplomatic parcel as he made introductions. When King Jadon addressed the emissary from the White Mantle, the duchess noticed three imposing figures garbed in golden robes and armor, with multiple sets of dark ethereal wings emerging from their backs. They hovered quietly, flanking the ""stout but stern man in unusually vibrant attire"" in a corner of the inner chamber.  
  
Unknown to most, the duchess was in possession of a relic stolen from Orr early in the Third Guild War. The Veil of Ilya, an elegant but otherwise visibly unremarkable domino mask, was rumored to pierce the curtain of reality, to look upon things not normally seen by mortal eyes. Its passive magic would allow the wearer to perceive things hidden by illusion or that exist out of phase with Tyria proper as if they were there normally. Should the wearer actively draw upon the Veil's well of power, they may reveal these things to those around them within a defined space and for a short period of time.  
  
Before the Unseen could act, the duchess exposed them with the full power of the Veil. It was said that the mursaat attacked with powerful magics, killing the king's advisors and royal guard in seconds. Adelaide and her companions came to the king's defense with combined feedback spells, evacuating His Royal Highness through secret corridors at his direction.","Достигнув ворот Lion's Arch, герцогиня и её атташе наконец получили разрешение войти в город. Их сопровождала Львиная стража до дворца; это был ""влажный вечер, несмотря на прибрежный бриз"". Даже в этот час король Джейдон был занят советом со своими советниками, пока силы чарров собирались на восточной границе Крайта. Герцогиня Аделаида вручила королю дипломатический пакет, пока он представлял собравшихся. Когда король Джейдон обратился к посланнику Белой Мантии, герцогиня заметила три внушительные фигуры, облаченные в золотые одежды и доспехи, с множеством тёмных эфирных крыльев, растущих из их спин. Они парили молча, фланкируя ""коренастого, но сурового мужчину в необычайно ярком одеянии"" в углу внутренней палаты.  
  
Неизвестно большинству, герцогиня владела реликвией, украденной из Орра в начале Третьей Войны Гильдий. Пелена Ильи, элегантная, но в остальном ничем не примечательная маска-домино, по слухам, пронзала завесу реальности, позволяя видеть вещи, обычно невидимые смертным глазом. Её пассивная магия позволяла носителю воспринимать вещи, скрытые иллюзией или существующие вне фазы с собственно Тирией, так, как если бы они были там в обычном состоянии. Если носитель активно черпал из колодца силы Пелены, он мог открыть эти вещи окружающим в определенном пространстве и на короткое время.  
  
Прежде чем Невидимые успели действовать, герцогиня раскрыла их, используя полную силу Пелены. Говорили, что мурсааты атаковали мощной магией, убив советников короля и королевскую стражу за секунды. Аделаида и её спутники пришли на защиту короля с комбинированными заклинаниями обратной связи, эвакуируя Его Королевское Высочество через секретные коридоры по его указанию."
Heilung,Исцеление
Heims..欠琀絟骬∖ w汯椀rs塮✛俙ll慨gr﫤e圙戻᪞疠擎懟鸫唀鯋◾顪뎗⡦욕Ｂ囈,Heims...欠琀絟骬∖ w汯椀rs塮✛俙ll慨gr﫤e圙戻᪞疠擎懟鸫唀鯋◾顪뎗⡦욕Ｂ囈
"Helft einem Kodan-Jäger im Fließenden Oberland, ein Rentier aufzuspüren.",Помогите охотнику-кодану в Текучих нагорьях выследить оленя.
"Hello to Lion's Arch, and to all my supporters. You're in a league all your own. The Ship's Council has awarded me the seat, and I'm ready to get to the business of making us all a little richer. Here's how.

I'm going to enact the following changes:
- Discounted Black Lion keys for four weeks.
- I'll work with the Fractals to research the fall of Abaddon.
- I'll dig into the secrets behind the Molten Alliance and Aetherblade pirates!
- I'll sponsor a weekly rotation of more Southsun Survival, Sanctum Sprint, Keg Brawl, and Crab Toss games, just to keep things spicy!

—Captain Evon Gnashblade","Приветствую Lion's Arch и всех моих сторонников. Вы в своей особой лиге. Корабельный совет присудил мне место, и я готов взяться за дело — сделать всех нас чуточку богаче. Вот как.

Я введу следующие изменения:
— Скидка на ключи Чёрного Льва на четыре недели.
— Я поработаю с Фракталами, чтобы изучить падение Абаддона.
— Я докопаюсь до тайн Расплавленного Альянса и пиратов Эфирных Клинков!
— Я буду еженедельно оплачивать ротацию «Выживания Южного Солнца», «Спринта Святилища», «Бочкового Побоища» и «Крабобросания» — чтобы жизнь не была пресной!

—Капитан Эвон Гнэшблейд"
"Hello!

I hope this letter finds you well. I wanted to write to you because I want you to understand just how much you helped us down here. The wall we're building is a much-needed barrier. Without it, the Risen threat could continue to spread north. By helping keep the wall stable, you've saved many lives. Thanks.

—Brannen","Привет!

Надеюсь, письмо застанет тебя в добром здравии. Я хотел написать, потому что хочу, чтобы ты понимал, насколько ты нам здесь помог. Стена, которую мы строим, — крайне нужная преграда. Без неё угроза восставших расползлась бы дальше на север. Помогая держать стену крепкой, ты спас множество жизней. Спасибо.

—Бреннен"
"Hello!

We don't get much assistance up at Rosko's Campsite, but we greatly appreciate it when we do. We all feel a little bit safer now that the harpies have been dealt a blow, and we are always grateful for help with the cattle. Some day I hope we'll be able to return the favor. Thanks.

—Rancher Jenneth","Привет!

Нам на стоянке Роско редко достаётся помощь, но мы очень ей рады. Всем стало чуть спокойнее, когда гарпиям дали отпор, и мы всегда благодарны за подмогу со скотом. Надеюсь, однажды сумеем отплатить тем же. Спасибо.

—Скотовод Дженнет"
"Hello,

The ambushes you've prepared for the Flame Legion have set their tails ablaze. Between the mines, booby-traps, mortars, and explosive boulders, nothing is safe in Switchback Canyons. And that's how we like it. You've helped the Ash Legion and proven that the Flame Legion are soon to be no more.

—Solita Miststalker","Здравствуй,

Засады, что ты подготовил для Flame Legion, подпалили им хвосты. Между минами, ловушками, мортирами и взрывными валунами в Каньонах Серпантина нет ничего безопасного. Именно так нам и нравится. Ты помог Ash Legion и доказал, что Flame Legion недолго осталось.

—Солита Туманоследка"
"Hello, 

The Flame Legion have never made things easy for us, but we're holding our own. With their power sources disabled, they're not nearly as much of a threat. Bravo.

—Corva Sharpclaw","Здравствуй,

Flame Legion никогда не облегчал нам жизнь, но мы держимся. С выведенными из строя источниками силы они уже далеко не такая угроза. Браво.

—Корва Остроготь"
"Hello, Wayfinder,

Valiant Aria and I are making our way southwest to a cave inhabited by some local trolls. She knows of a few who've engaged with the wisps and may have more information for us. Come join us when you have time.","Здравствуйте, Путеводитель!

Мы с Доблестной Арией направляемся на юго-запад, в пещеру, где обитают местные тролли. Она знает нескольких, кто общался с духами, и у них может быть дополнительная информация. Присоединяйтесь к нам, когда будет время."
Herbsthauch sollte im Moor Torf stechen und braucht mehr Speere.,Herbsthauch sollte im Moor Torf stechen und braucht mehr Speere.
"Here's a new one: Careless Whisper reckons the Stranger she spied in the woods last week was ""long as a four journeykin"" and ""tall as a lodge.""  
   
She's a fibber, make no mistake (remember what she said two harvests back about your old paw's cabbages?), but the council thinks it's still worth a good poke around the place. Claw's got us chasing shadows, with the wolves gone funny and thick air rolling in. Won't be back down for another moon at least; you tell the cubs their Maw-Maw's coming home with an extra batch of sticky honey cakes for bearkin who behave themselves.   
   
Any sac-fry in the lake yet?  
   
Miss you.  
   
—Dancing Minstrel","А вот и новенькое: Беспечный Шёпот уверяет, что Незнакомец, которого она приметила в лесу на прошлой неделе, был «длиной с четверых ходоков» и «высотой с дом».

Врушка она, тут без вопросов (помнишь, что она болтала два урожая назад про капусту твоего старика?), но совет всё равно считает, что там стоит хорошенько пошарить. Коготь гоняет нас за тенями: волки чудят, и наползает густой воздух. Раньше чем через луну вниз не вернусь; передай малышам, что бабуля придёт домой с лишней порцией липких медовых лепёшек — для тех медвежат, кто вёл себя хорошо.

Мальки в озере уже пошли?

Скучаю.

—Пляшущий Менестрель"
"Hero of Shaemoor,

By the Will and Command of Queen Jennah of Kryta, you are hereby formally summoned to attend the royal presence. When you are ready, you are welcome to visit her throne room in Divinity's Reach. Until next we meet, may the Six Gods watch over you in all things.

—Countess Anise","Hero of Shaemoor,

Волей и повелением королевы Дженны Крайтанской ты настоящим официально призываешься предстать пред королевской особой. Когда будешь готов, милости просим в её тронный зал в Divinity's Reach. До новой встречи да хранят тебя Шестеро богов во всех делах.

—Графиня Энис"
"Hey there, Explorer. The Priory wants us to look into reports of quaggans going missing over in Wyrmblood Lake. By all accounts, the dragons are involved, so that means we're involved. Besides, it's a place I've never been and people I haven't met, so I'm really looking forward to it. See you there!
—Magister Sieran","Привет, исследователь. Приорат хочет, чтобы мы разобрались с сообщениями о пропаже кваггани у Озера Червекрови. По всему выходит, замешаны драконы, а значит, замешаны и мы. К тому же это место, где я не бывала, и люди, с которыми не знакома, так что я в предвкушении. Увидимся там!
—Магистр Сиеран"
"Hey! %str1%! Get ready to be impressed! I finished the machine! I'm about to perform the final tests, and Kasmeer is here too trying to tell me something about Marjory and Lazarus or whatever. The important thing is I FINISHED THE MACHINE!
—Taimi","Эй! %str1%! Готовься удивляться! Я закончила машину! Сейчас проведу последние испытания, и Касмир тоже тут, пытается что-то мне рассказать про Марджори и Лазаря или вроде того. Главное — я ЗАКОНЧИЛА МАШИНУ!
—Тайми"
"Hey, Commander, 

Thanks so much for your help keeping things in order at the Bazaar. It can get crazy around here—especially lately—and your assistance was invaluable.","Эй, командир,

огромное спасибо за помощь с порядком на Базаре. Тут бывает сумасшедший дом — особенно в последнее время, — и твоя помощь была бесценна."
"Hey, good work! I'm awfully proud of you.

You've proven that you can stand up and fight for yourself.

You've also proven you can tend your own wounds, even in an unexpected situation, which tells me you're ready to face the challenges of combat.

Now it is time for you to show the courage to walk away from my training grounds and into the unknown.

Shadowy creatures have stolen the luminous orbs that Kella needs to light the island, and she needs them returned to her. I'm sure you can handle it. It'll be a good exercise for you!

—Signe

P.S. I've sent some money along with this letter. Don't forget to <c=@quest>take all</c> of the coins out of the envelope!","Эй, отличная работа! Я очень тобой горжусь.

Ты доказал, что можешь встать и постоять за себя.

А ещё доказал, что умеешь лечить свои раны даже в неожиданной ситуации, — значит, ты готов к трудностям боя.

Теперь пора набраться смелости и уйти с моего тренировочного двора в неизвестность.

Тенистые твари украли светящиеся сферы, которыми Келла освещает остров, и ей нужно их вернуть. Уверена, ты справишься. Тебе это будет полезным упражнением!

—Сигне

P.S. Я вложила в письмо немного денег. Не забудь <c=@quest>забрать всё</c> из конверта!"
"Hey, thanks for cleaning out the pests in our training area. I haven't seen a single skritt since! I'll make sure the legions hear about your hard work.

—Thegren Topjaw","Эй, спасибо, что вычистил вредителей с нашей тренировочной площадки. С тех пор ни одного скритта не видел! Я позабочусь, чтобы легионы услышали о твоей работе.

—Тегрен Верхняя Челюсть"
Himmelsschuppen-Tarnung,Маскировка «Небесная чешуя»
Hinterlands harathis,Харати глубинки
"Honestly, I wasn't sure someone of your reputation would stick around to help my militia. I'm impressed and honored that you did. 

Thank you and best regards. 

—Captain Lindel","Честно говоря, я не был уверен, что кто-то с вашей репутацией останется, чтобы помочь моему ополчению. Я впечатлён и польщён, что вы это сделали. 

Спасибо и с уважением. 

—Captain Lindel"
Huesos blanqueados,Отбеленные кости
"I am safe for a time.  
  
My notions of master espionage shattered, I was dragged by a Kryptis patrol inside Heitor's Gate, ostensibly to be presented to Heitor herself.  
  
Ignaxious—see Field Report 2—observed my presence and ordered I be released into his custody instead. The patrol leader resisted initially, insisting Heitor's orders were to deliver any detainees to her directly, but after a few moments of silence (during which I can only assume Ignaxious appealed to him telepathically), the patrol leader's resistance turned quickly to acquiescence.  
  
Recalling his ambition and loyalties, I deceived Ignaxious, posturing as a high-ranking member of the ward with valuable information. He believed my fabrications initially and enthusiastically secreted me through a series of portals to a location secure enough to question me at his leisure, telepathically.  
  
I believed myself quite strong, mentally, and my Astral Ward training did help, to a point. But as the questioning became increasingly spirited, my façade cracked. Soon Ignaxious discovered the truth, and no questioning technique wounded me as much as his final words: ""A research lackey turned ineffectual mole. Feed it to the rabble.""  
  
—Operative Selly","Я в безопасности на некоторое время.

Мои представления о мастерском шпионаже были разбиты вдребезги, когда патруль криптисов втащил меня внутрь Врат Хейтора, якобы для того, чтобы представить самой Хейтор.

Игнаксиус — см. Полевой отчёт 2 — заметил моё присутствие и приказал отпустить меня под его опеку вместо этого. Лидер патруля сначала сопротивлялся, настаивая, что приказы Хейтора — доставлять всех задержанных лично ей, но после нескольких минут молчания (в течение которых я могу только предположить, что Игнаксиус обращался к нему телепатически) сопротивление лидера патруля быстро сменилось уступчивостью.

Вспомнив его амбиции и преданность, я обманул Игнаксиуса, выдав себя за высокопоставленного члена стражи с ценной информацией. Он сначала поверил моим выдумкам и с энтузиазмом провёл меня через серию порталов в достаточно безопасное место, чтобы допросить меня в своё удовольствие, телепатически.

Я считал себя довольно сильным умственно, и моя подготовка в Astral Ward действительно помогла, до определённого предела. Но когда допрос стал всё более оживлённым, моя маска треснула. Вскоре Игнаксиус обнаружил правду, и никакая техника допроса не ранила меня так сильно, как его последние слова: «Исследовательский прихвостень, превратившийся в неэффективного крота. Скормите его черни».

—Оперуполномоченная Сэлли"
"I can't tell you how thrilled I am to have been given the Ship's Council seat. Your support really turned the tide with the Zephyrites, and the trade agreement I secured impressed the councillors. So, now the real work begins.

I am going to enact the following changes:
- Discounted Waypoint travel for four weeks.
- I will work with the Fractals to research the Thaumanova Reactor explosion.
- I'll launch an investigation into the Molten Alliance and Aetherblade pirates.
- We'll be celebrating with more games of Southsun Survival, Sanctum Sprint, Keg Brawl, and Crab Toss. I'll be establishing a weekly rotation of these games to keep things spicy!

I'm ever grateful.

—Captain Ellen Kiel","Я не могу передать, как я рад, что мне дали место в Корабельном совете. Ваша поддержка действительно переломила ситуацию с зефиритами, а торговое соглашение, которое я заключил, впечатлило советников. Итак, теперь начинается настоящая работа.

Я собираюсь провести следующие изменения:
- Скидка на перемещение по путевым точкам на четыре недели.
- Я буду работать с Фракталами над исследованием взрыва на Таумановой станции.
- Я начну расследование деятельности Расплавленного альянса и пиратов Эфирного клинка.
- Мы будем праздновать с помощью большего количества игр в «Southsun Survival», «Sanctum Sprint», «Бочковой бой» и «Метание крабов». Я установлю еженедельную ротацию этих игр, чтобы было интереснее!

Я бесконечно благодарен.

— Капитан Эллен Кил"
"I decided to leave. First decision I've made since waking up that brings me any sense of relief. Packed up my things and hit the road. Rata Sum, eat dolyak dung. Have fun cleaning out my closet (just give me credit for anything you find in there).  

I hitched a ride to Queensdale. Haven't been out here in a while... Hasn't changed a bit. Stayed in the same lodge Logan and I did every time we went to Lion's Arch. The smell is...poignant. Meat and cedar. Lots of sweat. They'd just finished a boar hunt when I arrived, so the whole venue is celebrating. What are they celebrating, you may ask? If I had to guess, just being alive. Not being stomped out by an Elder Dragon.  

Being around happy people is refreshing. Loud, though.  

Two years ago, I was sitting on my bed in the infirmary. I stared out the window all day, listening to the judgmental whispers outside my door... Now, I'm sitting in a tavern. Glass full of juice (ale doesn't agree with me these days). Joined by another asura, actually. A lady named Uenno; I feel like I know the name, but I can't recall if we've ever crossed paths before.","Я решил уйти. Первое решение, принятое с момента пробуждения, которое приносит мне хоть какое-то облегчение. Собрал вещи и отправился в путь. Рата Сам, жри дойлаков. Веселитесь, разбирая мой шкаф (просто отдайте мне должное за всё, что там найдёте).

Я поймал попутку до Квинсдейла. Давненько я здесь не был... Ничего не изменилось. Остановился в той же гостинице, где мы с Логаном останавливались каждый раз, когда ехали в Lion's Arch. Запах... пронзительный. Мясо и кедр. Много пота. Когда я прибыл, они как раз закончили охоту на кабана, так что всё заведение празднует. Что они празднуют, спросите вы? Если бы мне пришлось гадать, просто то, что они живы. Что их не растоптал Старший Дракон.

Быть среди счастливых людей освежает. Правда, шумно.

Два года назад я сидел на койке в лазарете. Целыми днями смотрел в окно, слушая осуждающий шёпот за дверью... Теперь я сижу в таверне. Стакан с соком (эль мне сейчас не по душе). Рядом со мной ещё одна асура. Женщина по имени Уэнно; кажется, я знаю это имя, но не могу вспомнить, пересекались ли мы раньше."
"I felt a whisper, on my neck  

Her voice was bleeding through  
  
I felt his talon, at my back  
  
Please, be quiet, or he'll hear you","Я почувствовала шёпот на шее

Её голос сочился сквозь

Я почувствовала его коготь на спине

Прошу, тише, не то он услышит"
"I heard that the naga were once peaceful and had a place in Cantha... After the Jade Wind, they wanted revenge for what happened to their home. Violence aside, can you really blame them for that? I can't say it's all that different from us... Primordus drove us out of our homes so I get it, in a way. Violence shouldn't be the answer, but after seeing what Rata Novus could've been? I'd probably have some words for that giant lump of molten poop, if he weren't dead.  

The tengu were once hunted down by the Ministry of Purity, but they still found a way to contribute to Canthan society. If the naga worked together with the survivors, maybe things could get better for them. Here I go, getting attached to ""what could've been."" ...Though it does make me wonder, where are these people and creatures going to go when the Kryptis situation calms down? We can't just punt them back into the Mists...","Я слышал, что наги когда-то были мирными и имели место в Канте... После Нефритового Ветра они хотели отомстить за то, что случилось с их домом. Несмотря на насилие, можно ли их за это винить? Не могу сказать, что это сильно отличается от нас... Примордус выгнал нас из наших домов, так что я в некотором роде понимаю. Насилие не должно быть ответом, но после того, как увидел, чем могла бы стать Rata Novus? Я бы, наверное, сказал пару слов этому гигантскому комку расплавленного дерьма, если бы он не был мёртв.  

Тэнгу когда-то преследовало Ministry of Purity, но они всё равно нашли способ внести вклад в кантанское общество. Если бы наги работали вместе с выжившими, возможно, для них всё могло бы быть лучше. Вот я и привязался к «тому, что могло бы быть». ...Хотя это заставляет меня задуматься, куда пойдут эти люди и существа, когда ситуация с криптис успокоится? Мы не можем просто вышвырнуть их обратно в Бездну..."
"I know that friendly forces wait just beyond. I know you are all there, though I cannot see anything through this accursed wall of toxic fog. The bridge below, just behind what the Kryptis call Eventide's March, lies broken—but surely I could glide across this gap to the massive Mourning Tree that I know sits just beyond.  
  
Many Kryptis have come and gone from the cathedral-like gate-front as I observed from above, seemingly to mourn their lost loved ones. Lost, I can only guess, like Till and Bosh and Grink. And Skup. Not unlike myself.  
  
I wrote some time ago that I have to lie to myself. To keep my morale up. To do my duty. But the time has come that I must do otherwise. I have to take action. I have to.  
  
—Selly","Я знаю, что дружественные силы ждут сразу за этим. Я знаю, что вы все там, хотя я ничего не вижу сквозь эту проклятую стену токсичного тумана. Мост внизу, сразу за тем, что криптисы называют Маршем Сумерек, разрушен — но я, несомненно, мог бы перелететь через этот разрыв к огромному Древу Скорби, которое, я знаю, находится сразу за ним.  
  
Многие криптисы приходили и уходили от этого собороподобного входа, как я наблюдал сверху, по-видимому, чтобы оплакивать своих потерянных близких. Потерянных, как я могу только догадываться, как Тилл и Бош и Гринк. И Скуп. Не так уж и непохоже на меня.  
  
Некоторое время назад я писал, что должен лгать себе. Чтобы поддерживать свой боевой дух. Чтобы выполнять свой долг. Но пришло время, когда я должен поступить иначе. Я должен действовать. Я должен.  
  
—Сэлли"
"I told Mina that Yuhwa is dead. That I threw her in the bay near Nahpui so the body'll wash up near the Jade Brotherhood base. It'll buy ""us"" enough time to plan for any retaliation from the Brotherhood. It also gives Yuhwa and I enough time to leave the city before everything explodes. Before anyone realizes that Yuhwa or I are missing.

We're leaving tomorrow night. Headed to Shing Jea first, maybe find a boat headed to Tyria. Yuhwa's got her mind set on Elona, but I'd love to see it all. I want to show her the whole world.","Я сказал Мине, что Юхва мертва. Что я бросил её в залив возле Напхуи, чтобы тело прибило к базе Jade Brotherhood. Это купит «нам» достаточно времени, чтобы спланировать любую ответную реакцию Братства. Это также даёт Юхве и мне достаточно времени, чтобы покинуть город до того, как всё взорвётся. До того, как кто-нибудь поймёт, что Юхва или я пропали.

Мы уезжаем завтра ночью. Сначала направимся в Shing Jea, может быть, найдём лодку до Тирии. Юхва настроена на Элону, но я бы хотел увидеть всё. Я хочу показать ей весь мир."
"I would like to extend my deepest gratitude, and greatest respect, for the help you have provided. Being as old as I am, people seems as brief and as brilliant as shooting stars—appreciated for a moment and then lost to memory. But you stand out in the haze. Your kindness and spirit remind me how inspiring people can be. I don't think I will forget you.

By bonding with your jackal, you'll have the very wind and sand as your ally. This is an enormous gift, so be wise and careful. Good luck, and come back to see us if you'd like more training.

—Drojkor, Spirit Squall","Я хотел бы выразить вам глубочайшую благодарность и величайшее уважение за оказанную помощь. Будучи таким старым, как я, люди кажутся такими же короткими и яркими, как падающие звёзды — ценимые мгновение, а затем теряющиеся в памяти. Но вы выделяетесь в дымке. Ваша доброта и дух напоминают мне, насколько вдохновляющими могут быть люди. Думаю, я вас не забуду.

Связавшись со своим шакалом, вы сделаете сам ветер и песок своими союзниками. Это огромный дар, так что будьте мудры и осторожны. Удачи и возвращайтесь к нам, если захотите ещё тренировок.

—Дройкор, Spirit Squall"
"I'm competing for the open Ship's Council seat. To strengthen my position, I'll be working with Zephyr Sanctum to establish a trade treaty between them and Lion's Arch. With your support, the Zephyrites will see that I represent a community of people who have the sanctum's interests at heart. 

I'll be in Zephyr Sanctum. I hope to see you there.

—Captain Ellen Kiel","Я претендую на открытое место в Корабельном совете. Чтобы укрепить свою позицию, я буду работать с Святилищем Зефира над заключением торгового договора между ними и Lion's Arch. С вашей поддержкой зефириты увидят, что я представляю сообщество людей, которым небезразличны интересы святилища. 

Я буду в Zephyr Sanctum. Надеюсь увидеть вас там.

—Капитан Эллен Кил"
"I'm not the message-in-a-bottle type, but I got a real sense that something bad's about to happen to us. Swell of the sea feels off. Hairs on the back of my neck standing up.

Oh, and we're sailing for Gandara to test ourselves against the Lich. So I guess it's a little more than a hunch.

I got no family or friends short of my mates aboard the Scimitar, so I got nobody to say goodbye to. Instead of any heartfelt stuff, I got a warning for whoever finds this: it's bad all over, it's getting worse, and in the end, it'll take us all. Don't waste what little time you got left taking orders from idiots.","Я не из тех, кто пишет записки в бутылках, но у меня есть ощущение, что с нами вот-вот случится что-то плохое. Море кажется неспокойным. Волосы на затылке встают дыбом.

О, и мы плывём в Гандару, чтобы проверить себя в бою с Личем. Так что, думаю, это больше, чем просто предчувствие.

У меня нет ни семьи, ни друзей, кроме моих товарищей на «Скимитаре», так что мне не с кем прощаться. Вместо душевных излияний у меня есть предупреждение для того, кто это найдёт: всё плохо повсюду, становится ещё хуже, и в конце концов это погубит всех нас. Не тратьте то малое время, что у вас осталось, выполняя приказы идиотов."
"I've been within the walls of the Wizard's Tower for months now. Not all of my memories have returned since the ritual, and they likely won't, but the pit in my gut screams all night... I've little reprieve from what lies below the surface. Probably angry that I hid it all away. Isgarren says that he holds no grudge, but he's still guarded with me. Especially when it grows dark in the evenings; he usually crawls back to his chambers or resumes work elsewhere. I'd understand if he was always like this, though. All I can do now is try to be better than whoever I was before. But that might be a challenge, based on what I've learned.  

I suppose Isgarren wouldn't have gone along with the ritual if there was any lingering distrust between us, since it keeps us together for the foreseeable future. He could have also done it for personal gain... His ""World Spire"" isn't complete, after all, and he needed another pair of hands to work with the shadowstone. I wouldn't have been able to help him if I hadn't gone through with it. At least I'm making an impact.  

Isgarren may be strange, but he is not bad. Nervous, maybe, and a little naive, but not evil. He did spare me that day, even though the mursaat gave him every reason to gut me before I could do the same to him. My people are cruel. What glimpses remain are...disquieting. Disgusting, even. Torture, suffering. Blood everywhere. What all did I do that I just can't see...?  

All I've left of myself—my past self—that doesn't make me want to crumble into the abyss is her voice. I don't know who she is, but it might be the only flicker of anything that proves that I'm not inherently malevolent... ""They are out there, in the Realm of Dreams. Our home. Our actual home. I see them sometimes, when I slumber."" Her voice sounds like ocean waves, even if her mask is just a golden sheen smeared at the back of my mind...","Я уже несколько месяцев нахожусь в стенах Башни Чародея. Не все мои воспоминания вернулись ко мне после ритуала, и, вероятно, уже не вернутся, но та пустота внутри кричит всю ночь... У меня почти нет передышки от того, что скрывается под поверхностью. Вероятно, оно злится, что я всё это спрятал. Исгаррен говорит, что не держит зла, но со мной он всё ещё осторожен. Особенно когда вечерами темнеет; обычно он уползает обратно в свои покои или возобновляет работу в другом месте. Впрочем, я бы понял, если бы он всегда был таким. Всё, что мне остаётся сейчас, — попытаться стать лучше того, кем я был прежде. Но это может оказаться непросто, судя по тому, что я узнал.

Думаю, Исгаррен не пошёл бы на ритуал, если бы между нами оставалось хоть какое-то недоверие, ведь он связывает нас в обозримом будущем. Он мог сделать это и из личной выгоды... Его «Мировой Шпиль» ведь ещё не завершён, и ему нужна была ещё одна пара рук для работы с теневым камнем. Я бы не смог ему помочь, если бы не прошёл через это. По крайней мере, я приношу пользу.

Исгаррен, возможно, странный, но он не плохой. Возможно, нервный и немного наивный, но не злой. Он пощадил меня в тот день, хотя мурсааты дали ему все основания прикончить меня, прежде чем я сделал бы то же с ним. Мой народ жесток. Те проблески, что остались... тревожат. Даже отвращают. Пытки, страдания. Кровь повсюду. Что же я такого натворил, чего просто не могу увидеть?..

Всё, что осталось от меня — от моего прошлого «я», — что не заставляет меня желать рухнуть в бездну, — это её голос. Я не знаю, кто она, но это, возможно, единственная искра, доказывающая, что я не являюсь злом по своей сути... «Они там, в Царстве Снов. Наш дом. Наш настоящий дом. Я вижу их иногда, когда сплю». Её голос звучит как океанские волны, даже если её лик — лишь золотое сияние, размытое на задворках моего сознания..."
"I've discovered jewels in the garbage. The writings of the Saul himself... He sought and found a city with golden walls. He met the Unseen Ones there, and they opened their gates and let him inside. They gifted him with sight.  
  
Bava Nisos. That is what he found in Janthir. That is where the path was lit. I must find it. I must drench myself in it. It was meant for me.","Я обнаружил сокровища в мусоре. Писания самого Саула... Он искал и нашёл город с золотыми стенами. Он встретил там Незримых, и они открыли свои врата и впустили его. Они даровали ему зрение.

Bava Nisos. Вот что он нашёл в Джантире. Вот где зажёгся путь. Я должен найти его. Я должен утонуть в нём. Он был предназначен мне."
"I've heard rumors about your deeds, friend. The Vigil can't stop talking about how you fought off the undead. Your legend grows. You'd do some good over at Astrozintli Forelands. Look for a hylek called Itchi-li.
—Vurn the Furious","Я слышал слухи о твоих подвигах, друг. Дозор не перестаёт говорить о том, как ты отбивался от нежити. Твоя легенда растёт. Ты бы здорово помог в Предгорьях Астросцинтли. Ищи хилека по имени Итчи-ли.
— Вурн Яростный"
"I've heard the name Nephus bandied about a bit by Ramses and Peitha, but I'm never able to get the full context. As best as I can figure, he's a kind of Kryptis folk hero and is believed to live despite having some disagreements with Eparch. Ramses and Peitha both seem to respect him.  
  
It seems unrealistic to me that an uncompromising ruler like Eparch would leave anyone alive who challenged him in any way; perhaps this is a form of Kryptis optimism or religion.  
  
—Researcher Selly","Я слышал имя Нефуса в обрывках разговоров Рамзеса и Пейты, но мне никак не удаётся уловить полный контекст. Насколько я понял, он вроде как народный герой криптисов и, как считается, жив, несмотря на разногласия с Эпархом. И Рамзес, и Пейта, кажется, уважают его.

Мне кажется маловероятным, чтобы такой бескомпромиссный правитель, как Эпарх, оставил в живых того, кто бросил ему вызов; возможно, это форма криптисовского оптимизма или религии.

— Исследовательница Сэлли"
"I've received some very promising reports about you. We need mighty allies like you if we're ever going to turn this Branded tide. But you can't stay here. Word has it that something's been corrupting our Sentinels. Turning them into Branded freaks faster than a warg can bite your snout off. Find out what's going on.<br>
—Sentinel Staggerfoe","Я получил о вас очень многообещающие донесения. Нам нужны такие могущественные союзники, как вы, если мы хотим переломить ход этой войны с Проклятыми. Но вы не можете оставаться здесь. Ходят слухи, что что-то развращает наших Стражей. Превращает их в Проклятых уродов быстрее, чем варг может откусить вам нос. Узнайте, что происходит.<br>
— Sentinel Staggerfoe"
"I've received the items from my operatives, and I have you to thank for that. With this information, we'll be a stronger and more efficient force against our enemies.

I wish you and your jackal safe travels in the future. Remember, come by anytime to purchase more jackal treats from me.

—Drojkor, Spirit Squall","Я получил предметы от моих агентов, и благодарить за это мне нужно вас. С этой информацией мы станем более сильной и эффективной силой против наших врагов.

Желаю вам и вашему шакалу безопасных странствий в будущем. Помните, заходите в любое время, чтобы купить у меня ещё угощений для шакала.

— Дройкор, Spirit Squall"
"If I were to condense
her life
into a moment,
a floating speck suspended
in the gallery of time,
where would I find her?

Would she be
the still frame 
of a child playing barefoot
in a shallow creek,
tossing the contents
of cupped hands
airborne?
Does she live in
bits of dry grass and
plucked hydrangea
floating overhead,
waiting to be pulled inward
in the soft gasp of summer?

Or maybe she is
the exhale of autumn,
echoing in brisk leaves
that scamper across
a dirt path.
Is she caught in an updraft
of warm reds and browns burnt
with just a tinge of orange?
Does she waft over
muddied footprints
as if she's extinguishing
a flame so fragile,
you might wonder
if it's there?

Maybe.

Yet,
I do not recognize her
in the freezing lungs of winter.
Not in the indifferent way it holds
its chilled breath
far longer than it should.
To me,
she doesn't look like
the icy lake or
the snow dancing over
chilled sand that piles
like white ash
beneath a fading pyre.
I refuse to see her in
the silhouette of life
frozen against
the nothingness of night.

No, she isn't that.

Instead,
I believe she may be
the first inhales of spring,
gifting existence in its blossoms,
tiny, imperceptible,
blooming like small rays of
the divine.
I feel her in the petals
of every lilac
born sacred in the dawn.
Here, I find comfort
watching her resurrected
in each moment
as a perfect being,
perfect in the way that
the final breath of summer
is sometimes
all we have
to last us until spring.","Если бы мне пришлось сжать
её жизнь
в одно мгновение,
в крошечную пылинку,
застывшую в галерее времени,
где бы я её нашёл?

Была бы она
тем стоп-кадром,
где ребёнок играет босиком
в мелком ручье,
подбрасывая в воздух
то, что удержали
ладони?
Живёт ли она
в сухих травинках и
сорванной гортензии,
парящих в небе,
ожидая, пока их втянет внутрь
мягким вздохом лета?

А может, она —
выдох осени,
звучащий в шуршащих листьях,
что бегут по
пыльной тропе.
Поймана ли она восходящим потоком
тёплой красной и коричневой листвы,
опалённой с едва заметным оттенком оранжевого?
Развевается ли она над
запачканными грязью следами,
словно гасит
такое хрупкое пламя,
что можно усомниться,
горит ли оно?

Может быть.

Однако
я не узнаю её
в ледяных лёгких зимы.
Не в той безучастной манере, что она задерживает
своё холодное дыхание
гораздо дольше, чем следует.
Для меня
она не похожа на
ледяное озеро или
снег, танцующий над
остывшим песком, что громоздится,
словно белый пепел
под угасающим костром.
Я отказываюсь видеть её в
силуэте жизни,
застывшем на фоне
пустоты ночи.

Нет, она не такова.

Напротив,
я верю, что она может быть
первым вдохом весны,
дарующим жизнь в своих цветах,
крошечных, незаметных,
распускающихся, словно малые лучи
божественного.
Я чувствую её в лепестках
каждой сирени,
рождённой священной на заре.
Здесь я нахожу утешение,
видя её возрождённой
в каждом мгновении
как совершенное существо,
совершенное в том смысле, в котором
последний вздох лета
иногда — это всё,
что у нас есть,
чтобы продержаться до весны."
"If Razor gave you this message, it means we trust you with joining our operation against the Flame Legion. We need someone capable to strike at the Flame Legion, hassling them until we locate our high-value target. <br><br>Your mission: kill any Flame Legion personnel you find, and destroy any of their equipment, weaponry, or braziers. If you find any intel, deliver it to Razor. She'll get it to the right operative. And if any of you Flame kissers are reading this, we're coming for you.<br>
—VS","Если Разор передала тебе это сообщение, значит мы доверяем тебе присоединиться к нашей операции против Flame Legion. Нам нужен кто-то способный нанести удар по Flame Legion, досаждая им, пока мы не найдём нашу высокоприоритетную цель. <br><br>Твоя миссия: убивать любых солдат Flame Legion, которых найдёшь, и уничтожать их снаряжение, оружие или жаровни. Если найдёшь разведданные, передай их Разор. Она доставит их нужному агенту. А если кто-то из вас, целующих пламя, читает это, мы идем за вами.<br>
—ВС"
"If you're new to Guild Wars 2—or could use a refresher—we've created a new player guide to help with those first steps into the world of Tyria. Click the button below to read it on our official website!

Happy adventuring,

The Guild Wars 2 Team","Если вы новичок в Guild Wars 2 — или хотите освежить знания — мы создали руководство для новых игроков, которое поможет сделать первые шаги в мире Тирии. Нажмите кнопку ниже, чтобы прочитать его на нашем официальном сайте!

Счастливых приключений,

Команда Guild Wars 2"
Im Sumpf soll sich ein tobender Basilisk herumtreiben.,"В болоте, как говорят, бродит яростный василиск."
"In 1327 AE, the Zephyrites suffered a great and terrible loss when their Zephyr Sanctum was pulled down from the sky. Let this plaque serve as a memorial to all those lost—a memory never to be forgotten.

The Master of Peace

The Master of Sun

Aurora, lover of Lucent

Amity, daughter of Squall

Shine, beloved mother

(The list goes on for a great many names.)","В 1327 г. ПИ зефириты понесли великую и страшную утрату: их Zephyr Sanctum было сорвано с небес. Пусть эта табличка станет памятником всем погибшим — памятью, которой не суждено померкнуть.

Master of Peace

Master of Sun

Аврора, возлюбленная Люсента

Эмити, дочь Скволла

Шайн, любимая мать

(Список продолжается ещё очень многими именами.)"
"In Dragon's End, gain 10 seconds of might when entering and exiting combat. 1%% increase to health, kill experience, and outgoing damage.

Each stack of this effect will grant access to a bonus chest at the end of the Dragon's End's meta-event.","В локации «Dragon's End» при входе и выходе из боя получайте 10 секунд мощи. 1%% увеличение к здоровью, опыту за убийство и наносимому урону.

Каждый стак этого эффекта позволит получить доступ к дополнительному сундуку в конце мета-события «Конец Дракона»."
"In Dragon's End, gain 10 seconds of might, fury, and swiftness when entering and exiting combat. 6%% increase to health, kill experience, and outgoing damage.

Each stack of this effect will grant access to a bonus chest at the end of the Dragon's End's meta-event.","В локации «Dragon's End» при входе и выходе из боя получайте 10 секунд мощи, ярости и быстроты. Также увеличивается на 6%% здоровье, опыт за убийства и исходящий урон.

Каждый стак этого эффекта позволит получить доступ к дополнительному сундуку в конце мета-события «Конец Дракона»."
"In Dragon's End, gain 10 seconds of might, fury, swiftness, and regeneration when entering and exiting combat. 7%% increase to health, kill experience, and outgoing damage.

Each stack of this effect will grant access to a bonus chest at the end of the Dragon's End's meta-event.","В локации «Dragon's End» при входе и выходе из боя получайте 10 секунд мощи, ярости, быстроты и регенерации. Также увеличивается на 7%% здоровье, опыт за убийства и исходящий урон.

Каждый стак этого эффекта позволит получить доступ к дополнительному сундуку в конце мета-события «Конец Дракона»."
"In Dragon's End, gain 10 seconds of might, fury, swiftness, and regeneration when entering and exiting combat. 9%% increase to health, kill experience, and outgoing damage.

Each stack of this effect will grant access to a bonus chest at the end of the Dragon's End's meta-event.","В локации «Dragon's End» при входе и выходе из боя получайте 10 секунд эффектов: мощь, ярость, быстрота и регенерация. Также увеличивается на 9%% максимальное здоровье, количество получаемого опыта за убийство и исходящий урон.

Каждый стак этого эффекта позволит получить доступ к дополнительному сундуку в конце мета-события «Конец Дракона»."
"In Dragon's End, gain 10 seconds of might, fury, swiftness, regeneration, and protection when entering and exiting combat. 20%% increase to health and outgoing damage. 10%% increase to kill experience.

Each stack of this effect will grant access to a bonus chest at the end of the Dragon's End's meta-event.","В локации «Dragon's End» при входе и выходе из боя получайте 10 секунд мощи, ярости, быстроты, регенерации и протекции. Увеличение здоровья и исходящего урона на 20%%. Увеличение опыта за убийство на 10%%.

Каждый стак этого эффекта позволит получить доступ к дополнительному сундуку в конце мета-события «Конец Дракона»."
"In these troubled times, it's good to know there are brave individuals who selflessly rally to the aid of others. You are a true hero of the people. 

I pray that Dwayna watch over you in your travels and protect you from harm. 

—Farmer Nel","В эти тревожные времена отрадно знать, что есть смельчаки, что бескорыстно спешат на помощь другим. Ты — настоящий герой для простого люда.

Молюсь, чтобы Двайна хранила тебя в пути и берегла от беды.

—Farmer Nel"
"In which a rebellious village goes up in flames.,
'<c=@flavor>—Walk in cadence with King Thorn''s shattered subjects. They keep their hatred deep within. (Site #10)</c>'","В коей мятежная деревня обращается в пламя.
<c=@flavor>—Идите в ногу с разбитыми подданными короля Терна. Они глубоко хранят свою ненависть. (Место №10)</c>"""
"Inner Harbor:
Find a shelf below the garden island.","Inner Harbor:
Найдите полку под садовым островом."
"Invoke the power of ancient fire to tear your foes asunder with searing flames.  
  
INGREDIENTS:  
—Flame of the First Inferno  
—Bones of the Eldest Mountain  
—Collection of Last Breaths","Призовите силу древнего огня, чтобы разорвать врагов в клочья обжигающим пламенем.  
  
ИНГРЕДИЕНТЫ:  
—Пламя Первой Преисподней  
—Кости Древнейшей Горы  
—Собрание Последних Вздохов"
"Isgarren,   
   
While Sorrow and I are headed to Orr and others are still below, I decided that you needed a new companion. I'm calling her Mingoo.   
   
Don't fret; Dagda crafted her from the very essence of the cosmos. She only needs to be fed once a century.   
   
—V","Исгаррен,   
   
Пока мы с Скорбью направляемся в Орр, а другие всё ещё внизу, я решил, что тебе нужен новый компаньон. Я называю её Мингу.   
   
Не волнуйся; Дагда создала её из самой сути космоса. Её нужно кормить только раз в столетие.   
   
— В"
"It is my sad duty to inform you that, despite your heroic actions during the recent defense of Smokestead, your warband was overwhelmed and suffered catastrophic losses to personnel. Therefore, I am ordering you back to the Black Citadel immediately to discuss your next assignment. 
—Tribune Bhuer Goreblade","С грустью сообщаю, что, несмотря на ваши героические действия во время недавней обороны Смоукстеда, ваш отряд был разбит и понёс катастрофические потери личного состава. Поэтому я приказываю вам немедленно вернуться в Black Citadel для обсуждения вашего следующего задания. 
—Трибун Бхер Горбоклинок"
"It's not easy rearing devourers out here in the wild, but you make it look about as hard as taking a nap. We're ahead of our quota for once. Thanks for your help.

—Braxa Scalehunter","Непросто разводить пожирателей здесь, в дикой местности, но вы делаете это так же легко, как вздремнуть. Мы впервые опережаем план. Спасибо за вашу помощь.

— Braxa Scalehunter"
"Item can only be spent at a World vs. World claimable objective.
Travel to a World vs. World map to use.","Предмет можно потратить только на захватываемом объекте в «World vs. World».
Чтобы использовать, отправляйтесь на карту «World vs. World»."
Jäger-Hochebene,Плато Егера
"Kaijun knelt before the bodies. The ritual was complete; everyone that had once done her harm met a potent, venomous death. She placed the knife on the ground and closed her eyes. For the first time since the incident so many years ago, she smiled. She smiled for the life she'd once lived, the souls she once aided. But that woman was gone, snuffed out by years of torture and cruelty.

When she arose from the floor, she was swallowed by the stars. She took her place in the land of the Celestials quickly. Silently.","Кайджун преклонила колени перед телами. Ритуал был завершён; каждый, кто когда-либо причинил ей вред, встретил быструю ядовитую смерть. Она положила нож на землю и закрыла глаза. Впервые за долгие годы после того происшествия она улыбнулась. Она улыбнулась жизни, которой когда-то жила, душам, которым помогала. Но та девушка исчезла, поглощённая годами пыток и жестокости.

Когда она поднялась с пола, её поглотили звёзды. Она быстро и бесшумно заняла своё место в земле Небесных."
"Knut writes with dire news of the north, and our latest arrivals only spell misery for what may be afoot at Saldistead. Fear lingers in their eyes, but none wish to speak of what's happened. They barely speak at all. Children without parents. Wolves scared and shaking. Ragna is too burdened with a great, unknowable sadness to rise and speak with them, and I fear that as a former priestess of Wolf she's the only one capable. For now, they linger at our fires and eat our food. Knut will send rations when he's able, but we're all uncomfortable. My wife is miserable.    
  
Sejm tells me that Wurm calls us north; I have not heard this call. I haven't heard Wurm since the snow was deep enough to cover my boots. As soon as the refugees have settled, I expect we'll be traveling before spring after all. I fear what we may find.","Кнут пишет о тревожных новостях с севера, и наши последние прибывшие не сулят ничего хорошего тому, что может твориться у Салдистеда. Страх застыл в их глазах, но никто не хочет говорить о случившемся. Они вообще едва разговаривают. Дети без родителей. Волки, напуганные и дрожащие. Рагна слишком отягощена великой, непознаваемой печалью, чтобы подняться и поговорить с ними, и я боюсь, что как бывшая жрица Волка она единственная, кто на это способен. Пока они греются у наших костров и едят нашу еду. Кнут пришлёт припасы, когда сможет, но всем нам не по себе. Моя жена несчастна.    
  
Сейм говорит мне, что Змей зовёт на север; я не слышал этого зова. Я не слышал Змея с тех пор, как снег был достаточно глубоким, чтобы покрыть мои сапоги. Как только беженцы устроятся, я ожидаю, что мы всё же отправимся в путь до весны. Боюсь, что мы можем найти."
"Komalie very well may fall, and if it does, so will Bava Nisos. They will come for us.  
  
Half of our ranks are ill or enraged by the poison's curse now, even those we thought tolerant. Every day since Otho returned with the gate, its otherworldly energies have penetrated every corner and every mind. The dead nearly outnumber the living.  
  
All of our children, the gildless—they're all gone. All of them. Gone.  
  
And then there's Manikaz. He, in absolute desperation, has turned into a being of pure bloodlust. He is now done with the city of Gavril—the White Mantle surrendered all of them to us. And now he turns to them, our devout. All blood for the stone, even though that effort feels far from useful. The gate does not want to be opened, and the keystone is plump from the feast.","Комали вполне может пасть, а если падет она, то падет и Bava Nisos. Они придут за нами.

Половина наших рядов сейчас больна или в ярости от проклятия яда, даже те, кого мы считали стойкими. Каждый день с тех пор, как Ото вернулся с вратами, их потусторонние энергии проникают в каждый угол и каждый разум. Мёртвых почти больше, чем живых.

Все наши дети, безгильдейные — их больше нет. Всех. Нет.

А затем есть Маниказ. Он, в полном отчаянии, превратился в существо чистой жажды крови. Теперь он покончил с городом Гаврил — Белый Плащ сдал их всех нам. И теперь он обращается к ним, нашим верующим. Вся кровь для камня, хотя это кажется далеко не полезным. Врата не хотят открываться, а краеугольный камень разбух от пира."
Kraftrausch,Ярость ремесленника
"Launch a siege attack that explodes on impact, damaging and burning foes.

Turtle movement accelerates siege ammo acquisition.","Запустить осадную атаку, взрывающуюся при ударе, нанося урон и поджигая врагов.

Движение черепахи ускоряет получение осадных боеприпасов."
"Leaf on water,  
She escapes me.  
The arrow points,  
Dull and insecure.  
Whispers shared  
Are slowly forgotten.  
Her spear  
Stands where she once stood.","Лист на воде,  
Она ускользает от меня.  
Стрела указывает,  
Тупая и неуверенная.  
Шёпот, разделённый  
Медленно забывается.  
Её копьё  
Стоит там, где она когда-то стояла."
Leben am Rande,Жизнь на грани
Leones desenfrenados 2,Необузданные леоны 2
"Let out a wild roar, knocking back enemies, healing allies, giving allies fury, and summoning spirit wolves.
Skill cooldown is decreased by hitting enemies with claw attacks.","Издайте дикий рёв, отбрасывая врагов, исцеляя союзников, даруя союзникам ярость и призывая духовных волков.
Время восстановления навыка уменьшается при попадании по врагам атаками когтями."
Leyenda exaltada,Возвышенная легенда
"Listen to all of the exchanges between Aurene and Soo-Won in Dragon's End. 

Only one exchange can be heard for each time the Battle for the Jade Sea meta-event is completed.","Послушайте все реплики Аурене и Су-Вон в «Конце Дракона».

За время прохождения мета-события «Битва за Нефритовое море» можно услышать только одну реплику."
"Luka Tomasdottir

Be quiet.

Please.

Stop.

You don't listen to me anymore. It's like I'm talking to a wall. Words won't do. I've screamed at you for so long that I have no voice. There are no more words. I will never speak again. So I write, hoping you will read these words and leave me alone.

Day after day you speak to me. At first, I thought you were Aiding Thunder. Even when the kodan outside the village said he was gone.

Actually, no—they only said his voice wasn't his own. I thought maybe he was still out there. I thought the warriors of Still Waters Speaking had rashly exiled one of their own in an act of paranoid delusion. Surely the same kodan I met in Frostgorge Sound, the kodan I shared stories with by the fire in Safewatch Vale, could not have turned to madness so easily.

So I followed the voice. His voice. I followed it west, across the lake where Svanir was turned.

The voice asked me if I wanted to see Aiding Thunder again. Asked me if I wanted to learn the secrets of the kodan.

I said yes. Raven's eyes, I said yes. I didn't even stop to ask why Aiding Thunder's voice would ask such things of me. I didn't stop to think.

Aiding Thunder emerged from the passage leading down into the frozen lake. He told me to follow him, and we journeyed through the valley unhindered. The creatures that had nipped at my heels not hours before were now granting safe passage. I thought that was strange, to be sure, but I paid it no mind. Perhaps they feared the mighty kodan that was guiding me. Perhaps they had just feasted on some other unfortunate creature, and I was spared simply by a lack of appetite.

The kodan took me to these ruins and told me everything I'd ever wanted to know. Not just about the kodan, but about every race in Tyria. The Mists. All that was past, and all that is present. I had asked for knowledge, and I received it. I received so much that I was forced to stop writing as my hands bled.

But the voice continued to speak. I looked up and Aiding Thunder was gone. The voice remained. The voice began to change. It was no longer Aiding Thunder's.

It was yours.

Jormag. I beg of you. Stop whispering to me.

I can listen no longer.","Лука Томасдоттир

Замолчи.

Пожалуйста.

Прекрати.

Ты больше меня не слушаешь. Как будто я говорю со стеной. Слова не помогают. Я так долго кричала на тебя, что потеряла голос. Больше нет слов. Я больше никогда не заговорю. Поэтому я пишу, надеясь, что ты прочитаешь эти слова и оставишь меня в покое.

День за днём ты говоришь со мной. Сначала я думала, что ты — Помогающий Гром. Даже когда кодан за пределами деревни сказал, что его не стало.

На самом деле нет — они лишь сказали, что его голос не был его собственным. Я подумала, может, он всё ещё там. Я думала, что воины Говорящих Тихих Вод опрометчиво изгнали одного из своих в приступе параноидального бреда. Неужели тот же кодан, которого я встретила в Frostgorge Sound, кодан, с которым я делилась историями у костра в Долине Безопасной Стражи, мог так легко впасть в безумие?

И я последовала за голосом. Его голосом. Я последовала на запад, через озеро, где обратился Сванир.

Голос спросил меня, хочу ли я снова увидеть Помогающего Грома. Спросил, хочу ли я узнать секреты кодана.

Я сказала «да». Глаза Ворона, я сказала «да». Я даже не остановилась спросить, почему голос Помогающего Грома просит меня о таком. Я не остановилась подумать.

Помогающий Гром вышёл из прохода, ведущего вниз, к замёрзшему озеру. Он велел мне следовать за ним, и мы беспрепятственно прошли через долину. Существа, которые кусали меня за пятки всего несколько часов назад, теперь давали безопасный проход. Я подумала, что это странно, конечно, но не придала значения. Возможно, они боялись могучего кодана, который вёл меня. Возможно, они только что полакомились каким-то другим несчастным существом, и меня пощадили просто из-за отсутствия аппетита.

Кодан привёл меня к этим руинам и рассказал всё, что я когда-либо хотела знать. Не только о кодане, но и о каждой расе в Тирии. О Тумане. Всё, что было в прошлом, и всё, что есть в настоящем. Я просила знаний, и я их получила. Я получила так много, что была вынуждена прекратить писать, когда мои руки начали кровоточить.

Но голос продолжал говорить. Я подняла взгляд, и Помогающий Гром исчез. Голос остался. Голос начал меняться. Он больше не был голосом Помогающего Грома.

Он стал твоим.

Йормаг. Я умоляю тебя. Перестань шептать мне.

Я больше не могу слушать."
"Mabon came with me to the fractal today. I can't be here alone. It brings up...so many bad memories. Of my friends, but also the...blood. I feel sick.  

Apparently they don't know what the purpose of this fractal was. Waiting Sorrow made it before she fled the court. Dagda doesn't know, even though she was Waiting Sorrow's apprentice.  

I'm just glad I can see the fractal of Kaineng right on the horizon. A reminder that this isn't the real thing...","Сегодня Мабон пошёл со мной во фрактал. Я не могу быть здесь один. Это вызывает... так много плохих воспоминаний. О моих друзьях, но также и... крови. Меня тошнит.  

Похоже, они не знают, какова была цель этого фрактала. Скорбящая Ожидание создала его, прежде чем сбежать из двора. Дагда не знает, хотя она была ученицей Скорбящей Ожидания.  

Я просто рад, что вижу фрактал Кайнинга прямо на горизонте. Напоминание, что это не настоящее..."
Mad Mardine,Mad Mardine
"Madam Joon:
  
Our independent investigation did not contradict the findings of the Ministry of Security. I must apologize again for my failure to detain the outsiders earlier—they were stronger than I anticipated.
 
I've turned my attention to the containment efforts in Jade Sea, and I've made my own alliances with outsiders as a result. I just ask that you be careful—they've played us before.
 
—Captain Fa","Мадам Джун:
  
Наше независимое расследование не противоречило выводам Министерства безопасности. Я должен снова извиниться за то, что не смог задержать чужаков ранее — они оказались сильнее, чем я предполагал.
 
Я переключил своё внимание на сдерживание в Нефритовом море и в результате заключил собственные союзы с чужаками. Я лишь прошу вас быть осторожными — они уже обманывали нас раньше.
 
— Капитан Фа"
"Made by combining these items in the Mystic Forge:
• 1 Gift of Energy
• 1 Gift of Color
• 100 Icy Runestones
• 1 Superior Sigil of Nullification","Создаётся соединением этих предметов в Mystic Forge:
• 1 Gift of Energy
• 1 Gift of Color
• 100 Icy Runestones
• 1 Superior Sigil of Nullification"
"Made by combining these items in the Mystic Forge:
• 1 Gift of Energy
• 1 Gift of Music
• 100 Icy Runestones
• 1 Superior Sigil of Energy","Создаётся соединением этих предметов в Mystic Forge:
• 1 Gift of Energy
• 1 Gift of Music
• 100 Icy Runestones
• 1 Superior Sigil of Energy"
"Made by combining these items in the Mystic Forge:
• 1 Gift of Energy
• 1 Gift of Weather
• 100 Icy Runestones
• 1 Superior Sigil of Air","Создаётся соединением этих предметов в Mystic Forge:
• 1 Gift of Energy
• 1 Gift of Weather
• 100 Icy Runestones
• 1 Superior Sigil of Air"
"Made by combining these items in the Mystic Forge:
• 1 Gift of Metal
• 1 Gift of Ice
• 100 Icy Runestones
• 1 Superior Sigil of Ice","Создаётся соединением этих предметов в Mystic Forge:
• 1 Gift of Metal
• 1 Gift of Ice
• 100 Icy Runestones
• 1 Superior Sigil of Ice"
"Made by combining these items in the Mystic Forge:
• 77 Mystic Clovers
• 250 Globs of Ectoplasm
• 1 Gift of Might
• 1 Gift of Magic","Создаётся соединением этих предметов в Mystic Forge:
• 77 Mystic Clovers
• 250 Globs of Ectoplasm
• 1 Gift of Might
• 1 Gift of Magic"
"Manifest flames that damage enemies on an interval.<br>
<c=@reminder>Activating this ability destroys other active <c=@abilitytype>Willbender Flames</c> effects.","Создать пламя, наносящее урон врагам с интервалом.<br>
<c=@reminder>Активация этой способности уничтожает другие активные эффекты <c=@abilitytype>Пламени Правоведа</c>."
"Manikaz has fully turned his attention to the keystone now. A pup, staring with longing eyes at a raw bone. I've asked him to pivot his efforts to revitalizing it, hopeful that it may be powerful enough to open the gate, and he has taken the challenge gladly.  
  
He has found renewed passion, or encouragement, and perhaps I was too critical when he asked to leave the human village intact. To allow them to thrive and dwell so close to our monument of victory felt wrong, but I can admit my mistake. The village will serve as a farm now, blood to be cast upon the new stone. And ever since that man arrived—Saul, with those proud, oblivious eyes—he's commanded his followers to hand us offerings as one may leave food at the altar of their god. We are their gods, and their devotion is sweet.  
  
Fully powered, the keystone may allow us to open the gate—which has proven stubborn at best. We feed the stone what we can, and thus the gate, and yet it refuses to budge. As is the way of ancient magics, which are particular in their needs.  
  
And yet, we've no choice but to continue. If this works, we can forgo the promise of prophecy.","Маниказ теперь полностью сосредоточился на ключевом камне. Щенок, с вожделением глядящий на сырую кость. Я попросил его направить усилия на его оживление, надеясь, что он станет достаточно сильным, чтобы открыть врата, и он с радостью принял вызов.

Он обрёл новую страсть или воодушевление, и, возможно, я был слишком строг, когда он просил оставить человеческую деревню нетронутой. Позволить им процветать и жить так близко к нашему памятнику победы казалось неправильным, но я могу признать свою ошибку. Теперь деревня будет служить фермой, кровью для нового камня. И с тех пор как прибыл тот человек — Саул, с его гордыми, невидящими глазами, — он приказал своим последователям приносить нам дары, как оставляют еду у алтаря своего бога. Мы их боги, и их преданность сладка.

Полностью заряженный ключевой камень может позволить нам открыть врата, которые до сих пор упорно не поддавались. Мы питаем камень тем, что можем, а значит, и врата, но они отказываются сдвигаться. Такова природа древней магии, которая привередлива в своих потребностях.

И всё же у нас нет выбора, кроме как продолжать. Если это сработает, мы сможем отказаться от обещания пророчества."
"Many, many thanks for taking a stand against the grawl menace. Only the vigilance of brave adventurers like you that makes survival in this area possible. 

—Etta","Огромное-преогромное спасибо за то, что выступили против угрозы граулов. Только бдительность таких отважных искателей приключений, как вы, делает выживание в этом районе возможным.

— Этта"
"Map Completion Medal
%num1%%% completed map progress with a single character.","Медаль за завершение карты
%num1%%% завершил(а) прогресс карты одним персонажем."
Marea helada,Ледяное прилив
"May the Kormir show you her truth, %str1%. Her humble servants could not have helped as many in as little time without you.

If you can find it in your heart, we return here each day and will continue to need assistance.

—Priestess Karima","Да покажет тебе Кормир свою истину, %str1%. Её смиренные слуги не смогли бы помочь стольким за столь короткое время без тебя.

Если ты найдёшь в себе силы, мы возвращаемся сюда каждый день и будем продолжать нуждаться в помощи.

—Priestess Karima"
Medidas desesperadas,Отчаянные меры
"Mine %num2% ore with a mining pick from resource nodes in Dredgehaunt Cliffs, Harathi Hinterlands, or Blazeridge Steppes.

<c=@reminder>Resource nodes are clumps of ore, saplings, and plants that can be gathered using gathering tools. Nodes can be found by exploring the world.</c>","Добывайте %num2% руду с помощью кирки на ресурсных точках в Dredgehaunt Cliffs, Харатийских Загорьях или Равнинах Блейзерридж.

<c=@reminder>Ресурсные точки — это скопления руды, саженцы и растения, которые можно собирать с помощью инструментов для сбора ресурсов. Точки можно найти, исследуя мир.</c>"
"Mini ""Weißer Kuckuck""-Junges[pl:""Junge""]",Миниатюрный птенец «Белый Кукушка»[птенец|птенцы|птенята]
Monde contre Monde (McM),Мир против Мира (МпМ)
Monter d'une octave,Подняться на октаву
"More detailed examinations made of the key structures today. The style shares similarities with the few other seer examples we have, but while those showed evidence of integration with other early Tyrian cultures, the designs here are truly unique. It'll take time to ascertain their precise age, but it looks like these really do predate everything else we've found before.  
 
And yet, they appear even more complex and detailed than the structures that came later. This suggests a decline in craftsmanship, but why? Possible theories: 
 
1. The mainland examples represent a divergent group of seers who broke off and lived separately and thus developed a different culture.  
  
2. The mainland examples we've found were from a remnant of the overall culture that survived for an undetermined period after the destruction of their civilization.  
  
3. The mainland examples are really just evidence of non-seers adapting the ruins for their own purposes.  
  
Further study will be needed to determine which of these hypotheses is most likely.","Сегодня проведены более подробные обследования ключевых сооружений. Стиль имеет сходство с теми немногими другими образцами Провидцев, что у нас есть, но, тогда как те обнаруживали признаки слияния с иными ранними тирийскими культурами, здешние узоры воистину уникальны. Установить их точный возраст потребует времени, но, похоже, они и вправду древнее всего прочего, что мы находили прежде.

И всё же они выглядят даже сложнее и детальнее сооружений, что появились позже. Это наводит на мысль об упадке мастерства — но почему? Возможные теории:

1. Материковые образцы принадлежат отколовшейся группе Провидцев, что жила отдельно и потому развила иную культуру.

2. Найденные нами материковые образцы — от остатка общей культуры, что уцелел неопределённый срок после гибели их цивилизации.

3. Материковые образцы на деле лишь свидетельство того, что не-Провидцы приспосабливали руины для своих нужд.

Потребуется дальнейшее изучение, чтобы определить, какая из этих гипотез наиболее вероятна."
"Most upgrades require large quantities of materials and other items. Before these items can be used for upgrades, they must be donated to the guild's treasury. To donate an item, open the treasury interface by speaking with a treasurer at your guild hall or at the Guild Initiative Headquarters. Only items needed by your guild to purchase available upgrades will be shown for you to donate. Drag them to your contribution and click ""Confirm"" to finalize the donation. Note that once an item is donated, it cannot be taken back or used for any purpose other than purchasing upgrades.

For your convenience, the treasury interface is also available from the upgrade-purchase window at the various guild proprietors.","Большинство улучшений требуют больших количеств материалов и прочих предметов. Прежде чем эти предметы можно будет использовать для улучшений, их нужно пожертвовать в сокровищницу гильдии. Чтобы пожертвовать предмет, откройте интерфейс сокровищницы, поговорив с казначеем в зале гильдии или в Штабе Гильдейской Инициативы. Для пожертвования будут показаны лишь те предметы, что нужны вашей гильдии для покупки доступных улучшений. Перетащите их в свой вклад и нажмите «Подтвердить», чтобы завершить пожертвование. Учтите, что после пожертвования предмет нельзя забрать обратно или использовать для какой-либо иной цели, кроме покупки улучшений.

Для вашего удобства интерфейс сокровищницы также доступен из окна покупки улучшений у различных гильдейских торговцев."
Munitions pour fusil d'assassin,Патроны для винтовки убийцы
"My Queen,  

The watchknights are ready for your reveal during the Jubilee at the Crown Pavilion. It was an honor working with you to design the capstone of our people, the ultimate protectors of our city. Our culture.  

The watchknight being used in today's demonstration has been specifically calibrated with the information provided by Lady Anise—the request may have been a little last minute, but I made sure that the machine is functioning as intended. I will be away during the event tending to family in Beetletun, but the rest of the Royal Engineers Corps will be in service.  

Your grandmother would be so proud.  

May the Queen's light carve us a path,
Siroa Hawthorn, Lead Royal Engineer","Моя королева,

Часовые рыцари готовы к вашему представлению на Юбилее в Коронном Павильоне. Было честью работать с вами над созданием венца нашего народа — совершенных защитников нашего города. Нашей культуры.

Часовой рыцарь, задействованный в сегодняшней демонстрации, откалиброван особым образом по сведениям, предоставленным леди Анис, — просьба была подана несколько в последний момент, но я убедилась, что машина работает как задумано. Во время торжества я буду в отъезде, у родни в Битлтуне, но остальной Корпус королевских инженеров будет на службе.

Ваша бабушка гордилась бы вами.

Да проложит нам путь свет королевы,
Сироа Хоторн, ведущий королевский инженер"
"My esteemed and devoted Priest Elkan,

I'm at my wit's end. If life as the old mentor monk means putting up with young Panco one day longer, forget it! He stinks, overeats, only pretends to pray, and yesterday made fun of my eyebrows because they meet in the middle. I was explaining my theory of what might exist beneath the Harvest Temple, when he slapped me on the forehead and said, ""Sorry, my mistake. I thought your eyebrow was a giant, hairy caterpillar.""

Honestly, THIS is the next generation of monk that's supposed to guide us through the dark years ahead?

Please, for the love of the gods, send better candidates! Ones who would be genuinely interested in hearing that, based on my reading, I believe ley lines intersect deep beneath the Harvest Temple, making it a truly magical place! And possibly why it's been the center of so much destruction in the past, with the Jade Wind, the Affliction, the Void...

...And, dare I say it, Panco!

Seriously, please help.

Your humble servant,
Mulof","Мой уважаемый и преданный священник Элкан,

Я на пределе. Если жизнь старого монаха-наставника означает терпеть юного Панко ещё хоть день, забудьте! Он воняет, переедает, только притворяется, что молится, а вчера насмехался над моими бровями, потому что они срастаются на переносице. Я объяснял свою теорию о том, что может существовать под Храмовым Урожаем, как он хлопнул меня по лбу и сказал: «Извините, моя ошибка. Я принял вашу бровь за гигантскую волосатую гусеницу».

Честно говоря, ЭТО следующее поколение монахов, которое должно вести нас через грядущие тёмные годы?

Пожалуйста, ради любви к богам, пришлите лучших кандидатов! Таких, которые были бы искренне заинтересованы в том, чтобы услышать, что, основываясь на моих чтениях, я считаю, что лей-линии пересекаются глубоко под Храмовым Урожаем, делая это место поистине магическим! И, возможно, поэтому оно было центром стольких разрушений в прошлом: Нефритовый Ветер, Болезнь, Пустота...

...И, осмелюсь сказать, Панко!

Серьёзно, пожалуйста, помогите.

Ваш покорный слуга,
Мулоф"
"My friend, though I am unreservedly in your gratitude and couldn't let your heroic rescue remain unrecognized, I would appreciate your discretion regarding my involvement in this unpleasant affair.

I thank you from the bottom of my heart, but please, let us never speak of this again.

—Lord Faren","Друг мой, хотя я безоговорочно тебе благодарен и не мог оставить твоё геройское спасение без признания, я был бы признателен за твою сдержанность в том, что касается моего участия в этом неприятном деле.

Благодарю от всего сердца, но прошу — давай никогда больше об этом не вспоминать.

—Lord Faren"
"My friends would not follow me to my new observation point high among waterfalls—not for fear of water, but for fear of the door I'm observing.  
  
It's unclear what occurs here. Loyalist enforcers patrol the area. Other Kryptis cower in fear, but they are never harmed. At times, they are invited inside the nearby structure. The door looks no less inviting (and decidedly less fleshy) than others in this forsaken land, but perhaps it is beyond my Tyrian eyes to discern the subtleties of Nayosian architectural style.  
  
I will attempt to question my rotund friends to see if I can glean any more clues from their chittering.  
  
—Operative Selly","Мои друзья не пошли за мной к новой наблюдательной точке высоко среди водопадов — не из страха перед водой, а из страха перед дверью, за которой я наблюдаю.

Неясно, что здесь происходит. Округу патрулируют каратели-лоялисты. Прочие криптис жмутся от страха, но их никогда не трогают. Порой их приглашают внутрь ближайшего строения. Дверь выглядит ничуть не более манящей (и заметно менее мясистой), чем прочие в этом забытом краю, но, возможно, моим тирийским глазам не постичь тонкостей найосского зодчества.

Попробую расспросить своих округлых приятелей — вдруг из их щебета выйдёт выудить ещё какие-то зацепки.

—Оперативница Селли"
"My mom said that you had to burn our crops to kill bugs and that you saved us. My friends and I made cakes and tea to celebrate and we saved you one. It's kind of imaginary because we didn't have any flour, but if you close your eyes it tastes delicious!

Thank you,
Debbie

P.S. Mom says that mail is expensive but that I can send you appreciation cakes anytime by giving them to Clanmarshal Sana. Check with her and get free cakes!","Мама сказала, что тебе пришлось сжечь наши посевы, чтобы убить жуков, и что ты нас спас. Мы с друзьями напекли пирогов и заварили чай, чтобы отпраздновать, и один пирог оставили тебе. Он вроде как воображаемый, потому что муки у нас не было, но если закрыть глаза — на вкус восхитительно!

Спасибо,
ДеббиР.

S. Мама говорит, что почта дорогая, но я могу присылать тебе благодарственные пироги в любое время, отдавая их клан-маршалу Сане. Загляни к ней и получи бесплатные пироги!"
"My troops are finally beginning to get the message that the end of one war doesn't mean you get to lay down your swords, nor should you start flailing them around at the first thing that growls. Whether they know it yet or not, they're preparing for an even bigger battle, possibly the biggest in the history of our people. If you're going to stare down a dragon, you'd better have a few allies at your back. We need people like you to join in the fight. Whatever path you're on, I hope you see how important it is that we all unite.

—Legionnaire Crunchbone","Мои бойцы наконец начинают понимать, что конец одной войны не значит, что можно сложить мечи, — и не значит, что надо махать ими на первое же, что зарычит. Знают они это или нет, они готовятся к куда большей битве, возможно, величайшей в истории нашего народа. Если собираешься смотреть в глаза дракону, лучше иметь за спиной пару союзников. Нам нужны такие, как ты. Каким бы путём ты ни шёл, надеюсь, ты понимаешь, как важно всем нам объединиться.

—Легионер Хрусткость"
"Nebo Terrace is a much happier place thanks to your influence. Rescuing those Seraph from the Bloodfields has spared many families great sorrow. You're an inspiring individual. Thank you for your help.

—Field Medic Leius","Nebo Terrace стала гораздо более радостным местом благодаря вашему влиянию. Спасение тех Серафимов с Кровавых Полей избавило многие семьи от большого горя. Вы вдохновляющий человек. Спасибо за вашу помощь.

—Полевой медик Лей"
"New orders, Crusader: we've got grawl worshipping a dragon minion north of Hoelbrak, and they have to stop. I don't care what random thing those primates pray to, but they're making our mutual enemy stronger. One of their so-called shamans recently left the tribe, so we'll start with him. Meet me at the included coordinates and we'll see what this ""shaman"" has to say. I'll be waiting.
—Warmaster Forgal Kernsson","Новые приказы, Крестоносец: у нас есть граулы, поклоняющиеся драконьему миньону к северу от Хоэлбрака, и они должны прекратить. Мне всё равно, чему эти приматы молятся, но они делают нашего общего врага сильнее. Один из их так называемых шаманов недавно покинул племя, так что начнём с него. Встреть меня по указанным координатам, и мы посмотрим, что скажет этот «шаман». Я буду ждать.
—Военачальник Forgal Kernsson"
Niemand,Никто
"Normalerweise erhältlich bei Lorbeer-Kaufleuten, Fraktal-Händlern, Beherrschungshändlern und Quartiermeistern in ganz Tyria.","Обычно доступно у торговцев лавром, торговцев фракталами, торговцев мастерством и квартирмейстеров по всей Тирии."
"Nothing is sweeter than imparting vengeance on an enemy. I'm grateful for your assistance. 

The bandits got what they deserved. 

—Waldo Flood","Нет ничего слаще, чем отомстить врагу. Я благодарен за вашу помощь. 

Бандиты получили по заслугам. 

— Waldo Flood"
"Now here is what I don't understand: why would anybody want to collect a living thing?

Living things NEED. Living things WANT. Living things REQUIRE. They ask for food. They make a mess. They are writhing, squirming things that don't serve any purpose beyond that which they make for themselves.

Qadim keeps referring to the skritt that work in the forge as my ""collection,"" but I despise the word. I do not own these creatures—I employ them! They are here of their own volition, some refugees from the destruction of Lion's Arch, some mere travelers referred here by others no longer in my employ.

Skritt are, naturally, smarter in large groups, so I have been fortunate that they find collective value in working within the forge. The knowledge they gain here is of tremendous use to their scratches, as the Mystic Forge is in many ways a receptacle for items found all over the world. No matter where they come from, they will one day find their way down here.

But even though they dot the landscape of my domain, they are not here for display. They work, and they work hard! The mountains of sorted items parsed from those dropped in by the world above are a testament to their fastidiousness, and I would truly be at a loss without their help. Qadim, on the other hand, views living creatures as curiosities—things to be placed in a glass case and shown to passersby.

Speaking of which, I have no idea to whom he's showing off his menagerie. Is there some djinn cabal I'm unaware of that takes pleasure in the collective suffering of living things? More likely that wretched fire djinn is simply imprisoning these creatures for his own amusement.

The items I collect have historical relevance and value. Qadim's collection will grow old and die, yet mine will live forever.

Well, I suppose that's not entirely true. Qadim's collection SHOULD be growing old and dying, but for some reason I cannot ascertain, it is not. The lifespans of his little subjects seem to have been altered, perhaps due to the strange nature of time within his domain, perhaps through some other magical influence. I've no idea. What I DO know is that for his captives, dying of old age is not the escape it used to be.","Вот чего я не понимаю: за кому вообще может захотеться коллекционировать живое существо?

Живые существа НУЖДАЮТСЯ. Живые существа ХОТЯТ. Живые существа ТРЕБУЮТ. Они просят еду. Они устраивают беспорядок. Они извивающиеся, копошащиеся твари, которые не служат никакой цели, кроме той, что сами себе ставят.

Кадим постоянно называет скриттов, работающих в кузнице, моей «коллекцией», но я ненавижу это слово. Я не владею этими существами — я нанимаю их! Они здесь по своей воле: одни — беженцы после разрушения Львиного Архива, другие — просто путешественники, направленные сюда теми, кто уже не работает на меня.

Скритты, естественно, умнее в больших группах, так что мне повезло, что они находят коллективную ценность в работе в кузнице. Знания, которые они здесь получают, чрезвычайно полезны для их шаек, ведь Таинственная Кузница во многом является вместилищем предметов, найденных по всему миру. Откуда бы они ни пришли, однажды они окажутся здесь.

Но даже несмотря на то, что они усеивают ландшафт моих владений, они здесь не для показа. Они работают, и работают усердно! Горы рассортированных предметов, извлечённых из тех, что сбросили сверху, — свидетельство их тщательности, и я бы действительно растерялся без их помощи. Кадим же, напротив, считает живых существ диковинками — вещами, которые нужно поместить в стеклянный ящик и показывать прохожим.

Кстати, понятия не имею, кому он хвастается своим зверинцем. Существует ли какая-то кабала джиннов, о которой я не знаю, получающая удовольствие от коллективных страданий живых существ? Скорее всего, этот проклятый огненный джинн просто заключает этих существ в темницу ради собственного развлечения.

Предметы, которые я коллекционирую, имеют историческую ценность и значение. Коллекция Кадима состарится и умрёт, а моя будет жить вечно.

Что ж, полагаю, это не совсем так. Коллекция Кадима ДОЛЖНА стареть и умирать, но по какой-то причине, которую я не могу понять, этого не происходит. Сроки жизни его маленьких подопечных, похоже, изменились — возможно, из-за странной природы времени в его владениях, возможно, из-за какого-то другого магического влияния. Понятия не имею. Что я ЗНАЮ, так это то, что для его пленников смерть от старости больше не является тем избавлением, каким была раньше."
"Obtained by fighting enemies with the Essence of Resilience and picking up their essence, which grants might, health, and swiftness.

Build 30 stacks to gain increased magic find and 50%% damage reduction from conditions from enemies with the Essence of Valor for 30 minutes.","Получается в бою с врагами, обладающими «Сущностью стойкости», и при подборе их сущности, которая даёт мощь, здоровье и быстроту.

Накопите 30 стаков, чтобы получить повышенный шанс выпадения магических предметов и 50%% снижение урона от состояний, наносимых врагами с «Сущностью доблести», в течение 30 минут."
"Obtained by fighting enemies with the Essence of Valor and picking up their essence, which grants quickness and swiftness.

Build 30 stacks to gain increased magic find and bonus rewards, and gain a 30%% damage reduction from enemies with the Essence of Vigilance for 30 minutes.","Получается в бою с врагами, обладающими Сущностью Доблести, и при сборе их сущности, которая даёт эффект «Проворство» и «Быстрота».

Накопите 30 единиц эффекта, чтобы получить повышенный шанс выпадения магических предметов и дополнительные награды, а также на 30 минут уменьшить получаемый урон от врагов на 30%%, используя «Эссенцию бдительности»."
"Obtained by fighting enemies with the Essence of Vigilance and picking up their essence, which grants fury, endurance, and swiftness.

Build 30 stacks to gain a 33%% chance to steal life on critical hits to enemies with Essence of Resilience for 30 minutes.","Получается в бою с врагами, обладающими «Сущностью бдительности», и при подборе их сущности, которая даёт ярость, выносливость и быстроту.

Накопите 30 единиц, чтобы получить 33%% шанс красть жизнь при критических ударах по врагам с «Сущностью стойкости» в течение 30 минут."
"On this day, the mantle of leadership weighs heavy on my shoulders... For the benefit of those who count themselves our allies, yet do not speak the seer tongue, I am writing these journals in the common language of Tyria. Heed these words with prudence.  
  
One of our number, Isgarren, has revealed himself a danger to the sanctuary that our people have established here on Castora. The details of his crimes are not for this missive, but let it suffice here to say that a council of the wisest and eldest of our kind has met, and my proposal for sanctions upon him has been upheld.  
  
From this day forward, the seer Isgarren is to be exiled. The precise method for this punitive measure will be debated over the coming days.  
  
In the meantime, I have retired to my garden to think and to write these pages, which I shall leave behind to the judgment of those who come after. I am ensorcelling these scrolls with a simple but powerful spell that will preserve them for eons.","В этот день бремя лидерства тяжёло лежит на моих плечах... Ради тех, кто считает себя нашими союзниками, но не говорит на языке провидцев, я пишу эти дневники на общем языке Тирии. Внимайте этим словам с осторожностью.

Один из нас, Исгаррен, проявил себя как угроза убежищу, которое наш народ основал здесь, на Касторе. Подробности его преступлений не для этого письма, но достаточно сказать, что собрался совет самых мудрых и старейших из нашего рода, и моё предложение о санкциях против него было поддержано.

С этого дня провидец Исгаррен подлежит изгнанию. Точный метод этого наказания будет обсуждаться в ближайшие дни.

Тем временем я удалился в свой сад, чтобы размышлять и писать эти страницы, которые я оставлю на суд тех, кто придёт после. Я зачаровываю эти свитки простым, но мощным заклинанием, которое сохранит их на века."
"Once upon a time, there was a teeny-tiny village. The village was ruled by an evil sorcerer named Sumac. Sumac was a cruel and vile leader, and he ruled the little village from the safety of his cabin far in the woods—tucked out of sight. Shhhhh!

One day, a benevolent witch named Lychnis found herself in the village. She knew very well of Sumac's cruelty and thirst, but the villagers were ignorant. Happy, even. They danced in the town square, and the smells of freshly baked pies and bread lingered in the air. But it was only a matter of time before the streets were painted scarlet. She feared for the people of that little village.

Lychnis decided to take measures into her own hands. She reached out to the king of the land, pleading with him to aid her in defeating the cruel sorcerer of the forest. The king denied her call to action and sent the witch on her way.","Жили-были в одной крошечной деревушке. Деревней правил злой колдун по имени Сумах. Сумах был жестоким и подлым правителем, и он управлял маленькой деревней из безопасности своей хижины в глубине леса — спрятанной с глаз долой. Тсс!

Однажды в деревне оказалась добрая ведьма по имени Лихнис. Она хорошо знала о жестокости и жажде Сумаха, но жители были невежественны. Даже счастливы. Они танцевали на городской площади, и в воздухе витал запах свежеиспечённых пирогов и хлеба. Но это было лишь вопросом времени, когда улицы окрасятся в алый цвет. Она боялась за людей этой маленькой деревни.

Лихнис решила взять дело в свои руки. Она обратилась к королю этих земель, умоляя его помочь ей победить жестокого колдуна из леса. Король отказал ей в призыве к действию и отослал ведьму прочь."
"One of the lowlanders showed me to the local troll cave for an introduction between myself and the troll leader. Woken by Peace acted as my translator.  
  
I noticed a peculiar glow from the center of their cave; its iridescent shimmer immediately caught my eye. I didn't believe my initial instinct until I got closer and confirmed that instinct immediately. They'd somehow acquired a scale of Glint! I've seen one in person before—a gift to Isgarren from the crystal queen herself, though for what purpose he's never said.  
  
The one I found in the troll cave is encompassed by branches—perhaps it was here before they called this place home?","Один из низменников привёл меня к местной тролльей пещере для знакомства с вожаком троллей. Пробудившийся Миром выступил в роли переводчика.  
  
Я заметил странное свечение в центре их пещеры; его радужный отблеск сразу привлёк моё внимание. Я не поверил своему первоначальному чутью, пока не подошёл ближе и не подтвердил его сразу же. Каким-то образом они раздобыли чешую Глинт! Я видел такую раньше — подарок самой королевы кристаллов Исгаррену, хотя для какой цели, он так и не сказал.  
  
Та, что я нашёл в пещере троллей, оплетена ветвями — возможно, она была здесь ещё до того, как они назвали это место своим домом?"
"Open %num2% astral fluctuating masses.

(These can be purchased from Gharr Leadclaw in the Wizard's Tower. Requires Wayfinder Mastery.)","Открой %num2% астральных пульсирующих масс.

(Их можно приобрести у Гарра Клыка в Башне магов. Требуется навык «Мастер Путеводителя».)"
"Original Music Written (and soon to be performed!) by the Strand Band  
  
Each member of the band has made their own snippet of a song. We've recorded it below. Remember, the numbers correlate to the notes your trumpet can produce.  
  
Sander: 6 2 4 5 1  
  
Daisy: 2 4 7 5 3  
  
Gealan: 7 4 8 1 2  
  
We're always hanging out on the beach west of town. Come find us and...LET'S JAM!","Оригинальная музыка, написанная (и скоро исполняемая!) группой «Странд».
  
Каждый участник группы сочинил свою собственную часть песни. Мы записали её ниже. Помните, что цифры соответствуют нотам, которые может извлекать ваша труба.
  
Сандер: 6 2 4 5 1
  
Дейзи: 2 4 7 5 3
  
Геалан: 7 4 8 1 2
  
Мы всегда тусуемся на пляже к западу от города. Приходите, найдёте нас и… ПОИГРАЕМ ВМЕСТЕ!"
Oscuridad obligada,Принудительная темнота
"Otho's voyage to retrieve the keystone was successful. At least, what he was able to salvage of it.  
  
While Manikaz's efforts to open the gate and secure our escape from this prison have been fine, we now look to the keystone for answers... Hope, albeit subtle, builds in the city.","Путешествие Ото за ключевым камнем увенчалось успехом. По крайней мере, то, что ему удалось спасти.  
  
Хотя усилия Маниказа по открытию врат и обеспечению нашего побега из этой тюрьмы были хороши, теперь мы ищем ответы в ключевом камне... Надежда, хоть и едва заметная, растет в городе."
"Participate in %num2% event[s].

<c=@reminder>You can find events while exploring the world. Events in progress are marked by an orange circle on your map when you're nearby.</c>","Участвуй в %num2% [событии|событиях|событиях].

<c=@reminder>События можно найти, исследуя мир. Идющие события отмечены на карте оранжевым кружком, когда вы находитесь рядом.</c>"
"Peculiarities sighted in the quarry and waterways:  
  
- Leysprings of various sizes, including a particularly impressive one due south of the Temple of the Blessed Mantle.  
- Hydrothermal vents, implying a source of immense pressure beneath the quarry.    
- Impressive pipework spreading magic throughout the various seer structures.  
- Numerous sunken architectural components.    
- A variety of aquatic creatures that seem to be thriving despite the high concentration of magic in the water. Even my senses are challenged here.","Замеченные особенности в карьере и водоемах:
  
- Источники магии разных размеров, в частности, особенно впечатляющий к югу от Храма Благословенной Мантии.
- Гидротермальные жерла, указывающие на источник огромного давления под карьером.
- Впечатляющие трубопроводы, распространяющие магию по различным сооружениям провидцев.
- Многочисленные архитектурные компоненты, погруженные в воду.
- Разнообразие водных существ, которые, кажется, процветают, несмотря на высокую концентрацию магии в воде. Даже мои чувства здесь подвергаются испытанию."
"Penitent, embrace your punishment. Make manifest the guilt of your trespass. Through sacred self-castigation, the transgressive spirit may be reformed.  
  
In this place, pain is your tutor. It is your master. It is your delight. For there is no joy greater than the revelation of truths and the devotion of study.","Кающийся, прими свое наказание. Яви вину своего прегрешения. Через священное самоистязание дух прегрешения может быть исправлен.  
  
В этом месте боль — твой наставник. Она твой господин. Она твоя радость. Ибо нет большей радости, чем откровение истин и преданность учению."
Perchoir de volefroid,Perchoir de volefroid
"Preeda,

This is your final warning: stop.

You may think you fall into an invisible hierarchy that cannot be dethroned, but you are as mortal as I. If you do not stop interfering with our operations, we will be forced to act.","Прида,

Это моё последнее предупреждение: остановись.

Ты можешь думать, что принадлежишь к невидимой иерархии, которую нельзя свергнуть, но ты так же смертна, как и я. Если ты не прекратишь вмешиваться в наши операции, мы будем вынуждены действовать."
"Priory scholars have informed me of your triumph over the marionette that appeared near our monastery. The Durmand Priory owes you a debt once again, Commander—without your help, Scarlet Briar's monstrosity seemed impossible to confront.  Now it is beaten, and badly so—should it return, we have the means and knowledge to put a permanent end to it.

More importantly, we have pieced together data recovered from Scarlet's mechanical minions and made a remarkable discovery: the location of a concealed lair, hidden in the caves underneath the Priory itself.

A Priory dangerous artifacts investigation and containment team is being assembled as you read this, but in light of your seniority and field expertise, I have attached coordinates to the lair entrance, should you wish to make your own survey of the premises.

—Steward Gixx","Учёные Приората сообщили мне о вашей победе над марионеткой, появившейся возле нашего монастыря. Дурмандский Приорат снова в долгу перед вами, Командир—без вашей помощи чудовище Скарлет Брайер казалось невозможным одолеть. Теперь оно повержено, и жестоко—если оно вернётся, у нас есть средства и знания, чтобы покончить с ним навсегда.

Что важнее, мы собрали воедино данные, извлечённые из механических прислужников Скарлет, и сделали поразительное открытие: местоположение скрытого логова, спрятанного в пещерах под самим Приоратом.

Пока вы читаете это, собирается группа Приората по расследованию и сдерживанию опасных артефактов, но учитывая ваше старшинство и полевой опыт, я приложил координаты входа в логово, если вы пожелаете провести собственный осмотр помещений.

—Стюард Гикс"
"Progress is slow. We've harnessed the mountain's thermal springs for our furnaces, but we lack slave-cores for the Forged Colossus. The ice beasts assault our gates nightly, tearing them asunder, but their ranks seem to never thin no matter how many we fend off.

The transformation is accelerating. The stone is now at my neck, and I feel the call to join the fight with our brethren. But I will resist—we will ALL resist. There is only one Summit.

The scholars claim to understand enough about its magic to harness it, either to undo the Rite of the Great Dwarf or perhaps to leverage it. We could transform into something never before seen on the face of Tyria. We could also die.

We have made our peace with death, and would welcome it over the life that the Deldrimor would have for us.","Прогресс идёт медленно. Мы задействовали термальные источники горы для наших печей, но нам не хватает рабских ядер для Кованого Колосса. Ледяные твари каждую ночь штурмуют наши ворота, разрывая их в клочья, но их ряды, кажется, никогда не редеют, сколько бы мы ни отбивались.

Трансформация ускоряется. Камень уже на моей шее, и я чувствую зов присоединиться к битве вместе с нашими братьями. Но я буду сопротивляться — мы ВСЕ будем сопротивляться. Есть только одна Вершина.

Учёные утверждают, что достаточно понимают её магию, чтобы использовать её — либо для отмены Ритуала Великого Дварфа, либо для извлечения выгоды. Мы можем превратиться во что-то, чего никогда раньше не видели на лице Тирии. Мы также можем умереть.

Мы смирились со смертью и приветствовали бы её вместо той жизни, которую уготовили бы нам Делдриморы."
"Project Omega: Preliminary Combat Report  
by Head Researcher Skala, based on data gathered by Overseer Kuda  
  
The three remaining subjects of Project Omega—now designated Omega Team—had their first field test in a real combat scenario where real-time data was collected both from external readings, taken in the field by Overseer Kuda herself, as well as from the subcutaneous sensors embedded within the subjects.  
  
**Findings**  
Initial readings indicate that all three members of Omega Team have continued to show marked improvement in physical, mental, and magical power and prowess. In some instances, such improvement has created unforeseen incidences of recklessness or acute episodes of excessive displays of their newfound abilities. Of particular note, the male subjects, Plokk and Zipp, appear to be more adversely impacted by these episodes than the sole female subject, Naati, though none are unaffected.   
  
**Recommendations**  
Further study seems warranted before sending the members of Omega Team into the field again. At the very least, they should not enter combat not without adequate support from this research krewe. Overseer Kuda has taken a more direct hand in their deployment, however. Consequently, Omega Team has failed to report in for routine observation and training and appear to be accompanying her in a more supportive capacity than this researcher believes is prudent. My recommendation is that they be reassigned to Supra Fortis for further study and monitoring in a controlled setting.","Проект «Омега»: Предварительный боевой отчёт  
Главный исследователь Скала, на основе данных, собранных надзирательницей Кудой  
  
Три оставшихся субъекта Проекта «Омега» — теперь обозначенные как Команда Омега — прошли первое полевое испытание в реальном боевом сценарии, где данные в реальном времени собирались как с внешних показаний, снятых в полевых условиях самой надзирательницей Кудой, так и с подкожных датчиков, встроенных в субъектов.  
  
**Результаты**  
Первоначальные показания указывают на то, что все три члена Команды Омега продолжают демонстрировать заметное улучшение физической, умственной и магической силы и мастерства. В некоторых случаях такое улучшение привело к непредвиденным случаям безрассудства или острым эпизодам чрезмерной демонстрации их новых способностей. Особого внимания заслуживает то, что субъекты мужского пола, Плокк и Зипп, по-видимому, более подвержены негативному влиянию этих эпизодов, чем единственный субъект женского пола, Наати, хотя никто не остаётся незатронутым.  
  
**Рекомендации**  
Дальнейшее изучение представляется оправданным, прежде чем снова отправлять членов Команды Омега в поле. По крайней мере, они не должны вступать в бой без адекватной поддержки со стороны этого исследовательского креве. Однако надзирательница Куда взяла более прямое участие в их развёртывании. В результате Команда Омега не явилась на плановое наблюдение и тренировки и, по-видимому, сопровождает её в более вспомогательной роли, чем, по мнению этого исследователя, было бы благоразумно. Моя рекомендация — перевести их в Supra Fortis для дальнейшего изучения и наблюдения в контролируемых условиях."
"Purchase request sent.
Please check your in-game mail for delivery.","Запрос на покупку отправлен.
Проверьте внутриигровую почту для получения."
"Queen Jennah was wise to anticipate that Ebonhawke would need assistance during this transitional period in our relationship with the charr. But I doubt even the queen could have guessed that this kind of aid would come from someone like you. Someone who, without living here, recognized what harm could come with neglecting such delicate social issues. I believe strongly that good works should be rewarded, and so I hope you accept this small compensation on behalf of the Fallen Angels.

—Fallen Angel Makayla","Королева Дженна была мудра, предвидя, что Эбонхок понадобится помощь в этот переходный период в наших отношениях с чаррами. Но я сомневаюсь, что даже королева могла догадаться, что такая помощь придёт от кого-то вроде вас. От того, кто, не живя здесь, осознал, какой вред может принести пренебрежение такими деликатными социальными вопросами. Я твёрдо верю, что добрые дела должны вознаграждаться, и поэтому надеюсь, что вы примете эту небольшую компенсацию от имени Павших Ангелов.

— Fallen Angel Makayla"
Quemazarcillos: oro,Quemazarcillos: золото
"Questions continue to flood in on an almost hourly basis: Who—or what—is the Astral Ward?  
  
Reports and rumors are growing by the day: the return of the mursaat and seers; people questioning if their neighbors have been secretly spying on them. Sightings of a so-called ""flying city"" over homes and villages. Apparent abductions of livestock and demands for recompense. Not all of these reports are valid, mind you.  
  
How much information has gotten out is hard to judge, and we are still investigating possible sources for the leaks. While most questions are harmless, there is an undercurrent of wondering what, exactly, the Astral Ward has been doing for the last few years while Tyria was left to suffer. Should we continue to let things simmer? The charr is out of the bag, as they say.  
  
While many of our alliance leaders have begun addressing such concerns within their individual communities, a larger announcement is in the works. This announcement will be used to formally introduce the Astral Ward to the rest of the world, as well as their cooperation with the Tyrian Alliance. Our hope is that people will see that organizations such as the ward will not go completely unsupervised.","Вопросы продолжают поступать почти ежечасно: кто — или что — такое Astral Ward?

Отчёты и слухи множатся день ото дня: возвращение мурсаатов и провидцев; люди задаются вопросом, не шпионили ли за ними тайно их соседи. Сообщения о так называемом «летающем городе» над домами и деревнями. Очевидные похищения скота и требования компенсации. Имейте в виду, не все эти сообщения достоверны.

Сложно оценить, сколько информации просочилось наружу, и мы всё ещё расследуем возможные источники утечек. Хотя большинство вопросов безобидны, существует скрытое беспокойство о том, чем именно Astral Ward занималась последние несколько лет, пока Тирия страдала. Стоит ли позволять ситуации накаляться? Как говорится, кошка вылезла из мешка.

Хотя многие из наших лидеров альянса уже начали решать эти проблемы в своих сообществах, готовится более масштабное заявление. Это заявление будет использовано для официального представления Astral Ward остальному миру, а также их сотрудничества с Tyrian Alliance. Мы надеемся, что люди увидят, что такие организации, как Дозор, не останутся без надзора."
Rata Sum : Université de la Statique,Университет Статики
Reciclar objetos,Перерабатывать предметы
Recommended Players: %num1%,Рекомендуемые игроки: %num1%
Recuerdos guiados,Направляемые воспоминания
"Relax like Paxx after a double shift with a creamy, zesty birch beer. Don't forget to tip your bartender!
  
Ingredients:   
- Whiskey 
- Honey
- Cream   
- Birch Wood","Расслабьтесь, как Паккс после двойной смены, с кремовым, пряным березовым пивом. Не забудьте оставить чаевые бармену!
  
Ингредиенты:   
- Виски
- Мёд
- Сливки   
- Берёзовая древесина"
Rennteilnehmer-Ass,Ас гонок
"Restricted Area: Bava Nisos  
  
Mabon and Isgarren have placed research restrictions on the Janthir isles and the city of Bava Nisos. Research may commence from a distance, but given the present mursaat influence and danger in the region, all travel to and from Janthir must be explicitly approved by Mabon. Travel to the isles themselves is prohibited.  
  
While the isles themselves are considered too dangerous for ward interference, the mainland regions within the territory are free for exploration so long as permission is granted and caution is utilized. A handful of peaceful, smaller societies live along the mainland coastal regions and should be treated with the same caution as any non-Astral Ward entity.  
  
—Warden Taryn","Запретная зона: Bava Nisos  
  
Мабон и Исгаррен наложили ограничения на исследования островов Джантир и города Бава Нисос. Исследования могут проводиться на расстоянии, но учитывая нынешнее влияние мурсаатов и опасность в регионе, все поездки на Джантир и обратно должны быть явно одобрены Мабоном. Поездки на сами острова запрещены.  
  
Хотя сами острова считаются слишком опасными для вмешательства Стражей, материковые регионы на территории свободны для исследования при условии получения разрешения и соблюдения осторожности. Несколько мирных небольших обществ живут вдоль прибрежных районов материка, и к ним следует относиться с той же осторожностью, что и к любой не-Astral Ward сущности.  
  
—Страж Тарин"
Rettet ein paar Kohlköpfe vor den gemeingefährlichen jungen Kriegsklauen.,Спасите несколько кочанов капусты от опасных молодых боевых когтей.
"Runebanger could hardly comprehend what he'd just witnessed. Suddenly it all made sense. Why Smoulder and Empress Jenny had been willing to forget years of hostilities. Why they suddenly spoke so positively about the ""potential"" of an alliance between charr and humans. 

He clutched his mane as furious tears matted his cheeks. How could Smoulder even LOOK at Jenny that way? What about her furless figure could possible appeal to rugged, tough, well-groomed charr such as they? 

Burn it all, the mouse didn't even have horns! Did no one appreciate the gentle curve of horns anymore?

""Smoulder's place is by MY side, as MY ally, as MY confidant, as MY intimate...as my...""

No. Brood Legion would not stand for this. Not if Runebanger had his way.","Рунозвон едва мог осмыслить увиденное. Внезапно всё встало на свои места. Почему Смолдер и Императрица Дженни были готовы забыть годы вражды. Почему они вдруг заговорили так положительно о ""потенциале"" союза между чаррами и людьми.

Он вцепился в свою гриву, пока яростные слёзы пачкали его щёки. Как Смолдер мог даже СМОТРЕТЬ на Дженни таким взглядом? Что в её безволосой фигуре могло привлечь таких крепких, выносливых, ухоженных чарров, как они?

Гори всё огнём, у мыши даже рогов не было! Неужели никто больше не ценит нежный изгиб рогов?

""Место Смолдера РЯДОМ со МНОЙ, как мой союзник, как мой доверенное лицо, как моя близкая... как мой...""

Нет. Легион Выводка не потерпит этого. Не по воле Рунозвона."
"Sabil,

Leave your wife. She's dead weight, and we have business.

We'll meet you on the road south of the farms. Our master's unhappy with your progress, so he's sent us to make sure all goes as planned. We have more of the special eggs he wants delivered. A few in each house should do the trick.

Be swift. He expects much of you.","Сабиль,

Бросай жену. Она — обуза, а у нас дело.

Встретим тебя на дороге к югу от ферм. Наш хозяин недоволен твоими успехами, так что он послал нас проследить, чтобы всё прошло по плану. У нас есть ещё те особые яйца, которые он хочет доставить. По нескольку в каждый дом — и дело сделано.

Поторопись. Он многого от тебя ждёт."
Salto enfoscado,Сальто в темноте
"Salutations,

I hope this letter reaches you, as you seem to be quite the traveler. It seems you have touched the lives of many within Snowden Drifts. From skaalds to hunters, Lionguard and respected elders, all that speak your name do so with respect and gratefulness. 

Thank you for lending a hand to these people.

—Tyrian Explorers Society","Приветствую,

Надеюсь, это письмо до вас дойдёт — вы, похоже, изрядный путешественник. Похоже, вы затронули жизни многих в Снежных Заносах. От скальдов и охотников до Львиной стражи и почтенных старейшин — все, кто произносит ваше имя, делают это с уважением и благодарностью.

Спасибо, что протянули этим людям руку помощи.

—Tyrian Explorers Society"
"Salutations, 

You will be happy to know that my research is proceeding apace, thanks in no small part to your recent timely assistance. The specimens which you procured have proven to be invaluable as I seek to produce the ultimate skale poison. It is rare to make the acquaintance of a soldier who has such an appreciation for the value of research that they are willing to risk their lives to further its pursuit. 

You're a good egg.

—The Highly Respected and Accomplished Researcher Irkz","Приветствие,

Вы будете рады узнать, что мои исследования продвигаются быстрыми темпами, и немалую роль в этом сыграла ваша недавняя своевременная помощь. Образцы, которые вы добыли, оказались бесценными в моих поисках создания идеального яда для скалков. Редко встретишь солдата, который настолько ценит важность исследований, что готов рисковать жизнью ради их продолжения.

Вы отличный малый.

— Высокоуважаемый и заслуженный исследователь Иркз"
"Salutations, Wintersday celebrants!

After touring the cities of Tyria, Tixx the Toymaker and his Funwerks Krewe have finally arrived in Lion's Arch! Festivities are in full-swing, with wassailing and singing, and even bell ringing. But much is astir in Tixx's airship. Now overrun with malfunctioning toys, a Seraph guard is recruiting adventurers to cull the hordes and secure the aerial lab.

But the excitement won't last forever—Tixx is only in Lion's Arch for two weeks, and once he leaves his airship and toys go with him. So don't be a lollygagger! Make sure to stop by the Grand Piazza, where Tixx has a special gift just for you (one that, we've been assured, won't talk back).

—Captain Tokk","Приветствую, празднующие Зимнее Солнцестояние!

Объехав города Тирии, Тикс Игрушечник и его Веселотворная команда наконец прибыли в Lion's Arch! Празднество в разгаре: тут и колядки, и песни, и даже звон колоколов. Но на воздушном корабле Тикса неспокойно. Судно наводнили сбоящие игрушки, и стражник Серафимов набирает искателей приключений, чтобы проредить их полчища и вернуть контроль над воздушной лабораторией.

Но веселье не вечно: Тикс пробудет в Lion's Arch всего две недели, а как уедет — заберёт с собой и корабль, и игрушки. Так что не мешкайте! Обязательно загляните на Гранд-Пьяццу, где у Тикса припасён особый подарок лично для вас (и, нас заверили, огрызаться он не будет).

—Captain Tokk"
"Sanctum Harbor:
Search behind the falls beneath the bridge.","Sanctum Harbor:
ищите за водопадом под мостом."
"Sanctum Harbor:
You'll have a better chance spotting this karka in the fog than a sailor would.","Sanctum Harbor:
вам легче заметить этого карка в тумане, чем моряку."
"Savant,

I have to thank you. You just won me a hundred platinum from an old college friend. After I heard that Claw Island had been overrun, I bet them that you'd be the one to solve the problem and break all the dragon's toys. It's easy to be proud of you when I also get to rub it into the Arcane Council's faces. Ha!

Combining the Orders was a stroke of genius. I don't know how you did it, but your efficient use of available resources deserves another award. Speaking of awards—it's come to my attention that another of my Master's apprentices has been causing trouble up near Sorrow's Embrace. Kudu never had two sparks to rub between his ears, and now he's claiming to have invented the biggest golem in history? I'll believe it when I blow it up.

Keep up the good work,

Zojja","Савант,

Я должен поблагодарить тебя. Ты только что выиграл мне сто платины у старого друга по колледжу. После того как я услышал, что Коготь-Остров захвачен, я поспорил с ним, что именно ты решишь проблему и сломаешь все игрушки дракона. Легко гордиться тобой, когда я могу ещё и потереть это в лица Арканного Совета. Ха!

Объединение Орденов было гениальным ходом. Не знаю, как тебе это удалось, но твое эффективное использование доступных ресурсов заслуживает ещё одной награды. Кстати о наградах — до меня дошло, что ещё один ученик моего Мастера доставляет неприятности возле Объятий Скорби. У Куду никогда не было двух искр, чтобы потереть между ушами, а теперь он утверждает, что изобрел величайшего голема в истории? Я поверю в это, когда взорву его.

Продолжай в том же духе,

Зойя"
"Save 35%% when you buy everything you need for the big day in one package.

Appearance skins override the look of your equipment and have no stats of their own.","Сэкономьте 35%% при покупке всего необходимого для большого дня в одном пакете.

Облики внешности переопределяют вид вашего снаряжения и не имеют собственных характеристик."
Schatten-Patrouille,Теневой патруль
"Schließt eine Konvergenz ab, oder schließt ein Fraktal in den Fraktalen der Nebel ab. Der Abschluss einer Konvergenz erfüllt dieses Ziel sofort.",Завершите конвергенцию или пройдите фрактал в Фракталах Туманов. Завершение конвергенции немедленно выполнит эту цель.
Scouts found: %num1%,Разведчики нашли: %num1%
"Seasonal. For sale only during the Halloween season.
This full Executioner outfit can be toggled to replace the appearance of your current armor. 
Also includes an executioners great-axe bundle item with five fun, nonlethal costume skills!","Сезонное. Продаётся только в сезон Хэллоуина.
Этот полный костюм Палача можно переключать, заменяя внешний вид вашей текущей брони.
Также включает предмет-набор «Секира палача» с пятью забавными, нелетальными костюмными умениями!"
"Seasonal. For sale only during the Halloween season.
This full Mad Prince's outfit can be toggled to replace the appearance of your current armor. 
Also includes a Mad Prince's Staff bundle item with five fun, nonlethal costume skills!","Сезонное. Продаётся только в сезон Хэллоуина.
Этот полный костюм Безумного принца можно переключать, заменяя внешний вид вашей текущей брони.
Также включает предмет-набор «Посох Безумного принца» с пятью забавными, нелетальными костюмными умениями!"
"Secure Auld Red Wharf from the Toxic Alliance.

Toxic Alliance Strength","Защитить старую Красную пристань от Токсического Альянса.

Сила Токсического Альянса"
"Seeking any unoccupied hunters in the Great Lodge to aid us in protecting the village of Cragstead from the dredge-Flame Legion alliance. The village sits in the northeastern stretch of Wayfarer Foothills. All willing and ready for a fight are welcome.

Your sword is appreciated.

Braham Eirsson","Ищем любых свободных охотников в Великом Ложе, чтобы помочь нам защитить деревню Крэгстед от союза дредж и Flame Legion. Деревня находится в северо-восточной части Wayfarer Foothills. Все желающие и готовые к бою приветствуются.

Ваш меч ценится.

Брэм Эйрссон"
"Select an equipment slot to view available transmutation options for this profession.

To view all weapon and armor skins, speak with a banker in any major city.","Выберите слот снаряжения, чтобы просмотреть доступные варианты трансмутации для этой профессии.

Чтобы просмотреть все облики оружия и брони, поговорите с банкиром в любом крупном городе."
"Seventh Day of the Storm Season, Dusk.  
  
Had my hands full of fruit earlier today when I came across a stray pup, I did. All the way out here on the isle! He kept panting deeply, and his eyes were as white as bone. I thought maybe he was ill. Perhaps with the spectral plague that has turned all the wildlife here rabid?  
  
But it wasn't the latter, I thought. He was too sedate. I gave him some water from my sling and a bite of my fruit, but it didn't make much of a difference. He almost looked like he wanted to take a chunk out of me. I didn't feel threatened, though. His hunger isn't personal.  
  
Is it worth telling Vigilant Dawn? I feel like someone should take care of him. For now, I left him where all those flowering vines are. I'll check on the little guy tomorrow. Maybe Quiet Breeze will let me keep him in our tent if I sneak her extra rations.","Седьмой день сезона бурь, сумерки.  
  
Сегодня утром, когда я наткнулся на бродячего щенка, у меня руки были заняты фруктами. Здесь, на острове! Он тяжёло дышал, а глаза были белые как кость. Я подумал, может, он болен. Возможно, призрачной чумой, от которой вся местная фауна стала бешеной?  
  
Но я решил, что это не то. Он был слишком спокоен. Я дал ему воды из своей фляги и кусочек фрукта, но это не сильно помогло. Он выглядел так, будто хочет откусить от меня кусок. Впрочем, я не чувствовал угрозы. Его голод не направлен лично на меня.  
  
Стоит ли сообщать Бдительной Заре? Мне кажется, кто-то должен о нём позаботиться. Пока я оставил его там, где все эти цветущие лианы. Завтра проверю малыша. Может, Тихий Ветерок позволит мне держать его в нашей палатке, если я подсуну ей дополнительные пайки."
"Sharkmaw Cavern:
Search for the showering karka.","Пещера Акульей Пасти:
Ищите карку, которая принимает душ."
"Sharkmaw Cavern:
Someone swore they saw a karka walk through a wall.","Пещера Акульей Пасти:
Кто-то поклялся, что видел, как карка прошла сквозь стену."
"Sharkmaw Cavern:
You might starve tracking this karka.","Пещера Акульей Пасти:
Вы можете умереть с голоду, выслеживая эту карку."
"She was sitting on the counter when I told her—it was a quiet afternoon, no customers. She just...stared at me for a while.

I couldn't tell what she was thinking, but I told her everything.","Она сидела на прилавке, когда я сказал ей — был тихий полдень, без посетителей. Она просто... смотрела на меня какое-то время.

Я не мог понять, о чем она думает, но я рассказал ей всё."
"Silque ,
109 Tide 00XX,
Natural","Сильк,
109 Прилив 00XX,
Натуральный"
"Skins have no stats of their own.
Can only be used by characters who wear light armor.","Облики не имеют собственных характеристик.
Может использоваться только персонажами, носящими лёгкую броню."
"Slayer of Issormir!

By the four great Spirits, but your legend grows like a young wolf! The rumors in Lion's Arch say that you and Trahearne fought against the dragon's minions, and that you single-handedly wrestled the Plaguebringer to the ground. The city celebrates your victory, the like of which I have not seen since my days as a gladiator! And Orr, they say, is your next goal—Orr, and the dragon. I am truly proud, my friend. You have come so far from our days in the Shiverpeaks.

Caithe came to speak with me at my campfire last night. She says that Zojja is headed into danger. That little asura's stubborn mind will be her end, mark my words. Caithe is convinced that we must help her. I pondered this, but in the end agreed—I must show my respect for Snaff. I must do as he would wish, and that means keeping Zojja alive even if she is foolish. Saving Zojja from whatever trouble she's found will be a glorious adventure. Your victory inspires me!

I will write to you again, soon, and tell you how this story ends.

—Eir","Slayer of Issormir!

Четырьмя великими Духами клянусь, твоя легенда растёт, как молодой волк! Слухи в Lion's Arch гласят, что ты и Трахёрн сражались с приспешниками дракона, и что ты в одиночку прижал Чумоносца к земле. Город празднует твою победу — такой радости я не видел со времён моих дней гладиатором! А Орр, говорят, твоя следующая цель — Орр и дракон. Я искренне горжусь, мой друг. Ты прошёл так далеко от наших дней в Дрожащих вершинах.

Кейт вчера вечером пришла поговорить со мной у моего костра. Она говорит, что Зойя направляется в опасность. Этот упрямый разум маленькой азуры приведёт её к гибели, помяни мои слова. Кейт убеждена, что мы должны помочь ей. Я размышлял об этом, но в конце концов согласился — я должен проявить уважение к Снаффу. Я должен поступить так, как он хотел бы, а это значит сохранить Зойе жизнь, даже если она глупа. Спасти Зойю от любых неприятностей, в которые она вляпалась, будет славным приключением. Твоя победа вдохновляет меня!

Я скоро напишу тебе снова и расскажу, чем закончится эта история.

— Эйр"
"Slayer,
Glad to hear you're still fighting the good fight with your order. Congratulations on recruiting the hylek. Between their ferocity and their alchemy, I know they'll be valuable allies against the dragons.
Don't dwell on losing the hylek village—homes can be rebuilt. The important thing is that you saved lives and secured their help.
I'm still trying to salvage Destiny's Edge, but it's a long, hard road. I won't give up, however: Tyria still needs heroes, and even I don't expect you to do all that needs doing by yourself. I'll keep trying and let you know if and when they come around.
May the Spirits guide you,
—Eir","Убийца,
Рада слышать, что ты продолжаешь доблестно сражаться со своим орденом. Поздравляю с вербовкой хилек. Между их свирепостью и алхимией я знаю, что они станут ценными союзниками в борьбе с драконами.
Не зацикливайся на потере деревни хилек — дома можно отстроить заново. Важно то, что ты спас жизни и заручился их помощью.
Я всё ещё пытаюсь спасти Край Судьбы, но это долгий и трудный путь. Однако я не сдамся: Тирии всё ещё нужны герои, и даже я не жду, что ты справишься со всем в одиночку. Я продолжу попытки и дам знать, если и когда они одумаются.
Да направят тебя Духи,
— Эйр"
"Slayer,
Glad to hear you're still fighting the good fight with your order. Congratulations on recruiting the ogres. Most rangers I know (myself included) are impressed by their control over their pets, so I know they'll be valuable allies against the dragons.
Don't dwell on losing the ogre kraal—homes can be rebuilt. The important thing is that you saved lives and secured their help.
I'm still trying to salvage Destiny's Edge, but it's a long, hard road. I won't give up, however: Tyria still needs heroes, and even I don't expect you to do all that needs doing by yourself. I'll keep trying and let you know if and when they come around.
May the Spirits guide you,
—Eir","Убийца,
Рада слышать, что ты продолжаешь доблестно сражаться со своим орденом. Поздравляю с вербовкой огров. Большинство известных мне рейнджеров (включая меня) впечатлены их контролем над питомцами, так что я знаю, что они станут ценными союзниками в борьбе с драконами.
Не зацикливайся на потере крааля огров — дома можно отстроить заново. Важно то, что ты спас жизни и заручился их помощью.
Я всё ещё пытаюсь спасти Край Судьбы, но это долгий и трудный путь. Однако я не сдамся: Тирии всё ещё нужны герои, и даже я не жду, что ты справишься со всем в одиночку. Я продолжу попытки и дам знать, если и когда они одумаются.
Да направят тебя Духи,
— Эйр"
Solo enemigos,Одиночные враги
"Something is making Wintersday gifts angry, and we've got a whole pile of them! Is it something inside? Outside? Or is it just wrapped too tightly?

Talk to Collector Terksli to unwrap this seasonal oddity.

Minis are tiny models of creatures from around the world. They can be collected and activated one at a time to follow you around.","Что-то злит подарки Дня Зимы, и у нас их целая куча! Что-то внутри? Снаружи? Или они просто слишком туго завёрнуты?

Поговорите с коллекционером Теркси, чтобы развернуть этот сезонный курьёз.

Мини — это крошечные модели существ со всего мира. Их можно собирать и активировать по одному, чтобы они следовали за вами."
"Spawn a Fragment of Razah at your targeted location. Both you and the fragment attack with a scythe, damaging and inflicting conditions on foes at your locations. Gain might for each enemy struck.

<c=@abilitytype>Resonance.</c> This skill gains bonus effects depending on the legend equipped in the other slot.","Призовите фрагмент Разаха в указанном месте. Вы и фрагмент атакуете косой, нанося урон и накладывая состояния на врагов в ваших местах. Получайте мощь за каждого пораженного врага.

<c=@abilitytype>Резонанс.</c> Это умение получает дополнительные эффекты в зависимости от легенды, экипированной в другой слот."
Sprecht mit Trockenwiese im Schwärenden Becken.,Поговорите с Сухостепью в Гноящемся Бассейне.
Statisch-dynamische Synergie,Статико-динамическая синергия
"Stats only apply in WvW:
+150 Toughness","Характеристики действуют только в WvW:
+150 к стойкости"
"Steal health and gain shadow force when you torment a foe.<br>
<c=@warning>Does not grant shadow force while in shroud.</c>","Крадите здоровье и получайте теневую силу, когда мучаете врага.<br>
<c=@warning>Не даёт теневой силы, пока вы в вуали.</c>"
"Stoic Alder,  
  
I want to thank you for inviting me to your battle's eve feast; it sounds like my kind of party! One of the hard truths I'm learning about leadership is that I can't just rush off whenever I want, which kind of frustrates every part of my being. Wolf yearns for the hunt, but I know I should heed Raven's wisdom; for now, my responsibilities in Cragstead require my attention.  
  
That said, make sure the commander enjoys several pints of honeywine in my place, and if you're planning on giving any prebattle speeches, it couldn't hurt to bend an ear their way for some pointers. I remember a particularly stirring call-to-arms they gave before our first bout with Kralkatorrik.  
  
Until our paths cross again, may your spears land true and the titans crack beneath your paws.  
  
—Braham Eirsson","Стоик Ольдер,  
  
Я хочу поблагодарить вас за приглашение на ваш пир накануне битвы; это звучит как моя вечеринка! Одна из суровых истин, которые я узнаю о лидерстве, заключается в том, что я не могу просто срываться с места, когда захочу, что в некоторой степени расстраивает каждую часть моего существа. Волк жаждет охоты, но я знаю, что должен прислушаться к мудрости Ворона; пока что мои обязанности в Крэгстеде требуют моего внимания.  
  
Тем не менее, убедитесь, что командующий выпьёт несколько пинт медовухи за меня, и если вы планируете произносить какие-либо речи перед битвой, не помешает прислушаться к ним за советом. Я помню особенно воодушевляющий призыв к оружию, который они произнесли перед нашей первой схваткой с Кралькаторриком.  
  
Пока наши пути снова не пересекутся, пусть ваши копья попадают в цель и титаны трескаются под вашими лапами.  
  
—Брэм Эйрссон"
"Strange things under the sea. Not just what's frozen in the stone, but the plants, the fungus. Nautus says the nearby wind tunnel exits at a safe location. Even with an elementalist of their caliber, I have doubts. Still, they've been vital for setting up the zip lines.


As we continue lower, I sense a growing unease among the crew. Been accused of ""staring a little too long"" by Odamos and Sintri a couple times. Maybe we should turn back, take our chances walking to the mainland.","Странные вещи под водой. Не только то, что застыло в камне, но и растения, грибы. Наутус говорит, что ближайший ветровой туннель выходит в безопасное место. Даже с элементалистом такого уровня у меня есть сомнения. Тем не менее, они были незаменимы при установке зиплайнов.


По мере того как мы спускаемся ниже, я чувствую растущее беспокойство среди команды. Меня пару раз обвиняли в «слишком долгом разглядывании» Одамоса и Синтри. Может, нам стоит повернуть назад и рискнуть дойти до материка пешком."
"Student: Blish
Student ID: 0438238655
 
CYS 310 Cybernetic Systems II
MTH 411 Multivariable Calculus
TML 310 Thaumaturgical Materials Lab
MPY 340 Magical Metaphysics Seminar
TAS 300 Advanced Theory of Abstract Structures

(You skim through the lengthy list of advanced coursework that Blish completed during his time at the college. It's as impressive as it is intimidating.)
","Студент: Блиш
Студенческий билет № 0438238655
 
CYS 310 Кибернетические системы II
Многомерное исчисление (курс MTH 411)
Лаборатория таутургических материалов
Семинар по магической метафизике MPY 340
Продвинутая теория абстрактных структур (TAS 300)

(Вы просматриваете длинный список курсов повышенного уровня, которые Блиш посещал во время учебы в колледже. Он впечатляет не меньше, чем пугает.)
"
Suelo consagrado,Освящённая земля
"Summon a fake treasure chest to crush your opponent. A minstrel will then appear from the chest and play for the deceased. 

This works in WvW and PvP.
This is a permanent account unlock.","Призовите фальшивый сундук с сокровищами, чтобы раздавить противника. Затем из сундука появится менестрель и сыграет для павшего.

Это работает в WvW и PvP.
Это постоянная разблокировка учётной записи."
"Survival Costs:  
   
I must continue to refine my inoculation against the prototype coral spurs. The salve cannot manage an existing malady, as a number of my subordinates have unfortunately proven in their last gift to science. Happily, the workers I convinced to slather themselves beforehand endured exposure quite well! Beyond initial duration expectations even—although, past that, continued exposure still proved deleterious. My medical salve is obviously effective, but it still requires repeated administration. That damn coral adapts irresponsibly fast.  
  
I may be able to prolong the duration of effect if I apply distinct versions of the medical salve across thin layers with timed releases? Below, I have attached extended documentation on how to achieve this implementation with my prototype Inquest Krewe Medical Salve Diffuser. If I am lucky, Tunsi will finally approve this care for our entire team. I suppose it may come down to a cost comparison between salve material costs and furnace expenses. I do not envy Senior Energy Calculator Kagg.  
  
For the time being, I will employ the method on myself to guarantee that my genius survives to benefit future generations.","Затраты на выживание:  
   
Мне нужно продолжать совершенствовать свою вакцину против прототипных коралловых шипов. Мазь не может справиться с уже существующим недугом, что, к сожалению, доказали несколько моих подчиненных своим последним даром науке. К счастью, рабочие, которых я убедил намазаться заранее, довольно хорошо перенесли воздействие! Даже превзошли ожидания по длительности — хотя после этого продолжающееся воздействие все же оказалось вредным. Моя медицинская мазь явно эффективна, но все же требует повторного применения. Этот проклятый коралл адаптируется безответственно быстро.  
  
Возможно, я смогу продлить время действия, если нанесу разные версии мази тонкими слоями с временным высвобождением? Ниже я приложил расширенную документацию о том, как добиться этой реализации с помощью моего прототипа диффузора медицинской мази Инквест-Крю. Если мне повезет, Тунси наконец одобрит эту заботу для всей нашей команды. Полагаю, все может свестись к сравнению затрат на материалы для мази и расходов на печь. Я не завидую старшему калькулятору энергии Каггу.  
  
А пока я буду применять метод на себе, чтобы гарантировать, что мой гений выживет и принесет пользу будущим поколениям."
"Tatyanna isn't mad—we all heard it this time. It told us where to find the gate.  
  
Perhaps it is the Unseen Ones that guide us, but we will venture inside tomorrow. We will complete Caudecus's mission and the world will see. They will all see.  
  
*A dark-brown stain is splashed across the bottom of the page. The rest of the script is illegible.*","Татьяна не сошла с ума — все мы слышали это на этот раз. Оно сказало нам, где найти врата.  
  
Возможно, это Невидимые направляют нас, но завтра мы отправимся внутрь. Мы выполним миссию Кодекса, и мир увидит. Они все увидят.  
  
*Тёмно-коричневое пятно разлито по нижней части страницы. Остальная часть текста неразборчива.*"
"Thank you for fighting on behalf of the Followers! Without your help, my journey would be a longer one, and I'm not one for patience. My efforts seem like an unending endeavor—every time we kill one Forgotten, two more appear!—but now I'm one step closer. If I can vanquish Augury Rock, my legend will grow to be Ascension-worthy. 

The skaalds will know the name ""Dawnwynn!""

—Follower Dawnwynn","Спасибо, что сражался на стороне Последователей! Без твоей помощи мой путь был бы длиннее, а терпения мне не хватает. Мои усилия кажутся бесконечным делом — каждый раз, когда мы убиваем одного Забытого, появляются ещё двое! — но теперь я на шаг ближе. Если я смогу одолеть Скалу Прорицания, моя легенда станет достойной Вознесения.

Скальды узнают имя «Давуин»!

—Последовательница Давуин"
"Thank you for purchasing Guild Wars 2: Secrets of the Obscure—Ultimate.

Your 4,000 gems will be applied to your account within the next 72 hours.","Спасибо за покупку Guild Wars 2: Тайны Сокрытого — Ultimate.

Ваши 4000 самоцветов будут начислены на учётную запись в течение следующих 72 часов."
"Thank you for saving our lives and our livelihood. Good fortune, and may your raptor carry you far on your journey.

—Aksim","Спасибо, что спасли наши жизни и наше пропитание. Удачи, и пусть ваш раптор унесет вас далеко в вашем путешествии.

—Аксим"
"Thank you for your generous help. The days of a ghost are long and lonely, but you gave us your time and your respect. We couldn't ask for more.

You have our enduring appreciation.
—Dunkoro","Спасибо за твою щедрую помощь. Дни призрака долги и одиноки, но ты подарил нам своё время и уважение. Большего мы и просить не могли.

Ты навсегда заслужил нашу признательность.
—Дункоро"
"Thank you for your service in defending our fort. Fort Salma is our strongest foothold in the north, and a beacon for all of the townspeople. Had it been allowed to fall...I don't want to think of the impact it would have on morale. If you wish to keep helping the war effort, I would ask that you continue south. Overlord's Greatcamp is the primary centaur stronghold and we have had little luck breaking it, but with your assistance we could gain some ground. 

Best of luck. 

—Sergeant Yarbrough","Спасибо за службу в защите нашего форта. Fort Salma — наш самый сильный оплот на севере и маяк для всех горожан. Если бы ему позволили пасть... не хочу даже думать, как это сказалось бы на боевом духе. Если хочешь и дальше помогать военным усилиям, я бы попросил тебя продолжить путь на юг. Великий лагерь Владыки — главный оплот кентавров, и у нас было мало успехов в его штурме, но с твоей помощью мы могли бы продвинуться.

Удачи.

—Sergeant Yarbrough"
"Thanks a bunch for helping out around the ranch. Before you go off on more adventures, come back to say hi and purchase a saddle for your very own springer. Anyone who likes to explore should have a springer. They can get to some hard-to-reach places!

See you soon!

—Unja","Огромное спасибо за помощь на ранчо. Прежде чем отправишься в новые приключения, вернись поздороваться и купить седло для своего собственного спрингера. У каждого, кто любит исследовать, должен быть спрингер. Они умеют забираться в труднодоступные места!

До скорого!

—Унджа"
"Thanks for helping all of us homesteaders out. Folks can't stop talking about what a big difference you made around the lodge. Come back and visit us anytime!

—Carman Fawntracker","Спасибо за помощь всем нам, поселенцам. Люди не устают говорить о том, насколько ты изменил жизнь у нашего пристанища. Заглядывай к нам в любое время!

—Кармен Соколоследка"
"Thanks for killling harpies and smashing harpy eggs! Also for getting grub eggs!

—Tarstar Chief","Спасибо за убийство гарпий и разбитые гарпичьи яйца! И за добычу личиночных яиц тоже!

—Вождь Тарстар"
"Thanks for your assistance with the ogres, %str1%. You move better than some of my best warmates. We were lucky to have you.<br>
— Avarr Sneakpaw","Спасибо за вашу помощь с ограми, %str1%. Вы двигаетесь лучше, чем некоторые из моих лучших боевых товарищей. Нам повезло, что вы были с нами.<br>
— Avarr Sneakpaw"
"Thanks for your help at the dam. I haven't spotted so much as a leak since you came through here. 

If you ever get tired of the hero business, come on down. My work crew could use skills such as yours. 

—Foreman Flannum","Спасибо за помощь на плотине. С тех пор как вы здесь побывали, я не заметил ни единой протечки. 

Если вам когда-нибудь надоест быть героем, приходите к нам. Моей рабочей бригаде пригодились бы такие навыки, как у вас. 

— Foreman Flannum"
"The Flame Legion keep trying to dig their manicured little claws in, and we keep kicking them right back out. I'll be honest, I'm getting tired of the song and dance, but as long as they keep being slimy hairballs, I'll be there to fight them back. Good to know I can count on you to give me some support.

—Brencis Quickblood","Flame Legion постоянно пытается запустить свои холеные когти, а мы их снова и снова вышвыриваем. Честно говоря, я устал от этой пляски, но пока они остаются скользкими волосяными комками, я буду сражаться с ними. Приятно знать, что я могу рассчитывать на твою поддержку.

— Brencis Quickblood"
"The Haiju Plains were once populated by the Crimson Skull, a group of pirates that terrorized the shores of Shing Jea. After Empress Haebaragi was successful in defeating the gang during the Crimson Battle of 1741 CC, Shing Jea was greeted with relative peace.

This plaque was placed by the Ministry of Archives to improve education efforts following the collapse of the Ministry of Purity.","Равнины Хайдзю когда-то были населены Багровым Черепом — группой пиратов, терроризировавших берега Shing Jea. После того как императрица Хэбараги одержала победу над бандой в Багровой битве 1741 г. К. Э., на Shing Jea воцарилось относительное спокойствие.

Эта табличка была установлена Министерством архивов для улучшения образовательных усилий после краха Ministry of Purity."
"The bat wing is well preserved.,
<c=@flavor>The wing smells a little funky and tingles with a feeling that reminds you of the Mystic Forge.</c>","Крыло летучей мыши хорошо сохранилось.,
<c=@flavor>Крыло пахнет странновато и покалывает ощущением, напоминающим Mystic Forge.</c>"
"The refugees of Marifa pooled together to give you this for all the help you've done for them.

This item is automatically consumed upon receiving it, and its only purpose is as part of a collection.","Беженцы из Марифы собрались вместе, чтобы подарить вам это за всю вашу помощь им.

Этот предмет автоматически потребляется при получении, и его единственное назначение — быть частью коллекции."
"There are many claims that ""wizard music"" from Garenhoff exists, but I've never heard it.
—Chief Melodist Flac","Существует множество утверждений о том, что в Гаренхоффе есть «волшебная музыка», но я никогда её не слышал.
—Главный мелодист Флак"
"This adds a Black Lion Expedition Board to your home instance, which can be used to collect exotic resources from across Tyria and the Mists. 
Expedition options include the following:
• Skywatch Archipelago
• Amyntas
• Inner Nayos
• Rifts","Это добавляет доску экспедиций «Black Lion» в ваш домашний инстанс, которую можно использовать для сбора экзотических ресурсов по всей Тирии и Туманам. 
Варианты экспедиций включают следующее:
• Skywatch Archipelago
• Амнитас
• Inner Nayos
• Разломы"
"This adds a Black Lion Hunters Board to your home instance, which can be used to collect fine crafting materials.
Collectible materials include:,
• Bones,
• Claws,
• Dust,
• Fangs,
• Scales,
• Totems,
• Venom Sacs,
• Vials of Blood","Это добавляет доску охотников Black Lion в ваш домашний экземпляр, которую можно использовать для сбора тонких материалов для крафта.
Собираемые материалы включают:
• Кости,
• Когти,
• Пыль,
• Клыки,
• Чешуя,
• Тотемы,
• Мешки с ядом,
• Склянки с кровью"
"This armor will not display an emblem if you are not representing this guild.
Double-click to imbue another Heavy Armor's stats into this appearance (one-time ability).","Эта броня не будет отображать инсигнию, если вы не являетесь членом этой гильдии.
Дважды щёлкните, чтобы перенести характеристики другой тяжёлой брони на эту модель (возможность действует один раз)."
"This box gives one random item.
Double-click to open.","Эта коробка даёт один случайный предмет.
Дважды щёлкните, чтобы открыть."
"This bundle of scrolls glows softly, as if imbued with a fragment of Turai Ossa's spirit.

This item only has value as part of a collection.","Этот пучок свитков мягко светится, словно наполнен фрагментом духа Турэй Оссы.

Этот предмет имеет ценность только как часть коллекции."
"This collection can be a useful reference for crafting the precursor backpack, Orrax Contained.

Completion of this achievement will also award a homestead decoration.","Эта коллекция может служить полезным справочником при создании рюкзака-предшественника «Орракс в контейнере».

За выполнение этого достижения также будет предоставлен предмет декора для вашего дома."
"This contains a matching backpack and glider set.
Double-click to unpack.","В этот набор входят подходящий рюкзак и планер.
Дважды щёлкните, чтобы распаковать."
"This contains a matching backpack and glider set.,
Double-click to unpack.","Содержит подходящий набор из рюкзака и планера.
Дважды щёлкните, чтобы распаковать."
"This furry companion may seem cute now, but one day it will grow into a fearsome predator.
Combine a Golden Tigris Cub, a Green Tigris Cub, and a Blue Tigris Cub with 20 Unidentified Dyes in the Mystic Forge to create a Mini Mist Shadow Tigris Cub.
Combine a Golden Tigris Cub, a Black Tigris Cub, and a Pink Tigris Cub with 20 Unidentified Dyes in the Mystic Forge to create a Mini Blazing Tigris Cub.","Этот пушистый питомец может показаться милым сейчас, но однажды он вырастет и станет грозным хищником.
Соедините золотого тигренка, зелёного тигренка и голубого тигренка с 20 неопознанными красками в Mystic Forge, чтобы создать мини-тигренка из туманной тени.
Соедините золотого тигренка, чёрного тигренка и розового тигренка с 20 неопознанными красками в Mystic Forge, чтобы создать мини-пылающего тигренка."
"This furry companion may seem cute now, but one day it will grow into a fearsome predator.
Combine a Green Tigris Cub, a Black Tigris Cub, and a White Tigris Cub with 15 Unidentified Dyes in the Mystic Forge to create a Mini Golden Tigris Cub.","Этот пушистый питомец может показаться милым сейчас, но однажды он вырастет и превратится в грозного хищника.
Объедините зелёного тигрёнка, чёрного тигрёнка и белого тигрёнка с 15 единицами неопознанных красок в Mystic Forge, чтобы создать миниатюрного золотого тигрёнка."
"This gift can be given to orphans around the city of Divinity's Reach.
<c=@flavor>""In these days of giving, remember the orphans. A small gift given will bring great joy.""</c>—Queen Jennah","Этот подарок можно передать сиротам в городе Divinity's Reach.
<c=@flavor>«В эти дни дарения не забудьте о сиротах. Небольшой подарок принесет им огромную радость», — Queen Jennah.</c>"
"This is perfect for creating Solus the Outlier's vegetable oil.

Event Item","Это идеально подходит для создания растительного масла Солуса-Изгоя.

Предмет события."
"This item can be safely sold.,
<c=@flavor>Castoran choya have developed a therapeutic treatment in which they bathe themselves in hot water mixed with diced fruit.</c>","Этот предмет можно безопасно продать.,
<c=@flavor>Касторанские чойи разработали терапевтическое лечение, при котором они купаются в горячей воде с нарезанными фруктами.</c>"
"This item has no value outside of a collection and can freely be sold to merchants.
<c=@Flavor>The banner of Joko waves eternal over the clans of Elona.</c>","Этот предмет не имеет ценности вне коллекции и может быть свободно продан торговцам.
<c=@Flavor>Знамя Джоко вечно реет над кланами Элоны.</c>"
"This item has no value outside of a collection and may be sold to vendors.
<c=@Flavor>Over the course of their reign, land reforms instituted by the Primeval dynasty would give rise to the nations of Kourna, Istan, and Vabbi.</c>","Этот предмет не имеет ценности вне коллекции и может быть продан торговцам.
<c=@Flavor>За время своего правления земельные реформы, проведенные династией Первобытных, привели к возникновению народов Курны, Истана и Вабби.</c>"
"This item has no value outside of a collection and may be sold to vendors.,
<c=@Flavor>This wood, harvested from the mountains of the Desert Highlands
This item has no value outside of a collection and may be sold to vendors.","Этот предмет не имеет ценности вне коллекции и может быть продан торговцам.,
<c=@Flavor>Эта древесина, добытая в горах Пустынных Нагорий
Этот предмет не имеет ценности вне коллекции и может быть продан торговцам."
"This pass provides permanent access to the Thousand Seas Pavilion, a beautiful isle adrift in the Mists.
• Quick Travel to All Cities and a Variety of Fishing Locations
• Scenic and Convenient Fishing and Boating Opportunities
• Crafting Stations
• Bank and Guild Bank Access
• Mystic Forge
• Merchants
• And more! All within easy reach, for those who enjoy the ultimate convenience.","Этот пропуск предоставляет постоянный доступ к Павильону тысячи морей, прекрасному острову, дрейфующему в Туманах.
• Быстрое перемещение во все города и в различные места для рыбалки
• Живописные и удобные возможности для рыбалки и катания на лодках
• Станции ремесла
• Доступ к банку и банку гильдии
• Mystic Forge
• Торговцы
• И многое другое! Всё в пределах лёгкой досягаемости для тех, кто ценит максимальное удобство."
"This seems like a very literal interpretation of what Albax asked you to find.

This item is automatically consumed upon receiving it, and its only purpose is as part of a collection.","Похоже, это очень буквальная интерпретация того, что Албакс просил вас найти.

Этот предмет автоматически расходуется при получении, и его единственная цель — быть частью коллекции."
"This strange asuran device provides permanent access to the Mistlock Sanctuary, a place that exists simultaneously in both Tyria and the Mists.
• Quick Travel to All Cities
• Fractals of the Mists Entrance
• Crafting Stations
• Bank and Guild-Bank Access
• Mystic Forge
• Merchants
• And more! All within easy reach, for those who enjoy the ultimate convenience.","Этот странный асурский прибор предоставляет постоянный доступ к Убежищу Туманных Скал — месту, существующему одновременно и в Тирии, и в Туманах.
• Быстрое путешествие во все города
• Вход в Осколки Туманов
• Кузнечные станции
• Доступ к банку и гильдийному банку
• Mystic Forge
• Торговцы
• И многое другое! Всё в пределах лёгкой досягаемости для тех, кто ценит максимальное удобство."
"This strange mist-wreathed box contains valuable loot.,
Double-click to open.","Эта странная затуманенная коробка содержит ценные трофеи.,
Дважды щёлкните, чтобы открыть."
"To create the Gift of War Prosperity, combine this in the Mystic Forge with:
• 15 Mystic Clovers
• 1 Gift of Condensed Might
• 1 Gift of Condensed Magic","Чтобы создать Gift of War Prosperity, соедините его в Mystic Forge с:
• 15 Mystic Clovers
• 1 Gift of Condensed Might
• 1 Gift of Condensed Magic"
Total Cost:,Общая стоимость:
Traidor desprestigiado,Опозоренный предатель
"Transforms you into a random Branded creature.,
Account bound on use.","Превращает вас в случайное создание из Клейма.,
Привязывается к учётной записи при использовании."
Trident honorifique des Veilleurs,Почётный трезубец Дозорных
Trésor hylek,Trésor hylek
"Turn in to a Shadows handler in the Crystal Desert.,
Event Item","Сдайте агенту Теней в Пустыне Кристалла.,
Предмет события"
Um jeden Preis,Во что бы то ни стало.
"Unlocks your choice of an End of Dragons Legendary Precursor weapon. Redeemable in End of Dragons.
Once this item has been acquired, it can be safely sold or discarded.","Открывает выбор легендарного предшественника из Конца драконов. Можно использовать в Конце драконов.
Как только этот предмет будет получен, его можно будет безопасно продать или выбросить."
"Use a salvage kit to salvage %num2% item[s].

<c=@reminder>Some items you'll find will be salvageable. Use a salvage kit to break them down into crafting materials.</c>","Используйте набор для разборки, чтобы разобрать %num2% [предмет|предмета|предметов].

<c=@reminder>Некоторые предметы можно разобрать на компоненты для крафта. Используйте набор для разборки, чтобы получить из них материалы.</c>"
"Use this item to unlock a table decoration that can change tabletops upon interaction as well as a homestead crafting recipe for additional copies.

This can only be used after Guild Wars 2: Janthir Wilds officially releases.","Используйте этот предмет, чтобы открыть доступ к декоративному элементу для стола, который при взаимодействии может изменять внешний вид столешниц, а также рецепту крафта для вашей усадьбы, позволяющему создавать дополнительные копии.

Этот предмет можно использовать только после официального выхода дополнения Guild Wars 2: Janthir Wilds."
"Use this ticket to select your choice of any outfit released up to and including the Queensdale Academy Outfit.

Anniversary gifts and Black Lion exclusives not included.","Используйте этот билет, чтобы выбрать любой костюм, выпущенный до и включая костюм Академии Квинсдейл.

Подарки ко Дню рождения и эксклюзивы Black Lion не включены."
"Use this to sign your account up for weekly Janthir Wilds Launch Supply Drops. Receive the first drop immediately and three more between now and September 9.

First Drop:
A Janthir Wilds Contract Board, a Wild Roar Mount Select License, and 2 Heroic Boosters.
Second Drop:
A Black Lion Outfit Voucher, a Wisteria Spear Skin, and 3 Smooth Berry Dye Kits.
Third Drop:
A Void Corrupted Weapon Choice, a Black Lion Backpack and Glider Voucher, and a Communal Boost Bonfire.
Fourth Drop:
5 Black Lion Chest Keys, a Black Lion Weapons Voucher, and a Golden Black Lion Chest Key.","Подпишитесь на еженедельную рассылку с подарками в честь запуска Диких земель Джантира. Получите первый подарок сразу и ещё три до 9 сентября.

Первый подарок:
Контрактная доска Диких земель Джантира, лицензия на выбор маунта «Дикий Рёв» и 2 героических усилителя.
Второй подарок:
Купон на комплект брони Black Lion, облики для копья «Глициния» и 3 комплекта красок Smooth Berry Dye Kit.
Третий подарок:
Оружие Void Corrupted на выбор, купон на рюкзак и плащ Black Lion и костёр для общего усиления.
Четвёртый подарок:
5 ключей от сундука Black Lion, купон на оружие Black Lion и золотой ключ от сундука Black Lion."
"Used in crafting rare Crystal Desert gear and components.
Also sought after by Priory Researcher Elisa.","Используется в создании редкого снаряжения и компонентов Crystal Desert.
Также разыскивается исследовательницей Элизой из Приората."
"Used to chop down all saplings.

33%% chance to complete gathering instantly.","Используется для рубки всех саженцев.

33%% шанс мгновенно завершить сбор."
"Used to chop down all saplings.

Replaces gathering results with logs used in higher-level crafting recipes. Material types are determined by the type of node gathered from. Elder wood can be improved a limited number of times each day.","Используется для вырубки всех саженцев.

Теперь при сборе материалов вместо обычных ресурсов получаются брёвна, которые используются в более сложных рецептах крафта. Тип материала определяется типом собранного ресурса. Древнюю древесину можно улучшать ограниченное количество раз в день."
"Used to chop down all saplings.

Rewards unbound magic on each swing in addition to logging results.","Используется для вырубки всех саженцев.

Даёт несвязанную магию каждым взмахом в дополнение к результатам заготовки древесины."
"Used to chop down all saplings. Rewards unbound magic on each swing in addition to logging results. Unlimited use.,
<c=@Reminder>This item can be exchanged for an updated version at the Black Lion Exchange Specialist.</c>","Используется для вырубки всех саженцев. Даёт несвязанную магию с каждым ударом в дополнение к результатам рубки. Неограниченное использование.,
<c=@Reminder>Этот предмет можно обменять на обновлённую версию у специалиста по обмену «Black Lion».</c>"
"Used to craft the legendary focus precursor Ars Goetia.
Combine in the Mystic Forge with Mystic Runestones, a Gift of Energy, and a Gift of the Mists to create the Gift of Ipos.","Используется для создания прецедента легендарного фокуса Арс Гоэтия.
Совместите в Mystic Forge с Мистическими Рунными Камнями, Подарком энергии и Подарком Туманов, чтобы создать подарок Ипоса."
"Used to craft the legendary greatsword precursor Exitare.,
Combine in the Mystic Forge with Mystic Runestones, a Gift of Metal
Used to craft the legendary hammer precursor Might of Arah.","Используется для создания легендарного двуручного меча-предшественника Изитара.,
Смешайте в Mystic Forge с Мистическими руническими камнями, Даром металла
Используется для создания легендарного молота-предшественника Мощь Ары."
"Used to craft the legendary longbow precursor Spero.
Combine in the Mystic Forge with Mystic Runestones, a Gift of Wood, and a Gift of the Mists to create the Gift of Pharus.","Используется для создания прекурсора легендарного длинного лука Сперо.
Соедините в Mystic Forge с Мистическими Рунами, Даром дерева и Даром Туманов, чтобы создать Дар Фаруса."
"Used to craft the legendary-shield precursor, Friendship.
Combine in the Mystic Forge with Mystic Runestones, a Gift of Metal, and a Gift of the Mists to create the Gift of Shooshadoo.","Используется для создания прекурсора легендарного щита «Дружба».
Соедините в Mystic Forge с Мистическими Рунами, Даром Металла и Даром Туманов, чтобы создать Дар Шушадо."
"Used to craft the legendary-sword precursor, Save the Queen.
Combine in the Mystic Forge with Mystic Runestones, a Gift of Metal, and a Gift of the Mists to create the Gift of the Blade.","Используется для создания предшественника легендарного меча «Спаси Королеву».
Соедините в Mystic Forge с Мистическими Рунами, Даром Металла и Даром Туманов, чтобы создать Gift of the Blade."
"Used to create a Gift of Galdra.

Earned by completing the Eternity's Garden Mastery achievement. Additional copies can be purchased from Visions of Eternity map vendors.","Используется для создания Подарка Галдры.

Получен за выполнение достижения «Мастерство Сада Вечности». Дополнительные копии можно приобрести у торговцев картой «Visions of Eternity»."
"Used to create a Gift of the People.

Earned by completing the Starlit Weald Mastery achievement. 
Additional copies can be purchased from Visions of Eternity vendors afterward.","Используется для создания Дара народа.

Получено за выполнение достижения «Мастерство Звёздной Рощи».
Дополнительные копии можно приобрести у торговцев «Visions of Eternity» после этого."
"Used to detect and dig up chunks of Brandstone that fall on Istan. 
Costs 3 Volatile Magic per 5-minute charge.","Используется для обнаружения и извлечения кусков огненного камня, падающих на Истан.
Требует 3 единицы нестабильной магии за 5 минут использования."
"Used to gather all plants.

Grants a 33%% chance to gain an extra strike while gathering.","Используется для сбора всех растений.

Даёт 33%% шанс получить дополнительный удар при сборе."
"Used to harvest all plants.
Gain snowflakes when gathering.","Используется для сбора всех видов растений.
Теперь при сборе можно получить снежинки."
"Used to mine all metals.

Grants a chance to receive bonus harvesting materials in addition to your gathering results. Material types are determined by your character level and location in the world.","Используется для добычи всех металлов.

Даёт шанс получить дополнительные материалы для сбора в дополнение к результатам сбора. Типы материалов определяются уровнем вашего персонажа и местоположением в мире."
"Used to mine all metals.

Grants a chance to receive bonus leather scraps in addition to your gathering results. Material types are determined by your character level and location in the world.","Используется для добычи всех металлов.

Даёт шанс получить дополнительные кожаные обрезки помимо результатов сбора. Типы материалов определяются уровнем вашего персонажа и местоположением в мире."
"Used to mine all metals.

Grants a chance to receive bonus wood logs in addition to your gathering results. Material types are determined by your character level and location in the world.","Используется для добычи всех металлов.

Даёт шанс получить дополнительную древесину в дополнение к результатам добычи. Типы материалов определяются уровнем вашего персонажа и местом в мире."
"Used to mine all metals.

Increases movement speed by 100%% for 5 seconds after gathering completes.","Используется для добычи всех металлов.

Увеличивает скорость передвижения на 100%% в течение 5 секунд после завершения сбора."
"Used to mine all metals.

Rewards unbound magic on each swing in addition to mining results.","Используется для добычи всех металлов.

Даёт несвязанную магию с каждым ударом в дополнение к результатам добычи."
"Used to purchase gifts for legendary armor and the legendary ring Coalescence from raid vendors.
Double-click to add to wallet.","Используется для покупки даров для легендарной брони и легендарного кольца Слияние у рейдовых торговцев.
Дважды щёлкните, чтобы добавить в кошелек."
"Used with exotic inscriptions and insignias to change the stats on ascended weapons and armor in the Mystic Forge.
Warning: All upgrades will be lost.","Используется с экзотическими гравировками и инсигниями для изменения характеристик вознесённого оружия и брони в Mystic Forge.
Предупреждение: Все улучшения будут утеряны."
Vanguardia,Вангардия
Verirrte Brut,Заблудшая зверь
Verwandlung beenden,Verwandlung beenden
"View %num1%/%num2% vista[s] in Snowden Drifts, Diessa Plateau, Brisban Wildlands, or Kessex Hills.

<c=@reminder>Vistas are scenic locations that show the world from a new perspective, and they are marked with a red triangle icon on the map.</c>","Осмотрите %num1%/%num2% [вид|вида|видов] в Сноуденских пустошах, на Diessa Plateau, в Брисбанских диких землях или в Kessex Hills.

<c=@reminder>Виды — это живописные места, с которых открывается новый вид на мир. На карте они отмечены красным треугольником.</c>"
"View %num1%/%num2% vista[s] in the Fields of Ruin, Blazeridge Steppes, Lornar's Pass, Dredgehaunt Cliffs, or the Harathi Hinterlands.

<c=@reminder>Vistas are scenic locations that show the world from a new perspective, and they are marked with a red triangle icon on the map.</c>","Осмотрите %num1%/%num2% [вид|вида|видов] в Полях Руин, Высотницах Блейзерриджа, Проходе Лорнара, Dredgehaunt Cliffs или Харатиских Запустениях.

<c=@reminder>Виды — это живописные места, с которых открывается новый вид на мир. На карте они отмечены красным треугольным значком.</c>"
"Vote for Champion's Dusk today in PvP's Unranked Arena and help test the new Stronghold PvP mode.

Learn more here.","Сегодня проголосуйте за карту «Чемпионский закат» в нерейтинговом режиме PvP и помогите протестировать новый режим игры на арене «Крепость».

Узнайте больше здесь."
Waldgeborener Späher-Kuckuck,Лесной разведчик-кукушка
Wasserfall-Jagd,Водопадная охота
"While in Bjora Marches:
Earn extra Essence of Valor on qualifying kills.
No more than once every 60 seconds, blinds your target for the first 5 seconds of combat when you first engage.

<c=@Reminder>Obtained by completing the Raven Sanctum's trials.</c>
<c=@Flavor>""We seek to destroy monsters with sharp claws and icy breath, but do we protect ourselves from the beasts shaped like us, who prey on the young and vulnerable, who seek to rule us?""</c>","Находясь в Бьёра-Маршес:
Получайте дополнительную Эссенцию Доблести за выполнение определенных условий убийства.
Не чаще одного раза каждые 60 секунд ослепляйте цель в течение первых 5 секунд боя при первом столкновении.

<c=@Reminder>Получается за прохождение испытаний Равен-Санктума.</c>
<c=@Flavor>«Мы стремимся уничтожать монстров с острыми когтями и ледяным дыханием, но защищаем ли мы себя от зверей, похожих на нас, которые охотятся на молодых и беззащитных, стремясь править нами?»</c>"
"Winter in Summer
Mystery Box","Зима летом
Таинственная коробка"
"Word reached me of some trouble in Dry Top. Prosperity was just attacked. I'm heading there to check on Taimi. Let's meet up and see if the kid's okay. Wolf guide you.

—Braham","До меня дошли слухи о неприятностях в Dry Top. Prosperity только что подвергся нападению. Я направляюсь туда, чтобы проверить Taimi. Давай встретимся и убедимся, что с девчонкой всё в порядке. Пусть Wolf ведёт тебя.

—Брейхам"
Wöchentliche Rissjagd,Еженедельная охота на разломы
"You did a good for us, so I give you advice. For most skritt, all food scavenged. Make a big pile, food will rot. Many young kitts are born, maybe pile not enough. But grubs you keep alive do not spoil. They make their own kitts. We learned this way, not past-looking, not now-looking. Think of the future. Bigjob like you? Many great things can come. Look at future, go toward the great things.<br>
—Forager Sneckit","Ты хорошо поработал для нас, поэтому я дам тебе совет. Большинство скриттов едят только найденную пищу. Сделай большую кучу, и пища начнет гнить. Возможно, родится много маленьких котят, и этой кучи будет недостаточно. Но личинки, которых ты сохраняешь живыми, не портятся. Они сами производят новых котят. Мы узнали это таким образом, мы смотрим в будущее, а не в прошлое или настоящее. Подумай о будущем. Ты делаешь большую работу? Тогда многое может произойти. Смотри в будущее и стремись к великим свершениям.<br>
—Собиратель Снекит"
[M]Brasero[s] de la Légion de la Flamme,[M]Факел Легиона Пламени
[M]Pistolet séraphin,[M]Серафимский пистолет
wöchentlich,wöchentlich
Événements dynamiques,Динамические события
"—Successful hits against other brawlers.

—A score of 25 will grant you champion status.","Успешные попадания по другим бойцам.

—Набрав 25 очков, вы получите статус чемпиона."
