english,translate
"I agree, but I haven't decided yet. I'll let you know when I do.","Я согласен, но ещё не решил. Я дам вам знать, когда решу."
I agree. More power will anchor and strengthen the portals. But this test just drained all the energy we got from the Megahedron Collider.,"Согласен. Больше мощности закрепит и усилит порталы. Но этот тест только что выкачал всю энергию, которую мы получили от Megahedron Collider."
I agree. This bears looking into. Please excuse me.,Согласен. Это стоит проверить. Прошу меня извинить.
"I am %str1%, Snaff Savant of the asura.","Я — %str1%, Snaff Savant асура."
"I am %str1%, the Hero of Shaemoor.","Я — %str1%, Герой Shaemoor."
"I am %str1%, the Slayer of Issormir. My deeds echo through the halls of Hoelbrak.","Я — %str1%, Убийца Issormir. Мои подвиги эхом отдаются в залах Hoelbrak."
"I am %str1%, valiant of the Pale Tree and bearer of a dire Wyld Hunt.","Я — %str1%, доблестный воин Pale Tree и носитель ужасной Wyld Hunt."
I am Pier. You are %str1%. What else is there to say?,Я Pier. Ты — %str1%. Что ещё тут скажешь?
"I am Sigfast, son of Knut Whitebear, Master of Hoelbrak. With my older brother, Skarti, and my friends in the Wolfborn, I protect and defend my father's mighty lodge.","Я Sigfast, сын Knut Whitebear, хозяина Hoelbrak. Вместе со своим старшим братом Skarti и моими друзьями из Wolfborn я защищаю и оберегаю могучий чертог моего отца."
"I am Skarti, oldest son of Knut Whitebear. I lead the Wolfborn, protectors of the Great Lodge, and I can outdrink any norn, charr, spirit, or god!","Я Skarti, старший сын Knut Whitebear. Я возглавляю Wolfborn, защитников Великого Чертога, и могу перепить любого норна, чарра, духа или бога!"
I am a minister of the realm and you are nothing! Die!,"Я министр этого королевства, а ты — никто! Умри!"
"I am glad to see you, %str1%. When they told me you'd been there at Claw Island, I feared the worst. And Tybalt...","Я рад видеть тебя, %str1%. Когда мне сказали, что ты был на Claw Island, я боялся худшего. А Tybalt..."
"I am norn, hunter of the wild, born of the free and rugged Shiverpeak mountains.","Я норн, охотник дикой природы, рожденный свободными и суровыми горами Shiverpeak."
"I am nothing. The god I praised is false. It has the power of winter, but it tried to kill me and failed.","Я ничто. Бог, которому я поклонялся — ложный. У него есть сила зимы, но он пытался убить меня и провалился."
"I am proud of you, Valiant %str1%. This was a difficult task, but you have proven yourself stalwart.","Я горжусь тобой, Valiant %str1%. Это было трудное задание, но ты проявил себя стойким."
I am ready to present my case against Zamon and start the trial.,Я готов представить своё дело против Zamon и начать суд.
"I am sorry. Good-bye, Lady Madeline.","Мне жаль. Прощайте, Lady Madeline."
"I am still untested, but already, my deeds have earned me friendship and great respect.","Я ещё не прошёл проверку, но мои деяния уже принесли мне дружбу и огромное уважение."
"I am with you, Minotaur. Together, we will stop the Sons of Svanir and save your people.","Я с тобой, Minotaur. Вместе мы остановим Sons of Svanir и спасем твой народ."
"I am. When Zhaitan falls, it'll be because of people like Tegwen.","Я горжусь. Когда Zhaitan падет, это произойдёт благодаря таким, как Tegwen."
"I answered Eir's call to help settle a dispute between the Orders of Tyria, right at her homestead.",Я ответил на призыв Eir помочь уладить спор между Орденами Tyria прямо в её усадьбе.
"I apologize, Lady. I'll talk to you later","Прошу прощения, леди. Поговорим позже."
"I apologize, my lady. Allow me to give you the news—a caravan of gold cloth is leaving Mabon Market even as we speak.","Прошу прощения, миледи. Позвольте доложить: караван с золотой тканью покидает Mabon Market прямо сейчас."
"I appreciate your consideration, but I wonder how my poor mother will react. I pray Kormir shields her from the shock.","Я ценю ваше участие, но гадаю, как отреагирует моя бедная мать. Молюсь, чтобы Kormir уберегла её от этого потрясения."
"I arrived on Claw Island just ahead of a Risen attack and found a new ally in the scholar Trahearne. We lit beacons at the fortress to warn Lion's Arch of Zhaitan's offshore forces, and we saw the Lionguard survivors of Fort Stalwart safely back to the mainland, though our retreat came at a terrible cost.","Я прибыл на Claw Island как раз перед атакой Risen и нашёл нового союзника в лице учёного Trahearne. Мы зажгли маяки в крепости, чтобы предупредить Lion's Arch о морских силах Zhaitan, и благополучно проводили выживших из Lionguard форта Fort Stalwart обратно на материк, хотя наше отступление стоило нам ужасно дорого."
I assisted Warmaster Forgal and saved Ebonhawke from invading charr renegades.,Я помог военачальнику Forgal и спас Ebonhawke от вторжения ренегатов чарр.
"I attended an advanced theoretical conference with Zojja and representatives of the three orders of Tyria. Professor Gorr presented his theory that the Elder Dragons consume magic, which was greeted with hostility. Gorr left to collect his research notes so he could convince the crowd, but he never came back. The Arcane Eye reported that Gorr had suddenly and conveniently died before he could return, but we were not convinced. I'm going to look into Gorr's disappearance personally.","Я посетил конференцию по передовой теории вместе с Zojja и представителями трех орденов Tyria. Профессор Gorr представил свою теорию о том, что Старшие Драконы поглощают магию, которая была встречена враждебно. Gorr ушёл, чтобы собрать свои исследовательские заметки, чтобы убедить толпу, но так и не вернулся. Arcane Eye сообщили, что Gorr внезапно и очень вовремя скончался, прежде чем смог вернуться, но мы не были убеждены. Я собираюсь лично расследовать исчезновение Gorr."
"I bathed the axe in Windshear's blood and returned it to Beigarth. He was impressed and told me he would finish work on it at once, then send it along with Eir when we set off to take down Korag. I can hardly wait to wield it.","Я омыл топор в крови Windshear и вернул его Beigarth. Он был впечатлен и сказал, что немедленно закончит работу над ним, а затем отправит его с Eir, когда мы отправимся побеждать Korag. Мне не терпится взять его в руки."
"I beg you, Lady, tell me what you know. Lives could be at stake!","Умоляю вас, леди, расскажите, что вы знаете. На кону могут быть жизни!"
"I believe it's Minister Zamon! I was out with a, ah, lady friend, and I saw him leaving the woods near Gibson Portage. Alone! And most suspiciously!","Я считаю, это Minister Zamon! Я был на прогулке с, э-э, одной леди, и видел, как он выходил из леса возле Gibson Portage. Один! И крайне подозрительно!"
"I believe you were at Lord Faren's party, were you not?","Кажется, вы были на приёме у Lord Faren, не так ли?"
"I bested the jotun in their own cave. Collecting Beigarth's steel was simple once they were out of the way, but the Jormag shrine I discovered there is troubling. The jotun were clearly worshipping it. Beigarth will be interested.","Я одолел йотунов в их собственной пещере. Собрать сталь для Beigarth было просто, как только они были устранены, но святилище Jormag, которое я там обнаружил, вызывает беспокойство. Йотуны явно поклонялись ему. Beigarth это заинтересует."
I bet Snarl I'd kill more undead than he will. Let's go! Blood Legion's reputation is on the line!,"Я поспорил со Snarl, что убью больше нежити, чем он. Погнали! На кону репутация Blood Legion!"
I boarded a submarine at Fort Trinity and set out to find and sink the ark that provides Zhaitan with the corpses required to create Risen monstrosities.,"Я сел на подводную лодку в Fort Trinity и отправился на поиски и уничтожение ковчега, который поставляет Zhaitan трупы, необходимые для создания чудовищ Risen."
"I boldly engaged in a pit-fighting competition, and through courage and skill, defeated Waine and reclaimed the Pale Tree's sword. Riannoc is avenged on his betrayer at last!",Я смело вступил в бойцовский турнир и благодаря мужеству и мастерству победил Waine и вернул меч Pale Tree. Riannoc наконец отомщен своему предателю!
"I brought my ancestor's horn back to the Great Lodge, only to fight off the Sons of Svanir who'd followed us for the horn. Eir and I defeated them, but at the cost of the horn itself. With the horn shattered, I'm even more dedicated to upholding the legacy of my ancestor, the great hero explorer Romke.","Я принес рог своего предка обратно в Great Lodge, только чтобы отбиться от Sons of Svanir, которые преследовали нас ради него. Мы с Eir победили их, но ценой самого рога. Теперь, когда рог разбит, я ещё больше полон решимости поддерживать наследие своего предка, великого героя-исследователя Romke."
I can and I will. This is where my legend begins!,Я могу и я сделаю это. Здесь начинается моя легенда!
I can arrange that.,Я могу это устроить.
"I can hear Zhaitan's stomach growling already. Great working with you, Commander. Looking forward to the next time.","Уже слышу, как урчит в животе у Zhaitan. Отлично поработали, Коммандир. Жду следующего раза."
I can see you're intent on making this conversation unpleasant. Good day.,"Вижу, вы намерены сделать этот разговор неприятным. Доброго дня."
I can't believe anyone could survive this long without going to a moot.,"Не верится, что кто-то может прожить так долго, ни разу не побывав на муте."
I can't rest yet. There's still so much to do.,Я пока не могу отдыхать. Ещё столько нужно сделать.
"I can't say, sir. We got some of them out, but not all. I'm sorry.","Не могу сказать, сэр. Мы вывели некоторых, но не всех. Мне жаль."
"I can't tell you everything, but the information came from the Shining Blade archives. Your parents worked for the Blade.","Я не могу рассказать всё, но информация поступила из архивов Сияющего Клинка. Твои родители работали на Клинок."
I can't tell you how much that means to me. Thank you. I'll...I'll do my best to keep up.,"Не могу выразить, как много это для меня значит. Спасибо. Я... я постараюсь не отставать."
I can't wait to show her victory!,Не терпится показать ей победу!
"I collected parts to build a working prototype of my weapon. The Flame Legion tried to stop me again, but I defeated them with the help of a gladium named Luccia Wildeye. After the fight, Luccia joined my warband and set up a proving ground where I can test the prototype.","Я собрал детали для рабочего прототипа своего оружия. Flame Legion снова пытался мне помешать, но я победил их с помощью гладиуса по имени Luccia Wildeye. После боя Luccia присоединилась к моему отряду и подготовила полигон, где я могу испытать прототип."
"I collected the steel for Beigarth to forge the weapon, but I also saw jotun worshipping at an altar to the ice dragon Jormag! I'll ask Eir about it—nobody has more experience battling Jormag's corruption.","Я собрал сталь для Beigarth, чтобы он выковал оружие, но также увидел, как йотуны поклоняются алтарю ледяного дракона Jormag! Я спрошу об этом Eir — никто не знает больше о борьбе с порчей Jormag."
I completely understand. I'm very sorry to have disrupted your party. Good evening.,"Я все понимаю. Мне очень жаль, что я помешала вашему приему. Доброго вечера."
"I convinced the carnival performers to trust me by besting them at their own games. Once they let me inside, I found Garand—and the dangerous toy they've created, the grizwhirl. It has the power to hypnotize subjects and make them do terrible things.","Я убедил артистов цирка довериться мне, победив их в их же играх. Как только они впустили меня, я нашёл Garand — и опасную игрушку, которую они создали, гризвихрь. Она обладает силой гипнотизировать субъектов и заставлять их совершать ужасные вещи."
"I created a distraction and challenged Sariel of the Nightmare Court, while Caithe snuck through their campsite at Hemlock Coil. With a little defiance and a lot of good fortune, the white stag is free again. Now we will take it to the Grove, where the stag will be safe.","Я создал отвлекающий маневр и вызвал на дуэль Sariel из Nightmare Court, пока Caithe пробиралась через их лагерь в Hemlock Coil. Благодаря капле дерзости и большой удаче белый олень снова свободен. Теперь мы доставим его в Рощу, где он будет в безопасности."
"I decided that Romke's horn was too corrupted and must be destroyed. The kodan had a way to rip out the horn's power, but the horn summoned terrifying creatures to defend itself. In the end, we prevailed. I hated to lose this heirloom from my ancestor, but now the Sons of Svanir can no longer use it for darkness.","Я решил, что рог Romke слишком сильно осквернен и должен быть уничтожен. У коданов был способ извлечь силу рога, но он призывал ужасных существ для своей защиты. В конце концов, мы победили. Мне было жаль терять эту реликвию моего предка, но теперь Сыны Svanir больше не смогут использовать её во зло."
"I decided to go with Logan to protect the well, and we thwarted the poisoners' plans. The bandits told me Two-Blade Pete had killed Quinn. I wish I could've saved him, but I had to do what I thought was right.","Я решил пойти с Logan, чтобы защитить колодец, и мы сорвали планы отравителей. Бандиты сказали мне, что Two-Blade Pete убил Quinn. Жаль, что я не смог его спасти, но я должен был поступить так, как считал правильным."
"I defeated Mikkel Toivosson to become the new Big Brawl champion. It felt great to avenge my earlier defeat and repair my reputation, but it's even better knowing that both Knut Whitebear and Eir think I'm the kind of champion who will inspire the people of Hoelbrak.","Я победил Mikkel Toivosson и стал новым чемпионом Big Brawl. Было здорово отомстить за свое поражение и восстановить репутацию, но ещё приятнее знать, что и Knut Whitebear, и Eir считают меня тем чемпионом, который вдохновит народ Hoelbrak."
"I defeated the jotun's would-be giant-king Korag. Without him, his followers abandoned their worship of Jormag. The jotun still claim norn lands as their own, so they're still a threat, but at least they won't be fighting for the Sons of Svanir.","Я победил несостоявшегося короля великанов йотунов, Korag. Без него его последователи отказались от поклонения Jormag. Йотуны все ещё претендуют на земли норнов, так что они все ещё представляют угрозу, но, по крайней мере, они не будут сражаться за Sons of Svanir."
"I defended Durmand Priory from the invading armies of Zhaitan. The dragon is powerful, but like a force of nature—it lashes out where it feels resistance, in an attempt to overwhelm anything in its path. Our victory at the priory bolstered our confidence. Now, we take back Claw Island.","Я защитил Durmand Priory от армий вторжения Zhaitan. Дракон могуществен, но он подобен силе природы — он наносит удар там, где чувствует сопротивление, пытаясь сокрушить все на своем пути. Наша победа в Приорате укрепила нашу уверенность. Теперь мы вернем Claw Island."
"I defended Vigil Keep from the armies of Zhaitan. The dragon is powerful, but like a force of nature—it lashes out where it feels resistance, in an attempt to overwhelm. The victory at the keep has bolstered our confidence. Next, we retake Claw Island.","Я защитил Vigil Keep от армий Zhaitan. Дракон могуществен, но он подобен силе природы — он наносит удар там, где чувствует сопротивление, пытаясь подавить его. Победа в крепости укрепила нашу уверенность. Далее мы отвоюем остров Claw."
"I defended the Chantry of Secrets from the invading armies of Zhaitan. This victory at the Chantry has bolstered our confidence. Now, we take back Claw Island.",Я защитил Chantry of Secrets от наступающих армий Zhaitan. Эта победа в Chantry укрепила нашу уверенность. Теперь мы отвоюем Claw Island.
"I delivered the bad news about Tonn to his widow, Ceera. As a Pact medic, she deals with death every day, but that didn't make Tonn's heroic sacrifice any easier to hear. In her grief, she blamed me for Tonn's death and ran off, straight into a throng of undead. I was able to rescue her, but she remained furious and refused to forgive me. I can only hope that our eventual victory over the dragons will make Ceera see that Tonn's bravery saved countless lives and helped secure Tyria's freedom.","Я сообщил плохие новости о Tonn его вдове, Ceera. Как медик Pact, она каждый день сталкивается со смертью, но от этого героическое самопожертвование Tonn не стало легче принять. В своем горе она обвинила меня в смерти Tonn и убежала прямо в толпу нежити. Мне удалось спасти её, но она осталась в ярости и отказалась простить меня. Я могу лишь надеяться, что наша окончательная победа над драконами заставит Ceera понять, что храбрость Tonn спасла бесчисленное множество жизней и помогла обеспечить свободу Tyria."
I did what was best for Kryta. I only did what I had to do!,"Я делал то, что было лучше для Kryta. Я делал только то, что должен был!"
"I did, but I'm not aware of his specific classification. Wight? Lich? Otherwise? We'll need to ask the Pale Tree.","Видел, но я не знаю его точной классификации. Умертвие? Лич? Кто-то ещё? Нам нужно спросить Бледное Дерево."
I did. But he would not listen. He said that Mazdak was too great an evil to leave unchallanged.,"Сказал. Но он не стал слушать. Он сказал, что Mazdak — слишком великое зло, чтобы оставлять его безнаказанным."
"I didn't mean...never mind. You throw a lovely party, my lady. Good day.","Я не это имел в виду... неважно. Вы устроили прекрасный праздник, миледи. Доброго дня."
"I didn't want to do it. My soldiers were starving, our equipment was ruined. I had to do something or the centaurs would have killed us all.","Я не хотел этого делать. Мои солдаты голодали, наше снаряжение было уничтожено. Я должен был что-то предпринять, иначе кентавры перебили бы нас всех."
"I discovered important information from the thieves. First, the Ministry Guard has been releasing prisoners and sending them out to join a growing band of criminals. Second, the ringleader is planning an arson attack on Divinity's Reach. He's targeting either the military hospital or the orphanage.","Я узнал важную информацию от воров. Во-первых, Ministry Guard выпускает заключенных и отправляет их вступать в растущую банду преступников. Во-вторых, главарь планирует поджог в Divinity's Reach. Он нацелился либо на военный госпиталь, либо на приют."
"I discussed the next course of action with the Order representatives, and chose a direction for the investigation. I hope we discover the cause of these problems soon.","Я обсудил дальнейшие действия с представителями Ордена и выбрал направление для расследования. Надеюсь, мы скоро выясним причину этих бед."
I discussed the next course of action with the Order representatives.,Я обсудил дальнейшие действия с представителями Орденов.
I do apologize. I merely wished to offer my compliments. Everything smells delicious!,Приношу извинения. Я просто хотел сделать комплимент. Все так вкусно пахнет!
I do. Check in with Captain Thackeray. There may be a place for you in the Seraph.,"Знаю. Обратись к Captain Thackeray. Возможно, для тебя найдётся место в Seraph."
"I do. Your honor, we have evidence proving Minister Zamon conspired against the citizens of Divinity's Reach. He abused his authority to commit thievery, murder, and treason.","Я. Ваша честь, у нас есть доказательства того, что Minister Zamon вступил в сговор против граждан Divinity's Reach. Он злоупотребил своей властью, совершая кражи, убийства и государственную измену."
"I don't envy you the decision, or the consequences.</ref>",Я не завидую тебе в этом решении или его последствиях.</ref>
"I don't know Hare, but she sounds fascinating. Tell me more.","Я не знаю Hare, но она звучит интригующе. Расскажи мне больше."
"I don't know how I can do on without her. Tegwen was my friend, my partner. We worked together for years. She taught me everything I know. Now, she's...gone.","Не знаю, как я справлюсь без неё. Tegwen была моим другом, моим напарником. Мы работали вместе годами. Она научила меня всему, что я знаю. Теперь её... нет."
"I don't know how you arm wrestled them to be here, but you've got the tenacity of a mastiff, %str1%!","Не знаю, как ты заставил их быть здесь, но у тебя упорство мастифа, %str1%!"
"I don't know its name, or its master's. All I know is that it is a beast, and it does not deserve our worship. If I cannot convince my people to resist it, it will destroy us all.","Я не знаю его имени или имени его хозяина. Все, что я знаю — это зверь, и он не заслуживает нашего поклонения. Если я не смогу убедить свой народ сопротивляться ему, он уничтожит нас всех."
I don't know what to say. This is amazing news. l never thought l'd find any trace of them.,"Даже не знаю, что сказать. Это потрясающие новости. Я никогда не думал, что найду хоть какой-то след о них."
I don't know what to say. This must have taken a great deal of work on.,"Даже не знаю, что сказать. Должно быть, это потребовало огромной работы."
"I don't know, but we'll find out. Hey, can I ask you a question?","Не знаю, но мы выясним. Эй, можно задать тебе вопрос?"
I don't know. Let's hurry up and move out.,Не знаю. Давай поторопимся и выдвигаемся.
"I don't like it, but I think it's safer to put you in a golem. We're fusing you.","Мне это не нравится, но думаю, безопаснее поместить тебя в голема. Мы проводим слияние."
I don't like walking into a grawl den without backup. Stay sharp.,Мне не нравится входить в логово граулов без подстраховки. Будь начеку.
"I don't trust Ministry Guards. This place is full to the gills with 'em. Dunno why, but if you're interested, try asking one what they're doing here.","Я не доверяю Ministry Guards. Это место ими кишит. Не знаю почему, но если интересно, попробуйте спросить у одного из них, что они здесь делают."
"I don't, but you should ask Minister Wi. He hired three last Wintersday.","Нет, но тебе стоит спросить Minister Wi. Он нанимал троих на прошлый Wintersday."
I doubt it. Let's get these plans back to the tribune.,Сомневаюсь. Давай вернем эти чертежи трибуну.
"I employed some quick thinking and some serious fast-talking to convince Councillor Flax's people to hand over his crozier. Now that we have the power source we need, Shodd and I are ready to take the final step and make the Infinity Ball work the way I always intended it to work: perfectly. I just hope Zojja will be more impressed than angry.","Я применил смекалку и подвешенный язык, чтобы убедить людей Councillor Flax отдать его посох. Теперь, когда у нас есть нужный источник энергии, мы с Shodd готовы сделать последний шаг и заставить Infinity Ball работать так, как я всегда задумывал: идеально. Надеюсь, Zojja будет скорее впечатлена, чем разгневана."
"I expect you'll go off and pursue your own projects. That's the way it goes. Genius never stands still. On behalf of Kazz and Doxa and the whole krewe: great working with you, %str1%.","Полагаю, ты отправишься заниматься своими делами. Так всегда бывает. Гений никогда не стоит на месте. От лица Kazz, Doxa и всей команды: было приятно работать с тобой, %str1%."
I explored Windrock Maze and found the first half of the key mentioned in my sire's letter. I'm going to Lamia Mire to find the second half.,"Я исследовал лабиринт Windrock Maze и нашёл первую половину ключа, упомянутую в письме отца. Я направляюсь в Lamia Mire, чтобы найти вторую половину."
I feel bad for Lady Madeline.,Мне жаль Lady Madeline.
"I feel strong for the first time since the false god attacked me. With your help, I can free my people from its clutches.","Я впервые чувствую себя сильным с тех пор, как лжебог напал на меня. С твоей помощью я смогу освободить свой народ из его лап."
"I followed the soldier's trail northeast along the road on the way to Black Haven. If I hurry, I can catch him before he does more harm.","Я последовал по следу солдата на северо-восток вдоль дороги к Black Haven. Если потороплюсь, то успею перехватить его, пока он не натворил новых бед."
"I forgot about Howl. Oh, wow. I bet the rocks got him! He was in the crypt when it crumbled and sunk. Yup, rocks got him, or he'd be back by now.","Я забыл про Howl. О, вау. Готов поспорить, его завалило камнями! Он был в склепе, когда тот рухнул и ушёл под землю. Да, камни его достали, иначе он бы уже вернулся."
"I formally joined the Vigil to take down Rakt of the Arcane Eye. Crusader Slep joined me in the attack, and after a fierce battle, we were able to take Rakt down. This allowed for Professor Gorr's theory to be freely distributed, but Councillor Flax admitted that the Arcane Council had known Gorr's theory was true all along and was stifling the information until they figured out a way to exploit it. Zojja told me she was heading for Lion's Arch to meet up with an old friend, and since my new Vigil mentor is also waiting in Lion's Arch, I told her I'd look for her there.","Я официально присоединился к Vigil, чтобы победить Rakt из Arcane Eye. Крестоносец Slep присоединился ко мне в атаке, и после ожесточенной битвы мы смогли победить Rakt. Это позволило свободно распространять теорию профессора Gorr, но советник Flax признал, что Arcane Council знал, что теория Gorr верна все это время, и скрывал информацию, пока не придумал способ использовать её. Zojja сказала мне, что направляется в Lion's Arch, чтобы встретиться со старым другом, и поскольку мой новый наставник из Vigil тоже ждет в Lion's Arch, я сказал ей, что буду искать её там."
"I fought beside Riannoc and saw him betrayed by his human squire, Waine. It is truly a tragedy that Riannoc's trust was so misplaced. I wonder where the boy took the sword, Caladbolg, when he fled the swamp?","Я сражался бок о бок с Riannoc и видел, как его предал его человеческий оруженосец, Waine. Это настоящая трагедия, что доверие Riannoc оказалось так неуместно. Интересно, куда мальчишка унес меч, Caladbolg, когда сбежал из болота?"
"I fought off Sariel's cronies and faced Gavin in an honorable duel. Whatever else these Nightmare Court members may be, not all of them are dishonorable.","Я отбился от приспешников Sariel и сразился с Gavin в честном поединке. Кем бы ни были эти члены Nightmare Court, не все они лишены чести."
"I found Samona Ironclaw, an Iron Legion soldier, to help me protect their new siege engine from the Flame Legion. Sadly, taking me into a classified warehouse got her kicked out of the Iron Legion, but she cheerfully joined my warband without missing a beat—or a syllable.","Я нашёл Samona Ironclaw, солдата Iron Legion, чтобы она помогла мне защитить их новую осадную машину от Flame Legion. К сожалению, из-за того, что она провела меня на секретный склад, её выгнали из Iron Legion, но она с радостью присоединилась к моему отряду, не сбившись ни с ритма, ни со слога."
"I found Tactician Syska's body and realized the ""Syska"" I've met must be a disguised mesmer. The Pact can't afford an enemy agent embedded so high up in the chain of command, so I set out to send word to Trahearne before the impostor can do any more damage.","Я нашёл тело Tactician Syska и понял, что ""Syska"", которую я встречал, должно быть, замаскированный месмер. Pact не может позволить вражескому агенту занимать столь высокое положение в командной цепочке, поэтому я отправился передать весточку Trahearne, прежде чем самозванец успеет нанести ещё больший ущерб."
"I found enough people to testify against Zamon and make it stick. Lord Faren spotted Minister Zamon emerging from a bandit-controlled forest, and Guardsman Reth mentioned that the Ministry Guard was often ordered away from areas where bandit raids were about to take place.","Я нашёл достаточно людей, готовых дать показания против Zamon, чтобы обвинения были приняты. Lord Faren видел, как Minister Zamon выходил из леса, контролируемого бандитами, а Guardsman Reth упомянул, что Ministry Guard часто получали приказы покинуть районы, где должны были произойти налеты бандитов."
"I found out that the renegades plan to assassinate Minister Kent Duran, of Kryta. I also found out that the renegade leader, Ajax, is Almorra's son. It must have been difficult for her to put Tyria's well being before that of her flesh-and-blood.","Я выяснил, что ренегаты планируют убить министра Kent Duran из Крайты. Я также узнал, что лидер ренегатов, Ajax, — сын Almorra. Должно быть, ей было нелегко поставить благополучие Тирии выше жизни своей плоти и крови."
I found some miserable Sons of Svanir. Turns out they've been feeding minotaurs to a dragon minion. This has to stop!,"Я нашёл там жалких Sons of Svanir. Оказывается, они скармливали минотавров прислужнику дракона. Этому нужно положить конец!"
"I found the camp where Syska was seen doing black market business with the Flame Legion. When I tried to investigate, I was confronted and attacked by a series of baffling mesmer illusions. Whoever cast the illusions was determined to keep me out, but I prevailed and gained access to the camp.","Я нашёл лагерь, где Syska была замечена за делами на чёрном рынке с Flame Legion. Когда я попытался провести расследование, меня встретили и атаковали чередой сбивающих с толку иллюзий месмера. Тот, кто создал эти иллюзии, был полон решимости не пустить меня, но я одержал верх и получил доступ в лагерь."
"I gained the trust of Captain Barnicus and crew and learned that Kellach met with Alastia Crow, their seer, and was corrupted when he scryed too deeply into Orr. Apparently, Crow told him that he needed royal blood to undo the corruption, so he killed her and sank the ""Ravenous."" I need to warn Logan that Queen Jennah is in danger!","Я завоевал доверие Captain Barnicus и его команды и узнал, что Kellach встречался с Alastia Crow, их провидицей, и был осквернен, когда слишком глубоко заглянул в Orr. По-видимому, Crow сказала ему, что для снятия осквернения нужна королевская кровь, поэтому он убил её и потопил «Ravenous». Мне нужно предупредить Logan, что Queen Jennah в опасности!"
"I got funds to reequip my soldiers, munitions, decent rations, and a promotion. My command's killed more centaurs than the rest of the Seraph combined--thanks to Falcon Company's sacrifice.","Я получил средства на переоснащение моих солдат, боеприпасы, приличный паек и повышение. Мой отряд уничтожил больше кентавров, чем все остальные Seraph вместе взятые — благодаря жертве Falcon Company."
"I greet you beneath the sunlight, %str1%. What shall I do to help?","Приветствую тебя под солнечным светом, %str1%. Что мне сделать, чтобы помочь?"
"I had a run-in at the tavern with a bully named Big Nose Ted. I had it under control until the Ministry Guard showed up, and Commander Serentine tried to arrest me along with the troublemakers. Luckily, Captain Thackeray vouched for me. My friend Andrew, the tavern keeper, was injured in the fight. Thackeray sent me to Lieutenant Francis for medicine from Seraph supplies.","У меня в таверне случилась стычка с хулиганом по имени Big Nose Ted. Я держал ситуацию под контролем, пока не появилась Ministry Guard, и Commander Serentine не попыталась арестовать меня вместе с зачинщиками. К счастью, Captain Thackeray поручился за меня. Мой друг Andrew, хозяин таверны, был ранен в драке. Thackeray отправил меня к Lieutenant Francis за лекарствами из запасов Серафимов."
"I had no proof! If I reported people based on every wicked rumor, the prisons would be full and the parties empty.","У меня не было доказательств! Если бы я доносила на людей из-за каждого злого слуха, тюрьмы были бы переполнены, а балы — пусты."
"I hadn't thought much about that. People love to gossip, but I try to avoid speaking of personal affairs at parties. It's unseemly.","Я об этом не задумывалась. Люди любят посплетничать, но я стараюсь избегать личных тем на вечеринках. Это неприлично."
"I harvested winter sage and taught the grawl not to get in the way when I'm on a mercy mission. Wolf Shaman Gamli is waiting in Hoelbrak so he can use it to help the stricken Wolf Havroun's apprentice, Valda.","Я собрал зимний шалфей и научил grawl не мешать мне, когда я нахожусь на задании милосердия. Wolf Shaman Gamli ждет в Hoelbrak, чтобы использовать его для помощи ученице Wolf Havroun, Valda."
"I hate to rush you, %str1%, but it's time to decide. We need to find those children.","Не хочу тебя торопить, %str1%, но пора решать. Нам нужно найти этих детей."
"I hate to think of anyone wandering lost, alone, and wounded in this cold. I just hope we find Gara before the snow swallows him up.","Ненавижу думать о том, что кто-то бродит потерянным, одиноким и раненым в этом холоде. Надеюсь, мы найдём Gara, прежде чем снег поглотит его."
I hate to waste any brew on Svanir scum. At least it's for a worthy cause.,Ненавижу тратить выпивку на отбросов Svanir. Но хотя бы ради благого дела.
I have another question about the prey.,У меня есть ещё вопрос о добыче.
"I have another question, if you please.","У меня есть ещё один вопрос, если можно."
I have forgotten my access code.,Я забыл свой код доступа.
"I have just what you need. Ghostfire shells: highly experimental, highly combustible.","У меня есть как раз то, что вам нужно. Снаряды с призрачным огнем: экспериментальные, легко воспламеняющиеся."
"I have my doubts about this. I've never seen anyone ""convince"" a grawl of anything. I don't even know if they're capable of making an argument, and now we're here to watch grawl debate?","У меня есть сомнения насчет этого. Я никогда не видел, чтобы кто-то «убедил» граула в чем-либо. Я даже не знаю, способны ли они к аргументации, а мы здесь, чтобы смотреть на дебаты граулов?"
"I have no doubt, %str1%. May Wolf guide you and Eir in your quest for aid. His blessing be on your pack, and on poor Valda.","Я не сомневаюсь, %str1%. Пусть Wolf ведёт тебя и Eir в ваших поисках помощи. Его благословение да пребудет с твоей стаей и с бедной Valda."
I have no need for tips. I will find my own prey.,Мне не нужны советы. Я сам найду свою добычу.
I have some questions before we begin.,"У меня есть несколько вопросов, прежде чем мы начнем."
I have to ask you something.,Мне нужно кое-что у тебя спросить.
"I have to be, General. Now the commander and I need to confer and choose the best course of action.","Я обязан, генерал. Теперь нам с Коммандиром нужно посовещаться и выбрать лучший план действий."
I have to go back. The looters will take everything.,Я должен вернуться. Мародеры заберут всё.
I have to run-have to get away from here. Thank you for my life!,"Я должен бежать — должен выбраться отсюда. Спасибо, что спасли мне жизнь!"
I haven't been this excited since I figured out the difference between a mouse and a hamster. You just have to flip 'em over and-,"Я не был так взволнован с тех пор, как понял разницу между мышью и хомяком. Нужно просто перевернуть их и..."
"I haven't decided yet, but I look forward to fighting alongside Eir Stegalkin.","Я ещё не решил, но с нетерпением жду возможности сразиться плечом к плечу с Eir Stegalkin."
I haven't had this much fun since I discovered the agriculture minister was stealing truffles.,"Мне не было так весело с тех пор, как я обнаружил, что министр сельского хозяйства воровал трюфели."
I haven't seen Baron Corone yet! Rumor has it he's livid over the theft of his precious chalice. It was originally Queen Salma's. I hear he may offer a reward.,"Я ещё не видела барона Corone! Ходят слухи, что он в ярости из-за кражи своего драгоценного кубка. Изначально он принадлежал королеве Salma. Слышала, он может предложить награду."
"I hear of your victories, and I am reminded—perhaps there is still a reason for hope.We will meet again, soon.","Я слышу о твоих победах, и мне напоминают — возможно, ещё есть повод для надежды.Мы встретимся снова, скоро."
"I hear you're searching for the Legate Minister's daughter, Demmi. How lucky you are that we found her before the dangers of the wilderness did! Unfortunately, of course, getting her to our lovely safe pirate camp was very expensive, but I'm certain a wealthy man like Minister Caudecus can spare a platinum or fifty. Make it a hundred, actually. For a dainty little thing, she sure can drink a lot of rum.","Я слышал, вы ищете дочь легата-министра, Demmi. Как же вам повезло, что мы нашли её раньше, чем это сделали опасности дикой природы! К сожалению, конечно, доставить её в наш милый безопасный пиратский лагерь было очень дорого, но я уверен, что такой богатый человек, как министр Caudecus, может выделить платину или пятьдесят. На самом деле, пусть будет сто. Для такой хрупкой штучки она определенно умеет пить много рома."
"I heard about the krait orb you discovered and how much it cost you to collect it. Nothing I say will make the loss of your partner any easier, but you have to press on. I wish I could be more comforting, but the truth is, the war is far from over and a lot more innocents and heroes are going to die before we cleanse Tyria of the dragons.Destiny's Edge is still trying to pull itself together, but at the moment I fear it's a lost cause. We've got the physical and magical skills it takes to be effective, but there's too much anger and bitterness for us to function effectively as a team anymore. As Countess Anise says, I'm hoping for the best but preparing for things to get much worse before they get any better.I'll be in touch,","Я слышал о сфере krait, которую вы обнаружили, и о том, чего вам стоило её заполучить. Ничто из того, что я скажу, не облегчит потерю вашего напарника, но вы должны двигаться дальше. Хотел бы я быть более утешительным, но правда в том, что война ещё далека от завершения, и ещё много невинных и героев погибнет, прежде чем мы очистим Tyria от драконов.Destiny's Edge все ещё пытается собраться с силами, но на данный момент я боюсь, что это безнадежное дело. У нас есть физические и магические навыки, необходимые для эффективности, но в нас слишком много гнева и горечи, чтобы мы могли эффективно функционировать как команда. Как говорит графиня Anise, я надеюсь на лучшее, но готовлюсь к тому, что все станет намного хуже, прежде чем станет лучше.Я свяжусь с вами,"
"I heard about the lethal mix-up with the mortar company. I'm glad you put down the mesmer—those illusion-casting imbeciles can be real trouble, expecially when you're trying to organize a lot of people for the same purpose.Try not to let it ruin the rest of your war, and keep up the good work.I think Eir is plotting something to smooth things over between me and her, or me and the rest of Destiny's edge. I may see what she's got in mind, just for a laugh. I'll let you know how it goes.Until then,","Я слышал о смертельной путанице с минометной ротой. Я рад, что вы прикончили месмера — эти идиоты, создающие иллюзии, могут быть настоящей проблемой, особенно когда пытаешься организовать много людей для одной цели.Постарайтесь не позволить этому испортить остаток вашей войны и продолжайте в том же духе.Я думаю, Eir что-то замышляет, чтобы сгладить углы между мной и ней, или мной и остальными из Destiny's Edge. Может, посмотрю, что она задумала, просто ради смеха. Я дам вам знать, как все пройдёт.До тех пор,"
"I heard about the loss of your demolitionist pal Tonn. I didn't know him, but I think I might have gotten along with him—people who like to blow stuff up tend to keep the conversation lively. Try not to let his death ruin the rest of your war, and keep up the good work.I think Eir is plotting something to smooth things over between me and her, or me and the rest of Destiny's edgeedge should be capitalized. I may see what she's got in mind, just for a laugh. I'll let you know how it goes.Until then,","Я слышал о потере вашего друга из Lionguard, Apatia. Она звучит как женщина норн, с которой я мог бы поладить, что было бы приятной переменой в нынешних обстоятельствах.Постарайтесь не позволить этому испортить остаток вашей войны и продолжайте в том же духе.Кстати о женщинах норн, я думаю, Eir что-то замышляет, чтобы сгладить углы между мной и ней, или мной и остальными из Destiny's Edge. Может, посмотрю, что она задумала, просто ради смеха. Я дам вам знать, как все пройдёт.До тех пор,"
"I heard about your troubles with the Pact's mortar company. I know you're still agonizing over the soliders who died under your guns, but the important thing is that you exposed the spy that was fouling up the Pact's cohesion...which was obviously her goal.","Я слышал о ваших неприятностях с минометной ротой Пакта. Я знаю, вы все ещё мучаетесь из-за солдат, погибших под вашим огнем, но главное, что вы разоблачили шпиона, который подрывал сплоченность Пакта... что, очевидно, и было её целью."
I heard what the Sons of Svanir are doing to those poor minotaurs. I'm gald you're putting a stop to it. Is there anything I can do?,"Я слышал, что Sons of Svanir творят с этими бедными минотаврами. Я рад, что ты положишь этому конец. Могу ли я чем-то помочь?"
"I heard what you did in Shaemoor, and I know you've got Thackeray's ear. What I'm telling you could get a man killed, so use it well.","Я слышал, что ты сделал в Shaemoor, и знаю, что ты вхож в доверие к Thackeray. То, что я скажу, может стоить человеку жизни, так что распорядись этим с умом."
I heard you saved that Faren dandy from ruffians. Suppose you could let them hold on to him for a while next time? I could use a break from hearing about his romantic exploits!,"Слышал, ты спас этого щеголя Lord Faren от бандитов. Может, в следующий раз позволишь им подержать его у себя подольше? Мне бы не помешал отдых от его любовных похождений!"
I held out against the Dengatl attack.,Я выстоял против атаки Денгатл.
"I helped Ash Legion use my Ghostbore weaponry to defeat Warmaster Labofski and his ghost army. I also saved the life of Zemzer Undercut, a rookie soldier who then joined my warband.","Я помог Ash Legion использовать мое оружие Ghostbore, чтобы победить Warmaster Labofski и его армию призраков. Я также спас жизнь Zemzer Undercut, новобранцу, который затем присоединился к моему отряду."
"I helped Blood Legion use my Ghostbore weaponry to defeat Warmaster Labofski and his ghost army. I also saved the life of Cimmara Pistolwhip, a hotheaded soldier who then joined my warband.","Я помог Blood Legion использовать моё оружие Ghostbore, чтобы победить Warmaster Labofski и его армию призраков. Также я спас жизнь Cimmara Pistolwhip, вспыльчивому солдату, который затем присоединился к моему отряду."
I helped Carys defend the beach. Tegwen was searching for the artifact in dangerous territory. She may have been captured by krait.,"Я помог Carys защитить пляж. Tegwen искала артефакт на опасной территории. Возможно, она была захвачена krait."
"I helped Fyon the Wraith, a veteran ghost hunter, defeat the spirit of Warmaster Kaylar. Fyon's an older charr, and he was feeling like he didn't have much more to contribute. I showed him that he can still be useful, and together we avenged his fallen comrades. In gratitude, Fyon has agreed to join my warband.","Я помог Fyon the Wraith, ветерану-охотнику на призраков, победить дух военачальника Kaylar. Fyon — пожилой чарр, и он чувствовал, что больше ни на что не годен. Я показал ему, что он все ещё может быть полезен, и вместе мы отомстили за его павших товарищей. В знак благодарности Fyon согласился вступить в мой отряд."
"I helped Gahn Towerbreaker defend the Vigil keep from the horde of undead Rissa's amulet summoned. I've decided to check back in with Rytlock and the other order reps. This has gone far enough, and it's way past time to find Rissa, destroy her and her amulets, and find out what happened to Howl the Brazen.","Я помог Gahn Towerbreaker защитить Vigil Keep от орды нежити, призванной амулетом Rissa. Я решил снова связаться с Rytlock и представителями других орденов. Это зашло слишком далеко, и давно пора найти Rissa, уничтожить её и её амулеты, а также выяснить, что случилось с Howl the Brazen."
"I helped Korukhan and the Order of Whispers destroy the dragon crystal. We also defeated the necromancer Rissa and the undead monstrosity that she made out of my dead warbandmate, Howl the Brazen. Korukhan told me that my new Order of Whispers mentor is waiting in Lion's Arch, and I agreed to go there to begin my training as a Whispers initiate.","Я помог Korukhan и Order of Whispers уничтожить кристалл дракона. Мы также победили некроманта Rissa и ту нежить-чудовище, которую она создала из моего погибшего сослуживца, Howl the Brazen. Korukhan сказал мне, что мой новый наставник из Order of Whispers ждет в Lion's Arch, и я согласился отправиться туда, чтобы начать обучение в качестве послушника Whispers."
"I helped Trahearne and the Pact defeat a major attack against Fort Trinity. The dragon sent its army at us from all directions, but we were able to hold them off. Now the Pact is poised to go on the offensive and take the fight to Zhaitan in Orr—but first, I have to finish the mission I started at Trahearne's request.","Я помог Trahearne и Pact отразить крупную атаку на Fort Trinity. Дракон направил на нас свою армию со всех сторон, но мы смогли сдержать их. Теперь Pact готов перейти в наступление и дать бой Zhaitan в Orr, но сначала я должен завершить миссию, которую начал по просьбе Trahearne."
"I helped Wroda the Quick stop the assassination of Blood Legion Centurion Volante Tornpaw. However, Wroda had to blow her cover as Blood and reveal she was an Ash Legion spy. I recruited Wroda into my warband; Blood Legion's loss was my gain.","Я помог Wroda the Quick предотвратить убийство Centurion Blood Legion по имени Volante Tornpaw. Однако Wroda пришлось раскрыть свое прикрытие в Кровавом легионе и признаться, что она шпион Ash Legion. Я завербовал Wroda в свой отряд; потеря Blood Legion стала моим приобретением."
"I helped Yahala Scribepaw test the Priory's latest invention, a device that can detect the necromancer Rissa's amulets. Yahala and I decided to return to Hero's Canton to meet with theunnecessary ""the"" Rytlock and the other order reps to put a stop to the necromancer's plans once and for all...and to find out what really happened to Howl the Brazen's body.","Я помог Yahala Scribepaw протестировать новейшее изобретение Приората — устройство, способное обнаруживать амулеты некроманта Rissa. Yahala и я решили вернуться в Hero's Canton, чтобы встретиться с Rytlock и другими представителями орденов, чтобы раз и навсегда положить конец планам некроманта... и выяснить, что на самом деле случилось с телом Howl the Brazen."
"I helped Yahala and the Durmand Priory locate and destroy the dragon crystal. We also defeated the necromancer Rissa and the undead monstrosity that she made out of my dead warbandmate, Howl the Brazen. Yahala told me that my new Priory mentor is waiting in Lion's Arch, and I agreed to go there to begin my training as a Priory novice.","Я помог Yahala и Durmand Priory найти и уничтожить кристалл дракона. Мы также победили некроманта Rissa и нежить-чудовище, которую она создала из моего погибшего соратника по отряду, Howl the Brazen. Yahala сказала мне, что мой новый наставник из Priory ждет меня в Lion's Arch, и я согласился отправиться туда, чтобы начать обучение в качестве послушника Priory."
"I helped the Durmand Priory conduct a series of tests on one of Rissa's amulets. The tests all ended violently, but in the process we learned a few of the amulet's secrets: each piece of the crystal is connected, each piece is dangerous, and the pieces react violently to certain alchemical potions. We then decided to return to check in with Rytlock and the other order reps to share what we've learned.","Я помог Durmand Priory провести серию тестов одного из амулетов Rissa. Все тесты закончились разрушительно, но в процессе мы узнали несколько секретов амулета: каждая часть кристалла связана с другими, каждая часть опасна, и части бурно реагируют на определенные алхимические зелья. Затем мы решили вернуться, чтобы встретиться с Rytlock и другими представителями орденов и поделиться тем, что узнали."
"I helped the Gear Warband defend Crossroads Haven from a grawl attack. Afterward, we got a lead on the missing machine. The dredge took it, so we're off to get it back.","Я помог отряду Шестерни защитить Crossroads Haven от нападения грэулов. После этого мы вышли на след пропавшей машины. Дреджи забрали её, так что мы отправляемся, чтобы вернуть её обратно."
I helped the Gear Warband set up a successful ambush. We defeated the dredge and recovered the missing chugger. Legionnaire Geargrind invited me to join the warband for a major attack on the ghosts.,Я помог боевому отряду Шестерни устроить успешную засаду. Мы победили дреджей и вернули пропавший «чаггер». Legionnaire Geargrind пригласил меня присоединиться к отряду для крупной атаки на призраков.
I hope it doesn't come to that. See you there.,"Надеюсь, до этого не дойдёт. Увидимся там."
"I hope it's everything you expected. Just be careful whom you trust. There are far more masks here than at a carnival, and the ones we nobles wear are far less obvious.","Надеюсь, всё именно так, как вы ожидали. Только будьте осторожны с тем, кому доверяете. Здесь масок куда больше, чем на карнавале, а те, что носим мы, дворяне, куда менее заметны."
I hope so. I'd hate to make Zojja this mad and have nothing to show for it.,Надеюсь на это. Не хотелось бы так разозлить Zojja и остаться ни с чем.
I hope so. Kellach's been sighted near the palace grounds. We should know his location any minute now.,Надеюсь на это. Kellach был замечен недалеко от дворца. Мы должны узнать его местоположение с минуты на минуту.
I hope we can acquire the Metaphysic Fusion Device without too much trouble. Or bloodshed.,"Надеюсь, мы сможем заполучить Metaphysic Fusion Device без особых проблем. Или кровопролития."
"I hope you can pull this off. Talking to you has already cost me my job. If Zamon goes free, it'll cost me a lot more.","Надеюсь, у вас получится. Разговор с вами уже стоил мне работы. Если Zamon выйдёт на свободу, это обойдётся мне гораздо дороже."
"I hope you're not getting stagefright, Legionnaire %str1%. A tribune's time is valuable. Let's get this test on the road.","Надеюсь, у тебя нет страха перед сценой, Legionnaire %str1%. Время трибуна ценно. Давай начнем это испытание."
"I hope you're right, %str1%. I really do.","Надеюсь, вы правы, %str1%. Очень надеюсь."
"I hope you're right. If Doxa dies, or vanishes into the golem's magi-mechanical mind, it'll be the end for me, too.","Надеюсь, ты прав. Если Doxa умрёт или растворится в магико-механическом разуме голема, для меня это тоже будет конец."
"I hunted down prey for the Great Hunt, presented my trophies to the judges, and celebrated with my fellow hunters at the moot. Then I battled and defeated Issormir, the giant ice wurm. These victories earned me glory, and the right to call myself ""Slayer of Issormir."" Soon every norn in Hoelbrak will be talking about me!","Я выследил добычу для Великой Охоты, представил свои трофеи судьям и отпраздновал с другими охотниками на муте. Затем я сразился и победил Issormir, гигантского ледяного червя. Эти победы принесли мне славу и право называть себя ""Slayer of Issormir"". Скоро каждый норн в Hoelbrak будет говорить обо мне!"
"I interrogated one of the Sons of Svanir and discovered their ultimate goal is to capture the Spirit of Minotaur and feed it to their leader's pet dragon minion. To stop them, Eir and I need to find Minotaur first.","Я допросил одного из Sons of Svanir и выяснил, что их главная цель — захватить Minotaur Spirit и скормить его дракону-прислужнику их лидера. Чтобы остановить их, нам с Eir нужно сначала найти Minotaur."
"I joined Agent Batanga in infiltrating Councillor Flax's office. We outsmarted his krewe chief, Filka, and acquired the materials to forge the permission we needed to access Professor Gorr's lab. With our fake documents in hand, we headed for Gorr's lab to determine what happened to our missing genius.","Я присоединился к Agent Batanga при проникновении в кабинет Councillor Flax. Мы перехитрили их начальника крей, Filka, и добыли материалы для подделки разрешения, необходимого для доступа в лабораторию Professor Gorr. С фальшивыми документами на руках мы направились в лабораторию Gorr, чтобы выяснить, что случилось с нашим пропавшим гением."
"I joined Crusader Slep in storming the Arcane Eye's hidden base where they were holding Professor Gorr captive. Rakt's agents put up a fight, but we defeated them and got Gorr out. Now we're headed back to Rata Sum to present Gorr to Zojja and the other order reps for debriefing.","Я присоединился к Crusader Slep при штурме скрытой базы Arcane Eye, где они держали Professor Gorr в плену. Агенты Rakt оказали сопротивление, но мы победили их и вывели Gorr. Теперь мы направляемся обратно в Rata Sum, чтобы представить Gorr для допроса Zojja и представителям других орденов."
"I joined Crusader Thurkill to investigate a missing Vigil squad in dredge territory. We found them, killed by a new kind of weapon Thurkill had never seen before. We decided to return to the other order reps to confer.","Я присоединился к Crusader Thurkill, чтобы расследовать исчезновение отряда Vigil на территории дрегов. Мы нашли их убитыми с помощью нового вида оружия, которое Thurkill никогда раньше не видел. Мы решили вернуться к представителям других орденов для совещания."
"I joined Scholar Krasso of the Durmand Priory in infiltrating Professor Gorr's lab. We faked our way past the Arcane Eye sentries and found a body bag, but the corpse inside wasn't Gorr. The professor may still be alive somewhere, so we decided to share what we've learned with Zojja and the other order reps.","Я присоединился к Scholar Krasso из Durmand Priory, чтобы проникнуть в лабораторию Professor Gorr. Мы обманули часовых Arcane Eye и нашли мешок с телом, но труп внутри оказался не Gorr. Профессор может быть ещё жив, поэтому мы решили поделиться тем, что узнали, с Zojja и другими представителями орденов."
"I joined Scholar Prott of the Durmand Priory to defend Scholar's Cleft from a dredge attack. We saved the faculty and staff, but the dredge leader Vyacheslav stole a book on ancient architecture. Prott and I decided to return to Hoelbrak to confer with the other order reps.","Я присоединился к Scholar Prott из Durmand Priory, чтобы защитить Scholar's Cleft от атаки дрегов. Мы спасли преподавателей и персонал, но лидер дрегов Vyacheslav украл книгу по древней архитектуре. Prott и я решили вернуться в Hoelbrak, чтобы посовещаться с представителями других орденов."
"I joined Trahearne, Professor Gorr, and Scholar Vivian aboard a Pact airship to conduct tests on the dead Eye of Zhaitan without endangering anyone in Fort Trinity. We established that the Eye literally sees for Zhaitan, and we saw horrific images from Orr. We identified another monstrous creature called the Mouth of Zhaitan and agreed that if the Eye finds food for the dragon, then the Mouth must consume it. We set out for Orr itself to prevent the Mouth from providing sustenance to Zhaitan.","Я присоединился к Trahearne, Professor Gorr и Scholar Vivian на борту дирижабля Pact, чтобы провести тесты на мёртвом Eye of Zhaitan, не подвергая никого в Fort Trinity опасности. Мы установили, что Eye буквально видит за Zhaitan, и мы увидели ужасающие образы из Orr. Мы обнаружили ещё одно чудовищное существо, называемое Mouth of Zhaitan, и согласились, что если Eye находит пищу для дракона, то Mouth должен её поглощать. Мы отправились в сам Orr, чтобы помешать Mouth снабжать Zhaitan."
"I joined the Priory after my Wyld Hunt was over. I found myself deep in charr lands, fighting the Branded, and...well, it's best not to think on it.","Я вступил в Приорат после завершения своей Wyld Hunt. Я оказался глубоко на землях чарр, сражаясь с Клейменными, и... впрочем, лучше об этом не думать."
"I knew it! I knew he was the one. Well, I didn't know, but I could have guessed! Right after you told me, that is. It would have been my very first guess.","Я так и знал! Я знал, что это он. Ну, я не знал, но мог бы догадаться! Сразу после того, как вы мне сказали. Это было бы моей самой первой догадкой."
"I know I can, Crusader. Thanks.","Я знаю, что могу, Крестоносец. Спасибо."
"I know he seems slicker than a Delavan eel, but he's got a good heart.","Я знаю, он кажется скользким, как угорь из Делавана, но у него доброе сердце."
"I know her. Her name is Sariel, and before she fell to Nightmare, she was the student of someone I loved very dearly... but that is a story for another day.","Я знаю её. Её зовут Sariel, и до того, как она пала во тьму Кошмара, она была ученицей того, кого я очень любила... но это история для другого дня."
I know of two power sources that might make the Infinity Ball sing. The Inquest has one; Councillor Flax has the other.,"Я знаю два источника энергии, которые могут заставить Infinity Ball заработать. Один есть у Inquest; другой — у Councillor Flax."
"I know that, and believe me, he'll face justice.","Я знаю это, и поверь мне, он предстанет перед правосудием."
"I know who you are, %str1%. Impressive. It's your cockamamie idea that we'll all shake hands and work together. What's your angle?","Я знаю, кто ты, %str1%. Впечатляет. Это твоя безумная идея, что мы все пожмем друг другу руки и будем работать вместе. В чем твой интерес?"
"I know, I know. I've been a real piece of work lately, and I'm sorry. You're a real friend... not like Two-Blade Pete. Thank you. For everything.","Я знаю, я знаю. Я в последнее время вел себя отвратительно, и мне жаль. Ты настоящий друг... не то что Two-Blade Pete. Спасибо. За все."
"I know. And I'll try. Thank you, %str1%, I'm glad you're here.","Я знаю. И я постараюсь. Спасибо, %str1%, я рада, что ты здесь."
"I know. Escaped bandits raiding us in the city have shaken our faith, myself included. But I won't let them win.","Я знаю. Сбежавшие бандиты, совершающие набеги в городе, пошатнули нашу веру, мою в том числе. Но я не позволю им победить."
I know. Just...leave it to me. You and the commander withdrawal. I'll signal the ghostfire.,Я знаю. Просто... предоставь это мне. Ты и Коммандир отходите. Я подам сигнал призрачного огня.
I know. No one else has his refinement...and wealth.,Знаю. Ни у кого больше нет такого утонченного вкуса... и богатства.
I know. There are a lot of questions with no answers. But that can wait.,Я знаю. Есть много вопросов без ответов. Но это может подождать.
"I learned a lot from you too, Banthor Gulthor. Enjoy the fights!","Я тоже многому научился у тебя, Banthor Gulthor. Наслаждайся боями!"
"I led a Pact squad into Orr to take out the Mouth of Zhaitan that was operating in Kitah Manse. We fought through the corrupted lord of the manse's illusions, killed him and his undead servants, and disposed of the Mouth, but we lost good soldiers in the process. Without the Mouth, Zhaitan's food supply has been curtailed. I returned to Fort Trinity to check in with Marshal Trahearne and plan the Pact's next move.","Я возглавил отряд Пакта в Orr, чтобы уничтожить Mouth of Zhaitan, орудующую в Kitah Manse. Мы пробились сквозь иллюзии зараженного лорда поместья, убили его и его нежить, а также избавились от Mouth, но потеряли при этом хороших солдат. Без Mouth поставки продовольствия для Zhaitan были сокращены. Я вернулся в Fort Trinity, чтобы доложить Marshal Trahearne и спланировать следующий шаг Пакта."
"I led a Pact squad on a mission to destroy the ship and the couriers that bring magical objects to the Mouth of Zhaitan. Our intent was to cut off Zhaitan's food supply by starving its Mouth, but the Mouth itself emerged and we were forced to kill it directly. I returned to Fort Trinity to meet with Trahearne and plan the Pact's next move.","Я возглавил отряд Пакта в миссии по уничтожению корабля и курьеров, доставляющих магические артефакты для Mouth of Zhaitan. Мы намеревались перерезать пути снабжения Zhaitan, заморив его Пасть голодом, но она появилась сама, и нам пришлось уничтожить её на месте. Я вернулся в Форт Троицы, чтобы встретиться с Trahearne и спланировать дальнейшие действия Пакта."
"I led a mission to sink the giant ark that provides Zhaitan with fresh corpses. We planted ghostfire charges aboard the ark and narrowly escaped as the magical conflagration destroyed the ark and everything on it. Now that we've crippled Zhaitan's surveillance, food supply, and troop strength, the Pact moved forward to establish a major beachhead in Orr itself.","Я возглавил миссию по уничтожению гигантского ковчега, который снабжает Zhaitan свежими трупами. Мы заложили заряды призрачного огня на борту ковчега и едва успели спастись, когда магический пожар уничтожил ковчег и все, что на нем было. Теперь, когда мы подорвали наблюдение, снабжение продовольствием и численность войск Zhaitan, Pact продвинулся вперёд, чтобы создать крупный плацдарм в самом Orr."
"I like that description. When this is all over, you're ghost-writing my autobiography.","Мне нравится это описание. Когда все закончится, вы напишете мою автобиографию."
"I like that plan. Hey, I've got some questions.","Мне нравится этот план. Эй, у меня есть пара вопросов."
I like working with snipers. We point; the enemy dies.,Мне нравится работать со снайперами. Мы указываем — враг умирает.
"I like your attitude, and I bet you've got the fighting skills to match. Come on!","Мне нравится твой настрой, и держу пари, что твои боевые навыки ему соответствуют. Пошли!"
"I located Keppa, but her golems aren't the ones putting blame on me for their mayhem. Did I err in my analysis of those modified golem blueprints?","Я нашёл Keppa, но не её големы обвиняют меня в учиненном хаосе. Я ошибся в анализе чертежей тех модифицированных големов?"
I look forward to facing Issormir and meeting such a legend.,С нетерпением жду встречи с Issormir и знакомства с такой легендой.
I look forward to impressing them both—after I've earned my place in the hunt.,"Я с нетерпением жду возможности впечатлить их обоих — после того, как заслужу свое место на охоте."
"I look forward to it, Josir. It's time to be part of a bigger world.","Я с нетерпением жду этого, Josir. Пришло время стать частью большого мира."
"I look forward to learning more about the Durmand Priory. Take care, JosirIowerth.","С нетерпением жду возможности узнать больше о Durmand Priory. Береги себя, JosirIowerth."
I look forward to living up to your expectations.,С нетерпением жду возможности оправдать ваши ожидания.
I look forward to proving you right.,"С нетерпением жду возможности доказать, что ты прав."
"I look forward to seeing the results of your weapons test, Legionnaire %str1%.","С нетерпением жду результатов твоего испытания оружия, легионер %str1%."
I look forward to the challenge.,Я с нетерпением жду этого испытания.
"I looked into Tactician Syska's background, hoping to find clues about her involvement my friendly fire incident that killed Pact troops. One of the soldiers in Syska's unit said she spent a lot of time in a Black Citadel tavern, so I decided to continue my investigation there.","Я изучил прошлое Tactician Syska, надеясь найти зацепки о её причастности к инциденту с дружественным огнем, в котором погибли солдаты Pact. Один из солдат подразделения Syska сказал, что она часто проводила время в таверне Black Citadel, поэтому я решил продолжить расследование там."
I lured the Flame Legion out and discovered their plan: shaman Mergath Flarekin is targeting the Black Citadel's tribunes. I need to talk to my father again for more info on Mergath.,"Я выманил Flame Legion и раскрыл их план: шаман Mergath Flarekin нацелился на трибунов Black Citadel. Мне нужно снова поговорить с отцом, чтобы узнать больше о Mergath."
"I made my way to Uzolan's workshop. Unfortunately, the Ringmaster's hypnotized carnies arrived before I did. I defeated them and rescued Uzolan. The inventor told me that the Ringmaster is planning to use his grizwhirls to brainwash the masses at the next big performance in Divinity's Reach.","Я добрался до мастерской Uzolan. К сожалению, загипнотизированные циркачи Ringmaster прибыли раньше меня. Я победил их и спас Uzolan. Изобретатель сказал мне, что Ringmaster планирует использовать свои grizwhirls, чтобы промыть мозги массам на следующем большом представлении в Divinity's Reach."
"I made my way to the carnival's big show and, as expected, the Ringmaster was preparing for his performance. It was a difficult battle, and the Ringmaster attempted to use brainwashed innocents against me, but in the end, I brought him to justice. Captain Thackeray offered me his sincere thanks for my part in continuing to protect the people of Divinity's Reach.","Я добрался до главного шоу карнавала, и, как и ожидалось, Ringmaster готовился к своему выступлению. Это была трудная битва, и Ringmaster пытался использовать против меня промытых мозгов невинных, но в конце концов я привлек его к правосудию. Captain Thackeray выразил мне свою искреннюю благодарность за мой вклад в дальнейшую защиту жителей Divinity's Reach."
"I met Caithe at Dreamer's Terrace, and she introduced me to Firstborn Trahearne. News arrived that the Nightmare Court are attacking several outposts, seeking something they call ""the harbinger."" I volunteered to aid the outpost of Falias Thorp. I only hope I'm not too late.","Я встретил Caithe в Dreamer's Terrace, и она представила меня Firstborn Trahearne. Пришли новости, что Nightmare Court атакуют несколько аванпостов в поисках чего-то, что они называют «предвестником». Я вызвался помочь аванпосту Falias Thorp. Надеюсь, я не опоздал."
"I met Eir at the summit of a great mountain and with her help, I defeated the fearsome griffon Windshear. I've bathed the axe in its blood, as requested. Now to return the weapon to Beigarth and he'll temper it a final time.","Я встретил Eir на вершине великой горы и с её помощью победил грозного грифона Windshear. Я омыл топор в его крови, как и просили. Теперь нужно вернуть оружие Beigarth, чтобы он закалил его в последний раз."
"I met Oldoo, a quaggan pastkeeper who knew of an ancient ritual that could protect Falooaloo Village. To prepare the ritual, we needed to employ a nearby set of jotun worship stones, which the jotun were not willing to share. We forced them to cooperate and helped Oldoo complete his preparations, and he promised to be ready to defend the village when the icebrood attack comes.","Я встретил Oldoo, кваггана-хранителя прошлого, который знал древний ритуал, способный защитить деревню Falooaloo. Чтобы подготовить ритуал, нам нужно было использовать близлежащие камни поклонения йотунов, которыми те не желали делиться. Мы заставили их сотрудничать и помогли Oldoo завершить приготовления, а он пообещал быть готовым к защите деревни, когда придут ледяные отродья."
"I met Sieran, and we're going to check out an old tomb on the way to the Priory.","Я встретил Sieran, и мы собираемся осмотреть старую гробницу по пути в Priory."
"I met Tactician Beirne at Caer Shadowfain and defended the site against an Risen invasion from the sea.When the tanks arrived, we rolled on the main base of the undead. Although we were victorious, Beirne gave his life to save his friends. We won the day, but this victory has been paid for by the losses of many good people.","Я встретился с тактиком Beirne в Caer Shadowfain и защитил объект от вторжения Risen с моря. Когда прибыли танки, мы двинулись на главную базу нежити. Хотя мы победили, Beirne отдал свою жизнь, спасая друзей. Мы выиграли день, но эта победа была оплачена потерями многих хороших людей."
"I met Trahearne at Oxbow Isle and reported my suspicions that ""Syska"" is a mesmer in the service of Zhaitan. We were attacked as soon as I presented my concerns, but I was able to stop the mesmer's assassination attempt. This matter will have to wait, however, as Trahearne told me Fort Trinity is being targeted for a major assault by Zhaitan's forces. I agreed to meet Trahearne back at Fort Trinity to prepare for this assault.","Я встретился с Trahearne на Oxbow Isle и сообщил о своих подозрениях, что ""Syska"" — месмер на службе у Zhaitan. Как только я высказал свои опасения, на нас напали, но мне удалось остановить попытку покушения. Впрочем, это дело подождет: Trahearne сказал, что силы Zhaitan готовят крупное наступление на Fort Trinity. Я согласился встретиться с Trahearne в Fort Trinity, чтобы подготовиться к обороне."
"I met Tybalt Leftpaw, a Lightbringer of the Order of Whispers. He's... unique, I'll give him that. We've got a situation to investigate in Applenook Hamlet, north of the city. I'll meet him there.","Я встретился с Tybalt Leftpaw, Светоносцем Order of Whispers. Он... уникален, это я могу сказать точно. У нас есть ситуация для расследования в Applenook Hamlet, к северу от города. Я встречусь с ним там."
"I met one of the Pact's premier explosives experts, an asura named Tonn. I helped Tonn take down a set of Orrian siege towers and discovered just how good he is (and how much he enjoys his work). We need a more powerful explosive to destroy the Orrian bone ship, so Tonn and I set out to acquire one.","Я встретил одного из главных экспертов Pact по взрывчатке, асуру по имени Tonn. Я помог Tonn уничтожить ряд осадных башен Orrian и обнаружил, насколько он хорош (и как сильно он любит свою работу). Нам нужна более мощная взрывчатка, чтобы уничтожить костяной корабль Orrian, поэтому Tonn и я отправились на её поиски."
"I met up with the mysterious informant, only to find an ambush! With the help of Salia and Mehid, agents for the Shining Blade, we defeated the assassins. Salia and Mehid believe that the assassins are actually White Mantle cultists tied to an investigation they were pursuing. Their next mission is to break into a cultist cell, and they agreed to take me along.","Я встретился с таинственным информатором, но попал в засаду! С помощью Salia и Mehid, агентов Shining Blade, мы победили убийц. Salia и Mehid считают, что убийцы на самом деле являются культистами Белой Мантии, связанными с расследованием, которое они вели. Их следующая миссия — проникнуть в ячейку культистов, и они согласились взять меня с собой."
"I met with Bercilak at Mabon Market and challenged him to another duel. This time, I was prepared for the advantage of his armor. Bercilak has been destroyed, and will never hurt anyone else.",Я встретился с Bercilak на Mabon Market и вызвал его на дуэль снова. В этот раз я был готов к преимуществу его доспехов. Bercilak уничтожен и больше никому не причинит вреда.
"I met with Eir and the Orders of Tyria to plan how we'd stop Vyacheslav's mad attack on the Durmand Priory. If he fires the Sonic Vaporizer, it won't just destroy the Priory walls and kill Ogden Stonehealer: it will also attract a horde of ice dragon minions. As Eir suggested, I permanently joined an order and committed to stopping this threat as a fist step toward confronting the Elder Dragons themselves.","Я встретился с Eir и Орденами Tyria, чтобы спланировать, как мы остановим безумную атаку Vyacheslav на Durmand Priory. Если он выстрелит из Sonic Vaporizer, это не только разрушит стены Priory и убьёт Ogden Stonehealer: это также привлечет орду приспешников ледяного дракона. Как предложила Eir, я окончательно вступил в орден и обязался остановить эту угрозу в качестве первого шага к противостоянию самим Старшим Драконам."
I met with Marshal Trahearne and decided the Pact's next step was to cut off the supply of corpses that Zhaitan corrupts into soldiers for its army.,"Я встретился с Marshal Trahearne и решил, что следующим шагом Пакта будет перекрытие поставок трупов, из которых Zhaitan создает солдат для своей армии."
I met with Marshal Trahearne and decided the Pact's next step was to cut off the supply of dead bodies that Zhaitan corrupts into soldiers for its army.,"Я встретился с маршалом Trahearne и решил, что следующим шагом Пакта станет перекрытие поставок трупов, которые Zhaitan превращает в солдат для своей армии."
"I met with Mehid and Salia outside the hunting lodge, and we broke open the cult. Apparently, the White Mantle is hiding behind bandit activities. They incite the impoverished citizens of Kryta, and use them to act against the Queen's servants.","Я встретился с Mehid и Salia возле охотничьего домика, и мы раскрыли культ. Похоже, White Mantle скрывается за деятельностью бандитов. Они подстрекают обездоленных граждан Kryta и используют их для действий против слуг Королевы."
"I met with Salia and Mehid. The information they found in the archives led us to an old, ruined home. There, I found a family graveyard, and visited the last resting place of my parents.","Я встретился с Salia и Mehid. Информация, которую они нашли в архивах, привела нас к старому разрушенному дому. Там я нашёл семейное кладбище и посетил последнее пристанище моих родителей."
"I met with Trahearne and some high-ranking members of the orders of Tyria. We confirmed Trahearne as the leader of the Pact, with the rank of marshal. We also agreed that I would be Trahearne's second in command with the rank of commander. We put the finest smiths in Tyria to work making weapons and armor for the Pact, and Trahearne led a rescue mission that not only saved the lives of stranded Pact soldiers, but also netted us a valuable dwarven tome of ancient knowledge. The Pact's campaign plans are broad and complicated, so Trahearne asked me to make sure a key element of that campaign is ready for the rigors of war.","Я встретился с Trahearne и некоторыми высокопоставленными членами орденов Tyria. Мы утвердили Trahearne в качестве лидера Пакта в звании маршала. Мы также договорились, что я стану заместителем Trahearne в звании Коммандир. Мы поручили лучшим кузнецам Tyria заняться изготовлением оружия и доспехов для Пакта, а Trahearne возглавил спасательную операцию, которая не только сохранила жизни застрявших солдат Пакта, но и принесла нам ценный том древних знаний дворфов. Планы кампании Пакта обширны и сложны, поэтому Trahearne попросил меня убедиться, что ключевой элемент этой кампании готов к суровым испытаниям войны."
"I met with Zojja and the order reps, and we agreed: Rakt and the Arcane Eye have obviously faked Gorr's death and have him on ice somewhere. We don't know why yet, but we decided that in order to solve this mystery, our next step is to rescue Gorr.","Я встретился с Zojja и представителями орденов, и мы сошлись во мнении: Rakt и Arcane Eye явно инсценировали смерть Gorr и держат его где-то в заморозке. Мы пока не знаем почему, но решили, что для раскрытия этой тайны наш следующий шаг — спасти Gorr."
"I met with representatives from the Vigil, the Order of Whispers, and the Durmand Priory at Howl's grave. There was no body, but there was a swarm of undead grubs. Someone took Howl's body and the necromancer's amulet he was buried with, so I decided to work with one of the orders to find out who did it and why and to make sure they suffer for trifling with my warband.","Я встретился с представителями Vigil, Order of Whispers и Durmand Priory на могиле Howl. Тела не было, зато там кишели некротические личинки. Кто-то забрал тело Howl и амулет некроманта, с которым его похоронили, поэтому я решил работать с одним из орденов, чтобы выяснить, кто это сделал и зачем, а также заставить их поплатиться за осквернение моего отряда."
"I met with the chieftain of Agrak Kraal, an ogre named Lagula. She told us the kraal's previous chieftain, Uldek, went missing in the Brand, and so did the search party they sent in after him. My mentor and I agreed to enter the Brand and find out what happened to the missing ogres.","Я встретился с вождем Agrak Kraal, огром по имени Lagula. Она сказала нам, что предыдущий вождь крааля, Uldek, пропал в Бренде, как и поисковый отряд, который они отправили вслед за ним. Мой наставник и я согласились войти в Бренд и выяснить, что случилось с пропавшими ограми."
"I met with the three orders and learned about a missing Seraph named Kellach. The Vigil and Order of Whispers each had their own ideas about what we should do next, but it was up to me to decide.","Я встретился с тремя орденами и узнал о пропавшем солдате Seraph по имени Kellach. У Vigil и Order of Whispers были свои идеи о том, что нам делать дальше, но решение оставалось за мной."
"I met with the twins and the hylek, but everything went to brambles. Dengatl hylek ambushed us and stole the poison we were supposed to transport. I'd better pull us all out of this mess before things get worse.","Я встретился с близнецами и hylek, но все пошло наперекосяк. Hylek Dengatl устроили засаду и украли яд, который мы должны были доставить. Мне лучше вытащить нас всех из этой передряги, пока не стало хуже."
I might have been too harsh with the gentleman. Please will you give him my regards?,"Возможно, я был слишком суров с этим джентльменом. Пожалуйста, передашь ему мой привет?"
"I might have just the thing, sir. I've been designing a firearm specifically to eradicate ghosts. I call it my Ghostbore musket.","Возможно, у меня есть кое-что на примете, сэр. Я разработал огнестрельное оружие специально для истребления призраков. Я называю его мушкет «Ghostbore»."
"I modestly agree! Now, tell me about your trophies.",Я скромно соглашусь! А теперь расскажи о своих трофеях.
"I must follow them. I have to watch, and understand. There is too much at risk for us to fail.",Раненый друг.
"I must return to my duties as Raven's havroun. But he will be watching you. May he bless you with foresight and reward you with victory. Good luck, %str1%.","Я должен вернуться к своим обязанностям хавруна Ворона. Но он будет наблюдать за тобой. Пусть он благословит тебя прозорливостью и вознаградит победой. Удачи, %str1%."
"I must tell the waiters not to serve the cream puffs! They're far too delicate for an arrest. Bless me, I should have made devil's food cake instead.","Я должна сказать официантам не подавать профитроли! Они слишком нежные для ареста. боже мой, надо было приготовить шоколадный торт."
I need a moment before I'm ready.,"Мне нужно время, прежде чем я буду готов."
"I need a moment to steady myself, %str1%. I'll meet you in the Great Lodge.","Мне нужно мгновение, чтобы прийти в себя, %str1%. Встретимся в Great Lodge."
"I need a moment, Commander. I'm sorry. I know this is war, but I...I just can't believe she's gone. She was my partner. My friend.","Мне нужно мгновение, Коммандир. Прости. Я знаю, это война, но я... я просто не могу поверить, что её больше нет. Она была моим напарником. Моим другом."
I need a violin player for a party of my own next month. Do you know any?,Мне нужен скрипач на мою собственную вечеринку в следующем месяце. Знаете кого-нибудь?
I need more time to ponder this.,Мне нужно больше времени на раздумья.
I need more time to think it over.,"Мне нужно больше времени, чтобы всё обдумать."
"I need to ask you another question, <Warband Survivor>.","Мне нужно задать тебе ещё один вопрос, <Warband Survivor>."
I need to see what the ark is carrying and how it functions first-hand. It will help me prepare the next phase of our invasion of Orr.,"Мне нужно лично увидеть, что везёт ковчег и как он работает. Это поможет мне подготовить следующую фазу нашего вторжения в Orr."
"I need your input. Should we try to extract Doxa, and maybe kill her? Or fuse me with a golem, and maybe kill us both?","Мне нужно твоё мнение. Попытаться извлечь Doxa и, возможно, убить её? Или слить меня с големом, и, возможно, убить нас обоих?"
I once ate a whole dolyak all by myself.,Однажды я съел целого дольяка в одиночку.
I only... did... as I was told...,"Я лишь... делал... то, что мне приказали..."
"I owe you for getting me out of that. I'm glad to be part of the warband, Legionnaire %str1%.","Я в долгу перед тобой за то, что ты меня оттуда вытащил. Рад быть частью отряда, легионер %str1%."
"I owe you one %str1%. I'll be back in fighting shape soon. Next time you go to Claw Island, I'll be there—and I'll bring friends.","Я в долгу перед тобой, %str1%. Скоро я снова буду в строю. В следующий раз, когда отправишься на Claw Island, я буду там — и приведу друзей."
I promise I've got something truly epic to tell you! Just speak with Baroness Jasmina first—please? She's right over there!,"Обещаю, мне есть что рассказать тебе по-настоящему эпическое! Просто поговори сначала с Baroness Jasmina — пожалуйста? Она вон там!"
"I protected the scrappers from ghost cows while they dug up their salvage. They returned the second half of my sire's key, and now I have to reach Grendich Ruins and claim my inheritance.","Я защищал мусорщиков от призрачных коров, пока они выкапывали свою добычу. Они вернули вторую половину ключа моего отца, и теперь я должен добраться до Grendich Ruins и заявить права на свое наследство."
I read the dispatches from Strixel. One less Mouth devouring meals for Zhaitan. Well done. Stopping Zhaitan's food supply will make a huge difference.,"Я читал донесения от Strixel. Ещё одной Пастью, кормящей Zhaitan, стало меньше. Отличная работа. Перекрытие поставок продовольствия для Zhaitan даст огромный эффект."
I really hadn't thought about it...,Я ещё не думал об этом...
"I received a letter from Sieran, a Magister of the Durmand Priory. She's been sent to escort me to the Durmand Priory, but first we'll make a little detour to check out rumors of a dwarven tomb.","Я получил письмо от Sieran, Magister из Durmand Priory. Её отправили сопроводить меня в Durmand Priory, но сначала мы сделаем небольшой крюк, чтобы проверить слухи о дворфийской гробнице."
"I received a letter from Warmaster Forgal, a member of the Vigil. I'm to meet with him and the general at Fort Marriner.","Я получил письмо от военачальника Forgal, члена Дозора. Я должен встретиться с ним и генералом в форте Marriner."
"I received a mysterious message, promising information about my parents if I met with the anonymous sender. It's risky, but it may be the only way to find out what really happened to them.","Я получил таинственное послание с обещанием информации о моих родителях, если я встречусь с анонимным отправителем. Это рискованно, но, возможно, единственный способ узнать, что на самом деле с ними случилось."
"I recognize you. %str1% from the Barradin scuffle, right? Heh, that was a hell of a fight you gave out there. Shame about your warband's losses.","Я узнаю тебя. %str1% из стычки у Barradin, верно? Хе, это была чертовски славная драка. Жаль, что твой отряд понес потери."
"I regret to inform you, on behalf of Tribune Torga Desertgrave, that your warband suffered heavy casualties during the recent defense of the Smokestead. While the tribune considers your performance during the engagement to have been exemplary, the tragic losses to your ranks necessitate some consideration of your future with the Ash Legion. Tribute Desertgrave requests that you meet her in the Black Citadel to discuss the matter.","С сожалением сообщаю вам от имени трибуна Torga Desertgrave, что ваш отряд понес тяжёлые потери во время недавней обороны Smokestead. Хотя трибун считает ваши действия во время боя образцовыми, трагические потери в ваших рядах требуют некоторого пересмотра вашего будущего в Ash Legion. Трибун Desertgrave просит вас встретиться с ней в Black Citadel, чтобы обсудить этот вопрос."
I remember that blustery old fool. He swore that his pet pig had dug them up by accident.,"Помню того напыщенного старого дурака. Он клялся, что его ручная свинья вырыла их случайно."
"I reported back to Fort Trinity to tell Trahearne about the strange eye and mouth creatures we saw. Trahearne seemed to recognize the eye as the Eye of Zhaitan, which was acting as the dragon's advance scout. We set out to kill this creature in the hopes of blinding Zhaitan's war effort.","Я доложил в Fort Trinity о странных существах, похожих на глаз и рот, которых мы видели. Trahearne, похоже, узнал в глазе Eye of Zhaitan, который действовал как передовой разведчик дракона. Мы отправились убить это создание в надежде ослепить военную машину Zhaitan."
"I reported back to Torga Desertgrave. Rytlock Brimstone wanted in, but Desertgrave would not let him or the Blood Legion contribute any more to the operation. She's determined to make it exclusively Ash Legion infiltrating the enemy.","Я доложил Torga Desertgrave. Rytlock Brimstone хотел участвовать, но Desertgrave не позволила ни ему, ни Blood Legion внести больший вклад в операцию. Она полна решимости сделать так, чтобы в тыл врага проникли только силы Ash Legion."
"I reported back to headquarters and was promoted to Magister. Gixx has a small job for us next—to retrieve some research papers from his colleague, Maeva, in Lion's Arch.","Я доложил в штаб и получил звание Magister. У Gixx есть для нас небольшое поручение — забрать исследовательские документы у его коллеги, Maeva, в Lion's Arch."
"I reported back to headquarters, and was promoted to Lightbringer. Our next mission is to find a possible double agent, Yeng Isen, before he turns traitor. He hasn't reported in some time, and the order suspects he's betrayed them.","Я доложил в штаб и был повышен до Lightbringer. Наша следующая миссия — найти возможного двойного агента, Yeng Isen, прежде чем он станет предателем. Он давно не выходил на связь, и орден подозревает, что он их предал."
"I reported my success to Tribune Brimstone: with both halves of the key, I can now claim my sire's legacy. He told me to call him Rytlock and will accompany me to see this mystery solved. I'll meet him at Grendich Ruins and together we'll see what my sire left for me.","Я доложил о своем успехе трибуну Brimstone: имея обе половинки ключа, я могу претендовать на наследие своего отца. Он сказал называть его Rytlock и пообещал сопровождать меня, чтобы разгадать эту тайну. Я встречусь с ним в Grendich Ruins, и вместе мы узнаем, что оставил мне отец."
"I reported the results of my mission to Rytlock. After I explained how my sire redeemed himself and how instrumental he was to my success, Rytlock agreed to release him from the stockade.","Я доложил Rytlock о результатах своей миссии. После того как я объяснил, как мой отец искупил вину и насколько он помог мне добиться успеха, Rytlock согласился выпустить его из колодок."
"I reported to Captain Thackeray, and he's eager to find hard evidence to convict Minister Zamon of treason. Logan has asked me to assist the investigation. I have to decide between searching Zamon's home, or questioning people who know him. We don't have time to do both.","Я доложил Captain Thackeray, и он жаждет найти неопровержимые доказательства, чтобы обвинить Minister Zamon в государственной измене. Logan попросил меня помочь с расследованием. Мне нужно выбрать: обыскать дом Zamon или допросить людей, которые его знают. У нас нет времени на оба варианта."
"I reported to Rytlock and the other order reps to share the information the Order of Whispers' Korukhan and I took from the Inquest. We all agreed the amulets were even more dangerous than we first suspected, and decided my next step is to continue working with the orders to find the amulets we know about before they can do any more harm.","Я доложил Rytlock и другим представителям орденов, чтобы поделиться информацией, которую Korukhan из Order of Whispers и я забрали у Инквеста. Мы все согласились, что амулеты даже опаснее, чем мы предполагали изначально, и решили, что мой следующий шаг — продолжить работу с орденами, чтобы найти известные нам амулеты, прежде чем они смогут причинить ещё больше вреда."
"I reported to Rytlock and the other order reps to share the information the Priory's Yahala Scribepaw and I gathered about the amulets. We all agreed the amulets were even more dangerous than we first suspected, and decided my next step is to continue working with the orders to find the amulets we know about before they can do any more harm.","Я доложил Rytlock и другим представителям орденов информацию, которую мы с Yahala Scribepaw из Приората собрали об амулетах. Мы все согласились, что амулеты даже опаснее, чем мы предполагали изначально, и решили, что мой следующий шаг — продолжить работу с орденами, чтобы найти известные нам амулеты, прежде чем они причинят ещё больше вреда."
"I reported to Tribune Rytlock Brimstone, who had an unusual mission for me: my sire Clement Forktail, a Flame Legion traitor, wants to turn himself in and share vital information. Clement will only turn himself in to me, so I'm going out to bring my father back for debriefing and Black Citadel justice.","Я доложил трибуну Rytlock Brimstone, у которого было необычное задание для меня: мой отец Clement Forktail, предатель из Flame Legion, хочет сдаться и поделиться важной информацией. Clement готов сдаться только мне, поэтому я отправляюсь за ним, чтобы привести отца для допроса и суда Black Citadel."
"I reported to the order reps that the dredge leader Vyacheslav has a powerful new sonic weapon, which he plans to use on a specific target. After brief debate, we decided to identify and protect the final target.","Я сообщил представителям орденов, что лидер дреджей Vyacheslav обладает мощным новым звуковым оружием, которое он планирует использовать против конкретной цели. После коротких дебатов мы решили определить и защитить конечную цель."
"I reported what Ifwyn and I found at Molenheide to Eir and the order reps. We agreed that Vyacheslav's new sonic cannon is too dangerous, so we set out to deprive him of it.","Я доложил Eir и представителям орденов о том, что мы с Ifwyn нашли в Molenheide. Мы сошлись на том, что новая звуковая пушка Vyacheslav слишком опасна, поэтому решили лишить его этого оружия."
"I rescued Quinn from Two-Blade Pete...again. Pete was furious and will undoubtedly retaliate. I've arranged a meeting with Captain Thackeray at the tavern. If anyone can help us stop Pete, it's the captain.","Я снова спас Quinn от Two-Blade Pete. Pete был в ярости и, несомненно, будет мстить. Я договорился о встрече с Captain Thackeray в таверне. Если кто и может помочь нам остановить Pete, так это капитан."
"I rescued Tribune Desertgrave, but the mastermind behind her kidnapping, Trybulus Griefblade, escaped justice. Trybulus is too dangerous to roam free—Rytlock Brimstone plans to help me find Trybulus and make him pay for crimes against the legions.","Я спас Tribune Desertgrave, но вдохновитель её похищения, Trybulus Griefblade, избежал правосудия. Trybulus слишком опасен, чтобы оставаться на свободе — Rytlock Brimstone планирует помочь мне найти Trybulus и заставить его заплатить за преступления против легионов."
"I rescued the surviving members of Tactician Syska's squad from Mount Maelstrom. It was far from a routine mission, however, since someone set up an ambush designed to kill us deep inside the mountain. Even Syska's own soldiers suspected her, and I set out to find Trahearne to tell him the Pact may have a traitor in its midst.","Я спас выживших членов отряда Tactician Syska из Mount Maelstrom. Однако это была далеко не рядовая миссия, так как кто-то устроил засаду, призванную убить нас глубоко внутри горы. Даже собственные солдаты Tactician Syska подозревали её, и я отправился на поиски Trahearne, чтобы сообщить ему, что в рядах Пакта может быть предатель."
I reserve civility for the civilized.,Я приберегаю вежливость для цивилизованных людей.
"I returned and told the Pale Tree about the creature I saw. Trahearne believes it is a lich called Mazdak the Accursed. Mazdak was involved in the death of Firstborn Riannoc, the first sylvari to die. The Pale Tree had given Riannoc a magic sword formed from her own thorns, but with Riannoc's disappearance, the sword has never been found. The Pale Tree has asked me to recover the sword, Caladbolg, and find out what happened to Riannoc.","Я вернулся и рассказал Pale Tree о существе, которое видел. Trahearne считает, что это лич по имени Mazdak the Accursed. Mazdak был причастен к смерти Firstborn Riannoc, первого погибшего сильвари. Pale Tree дала Riannoc магический меч, созданный из её собственных шипов, но после исчезновения Riannoc меч так и не был найден. Pale Tree попросила меня вернуть меч, Caladbolg, и выяснить, что случилось с Riannoc."
"I returned home and spoke with Captain Thackeray. Once again, the Order representatives had good ideas about how to proceed. Logan believes it's time for me to join one of the Orders of Tyria, and I agreed.","Я вернулся домой и поговорил с капитаном Thackeray. Представители Ордена снова предложили хорошие идеи для дальнейших действий. Logan считает, что мне пора вступить в один из Орденов Tyria, и я согласился."
"I returned home to a celebration in my honor. Unfortunately, bandits crashed the party. They captured my friend Faren. I caught up and rescued Faren before they could take him out of the city. Faren said he heard the bandits talking about a hideout beneath an abandoned farm in Shaemoor.","Я вернулся домой на праздник в свою честь. К несчастью, бандиты сорвали вечеринку. Они захватили моего друга Faren. Я догнал их и спас Faren, прежде чем они успели вывезти его из города. Faren сказал, что слышал, как бандиты говорили об убежище под заброшенной фермой в Shaemoor."
"I returned to Captain Thackeray and showed him the list. He was very concerned, and we created a plan of attack against these bandits and their cult.","Я вернулся к Captain Thackeray и показал ему список. Он был очень обеспокоен, и мы разработали план атаки на этих бандитов и их культ."
"I returned to Fort Trinity after a hard-fought battle and found the celebrations already beginning. Only Trahearne was solemn about our victory. He knows that the purification of Orr will only last if the dragon is destroyed. Next time, my battle will be with Zhaitan itself— and I will be victorious.","Я вернулся в Fort Trinity после тяжёлой битвы и обнаружил, что празднование уже началось. Только Trahearne был серьезен по поводу нашей победы. Он знает, что очищение Orr продлится, только если дракон будет уничтожен. В следующий раз моя битва будет с самим Zhaitan — и я буду победителем."
"I returned to Fort Trinity and joined the assembly of soldiers, scholars, spies, and citizens celebrating the fall of Zhaitan. The Pact stood triumphant, but we did not delude ourselves. Swarms of Risen still roam Tyria, and there are four more Elder Dragons to contend with. We knew that soon we would once again rise up to defend our world, but that didn't stop us from taking this opportunity to savor a well-earned victory.","Я вернулся в Fort Trinity и присоединился к собранию солдат, учёных, шпионов и граждан, празднующих падение Zhaitan. Pact торжествовал, но мы не строили иллюзий. Орды Risen все ещё бродят по Tyria, и нам предстоит сразиться ещё с четырьмя Старшими Драконами. Мы знали, что скоро снова поднимемся на защиту нашего мира, но это не помешало нам воспользоваться возможностью насладиться заслуженной победой."
"I returned to administer the medicine to Andrew, who showed immediate improvement. He and Petra were grateful, and asked me to thank Captain Thackeray for them as well.","Я вернулся, чтобы дать лекарство Andrew, которому сразу стало лучше. Он и Petra были благодарны и попросили меня поблагодарить за них капитана Logan Thackeray."
"I returned to the barracks. Legionnaire Steelbane blamed me for the casualties we'd suffered in Smokestead, and ordered his new recruits to rough me up. I won the fight, but now I'm on supply runs and other cub duty until further notice.","Я вернулся в казармы. Легионер Steelbane обвинил меня в потерях, которые мы понесли в Smokestead, и приказал своим новобранцам проучить меня. Я победил в драке, но теперь я на побегушках и выполняю другую работу для молодняка до особого распоряжения."
"I returned to the stockade to speak with my father, but the Flame Legion had already broken him out. Did he go willingly, or did they take him? Either way, Warden Seneca and I are going to get him back.","Я вернулся в острог, чтобы поговорить с отцом, но Flame Legion уже вызволили его. Ушёл ли он добровольно, или они его забрали? В любом случае, Warden Seneca и я собираемся вернуть его."
"I said we wouldn't be involved, not that we wouldn't watch. Do you have a problem with that?","Я сказал, что мы не будем вмешиваться, а не то, что не будем наблюдать. У тебя с этим проблемы?"
"I saw a patrol guarding the outskirts of the camp, and several more courtiers within. Freeing the stag will be difficult.","Я видела патруль, охраняющий окраины лагеря, и ещё несколько придворных внутри. Освободить оленя будет непросто."
I saw it—Kormir strike me if she didn't look impressed! You're a true friend!,"Я видел это — пусть Kormir поразит меня, если она не выглядела впечатленной! Ты настоящий друг!"
"I searched Lamia Mire, but someone beat me to the second half of the key. Whoever took it smashed open the chest. I'll go see if Tribune Brimstone has any advice.","Я обыскал Lamia Mire, но кто-то опередил меня и забрал вторую половину ключа. Тот, кто его взял, разбил сундук. Пойду спрошу совета у Tribune Brimstone."
"I see our target, boss. Let Galina rush him head on. I'll work my way around to his blind side.","Вижу цель, босс. Пусть Galina атакует в лоб. Я зайду со слепой зоны."
I see your point. I'll make sure to have both those things if and when I proceed.,"Понимаю твою точку зрения. Я позабочусь о том, чтобы у меня было и то, и другое, если и когда я продолжу."
"I see your traps, but I don't see prey.","Я вижу твои ловушки, но не вижу добычи."
"I see. Tell me, with your vast knowledge, could you identify that strange-looking creature on the road? I've never seen anything like it before.","Понимаю. Скажи, с твоими обширными знаниями, не мог бы ты опознать то странное существо на дороге? Я никогда раньше такого не видел."
I shall. Thank you.,Обязательно. Благодарю.
"I sparred with Eir, both physically and verbally, and she taught me a very important lesson about taking what I've learned so far and using it to prepare for my showdown with Mikkel Toivosson. I'm ready now, in both body and mind. On to the championship!","Я сражался с Eir, как физически, так и словесно, и она преподала мне очень важный урок о том, как использовать полученные знания для подготовки к решающей схватке с Mikkel Toivosson. Теперь я готов, и телом, и духом. Вперёд, к чемпионству!"
"I sparred with Eir, both physically and verbally, and she taught me a very important lesson about taking what I've learned so far and using it to prepare for my showdown with Mikkel Toivosson. I'm ready now, in both body and mind. On to the championship!I defeated Mikkel Toivosson to become the new Big Brawl champion. It felt great to avenge my earlier defeat and repair my reputation, but it's even better knowing that both Knut Whitebear and Eir think I'm the kind of champion who will inspire the people of Hoelbrak.",Защитите Jat от ветряных наездников.
I spoke with Barron and Fero about the fall of Claw Island. Their weapon would be perfect for our assault on Claw Island...if we can get it finished.,Я поговорил с Barron и Fero о падении Claw Island. Их оружие идеально подошло бы для нашего штурма Claw Island... если мы успеем его закончить.
"I spoke with Eir and we set out to confront the Sons of Svanir leader, Vidkun. He may have a dragon minion on his side, but we have Minotaur himself. Together, we'll stop Vidkun's attacks on Minotaur and his kind.","Я поговорил с Eir, и мы отправились противостоять лидеру Sons of Svanir, Vidkun. Возможно, на его стороне драконий прислужник, но у нас есть сам Minotaur. Вместе мы остановим атаки Vidkun на Minotaur и его сородичей."
"I spoke with Mender Aviala, and asked how to find antidote for the poison Caithe mentioned. It's so rare that I will have to steal it from the trolls.","Я поговорил с Mender Aviala и спросил, как найти противоядие от яда, о котором упоминала Caithe. Оно настолько редкое, что мне придётся украсть его у троллей."
"I spoke with Tegwen and her friend, Carys, about the fall of Claw Island. Because of a cursed mirror, they'd both seen the ravages of Orr first-hand, and they were very willing to come and assist the Priory.",Я поговорил с Tegwen и её подругой Carys о падении Claw Island. Из-за проклятого зеркала они обе видели ужасы Orr из первых рук и были очень рады прийти и помочь Priory.
"I spoke with my father, Clement Forktail, in the Black Citadel stockade. He was eager to prove he's left the Flame Legion behind, and he told me how to contact the Flame Legion so I can continue my investigation.","Я поговорил со своим отцом, Clement Forktail, в тюрьме Black Citadel. Он жаждал доказать, что оставил Flame Legion в прошлом, и рассказал мне, как связаться с Flame Legion, чтобы я мог продолжить свое расследование."
"I spoke with the Pale Tree and told her about Tiachren and Ysvelta. I asked her about the Dream, and she told me that only two sylvari have ever dreamed of facing the dragons head-on—me, and Caithe. I wonder what that means? Nevertheless, the Mother was proud of me, and I look forward to my next adventure.","Я поговорил с Pale Tree и рассказал ей о Tiachren и Ysvelta. Я спросил её о Сне, и она сказала мне, что только двое сильвари когда-либо видели во сне противостояние драконам — я и Caithe. Интересно, что это значит? Тем не менее, Мать гордилась мной, и я с нетерпением жду своего следующего приключения."
"I spoke with the Pale Tree and told her about defeating Bercilak. I asked her about the Dream, and she told me that only two sylvari have ever dreamed of facing the dragons head-on—me, and Caithe. I wonder what that means? Nevertheless, the Mother was proud of me, and I look forward to my next adventure.","Я поговорил с Pale Tree и рассказал ей о победе над Bercilak. Я спросил её о Сне, и она сказала, что лишь двое sylvari когда-либо видели во сне битву с драконами — я и Caithe. Интересно, что это значит? Как бы то ни было, Мать гордится мной, и я с нетерпением жду своего следующего приключения."
"I spoke with the Pale Tree and told her about the white stag. I asked her about the Dream, and she told me that only two sylvari have ever dreamed of facing the dragons head-on—me, and Caithe. I wonder what that means? Nevertheless, the Mother was proud of me, and I look forward to my next adventure.","Я поговорил с Pale Tree и рассказал ей о белом олене. Я спросил её о Сне, и она ответила, что лишь двое сильвари когда-либо видели во сне, как они сражаются с драконами лицом к лицу — я и Caithe. Интересно, что это значит? Тем не менее, Мать гордилась мной, и я с нетерпением жду своего следующего приключения."
"I still don't get it, %str1%. I trusted Tervelan with my life. We all did. If he can sell us out, anybody can. If the Seraph are this weak, how will Kryta survive?","Я всё ещё не понимаю, %str1%. Я доверял Tervelan свою жизнь. Мы все доверяли. Если он смог нас продать, значит, любой может. Если Seraph настолько слабы, как Kryta выживет?"
"I struck a bargain to get my sire's key back. In return for my help with a salvage operation, the scrappers Isola and Braugit will return what's mine.","Я заключил сделку, чтобы вернуть ключ моего отца. В обмен на помощь в спасательной операции мусорщики Isola и Braugit вернут то, что принадлежит мне."
"I suppose so! Perhaps Minister Wi heard about your trouble and was determined to avoid a similar episode. Still, this much security is perculiar.","Полагаю, что так! Возможно, Minister Wi прослышал о ваших неприятностях и решил избежать подобного инцидента. И всё же, такая охрана выглядит странно."
"I talked with the bouncer inside the tavern in Lion's Arch. With the proper passwords, I was allowed into the secret Order of Whispers hideout.","Я поговорил с вышибалой в таверне в Lion's Arch. Зная нужные пароли, я смог попасть в секретное убежище Order of Whispers."
"I teamed up with Korukahn of the Order of Whispers to track down Klaes, a norn who had one of the necromancer Rissa's amulets. Klaes was corrupted and insane and had to be put down, but we did establish a connection between the amulet and the sudden surge of undead. Korukhan and I decided to check in with Rytlock and the other order reps before we proceed.","Я объединился с Korukhan из Order of Whispers, чтобы выследить Klaes, норна, у которого был один из амулетов некроманта Rissa. Klaes был осквернен и безумен, и его пришлось устранить, но мы установили связь между амулетом и внезапным всплеском активности нежити. Korukhan и я решили посоветоваться с Rytlock и другими представителями орденов, прежде чем двигаться дальше."
"I tested my Ghostbore musket with the help of Craze Steelgrinder and the Grind warband. The test results were very encouraging, and I even collected a trophy to prove how far we pushed into ghost territory. The preliminary tests are now complete, and it's time to update Tribune Goreblade.","Я испытал свой мушкет Ghostbore с помощью Craze Steelgrinder и отряда Точила. Результаты теста были очень обнадеживающими, и я даже собрал трофей, чтобы доказать, как далеко мы продвинулись на территорию призраков. Предварительные тесты завершены, пора доложить трибуну Goreblade."
"I think Captain Thackeray might have an argument with you on that, ma'am. He found me first.","Думаю, капитан Thackeray может поспорить с вами на этот счёт, сударыня. Он нашёл меня первым."
I think I remember where the wrecking yard is. I'll meet you there!,"Кажется, я помню, где находится свалка. Встретимся там!"
I think I'll talk to Lady Madeline about him. Thank you.,"Думаю, я поговорю с Lady Madeline о нем. Спасибо."
"I think it was that weird, hairy guy with the bone hat. She kicked him out into the snow.","Думаю, на того странного волосатого парня в костяной шапке. Она выставила его на снег."
I think she would be proud her daughter helped to save lives.,"Думаю, она гордилась бы тем, что её дочь помогла спасти жизни."
I think that's the least of their concerns. Let's go.,"Думаю, это их меньше всего волнует. Пошли."
"I think there's more to it than that, but I'm also not ready to abandon my invention.","Думаю, дело не только в этом, но я также не готов отказаться от своего изобретения."
I think this Recursive Feedback device only fuses people to golems. I don't think it can extract a person from one.,"Думаю, это устройство Recursive Feedback только сплавляет людей с големами. Не думаю, что оно может извлечь человека из одного из них."
"I think we were too easy on them, personally. After multiple attempted murders and abusing the memory of your parents, they got off light.","Лично я считаю, что мы были с ними слишком мягки. После многочисленных покушений на убийство и осквернения памяти твоих родителей, они легко отделались."
I think you have me mistaken for someone else. Good-bye.,"Думаю, ты принял меня за кого-то другого. Прощай."
"I threw a ball so high that when it came down, I realized I'd caught the moon instead.","Я бросил мяч так высоко, что когда он упал, я понял, что поймал луну."
"I told Eir about the Jormag-worshipping jotun and she wanted to look into it immediately. The Sons of Svanir are always trying to spread Jormag's influence, so Eir and I are headed to confront them and see what they know.","Я рассказал Eir о поклоняющихся Jormag йотунах, и она захотела немедленно разобраться в этом. Сыны Svanir постоянно пытаются распространить влияние Jormag, поэтому мы с Eir направляемся к ним, чтобы противостоять им и узнать, что им известно."
"I told Lieutenant Francis about Andrew's injury, but he had no medical supplies to spare. Thieves had intercepted his most recent shipment. He told me where I could find them.","Я рассказал лейтенанту Francis о ранении Andrew, но у него не оказалось лишних медикаментов. Воры перехватили его последнюю поставку. Он сказал мне, где я могу их найти."
"I told Thackeray that the bandits were planning to poison the water supply. I had to choose: go with him to stop the poisoners, or go to save Quinn. It wasn't an easy decision.","Я сказал Thackeray, что бандиты планируют отравить водопровод. Мне пришлось выбирать: идти с ним, чтобы остановить отравителей, или спасти Quinn. Это было непростое решение."
"I told Trahearne about the Ogotl hylek and their Eye of the Sun, and he was very concerned. We decided to take immediate action. We're going to find the Ogotl and stop their devious plan.","Я рассказал Trahearne о hylek из Ogotl и их «Eye of the Sun», и он был очень обеспокоен. Мы решили действовать немедленно. Мы собираемся найти Ogotl и остановить их коварный план."
I told you so. It's only going to get better from here on out. Wait and see.,Я же говорил. Дальше будет только лучше. Подожди и увидишь.
"I took Harrinton's journal to Captain Thackeray. He's not yet convinced that Tervelan is a traitor, but does think we should question him about the Screaming Falcons.","Я отнес дневник Harrinton капитану Thackeray. Он ещё не убежден, что Tervelan предатель, но считает, что нам стоит допросить его о Screaming Falcons."
"I took part in the mission to airlift the Searing Cauldron into Orr and fire it off against Zhaitan's army. The mission was a success, but only due to the bravery and sacrifice of our pilot, Arda Gyreshriek. Arda went missing after the blast, so Laranthir of the Wild and I set out to find her and bring her home safely.","Я участвовал в миссии по доставке Searing Cauldron в Orr и его применению против армии Zhaitan. Миссия прошла успешно, но только благодаря храбрости и самопожертвованию нашего пилота, Arda Gyreshriek. Arda пропала после взрыва, поэтому Laranthir of the Wild и я отправились на её поиски, чтобы вернуть её домой."
"I tracked and found the white stag, but in my moment of triumph, Gavin betrayed me and escaped with the poor creature. I was wrong to trust him, even though he seemed so honorable.","Я выследил и нашёл белого оленя, но в момент моего триумфа Gavin предал меня и сбежал с бедным существом. Я был неправ, доверяя ему, хотя он казался таким благородным."
I tracked my father all the way from Loreclaw Expanse to the ransom drop. I found him just as he was about to trade the idol of Balthazar for his captured comrade.,"Я выслеживал своего отца от Loreclaw Expanse до места передачи выкупа. Я нашёл его как раз в тот момент, когда он собирался обменять идол Balthazar на своего захваченного товарища."
I tracked the Minotaur Spirit up into the mountains to the north.,Я выследил Minotaur Spirit в горах на севере.
"I traveled to Morgan's Spiral to meet Gairwen, Bercilak's current love interest. He killed her true love, and she hates him with a passion. After I helped defend her love's grave, she told me that Bercilak's armor made him powerful. To find out how, I will seek the armorsmith who forged it.","Я отправился в Morgan's Spiral, чтобы встретиться с Gairwen, нынешним любовным интересом Bercilak. Он убил её возлюбленного, и она ненавидит его всей душой. После того как я помог защитить могилу её любимого, она сказала мне, что доспехи Bercilak делают его могущественным. Чтобы узнать как, я разыщу бронника, который их выковал."
"I understand. I wish you well, lady.","Я понимаю. Желаю вам всего доброго, леди."
"I understand. We've fought together now—please, call me %str1%.","Я понимаю. Теперь мы сражались вместе — пожалуйста, зови меня %str1%."
"I understand. Zamon thinks he can buy loyalty, but good men like you shouldn’t be treated that way.","Я понимаю. Zamon думает, что может купить лояльность, но с такими хорошими людьми, как вы, так обращаться нельзя."
"I updated Tribunes Goreblade and Brimstone on my progress, and reported on the Flame Legion's interest in my weapon prototype. Brimstone's keeping a close eye on all Flame Legion activity, so he's coming to observe my weapon's next field test.","Я ввел в курс дела трибунов Goreblade и Brimstone и доложил об интересе Flame Legion к моему прототипу. Brimstone внимательно следит за любой активностью Flame Legion, поэтому он придёт посмотреть на следующие полевые испытания моего оружия."
"I volunteered to fight Vallus in the arena—whatever his crimes, he deserved to die fighting, not butchered like a helpless animal. He fought with honor, but in the end I defeated him. I will remember my father not as a deserter, but as a soldier who refused to leave a member of his warband behind.","Я вызвался сразиться с Vallus на арене — какими бы ни были его преступления, он заслужил умереть в бою, а не быть зарезанным, как беспомощное животное. Он сражался с честью, но в итоге я победил его. Я буду помнить своего отца не как дезертира, а как солдата, который отказался бросить члена своего отряда."
I want casualty and injury counts right away. Whoever did this will pay for every drop of blood they spilled.,"Мне нужны списки погибших и раненых немедленно. Тот, кто это сделал, заплатит за каждую пролитую каплю крови."
"I want something exotic, like an owl griffon.","Я хочу что-нибудь экзотическое, например, совиного грифона."
I want to enjoy the moot first.,Я хочу сначала насладиться мотом.
"I warned Captain Thackeray about the impending attack on the orphanage and the hospital. We had to act quickly. Logan sent Lieutenant Francis with some soldiers in one direction, while he and I went in the other.","Я предупредил Captain Thackeray о готовящемся нападении на приют и госпиталь. Нам пришлось действовать быстро. Logan отправил Lieutenant Francis с солдатами в одну сторону, а мы с ним пошли в другую."
I was born in the fire of combat. My spirit has been forged and tempered like steel.,"Я рожден в огне битвы. Мой дух был выкован и закален, как сталь."
"I was looking around, and %str1%—we need to get out of here. We can't stay, right?","Я огляделся, и %str1% — нам нужно выбираться отсюда. Мы ведь не можем здесь оставаться, верно?"
"I was one of two winners in the Big Brawl's qualifying round, a free-for-all open to all norn. Now, we both face a special challenge that decides who moves on to the semifinals. I welcome this test. Each victory brings me closer to a shot at Mikkel.","Я стал одним из двух победителей отборочного раунда Большой драки, открытого для всех норнов. Теперь нас обоих ждет особое испытание, которое решит, кто пройдёт в полуфинал. Я приветствую это испытание. Каждая победа приближает меня к шансу сразиться с Mikkel."
"I was ordered into action alongside Tribune Rytlock Brimstone. Together, we stopped Duke Barradin's attack on Smokestead.",Мне было приказано действовать вместе с Tribune Rytlock Brimstone. Вместе мы остановили атаку Duke Barradin на Smokestead.
"I was surprised to find Petra waiting for me at the bandit cave. She insisted on coming with me, and together we penetrated their defenses and found the stolen supplies. To my surprise, we also ran into Twitchy Jake, who mentioned Big Nose Ted as well. I don't know how he got out, but he should still be in prison.","Я был удивлен, обнаружив Petra, ожидающую меня у пещеры бандитов. Она настояла на том, чтобы пойти со мной, и вместе мы прорвали их оборону и нашли украденные припасы. К моему удивлению, мы также столкнулись с Twitchy Jake, который упомянул ещё и Big Nose Ted. Не знаю, как он выбрался, но он должен был все ещё сидеть в тюрьме."
"I was the most recent offering, but the other shamans still don't believe what I say. They think the god rejected me for my impure faith, and that's why it didn't take me to paradise.","Я был последним подношением, но другие шаманы до сих пор не верят моим словам. Они думают, что бог отверг меня из-за моей нечистой веры, и поэтому не забрал в рай."
I was told you might know something interesting regarding Lady Madeline.,"Мне сказали, что ты можешь знать что-то интересное о Lady Madeline."
I weave the skein of wisdom. My cunning confounds lesser foes.,Я плету узор мудрости. Моя хитрость сбивает с толку более слабых врагов.
"I went looking for a missing Pact squad and found Ferghen, once the Pact's premier scout, now corrupted and hunting his fellow squadmates in a lethal game of cat-and-mouse. We defeated him, but not without serious casualties. I also learned that Ferghen's squad had located a powerful weapon that the Pact could employ against Zhaitan's army: a Searing Cauldron, much like the one that destroyed Ascalon centuries ago. We set out to collect that weapon.","Я отправился на поиски пропавшего отряда Pact и нашёл Ferghen, бывшего лучшего разведчика Pact, который теперь заражен и охотится на своих товарищей по отряду в смертельной игре в кошки-мышки. Мы победили его, но не без серьёзных потерь. Я также узнал, что отряд Ferghen обнаружил мощное оружие, которое Pact мог бы использовать против армии Zhaitan: Searing Cauldron, подобный тому, что уничтожил Ascalon столетия назад. Мы отправились забрать это оружие."
"I went to Tela Range to collect supplies for Steelbane and found Flame recruiters bullying a fellow Blood Legion soldier. I helped her fight them off, but the supplies were destroyed in the process. Now I have to report back to Steelbane empty-handed.","Я отправился в Tela Range, чтобы собрать припасы для Steelbane, и обнаружил вербовщиков Пламени, которые издевались над солдатом Кровавого легиона. Я помог ей отбиться, но припасы были уничтожены в процессе. Теперь мне нужно вернуться к Steelbane с пустыми руками."
"I went to charr territory and won the semifinals of the Big Brawl. Knut opened this competition up to fighters of all races, from all over the world. I had to beat a centaur, a sylvari, and a charr—not easy, but in the end I defeated them all. I'm almost ready to face Mikkel Toivosson, but first I need to speak with Eir.","Я отправился на территорию charr и выиграл полуфинал Big Brawl. Knut открыл это соревнование для бойцов всех рас со всего мира. Мне пришлось победить centaur, sylvari и charr — это было непросто, но в итоге я одолел их всех. Я почти готов встретиться с Mikkel Toivosson, но сначала мне нужно поговорить с Eir."
"I went to see Zojja at her laboratory near Rata Sum. She said that Snaff's first apprentice, Kudu, was showing off a new invention...that looks suspiciously like a rip-off of my old invention, the VAC weather-changer. Now I'm going to go see if that rat's plagarized my work.","Я отправился к Zojja в её лабораторию рядом с Rata Sum. Она сказала, что первый ученик Snaff, Kudu, хвастался новым изобретением... которое подозрительно похоже на плагиат моего старого изобретения, погодного регулятора VAC. Теперь я собираюсь проверить, украла ли эта крыса мою работу."
"I went with Gahn Towerbreaker and the Vigil to investigate the disappearance of my fallen comrade's body. We travelled to Snowdrift Haven and fought off an undead raiding party. We also recovered an amulet much like the one Howl used to wear. The amulets are connected to the necromancer Rissa, so we decided to check in with the other orders before we proceed.","Я отправился с Gahn Towerbreaker и Бдением, чтобы расследовать исчезновение тела моего павшего товарища. Мы отправились в Snowdrift Haven и отбили налет нежити. Мы также нашли амулет, очень похожий на тот, что носил Howl. Амулеты связаны с некромантом Rissa, поэтому мы решили проконсультироваться с другими орденами, прежде чем продолжить."
"I will join you in those prayers, my lady. Farewell.","Я присоединюсь к вашим молитвам, миледи. Прощайте."
"I will remember that, %str1%. Thank you.","Я запомню это, %str1%. Спасибо."
"I will rescue your followers, Minotaur. I swear it.","Я спасу твоих последователей, Minotaur. Клянусь."
I will seek out these problems and solve them. Then we will see how my legend grows!,"Я найду эти проблемы и решу их. Тогда мы увидим, как растет моя легенда!"
"I will write to you again, soon, and tell you how this story ends.","Я напишу тебе снова, скоро, и расскажу, чем закончится эта история."
"I will, JosirIowerth. Good-bye!","Обязательно, JosirIowerth. Прощай!"
"I will. Now, enjoy your drink. I've got someone I must speak with.",Сделаю. А теперь наслаждайся напитком. Мне нужно с кое-кем поговорить.
"I will. Thank you, sir.","Обязательно. Спасибо, сэр."
"I wish it weren't true, but I'm afraid the facts are against him. If you'll excuse me.","Я бы хотел, чтобы это было неправдой, но боюсь, факты против него. Прошу меня извинить."
I wish more of Divinity's Reach could be here to see us fighting alongside the charr. It's way past time for everyone to move beyond ancient grievances.,"Жаль, что больше жителей Divinity's Reach не могут увидеть, как мы сражаемся бок о бок с чарр. Давно пора всем оставить старые обиды в прошлом."
I wish to mingle. If you will excuse me?,Я хочу пообщаться. Прошу меня извинить?
"I wish we sylvari had spent time developing our own tanks. Think how effective the Pale Reavers would be if we had stealthy...what did that charr called it, ""mobile armored artillery""?","Жаль, что мы, сильвари, не потратили время на разработку собственных танков. Подумай, насколько эффективнее были бы Бледные Грабители, если бы у нас были скрытные... как там это называл чарр, «мобильная бронированная артиллерия»?"
I wish you'd never dragged me into this dreadful affair. I have a business to run!,"Жаль, что вы втянули меня в это ужасное дело. У меня бизнес!"
"I won't argue with your choice, %str1%. I'll pray for you, and for the queen. May Balthazar stand with you.","Я не буду спорить с твоим выбором, %str1%. Я буду молиться за тебя и за королеву. Пусть Balthazar будет с тобой."
"I won't forget what you did for us. When you make your stand against the dragons, call me, and I will repay that debt.","Я не забуду, что ты сделал для нас. Когда будешь давать отпор драконам, позови меня. Я верну этот долг."
I won't—that's for certain.,Не буду — это точно.
"I wonder. Your friend Faren is a dashing fellow, but I have heard such stories about him...","Интересно. Твой друг Faren — лихой парень, но я слышала о нем такие истории..."
"I worked with the Shining Blade and Captain Thackeray to lure the White Mantle cultists into a trap and defeat them. Afterward, Exemplars Mehid and Salia told me they may have found my parents' last residence. They're coming with me to investigate.","Я работал с Сияющим Клинком и капитаном Thackeray, чтобы заманить культистов Белой Мантии в ловушку и победить их. Впоследствии Exemplar Mehid и Salia сказали мне, что, возможно, нашли последнее пристанище моих родителей. Они идут со мной, чтобы провести расследование."
"I would go to obtain this cure, but I fear further attacks. I must stay, and defend him. Valiant, I need you to visit Mender Aviala in the Village of Astorea and request her help. She knows the antidote, and may have some available. When you have it, return swiftly. This brave knight's life is in your hands.","Я бы отправился за этим лекарством, но боюсь новых нападений. Я должен остаться и защитить его. Проводник, мне нужно, чтобы ты навестил целительницу Mender Aviala в деревне Astorea и попросил её о помощи. Она знает противоядие и, возможно, оно у неё есть. Как получишь его, возвращайся скорее. Жизнь этого храброго рыцаря в твоих руках."
I would like to hear your input.,Я хотел бы услышать твоё мнение.
"I would never return to confront the false god alone, but I have seen you fight, and I know your intentions. Meet me near the false god's lair, north of Steelbrachen.","Я бы никогда не вернулся, чтобы противостоять лжебогу в одиночку, но я видел, как ты сражаешься, и знаю твои намерения. Встретимся у логова лжебога, к северу от Steelbrachen."
"I wouldn't change a thing, Minister. Now if you'll excuse me, I have some mingling to do.","Я бы ничего не менял, министр. А теперь, если позволите, мне нужно пообщаться с гостями."
"I wouldn't dare question you, Lady Wi. Good-bye.","Я бы не посмел усомниться в вас, Lady Wi. Прощайте."
I wouldn't have missed your party for all of Tyria. It promises to be quite an exciting evening.,Я бы ни за что не пропустил ваш приём ради всей Tyria. Вечер обещает быть весьма захватывающим.
"I'd better let you get back on it, then.",Тогда лучше позволю вам вернуться к работе.
I'd like a moment to think this over.,Я бы хотел немного подумать над этим.
"I'd love to have you beside me, Captain, but l need more time to decide.","Я бы с радостью видел вас рядом с собой, капитан, но мне нужно больше времени, чтобы решить."
I'd need a bigger blade to cut that thing's throat. Let's just chop it to pieces!,"Мне понадобится клинок побольше, чтобы перерезать глотку этой твари. Давайте просто изрубим её в куски!"
I'd never knowingly stand in the way of your conquests.,Я бы никогда сознательно не встал на пути твоих любовных побед.
I'd say luck has very little to do with it.,"Я бы сказал, что удача тут ни при чем."
"I'd say the odds are in our favor, actually! It doesn't take a thousand soldiers to win a battle, it just takes one very smart researcher.","Я бы сказал, что шансы на нашей стороне! Чтобы выиграть битву, не нужна тысяча солдат, нужен один очень умный исследователь."
"I'd so much rather talk about YOU, darling. But since you asked, Baron Edmonds has been guzzling Wi's finest wines as if they were rainwater! Most uncouth...unlike you, my sweet.","Я бы предпочла поговорить о ТЕБЕ, дорогой. Но раз уж ты спросил, барон Edmonds хлещет лучшие вина Wi, словно это дождевая вода! Крайне невоспитанно... не то что ты, мой милый."
"I'll answer as best I can...which will be amazingly good, as you'll see. Ask away.","Я отвечу как смогу... а смогу я потрясающе, сам увидишь. Спрашивай."
I'll be hanging on your every word. Good luck.,Я буду ловить каждое ваше слово. Удачи.
"I'll be in touch,","Я свяжусь с вами,"
"I'll be right with you, Commander. I need to check in with our artillery experts, Snarl and Galina.","Я сейчас буду, Коммандир. Мне нужно переговорить с нашими экспертами по артиллерии, Snarl и Galina."
I'll do my best not to.,Постараюсь не подвести.
I'll do that right now.,Сделаю это прямо сейчас.
"I'll do that, thanks.","Так и сделаю, спасибо."
I'll get the tank repaired. Just clear those mines!,Я починю танк. Просто расчисти мины!
I'll get you that drink.,Я принесу вам выпить.
"I'll go do that now, thank you.","Я сейчас же этим займусь, спасибо."
"I'll go sample them now, thank you.","Я пойду попробую их, спасибо."
I'll gut them all. Nobody shells my city!,Я выпотрошу их всех. Никто не смеет обстреливать мой город!
"I'll handle this. Go, and seal the gates behind you.<ref>Trahearne: By the Pale Tree...those poor soldiers. Their sacrifice will not be forgotten.",Я разберусь с этим. Идите и запечатайте ворота за собой.<ref>Trahearne: Клянусь Pale Tree... эти бедные солдаты. Их жертва не будет забыта.
"I'll just take my leave, then. Enjoy the party.",Тогда я откланяюсь. Наслаждайся праздником.
"I'll keep that in mind, thank you.","Я запомню это, спасибо."
"I'll keep that in mind, thanks.","Я учту это, спасибо."
I'll keep that in mind. Good day.,Я учту это. Доброго дня.
I'll make Bear proud.,Я заставлю Медведя гордиться мной.
I'll make sure these crimes are punished. I promise.,"Я прослежу, чтобы эти преступления были наказаны. Обещаю."
"I'll meet you at the scrapyard, and we'll find those musket parts. (this is a misplaced dialogue option from a subsequent quest)","Встретимся на свалке, и мы найдём детали для мушкета. (это ошибочный вариант диалога из последующего задания)"
I'll meet you at the tavern later.,Встретимся в таверне позже.
"I'll meet you back in Divinity's Reach, Captain.","Встретимся в Divinity's Reach, Captain."
"I'll meet you outside the junkyard, boss. Boss. Heh, suits you.","Встретимся у свалки, босс. Босс. Хех, тебе идет."
I'll miss the others. We'd better get some new recruits in here to take up the slack.,"Я буду скучать по остальным. Нам лучше набрать сюда новых рекрутов, чтобы закрыть бреши."
I'll never fall to nightmare! I'd rather die!,Я никогда не поддамся Кошмару! Лучше смерть!
"I'll poach your head and hang it by the elk horns in Hoelbrak. Now, back off! Last chance!",Я сниму с тебя скальп и повешу его рядом с оленьими рогами в Hoelbrak. А теперь проваливай! Последнее предупреждение!
"I'll prove my worth with guile, collecting trophies to show my prowess. Then, I will drink and boast of my victories!","Я докажу свою ценность хитростью, собирая трофеи, чтобы показать свою доблесть. А потом я буду пить и хвастаться своими победами!"
"I'll return, trophy in hand!",Я вернусь с трофеем в руках!
I'll take Tervelan back to Divinity's Reach and lock him up. Meet me at the palace. We'll warn the queen about Minister Arton together.,Я отвезу Tervelan в Divinity's Reach и запру его. Встретимся во дворце. Мы вместе предупредим королеву о Minister Arton.
"I'll take that into consideration, JosirIowerth. Thanks for explaining.","Я приму это к сведению, JosirIowerth. Спасибо за объяснение."
"I'll take the stag back to the Grove. Make sure you are not followed, then return to me.","Я отведу оленя в Grove. Убедись, что за тобой нет хвоста, а потом возвращайся ко мне."
I'll tell you later.,Расскажу позже.
I'll tread lightly. Good-bye.,Буду осторожен. Прощай.
I'll watch my tongue. Can I ask something else?,Буду следить за языком. Можно спросить о чем-то ещё?
"I'm %str1%, ma'am, a new recruit reporting for duty.","Я %str1%, мэм, новобранец, прибывший для несения службы."
"I'm a Raven shaman. I speak to the spirits often. They talk of you frequently, %str1%.","Я шаман Ворона. Я часто говорю с духами. Они часто говорят о тебе, %str1%."
"I'm a loyal servant of the crown, but if Zamon gets off, I'm going to take matters into my own hands.","Я верный слуга короны, но если Zamon выйдёт сухим из воды, я возьму дело в свои руки."
"I'm about to meet up with Eir, and possibly with Zojja, in yet another attempt to bridge the gap that divides us. I don't see why the others can't simply leave the past alone. Mistakes get made, people die. It's a lesson we all need to learn, and one that I hope you've already accepted.","Я собираюсь встретиться с Eir, а возможно, и с Zojja, в очередной попытке преодолеть пропасть, которая нас разделяет. Я не понимаю, почему другие не могут просто оставить прошлое в покое. Ошибки случаются, люди умирают. Это урок, который мы все должны усвоить, и который, я надеюсь, вы уже приняли."
I'm afraid that's my own little secret to keep.,"Боюсь, это мой маленький секрет."
"I'm afraid we must—but I promise, we won't mention you told us anything. You'll be safe.","Боюсь, нам придётся — но обещаю, мы не проболтаемся, что это ты нам сказал. Ты будешь в безопасности."
I'm always ready for a challenge.,Я всегда готов к испытаниям.
"I'm always willing to do what I can for queen and country. That being said, let me offer you some unsolicited advice.","Я всегда готова сделать все, что в моих силах, для королевы и страны. И раз уж на то пошло, позвольте дать вам непрошеный совет."
I'm appalled at the way our politicians turn a blind eye. Someone should do something!,"Я потрясен тем, как наши политики закрывают на это глаза. Кто-то должен что-то предпринять!"
"I'm as charitable as the next person, but he was stinking up the place and I didn't want him scaring my kids. So out he went.","Я такая же милосердная, как и все, но от него воняло на всю округу, и я не хотела, чтобы он пугал моих детей. Вот я его и выставила."
"I'm at your service, %str1%. We're grateful for all of your help here.","Я к вашим услугам, %str1%. Мы благодарны за всю вашу помощь здесь."
I'm both excited and nervous. How did you find out about it?,Я одновременно взволнован и нервничаю. Как вы узнали об этом?
I'm certain he will %str1%. You've always been one of his most devoted followers.,"Я уверена, что он присмотрит, %str1%. Ты всегда был одним из его самых преданных последователей."
I'm concerned about the Infinity Ball holding the charge the collider provided.,"Я беспокоюсь о том, удержит ли Infinity Ball заряд, полученный от коллайдера."
I'm definitely looking forward to that.,Я определенно жду этого с нетерпением.
"I'm extremely impressed, Iowerth. The Durmand Priory's clearly an organization that values cleverness.","Я крайне впечатлен, Iowerth. Durmand Priory явно ценит смекалку."
"I'm flattered, my lady, but please: relax and enjoy the party. We're all friends here.","Я польщен, миледи, но прошу вас: расслабьтесь и наслаждайтесь праздником. Здесь все свои."
"I'm following you, %str1%.","Я иду за тобой, %str1%."
I'm frightened! Will you escort me home? I'd feel much better with you around.,Мне страшно! Вы не проводите меня домой? С вами мне было бы гораздо спокойнее.
"I'm glad that's handled. Great job, Legionnaire %str1%.","Рад, что с этим покончено. Отличная работа, Legionnaire %str1%."
I'm glad to hear that Minister Wi has things under control. Good-bye.,"Рада слышать, что Minister Wi держит ситуацию под контролем. До свидания."
"I'm glad you're among us, %str1%. We need you more than ever.","Я рад, что ты с нами, %str1%. Ты нужен нам больше, чем когда-либо."
"I'm glad you're working on it, too. The Infinity Ball couldn't be in better hands.","Я рад, что ты тоже над этим работаешь. Infinity Ball в надёжных руках."
I'm glad. I wouldn't want to be alone. Thank you.,Я рад. Не хотелось бы быть одному. Спасибо.
"I'm grateful for your protection, %str1%. We owe a great debt to you and Warmaster Forgal.","Я благодарен за вашу защиту, %str1%. Мы в большом долгу перед вами и Warmaster Forgal."
"I'm having a really bad day and I need to vent. My nemesis is back in town, and he's determined to make my life miserable. He's Inquest, so it's only a matter of time before he adds injury to insult. Come by my lab and lend an ear, okay?
—Zojja","У меня очень плохой день, и мне нужно выговориться. Мой заклятый враг вернулся в город и полон решимости сделать мою жизнь невыносимой. Он из Инквеста, так что это лишь вопрос времени, когда к оскорблениям добавится рукоприкладство. Зайди в мою лабораторию и выслушай, ладно?
—Зойя"
I'm here to answer any and all questions. Ask away.,"Я здесь, чтобы ответить на любые ваши вопросы. Спрашивайте."
"I'm in position and standing by for your signal, boss.","Я на позиции и жду твоего сигнала, босс."
I'm just glad that Tyria has finally joined forces to fight it.,"Я просто рад, что Tyria наконец объединила силы для борьбы с ним."
"I'm just trying to win the war, soldier. Fall in.","Я просто пытаюсь выиграть войну, солдат. Разойдись."
I'm looking to take down a boar.,Я хочу добыть кабана.
I'm more concerned that a member of the gentry is issuing orders to thieves.,"Меня больше беспокоит, что представитель знати отдает приказы ворам."
I'm more than ready. Zamon sent one of his sock puppets to try to bribe me away. I don't think he realizes how rich I actually am.,"Я более чем готов. Zamon прислал одну из своих марионеток, чтобы попытаться подкупить меня. Не думаю, что он понимает, насколько я богат на самом деле."
I'm not a peasant. You're a peasant!,"Я не крестьянин, это ты крестьянин!"
"I'm not going to lie, %str1%. This spooks me. Think about what happened with <racial representative> and the <race>. What if that happened in Lion's Arch?","Не буду врать, %str1%. Мне не по себе. Подумай о том, что случилось с <racial representative> и <race>. Что, если это произойдёт в Lion's Arch?"
"I'm not messing with it, I'm fine-tuning it. You set it up wrong.","Я не вожусь, я настраиваю её. Ты установил её неправильно."
"I'm not sure about this, %str1%. I trust you, but not your friends.","Я не уверен насчет этого, %str1%. Я доверяю тебе, но не твоим друзьям."
"I'm not sure the Metaphysic Fusion Device will be enough, even with my input. But if it helps your friends and harms the Inquest, I'm willing to try.","Не уверен, что Metaphysic Fusion Device будет достаточно, даже с моими доработками. Но если это поможет твоим друзьям и навредит Inquest, я готов попробовать."
"I'm on your side, mighty spirit. The only ones who should fear me are your enemies.","Я на твоей стороне, могучий дух. Единственные, кто должен меня бояться — это твои враги."
"I'm only joking. Although I imagine if any of his captors were ladies, he'd have charmed his way out before long, eh? Hah!","Я просто шучу. Хотя, думаю, если бы среди его похитителей были дамы, он бы очаровал их и выбрался задолго до этого, а? Ха!"
"I'm pretty good at puzzles. Sure, I'll give it a try.","Я неплохо разбираюсь в головоломках. Конечно, попробую."
I'm ready to go if you need me. There's nothing I'd like better than to personally dish out some of the punishment Zamon deserves.,"Я готов к действию, если я вам нужен. Нет ничего, что я хотел бы больше, чем лично воздать Zamon по заслугам."
I'm ready. I shall find the best trophies in this valley.,Я готов. Я найду лучшие трофеи в этой долине.
"I'm ready. I'll keep the rest of the initiates safe. My life on it, %str1%.","Я готов. Я обеспечу безопасность остальных послушников. Клянусь своей жизнью, %str1%."
"I'm ready. My blade is sharp and I've got an itchy dagger finger. This is what we train for, right?","Я готова. Мой клинок остер, а палец чешется нажать на кинжал. Мы ведь для этого тренировались, верно?"
"I'm so excited to meet you! You must have wonderful stories to tell. I can't wait to hear them. I've been assigned to escort you to the Durmand Priory, so meet me by the Black Lion Trading Company HQ in Lion's Arch, and we'll get started on a grand adventure!","Я так рада с вами познакомиться! У вас, должно быть, чудесные истории. Не могу дождаться, чтобы их услышать. Меня назначили сопроводить вас в Дурандский Приорат, так что ждите меня у штаб-квартиры «Чёрного льва» в Львином Дозоре, и мы отправимся в большое приключение!"
I'm so sorry. I become unaccountably shy around handsome heroes. I need a moment to regain my composure.,"Прошу прощения. Я становлюсь необъяснимо застенчивой рядом с красивыми героями. Мне нужно мгновение, чтобы прийти в себя."
I'm sorry Marshal. We can't seem to isolate the problem.,"Прошу прощения, Marshal. Кажется, мы не можем найти причину."
"I'm sorry to tell you this, but I have reason to believe your brother is a traitor.","Мне жаль это говорить, но у меня есть основания полагать, что ваш брат — предатель."
"I'm sorry, but I have nothing to say to you. You're out to spoil my family's good name.","Простите, но мне нечего вам сказать. Вы пытаетесь опорочить доброе имя моей семьи."
"I'm sorry, but I have to leave this decision up to you. Are we going to risk lives by trying to put me in a golem, or by trying to get Doxa out?","Прости, но я вынужден оставить это решение за тобой. Мы рискнём жизнями, пытаясь поместить меня в голема, или пытаясь извлечь Doxa?"
"I'm sorry, lady. Thank you for agreeing to testify.","Прошу прощения, леди. Спасибо, что согласились дать показания."
"I'm sorry, madam. If you want details, you'll have to wait until the trial. Good evening.","Прошу прощения, мадам. Если вам нужны подробности, придётся подождать до суда. Доброго вечера."
"I'm sorry, milady, but I cannot. Zamon must be punished for his crimes.","Мне жаль, миледи, но я не могу. Zamon должен быть наказан за свои преступления."
"I'm sorry, my lady, but I have to aid the Seraph. I'm sure Minister Wi's guards can see to it that you're safe.","Прошу прощения, миледи, но я должен помогать Серафимам. Уверен, стража Minister Wi позаботится о вашей безопасности."
"I'm sorry, too. Tegwen...we lost a good soldier today, but she died saving lives. We'll honor her memory.","Мне тоже жаль. Tegwen... сегодня мы потеряли хорошего солдата, но она погибла, спасая жизни. Мы почтим её память."
I'm starting to think there's no problem we can't solve if we tackle it together. Now get some rest. There's sure to be more work for us soon.,"Начинаю думать, что нет такой проблемы, которую мы не смогли бы решить вместе. А теперь отдохни. Скоро для нас наверняка найдётся новая работа."
"I'm sure you, and your master, will find that perfectly reasonable...and far better than bringing home a dead daughter, wouldn't you say?","Я уверен, что вы и ваш хозяин сочтете это вполне разумным... и куда лучше, чем привозить домой мёртвую дочь, не так ли?"
I'm sure. I found the rest of Harrinton's journal at the centaur camp. It blatantly accuses Tervelan of conspiring with the centaurs that ambushed Falcon Company.,"Я уверен. Я нашёл остатки дневника Harrinton в лагере кентавров. Там прямо обвиняется Tervelan в сговоре с кентаврами, которые устроили засаду на Falcon Company."
"I'm telling you, %str1%, these ghosts would've never breached the gate if we'd been at the front. But we're still stuck back here at the butt end of the battle.","Говорю тебе, %str1%, эти призраки никогда бы не прорвали ворота, будь мы на передовой. Но мы застряли здесь, в самом хвосте битвы."
I'm thrilled to be invited to one of Minister Wi's parties. It's so elegant.,Я в восторге от приглашения на одну из вечеринок Minister Wi. Это так изысканно.
I'm tired of serving ale to rowdy hunters.,Я устал разливать эль шумным охотникам.
"I'm tired, hero. Tired of the lies and the politics, tired of seeing people like Zamon get away with everything. I hope you make these charges stick.","Я устала, герой. Устала от лжи и политики, устала видеть, как такие, как Zamon, выходят сухими из воды. Надеюсь, вы добьетесь того, чтобы эти обвинения были приняты."
"I'm too tired to be angry or sad, so I'll do what I can here. By the way, thank you for speaking with me. It helps.","Я слишком устал, чтобы злиться или грустить, так что сделаю всё, что смогу. Кстати, спасибо, что поговорили со мной. Это помогает."
"I'm trying very hard to not throw things, %str1%! Get out and get going!","Я изо всех сил стараюсь ничего не крушить, %str1%! Уходи и приступай к делу!"
"I've already started on a tale of your heroic victory, %str1%. So don't lose...we need a real champion, and it'd be a crime to waste some of my deathless prose!","Я уже начал писать сказание о твоей героической победе, %str1%. Так что не проиграй... нам нужен настоящий чемпион, и было бы преступлением потратить впустую мою бессмертную прозу!"
I've always wondered what it would be like to go to the Mists. It'll be a new adventure...,"Я всегда гадала, каково это — отправиться в Туманы. Это будет приключение..."
"I've been dying to speak with Baroness Jasmina all night, but she keeps talking about you and won't believe we're friends! Can you believe that? Would you put in a good word for me?","Я весь вечер мечтал поговорить с Baroness Jasmina, но она все время говорит о тебе и не верит, что мы друзья! Ты можешь в это поверить? Замолвишь за меня словечко?"
"I've been to moots, but not like this! I grew up in a small settlement. I've never even seen so many people in one place!","Я бывал на мутах, но не на таких! Я вырос в маленьком поселении. Никогда не видел столько людей в одном месте!"
I've chosen Captain Thackeray.,Я выбрал Captain Thackeray.
I've chosen Countess Anise.,Я выбрал Countess Anise.
I've chosen Lord Faren.,Я выбрал Lord Faren.
I've chosen former Ministry Guard Reth.,Я выбрал бывшего Ministry Guard Reth.
I've decided to go with the Priory's plan.,Я решил выбрать план Priory.
"I've finished calibrating the powder-to-payload ration. Oola's schematics were vague, so I improvised.","Я закончил калибровку соотношения пороха к заряду. Чертежи Oola были расплывчаты, так что я импровизировал."
"I've gone over everything a dozen times. Unless something goes horribly wrong, we'll get our man.","Я перепроверил всё дюжину раз. Если не случится чего-то ужасного, мы поймаем нашего человека."
"I've got another question for you, Mav.","У меня есть ещё один вопрос к тебе, Mav."
"I've got no use for minotaurs, but no animal deserves such torment. I wish I could help.","Мне нет дела до минотавров, но ни одно животное не заслуживает таких мучений. Хотел бы я помочь."
"I've got this, Marshal. See you soon.","Я справлюсь, маршал. Скоро увидимся."
"I've heard a most interesting rumor that some of Snaff's technology has been sold in Kryta; to a ridiculous human named Uzolan. He's going to unveil it as his own at some sort of party, at the Legate Minister's estate in Beetletun. I plan to stop him. Of course, this means I'll likely run afoul of that fool Logan, who has gone back to his Queen, but who cares? At least Rytlock and Eir are off in Ascalon, searching for the ghost of some dead king's sword. More power to them on their waste of time.",—Zojja.
I've heard rumors of bandit attacks. Is it safe here?,Я слышал слухи о нападениях бандитов. Здесь безопасно?
"I've heard that as well. Take care, Salia. See you at the residence.","Я тоже это слышал. Береги себя, Salia. Увидимся в резиденции."
"I've intercepted reports that you are doing well. Your Order praises you highly. This is for the best. We must unify. We must all unify, or Tyria will blacken and die.","Я перехватил отчёты о том, что у тебя все хорошо. Твой Орден высоко хвалит тебя. Это к лучшему. Мы должны объединиться. Мы все должны объединиться, иначе Tyria почернеет и умрет."
"I've intercepted reports that you are doing well. Your Order praises you highly. This is for the best. We must unify. We must unify, or Tyria will blacken and die.","Я перехватил донесения о том, что у тебя всё хорошо. Твой Орден высоко тебя ценит. Это к лучшему. Мы должны объединиться. Мы должны объединиться, иначе Тирия почернеет и погибнет."
"I've just been informed that defective golems—not mine, of course—are causing havoc out in the jungle.","Мне только что сообщили, что неисправные големы — не мои, конечно — сеют хаос в джунглях."
"I've never met a grawl like Gara, but the fact he's unique makes either plan less likely to succeed, because they both depend on the rest of his people coming around.","Я никогда не встречала такого граула, как Gara, но тот факт, что он уникален, снижает шансы на успех любого из планов, ведь оба они зависят от того, одумаются ли остальные."
"I've received a letter from Tybalt Leftpaw, who has been assigned to me as my new Order of Whispers contact. I need to meet him in Lion's Arch.","Я получил письмо от Tybalt Leftpaw, который был назначен моим новым контактом в Order of Whispers. Мне нужно встретиться с ним в Lion's Arch."
"I've received a letter from the Royal Palace, requesting I come for an audience with the queen. I'd better make haste.",Я получил письмо из Royal Palace с приглашением на аудиенцию к королеве. Мне лучше поторопиться.
"I've received a report that you've done well within the Order. I knew you would. Victory is engineered into your bones, your very blood. It is why we are such good friends. We are very much alike.",Logan Thackeray.
