english,translate
"Double-click to open.
Choose a song from the Guild Wars 2: End of Dragons soundtrack to auto-unlock for your jukebox in your home instance and homestead.

Occasionally obtained from End of Dragons open-world content.","Дважды щёлкните, чтобы открыть.
Выберите композицию из саундтрека Guild Wars 2: Конец Драконов, чтобы автоматически открыть её для музыкального автомата в вашем домашнем инстансе и усадьбе.

Иногда можно получить в открытом мире Конца Драконов."
"Double-click to open.
Choose a song from the Guild Wars 2: Heart of Thorns soundtrack to auto-unlock for your jukebox in your home instance and homestead.","Дважды щёлкните, чтобы открыть.
Выберите композицию из саундтрека Guild Wars 2: Heart of Thorns, чтобы автоматически открыть её для музыкального автомата в вашем домашнем инстансе и усадьбе."
"Double-click to open.
Choose a song from the Guild Wars 2: Icebrood Saga soundtrack to auto-unlock for your jukebox in your home instance and homestead.","Дважды щёлкните, чтобы открыть.
Выберите композицию из саундтрека Guild Wars 2: Icebrood Saga, чтобы автоматически открыть её для музыкального автомата в вашем домашнем инстансе и усадьбе."
"Double-click to open.
Choose a song from the Guild Wars 2: Janthir Wilds soundtrack to auto-unlock for your jukebox in your home instance and homestead.

Occasionally obtained from Janthir Wilds open-world content.","Дважды щёлкните, чтобы открыть.
Выберите композицию из саундтрека Guild Wars 2: Janthir Wilds, чтобы автоматически открыть её для музыкального автомата в вашем домашнем инстансе и усадьбе.

Иногда можно получить в открытом мире Диких земель Джантира."
"Double-click to open.
Choose a song from the Guild Wars 2: Living World Season 2 soundtrack to auto-unlock for your jukebox in your home instance and homestead.","Дважды щёлкните, чтобы открыть.
Выберите композицию из саундтрека Guild Wars 2: Living World, сезон 2, чтобы автоматически открыть её для музыкального автомата в вашем домашнем инстансе и усадьбе."
"Double-click to open.
Choose a song from the Guild Wars 2: Living World Season 3 soundtrack to auto-unlock for your jukebox in your home instance and homestead.","Дважды щёлкните, чтобы открыть.
Выберите композицию из саундтрека Guild Wars 2: Living World, сезон 3, чтобы автоматически открыть её для музыкального автомата в вашем домашнем инстансе и усадьбе."
"Double-click to open.
Choose a song from the Guild Wars 2: Living World Season 4 soundtrack to auto-unlock for your jukebox in your home instance and homestead.","Дважды щёлкните, чтобы открыть.
Выберите композицию из саундтрека Guild Wars 2: Living World, сезон 4, чтобы автоматически открыть её для музыкального автомата в вашем домашнем инстансе и усадьбе."
"Double-click to open.
Choose a song from the Guild Wars 2: Path of Fire soundtrack to auto-unlock for your jukebox in your home instance and homestead.","Дважды щёлкните, чтобы открыть.
Выберите композицию из саундтрека Guild Wars 2: Путь Огня, чтобы автоматически открыть её для музыкального автомата в вашем домашнем инстансе и усадьбе."
"Double-click to open.
Choose a song from the Guild Wars 2: Secrets of the Obscure soundtrack to auto-unlock for your jukebox in your home instance and homestead.

Occasionally obtained from Secrets of the Obscure open-world content.","Дважды щёлкните, чтобы открыть.
Выберите композицию из саундтрека Guild Wars 2: Secrets of the Obscure, чтобы автоматически открыть её для музыкального автомата в вашем домашнем инстансе и усадьбе.

Иногда можно получить в открытом мире Secrets of the Obscure."
"Double-click to open.
Choose a song from the Metal Legion's concert soundtrack to auto-unlock for your jukebox in your home instance and homestead.

Rarely obtained from the open-world event A Concert for the Ages in Grothmar Valley.","Дважды щёлкните, чтобы открыть.
Выберите композицию из концертного саундтрека Металлического легиона, чтобы автоматически открыть её для музыкального автомата в вашем домашнем инстансе и усадьбе.

Редко выпадает в мировом событии «Концерт на века» в Grothmar Valley."
"Double-click to open.
Choose a song from the Super Adventure Box soundtrack to auto-unlock for your jukebox in your home instance and homestead.","Дважды щёлкните, чтобы открыть.
Выберите композицию из саундтрека Коробки суперприключений, чтобы автоматически открыть её для музыкального автомата в вашем домашнем инстансе и усадьбе."
"Double-click to open.
Choose a Stormcaller weapon. It will be bound to you.","Дважды щёлкните, чтобы открыть.
Выберите оружие «Зов бури». Оно будет привязано к вам."
"Double-click to open.
Choose a Volcanic Stormcaller weapon. It will be bound to you.","Дважды щёлкните, чтобы открыть.
Выберите вулканическое оружие «Зов бури». Оно будет привязано к вам."
"Double-click to open.
Choose a weapon from the Abomination weapon set.","Дважды щёлкните, чтобы открыть.
Выберите оружие из набора оружия Мерзости."
"Double-click to open.
Choose a weight class of Bearkin War Helm.

<c=@flavor>The chosen helm is used for crafting Janthir Wilds legendary items. You must select a weight to use it in the Mystic Forge. Remnants can be purchased from renown heart vendors in Janthir Syntri.</c>","Дважды щёлкните, чтобы открыть.
Выберите весовой класс боевого шлема медвежьего народа.

<c=@flavor>Выбранный шлем используется для создания легендарных предметов Диких земель Джантира. Чтобы использовать его в Mystic Forge, нужно выбрать вес. Остатки можно купить у торговцев сердец почёта в Джантир-Синтри.</c>"
"Double-click to open.
Choose a weight class of Polychromatic armor. (This will unlock the skin on all weights.)","Дважды щёлкните, чтобы открыть.
Выберите весовой класс полихроматической брони. (Это разблокирует облик для всех весов.)"
"Double-click to open.
Choose a weight class of Rift Hunter armor.","Дважды щёлкните, чтобы открыть.
Выберите весовой класс брони Охотника за разломами."
"Double-click to open.
Choose a weight class of Visage of Nourys.","Дважды щёлкните, чтобы открыть.
Выберите весовой класс Личины Нурис."
"Double-click to open.
Choose a weight class of Woad armor.","Дважды щёлкните, чтобы открыть.
Выберите весовой класс вайдовой брони."
"Double-click to open.
Choose a weight class of Woodland Kodan Boots. (This will unlock the skin for all weights.)","Дважды щёлкните, чтобы открыть.
Выберите весовой класс лесных сапог кодана. (Это разблокирует облик для всех весов.)"
"Double-click to open.
Choose a weight class of Woodland Kodan leather gloves.","Дважды щёлкните, чтобы открыть.
Выберите весовой класс лесных кожаных перчаток кодана."
"Double-click to open.
Choose a weight class of Woodland Kodan Leather Shoulders.","Дважды щёлкните, чтобы открыть.
Выберите весовой класс лесных кожаных наплечников кодана."
"Double-click to open.
Choose a weight of Ancient Canthan armor to unlock in your wardrobe.","Дважды щёлкните, чтобы открыть.
Выберите вес древней кантанской брони для разблокировки в вашем гардеробе."
"Double-click to open.
Choose an Abyssal Fractal weapon. It will be bound to you.","Дважды щёлкните, чтобы открыть.
Выберите оружие «Бездонный фрактал». Оно будет привязано к вам."
"Double-click to open.
Choose an account bound weapon from the Industrial Tools weapon set.","Дважды щёлкните, чтобы открыть.
Выберите оружие из набора «Промышленные инструменты», привязанное к учётной записи."
"Double-click to open.
Choose an account bound weapon from the Seer Enchanted weapon set.","Дважды щёлкните, чтобы открыть.
Выберите привязанное к учётной записи оружие из набора «Зачарованное оружие провидца»."
"Double-click to open.
Choose an account bound weapon from the Strelitzia Crystallinum weapon set.","Дважды щёлкните, чтобы открыть.
Выберите оружие из набора «Стрелиция кристаллинум», привязанное к учётной записи."
"Double-click to open.
Choose an account-bound Alliance Field Operative's Boots.","Дважды щёлкните, чтобы открыть.
Выберите привязанные к учётной записи сапоги полевого оперативника Альянса."
"Double-click to open.
Choose an account-bound Alliance Field Operative's Coat.","Дважды щёлкните, чтобы открыть.
Выберите привязанную к учётной записи куртку полевого оперативника Альянса."
"Double-click to open.
Choose an account-bound Alliance Field Operative's Gloves.","Дважды щёлкните, чтобы открыть.
Выберите привязанные к учётной записи перчатки полевого оперативника Альянса."
"Double-click to open.
Choose an account-bound Alliance Field Operative's Helmet.","Дважды щёлкните, чтобы открыть.
Выберите привязанный к учётной записи шлем полевого оперативника Альянса."
"Double-click to open.
Choose an account-bound Alliance Field Operative's Leggings.","Дважды щёлкните, чтобы открыть.
Выберите привязанные к учётной записи поножи полевого оперативника Альянса."
"Double-click to open.
Choose an account-bound Alliance Field Operative's Mantle.","Дважды щёлкните, чтобы открыть.
Выберите привязанную к учётной записи накидку полевого оперативника Альянса."
"Double-click to open.
Choose an account-bound form of the Morph-o-Matic.","Дважды щёлкните, чтобы открыть.
Выберите привязанную к учётной записи форму Морф-о-матика."
"Double-click to open.
Choose an account-bound weapon from the Chromatic Resin weapon set.","Дважды щёлкните, чтобы открыть.
Выберите привязанное к учётной записи оружие из набора «Хроматическая смола»."
"Double-click to open.
Choose any weight of Blood Legion Soldier Helm.
Items can only be worn by charr.","Дважды щёлкните, чтобы открыть.
Выберите шлем солдата Кровавого легиона любого веса.
Предметы могут носить только чарры."
"Double-click to open.
Choose any weight of Charr War Mask.
Items can only be worn by charr.","Дважды щёлкните, чтобы открыть.
Выберите боевую маску чарров любого веса.
Предметы могут носить только чарры."
"Double-click to open.
Choose from a subset of first-generation weapons or backpieces to be placed in your legendary armory.","Дважды щёлкните, чтобы открыть.
Выберите из ограниченного набора оружия или наспинников первого поколения для размещения в вашем Легендарном арсенале."
"Double-click to open.
Contains 100 assorted claws.","Дважды щёлкните, чтобы открыть.
Содержит 100 различных когтей."
"Double-click to open.
Contains 100 assorted fangs, claws, venom sacs, and vials of blood.","Дважды щёлкните, чтобы открыть.
Содержит 100 различных клыков, когтей, ядовитых мешков и флаконов с кровью."
"Double-click to open.
Contains 100 assorted pieces of ore and wood.","Дважды щёлкните, чтобы открыть.
Содержит 100 различных кусков руды и дерева."
"Double-click to open.
Contains 100 assorted pieces of ore.","Дважды щёлкните, чтобы открыть.
Содержит 100 различных кусков руды."
"Double-click to open.
Contains 100 assorted piles of dust.
<c=@flavor>When you think about it, shouldn't it just be one pile in there?</c>","Дважды щёлкните, чтобы открыть.
Содержит 100 различных кучек пыли.
<c=@flavor>Если подумать, разве там не должна быть всего одна кучка?</c>"
"Double-click to open.
Contains 100 assorted scraps of cloth and sections of leather.","Дважды щёлкните, чтобы открыть.
Содержит 100 различных лоскутов ткани и отрезков кожи."
"Double-click to open.
Contains 100 assorted scraps of cloth.","Дважды щёлкните, чтобы открыть.
Содержит 100 различных лоскутов ткани."
"Double-click to open.
Contains 100 assorted sections of leather.","Дважды щёлкните, чтобы открыть.
Содержит 100 различных отрезков кожи."
"Double-click to open.
Contains 100 assorted totems, scales, piles of dust, and pieces of bone.","Дважды щёлкните, чтобы открыть.
Содержит 100 различных тотемов, чешуек, кучек пыли и кусочков костей."
"Double-click to open.
Contains 100 assorted venom sacs.
<c=@flavor>For medicinal purposes, obviously. Nobody could possibly need to make this much poison.</c>","Дважды щёлкните, чтобы открыть.
Содержит 100 различных ядовитых мешков.
<c=@flavor>Очевидно, в медицинских целях. Никому не может понадобиться столько яда.</c>"
"Double-click to open.
Contains 100 assorted vials of blood.
<c=@flavor>""I suppose it makes sense. They are the Blood Legion.""</c>","Дважды щёлкните, чтобы открыть.
Содержит 100 различных флаконов с кровью.
<c=@flavor>«Полагаю, это имеет смысл. Они же Blood Legion».</c>"
"Double-click to open.
Contains 100 assorted wooden logs.","Дважды щёлкните, чтобы открыть.
Содержит 100 различных деревянных бревен."
"Double-click to open.
Contains 25 assorted charged materials.","Дважды щёлкните, чтобы открыть.
Содержит 25 различных заряженных материалов."
"Double-click to open.
Contains 25 assorted corrupt materials.","Дважды щёлкните, чтобы открыть.
Содержит 25 различных испорченных материалов."
"Double-click to open.
Contains 25 assorted crystal materials.","Дважды щёлкните, чтобы открыть.
Содержит 25 различных кристаллических материалов."
"Double-click to open.
Contains 25 assorted glacial materials.","Дважды щёлкните, чтобы открыть.
Содержит 25 различных ледниковых материалов."
"Double-click to open.
Contains 25 assorted molten materials.
<c=@flavor>Fire. It's a box of fire. Because the Flame Legion loves fire.</c>","Дважды щёлкните, чтобы открыть.
Содержит 25 различных расплавленных материалов.
<c=@flavor>Огонь. Это коробка с огнём. Потому что Flame Legion обожает огонь.</c>"
"Double-click to open.
Contains 25 assorted onyx materials.","Дважды щёлкните, чтобы открыть.
Содержит 25 различных ониксовых материалов."
"Double-click to open.
Contains 50 Dragonite Ore, 50 Empyreal Fragments, 2 Mystic Clovers, 8 Obsidian Shards, and a choice of valuable items from the Ash Legion.","Дважды щёлкните, чтобы открыть.
Содержит 50 драконитовой руды, 50 эмпирейских осколков, 2 мистических трилистника, 8 осколков обсидиана и выбор ценных предметов из Ash Legion."
"Double-click to open.
Contains 50 Dragonite Ore, 50 Empyreal Fragments, 2 Mystic Clovers, 8 Obsidian Shards, and a choice of valuable items from the Blood Legion.","Дважды щёлкните, чтобы открыть.
Содержит 50 драконитовой руды, 50 эмпирейских осколков, 2 мистических трилистника, 8 осколков обсидиана и выбор ценных предметов из Blood Legion."
"Double-click to open.
Contains 50 Dragonite Ore, 50 Empyreal Fragments, 2 Mystic Clovers, 8 Obsidian Shards, and a choice of valuable items from the Dominion.","Дважды щёлкните, чтобы открыть.
Содержит 50 драконитовой руды, 50 эмпирейских осколков, 2 мистических трилистника, 8 осколков обсидиана и выбор ценных предметов из Доминиона."
"Double-click to open.
Contains 50 Dragonite Ore, 50 Empyreal Fragments, 2 Mystic Clovers, 8 Obsidian Shards, and a choice of valuable items from the Flame legion.","Дважды щёлкните, чтобы открыть.
Содержит 50 драконитовой руды, 50 эмпирейских осколков, 2 мистических трилистника, 8 осколков обсидиана и выбор ценных предметов из Легиона Пламени."
"Double-click to open.
Contains 50 Dragonite Ore, 50 Empyreal Fragments, 2 Mystic Clovers, 8 Obsidian Shards, and a choice of valuable items from the Frost Legion.","Дважды щёлкните, чтобы открыть.
Содержит 50 драконитовой руды, 50 эмпирейских осколков, 2 мистических трилистника, 8 осколков обсидиана и выбор ценных предметов из Морозного легиона."
"Double-click to open.
Contains 50 Dragonite Ore, 50 Empyreal Fragments, 2 Mystic Clovers, 8 Obsidian Shards, and a choice of valuable items from the Iron Legion.","Дважды щёлкните, чтобы открыть.
Содержит 50 драконитовой руды, 50 эмпирейских осколков, 2 мистических трилистника, 8 осколков обсидиана и выбор ценных предметов из Iron Legion."
"Double-click to open.
Contains a choice of Charged Stormcaller recipes (dagger, pistol, short bow, sword, staff, scepter, focus, or torch), crafting material coffers, enemy intel, or charr salvage.","Дважды щёлкните, чтобы открыть.
Содержит выбор рецептов «Заряженный заклинатель бурь» (кинжал, пистолет, короткий лук, меч, посох, скипетр, фокус или факел), сундуки с материалами для крафта, разведданные врага или утиль чарров."
"Double-click to open.
Contains a choice of Charged Stormcaller weapon recipes (axe, greatsword, hammer, longbow, mace, rifle, shield, or warhorn), crafting material coffers, mission documents, or charr salvage.","Дважды щёлкните, чтобы открыть.
Содержит выбор рецептов оружия «Заряженный заклинатель бурь» (топор, двуручный меч, молот, длинный лук, булава, винтовка, щит или боевой рог), сундуки с материалами для крафта, документы миссии или утиль чарров."
"Double-click to open.
Contains a choice of Stormcaller weapon recipes (axe, greatsword, longbow, or warhorn), crafting material coffers, mission documents, or charr salvage.","Дважды щёлкните, чтобы открыть.
Содержит выбор рецептов оружия «Заклинатель бурь» (топор, двуручный меч, длинный лук или боевой рог), сундуки с материалами для крафта, документы миссии или утиль чарров."
"Double-click to open.
Contains a choice of Stormcaller weapon recipes (dagger, pistol, short bow, or sword), crafting material coffers, mission documents, or charr salvage.","Дважды щёлкните, чтобы открыть.
Содержит выбор рецептов оружия «Заклинатель бурь» (кинжал, пистолет, короткий лук или меч), сундуки с материалами для крафта, документы миссии или утиль чарров."
"Double-click to open.
Contains a choice of Stormcaller weapon recipes (focus, scepter, staff, or torch), crafting material coffers, mission documents, or charr salvage.","Дважды щёлкните, чтобы открыть.
Содержит выбор рецептов оружия «Заклинатель бурь» (фокус, скипетр, посох или факел), сундуки с материалами для крафта, документы миссии или утиль чарров."
"Double-click to open.
Contains a choice of Stormcaller weapon recipes (hammer, mace, rifle, or shield), crafting material coffers, mission documents, or charr salvage.","Дважды щёлкните, чтобы открыть.
Содержит выбор рецептов оружия «Заклинатель бурь» (молот, булава, винтовка или щит), сундуки с материалами для крафта, документы миссии или утиль чарров."
"Double-click to open.
Contains a Pristine Fractal Relic, 2 +1 Agony Infusions, a Fractal Encryption Key, 3 Resonating Slivers, and a chance for rare items.
Bonus rewards with the Agony Channeler or Recursive Resourcing mastery.","Дважды щёлкните, чтобы открыть.
Содержит нетронутую фрактальную реликвию, 2 инфузии агонии +1, ключ фрактального шифрования, 3 резонирующих осколка и шанс получить редкие предметы.
Бонусные награды с мастерством «Канал агонии» или «Рекурсивное извлечение ресурсов»."
"Double-click to open.
Contains a Pristine Fractal Relic, 2 +1 Agony Infusions, a Fractal Encryption Key, 4 Resonating Slivers, and a chance for rare items.
Bonus rewards with the Agony Channeler or Recursive Resourcing mastery.","Дважды щёлкните, чтобы открыть.
Содержит нетронутую фрактальную реликвию, 2 инфузии агонии +1, ключ фрактального шифрования, 4 резонирующих осколка и шанс получить редкие предметы.
Бонусные награды с мастерством «Канал агонии» или «Рекурсивное извлечение ресурсов»."
"Double-click to open.
Contains a Pristine Fractal Relic, 2 +1 Agony Infusions, a Large Mist Mobility Potion, 3 Fractal Encryptions, and a Fractal Research Page.
Bonus rewards with the Agony Channeler or Recursive Resourcing Mastery.","Дважды щёлкните, чтобы открыть.
Содержит нетронутую фрактальную реликвию, 2 инфузии агонии +1, большое зелье туманной мобильности, 3 фрактальных шифрования и страницу фрактальных исследований.
Бонусные награды с мастерством «Канал агонии» или «Рекурсивное извлечение ресурсов»."
"Double-click to open.
Contains a Pristine Fractal Relic, 2 +1 Agony Infusions, a Large Mist Offensive Potion, 3 Fractal Encryptions, and a Fractal Research Page.
Bonus rewards with the Agony Channeler or Recursive Resourcing Mastery.","Дважды щёлкните, чтобы открыть.
Содержит нетронутую фрактальную реликвию, 2 инфузии агонии +1, большое зелье туманного наступления, 3 фрактальных шифрования и страницу фрактальных исследований.
Бонусные награды с мастерством «Канал агонии» или «Рекурсивное извлечение ресурсов»."
"Double-click to open.
Contains a Pristine Fractal Relic, a +1 Agony Infusion, a Fractal Encryption Key, 2 Resonating Slivers, and a chance for rare items.
Bonus rewards with the Agony Channeler or Recursive Resourcing Mastery.","Дважды щёлкните, чтобы открыть.
Содержит нетронутую фрактальную реликвию, +1 Agony Infusion +1, ключ фрактального шифрования, 2 резонирующих осколка и шанс получить редкие предметы.
Бонусные награды с мастерством «Канал агонии» или «Рекурсивное извлечение ресурсов»."
"Double-click to open.
Contains a Pristine Fractal Relic, a +1 Agony Infusion, a Fractal Encryption Key, a Resonating Sliver, and a chance for rare items.
Bonus rewards with the Agony Channeler or Recursive Resourcing mastery.","Дважды щёлкните, чтобы открыть.
Содержит нетронутую фрактальную реликвию, +1 Agony Infusion +1, ключ фрактального шифрования, резонирующий осколок и шанс получить редкие предметы.
Бонусные награды с мастерством «Канал агонии» или «Рекурсивное извлечение ресурсов»."
"Double-click to open.
Contains a Pristine Fractal Relic, a +1 Agony Infusion, a Large Mist Defensive Potion, 2 Fractal Encryptions, and a Fractal Research Page.
Bonus rewards with the Agony Channeler or the Recursive Resourcing Mastery.","Дважды щёлкните, чтобы открыть.
Содержит нетронутую фрактальную реликвию, +1 Agony Infusion +1, большое зелье туманной защиты, 2 фрактальных шифрования и страницу фрактальных исследований.
Бонусные награды с мастерством «Канал агонии» или «Рекурсивное извлечение ресурсов»."
"Double-click to open.
Contains a Pristine Fractal Relic, a +1 Agony Infusion, a Writ of Experience, two Fractal Encryption Keys, and a chance for rare items.
Bonus rewards with the Agony Channeler or the Recursive Resourcing mastery.","Дважды щёлкните, чтобы открыть.
Содержит нетронутую фрактальную реликвию, +1 Agony Infusion +1, свиток опыта, два ключа Fractal Encryption и шанс получить редкие предметы.
Бонусные награды с мастерством «Канал агонии» или «Рекурсивное извлечение ресурсов»."
"Double-click to open.
Contains a Wintersday Gift Tree node for your home instance along with a special star item.","Дважды щёлкните, чтобы открыть.
Содержит узел Древа подарков Зимнего дня для вашего домашнего инстанса, а также особый предмет-звезду."
"Double-click to open.
Contains bonus loot from Strike Mission: Cold War.","Дважды щёлкните, чтобы открыть.
Содержит бонусную добычу из вылазки «Cold War»."
"Double-click to open.
Contains loot from creatures.
<c=@reminder>Affected by magic-find bonuses.</c>","Дважды щёлкните, чтобы открыть.
Содержит добычу с существ.
<c=@reminder>Зависит от бонусов к поиску магии.</c>"
"Double-click to open.
Contains materials from Amnytas.","Дважды щёлкните, чтобы открыть.
Содержит материалы из Амнитаса."
"Double-click to open.
Contains materials from Castora.","Дважды щёлкните, чтобы открыть.
Содержит материалы из Касторы."
"Double-click to open.
Contains materials from Inner Nayos.","Дважды щёлкните, чтобы открыть.
Содержит материалы из Inner Nayos."
"Double-click to open.
Contains materials from Janthir.","Дважды щёлкните, чтобы открыть.
Содержит материалы из Джантира."
"Double-click to open.
Contains materials from Skywatch Archipelago.","Дважды щёлкните, чтобы открыть.
Содержит материалы из архипелага Скайвотч."
"Double-click to open.
Contains materials gathered by the Crystal Bloom.","Дважды щёлкните, чтобы открыть.
Содержит материалы, собранные Кристальным Цветом."
"Double-click to open.
Contains materials gathered by the Deldrimor dwarves.","Дважды щёлкните, чтобы открыть.
Содержит материалы, собранные дварфами Дельдримора."
"Double-click to open.
Contains materials gathered by the Ebon Vanguard.","Дважды щёлкните, чтобы открыть.
Содержит материалы, собранные Эбонским авангардом."
"Double-click to open.
Contains materials gathered by the Exalted.","Дважды щёлкните, чтобы открыть.
Содержит материалы, собранные Возвышенными."
"Double-click to open.
Contains materials gathered by the kodan.","Дважды щёлкните, чтобы открыть.
Содержит материалы, собранные коданами."
"Double-click to open.
Contains materials gathered by the Olmakhan.","Дважды щёлкните, чтобы открыть.
Содержит материалы, собранные олмакханами."
"Double-click to open.
Contains materials gathered by the skritt.","Дважды щёлкните, чтобы открыть.
Содержит материалы, собранные скриттами."
"Double-click to open.
Contains materials gathered by the tengu.","Дважды щёлкните, чтобы открыть.
Содержит материалы, собранные тенгу."
"Double-click to open.
Contains materials gathered from Dragon's End.","Дважды щёлкните, чтобы открыть.
Содержит материалы, собранные в Драконьем Пределе."
"Double-click to open.
Contains materials gathered from Echovald Wilds.","Дважды щёлкните, чтобы открыть.
Содержит материалы, собранные в Эховальдских Пустошах."
"Double-click to open.
Contains materials gathered from New Kaineng City.","Дважды щёлкните, чтобы открыть.
Содержит материалы, собранные в New Kaineng."
"Double-click to open.
Contains materials gathered from Seitung Province.","Дважды щёлкните, чтобы открыть.
Содержит материалы, собранные в Провинции Сейтун."
"Double-click to open.
Contains unique survey rewards acquired by completing the lane's survey with high participation.","Дважды щёлкните, чтобы открыть.
Содержит уникальные награды за разведку, полученные за завершение разведки линии с высоким участием."
"Double-click to open.
Earned by winning rounds of Dragon Ball.
Contains 1 Token of the Dragon Ball Champion, 5 Little Lucky Envelopes, and rare gear.","Дважды щёлкните, чтобы открыть.
Даётся за победы в раундах Драконьего шара.
Содержит 1 жетон чемпиона Драконьего шара, 5 маленьких счастливых конвертов и редкое снаряжение."
"Double-click to open.
The weapons in this box unlock a journey to acquire multiple versions of their appearances.","Дважды щёлкните, чтобы открыть.
Оружие в этой коробке открывает путешествие для получения нескольких версий их обликов."
"Double-click to open.
This set contains the Fiery Blade Axe skin and Icy Blade Axe skin.","Дважды щёлкните, чтобы открыть.
Этот набор содержит облик Огненного лезвия топора и облик Ледяного лезвия топора."
"Double-click to open. 

Contains a Legendary Insight, a boss token used to obtain guild or homestead decorations, and a piece of exotic gear.","Дважды щёлкните, чтобы открыть. 

Содержит легендарное прозрение, жетон босса, используемый для получения украшений гильдии или усадьбы, и предмет экзотического снаряжения."
Double-click to open. <c=@flavor>Finders keepers!</c>,"Дважды щёлкните, чтобы открыть. <c=@flavor>Кто нашёл, того и вещь!</c>"
"Double-click to open. Choose an account-bound weight class of the Visage of Nourys. (This item cannot be sold.)

<c=@flavor>""Look at the big spender with all this stardust! Rich.""</c>","Дважды щёлкните, чтобы открыть. Выберите привязанный к учётной записи весовой класс личины Нурис. (Этот предмет нельзя продать.)

<c=@flavor>«Ишь, транжира, сколько звёздной пыли! Богач».</c>"
Double-click to open. Contains 1 Drop of Liquid Karma and 10 Unbound Magic.,"Дважды щёлкните, чтобы открыть. Содержит 1 Drop of Liquid Karma и 10 несвязанной магии."
"Double-click to open. Contains 1 Empyreal Star, 1 Dragonite Ingot, and 1 Bloodstone Brick.","Дважды щёлкните, чтобы открыть. Содержит 1 эмпирейскую звезду, 1 слиток драконита и 1 кирпич кровавого камня."
Double-click to open. Contains 1 laurel.,"Дважды щёлкните, чтобы открыть. Содержит 1 лавр."
"Double-click to open. Contains 1 Mystic Coin, a Resonating Sliver, and a Writ of Experience.","Дважды щёлкните, чтобы открыть. Содержит 1 Mystic Coin, резонирующий осколок и свиток опыта."
"Double-click to open. Contains 1 of the following: Mystic Forge Stone, Black Lion Chest Key, Transmutation Charge, Box of Fun, Merchant Express, Bank Access Express, Black Lion Salvage Kit, Trading Post Express, Instant Repair Canister, or Revive Orb.","Дважды щёлкните, чтобы открыть. Содержит 1 из следующего: камень Мистической кузницы, Black Lion Chest Key, заряд трансмутации, коробка веселья, Merchant Express, экспресс доступа к банку, набор для разбора Чёрного Льва, экспресс Trading Post, баллончик мгновенного ремонта или сфера возрождения."
"Double-click to open. Contains 1 Sip of Liquid Karma, 1 Blood Ruby, 25 Unbound Magic, and 1 Scrap of Maguuma Mastery (Autoconsume).","Дважды щёлкните, чтобы открыть. Содержит 1 Sip of Liquid Karma, 1 Blood Ruby, 25 несвязанной магии и 1 обрывок мастерства Магуумы (автопотребление)."
"Double-click to open. Contains 1 Sip of Liquid Karma, 1 Branded Mass, 25 Volatile Magic, and 1 Scrap of Desert Mastery (Autoconsume).","Дважды щёлкните, чтобы открыть. Содержит 1 Sip of Liquid Karma, 1 Branded Mass, 25 летучей магии и 1 Scrap of Desert Mastery (автопотребление)."
"Double-click to open. Contains 1 Sip of Liquid Karma, 1 Difluorite Crystal, 25 Volatile Magic, and 1 Scrap of Desert Mastery (Autoconsume).","Дважды щёлкните, чтобы открыть. Содержит 1 Sip of Liquid Karma, 1 кристалл дифторита, 25 летучей магии и 1 Scrap of Desert Mastery (автопотребление)."
"Double-click to open. Contains 1 Sip of Liquid Karma, 1 Fire Orchid blossom, 25 Unbound Magic, and 1 Scrap of Maguuma Mastery (Autoconsume).","Дважды щёлкните, чтобы открыть. Содержит 1 Sip of Liquid Karma, 1 цветок огненной орхидеи, 25 несвязанной магии и 1 обрывок мастерства Магуумы (автопотребление)."
"Double-click to open. Contains 1 Sip of Liquid Karma, 1 Hatched Chili, 25 Volatile Magic, and 1 Scrap of Icebrood Saga Mastery (Autoconsume).","Дважды щёлкните, чтобы открыть. Содержит 1 Sip of Liquid Karma, 1 вылупленный перец, 25 летучей магии и 1 Scrap of Icebrood Saga Mastery (автопотребление)."
"Double-click to open. Contains 1 Sip of Liquid Karma, 1 Imperial Favor, and 1 Scrap of End of Dragons Mastery (Autoconsume).","Дважды щёлкните, чтобы открыть. Содержит 1 Sip of Liquid Karma, 1 имперскую благосклонность и 1 Scrap of End of Dragons Mastery (автопотребление)."
"Double-click to open. Contains 1 Sip of Liquid Karma, 1 Inscribed Shard, 25 Volatile Magic, and 1 Scrap of Desert Mastery (Autoconsume).","Дважды щёлкните, чтобы открыть. Содержит 1 Sip of Liquid Karma, 1 исписанный осколок, 25 летучей магии и 1 Scrap of Desert Mastery (автопотребление)."
"Double-click to open. Contains 1 Sip of Liquid Karma, 1 Jade Shard, 25 Unbound Magic, and 1 Scrap of Maguuma Mastery (Autoconsume).","Дважды щёлкните, чтобы открыть. Содержит 1 Sip of Liquid Karma, 1 Jade Shard, 25 несвязанной магии и 1 обрывок мастерства Магуумы (автопотребление)."
"Double-click to open. Contains 1 Sip of Liquid Karma, 1 Lump of Mistonium, 25 Volatile Magic, and 1 Scrap of Desert Mastery (Autoconsume).","Дважды щёлкните, чтобы открыть. Содержит 1 Sip of Liquid Karma, 1 комок мистония, 25 летучей магии и 1 Scrap of Desert Mastery (автопотребление)."
"Double-click to open. Contains 1 Sip of Liquid Karma, 1 Machete, and 1 Scrap of Maguuma Mastery (Autoconsume).","Дважды щёлкните, чтобы открыть. Содержит 1 Sip of Liquid Karma, 1 мачете и 1 обрывок мастерства Магуумы (автопотребление)."
"Double-click to open. Contains 1 Sip of Liquid Karma, 1 Orrian Pearl, 25 Unbound Magic, and 1 Scrap of Maguuma Mastery (Autoconsume).","Дважды щёлкните, чтобы открыть. Содержит 1 Sip of Liquid Karma, 1 оррскую жемчужину, 25 несвязанной магии и 1 обрывок мастерства Магуумы (автопотребление)."
"Double-click to open. Contains 1 Sip of Liquid Karma, 1 Petrified Wood, 25 Unbound Magic, and 1 Scrap of Maguuma Mastery (Autoconsume).","Дважды щёлкните, чтобы открыть. Содержит: 1 Sip of Liquid Karma, 1 Petrified Wood, 25 несвязанной магии и 1 обрывок мастерства Магуумы (автопотребление)."
"Double-click to open. Contains 1 Sip of Liquid Karma, 1 Writ of Dragon's End, and 1 Scrap of End of Dragons Mastery (Autoconsume).","Дважды щёлкните, чтобы открыть. Содержит: 1 Sip of Liquid Karma, 1 свиток Края Дракона и 1 Scrap of End of Dragons Mastery (автопотребление)."
"Double-click to open. Contains 1 Sip of Liquid Karma, 1 Writ of Echovald Wilds, and 1 Scrap of End of Dragons Mastery (Autoconsume).","Дважды щёлкните, чтобы открыть. Содержит: 1 Sip of Liquid Karma, 1 свиток Эховальдских пустошей и 1 обрывок мастерства Конца драконов (автопотребление)."
"Double-click to open. Contains 1 Sip of Liquid Karma, 1 Writ of New Kaineng City, and 1 Scrap of End of Dragons Mastery (Autoconsume).","Дважды щёлкните, чтобы открыть. Содержит: 1 Sip of Liquid Karma, 1 свиток Нового Кайнен-Сити и 1 Scrap of End of Dragons Mastery (автопотребление)."
"Double-click to open. Contains 1 Sip of Liquid Karma, 1 Writ of Seitung Province, and 1 Scrap of End of Dragons Mastery (Autoconsume).","Дважды щёлкните, чтобы открыть. Содержит: 1 Sip of Liquid Karma, 1 свиток провинции Сейтун и 1 Scrap of End of Dragons Mastery (автопотребление)."
"Double-click to open. Contains 1 Sip of Liquid Karma, 10 Airship Parts, and 1 Scrap of Maguuma Mastery (Autoconsume).","Дважды щёлкните, чтобы открыть. Содержит: 1 Sip of Liquid Karma, 10 деталей дирижабля и 1 обрывок мастерства Магуумы (автопотребление)."
"Double-click to open. Contains 1 Sip of Liquid Karma, 10 Ley-Line Crystals, and 1 Scrap of Maguuma Mastery (Autoconsume).","Дважды щёлкните, чтобы открыть. Содержит: 1 Sip of Liquid Karma, 10 кристаллов леевых линий и 1 обрывок мастерства Магуумы (автопотребление)."
"Double-click to open. Contains 1 Sip of Liquid Karma, 10 Lumps of Aurillium, and 1 Scrap of Maguuma Mastery (Autoconsume).","Дважды щёлкните, чтобы открыть. Содержит: 1 Sip of Liquid Karma, 10 кусков ауриллиума и 1 обрывок мастерства Магуумы (автопотребление)."
"Double-click to open. Contains 1 Sip of Liquid Karma, 10 Trade Contracts, and 1 Scrap of Desert Mastery (Autoconsume).","Дважды щёлкните, чтобы открыть. Содержит: 1 Sip of Liquid Karma, 10 торговых контрактов и 1 Scrap of Desert Mastery (автопотребление)."
"Double-click to open. Contains 1 Sip of Liquid Karma, 2 Eternal Ice Shards, and 1 Scrap of Icebrood Saga Mastery (Autoconsume).","Дважды щёлкните, чтобы открыть. Содержит: 1 Sip of Liquid Karma, 2 осколка вечного льда и 1 обрывок мастерства Саги о ледяном отродье (автопотребление)."
"Double-click to open. Contains 1 Sip of Liquid Karma, 2 Winterberries, 25 Unbound Magic, and 1 Scrap of Maguuma Mastery (Autoconsume).","Дважды щёлкните, чтобы открыть. Содержит: 1 Sip of Liquid Karma, 2 зимние ягоды, 25 несвязанной магии и 1 обрывок мастерства Магуумы (автопотребление)."
"Double-click to open. Contains 1 Sip of Liquid Karma, 25 Charr Commendations, and 1 Scrap of Icebrood Saga Mastery (Autoconsume).","Дважды щёлкните, чтобы открыть. Содержит: 1 Sip of Liquid Karma, 25 знаков отличия чарров и 1 Scrap of Icebrood Saga Mastery (автопотребление)."
"Double-click to open. Contains 1 Sip of Liquid Karma, 5 Kralkatite Ore, 25 Volatile Magic, and 1 Scrap of Desert Mastery (Autoconsume).","Дважды щёлкните, чтобы открыть. Содержит: 1 Sip of Liquid Karma, 5 кралкатитовой руды, 25 летучей магии и 1 Scrap of Desert Mastery (автопотребление)."
"Double-click to open. Contains 1 Sip of Liquid Karma, 5 Mistborn Motes, 25 Volatile Magic, and 1 Scrap of Desert Mastery (Autoconsume).","Дважды щёлкните, чтобы открыть. Содержит: 1 Sip of Liquid Karma, 5 туманных частиц, 25 летучей магии и 1 Scrap of Desert Mastery (автопотребление)."
"Double-click to open. Contains 1 Sip of Liquid Karma, 5 Tyrian Defense Seals, and 1 Scrap of Icebrood Saga Mastery (autoconsume).","Дважды щёлкните, чтобы открыть. Содержит: 1 Sip of Liquid Karma, 5 тирийских оборонительных печатей и 1 Scrap of Icebrood Saga Mastery (автопотребление)."
"Double-click to open. Contains 1 Sip of Liquid Karma, a Resonating Sliver, and 2 Writs of Experience.","Дважды щёлкните, чтобы открыть. Содержит 1 Sip of Liquid Karma, резонирующий осколок и 2 свитка опыта."
Double-click to open. Contains 1 Thimble of Liquid Karma and 1 Scrap of Desert Mastery (Autoconsume).,"Дважды щёлкните, чтобы открыть. Содержит 1 Thimble of Liquid Karma и 1 Scrap of Desert Mastery (автопотребление)."
Double-click to open. Contains 1 Thimble of Liquid Karma and 1 Scrap of End of Dragons Mastery (Autoconsume).,"Дважды щёлкните, чтобы открыть. Содержит 1 Thimble of Liquid Karma и 1 обрывок мастерства Конца драконов (автопотребление)."
Double-click to open. Contains 1 Thimble of Liquid Karma and 1 Scrap of Maguuma Mastery (Autoconsume).,"Дважды щёлкните, чтобы открыть. Содержит 1 Thimble of Liquid Karma и 1 обрывок мастерства Магуумы (автопотребление)."
"Double-click to open. Contains 1 Thimble of Liquid Karma, a Resonating Sliver, and a Writ of Experience.","Дважды щёлкните, чтобы открыть. Содержит 1 Thimble of Liquid Karma, резонирующий осколок и свиток опыта."
Double-click to open. Contains 1 Tome of Knowledge.,"Дважды щёлкните, чтобы открыть. Содержит 1 фолиант знаний."
Double-click to open. Contains 10 laurels.,"Дважды щёлкните, чтобы открыть. Содержит 10 лавров."
Double-click to open. Contains 100 Ascalonian Tears and 1 Tome of Knowledge.,"Дважды щёлкните, чтобы открыть. Содержит 100 аскалонских слёз и 1 фолиант знаний."
Double-click to open. Contains 100 Deadly Blooms and 1 Tome of Knowledge.,"Дважды щёлкните, чтобы открыть. Содержит 100 смертоносных цветов и 1 фолиант знаний."
Double-click to open. Contains 100 Flame Legion Charr Carvings and 1 Tome of Knowledge.,"Дважды щёлкните, чтобы открыть. Содержит 100 резных фигурок чарров Flame Legion и 1 фолиант знаний."
Double-click to open. Contains 100 Knowledge Crystals and 1 Tome of Knowledge.,"Дважды щёлкните, чтобы открыть. Содержит 100 кристаллов знаний и 1 фолиант знаний."
Double-click to open. Contains 100 Manifestos of the Moletariate and 1 Tome of Knowledge.,"Дважды щёлкните, чтобы открыть. Содержит 100 манифестов Молетариата и 1 фолиант знаний."
Double-click to open. Contains 100 Seals of Beetletun and 1 Tome of Knowledge.,"Дважды щёлкните, чтобы открыть. Содержит 100 печатей Битлтуна и 1 фолиант знаний."
Double-click to open. Contains 100 Shards of Zhaitan and 1 Tome of Knowledge.,"Дважды щёлкните, чтобы открыть. Содержит 100 осколков Зайтана и 1 фолиант знаний."
Double-click to open. Contains 100 Symbols of Koda and 1 Tome of Knowledge.,"Дважды щёлкните, чтобы открыть. Содержит 100 символов Коды и 1 фолиант знаний."
Double-click to open. Contains 15 laurels.,"Дважды щёлкните, чтобы открыть. Содержит 15 лавров."
Double-click to open. Contains 150 Flame Legion Carvings.,"Дважды щёлкните, чтобы открыть. Содержит 150 резных фигурок Flame Legion."
Double-click to open. Contains 150 Tales of Dungeon Delving.,"Дважды щёлкните, чтобы открыть. Содержит 150 сказаний о подземельях."
Double-click to open. Contains 2 laurels.,"Дважды щёлкните, чтобы открыть. Содержит 2 лавра."
Double-click to open. Contains 2 Mystic Coins.,"Дважды щёлкните, чтобы открыть. Содержит 2 мистические монеты."
Double-click to open. Contains 2 Tomes of Knowledge.,"Дважды щёлкните, чтобы открыть. Содержит 2 фолианта знаний."
Double-click to open. Contains 20 Laurels.,"Дважды щёлкните, чтобы открыть. Содержит 20 лавров."
Double-click to open. Contains 200 luck.,"Дважды щёлкните, чтобы открыть. Содержит 200 удачи."
"Double-click to open. Contains 25 Dragonite Ore, 2 Writs of Experience, a Resonating Sliver, and a piece of equipment.","Дважды щёлкните, чтобы открыть. Содержит 25 драконитовой руды, 2 свитка опыта, резонирующий осколок и единицу снаряжения."
"Double-click to open. Contains 25 Empyreal Fragments, a Resonating Sliver, 2 Writs of Experience, and 2 pieces of equipment.","Дважды щёлкните, чтобы открыть. Содержит 25 эмпирейских осколков, резонирующий осколок, 2 свитка опыта и 2 единицы снаряжения."
"Double-click to open. Contains 3 Globs of Ectoplasm, a Resonating Sliver, and 2 Writs of Experience.","Дважды щёлкните, чтобы открыть. Содержит 3 сгустка эктоплазмы, резонирующий осколок и 2 свитка опыта."
Double-click to open. Contains 3 laurels.,"Дважды щёлкните, чтобы открыть. Содержит 3 лавра."
Double-click to open. Contains 3 Tomes of Knowledge.,"Дважды щёлкните, чтобы открыть. Содержит 3 фолианта знаний."
Double-click to open. Contains 3 Transmutation Charges.,"Дважды щёлкните, чтобы открыть. Содержит 3 заряда трансмутации."
Double-click to open. Contains 4 laurels.,"Дважды щёлкните, чтобы открыть. Содержит 4 лавра."
Double-click to open. Contains 4 Mystic Coins.,"Дважды щёлкните, чтобы открыть. Содержит 4 мистические монеты."
Double-click to open. Contains 4 Tomes of Knowledge.,"Дважды щёлкните, чтобы открыть. Содержит 4 фолианта знаний."
Double-click to open. Contains 40 Ascalonian Tears.,"Дважды щёлкните, чтобы открыть. Содержит 40 аскалонских слёз."
Double-click to open. Contains 40 Deadly Blooms.,"Дважды щёлкните, чтобы открыть. Содержит 40 смертоносных цветов."
Double-click to open. Contains 40 Knowledge Crystals.,"Дважды щёлкните, чтобы открыть. Содержит 40 кристаллов знаний."
Double-click to open. Contains 40 Manifestos of the Moletariate.,"Дважды щёлкните, чтобы открыть. Содержит 40 манифестов Молетариата."
Double-click to open. Contains 40 Seals of Beetletun.,"Дважды щёлкните, чтобы открыть. Содержит 40 печатей Битлтуна."
Double-click to open. Contains 40 Shards of Zhaitan.,"Дважды щёлкните, чтобы открыть. Содержит 40 осколков Зайтана."
Double-click to open. Contains 40 Symbols of Koda.,"Дважды щёлкните, чтобы открыть. Содержит 40 символов Коды."
Double-click to open. Contains 400 luck.,"Дважды щёлкните, чтобы открыть. Содержит 400 удачи."
Double-click to open. Contains 6 Mystic Coins.,"Дважды щёлкните, чтобы открыть. Содержит 6 мистических монет."
Double-click to open. Contains 6 Tomes of Knowledge.,"Дважды щёлкните, чтобы открыть. Содержит 6 фолиантов знаний."
Double-click to open. Contains 600 luck.,"Дважды щёлкните, чтобы открыть. Содержит 600 удачи."
Double-click to open. Contains 8 Mystic Coins.,"Дважды щёлкните, чтобы открыть. Содержит 8 мистических монет."
Double-click to open. Contains 8 Obsidian Shards and 7 Mystic Clovers.,"Дважды щёлкните, чтобы открыть. Содержит 8 осколков обсидиана и 7 мистических трилистников."
Double-click to open. Contains 800 luck.,"Дважды щёлкните, чтобы открыть. Содержит 800 удачи."
Double-click to open. Contains a 10-slot bag and 3 Explorer's Boosters.,"Дважды щёлкните, чтобы открыть. Содержит сумку на 10 ячеек и 3 усилителя исследователя."
"Double-click to open. Contains a book of Basic Homestead Recipes, and 120 of each of the three Homestead Materials.","Дважды щёлкните, чтобы открыть. Содержит книгу базовых рецептов усадьбы и по 120 каждого из трёх материалов усадьбы."
Double-click to open. Contains a Celebration Booster.,"Дважды щёлкните, чтобы открыть. Содержит праздничный усилитель."
Double-click to open. Contains a choice of 150 tokens from any dungeon.,"Дважды щёлкните, чтобы открыть. Содержит выбор из 150 жетонов из любого подземелья."
"Double-click to open. Contains a choice of a level 10 Enhanced Mighty weapon, 3 choices of dye unlocks, 5 transmutation charges, and a Royal Terrace two-week pass.","Дважды щёлкните, чтобы открыть. Содержит на выбор улучшенное могучее оружие 10-го уровня, 3 краски на выбор, 5 зарядов трансмутации и двухнедельный пропуск в Королевскую террасу."
Double-click to open. Contains a choice of one account-bound Destroyer weapon. Unlocks the Destroyer Weapons collection.,"Дважды щёлкните, чтобы открыть. Содержит на выбор одно привязанное к учётной записи оружие разрушителей. Открывает коллекцию «Оружие разрушителей»."
Double-click to open. Contains a choice of rewards unique to the air djinn encounter.,"Дважды щёлкните, чтобы открыть. Содержит выбор наград, уникальных для встречи с воздушным джинном."
Double-click to open. Contains a choice of rewards unique to the Cairn the Indomitable encounter.,"Дважды щёлкните, чтобы открыть. Содержит выбор наград, уникальных для встречи с Кэрном Несокрушимым."
Double-click to open. Contains a choice of rewards unique to the Conjured Amalgamate encounter.,"Дважды щёлкните, чтобы открыть. Содержит выбор наград, уникальных для встречи с Созданным Слиянием."
Double-click to open. Contains a choice of rewards unique to the Deimos encounter.,"Дважды щёлкните, чтобы открыть. Содержит выбор наград, уникальных для встречи с Деймосом."
Double-click to open. Contains a choice of rewards unique to the Dhuum encounter.,"Дважды щёлкните, чтобы открыть. Содержит выбор наград, уникальных для встречи с Дуумом."
Double-click to open. Contains a choice of rewards unique to the earth djinn encounter.,"Дважды щёлкните, чтобы открыть. Содержит выбор наград, уникальных для встречи с земляным джинном."
Double-click to open. Contains a choice of rewards unique to the Mursaat Overseer encounter.,"Дважды щёлкните, чтобы открыть. Содержит выбор наград, уникальных для встречи с Mursaat Overseer."
Double-click to open. Contains a choice of rewards unique to the Qadim encounter.,"Дважды щёлкните, чтобы открыть. Содержит выбор наград, уникальных для встречи с Кадимом."
Double-click to open. Contains a choice of rewards unique to the Qadim the Peerless encounter.,"Дважды щёлкните, чтобы открыть. Содержит выбор наград, уникальных для встречи с Кадимом Непревзойдённым."
Double-click to open. Contains a choice of rewards unique to the Samarog encounter.,"Дважды щёлкните, чтобы открыть. Содержит выбор наград, уникальных для встречи с Самарогом."
Double-click to open. Contains a choice of rewards unique to the Soulless Horror encounter.,"Дважды щёлкните, чтобы открыть. Содержит выбор наград, уникальных для встречи с Soulless Horror."
Double-click to open. Contains a choice of rewards unique to the Twin Largos encounter.,"Дважды щёлкните, чтобы открыть. Содержит выбор наград, уникальных для встречи с парными ларгосами."
Double-click to open. Contains a dye unlock from one of the chosen color sets.,"Дважды щёлкните, чтобы открыть. Содержит разблокировку краски из одного из выбранных наборов цветов."
"Double-click to open. Contains a Gilded Reliquary of the Raven, a Sweet Campfire Treat, and a 32-slot bag.","Дважды щёлкните, чтобы открыть. Содержит позолоченную реликвию ворона, Sweet Campfire Treat и сумку на 32 ячейки."
"Double-click to open. Contains a Helm of the Dragonrender box, a Sweet Campfire Treat, a 20-slot bag, and a 28-slot bag recipe.","Дважды щёлкните, чтобы открыть. Содержит коробку шлема раздирателя драконов, Sweet Campfire Treat, сумку на 20 ячеек и рецепт сумки на 28 ячеек."
"Double-click to open. Contains a permanent 2%% increase to account gold find and choice of Ascended Crafting Materials, Legendary Crafting Materials, Laurels, or Tomes of Knowledge.","Дважды щёлкните, чтобы открыть. Содержит постоянное увеличение находимого золота на 2%% для учётной записи и на выбор: вознесённые материалы для крафта, легендарные материалы для крафта, лавры или фолианты знаний."
Double-click to open. Contains a piece of exotic gear for elementalists.,"Дважды щёлкните, чтобы открыть. Содержит предмет экзотического снаряжения для элементалистов."
Double-click to open. Contains a piece of exotic gear for engineers.,"Дважды щёлкните, чтобы открыть. Содержит предмет экзотического снаряжения для инженеров."
Double-click to open. Contains a piece of exotic gear for guardians.,"Дважды щёлкните, чтобы открыть. Содержит предмет экзотического снаряжения для стражей."
Double-click to open. Contains a piece of exotic gear for mesmers.,"Дважды щёлкните, чтобы открыть. Содержит предмет экзотического снаряжения для месмеров."
Double-click to open. Contains a piece of exotic gear for necromancers.,"Дважды щёлкните, чтобы открыть. Содержит предмет экзотического снаряжения для некромантов."
Double-click to open. Contains a piece of exotic gear for rangers.,"Дважды щёлкните, чтобы открыть. Содержит предмет экзотического снаряжения для рейнджеров."
Double-click to open. Contains a piece of exotic gear for revenants.,"Дважды щёлкните, чтобы открыть. Содержит предмет экзотического снаряжения для ревенантов."
Double-click to open. Contains a piece of exotic gear for thieves.,"Дважды щёлкните, чтобы открыть. Содержит предмет экзотического снаряжения для воров."
Double-click to open. Contains a piece of exotic gear for warriors.,"Дважды щёлкните, чтобы открыть. Содержит предмет экзотического снаряжения для воинов."
Double-click to open. Contains a piece of exotic gear.,"Дважды щёлкните, чтобы открыть. Содержит предмет экзотического снаряжения."
"Double-click to open. Contains a Portal Note for 5 free teleports to starter maps, 1,000 karma, and 3 Heroic Boosters.","Дважды щёлкните, чтобы открыть. Содержит портальную заметку на 5 бесплатных телепортов на стартовые карты, 1000 кармы и 3 героических усилителя."
"Double-click to open. Contains a Pristine Fractal Relic, 10 +1 Agony Infusions, a Resonating Sliver, a Tome of Knowledge, 3 Fractal Encryption Keys, and a Stabilizing Matrix.","Дважды щёлкните, чтобы открыть. Содержит нетронутую фрактальную реликвию, 10 инфузий агонии +1, резонирующий осколок, фолиант знаний, 3 ключа Fractal Encryption и стабилизирующую матрицу."
"Double-click to open. Contains a Pristine Fractal Relic, 3 +1 Agony Infusions, a Resonating Sliver, a Tome of Knowledge, a Stabilizing Matrix, and Fractal Encryption Key.","Дважды щёлкните, чтобы открыть. Содержит нетронутую фрактальную реликвию, 3 инфузии агонии +1, резонирующий осколок, фолиант знаний, стабилизирующую матрицу и ключ фрактального шифрования."
"Double-click to open. Contains a Pristine Fractal Relic, 3 +1 Agony Infusions, a Resonating Sliver, a Tome of Knowledge, and a Stabilizing Matrix.","Дважды щёлкните, чтобы открыть. Содержит нетронутую фрактальную реликвию, 3 инфузии агонии +1, резонирующий осколок, фолиант знаний и стабилизирующую матрицу."
"Double-click to open. Contains a Pristine Fractal Relic, 5 +1 Agony Infusions, a Resonating Sliver, a Tome of Knowledge, 2 Fractal Encryption Keys, and a Stabilizing Matrix.","Дважды щёлкните, чтобы открыть. Содержит нетронутую фрактальную реликвию, 5 инфузий агонии +1, резонирующий осколок, фолиант знаний, 2 ключа Fractal Encryption и стабилизирующую матрицу."
"Double-click to open. Contains a rare item, a Resonating Sliver, and 2 Writs of Experience.","Дважды щёлкните, чтобы открыть. Содержит редкий предмет, резонирующий осколок и 2 свитка опыта."
"Double-click to open. Contains a Raven Spirit Shadow that can be summoned, a Raven Statue decoration, a 24-slot bag, and a 32-slot bag recipe.","Дважды щёлкните, чтобы открыть. Содержит Raven Spirit Shadow, которую можно призвать, украшение «Статуя ворона», сумку на 24 ячейки и рецепт сумки на 32 ячейки."
"Double-click to open. Contains a shard of glory, a Resonating Sliver, and bonus experience for your current reward track.","Дважды щёлкните, чтобы открыть. Содержит осколок славы, резонирующий осколок и бонусный опыт для вашего текущего трека наград."
"Double-click to open. Contains a single piece of masterwork or better gear, as well as various bits of junk that Drooburt seems to have collected.","Дважды щёлкните, чтобы открыть. Содержит один предмет снаряжения мастерского качества или лучше, а также различные хлам, который, похоже, собрал Друбурт."
Double-click to open. Contains a single piece of masterwork or better gear.,"Дважды щёлкните, чтобы открыть. Содержит один предмет снаряжения мастерского качества или лучше."
"Double-click to open. Contains a Vision Crystal and 1 or 2 ascended cloth, leather, metal, or wood crafting materials.","Дважды щёлкните, чтобы открыть. Содержит Vision Crystal и 1 или 2 вознесённых материала для крафта: ткань, кожу, металл или дерево."
"Double-click to open. Contains a Writ of Experience, a Resonating Sliver, and a Bag of Masterwork Gear.","Дважды щёлкните, чтобы открыть. Содержит свиток опыта, резонирующий осколок и Сумку с мастерским снаряжением."
Double-click to open. Contains an account bound version of the Bench of the Final Judge.,"Дважды щёлкните, чтобы открыть. Содержит привязанную к учётной записи версию Скамьи Последнего Судьи."
"Double-click to open. Contains Badges of Honor, Resonating Slivers, a Potion of WvW Rewards, and a Mist-Hardened Lockbox.","Дважды щёлкните, чтобы открыть. Содержит знаки почёта, резонирующие осколки, зелье наград WvW и закалённый туманом сундук."
"Double-click to open. Contains Badges of Honor, Resonating Slivers, Potions of WvW Rewards, and a Mist-Hardened Lockbox.","Дважды щёлкните, чтобы открыть. Содержит знаки почёта, резонирующие осколки, зелья наград WvW и закалённый туманом сундук."
"Double-click to open. Contains Badges of Honor, Resonating Slivers, Skirmish Claim Tickets, and Mist-Hardened Lockboxes.","Дважды щёлкните, чтобы открыть. Содержит знаки почёта, резонирующие осколки, талоны стычек и закалённые туманом сундуки."
"Double-click to open. Contains Badges of Honor, Tomes of Knowledge, Resonating Slivers, Potions of WvW Rewards, and a Mist-Hardened Lockbox.","Дважды щёлкните, чтобы открыть. Содержит знаки почёта, фолианты знаний, резонирующие осколки, зелья наград WvW и закалённый туманом сундук."
Double-click to open. Contains boots that are more powerful than standard level 5 boots.,"Дважды щёлкните, чтобы открыть. Содержит сапоги, более мощные, чем стандартные сапоги 5-го уровня."
Double-click to open. Contains chestpieces that are more powerful than standard level 5 chestpieces.,"Дважды щёлкните, чтобы открыть. Содержит нагрудники, более мощные, чем стандартные нагрудники 5-го уровня."
Double-click to open. Contains choice of 6 canned food.,"Дважды щёлкните, чтобы открыть. Содержит выбор из 6 консервов."
Double-click to open. Contains cloth and logs.,"Дважды щёлкните, чтобы открыть. Содержит ткань и брёвна."
Double-click to open. Contains crafting materials from creatures found in Tyria.,"Дважды щёлкните, чтобы открыть. Содержит материалы для крафта от существ, обитающих в Тирии."
"Double-click to open. Contains gear, including Reclaimed gear with rare salvage bonus items. May also contain Airship Parts.","Дважды щёлкните, чтобы открыть. Содержит снаряжение, в том числе восстановленное снаряжение с редкими бонусными предметами при разборке. Также может содержать детали дирижабля."
"Double-click to open. Contains gear, including Reclaimed gear with rare salvage bonus items. May also contain Ley-Line Crystals.","Дважды щёлкните, чтобы открыть. Содержит снаряжение, включая восстановленное снаряжение с редкими бонусными предметами при разборе. Также может содержать кристаллы лей-линий."
"Double-click to open. Contains gear, including Reclaimed gear with rare salvage bonus items. May also contain Lumps of Aurillium.","Дважды щёлкните, чтобы открыть. Содержит снаряжение, включая восстановленное снаряжение с редкими бонусными предметами для разбора. Также может содержать куски ауриллиума."
Double-click to open. Contains gloves that are more powerful than standard level 5 gloves.,"Дважды щёлкните, чтобы открыть. Содержит перчатки, более мощные, чем стандартные перчатки 5-го уровня."
Double-click to open. Contains helms that are more powerful than standard level 5 helms.,"Дважды щёлкните, чтобы открыть. Содержит шлемы, более мощные, чем стандартные шлемы 5-го уровня."
Double-click to open. Contains leggings that are more powerful than standard level 5 leggings.,"Дважды щёлкните, чтобы открыть. Содержит поножи, более мощные, чем стандартные поножи 5-го уровня."
Double-click to open. Contains loot found in large essence chests or rewarded from earning gold rank in the Raven Sanctum raid encounter.,"Дважды щёлкните, чтобы открыть. Содержит добычу из больших сундуков эссенции или награду за золотой ранг в рейдовом испытании «Raven Sanctum»."
Double-click to open. Contains loot found in large essence chests or rewarded from earning gold rank in the Whisper of Jormag raid encounter.,"Дважды щёлкните, чтобы открыть. Содержит добычу из больших сундуков эссенции или награду за золотой ранг в рейдовом испытании «Шёпот Йормага»."
Double-click to open. Contains loot found in medium essence chests or rewarded from earning silver rank in the Raven Sanctum raid encounter.,"Дважды щёлкните, чтобы открыть. Содержит добычу из средних сундуков эссенции или награду за серебряный ранг в рейдовом испытании «Raven Sanctum»."
Double-click to open. Contains loot found in medium essence chests or rewarded from earning silver rank in the Whisper of Jormag raid encounter.,"Дважды щёлкните, чтобы открыть. Содержит добычу из средних сундуков эссенции или награду за серебряный ранг в рейдовом испытании «Шёпот Йормага»."
Double-click to open. Contains loot found in small essence chests or rewarded from earning bronze rank in the Raven Sanctum raid encounter.,"Дважды щёлкните, чтобы открыть. Содержит добычу из малых сундуков эссенции или награду за бронзовый ранг в рейдовом испытании «Raven Sanctum»."
Double-click to open. Contains loot found in small essence chests or rewarded from earning bronze rank in the Whisper of Jormag raid encounter.,"Дважды щёлкните, чтобы открыть. Содержит добычу из малых сундуков эссенции или награду за бронзовый ранг в рейдовом испытании «Шёпот Йормага»."
Double-click to open. Contains loot rewarded for earning bronze rank in the Cold War raid encounter.,"Дважды щёлкните, чтобы открыть. Содержит добычу, полученную за бронзовый ранг в рейдовом испытании «Cold War»."
Double-click to open. Contains loot rewarded for earning bronze rank in the Shiverpeaks Pass raid encounter.,"Дважды щёлкните, чтобы открыть. Содержит добычу, полученную за бронзовый ранг в рейдовом испытании «Перевал Дрожащих пиков»."
Double-click to open. Contains loot rewarded for earning Centurion rank in the Forging Steel vision.,"Дважды щёлкните, чтобы открыть. Содержит добычу за ранг центуриона в видении «Forging Steel»."
Double-click to open. Contains loot rewarded for earning gold rank in the Cold War raid encounter.,"Дважды щёлкните, чтобы открыть. Содержит добычу, полученную за золотой ранг в рейдовом испытании «Cold War»."
Double-click to open. Contains loot rewarded for earning gold rank in the Shiverpeaks Pass raid encounter.,"Дважды щёлкните, чтобы открыть. Содержит добычу, выдаваемую за золотой ранг в рейдовом испытании «Перевал Дрожащих пиков»."
Double-click to open. Contains loot rewarded for earning Legionnaire rank in the Forging Steel vision.,"Дважды щёлкните, чтобы открыть. Содержит добычу за ранг легионера в видении «Forging Steel»."
Double-click to open. Contains loot rewarded for earning silver rank in the Cold War raid encounter.,"Дважды щёлкните, чтобы открыть. Содержит добычу, выдаваемую за получение серебряного ранга в рейдовом испытании «Cold War»."
Double-click to open. Contains loot rewarded for earning silver rank in the Shiverpeaks Pass raid encounter.,"Дважды щёлкните, чтобы открыть. Содержит добычу, полученную за серебряный ранг в рейдовом испытании «Перевал Дрожащих пиков»."
Double-click to open. Contains loot rewarded for earning Soldier rank in the Forging Steel vision.,"Дважды щёлкните, чтобы открыть. Содержит добычу за ранг солдата в видении «Forging Steel»."
Double-click to open. Contains main-hand and two-handed weapons that are more powerful than standard level 10 weapons.,"Дважды щёлкните, чтобы открыть. Содержит одноручное и двуручное оружие, более мощное, чем стандартное оружие 10-го уровня."
Double-click to open. Contains Proofs of Heroics and a Tome of Knowledge.,"Дважды щёлкните, чтобы открыть. Содержит доказательства героизма и фолиант знаний."
"Double-click to open. Contains rare and exotic gear, spirit shards, and crystalline ore.","Дважды щёлкните, чтобы открыть. Содержит редкое и экзотическое снаряжение, осколки духа и кристаллическую руду."
"Double-click to open. Contains shards of glory, a Resonating Sliver, and bonus experience for your current reward track.","Дважды щёлкните, чтобы открыть. Содержит осколки славы, резонирующий осколок и бонусный опыт для вашего текущего трека наград."
Double-click to open. Contains Testimonies of Castoran Heroics and a Tome of Knowledge.,"Дважды щёлкните, чтобы открыть. Содержит свидетельства героизма Касторы и фолиант знаний."
Double-click to open. Contains Testimonies of Heroics and a Tome of Knowledge.,"Дважды щёлкните, чтобы открыть. Содержит свидетельства героизма и фолиант знаний."
"Double-click to open. Contains the Raven's Eye Scepter weapon, a Boneskinner Tonic, and a 20-slot bag recipe.","Дважды щёлкните, чтобы открыть. Содержит скипетр «Воронье око», тоник костошкура и рецепт сумки на 20 ячеек."
Double-click to open. Contains various cooking ingredients.,"Дважды щёлкните, чтобы открыть. Содержит различные ингредиенты для готовки."
Double-click to open. Contains various fish fillets and 1 Scrap of End of Dragons Mastery (Autoconsume).,"Дважды щёлкните, чтобы открыть. Содержит различное филе рыбы и 1 обрывок мастерства Конца драконов (автопотребление)."
Double-click to open. Contains various fish fillets.,"Дважды щёлкните, чтобы открыть. Содержит различное филе рыбы."
Double-click to open. Contains various pieces of lumber and 1 Scrap of Desert Mastery (Autoconsume).,"Дважды щёлкните, чтобы открыть. Содержит различные куски древесины и 1 Scrap of Desert Mastery (автопотребление)."
Double-click to open. Contains various pieces of lumber and 1 Scrap of End of Dragons Mastery (Autoconsume).,"Дважды щёлкните, чтобы открыть. Содержит различные куски древесины и 1 обрывок мастерства Конца драконов (автопотребление)."
Double-click to open. Contains various pieces of lumber and 1 Scrap of Maguuma Mastery (Autoconsume).,"Дважды щёлкните, чтобы открыть. Содержит различные куски древесины и 1 обрывок мастерства Магуумы (автопотребление)."
"Double-click to open. Contains various pieces of lumber, a Resonating Sliver, and a Writ of Experience.","Дважды щёлкните, чтобы открыть. Содержит различные куски древесины, резонирующий осколок и свиток опыта."
Double-click to open. Contains various pieces of ore and 1 Scrap of Desert Mastery (Autoconsume).,"Дважды щёлкните, чтобы открыть. Содержит различные куски руды и 1 Scrap of Desert Mastery (автопотребление)."
Double-click to open. Contains various pieces of ore and 1 Scrap of End of Dragons Mastery (Autoconsume).,"Дважды щёлкните, чтобы открыть. Содержит различные куски руды и 1 обрывок мастерства Конца драконов (автопотребление)."
Double-click to open. Contains various pieces of ore and 1 Scrap of Maguuma Mastery (Autoconsume).,"Дважды щёлкните, чтобы открыть. Содержит различные куски руды и 1 обрывок мастерства Магуумы (автопотребление)."
"Double-click to open. Contains various pieces of ore, a Resonating Sliver, and a Writ of Experience.","Дважды щёлкните, чтобы открыть. Содержит различные куски руды, резонирующий осколок и свиток опыта."
Double-click to open. Contains various plants and 1 Scrap of Desert Mastery (Autoconsume).,"Дважды щёлкните, чтобы открыть. Содержит различные растения и 1 Scrap of Desert Mastery (автопотребление)."
Double-click to open. Contains various plants and 1 Scrap of End of Dragons Mastery (Autoconsume).,"Дважды щёлкните, чтобы открыть. Содержит различные растения и 1 обрывок мастерства Конца драконов (автопотребление)."
Double-click to open. Contains various plants and 1 Scrap of Maguuma Mastery (Autoconsume).,"Дважды щёлкните, чтобы открыть. Содержит различные растения и 1 обрывок мастерства Магуумы (автопотребление)."
"Double-click to open. Contains various plants, a Resonating Sliver, and a Writ of Experience.","Дважды щёлкните, чтобы открыть. Содержит различные растения, резонирующий осколок и свиток опыта."
"Double-click to open. Contains:
• Fallen Balthazar Outfit
• Fallen Balthazar Helm","Дважды щёлкните, чтобы открыть. Содержит:
• Наряд павшего Бальтазара
• Шлем павшего Бальтазара"
"Double-click to open. Contains:
• Merchant Express
• Trading Post Express
• Bank Access Express","Дважды щёлкните, чтобы открыть. Содержит:
• Merchant Express
• Экспресс Trading Post
• Экспресс доступа к банку"
"Double-click to open. Contains:
• Revive Orb
• Instant Repair Canister","Дважды щёлкните, чтобы открыть. Содержит:
• Сфера возрождения
• Баллончик мгновенного ремонта"
"Double-click to open. Grants a choice of Bear Ceremonial Hood, Sandals, Garb, or Leggings, or charr salvage.
<c=@warn>Contents will be account bound!</c>","Дважды щёлкните, чтобы открыть. Даёт на выбор церемониальный медвежий капюшон, сандалии, одеяние или поножи либо утиль чарров.
<c=@warn>Содержимое будет привязано к учётной записи!</c>"
Double-click to open. Grants a choice of Ice Golem's helms. Unlocks all three skins. Contents will be account bound!,"Дважды щёлкните, чтобы открыть. Даёт выбор из шлемов ледяного голема. Открывает все три облика. Содержимое будет привязано к учётной записи!"
"Double-click to open. Grants a choice of Raven Ceremonial Sandals, Bracers, or Gown, or Eternal Ice Shards. Contents will be account bound!","Дважды щёлкните, чтобы открыть. Даёт на выбор церемониальные вороньи сандалии, наручи или платье либо осколки вечного льда. Содержимое будет привязано к учётной записи!"
Double-click to open. Right-click for more options.,"Дважды щёлкните, чтобы открыть. Щёлкните правой кнопкой мыши для дополнительных параметров."
"Double-click to open. Right-click to preview.
Contains 2 gold, karma, and a chance at sweet, sweet loot.","Дважды щёлкните, чтобы открыть. Щёлкните правой кнопкой мыши для предпросмотра.
Содержит 2 золота, карму и шанс на сладкую-пресладкую добычу."
"Double-click to open. Right-click to preview.
Contains highly sought-after prizes.","Дважды щёлкните, чтобы открыть. Щёлкните правой кнопкой мыши для предпросмотра.
Содержит очень ценные призы."
Double-click to permanently unlock the PvP Twisted Watchwork Finisher.,"Дважды щёлкните, чтобы навсегда открыть PvP-финишёр «Искажённый часовой механизм»."
"Double-click to pick a recipe for Spearmarshal Boots. Can be learned by armorsmiths, leatherworkers, and tailors.

Purchase these recipes from renown merchants in Elona after learning the base recipes from the story.","Дважды щёлкните, чтобы выбрать рецепт сапог копьемаршала. Могут изучить бронники, кожевники и портные.

Купите эти рецепты у торговцев почёта в Элоне после изучения базовых рецептов из сюжета."
"Double-click to pick a recipe for Spearmarshal Coats. Can be learned by armorsmiths, leatherworkers, and tailors.

Purchase these recipes from renown merchants in Elona after learning the base recipes from the story.","Дважды щёлкните, чтобы выбрать рецепт курток копьемаршала. Могут изучить бронники, кожевники и портные.

Купите эти рецепты у торговцев почёта в Элоне после изучения базовых рецептов из сюжета."
"Double-click to pick a recipe for Spearmarshal Gloves. Can be learned by armorsmiths, leatherworkers, and tailors.

Purchase these recipes from renown merchants in Elona after learning the base recipes from the story.","Дважды щёлкните, чтобы выбрать рецепт перчаток копьемаршала. Могут изучить бронники, кожевники и портные.

Купите эти рецепты у торговцев почёта в Элоне после изучения базовых рецептов из сюжета."
"Double-click to pick a recipe for Spearmarshal Helms. Can be learned by armorsmiths, leatherworkers, and tailors.

Purchase these recipes from renown merchants in Elona after learning the base recipes from the story.","Дважды щёлкните, чтобы выбрать рецепт шлемов копьемаршала. Могут изучить бронники, кожевники и портные.

Купите эти рецепты у торговцев почёта в Элоне после изучения базовых рецептов из сюжета."
"Double-click to pick a recipe for Spearmarshal Pants. Can be learned by armorsmiths, leatherworkers, and tailors.

Purchase these recipes from renown merchants in Elona after learning the base recipes from the story.","Дважды щёлкните, чтобы выбрать рецепт штанов копьемаршала. Могут изучить бронники, кожевники и портные.

Купите эти рецепты у торговцев почёта в Элоне после изучения базовых рецептов из сюжета."
"Double-click to pick a recipe for Spearmarshal Shoulder Pieces. Can be learned by armorsmiths, leatherworkers, and tailors.

Purchase these recipes from renown merchants in Elona after learning the base recipes from the story.","Дважды щёлкните, чтобы выбрать рецепт наплечников копьемаршала. Могут изучить бронники, кожевники и портные.

Купите эти рецепты у торговцев почёта в Элоне после изучения базовых рецептов из сюжета."
"Double-click to pick your choice of rewards.

<c=@flavor>""Can we skip to the good part?""</c>","Дважды щёлкните, чтобы выбрать вашу награду.

<c=@flavor>«Может, перейдём сразу к хорошей части?»</c>"
"Double-click to pick your choice of rewards.

<c=@flavor>""We have a titan to knock down a peg or two.""</c>","Дважды щёлкните, чтобы выбрать вашу награду.

<c=@flavor>«У нас есть титан, которого нужно поставить на место».</c>"
Double-click to place a banner and support this candidate.,"Дважды щёлкните, чтобы установить знамя и поддержать этого кандидата."
"Double-click to plant a Cultivated Seed in this pot.

<c=@flavor>A pot so infused with energy, it's sure to germinate a more powerful seedling.</c>","Дважды щёлкните, чтобы посадить Cultivated Seed в этот горшок.

<c=@flavor>Этот горшок настолько насыщен энергией, что наверняка прорастит более сильный саженец.</c>"
"Double-click to plant a Mysterious Seed in this pot.

<c=@flavor>Everything needed to germinate a very special seed is in this pot now.<c>","Дважды щёлкните, чтобы посадить таинственное семя в этот горшок.

<c=@flavor>В этом горшке теперь есть все необходимое для проращивания этого необычного семени.<c>"
"Double-click to plant your Pet Seed in this pot.

<c=@flavor>A pot infused with the energy of the Mists.</c>","Дважды щёлкните, чтобы посадить семя своего питомца в этот горшок.

<c=@flavor>Горшок, наполненный энергией Туманов.</c>"
Double-click to play some of the Song of the Zephyrites.,"Дважды щёлкните, чтобы сыграть отрывок из песни зефиритов."
"Double-click to poison yourself.
These would be safer in the hands of an expert.","Дважды щёлкните, чтобы отравить себя.
Они были бы безопаснее в руках эксперта."
Double-click to prepare the Crystalline Heart to absorb nearby energy.,"Дважды щёлкните, чтобы подготовить Crystalline Heart к поглощению окружающей энергии."
Double-click to present a burnt offering to Koda.,"Дважды щёлкните, чтобы принести жертву огнём Коде."
Double-click to prime the bottle for capturing an electric charge.,"Дважды щёлкните, чтобы подготовить бутылку для захвата электрического заряда."
Double-click to pull out a boom box and play super tunes for your friends. Plays all 5 songs from Super Adventure Box World 1.,"Дважды щёлкните, чтобы достать бумбокс и включить крутые мелодии для друзей. Проигрывает все 5 песен из Мира 1 Коробки суперприключений."
Double-click to pull out a boom box and play super tunes for your friends. Plays all 5 songs from Super Adventure Box World 2.,"Дважды щёлкните, чтобы достать бумбокс и включить крутые мелодии для друзей. Проигрывает все 5 песен из Мира 2 Коробки суперприключений."
Double-click to pull out a boom box and play super tunes for your friends. Plays five HARDCORE songs from Super Adventure Box World 1.,"Дважды щёлкните, чтобы достать бумбокс и включить крутые мелодии для друзей. Проигрывает пять ХАРДКОРНЫХ песен из Мира 1 Коробки суперприключений."
Double-click to pull out a boom box and play super tunes for your friends. Plays five HARDCORE songs from Super Adventure Box World 2.,"Дважды щёлкните, чтобы достать бумбокс и включить крутые мелодии для друзей. Проигрывает пять ХАРДКОРНЫХ песен из Мира 2 Коробки суперприключений."
Double-click to pull out a choir bell and play for your friends.,"Дважды щёлкните, чтобы достать хоровой колокольчик и сыграть для друзей."
Double-click to pull out a drum and play for your friends.,"Дважды щёлкните, чтобы достать барабан и сыграть для друзей."
Double-click to pull out a festive balloon.,"Дважды щёлкните, чтобы достать праздничный шар."
Double-click to pull out a horn and play for your friends.,"Дважды щёлкните, чтобы достать рог и сыграть для друзей."
Double-click to read instructions for the Toypocalypse event.,"Дважды щёлкните, чтобы прочитать инструкции для события «Игрушечный апокалипсис»."
Double-click to read.,"Дважды щёлкните, чтобы прочитать."
"Double-click to read.

There might be someone in Yatendi village looking for this.","Дважды щёлкните, чтобы прочитать.

Возможно, кто-то в деревне Ятенди ищет это."
"Double-click to read.

This item has no value outside of a collection.","Дважды щёлкните, чтобы прочитать.

Этот предмет не представляет ценности вне коллекции."
Double-click to read. Can be repurchased from Elvie the Warclaw Tender.,"Дважды щёлкните, чтобы прочитать. Можно повторно купить у Элви, смотрительницы боевых когтей."
"Double-click to read. Can be safely discarded after acquiring.

This page is part of the Frode's Journal achievement.","Дважды щёлкните, чтобы прочитать. Можно безопасно выбросить после получения.

Эта страница является частью достижения «Дневник Фроде»."
"Double-click to read. Can be safely discarded after acquiring.
Used to progress Astral Ward Weapons to unlock new weapon proficiencies.","Дважды щёлкните, чтобы прочитать. Можно безопасно выбросить после получения.
Используется для развития оружия Astral Ward и открытия новых владений оружием."
Double-click to ready the mini golem bomb.,"Дважды щёлкните, чтобы подготовить мини-бомбу голема."
"Double-click to receive 1 Hairstyle Kit, 1 Zephyrite Color Swatch: green, 6 Transmutation Charges, 1 Top Hat skin, 5 Metabolic Primers, and 5 Utility Primers.","Дважды щёлкните, чтобы получить 1 набор причёсок, 1 образец цвета зефиритов: зелёный, 6 зарядов трансмутации, 1 облик цилиндра, 5 метаболических праймеров и 5 вспомогательных праймеров."
Double-click to receive 1 transmutation charge that can be spent in the wardrobe to change appearance.,"Дважды щёлкните, чтобы получить 1 заряд трансмутации, который можно потратить в гардеробе для изменения внешности."
Double-click to receive 10 Divine Lucky Envelopes.,"Дважды щёлкните, чтобы получить 10 божественных счастливых конвертов."
Double-click to receive 3 randomly selected Minis (2 common and 1 uncommon) to add to your collection.,"Дважды щёлкните, чтобы получить 3 случайных миниатюры (2 обычных и 1 необычную) для добавления в коллекцию."
Double-click to receive 5 Divine Lucky Envelopes.,"Дважды щёлкните, чтобы получить 5 божественных счастливых конвертов."
"Double-click to receive 5,000 karma.
<c=@Flavor>Evidence that you bore witness to the discovery of Mystic Forge secrets.</c>","Дважды щёлкните, чтобы получить 5000 очков кармы.
<c=@Flavor>Доказательство того, что вы стали свидетелем раскрытия секретов Mystic Forge.</c>"
"Double-click to receive a Bloodstone, Primordus, Solar and Lunar, Vibrant, and Jormag Dye Kit.","Дважды щёлкните, чтобы получить наборы красок «Кровавый камень», «Примордус», «Солнце и Луна», «Яркость» и «Йормаг»."
Double-click to receive a bundle item that can create a portal between two locations.,"Дважды щёлкните, чтобы получить предмет, создающий портал между двумя точками."
"Double-click to receive a bundle item that can create a portal between two locations.
<c=@flavor>Forged by White Mantle hands. Used for navigating treacherous environments.</c>","Дважды щёлкните, чтобы получить предмет-связку, создающий портал между двумя точками.
<c=@flavor>Создано руками White Mantle. Используется для преодоления опасных мест.</c>"
Double-click to receive a Grandmaster Mark of your choice.,"Дважды щёлкните, чтобы получить знак гроссмейстера на ваш выбор."
"Double-click to receive a mini each of Super Spider, Super Bee Dog, and Super Monkey. Combine the Mini Super Trio in the Mystic Forge with a Continue Coin to unlock the Mini Storm Wizard.","Дважды щёлкните, чтобы получить мини-Супер-Паука, мини-Супер-Пчелопса и мини-Супер-Обезьяну. Объедините мини-Супер-трио в Mystic Forge с Continue Coin, чтобы открыть мини-Штормового мага."
"Double-click to receive a Mini Holographic Branded Minotaur, Mini Holographic Axe-Wielding Destroyer, and a Mini Holographic Corrupted Wolf.","Дважды щёлкните, чтобы получить мини-голографического клеймёного минотавра, мини-голографического разрушителя с топором и мини-голографического осквернённого волка."
"Double-click to receive a mini Risen Brute, mini Risen Thrall, and mini Risen Plague Carrier.","Дважды щёлкните, чтобы получить мини-восставшего громилу, мини-восставшего раба и мини-восставшего разносчика чумы."
"Double-click to receive a mini spooky ghost, mini spooky skeleton, and mini spooky spider.","Дважды щёлкните, чтобы получить мини-жуткого призрака, мини-жуткий скелет и мини-жуткого паука."
Double-click to receive a random tradable Black Lion weapon skin item from one of the older Black Lion weapon sets.,"Дважды щёлкните, чтобы получить случайный обмениваемый предмет облика оружия Black Lion из одного из старых наборов обликов оружия Black Lion."
Double-click to receive a rare crafting recipe.,"Дважды щёлкните, чтобы получить редкий рецепт крафта."
Double-click to receive account-bound skins for all weights.,"Дважды щёлкните, чтобы получить привязанные к учётной записи облики для всех весовых категорий."
Double-click to receive both a Mini Chieftain Utahein and a Mini Svanir to add to your collection.,"Дважды щёлкните, чтобы получить мини-Вождя Утахейна и мини-Сванира и добавить их в свою коллекцию."
Double-click to receive items and your choice of rewards.,"Дважды щёлкните, чтобы получить предметы и выбрать желаемые награды."
Double-click to receive Metabolic Primers and Utility Primers.,"Дважды щёлкните, чтобы получить метаболические грунтовки и утилитарные грунтовки."
"Double-click to receive mini Poowulpi the Persnicketous, mini Peggellegg the ""Pirate,"" and mini Kookoochoo the Incredulous.","Дважды щёлкните, чтобы получить мини-Пувульпи Придирчивого, мини-Пеггеллегга «Пирата» и мини-Кукучу Неверующего."
"Double-click to receive the following items: 1 Copper-Fed Salvage-o-Matic, 1 Silver-Fed Salvage-o-Matic, 3 Upgrade Extractors, 3 Black Lion Claim Ticket Scraps, 25 Salvageable Hides, 25 Valuable Metal Scraps, 25 Discarded Garments, 25 Equipment Bags.","Дважды щёлкните, чтобы получить следующие предметы: 1 Copper-Fed Salvage-o-Matic, 1 серебряный автоматический утилизатор, 3 экстрактора улучшений, 3 обрывка талона Чёрного Льва, 25 шкур для разбора, 25 ценного металлолома, 25 выброшенной одежды, 25 сумок для снаряжения."
Double-click to receive the following items: 1 Makeover Kit and 5 Transmutation Charges,"Дважды щёлкните, чтобы получить следующие предметы: 1 набор для перевоплощения и 5 зарядов трансмутации"
"Double-click to receive the following items: 1 Recovery Package, 2 Tradesman's Packages, 5 transmutation charges, and 5 dye packs.","Дважды щёлкните, чтобы получить следующие предметы: 1 набор восстановления, 2 набора ремесленника, 5 зарядов трансмутации и 5 наборов красок."
"Double-click to receive the following items: 1 Speed Booster, 1 Zephyrite Color Swatch: Red, 15 Black Lion Keys, 1 Aviator Cap Skin, 250 Piles of Sand.","Дважды щёлкните, чтобы получить следующие предметы: 1 усилитель скорости, 1 образец цвета зефиритов: красный, 15 ключей Чёрного Льва, 1 облик шлема авиатора, 250 куч песка."
Double-click to receive the following items: 10 Black Lion Chest Keys and 1 Golden Black Lion Chest Key,"Дважды щёлкните, чтобы получить следующие предметы: 10 Black Lion Chest Key и 1 Golden Black Lion Chest Key"
"Double-click to receive the following items: 150 Trade Contracts, 15 Trader's Keys, 5 Pieces of Common Unidentified Gear, and 1 Treasure Hunting Kit.","Дважды щёлкните, чтобы получить следующие предметы: 150 торговых контрактов, 15 ключей торговца, 5 частей обычного неопознанного снаряжения и 1 набор для поиска сокровищ."
"Double-click to receive the following items: 5 Heroic Boosters, 3 Revive Orbs, and 3 Instant Repair Canisters.","Дважды щёлкните, чтобы получить следующие предметы: 5 героических усилителей, 3 сферы возрождения и 3 баллончика мгновенного ремонта."
"Double-click to receive the holiday trio: Mini Fawn, Mini Puppy, and Mini Arctic Fox Kit.","Дважды щёлкните, чтобы получить праздничное трио: мини-оленёнка, мини-щенка и мини-детёныша песца."
"Double-click to receive the Mini Super Piranha, Mini Super Bunny, and Mini Super Turtle. Combine in the Mystic Forge with a Continue Coin to unlock the Mini Super Angry Cloud.","Дважды щёлкните, чтобы получить мини-Супер-Пиранью, мини-Супер-Зайку и мини-Супер-Черепаху. Объедините в Mystic Forge с Continue Coin, чтобы открыть мини-Супер-Сердитую тучу."
"Double-click to receive the Super Banana, Super Yeti, and Super Raccoon minis.","Дважды щёлкните, чтобы получить мини-Супер-Банан, мини-Супер-Йети и мини-Супер-Енота."
"Double-click to receive the Super Snake, Super Frog, and Super Goat minis. Combine in the Mystic Forge with a Continue Coin to unlock the Mini Queen Bee Dog.","Дважды щёлкните, чтобы получить мини-Супер-Змею, мини-Супер-Лягушку и мини-Супер-Козла. Объедините в Mystic Forge с Continue Coin, чтобы открыть мини-Королеву пчелопсов."
"Double-click to receive the trick-or-treat trio: mini asuran aviator, mini quaggan ghost, and mini assassin.","Дважды щёлкните, чтобы получить трио «Сласти или страсти»: мини-асурского лётчика, мини-кваггана-призрака и мини-ассасина."
"Double-click to receive your choice of a gold, silver, or bronze llama.","Дважды щёлкните, чтобы получить на выбор золотую, серебряную или бронзовую ламу."
Double-click to receive your choice of a silver or bronze llama.,"Дважды щёлкните, чтобы получить серебряную или бронзовую ламу на выбор."
Double-click to receive your choice of runes or sigils.,"Дважды щёлкните, чтобы получить на выбор руны или сигилы."
Double-click to receive your PvP rewards.,"Дважды щёлкните, чтобы получить награды за PvP."
Double-click to receive your Qualifying Points rewards.,"Дважды щёлкните, чтобы получить награды за квалификационные очки."
Double-click to receive your rewards.,"Дважды щёлкните, чтобы получить награды."
Double-click to receive your winnings.,"Дважды щёлкните, чтобы получить выигрыш."
Double-click to recover a large amount of unbound magic.,"Дважды щёлкните, чтобы восстановить большое количество несвязанной магии."
Double-click to recover a moderate amount of unbound magic.,"Дважды щёлкните, чтобы восстановить умеренное количество несвязанной магии."
Double-click to recover a small amount of unbound magic.,"Дважды щёлкните, чтобы восстановить небольшое количество несвязанной магии."
"Double-click to release for 1,500 karma.","Дважды щёлкните, чтобы отпустить за 1500 кармы."
"Double-click to release for 2,500 karma.","Дважды щёлкните, чтобы отпустить за 2500 кармы."
"Double-click to release for 2,500 karma.

<c=@flavor>""As you look into her eyes, you know that this must be the mother of all catfish. The one that always got away.""</c>","Дважды щёлкните, чтобы отпустить за 2500 кармы.

<c=@flavor>«Глядя в её глаза, вы понимаете: это, должно быть, мать всех сомов. Та самая, что всегда ускользала».</c>"
Double-click to release for 350 karma.,"Дважды щёлкните, чтобы отпустить за 350 кармы."
Double-click to release for 50 karma.,"Дважды щёлкните, чтобы отпустить за 50 кармы."
Double-click to release for 750 karma.,"Дважды щёлкните, чтобы отпустить за 750 кармы."
"Double-click to remove all runes, sigils, and infusions from a piece of gear.","Дважды щёлкните, чтобы удалить все руны, сигилы и инфузии с предмета снаряжения."
Double-click to replay a scene from Marjory's Journal.,"Дважды щёлкните, чтобы воспроизвести сцену из дневника Марджори."
Double-click to reset your traits. Single use.,"Дважды щёлкните, чтобы сбросить ваши черты. Одноразовое использование."
Double-click to reveal the true nature of a nearby raven.,"Дважды щёлкните, чтобы раскрыть истинную природу ближайшего ворона."
Double-click to rummage through the junk.,"Дважды щёлкните, чтобы порыться в хламе."
Double-click to salvage a crafted item for research notes.,"Дважды щёлкните, чтобы разобрать созданный предмет на исследовательские заметки."
"Double-click to salvage crafting materials from an ascended item in your inventory. Stabilizing Matrices can be salvaged from rings. Dark Energy and other items can be salvaged from weapons, armor, and other trinkets.","Дважды щёлкните, чтобы извлечь материалы для крафта из вознесённого предмета в вашем инвентаре. Стабилизирующие матрицы можно извлечь из колец. Тёмную энергию и другие предметы — из оружия, брони и прочих украшений."
Double-click to salvage crafting materials from an item in your inventory. 10%% chance of rarer materials. 20%% chance of salvaging upgrades within the item (does not recover them). Requires 3 copper per use.,"Дважды щёлкните, чтобы извлечь материалы для крафта из предмета в вашем инвентаре. 10%% шанс получить более редкие материалы. 20%% шанс извлечь улучшения из предмета (не восстанавливает их). Требуется 3 меди за использование."
Double-click to salvage crafting materials from an item in your inventory. 10%% chance of rarer materials. 20%% chance of salvaging upgrades.,"Дважды щёлкните, чтобы извлечь материалы для крафта из предмета в вашем инвентаре. 10%% шанс получить более редкие материалы. 20%% шанс извлечь улучшения."
Double-click to salvage crafting materials from an item in your inventory. 15%% chance of rarer materials. 40%% chance of salvaging upgrades.,"Дважды щёлкните, чтобы извлечь материалы для крафта из предмета в вашем инвентаре. 15%% шанс получить более редкие материалы. 40%% шанс извлечь улучшения."
Double-click to salvage crafting materials from an item in your inventory. 20%% chance of rarer materials. 100%% chance of salvaging upgrades within the item (does not recover them).,"Дважды щёлкните, чтобы извлечь материалы для крафта из предмета в вашем инвентаре. 20%% шанс получить более редкие материалы. 100%% шанс извлечь улучшения из предмета (не восстанавливает их)."
Double-click to salvage crafting materials from an item in your inventory. 20%% chance of rarer materials. 60%% chance of salvaging upgrades.,"Дважды щёлкните, чтобы извлечь материалы для крафта из предмета в вашем инвентаре. 20%% шанс получить более редкие материалы. 60%% шанс извлечь улучшения."
Double-click to salvage crafting materials from an item in your inventory. 25%% chance of rarer materials. 80%% chance of salvaging upgrades within the item (does not recover them).,"Дважды щёлкните, чтобы извлечь материалы для крафта из предмета в инвентаре. 25%% шанс получить более редкие материалы. 80%% шанс извлечь улучшения из предмета (без их восстановления)."
Double-click to salvage crafting materials from an item in your inventory. 25%% chance of rarer materials. 80%% chance of salvaging upgrades.,"Дважды щёлкните, чтобы извлечь материалы для крафта из предмета в инвентаре. 25%% шанс получить более редкие материалы. 80%% шанс извлечь улучшения."
Double-click to salvage crafting materials from an item in your inventory. Has a small chance of salvaging upgrades.,"Дважды щёлкните, чтобы извлечь материалы для крафта из предмета в инвентаре. Есть небольшой шанс извлечь улучшения."
Double-click to salvage materials from a crafted food consumable in your inventory.,"Дважды щёлкните, чтобы извлечь материалы из созданного съедобного предмета в инвентаре."
Double-click to salvage materials from a PvP reward item in your inventory. These materials can be recombined in the Mystic Forge.,"Дважды щёлкните, чтобы извлечь материалы из предмета награды PvP в инвентаре. Эти материалы можно снова объединить в Mystic Forge."
Double-click to scan for life-forms with high concentrations of bloodstone energy.,"Дважды щёлкните, чтобы просканировать местность на наличие форм жизни с высокой концентрацией энергии кровавого камня."
Double-click to select a crafting recipe.,"Дважды щёлкните, чтобы выбрать рецепт крафта."
Double-click to select a long-lost Tahkayun's weapon.,"Дважды щёлкните, чтобы выбрать оружие давно исчезнувшего тахкаюна."
Double-click to select a Luxon Hunter's weapon.,"Дважды щёлкните, чтобы выбрать оружие луксонского охотника."
"Double-click to select a piece of ascended armor using the Grieving (+Power, +Condition Damage, +Ferocity, and +Precision) stats.","Дважды щёлкните, чтобы выбрать часть вознесённой брони с характеристиками «Скорбящий» (+сила, +урон от состояний, +свирепость, +точность)."
Double-click to select a Spindrift weapon.,"Дважды щёлкните, чтобы выбрать оружие Спиндрифт."
Double-click to select a weapon.,"Дважды щёлкните, чтобы выбрать оружие."
Double-click to select an account-bound aquabreather. Selecting one will unlock the skin for all weights.,"Дважды щёлкните, чтобы выбрать привязанный к учётной записи дыхательная маска. Выбор откроет облик для всех весовых классов."
Double-click to select an account-bound relic. Selecting a relic will unlock it for purchase from Visions of Eternity relic vendors.,"Дважды щёлкните, чтобы выбрать реликвию, привязанную к учётной записи. Выбор реликвии откроет возможность её покупки у торговцев реликвиями из «Видений Вечности»."
"Double-click to select an ascended weapon using the Grieving (+Power, +Condition Damage, +Ferocity, and +Precision) stats.","Дважды щёлкните, чтобы выбрать вознесённое оружие с характеристиками «Скорбящий» (+сила, +урон от состояний, +свирепость, +точность)."
Double-click to select an Energized Luxon Hunter's weapon.,"Дважды щёлкните, чтобы выбрать оружие заряженного луксонского охотника."
Double-click to select an enrichment.,"Дважды щёлкните, чтобы выбрать обогащение."
Double-click to select the miniature's final form. It will be bound to you.,"Дважды щёлкните, чтобы выбрать финальную форму миниатюры. Она станет привязанной к вам."
"Double-click to select your choice of ascended armor recipes for the Grieving (+Power, +Condition Damage, +Ferocity, and +Precision) stats.","Дважды щёлкните, чтобы выбрать рецепты вознесённой брони с характеристиками «Скорбящий» (+сила, +урон от состояний, +свирепость, +точность)."
"Double-click to select your choice of ascended armor recipes for the Harrier's (+Power, +Healing, and +Concentration) stats, plus an insignia and assorted crafting materials.","Дважды щёлкните, чтобы выбрать рецепты вознесённой брони с характеристиками «Вестник» (+сила, +исцеление, +концентрация), а также инсигнию и различные материалы для крафта."
"Double-click to select your choice of ascended armor recipes for the Harrier's (+Power, +Healing, and +Concentration) stats.","Дважды щёлкните, чтобы выбрать рецепты вознесённой брони с характеристиками «Вестник» (+сила, +исцеление, +концентрация)."
"Double-click to select your choice of ascended armor recipes for the Marshal's (+Power, +Healing, +Condition Damage, and +Precision) stats, plus an insignia and assorted crafting materials.","Дважды щёлкните, чтобы выбрать рецепты вознесённой брони с характеристиками «Маршал» (+сила, +исцеление, +урон от состояний, +точность), а также инсигнию и различные материалы для крафта."
"Double-click to select your choice of ascended armor recipes for the Marshal's (+Power, +Healing, +Condition Damage, and +Precision) stats.","Дважды щёлкните, чтобы выбрать рецепты вознесённой брони с характеристиками «Маршал» (+сила, +исцеление, +урон от состояний, +точность)."
Double-click to select your choice of ascended Sea-Glass Wave weapons.,"Дважды щёлкните, чтобы выбрать вознесённое оружие «Волна морского стекла»."
Double-click to select your choice of ascended Skyscale weapons.,"Дважды щёлкните, чтобы выбрать вознесённое оружие скайскейла."
"Double-click to select your choice of ascended Skyscale weapons.

<c=@flavor>""You're telling me you haven't gotten one of these weapons until now? That's crazy.""</c>","Дважды щёлкните, чтобы выбрать вознесённое оружие скайскейла.

<c=@flavor>«Ты хочешь сказать, что до сих пор не получил ни одного такого оружия? Это безумие».</c>"
"Double-click to select your choice of ascended weapon recipes for the Grieving (+Power, +Condition Damage, +Ferocity, and +Precision) stats.","Дважды щёлкните, чтобы выбрать рецепты вознесённого оружия с характеристиками «Скорбящий» (+сила, +урон от состояний, +свирепость, +точность)."
"Double-click to select your choice of ascended weapon recipes for the Harrier's (+Power, +Healing, and +Concentration) stats, plus an inscription and assorted crafting materials.","Дважды щёлкните, чтобы выбрать рецепты вознесённого оружия с характеристиками «Вестник» (+сила, +исцеление, +концентрация), а также гравировку и различные материалы для крафта."
"Double-click to select your choice of ascended weapon recipes for the Harrier's (+Power, +Healing, and +Concentration) stats.","Дважды щёлкните, чтобы выбрать рецепты вознесённого оружия с характеристиками «Вестник» (+сила, +исцеление, +концентрация)."
"Double-click to select your choice of ascended weapon recipes for the Marshal's (+Power, +Healing, +Condition Damage, and +Precision) stats, plus an inscription and assorted crafting materials.","Дважды щёлкните, чтобы выбрать рецепты вознесённого оружия с характеристиками «Маршал» (+сила, +исцеление, +урон от состояний, +точность), а также гравировку и различные материалы для крафта."
"Double-click to select your choice of ascended weapon recipes for the Marshal's (+Power, +Healing, +Condition Damage, and +Precision) stats.","Дважды щёлкните, чтобы выбрать рецепты вознесённого оружия с характеристиками «Маршал» (+сила, +исцеление, +урон от состояний, +точность)."
Double-click to select your choice of rare Canthan weapons. It will be bound to you.,"Дважды щёлкните, чтобы выбрать редкое кантанское оружие. Оно будет привязано к вам."
Double-click to select your choice of rare High Legion weapons.,"Дважды щёлкните, чтобы выбрать редкое оружие Высших легионов."
"Double-click to shine on a Cultivated Shoot.

<c=@flavor>With a hefty helping of luck, this lamp should get the most stubborn of plants to grow toward its light.</c>","Дважды щёлкните, чтобы направить свет на Cultivated Shoot.

<c=@flavor>Если крупно повезёт, эта лампа заставит даже самые упрямые растения тянуться к её свету.</c>"
"Double-click to shine on your Pet Shoot.

<c=@flavor>Armed with a light that shone in the dark, this lamp is very powerful.</c>","Дважды щёлкните, чтобы направить свет на ваш побег-питомец.

<c=@flavor>Вооружённая светом, сияющим во тьме, эта лампа очень сильна.</c>"
Double-click to show (or stop showing) the love.,"Дважды щёлкните, чтобы показать (или перестать показывать) любовь."
Double-click to show the location of the Enchanted Key.,"Дважды щёлкните, чтобы показать местоположение Зачарованного ключа."
Double-click to show your support for Ellen Kiel.,"Дважды щёлкните, чтобы выразить поддержку Эллен Киль."
Double-click to show your support for Evon Gnashblade.,"Дважды щёлкните, чтобы выразить поддержку Evon Gnashblade."
Double-click to sit in judgment of others.,"Дважды щёлкните, чтобы воссесть в суде над другими."
Double-click to sit on a chair.,"Дважды щёлкните, чтобы сесть на стул."
Double-click to spend 25 magnetite shards to apply 12 hours of the Metabolic Primer effect.,"Дважды щёлкните, чтобы потратить 25 осколков магнетита и применить эффект метаболического праймера на 12 часов."
Double-click to spend 25 magnetite shards to apply 12 hours of the Utility Primer effect.,"Дважды щёлкните, чтобы потратить 25 осколков магнетита и применить эффект вспомогательного праймера на 12 часов."
Double-click to spend 250 badges of honor to apply 12 hours of the Metabolic Primer effect.,"Дважды щёлкните, чтобы потратить 250 знаков почёта и применить эффект метаболического праймера на 12 часов."
Double-click to spend 250 badges of honor to apply 12 hours of the Utility Primer effect.,"Дважды щёлкните, чтобы потратить 250 знаков почёта и применить эффект вспомогательного праймера на 12 часов."
Double-click to stand victorious on a rock.,"Дважды щёлкните, чтобы стоять победителем на скале."
Double-click to summon a being from the Underworld to revive downed allies for 5 minutes. Flees if its master is downed.,"Дважды щёлкните, чтобы призвать существо из Подземного мира для оживления павших союзников на 5 минут. Убегает, если его хозяин пал."
"Double-click to summon a Black Lion Delivery Agent for 15 minutes, allowing you and your allies to pick up trading post purchases and profits. Single-use.","Дважды щёлкните, чтобы призвать агента доставки Black Lion на 15 минут — вы и ваши союзники сможете забирать покупки и прибыль с торгового поста. Одноразовый."
"Double-click to summon a Black Lion Merchant for 15 minutes, allowing you and your allies to access basic supplies and sell loot. Single-use.","Дважды щёлкните, чтобы призвать торговца Black Lion на 15 минут — вы и ваши союзники получите доступ к базовым припасам и сможете продавать добычу. Одноразовый."
"Double-click to summon a personal Black Lion Delivery Agent for 5 minutes, allowing you to pick up trading post purchases and profits. Reusable.","Дважды щёлкните, чтобы призвать личного агента доставки Black Lion на 5 минут — вы сможете забирать покупки и прибыль с торгового поста. Многоразовый."
Double-click to summon a pet fire elemental for 5 minutes. Can only be used once every 30 minutes.,"Дважды щёлкните, чтобы призвать питомца — Огненного элементаля на 5 минут. Можно использовать не чаще одного раза в 30 минут."
"Double-click to summon a pet Jade Armor for 5 minutes. This can only be used once every 30 minutes.
<c=flavor>I'm still working on the size issue.
—Explorer Rakk</c>","Дважды щёлкните, чтобы призвать питомца — Нефритовую броню на 5 минут. Можно использовать не чаще одного раза в 30 минут.
<c=flavor>Я всё ещё работаю над проблемой размера.
—Explorer Rakk</c>"
Double-click to summon a portable cannon to aid you in your current fight. This can only be used once every 30 minutes.,"Дважды щёлкните, чтобы призвать переносную пушку для помощи в текущем бою. Можно использовать не чаще одного раза в 30 минут."
Double-click to summon a Raven Spirit for 2 minutes. This can only be used once every 30 minutes.,"Дважды щёлкните, чтобы призвать Духа Ворона на 2 минуты. Можно использовать не чаще одного раза в 30 минут."
Double-click to summon a Sunspear Paragon for 2 minutes. This can only be used once every 30 minutes.,"Дважды щёлкните, чтобы призвать парагона Солнечных Копий на 2 минуты. Можно использовать не чаще одного раза в 30 минут."
"Double-click to summon a vendor for 5 minutes, allowing you to purchase your choice of Fused Gauntlets. This ticket is the currency to obtain the item. Reusable until the ticket is exchanged.","Дважды щёлкните, чтобы призвать торговца на 5 минут и купить у него Fused Gauntlets на выбор. Этот билет — валюта для получения предмета. Многоразовый, пока билет не обменян."
Double-click to summon this mini to follow you around. Only one mini may be in use at a time.,"Дважды щёлкните, чтобы призвать этого мини-питомца, который будет следовать за вами. Одновременно можно использовать только одного мини-питомца."
"Double-click to summon this mini to follow you around. Only one mini may be in use at a time.

<c=@flavor>""I've been in there for hours. Much...too long...""</c>","Дважды щёлкните, чтобы призвать этого мини-питомца, который будет следовать за вами. Одновременно можно использовать только одного мини-питомца.

<c=@flavor>«Я был там часами. Слишком...долго...»</c>"
"Double-click to summon this mini to follow you around. Only one mini may be in use at a time.

<c=@flavor>""If I wanted an ice bath, I'd swim the Janthir Bay!""</c>","Дважды щёлкните, чтобы призвать этого мини-питомца, который будет следовать за вами. Одновременно можно использовать только одного мини-питомца.

<c=@flavor>«Захоти я ледяную ванну — поплавал бы в заливе Джантир!»</c>"
"Double-click to summon this mini to follow you around. Only one mini may be in use at a time.

<c=@flavor>""These nasty bears will reap what they've sown!""</c>","Дважды щёлкните, чтобы призвать этого мини-питомца, который будет следовать за вами. Одновременно можно использовать только одного мини-питомца.

<c=@flavor>«Эти мерзкие медведи пожнут то, что посеяли!»</c>"
"Double-click to summon this mini to follow you around. Only one mini may be in use at a time.

<c=@flavor>""Who's a good little journeykit?""</c>","Дважды щёлкните, чтобы призвать этого мини-питомца, который будет следовать за вами. Одновременно можно использовать только одного мини-питомца.

<c=@flavor>«Кто хороший маленький детёныш-путешественник?»</c>"
"Double-click to summon this mini to follow you around. Only one mini may be in use at a time.

<c=@flavor>Glub, glub.</c>","Дважды щёлкните, чтобы призвать этого мини-питомца, который будет следовать за вами. Одновременно можно использовать только одного мини-питомца.

<c=@flavor>Глуб, глуб.</c>"
"Double-click to summon this mini to follow you around. Only one mini may be in use at a time.

<c=@flavor>Must've been the runt of Eparch's wyvern litter.</c>","Дважды щёлкните, чтобы призвать этого мини-питомца, который будет следовать за вами. Одновременно можно использовать только одного мини-питомца.

<c=@flavor>Наверное, он был самым маленьким из потомства виверны Эпарха.</c>"
"Double-click to summon this mini to follow you around. Only one mini may be in use at a time.

<c=@flavor>Potato-shaped friend, it is, Stoic Alder!</c>","Дважды щёлкните, чтобы призвать этого мини-питомца, который будет следовать за вами. Одновременно можно использовать только одного мини-питомца.

<c=@flavor>Друг картофельной формы, вот кто это, Стоик Альдер!</c>"
"Double-click to summon this mini to follow you around. Only one mini may be in use at a time.

<c=@flavor>Small and wiggly. Big of hearts.</c>","Дважды щёлкните, чтобы призвать этого мини-питомца, который будет следовать за вами. Одновременно можно использовать только одного мини-питомца.

<c=@flavor>Маленький и извивающийся. С большим сердцем.</c>"
"Double-click to summon this mini to follow you around. Only one mini may be in use at a time.

<c=@flavor>Warclaws are bound by potent souls. What if they originated from these creatures?</c>","Дважды щёлкните, чтобы призвать этого мини-питомца, который будет следовать за вами. Одновременно можно использовать только одного мини-питомца.

<c=@flavor>Боевые когти связаны с могущественными душами. Что, если они произошли от этих существ?</c>"
"Double-click to summon this mini to follow you around. Only one mini may be in use at a time.

Can be exchanged for raid currency at specific vendors.","Дважды щёлкните, чтобы призвать этого мини-питомца, который будет следовать за вами. Одновременно можно использовать только одного мини-питомца.

Можно обменять на рейдовую валюту у определённых торговцев."
"Double-click to summon this mini to follow you around. Only one mini may be in use at a time.
<c=@flavor>""This young one has grown strong enough to materialize and join you on your adventures!""</c>","Дважды щёлкните, чтобы призвать этого мини-питомца, который будет следовать за вами. Одновременно можно использовать только одного мини-питомца.
<c=@flavor>«Этот малыш подрос и стал достаточно сильным, чтобы материализоваться и присоединиться к вашим приключениям!»</c>"
"Double-click to summon this mini to follow you around. Only one mini may be in use at a time.
<c=@flavor>You explained the ice block would thaw if she let go of the cursed coin. Look how well that worked.</c>","Дважды щёлкните, чтобы призвать этого мини-питомца, который будет следовать за вами. Одновременно можно использовать только одного мини-питомца.
<c=@flavor>Вы объяснили, что ледяной блок растает, если она отпустит проклятую монету. Посмотрите, как хорошо это сработало.</c>"
"Double-click to summon this mini to follow you around. Only one mini may be in use at a time.
Combine 3 Mini Black Llamas with an Essence of Llamatic Elegance in the Mystic Forge to make a Mini Fancy Black Llama.","Дважды щёлкните, чтобы призвать этого мини-питомца, который будет следовать за вами. Одновременно можно использовать только одного мини-питомца.
Объедините 3 мини-чёрные ламы с эссенцией ламовой элегантности в Mystic Forge, чтобы создать мини-шикарную чёрную ламу."
"Double-click to summon this mini to follow you around. Only one mini may be in use at a time.
Combine 3 Mini Bronze Llamas with an Essence of Llamatic Elegance in the Mystic Forge to make a Mini Fancy Bronze Llama.","Дважды щёлкните, чтобы призвать этого мини-питомца, который будет следовать за вами. Одновременно можно использовать только одного мини-питомца.
Объедините 3 мини-бронзовые ламы с эссенцией ламовой элегантности в Mystic Forge, чтобы создать мини-шикарную бронзовую ламу."
"Double-click to summon this mini to follow you around. Only one mini may be in use at a time.
Combine 3 Mini Elegant Black Llamas with an Essence of Llamatic Elegance in the Mystic Forge to make a Mini Lavish Black Llama.","Дважды щёлкните, чтобы призвать этого мини-питомца, который будет следовать за вами. Одновременно можно использовать только одного мини-питомца.
Объедините 3 мини-элегантные чёрные ламы с эссенцией ламовой элегантности в Mystic Forge, чтобы создать мини-роскошную чёрную ламу."
"Double-click to summon this mini to follow you around. Only one mini may be in use at a time.
Combine 3 Mini Elegant Bronze Llamas with an Essence of Llamatic Elegance in the Mystic Forge to make a Mini Lavish Bronze Llama.","Дважды щёлкните, чтобы призвать этого мини-питомца, который будет следовать за вами. Одновременно можно использовать только одного мини-питомца.
Объедините 3 мини-элегантные бронзовые ламы с эссенцией ламовой элегантности в Mystic Forge, чтобы создать мини-роскошную бронзовую ламу."
"Double-click to summon this mini to follow you around. Only one mini may be in use at a time.
Combine 3 Mini Elegant Emperor Llamas with an Essence of Llamatic Elegance in the Mystic Forge to make a Mini Lavish Emperor Llama.","Дважды щёлкните, чтобы призвать этого мини-питомца, который будет следовать за вами. Одновременно можно использовать только одного мини-питомца.
Объедините 3 мини-элегантные императорские ламы с эссенцией ламовой элегантности в Mystic Forge, чтобы создать мини-роскошную императорскую ламу."
"Double-click to summon this mini to follow you around. Only one mini may be in use at a time.
Combine 3 Mini Elegant Gold Llamas with an Essence of Llamatic Elegance in the Mystic Forge to make a Mini Lavish Gold Llama.","Дважды щёлкните, чтобы призвать этого мини-питомца, который будет следовать за вами. Одновременно можно использовать только одного мини-питомца.
Объедините 3 мини-элегантные золотые ламы с эссенцией ламовой элегантности в Mystic Forge, чтобы создать мини-роскошную золотую ламу."
"Double-click to summon this mini to follow you around. Only one mini may be in use at a time.
Combine 3 Mini Elegant Llamas with an Essence of Llamatic Elegance in the Mystic Forge to make a Mini Lavish Llama.","Дважды щёлкните, чтобы призвать этого мини-питомца, который будет следовать за вами. Одновременно можно использовать только одного мини-питомца.
Объедините 3 мини-элегантные ламы с эссенцией ламовой элегантности в Mystic Forge, чтобы создать мини-роскошную ламу."
"Double-click to summon this mini to follow you around. Only one mini may be in use at a time.
Combine 3 Mini Elegant Princess Llamas with an Essence of Llamatic Elegance in the Mystic Forge to make a Mini Lavish Princess Llama.","Дважды щёлкните, чтобы призвать этого мини-питомца, который будет следовать за вами. Одновременно можно использовать только одного мини-питомца.
Объедините 3 мини-элегантные ламы-принцессы с эссенцией ламовой элегантности в Mystic Forge, чтобы создать мини-роскошную ламу-принцессу."
"Double-click to summon this mini to follow you around. Only one mini may be in use at a time.
Combine 3 Mini Elegant Silver Llamas with an Essence of Llamatic Elegance in the Mystic Forge to make a Mini Lavish Silver Llama.","Дважды щёлкните, чтобы призвать этого мини-питомца, который будет следовать за вами. Одновременно можно использовать только одного мини-питомца.
Объедините 3 мини-элегантные серебряные ламы с эссенцией ламовой элегантности в Mystic Forge, чтобы создать мини-роскошную серебряную ламу."
"Double-click to summon this mini to follow you around. Only one mini may be in use at a time.
Combine 3 Mini Emperor Llamas with an Essence of Llamatic Elegance in the Mystic Forge to make a Mini Fancy Emperor Llama.","Дважды щёлкните, чтобы призвать этого мини-питомца, который будет следовать за вами. Одновременно можно использовать только одного мини-питомца.
Объедините 3 мини-ламы-императора с эссенцией ламовой элегантности в Mystic Forge, чтобы создать мини-шикарную ламу-императора."
"Double-click to summon this mini to follow you around. Only one mini may be in use at a time.
Combine 3 Mini Fancy Black Llamas with an Essence of Llamatic Elegance in the Mystic Forge to make a Mini Elegant Black Llama.","Дважды щёлкните, чтобы призвать этого мини-питомца, который будет следовать за вами. Одновременно можно использовать только одного мини-питомца.
Объедините 3 мини-шикарные чёрные ламы с эссенцией ламовой элегантности в Mystic Forge, чтобы создать мини-элегантную чёрную ламу."
"Double-click to summon this mini to follow you around. Only one mini may be in use at a time.
Combine 3 Mini Fancy Bronze Llamas with an Essence of Llamatic Elegance in the Mystic Forge to make a Mini Elegant Bronze Llama.","Дважды щёлкните, чтобы призвать этого мини-питомца, который будет следовать за вами. Одновременно можно использовать только одного мини-питомца.
Объедините 3 мини-шикарные бронзовые ламы с эссенцией ламовой элегантности в Mystic Forge, чтобы создать мини-элегантную бронзовую ламу."
"Double-click to summon this mini to follow you around. Only one mini may be in use at a time.
Combine 3 Mini Fancy Emperor Llamas with an Essence of Llamatic Elegance in the Mystic Forge to make a Mini Elegant Emperor Llama.","Дважды щёлкните, чтобы призвать этого мини-питомца, который будет следовать за вами. Одновременно можно использовать только одного мини-питомца.
Объедините 3 мини-шикарные ламы-императора с эссенцией ламовой элегантности в Mystic Forge, чтобы создать мини-элегантную ламу-императора."
"Double-click to summon this mini to follow you around. Only one mini may be in use at a time.
Combine 3 Mini Fancy Gold Llamas with an Essence of Llamatic Elegance in the Mystic Forge to make a Mini Elegant Gold Llama.","Дважды щёлкните, чтобы призвать этого мини-питомца, который будет следовать за вами. Одновременно можно использовать только одного мини-питомца.
Объедините 3 мини-шикарные золотые ламы с эссенцией ламовой элегантности в Mystic Forge, чтобы создать мини-элегантную золотую ламу."
"Double-click to summon this mini to follow you around. Only one mini may be in use at a time.
Combine 3 Mini Fancy Llamas with an Essence of Llamatic Elegance in the Mystic Forge to make a Mini Elegant Llama.","Дважды щёлкните, чтобы призвать этого мини-питомца, который будет следовать за вами. Одновременно можно использовать только одного мини-питомца.
Объедините 3 мини-шикарные ламы с эссенцией ламовой элегантности в Mystic Forge, чтобы создать мини-элегантную ламу."
"Double-click to summon this mini to follow you around. Only one mini may be in use at a time.
Combine 3 Mini Fancy Princess Llamas with an Essence of Llamatic Elegance in the Mystic Forge to make a Mini Elegant Princess Llama.","Дважды щёлкните, чтобы призвать этого мини-питомца, который будет следовать за вами. Одновременно можно использовать только одного мини-питомца.
Объедините 3 мини-шикарные ламы-принцессы с эссенцией ламовой элегантности в Mystic Forge, чтобы создать мини-элегантную ламу-принцессу."
"Double-click to summon this mini to follow you around. Only one mini may be in use at a time.
Combine 3 Mini Fancy Silver Llamas with an Essence of Llamatic Elegance in the Mystic Forge to make a Mini Elegant Silver Llama.","Дважды щёлкните, чтобы призвать этого мини-питомца, который будет следовать за вами. Одновременно можно использовать только одного мини-питомца.
Объедините 3 мини-шикарные серебряные ламы с эссенцией ламовой элегантности в Mystic Forge, чтобы создать мини-элегантную серебряную ламу."
"Double-click to summon this mini to follow you around. Only one mini may be in use at a time.
Combine 3 Mini Gold Llamas with an Essence of Llamatic Elegance in the Mystic Forge to make a Mini Fancy Gold Llama.","Дважды щёлкните, чтобы призвать этого мини-питомца, который будет следовать за вами. Одновременно можно использовать только одного мини-питомца.
Объедините 3 мини-золотые ламы с эссенцией ламовой элегантности в Mystic Forge, чтобы создать мини-шикарную золотую ламу."
"Double-click to summon this mini to follow you around. Only one mini may be in use at a time.
Combine 3 Mini Llamas with an Essence of Llamatic Elegance in the Mystic Forge to make a Mini Fancy Llama.","Дважды щёлкните, чтобы призвать этого мини-питомца, который будет следовать за вами. Одновременно можно использовать только одного мини-питомца.
Объедините 3 мини-ламы с эссенцией ламовой элегантности в Mystic Forge, чтобы создать мини-шикарную ламу."
"Double-click to summon this mini to follow you around. Only one mini may be in use at a time.
Combine 3 Mini Princess Llamas with an Essence of Llamatic Elegance in the Mystic Forge to make a Mini Fancy Princess Llama.","Дважды щёлкните, чтобы призвать этого мини-питомца, который будет следовать за вами. Одновременно можно использовать только одного мини-питомца.
Объедините 3 мини-ламы-принцессы с эссенцией ламовой элегантности в Mystic Forge, чтобы создать мини-шикарную ламу-принцессу."
"Double-click to summon this mini to follow you around. Only one mini may be in use at a time.
Combine 3 Mini Silver Llamas with an Essence of Llamatic Elegance in the Mystic Forge to make a Mini Fancy Silver Llama.","Дважды щёлкните, чтобы призвать этого мини-питомца, который будет следовать за вами. Одновременно можно использовать только одного мини-питомца.
Объедините 3 мини-серебряные ламы с эссенцией ламовой элегантности в Mystic Forge, чтобы создать мини-шикарную серебряную ламу."
"Double-click to summon this mini to follow you around. Only one mini may be in use at a time.
Combine 3 of this mini with a Pile of Crystalline Dust, an Obsidian Shard, and an Amber Quantic Dipole (dropped by creatures in scale 1–20 fractals) in the Mystic Forge to create a Mini Mister Mittens.","Дважды щёлкните, чтобы призвать этого мини-питомца, который будет следовать за вами. Одновременно можно использовать только одного мини-питомца.
Объедините 3 таких мини-питомца с Pile of Crystalline Dust, осколком обсидиана и Amber Quantic Dipole (выпадает с существ во фракталах масштабов 1–20) в Mystic Forge, чтобы создать Mini Mister Mittens."
"Double-click to summon this mini to follow you around. Only one mini may be in use at a time.
Combine 3 of this mini with a Pile of Crystalline Dust, an Obsidian Shard, and an Azure Denaturizing Agent (dropped by creatures in scale 21–50 fractals) in the Mystic Forge to create a Mini Baron von Scrufflebutt.","Дважды щёлкните, чтобы призвать этого мини-питомца, который будет следовать за вами. Одновременно можно использовать только одного мини-питомца.
Объедините 3 таких мини-питомца с Pile of Crystalline Dust, осколком обсидиана и Azure Denaturizing Agent (выпадает с существ во фракталах масштабов 21–50) в Mystic Forge, чтобы создать мини-барона фон Скраффлбатта."
"Double-click to summon this mini to follow you around. Only one mini may be in use at a time.
Combine 3 of this mini with Pile of Crystalline Dust, an Obsidian Shard, and a Gift of Ascension in the Mystic Forge to create a Mini Snuggles.","Дважды щёлкните, чтобы призвать этого мини-питомца, который будет следовать за вами. Одновременно можно использовать только одного мини-питомца.
Объедините 3 таких мини-питомца с Pile of Crystalline Dust, осколком обсидиана и Gift of Ascension в Mystic Forge, чтобы создать мини-Обнимашку."
"Double-click to summon this mini to follow you around. Only one mini may be in use at a time.
Combine Charitable Gift Skritt minis, Wintersday Gifts, Snowflakes, and an Essence of Skrittish Charity in the Mystic Forge to make a Mini Munificent Gift Skritt.","Дважды щёлкните, чтобы призвать этого мини-питомца, который будет следовать за вами. Одновременно можно использовать только одного мини-питомца.
Объедините мини-благотворительных подарочных скриттов, подарки Зимнего дня, снежинки и эссенцию скриттской щедрости в Mystic Forge, чтобы создать мини-щедрого подарочного скритта."
"Double-click to summon this mini to follow you around. Only one mini may be in use at a time.
Combine in the Mystic Forge to create a Mini Fortunate Lantern.","Дважды щёлкните, чтобы призвать этого мини-питомца, который будет следовать за вами. Одновременно можно использовать только одного мини-питомца.
Объедините в Mystic Forge, чтобы создать мини-Счастливый фонарь."
"Double-click to summon this mini to follow you around. Only one mini may be in use at a time.
Combine in the Mystic Forge to create a Mini Glowing Lantern.","Дважды щёлкните, чтобы призвать этого мини-питомца, который будет следовать за вами. Одновременно можно использовать только одного мини-питомца.
Объедините в Mystic Forge, чтобы создать мини-Светящийся фонарь."
"Double-click to summon this mini to follow you around. Only one mini may be in use at a time.
Combine in the Mystic Forge to create Mini Pumpkin Jack O' Lantern.","Дважды щёлкните, чтобы призвать этого мини-питомца, который будет следовать за вами. Одновременно можно использовать только одного мини-питомца.
Объедините в Mystic Forge, чтобы создать Мини-Тыквенного Джека-Фонаря."
"Double-click to summon this mini to follow you around. Only one mini may be in use at a time.
Combine in the Mystic Forge to create Mini Pumpkin Jack O'.","Дважды щёлкните, чтобы призвать этого мини-питомца, который будет следовать за вами. Одновременно можно использовать только одного мини-питомца.
Объедините в Mystic Forge, чтобы создать мини-Тыквенного Джека О'."
"Double-click to summon this mini to follow you around. Only one mini may be in use at a time.
Combine in the Mystic Forge to get a larger mini snowball.","Дважды щёлкните, чтобы призвать этого мини-питомца, который будет следовать за вами. Одновременно можно использовать только одного мини-питомца.
Объедините в Mystic Forge, чтобы получить снежок побольше."
"Double-click to summon this mini to follow you around. Only one mini may be in use at a time.
Combine Mini Gift Skritt, Candy Canes, Snowflakes, and an Essence of Skrittish Charity in the Mystic Forge to make a Mini Charitable Gift Skritt.","Дважды щёлкните, чтобы призвать этого мини-питомца, который будет следовать за вами. Одновременно можно использовать только одного мини-питомца.
Объедините мини-подарочного скритта, леденцовые трости, снежинки и эссенцию скриттской щедрости в Mystic Forge, чтобы создать мини-благотворительного подарочного скритта."
Double-click to summon this mini to follow you around. Only one mini may be in use at a time. Combine the Mini Super Trio in the Mystic Forge with a Continue Coin to unlock the Mini Storm Wizard.,"Дважды щёлкните, чтобы призвать этого мини-питомца, который будет следовать за вами. Одновременно можно использовать только одного мини-питомца. Объедините мини-Супер-трио в Mystic Forge с Continue Coin, чтобы открыть мини-Штормового мага."
Double-click to summon this mini to follow you around. Only one mini may be in use at a time. Combine the Mini Super Trio—Series 3 in the Mystic Forge with a Continue Coin to unlock the Mini Super Angry Cloud.,"Дважды щёлкните, чтобы призвать этого мини-питомца, который будет следовать за вами. Одновременно можно использовать только одного мини-питомца. Объедините мини-Супер-трио — серия 3 в Mystic Forge с Continue Coin, чтобы открыть мини-Супер-Сердитую тучу."
Double-click to summon this mini to follow you around. Only one mini may be in use at a time. Combine the Mini Super Trio—Series 3 in the Mystic Forge with a Continue Coin to unlock the Mini Super Queen Bee Dog.,"Дважды щёлкните, чтобы призвать этого мини-питомца, который будет следовать за вами. Одновременно можно использовать только одного мини-питомца. Объедините мини-Супер-трио — серия 3 в Mystic Forge с Continue Coin, чтобы открыть мини-Супер-Королеву пчелопсов."
Double-click to take a sample of the miasma surrounding a recently fallen Brandstone.,"Дважды щёлкните, чтобы взять пробу миазмов вокруг недавно упавшего камня Клейма."
Double-click to take out your kite.,"Дважды щёлкните, чтобы достать воздушного змея."
"Double-click to take out your kite. This kite provides a 5% speed increase, 33% during sandstorms.","Дважды щёлкните, чтобы достать воздушного змея. Этот змей увеличивает вашу скорость на 5%, а во время песчаных бурь — на 33%."
Double-click to take your rightful place.,"Дважды щёлкните, чтобы занять законное место."
Double-click to teleport to Arborstone in the Echovald Wilds. <c=@Warning>This item cannot be used while in combat.</c>,"Дважды щёлкните, чтобы телепортироваться в Арборстоун в Эховальдских пустошах. <c=@Warning>Этот предмет нельзя использовать в бою.</c>"
Double-click to teleport to Atholma in Sandswept Isles. <c=@Warning>This item cannot be used while in combat.</c>,"Дважды щёлкните, чтобы телепортироваться в Атолму на Занесённых песком островах. <c=@Warning>Этот предмет нельзя использовать в бою.</c>"
Double-click to teleport to Bjora Marches. <c=@Warning>This item cannot be used while in combat.</c>,"Дважды щёлкните, чтобы телепортироваться в Bjora Marches. <c=@Warning>Этот предмет нельзя использовать в бою.</c>"
Double-click to teleport to Bloated Beach in Siren's Landing. <c=@Warning>This item cannot be used while in combat.</c>,"Дважды щёлкните, чтобы телепортироваться на Вздутый пляж на Пристани Сирены. <c=@Warning>Этот предмет нельзя использовать в бою.</c>"
Double-click to teleport to Doric's Landing in Lake Doric. <c=@Warning>This item cannot be used while in combat.</c>,"Дважды щёлкните, чтобы телепортироваться в Причал Дорика у Lake Doric. <c=@Warning>Этот предмет нельзя использовать в бою.</c>"
Double-click to teleport to Dragonfall. <c=@Warning>This item cannot be used while in combat.</c>,"Дважды щёлкните, чтобы телепортироваться в Драконье Падение. <c=@Warning>Этот предмет нельзя использовать в бою.</c>"
Double-click to teleport to Grothmar Valley. <c=@Warning>This item cannot be used while in combat.</c>,"Дважды щёлкните, чтобы телепортироваться в Grothmar Valley. <c=@Warning>Этот предмет нельзя использовать в бою.</c>"
Double-click to teleport to Jahai Bluffs. <c=@Warning>This item cannot be used while in combat.</c>,"Дважды щёлкните, чтобы телепортироваться в Утёсы Джахая. <c=@Warning>Этот предмет нельзя использовать в бою.</c>"
Double-click to teleport to Mariner Landing in Draconis Mons. <c=@Warning>This item cannot be used while in combat.</c>,"Дважды щёлкните, чтобы телепортироваться в Причал Морехода в Draconis Mons. <c=@Warning>Этот предмет нельзя использовать в бою.</c>"
Double-click to teleport to Sun's Refuge. <c=@Warning>This item cannot be used while in combat.</c>,"Дважды щёлкните, чтобы телепортироваться в Убежище Солнца. <c=@Warning>Этот предмет нельзя использовать в бою.</c>"
Double-click to teleport to the allied encampment in the Domain of Kourna. <c=@Warning>This item cannot be used while in combat.</c>,"Дважды щёлкните, чтобы телепортироваться в лагерь союзников во Владении Курна. <c=@Warning>Этот предмет нельзя использовать в бою.</c>"
Double-click to teleport to the Asuran Beachhead in Ember Bay. <c=@Warning>This item cannot be used while in combat.</c>,"Дважды щёлкните, чтобы телепортироваться на Асурский плацдарм в Бухте Углей. <c=@Warning>Этот предмет нельзя использовать в бою.</c>"
