english,translate
"<c=@flavor>""Used strictly for religious purposes, of course.""
—Cin</c>","<c=@flavor>«Используется строго в религиозных целях, разумеется».
—Син</c>"
"<c=@flavor>""Was hoping to get weapons or food. Got this instead."",<c=@flavor>""""Надеялся получить оружие или еду. А получил вот это.""""","<c=@flavor>""Надеялся получить оружие или еду. А получил вот это"".,<c=@flavor>""""Надеялся получить оружие или еду. А получил вот это""""."
"<c=@flavor>""We had to completely re-engineer the insides of these weapons to not get gummed up."",
—Engineer Verutum</c>","<c=@flavor>«Нам пришлось полностью переработать внутренности этого оружия, чтобы оно не забивалось»,
— инженер Верутум</c>"
"<c=@flavor>""We had to modify these to free us up during scouting expeditions."",
—Fahrtak </c>","<c=@flavor>«Нам пришлось их модифицировать, чтобы освободить руки во время разведывательных вылазок»,
— Фартак </c>"
"<c=@flavor>""We just have to be stronger and faster than the centaurs."",<c=@flavor>""""Мы просто должны быть сильнее и быстрее кентавров.""""","<c=@flavor>""Мы просто должны быть сильнее и быстрее кентавров"".,<c=@flavor>""""Мы просто должны быть сильнее и быстрее кентавров""""."
"<c=@flavor>""We must each bring balance in our own ways."",<c=@flavor>""""Каждый из нас должен привносить равновесие по-своему.""""","<c=@flavor>""Каждый из нас должен привносить равновесие по-своему"".,<c=@flavor>""""Каждый из нас должен привносить равновесие по-своему""""."
"<c=@flavor>""We wont be a secret here for long."",<c=@flavor>""""Мы здесь долго не останемся незамеченными.""""","<c=@flavor>""Мы здесь долго не останемся незамеченными"".,<c=@flavor>""""Мы здесь долго не останемся незамеченными""""."
"<c=@flavor>""Well,' he wasn''t using it anymore."" —Rox</c>'","<c=@flavor>«Ну, он же всё равно не пользовался». — Рокс</c>"
"<c=@flavor>""What they lack in common sense, they make up for in their ability to collect scraps. In this case
<c=@flavor>""""What were these doing back there?""""","<c=@flavor>""Чего им не хватает в здравом смысле, они компенсируют умением собирать обрезки. В данном случае
<c=@flavor>""""Что это делало там?"""""
"<c=@flavor>""While some may pray to Balthazar,' this reminds me that a soldier''s peace is inevitable.""
—Sergeant Yarbrough</c>'","<c=@flavor>«Пока некоторые молятся Бальтазару, это напоминает мне, что покой солдата неизбежен».
—Сержант Ярбро</c>"
"<c=@flavor>""Who's a good little journeykit?""</c>",<c=@flavor>«Кто тут хороший маленький путешественник?»</c>
"<c=@flavor>""Why did they come here? What were these used for? If only I could find the answers."",<c=@flavor>""""Зачем они пришли? Для чего это использовалось? Если бы я только мог найти ответы.""""","<c=@flavor>""Зачем они пришли? Для чего это использовалось? Если бы я только мог найти ответы"".,<c=@flavor>""""Зачем они пришли? Для чего это использовалось? Если бы я только мог найти ответы""""."
"<c=@flavor>""With a hero like you around, the Flame Legion doesn't stand a chance.""
—Corva Sharpclaw</c>","<c=@flavor>«С таким героем, как ты, рядом у Легиона Пламени нет шансов».
—Корва Остроког</c>"
"<c=@flavor>""Wolf watches over you."",<c=@flavor>""""Волк присматривает за тобой.""""",<c=@flavor>«Волк присматривает за тобой».<c=@flavor>«Волк присматривает за тобой»
"<c=@flavor>""Yes yes, it was a tragedy. But also an opportunity! Those dam pieces are historical artifacts!""
—Cin</c>","<c=@flavor>«Да, да, это была трагедия. Но и возможность тоже! Эти куски дамбы — исторические артефакты!»
—Син</c>"
"<c=@flavor>""You can hear this from the highest peaks"",<c=@flavor>""""Ты можешь услышать это с высочайших вершин""""","<c=@flavor>""Это можно услышать с высочайших вершин"",<c=@flavor>""""Ты можешь услышать это с высочайших вершин"""""
"<c=@flavor>""You can hit them even harder with my special gloves."",<c=@flavor>""""Мои особые перчатки помогут вам бить их ещё сильнее.""""","<c=@flavor>""Вы можете бить их ещё сильнее с моими особыми перчатками"".,<c=@flavor>""""Мои особые перчатки помогут вам бить их ещё сильнее""""."
"<c=@flavor>""You can read between the lines. More harnesses than dolyaks."",
—Warmaster Jofast</c>","<c=@flavor>«Вы умеете читать между строк. Больше упряжи, чем доликов».
—Warmaster Jofast</c>"
"<c=@flavor>""You could sneak up on the Master of Whispers in these things."",<c=@flavor>""""В этом можно подкрасться к Мастеру Шепотов.""""","<c=@flavor>""В этом можно подкрасться к Мастеру Шепотов"".,<c=@flavor>""""В этом можно подкрасться к Мастеру Шепотов""""."
"<c=@flavor>""You must outthink them."",<c=@flavor>""""Вы должны перехитрить их.""""","<c=@flavor>""Вы должны перехитрить их"".,<c=@flavor>""""Вы должны перехитрить их""""."
"<c=@flavor>""You scratched my back,' and now I''ll scratch yours. Take a look at this crate of rifles we recovered from the wreck of the Argent Warrior. See any you like?"" 
—Admiral Clarinda Demard</c>'","<c=@flavor>«Ты почесал мне спинку, и теперь я почешу твою. Взгляни на этот ящик с винтовками, которые мы извлекли из обломков „Аргент Уорриор“. Видишь какие-нибудь, что тебе по душе?» 
—Адмирал Кларинда Демард</c>"
"<c=@flavor>""You see it; you can shoot it."",<c=@flavor>""""Видишь — стреляй.""""","<c=@flavor>""Видишь — стреляй"".,<c=@flavor>""""Видишь — стреляй""""."
"<c=@flavor>""You'll need a shield when they start throwing bottles, gears, and the occasional bomb.""
—Scholar Antal the Patient</c>","<c=@flavor>«Тебе понадобится щит, когда полетят бутылки, шестерни и случайная бомба».
—Учёная Антал Терпеливая</c>"
<c=@flavor>A concotion likely made by a malevolent alchemist.</c>,"<c=@flavor>Снадобье, вероятно изготовленное злобным алхимиком.</c>"
<c=@flavor>A faint glow emits from this spark.</c>,<c=@flavor>От этой искры исходит слабое свечение.</c>
"<c=@flavor>A forbidden city. A forbidden love.</c>,
'Found in Lion''s Arch.'","<c=@flavor>Запретный город. Запретная любовь.</c>,
'Найдено во Львиной Арке.'"
"<c=@flavor>A gift from the treasuries of the King of All Cats.</c>""","<c=@flavor>Дар из сокровищниц Короля всех кошек.</c>"""
"<c=@flavor>A lot of ways to get this chest, but the portal spikes are still a thorn in my side.</c>","<c=@flavor>Много способов получить этот сундук, но портальные шипы всё ещё заноза в моём боку.</c>"
"<c=@flavor>A token of my eternal love.,<c=@flavor>Знак моей вечной любви.","<c=@flavor>Знак моей вечной любви.,<c=@flavor>Знак моей вечной любви."
<c=@flavor>Amira asked you to be careful with these.</c>,<c=@flavor>Амира просила вас быть осторожными с ними.</c>
"<c=@flavor>An attached note reads, ""Until the last enemy of Kryta falls
Double-click to open.","<c=@flavor>Прилагаемая записка гласит: «Пока не падет последний враг Крайта
Дважды щёлкните, чтобы открыть»."
"<c=@flavor>And just like that,' he''s gone. A bag of his old belongings is all that''s left.</c>'","<c=@flavor>И вот так,' он ушёл. Мешок с его старыми вещами — все, что осталось.</c>'"
<c=@flavor>Be sure to pet the jade behemoth. Who's a good jade behemoth?</c>,<c=@flavor>Обязательно погладьте нефритового бегемота. Кто у нас хороший нефритовый бегемот?</c>
"<c=@flavor>Dear brothers, when will we sing again? I'm beginning to forget our song.</c>","<c=@flavor>Братья мои, когда мы снова запоём? Я начинаю забывать нашу песню.</c>"
<c=@flavor>Did Zojja ever get her tea?</c>,<c=@flavor>Получила ли Зойя свой чай?</c>
"<c=@flavor>Fascinating,' isn''t it? Our newest experimental weapon. Utilizing shadowstone has allowed us to combine two swords into one larger greatsword. A similar feat was previously exclusive to djinn magic.</c>'","<c=@flavor>Захватывающе,' не так ли? Наше новейшее экспериментальное оружие. Использование теневого камня позволило нам объединить два меча в один большой двуручный меч. Ранее подобное достижение было доступно только магии джиннов.</c>'"
"<c=@flavor>For those confused about Mosaic Wrath, try helping out Vanak at the Bastion of Strength.</c>","<c=@flavor>Если вы запутались в «Мозаичном гневе», попробуйте помочь Ванаку в Оплоте Силы.</c>"
"<c=@flavor>From the smallest blade of grass to the largest mountain, where life goes, so too should you.</c>","<c=@flavor>Там сказано: «От самой маленькой травинки до величайшей горы, куда идет жизнь — туда должен идти и ты».</c>"
"<c=@flavor>Gain key fragments by participating in Mad King Says. Only 3 fragments may be earned per day.</c>""","<c=@flavor>Получайте фрагменты ключей, участвуя в игре «Безумный король говорит». Можно заработать не более 3 фрагментов в день.</c>"""
<c=@flavor>Helmet visibility cannot be changed for this outfit.</c>,<c=@flavor>Видимость шлема для этого наряда изменить нельзя.</c>
"<c=@flavor>Icy hot.</c>,
'Found in Jora''s Keep in Bjora Marches.'","<c=@flavor>Ледяной жар.</c>,
'Найдено в крепости Йоры в Бьора-Марке.'"
"<c=@flavor>If something is coming for you, you should seek it out!</c>","<c=@flavor>Если что-то идёт за тобой, иди ему навстречу!</c>"
<c=@flavor>Impulsive choices can cause regret to crystallize.</c>,<c=@flavor>Импульсивные решения могут привести к кристаллизации сожаления.</c>
<c=@flavor>It stinks. Real bad.<c>,<c=@flavor>Воняет. Очень сильно.<c>
"<c=@flavor>It was a true challenge to rely on only gliding back then. But is the commander breaking defiance on the third bite?</c>""","<c=@flavor>Тогда действительно было испытанием полагаться только на планирование. Но ломает ли командир стойкость на третьем укусе?</c>"""
<c=@flavor>It's shaped like a hug.,<c=@flavor>Это по форме напоминает объятие.
<c=@flavor>Maybe you should help out at that octovine instead of standing around.</c>,"<c=@flavor>Может, стоит помочь на октовинограднике вместо того, чтобы стоять без дела?</c>"
<c=@flavor>Must've been the runt of Eparch's wyvern litter.</c>,"<c=@flavor>Должно быть, это был заморыш из выводка виверн Эпарха.</c>"
<c=@flavor>Never leave a wrong to ripen into evil or sorrow.</c>,<c=@flavor>Никогда не позволяй ошибке перерасти в зло или горе.</c>
"<c=@flavor>No tectonic thumper needed to draw these titans out, just a large tasty bloodstone.</c>","<c=@flavor>Чтобы выманить этих титанов, не нужен тектонический трамбовщик, достаточно большого вкусного кровавого камня.</c>"
<c=@flavor>Not fit for consumption.</c>,<c=@flavor>Не пригодно для употребления.</c>
<c=@flavor>Pieces of a sharp blade.<c>,<c=@flavor>Куски острого клинка.<c>
"<c=@flavor>Rage burns and consumes, not unlike a fire.</c>","<c=@flavor>Ярость горит и пожирает, не иначе как огонь.</c>"
"<c=@flavor>Requires a WvW Season One Reward Chest Key to unlock.</c>""","<c=@flavor>Требуется ключ от сундука за награды первого сезона WvW, чтобы открыть.</c>"""
"<c=@flavor>Small and wiggly. Big of hearts.</c>""","<c=@flavor>Маленькая и извивающаяся. С большим сердцем.</c>"""
"<c=@flavor>Soaring outside the door, only the night birds called out a greeting.</c>","<c=@flavor>Пока я парил за дверью, лишь ночные птицы окликали меня.</c>"
"<c=@flavor>Squeezed from the flesh of indigo mushrooms.<c>""","<c=@flavor>Выжато из мякоти индиговых грибов.<c>"""
"<c=@flavor>The ink on this page glows brightly and reads, ""To exist
<c=@reminder>Hint: Offer your wisdom to the goddess.</c>","<c=@flavor>Чернила на этой странице ярко светятся, и гласят: «Существовать
<c=@reminder>Подсказка: Предложите свою мудрость богине.</c>"
<c=@flavor>The only lasting peace is the peace within your own soul.</c>,<c=@flavor>Единственный прочный мир — это мир в твоей собственной душе.</c>
"<c=@flavor>The recovered head of this Exalted continues to glow, presumably with consciousness.</c>","<c=@flavor>Найденная голова этого Возвышенного продолжает светиться — предположительно, сознанием.</c>"
<c=@flavor>The scavenger birds of the Mad Realm sang sweetly to welcome their king.</c>,"<c=@flavor>Птицы-падальщики Безумного Царства сладко пели, приветствуя своего короля.</c>"
<c=@flavor>The searing fire of rage bubbles over into a cauldron of contempt.</c>,<c=@flavor>Обжигающий огонь ярости переливается через край в котёл презрения.</c>
<c=@flavor>This accessory is used to craft the legendary accessory Stella Radians.,<c=@flavor>Этот аксессуар используется для создания легендарного аксессуара «Stella Radians».
<c=@flavor>This stone crackles with an inner energy.</c>,<c=@flavor>Этот камень потрескивает от внутренней энергии.</c>
"<c=@flavor>This was earned by prevailing at the highest levels of competition in the Mists.</c>""","<c=@flavor>Добыто за победу на высших уровнях состязаний в Туманных землях.</c>"""
<c=@flavor>This weapon is used to craft the legendary axe Frostfang.,<c=@flavor>Это оружие используется для создания легендарного топора «Frostfang».
"<c=@flavor>This weapon is used to craft the legendary axe Frostfang.,
Combine this weapon in the Mystic Forge with:,Соедините это оружие в Мистической кузнице с:
• 1 Gift of Frostfang,
• 1 Gift of Mastery,
• 1 Gift of Fortune</c>","<c=@flavor>Это оружие используется для создания легендарного топора Ледяной Клык.,
Соедините это оружие в Мистической кузнице с:,Соедините это оружие в Мистической кузнице с:
• 1 Дар Ледяного Клыка,
• 1 Дар мастерства,
• 1 Дар удачи</c>"
<c=@flavor>This weapon is used to craft the legendary dagger Incinerator.,<c=@flavor>Это оружие используется для создания легендарного кинжала «Incinerator».
"<c=@flavor>This weapon is used to craft the legendary dagger Incinerator.,
Combine this weapon in the Mystic Forge with:,Соедините это оружие в Мистической кузнице с:
• 1 Gift of Incinerator,
• 1 Gift of Mastery,
• 1 Gift of Fortune</c>","<c=@flavor>Это оружие используется для создания легендарного кинжала «Инсинератор».,
Соедините это оружие в Мистической кузнице с:,Соедините это оружие в Мистической кузнице с:
• 1 Дар Инсинератора,
• 1 Дар мастерства,
• 1 Дар удачи</c>"
<c=@flavor>This weapon is used to craft the legendary focus The Minstrel.,<c=@flavor>Это оружие используется для создания легендарного фокуса «The Minstrel».
"<c=@flavor>This weapon is used to craft the legendary focus The Minstrel.,
Combine this weapon in the Mystic Forge with:,Соедините это оружие в Мистической кузнице с:
• 1 Gift of The Minstrel,
• 1 Gift of Mastery,
• 1 Gift of Fortune</c>","<c=@flavor>Это оружие используется для создания легендарного фокуса «Менестрель».,
Соедините это оружие в Мистической кузнице с:,Соедините это оружие в Мистической кузнице с:
• 1 Дар Менестреля,
• 1 Дар мастерства,
• 1 Дар удачи</c>"
<c=@flavor>This weapon is used to craft the legendary greatsword Sunrise.,<c=@flavor>Это оружие используется для создания легендарного двуручного меча «Sunrise».
"<c=@flavor>This weapon is used to craft the legendary greatsword Sunrise.,
Combine this weapon in the Mystic Forge with:,Соедините это оружие в Мистической кузнице с:
• 1 Gift of Sunrise,
• 1 Gift of Mastery,
• 1 Gift of Fortune</c>","<c=@flavor>Это оружие используется для создания легендарного большого меча «Восход».,
Соедините это оружие в Мистической кузнице с:,Соедините это оружие в Мистической кузнице с:
• 1 Дар Восхода,
• 1 Дар Мастерства,
• 1 Дар Удачи</c>"
<c=@flavor>This weapon is used to craft the legendary greatsword Twilight.,<c=@flavor>Это оружие используется для создания легендарного двуручного меча «Twilight».
"<c=@flavor>This weapon is used to craft the legendary greatsword Twilight.,
Combine this weapon in the Mystic Forge with:,Соедините это оружие в Мистической кузнице с:
• 1 Gift of Twilight,
• 1 Gift of Mastery,
• 1 Gift of Fortune</c>","<c=@flavor>Это оружие используется для создания легендарного большого меча «Сумерки».,
Соедините это оружие в Мистической кузнице с:,Соедините это оружие в Мистической кузнице с:
• 1 Дар Сумерек,
• 1 Дар мастерства,
• 1 Дар удачи</c>"
<c=@flavor>This weapon is used to craft the legendary hammer The Juggernaut.,<c=@flavor>Это оружие используется для создания легендарного молота «The Juggernaut».
"<c=@flavor>This weapon is used to craft the legendary hammer The Juggernaut.,
Combine this weapon in the Mystic Forge with:,Соедините это оружие в Мистической кузнице с:
• 1 Gift of The Juggernaut,
• 1 Gift of Mastery,
• 1 Gift of Fortune</c>","<c=@flavor>Это оружие используется для создания легендарного молота «Колосс».,
Соедините это оружие в Мистической кузнице с:,Соедините это оружие в Мистической кузнице с:
• 1 Дар «Колосса»,
• 1 Дар мастерства,
• 1 Дар удачи</c>"
<c=@flavor>This weapon is used to craft the legendary harpoon gun Frenzy.,<c=@flavor>Это оружие используется для создания легендарного гарпунного ружья «Frenzy».
"<c=@flavor>This weapon is used to craft the legendary harpoon gun Frenzy.,
Combine this weapon in the Mystic Forge with:,Соедините это оружие в Мистической кузнице с:
• 1 Gift of Frenzy,
• 1 Gift of Mastery,
• 1 Gift of Fortune</c>","<c=@flavor>Это оружие используется для создания легендарного гарпуна «Бешенство».,
Объедините это оружие в Мистической кузнице с:,
• 1 Дар бешенства,
• 1 Дар мастерства,
• 1 Дар удачи</c>"
<c=@flavor>This weapon is used to craft the legendary longbow Kudzu.,<c=@flavor>Это оружие используется для создания легендарного длинного лука «Kudzu».
"<c=@flavor>This weapon is used to craft the legendary longbow Kudzu.,
Combine this weapon in the Mystic Forge with:,Соедините это оружие в Мистической кузнице с:
• 1 Gift of Kudzu,
• 1 Gift of Mastery,
• 1 Gift of Fortune</c>","<c=@flavor>Это оружие используется для создания легендарного длинного лука Кудзу.
Соедините это оружие в Мистической кузнице с:
• 1 Дар Кудзу,
• 1 Дар мастерства,
• 1 Дар удачи</c>"
<c=@flavor>This weapon is used to craft the legendary mace The Moot.,<c=@flavor>Это оружие используется для создания легендарной булавы «The Moot».
"<c=@flavor>This weapon is used to craft the legendary mace The Moot.,
Combine this weapon in the Mystic Forge with:,Соедините это оружие в Мистической кузнице с:
• 1 Gift of The Moot,
• 1 Gift of Mastery,
• 1 Gift of Fortune</c>","<c=@flavor>Это оружие используется для создания легендарной булавы «Мут».,
Соедините это оружие в Мистической кузнице с:
• 1 Дар Мут,
• 1 Дар мастерства,
• 1 Дар удачи</c>"
<c=@flavor>This weapon is used to craft the legendary pistol Quip.,<c=@flavor>Это оружие используется для создания легендарного пистолета «Quip».
<c=@flavor>This weapon is used to craft the legendary rifle The Predator.,<c=@flavor>Это оружие используется для создания легендарного ружья «The Predator».
"<c=@flavor>This weapon is used to craft the legendary rifle The Predator.,
Combine this weapon in the Mystic Forge with:,Соедините это оружие в Мистической кузнице с:
• 1 Gift of The Predator,
• 1 Gift of Mastery,
• 1 Gift of Fortune</c>","<c=@flavor>Это оружие используется для создания легендарного ружья «Хищник».
Соедините это оружие в Мистической кузнице с:
• 1 Дар Хищника,
• 1 Дар Мастерства,
• 1 Дар Удачи</c>"
<c=@flavor>This weapon is used to craft the legendary scepter Meteorlogicus.,<c=@flavor>Это оружие используется для создания легендарного скипетра «Meteorlogicus».
"<c=@flavor>This weapon is used to craft the legendary scepter Meteorlogicus.,
Combine this weapon in the Mystic Forge with:,Соедините это оружие в Мистической кузнице с:
• 1 Gift of Meteorlogicus,
• 1 Gift of Mastery,
• 1 Gift of Fortune</c>","<c=@flavor>Это оружие используется для создания легендарного скипетра «Метеорлогикус».,
Соедините это оружие в Мистической кузнице с:
• 1 Дар Метеорлогикуса,
• 1 Дар Мастерства,
• 1 Дар Удачи</c>"
<c=@flavor>This weapon is used to craft the legendary shield The Flameseeker Prophecies.,<c=@flavor>Это оружие используется для создания легендарного щита «The Flameseeker Prophecies».
"<c=@flavor>This weapon is used to craft the legendary shield The Flameseeker Prophecies.,
Combine this weapon in the Mystic Forge with:,Соедините это оружие в Мистической кузнице с:
• 1 Gift of The Flameseeker Prophecies,• 1 [Дар|Дара|Даров] «Пророчества Ищущего Пламя»
• 1 Gift of Mastery,
• 1 Gift of Fortune</c>","<c=@flavor>Это оружие используется для создания легендарного щита «Пророчества Ищущего Пламя».,
Объедините это оружие в Мистической кузнице с:,Соедините это оружие в Мистической кузнице с:
• 1 Дар «Пророчества Ищущего Пламя»,• 1 Дар «Пророчества Ищущего Пламя»
• 1 Дар мастерства,
• 1 Дар удачи</c>"
<c=@flavor>This weapon is used to craft the legendary short bow The Dreamer.,<c=@flavor>Это оружие используется для создания легендарного короткого лука «The Dreamer».
"<c=@flavor>This weapon is used to craft the legendary short bow The Dreamer.,
Combine this weapon in the Mystic Forge with:,Соедините это оружие в Мистической кузнице с:
• 1 Gift of The Dreamer,
• 1 Gift of Mastery,
• 1 Gift of Fortune</c>","<c=@flavor>Это оружие используется для создания легендарного короткого лука «Мечтатель».,
Соедините это оружие в Мистической кузнице с:
• 1 Дар Мечтателя,
• 1 Дар Мастерства,
• 1 Дар Удачи</c>"
<c=@flavor>This weapon is used to craft the legendary spear Kamohoali'i Kotaki.,<c=@flavor>Это оружие используется для создания легендарного копья «Kamohoali'i Kotaki».
<c=@flavor>This weapon is used to craft the legendary spear Klobjarne Geirr.,<c=@flavor>Это оружие используется для создания легендарного копья «Klobjarne Geirr».
"<c=@flavor>This weapon is used to craft the legendary spear Klobjarne Geirr.,
Combine this weapon in the Mystic Forge with:,Соедините это оружие в Мистической кузнице с:
• 1 Gift of Janthir Wilds,• 1 Дар диких земель Джантира
• 1 Gift of the Homesteader,
• 1 Gift of Klobjarne Geirr</c>","<c=@flavor>Это оружие используется для создания легендарного копья Клобьярн Гейрр.,
Соедините это оружие в Мистической кузнице с:,Соедините это оружие в Мистической кузнице с:
• 1 Дар диких земель Джантира,• 1 Дар диких земель Джантира
• 1 Дар поселенца,
• 1 Дар Клобьярн Гейрр</c>"
<c=@flavor>This weapon is used to craft the legendary staff The Bifrost.,<c=@flavor>Это оружие используется для создания легендарного посоха «The Bifrost».
<c=@flavor>This weapon is used to craft the legendary sword Bolt.,<c=@flavor>Это оружие используется для создания легендарного меча «Bolt».
"<c=@flavor>This weapon is used to craft the legendary sword Bolt.,
Combine this weapon in the Mystic Forge with:,Соедините это оружие в Мистической кузнице с:
• 1 Gift of Bolt,• 1 Дар болта
• 1 Gift of Mastery,
• 1 Gift of Fortune</c>","<c=@flavor>Это оружие используется для создания легендарного меча «Болт».,
Соедините это оружие в Мистической кузнице с:,Соедините это оружие в Мистической кузнице с:
• 1 Дар болта,• 1 Дар болта
• 1 Дар мастерства,
• 1 Дар удачи</c>"
<c=@flavor>This weapon is used to craft the legendary torch Rodgort.,<c=@flavor>Это оружие используется для создания легендарного факела «Rodgort».
"<c=@flavor>This weapon is used to craft the legendary torch Rodgort.,
Combine this weapon in the Mystic Forge with:,Соедините это оружие в Мистической кузнице с:
• 1 Gift of Rodgort,
• 1 Gift of Mastery,
• 1 Gift of Fortune</c>","<c=@flavor>Это оружие используется для создания легендарного факела Родгорта.
Соедините это оружие в Мистической кузнице с:
• 1 Дар Родгорта,
• 1 Дар мастерства,
• 1 Дар удачи</c>"
<c=@flavor>This weapon is used to craft the legendary trident Kraitkin.,<c=@flavor>Это оружие используется для создания легендарного трезубца «Kraitkin».
"<c=@flavor>This weapon is used to craft the legendary trident Kraitkin.,
Combine this weapon in the Mystic Forge with:,Соедините это оружие в Мистической кузнице с:
• 1 Gift of Kraitkin,
• 1 Gift of Mastery,
• 1 Gift of Fortune</c>","<c=@flavor>Это оружие используется для создания легендарного трезубца «Крайткин».,
Соедините это оружие в Мистической кузнице с:,
• 1 Дар Крайткина,
• 1 Дар мастерства,
• 1 Дар удачи</c>"
<c=@flavor>This weapon is used to craft the legendary warhorn Howler.,<c=@flavor>Это оружие используется для создания легендарного боевого рога «Howler».
"<c=@flavor>This weapon is used to craft the legendary warhorn Howler.,
Combine this weapon in the Mystic Forge with:,Соедините это оружие в Мистической кузнице с:
• 1 Gift of Howler,
• 1 Gift of Mastery,
• 1 Gift of Fortune</c>","<c=@flavor>Это оружие используется для создания легендарного рога «Ревун».
Соедините это оружие в Мистической кузнице с:
1 Даром Ревуна,
1 Даром Мастерства,
1 Даром Удачи</c>"
<c=@flavor>Those blast gyros really do some damage. Maybe you should focus on them first?</c>,"<c=@flavor>Эти взрывные гироскопы действительно наносят урон. Может, стоит сначала сосредоточиться на них?</c>"
"<c=@flavor>Time heals all wounds.</c>""","<c=@flavor>Время лечит все раны.</c>"""
<c=@flavor>Unbridled joy is the domain of youth.</c>,<c=@flavor>Безудержная радость — удел юности.</c>
"<c=@flavor>Use for details. You will be able to confirm/cancel.</c>""","<c=@flavor>Используйте для подробностей. Вы сможете подтвердить/отменить.</c>"""
<c=@flavor>Using your warclaw can help you escape Ignaxious or break Knaebelag's defiance.</c>,<c=@flavor>Использование боевого когтя поможет вам сбежать от Игнаксиуса или сломить упрямство Кнабелага.</c>
<c=@flavor>WARNING: Flammable,<c=@flavor>ВНИМАНИЕ: Легковоспламеняющееся
"<c=@flavor>WARNING: Flammable,",<c=@flavor>ПРЕДУПРЕЖДЕНИЕ: Легковоспламеняющийся
<c=@flavor>Warclaws are bound by potent souls. What if they originated from these creatures?</c>,"<c=@flavor>Боевые когти связаны мощными душами. Что, если они произошли от этих существ?</c>"
<c=@flavor>Who would have thought education could be so thrilling?</c>,"<c=@flavor>Кто бы мог подумать, что обучение может быть таким захватывающим?</c>"
"<c=@flavor>With this relic and through our rites, you shall become eternal—an anchor for the people in times of war and peace.</c>",<c=@flavor>С этим реликтом и через наши обряды ты станешь вечным — якорем для народа во времена войны и мира.</c>
<c=@flavor>You might want to bring some stability for the east platform. Use your skyscale to help you!</c>,"<c=@flavor>Возможно, вам понадобится стабильность на восточной платформе. Используйте скайскейла, чтобы помочь себе!</c>"
"<c=@flavor>You won! Now indulge yourself at our world-class leisure destination. —Zalambur</c>""","<c=@flavor>Вы победили! Теперь наслаждайтесь отдыхом в нашем курорте мирового класса. —Заламбур</c>"""
"<c=@flavor>Zommoros loves crystals.</c>""","<c=@flavor>Зомморос любит кристаллы.</c>"""
"<c=@flavor>—The landing at Arca struggles to fill its storeroom so it will never starve again. (Site #8)</c>""","<c=@flavor>—Посадка в Арке изо всех сил пытается заполнить свою кладовую, чтобы никогда больше не голодать. (Участок #8)</c>"""
<c=@reminder>Contains loot stolen from the Black Lion Trading Company by the Knife Tail Gang.</c=@reminder>,"<c=@reminder>Содержит добычу, украденную у Торговой компании Чёрного Льва бандой Ножехвостых.</c=@reminder>"
"<c=@reminder>Hint: Offer your wisdom to the goddess.</c>""","<c=@reminder>Подсказка: Предложи свою мудрость богине.</c>"""
"<c=@reminder>The Knife Tail Gang have broken into the Trading Company vaults, and Evon's furious!</c=@reminder>","<c=@reminder>Банда Ножехвостов вломилась в хранилища Торговой компании, и Эвон в ярости!</c=@reminder>"
<c=@reminder>This item is used in collections for the legendary accessory Vision.,<c=@reminder>Этот предмет используется в коллекциях для легендарного аксессуара «Видение».
<c=@reminder>This mount skin can be found very rarely when completing group events and the meta-event finale in the Eternity's Garden map in Castora.</c>,<c=@reminder>Этот облик скакуна можно найти очень редко при завершении групповых событий и финала метасобытия на карте Сад Вечности в Касторе.</c>
A Gift of Relics is made by combining these items in the Mystic Forge:,«Дар реликвий» создаётся путём объединения этих предметов в Мистической кузнице:
"A Mystic Facet is made by combining these items in the Mystic Forge:
• 1 Relic
• 250 Piles of Lucent Crystal 
• 250 Piles of Lucent Crystal
• 250 Piles of Lucent Crystal","Мистическая Грань создается путем объединения этих предметов в Мистической кузнице:
• 1 Реликвия
• 250 Куч Сияющего Кристалла
• 250 Куч Сияющего Кристалла
• 250 Куч Сияющего Кристалла"
"A book of homestead decoration recipes needed to craft benches, chairs
A book of homestead decoration recipes needed to craft books.,'Книга рецептов украшений для усадьбы, необходимых для создания книг.'
A book of homestead decoration recipes needed to craft cushions.,'Книга рецептов украшений для усадьбы, необходимых для создания подушек.'
A book of homestead decoration recipes needed to craft guild arena items.,'Книга рецептов украшений для усадьбы, необходимых для создания предметов гильдейской арены.'
A book of homestead decoration recipes needed to craft hedge mazes.,'Книга рецептов украшений для усадьбы, необходимых для создания живых изгородей-лабиринтов.'
A book of homestead decoration recipes needed to craft lights.,'Книга рецептов украшений для усадьбы, необходимых для создания светильников.'
A book of homestead decoration recipes needed to craft lion statues.,'Книга рецептов украшений для усадьбы, необходимых для создания статуй львов.'
A book of homestead decoration recipes needed to craft miscellaneous items.,'Книга рецептов украшений для усадьбы, необходимых для создания прочих предметов.'
A book of homestead decoration recipes needed to craft objects from Amnytas.","Книга рецептов украшений для усадьбы, необходимых для создания скамеек, стульев
Книга рецептов украшений для усадьбы, необходимых для создания книг.,'Книга рецептов украшений для усадьбы, необходимых для создания книг.'
Книга рецептов украшений для усадьбы, необходимых для создания подушек.,'Книга рецептов украшений для усадьбы, необходимых для создания подушек.'
Книга рецептов украшений для усадьбы, необходимых для создания предметов гильдейской арены.,'Книга рецептов украшений для усадьбы, необходимых для создания предметов гильдейской арены.'
Книга рецептов украшений для усадьбы, необходимых для создания живых изгородей-лабиринтов.,'Книга рецептов украшений для усадьбы, необходимых для создания живых изгородей-лабиринтов.'
Книга рецептов украшений для усадьбы, необходимых для создания светильников.,'Книга рецептов украшений для усадьбы, необходимых для создания светильников.'
Книга рецептов украшений для усадьбы, необходимых для создания статуй львов.,'Книга рецептов украшений для усадьбы, необходимых для создания статуй львов.'
Книга рецептов украшений для усадьбы, необходимых для создания прочих предметов.,'Книга рецептов украшений для усадьбы, необходимых для создания прочих предметов.'
Книга рецептов украшений для усадьбы, необходимых для создания предметов из Амнитаса."
A box salvaged from the Aetherblades containing various items from Shing Jea Monastery. A monk nearby is probably looking for this.,"Ящик, снятый у Эфирных Клинков, с разными предметами из монастыря Шинг Джея. Наверняка его ищет кто-то из здешних монахов."
"A box salvaged from the Aetherblades containing various items from Shing Jea Monastery. A monk nearby is probably looking for this.,'Коробка, извлечённая из Эфирных клинков, содержащая различные предметы из монастыря Шинг Джеа. Монах поблизости, вероятно, ищет её.'
This item has no use outside of a collection.","Коробка, извлечённая из Эфирных клинков, содержащая различные предметы из монастыря Шинг Джеа. Монах поблизости, вероятно, ищет её.
Этот предмет не имеет применения вне коллекции."
"A collection of items recovered from the cave. Contains a personal bandit chest for your home instance, obsidian shards
A collection of items to aid in the training of novice adventurers.","Коллекция предметов, найденных в пещере. Содержит личный сундук бандита для вашего домашнего экземпляра, осколки обсидиана.
Коллекция предметов для помощи в обучении начинающих искателей приключений."
"A collection of supplies for any passionate coffee brewer!,Набор припасов для любого страстного любителя кофе!",Набор припасов для любого страстного любителя кофе!
A crystal from a Branded creature in Jahai.,Кристалл клеймёного существа из Джахай.
"A crystal from a Branded creature in Jahai.,Кристалл из Проклятого существа в Джахаи.","Кристалл из Проклятого существа в Джахаи.,Кристалл из Проклятого существа в Джахаи."
A device for stabilizing unstable magic rifts.,Устройство для стабилизации нестабильных магических разломов.
"A device for stabilizing unstable magic rifts.,
Double-click to equip.","Устройство для стабилизации нестабильных магических разрывов.
Дважды щёлкните, чтобы экипировать."
A four-leaf clover from Club Canach. It makes those who wield it wonder if one can truly buy luck.,"Четырёхлистный клевер из «Клуба Канаха». Тот, кто им владеет, невольно задумывается, правда ли удачу можно купить."
"A fragment of Aurene attuned to water and life. Can be traded to Leivas in Seitung Province or, upon unlocking certain masteries
A fragment of air used to unlock the Sylvan Chest.,
A fragment of earth used to unlock the Sylvan Chest.,
A fragment of water used to unlock the Sylvan Chest.,'Фрагмент воды, используемый для открытия сундука Сильванов.'
A ghostly captain commands a phantom army to trample your opponents with this finishing move in PvP and WvW.,'Призрачный капитан командует фантомной армией, чтобы растоптать ваших противников этим финишным движением в PvP и WvW.'
A gift bag!","Фрагмент Аурин, настроенный на воду и жизнь. Можно обменять у Лейваса в провинции Сейтун или, после открытия определённых мастерств
Фрагмент воздуха, используемый для открытия сундука Сильванов.,
Фрагмент земли, используемый для открытия сундука Сильванов.,
Фрагмент воды, используемый для открытия сундука Сильванов.,'Фрагмент воды, используемый для открытия сундука Сильванов.'
Призрачный капитан командует фантомной армией, чтобы растоптать ваших противников этим финишным движением в PvP и WvW.,'Призрачный капитан командует фантомной армией, чтобы растоптать ваших противников этим финишным движением в PvP и WvW.'
Подарочный пакет!"
A gift from Kosmas to his broodling. Where did he find this?,Подарок от Космаса его отпрыску. Где он такое нашёл?
"A gift from Kosmas to his broodling. Where did he find this?,
This item only has value as part of the Missing Brood collection.","Дар от Космаса его выводку. Где он его нашёл?,
Этот предмет имеет ценность только как часть коллекции «Пропавший выводок»."
A gift of color used to create The Bifrost.,"Дар цвета, используемый для создания «The Bifrost»."
A gift of darkness used to create Twilight.,"Дар тьмы, используемый для создания «Twilight»."
A gift of energy used to create generation one and two legendary weapons and the legendary trinkets Vision and Aurora.,"Дар энергии, используемый для создания легендарного оружия первого и второго поколений, а также легендарных украшений «Vision» и «Aurora»."
A gift of entertainment used to create legendary weapons Quip and The Moot.,"Дар веселья, используемый для создания легендарного оружия «Quip» и «The Moot»."
A gift of fortune used to create legendary weapons.,"Дар удачи, используемый для создания легендарного оружия."
A gift of history used to create The Flameseeker Prophecies.,"Дар истории, используемый для создания «The Flameseeker Prophecies»."
A gift of ice used to create Frostfang.,"Дар льда, используемый для создания «Frostfang»."
A gift of light used to create Sunrise and Endless Summer.,"Дар света, используемый для создания «Sunrise» и «Endless Summer»."
"A gift of light used to create Sunrise and Endless Summer.,'Дар света",используемый для создания «Рассвета» и «Бесконечного лета».'
A gift of lightning used to create Bolt.,"Дар молнии, используемый для создания «Bolt»."
A gift of metal used to create generation one and two legendary weapons and the legendary back item Ad Infinitum.,"Дар металла, используемый для создания легендарного оружия первого и второго поколений, а также легендарного наспинного предмета «Ad Infinitum»."
A gift of music used to create The Minstrel.,"Дар музыки, используемый для создания «The Minstrel»."
"A gift of music used to create The Minstrel.,'Дар музыки",используемый для создания «Менестреля».'
A gift of nature used to create Kudzu.,"Дар природы, используемый для создания «Kudzu»."
A gift of stealth used to create The Predator.,"Дар невидимости, используемый для создания «The Predator»."
A gift of water used to craft Frenzy.,"Дар воды, используемый для создания «Frenzy»."
A gift of weather used to create Meteorlogicus.,"Дар погоды, используемый для создания «Meteorlogicus»."
A gift of wood used to create generation one and two legendary weapons and the legendary back item Ad Infinitum.,"Дар дерева, используемый для создания легендарного оружия первого и второго поколений, а также легендарного наспинного предмета «Ad Infinitum»."
A gift used in legendary crafting.,"Дар, используемый в создании легендарок."
"A gift used to create legendary weapons.,'Подарок, используемый для создания легендарного оружия.'
Acquired from fully exploring all Central Tyrian maps.","Подарок, используемый для создания легендарного оружия.
Получается при полном исследовании всех карт Центрального Тирии."
"A gift used to create legendary weapons.,'Подарок, используемый для создания легендарного оружия.'
Made by combining these items in the Mystic Forge:,
• 1 Bloodstone Shard,
• 250 Obsidian Shards,
• 1 Gift of Exploration,
• 1 Gift of Battle","Подарок, используемый для создания легендарного оружия.
Создаётся путём комбинирования этих предметов в Мистической кузнице:
• 1 Осколок кровавого камня,
• 250 Осколков обсидиана,
• 1 Дар исследования,
• 1 Дар битвы"
"A gift used to create legendary weapons.,'Подарок, используемый для создания легендарного оружия.'
Made by combining these items in the Mystic Forge:,
• 250 Vials of Powerful Blood,
• 250 Powerful Venom Sacs,
• 250 Elaborate Totems,• 250 Искусных тотемов
• 250 Piles of Crystalline Dust","Подарок, используемый для создания легендарного оружия.
Создаётся путём объединения этих предметов в Мистической кузнице:
• 250 Флаконов мощной крови
• 250 Мощных мешочков с ядом
• 250 Искусных тотемов
• 250 Куч кристаллической пыли"
"A gift used to create legendary weapons.,'Подарок, используемый для создания легендарного оружия.'
Made by combining these items in the Mystic Forge:,
• 250 Vicious Fangs,
• 250 Armored Scales,• 250 бронированных чешуй
• 250 Vicious Claws,
• 250 Ancient Bones","Подарок, используемый для создания легендарного оружия.,'Подарок, используемый для создания легендарного оружия.'
Создается путем объединения этих предметов в Мистической кузнице:,
• 250 Злобных клыков,
• 250 Бронированных чешуй,• 250 бронированных чешуй
• 250 Злобных когтей,
• 250 Древних костей"
"A gift used to create legendary weapons.,'Подарок, используемый для создания легендарного оружия.'
Purchased from dungeon vendors for 500 Tales of Dungeon Delving.","Подарок, используемый для создания легендарного оружия.
Приобретено у торговцев в подземельях за 500 Сказаний о подземельях."
A gift used to create the legendary axe Frostfang.,"Дар, используемый для создания легендарного топора «Frostfang»."
A gift used to create the legendary dagger Incinerator.,"Дар, используемый для создания легендарного кинжала «Incinerator»."
A gift used to create the legendary focus The Minstrel.,"Дар, используемый для создания легендарного фокуса «The Minstrel»."
"A gift used to create the legendary focus The Minstrel.,'«Дар, используемый для создания легендарного фокуса «Менестрель».'
Made by combining these items in the Mystic Forge:,
• 1 Gift of Energy,
• 1 Gift of Music,
• 100 Icy Runestones,
• 1 Superior Sigil of Energy","Дар, используемый для создания легендарного фокуса «Менестрель».,'«Дар, используемый для создания легендарного фокуса «Менестрель».'
Создается путем объединения этих предметов в Мистической кузнице:,
• 1 Дар энергии,
• 1 Дар музыки,
• 100 Ледяных рунных камней,
• 1 высший сигил энергии"
A gift used to create the legendary greatsword Sunrise.,"Дар, используемый для создания легендарного двуручного меча «Sunrise»."
A gift used to create the legendary greatsword Twilight.,"Дар, используемый для создания легендарного двуручного меча «Twilight»."
A gift used to create the legendary hammer The Juggernaut.,"Дар, используемый для создания легендарного молота «The Juggernaut»."
A gift used to create the legendary harpoon gun Frenzy.,"Дар, используемый для создания легендарного гарпунного ружья «Frenzy»."
A gift used to create the legendary longbow Kudzu.,"Дар, используемый для создания легендарного длинного лука «Kudzu»."
"A gift used to create the legendary longbow Kudzu.,'Подарок, используемый для создания легендарного длинного лука Кудзу.'
Made by combining these items in the Mystic Forge:,
• 1 Gift of Wood,
• 1 Gift of Nature,
• 100 Icy Runestones,
• 1 Superior Sigil of Celerity","Дар, используемый для создания легендарного длинного лука Кудзу.,'Подарок, используемый для создания легендарного длинного лука Кудзу.'
Создаётся путём объединения этих предметов в Мистической кузнице:,
• 1 Дар дерева,
• 1 Дар природы,
• 100 Ледяных рунических камней,
• 1 высший сигил скорости"
A gift used to create the legendary mace The Moot.,"Дар, используемый для создания легендарной булавы «The Moot»."
A gift used to create the legendary pistol Quip.,"Дар, используемый для создания легендарного пистолета «Quip»."
A gift used to create the legendary rifle The Predator.,"Дар, используемый для создания легендарного ружья «The Predator»."
A gift used to create the legendary scepter Meteorlogicus.,"Дар, используемый для создания легендарного скипетра «Meteorlogicus»."
A gift used to create the legendary shield The Flameseeker Prophecies.,"Дар, используемый для создания легендарного щита «The Flameseeker Prophecies»."
A gift used to create the legendary short bow The Dreamer.,"Дар, используемый для создания легендарного короткого лука «The Dreamer»."
A gift used to create the legendary spear Kamohoali'i Kotaki.,"Дар, используемый для создания легендарного копья «Kamohoali'i Kotaki»."
A gift used to create the legendary staff The Bifrost.,"Дар, используемый для создания легендарного посоха «The Bifrost»."
"A gift used to create the legendary staff The Bifrost.,
Made by combining these items in the Mystic Forge:,
• 1 Gift of Energy,
• 1 Gift of Color,• 1 Дар цвета
• 100 Icy Runestones,
• 1 Superior Sigil of Nullification","Дар, используемый для создания легендарного посоха «Бифрост».,
Создаётся путём объединения этих предметов в Мистической кузнице:,
• 1 Дар энергии,
• 1 Дар цвета,• 1 Дар цвета,
• 100 Ледяных рунных камней,
• 1 высший сигил обнуления"
A gift used to create the legendary sword Bolt.,"Дар, используемый для создания легендарного меча «Bolt»."
A gift used to create the legendary torch Rodgort.,"Дар, используемый для создания легендарного факела «Rodgort»."
A gift used to create the legendary trident Kraitkin.,"Дар, используемый для создания легендарного трезубца «Kraitkin»."
A gift used to create the legendary warhorn Howler.,"Дар, используемый для создания легендарного боевого рога «Howler»."
A high-powered device for stabilizing severely unstable magic rifts.,Мощное устройство для стабилизации крайне нестабильных магических разломов.
A homestead recipe needed to craft a Statue of Joko the Fearsome.,"Рецепт усадьбы, нужный для изготовления статуи Джоко Грозного."
A homestead recipe needed to craft a Statue of Joko the Indomitable.,"Рецепт усадьбы, нужный для изготовления статуи Джоко Неукротимого."
A homestead recipe needed to craft a Statue of Joko the Majestic.,"Рецепт усадьбы, нужный для изготовления статуи Джоко Величественного."
A homestead recipe needed to craft a Statue of Joko the Powerful.,"Рецепт усадьбы, нужный для изготовления статуи Джоко Могучего."
A homestead recipe needed to craft a Statue of Joko the Victorious.,"Рецепт усадьбы, нужный для изготовления статуи Джоко Победоносного."
A letter from Anette Eymundrdottir located at in Jora's Keep. She wants your help crafting Ancient Boreal weapons.,Письмо от Анетты Эймундрдоттир из Крепости Йоры. Она просит помочь в изготовлении древнего борейского оружия.
"A message from Researcher Yarixx, who has developed a powerful new system that harnesses spirit essence
A missing belonging found inside a rift in the Mists.,'Утерянная вещь, найденная внутри разлома в Туманах.'
A mission statement of dredge freedom.,Заявление о миссии свободы дрэджей.
A missive from Skimmer Trainer Ardra containing information on troop movements. Intended for delivery to Healer Ebele north of Arid Gladefields. Can be consumed for Mastery experience and karma.,'Послание от тренера скакунов Ардры, содержащее информацию о передвижении войск. Предназначено для доставки целителю Эбеле к северу от Сухих Полян. Можно использовать для получения опыта Мастерства и кармы.'
A mud-stained note that appears to be from a journal. Some bits are still legible. This item only has value as part of a collection.,
A mysteriously light and well-balanced weapon that seems malleable to your wishes. Double-click to choose what form it should take.,'Таинственно лёгкое и хорошо сбалансированное оружие, которое, кажется, поддаётся вашим желаниям. Дважды щелкните, чтобы выбрать форму, которую оно должно принять.'
A note from Yasna to Sunsmith Ouissal asking for her help.,
A nutritious and magic-imbued snack made specially for jackals! Double-click to feed this to your jackal.","Послание от исследователя Ярикса, разработавшего мощную новую систему, использующую сущность духов.
Утерянная вещь, найденная внутри разлома в Туманах.
Заявление о миссии свободы дрэджей.
Послание от тренера скакунов Ардры, содержащее информацию о передвижении войск. Предназначено для доставки целителю Эбеле к северу от Сухих Полян. Можно использовать для получения опыта Мастерства и кармы.
Грязное пятнистое письмо, похожее на страницу из дневника. Некоторые части ещё читаемы. Этот предмет имеет ценность только как часть коллекции.
Таинственно лёгкое и хорошо сбалансированное оружие, которое, кажется, поддаётся вашим желаниям. Дважды щёлкните, чтобы выбрать форму, которую оно должно принять.
Записка от Ясны к Солнцесмиту Уиссалу с просьбой о помощи.
Питательный и магический перекус, приготовленный специально для шакалов! Дважды щёлкните, чтобы накормить им своего шакала."
A nutritious and magic-imbued snack made specially for jackals! Double-click to feed this to your jackal.,"Питательное лакомство, напитанное магией и созданное специально для шакалов! Дважды щёлкните, чтобы угостить своего шакала."
A parting gift from Glint. It hums with strange energy.,Прощальный дар Глинт. Он гудит от странной энергии.
"A parting gift from Glint. It hums with strange energy.,Прощальный дар от Глинт. Он гудит странной энергией.",Прощальный дар от Глинт. Он гудит странной энергией.
"A race against time, again and again...","Гонка со временем, снова и снова..."
"A recollection of the life and deeds of Mad King Thorn,' as told by his loyal subjects and friends. Contains a complete account of King Oswald Thorn''s life'
A record of your exploits as a hunter.","Воспоминания о жизни и деяниях Безумного короля Торна, рассказанные его верными подданными и друзьями. Содержит полный отчёт о жизни короля Освальда Торна.
Запись о ваших подвигах как охотника."
"A record of your exploits as a naturalist.,Запись ваших достижений как натуралиста.
Double-click to read.","Запись ваших достижений как натуралиста.,
Дважды щёлкните, чтобы прочитать."
A relic from a time when heket were common throughout Kourna.,"Реликвия времен, когда хекеты были обычны в Курне."
"A secret letter for Aisha Jedgok, who is undercover among the ghosts of the Lair of the Forgotten.
Double-click to locate.","Секретное письмо для Айши Джедгок, которая скрывается среди призраков Логова Забытых.
Дважды щёлкните, чтобы найти".
"A secret letter for Nori Mahat, who is currently undercover in the village of Purity among local villagers.
Double-click to locate.","Секретное письмо для Нори Махат, которая в настоящее время находится под прикрытием в деревне среди местных жителей.
Дважды щёлкните, чтобы найти".
"A secret letter that should be brought to Ahel Nakat, who is undercover in the Ruination among the Order of Shadows.
Double-click to locate.","Секретное письмо, которое следует передать Ахел Накат, работающему под прикрытием в Руинации среди Ордена Теней.
Дважды щёлкните, чтобы найти".
"A sliver of potential solidified from the Mists.,
Use 12 petals to crystalize a Teal Bloom.,
<c=@reminder>May be sold to vendors.</c>","Осколок потенциала, затвердевший из Туманов.,
Используйте 12 лепестков, чтобы кристаллизовать бирюзовый цветок.,
<c=@reminder>Можно продать торговцам.</c>"
"A special explosive that destroys steam creatures. Remember,' don''t use too much.'","Особая взрывчатка, уничтожающая паровых созданий. Помните, не используйте слишком много."
"A sugary root grown in the choya village.""","Сладкий корень, выращенный в деревне чойя".""
"A tarnished silver locket containing an exquisite miniature family portrait. At least, it was exquisite before it was defaced.","Потускневший серебряный медальон с изысканным миниатюрным семейным портретом. По крайней мере, он был изысканным, пока его не испортили."
"A treat that combines the flavors of common crustaceans and three types of fish. Double-click to feed this to your skimmer.,'«Угощение, сочетающее вкусы обычных ракообразных и трёх видов рыбы». Дважды щёлкните, чтобы скормить его скату.'
Gives bonus Mastery experience once per day.","Угощение, сочетающее вкусы обычных ракообразных и трёх видов рыбы. Дважды щёлкните, чтобы скормить его скиммеру.,
Даёт дополнительный опыт мастерства один раз в день."
A unicorn statue used to create The Dreamer.,"Статуя единорога, используемая для создания «Мечтателя»."
A vial of liquid flame used to create Incinerator and Rodgort.,"Флакон жидкого пламени, используемый для создания «Инсинератора» и «Родгорта»."
A vial of pure quicksilver used to create The Juggernaut.,"Флакон чистой ртути, используемый для создания «Джаггернаута»."
A wolf statue used to create Howler.,"Статуя волка, используемая для создания Воя."
"A worn plush doll with a single gem on its head. A child surely would be looking for this.,
This item has no use outside of a collection.","Потертая плюшевая кукла с единственным самоцветом на голове. Ребенок наверняка ищет её.,
Этот предмет не имеет применения вне коллекции."
"A worn,' handwritten letter. Inside its folds rests a heart-shaped locket. It''s a bit rough around the edges'
Abaddon Axe,Топор Абаддона
Abaddon Dagger,Кинжал Абаддона
Abaddon Focus,Фокус Абаддона
Abaddon Greatsword,Большой меч Абаддона
Abaddon Hammer,Молот Абаддона
Abaddon Longbow,Длинный лук Абаддона
Abaddon Mace,Булава Абаддона
Abaddon Pistol,Пистолет Абаддона
Abaddon Rifle,Винтовка Абаддона
Abaddon Scepter,Скипетр Абаддона
Abaddon Shield,Щит Абаддона
Abaddon Short Bow,Короткий лук Аббадона
Abaddon Staff,Посох Абаддона
Abaddon Sword,Меч Абаддона
Abaddon Talisman,Талисман Абаддона
Abaddon Torch,Факел Абаддона
Abaddon Warhorn,Рог Абаддона
Abaddon Weapon Box,
'Abaddon''s Cowl',Капюшон Абаддона
'Abaddon''s Glider',Планёр Абаддона
'Abaddon''s Mask Skin',Скин маски Абаддона
'Abaddon''s Mouth Veteran',Ветеран Пасти Аббадона
'Abasi''s Envenomed Cleaver',Отравленный тесак Абаси
Abelin Favre","Потертое письмо, написанное от руки. Внутри его складок покоится медальон в форме сердца. Он немного грубоват по краям.
Топор Абаддона
Кинжал Абаддона
Фокус Абаддона
Большой меч Абаддона
Молот Абаддона
Длинный лук Абаддона
Булава Абаддона
Пистолет Абаддона
Винтовка Абаддона
Скипетр Абаддона
Щит Абаддона
Короткий лук Абаддона
Посох Абаддона
Меч Абаддона
Талисман Абаддона
Факел Абаддона
Рог Абаддона
Коробка с оружием Абаддона
Капюшон Абаддона
Планёр Абаддона
Облик маски Абаддона
Ветеран Пасти Абаддона
Отравленный тесак Абаси
Абелин Фавр"
Account bound on use.,Привязывается к учётной записи при использовании.
Acquired by completing the Forge Guard's armor collection. Purchased from Visions of Eternity map vendors afterward.,Получено за завершение коллекции брони Стража Кузни. Впоследствии можно купить у торговцев на карте «Видения вечности».
Acquired by completing the Glimmering Resin weapon collection. Purchased from Visions of Eternity map vendors afterward.,Получено за завершение коллекции оружия «Мерцающая смола». Впоследствии можно купить у торговцев на карте «Видения вечности».
"Acquired by completing the Visions of Eternity launch story the first time. Purchased from Visions of Eternity map vendors afterward.""","Получен при первом прохождении вступительной истории «Видения вечности». После этого можно купить у торговцев на карте «Видения вечности»".""
"Acquired from Ward Trader Sampaguita in Bava Nisos.
This item is used to craft or purchase Slumbering Lightborne weapons, which she sells crafting recipes or assistance for.","Получено у торговца отряда Сампагиты в Бава Нисос.
Этот предмет используется для создания или покупки оружия «Дремлющий Светонос», для которого она продаёт рецепты или помощь."
Acquired from fully exploring all Central Tyrian maps.,Получается за полное исследование всех карт Центральной Тирии.
Acquired from the WvW Gift of Battle Item Reward Track.,Получается на пути наград «Gift of Battle» в WvW.
"Acquired occasionally by earning a silver medal or better in Shipwreck Strand adventures.,Получается изредка за получение серебряной медали или лучше в приключениях «Кораблекрушение на берегу».","Выдаётся изредка за получение серебряной медали или лучше в приключениях «Кораблекрушение на берегу».,Выдаётся изредка за получение серебряной медали или лучше в приключениях «Кораблекрушение на берегу»."
"Acquired occasionally by earning a silver medal or better in Starlit Weald adventures.,
Trade to alliance field quartermasters in Castora for a pair of Extremis Leggings.","Иногда можно получить, заработав серебряную медаль или выше в приключениях Звёздной рощи.,
Обменяйте у полевых интендантов альянса в Касторе на пару поножей «Экстремис»."
"Acquired occasionally from events in Starlit Weald.,
Trade to alliance field quartermasters in Castora for a pair of Extremis Gloves.","Иногда выпадает из событий в Звёздной Роще.,
Обменяйте у полевых интендантов альянса в Касторе на пару перчаток «Экстрим»."
"Acquired occasionally from jumping puzzles in Starlit Weald.,
Trade to alliance field quartermasters in Castora for a pair of Extremis Boots.","Добывается иногда из прыжковых головоломок в Звёздной Роще.,
Обменяйте у полевых интендантов союза в Касторе на пару сапог «Экстремис»"
"Acquired occasionally from mystery mirrors in Shipwreck Strand.,Приобретается иногда из загадочных зеркал на Берегу кораблекрушений.",Приобретается иногда из загадочных зеркал на Берегу кораблекрушений.
"Acquired occasionally from mystery mirrors in Starlit Weald.,
Trade to alliance field quartermasters in Castora for an Extremis Mantle.","Изредка добывается из загадочных зеркал в Звёздной чаще.,
Обменяйте у полевых интендантов союза в Касторе на мантию «Экстремис»."
"Acquired occasionally from obscured chests in Shipwreck Strand.,Иногда можно получить из спрятанных сундуков на Берегу кораблекрушений.""",Иногда можно получить из спрятанных сундуков на Берегу кораблекрушений.
"Acquired occasionally from obscured chests in Starlit Weald.,
Trade to alliance field quartermasters in Castora for an Extremis Hood.","Изредка добывается из скрытых сундуков в Звёздной роще.
Обменяйте у полевых интендантов союза в Касторе на капюшон «Экстремис»."
"Acquired occasionally from the Hammerhart Rumble! world boss event in Shipwreck Strand.,
'Trade to alliance field quartermasters in Castora for a Restless Captain''s Coat.'","Получается изредка от мирового босса «Грохот Молотобойца!» в локации Берег кораблекрушений.,
'Обменяйте у полевых интендантов альянса в Касторе на Плащ Беспокойного капитана.'"
"Acquired occasionally from the Secrets of the Weald meta-event in Starlit Weald.,
Trade to alliance field quartermasters in Castora for an Extremis Coat.","Иногда выпадает из мета-события «Тайны Пустоши» в Звёздной Пустоши.,
Обменяйте полевым квартирмейстерам альянса в Касторе на плащ «Экстремис»."
Activate a memory crystal while riding on your skyscale.,"Активировать кристалл памяти, находясь верхом на скайскейле."
"Activate this to unlock the raptor mount. ,'Активируйте",чтобы разблокировать ездового ящера.'
Add an extra Build Template tab to the character. Each character can unlock up to 6 additional Build Template tabs.,Добавьте дополнительную вкладку шаблонов сборок персонажу. Каждый персонаж может открыть до 6 дополнительных вкладок шаблонов сборок.
Add an extra Equipment Template tab to the character. Each character can unlock up to 7 additional Equipment Template tabs.,Добавьте дополнительную вкладку шаблонов экипировки персонажу. Каждый персонаж может открыть до 7 дополнительных вкладок шаблонов экипировки.
All those named here have probably died of old age.,"Все, кто здесь назван, вероятно, уже умерли от старости."
"An assortment of supplies the Speakers are using to craft their ""one-hundred-percent organic"" incendiary devices.","Набор припасов, которые Ораторы используют для создания своих «стопроцентно натуральных» зажигательных устройств."
An eel statue used to create Kraitkin.,"Статуя угря, используемая для создания Крейткина."
"An exceedingly rare item acquired by completing survey events in Mistburned Barrens and completing challenge mode bosses in Mount Balrior. 
Double-click to select an account-bound bloodstone infusion.","Чрезвычайно редкий предмет, полученный за прохождение событий исследования в Туманных Выжженных Пустошах и прохождение боссов в режиме испытания на горе Балриор. 
Дважды щёлкните, чтобы выбрать привязанную к учётной записи инфузию кровавого камня."
An exquisitely cut sapphire of tremendous size.,Изумительно ограненный сапфир огромных размеров.
"An item from the Stonefist crew used by the Corsair, Mehdi
An odd blue wurm husk","Предмет из команды Каменного Кулака, использовавшийся корсаром Мехди.
Странная синяя оболочка червя"
"An old sapphire amulet,' weathered by frequent use. It went missing when the Wizard''s Tower left the Kessex Hills.'","Старый сапфировый амулет,' изношенный частым использованием. Он пропал, когда Башня волшебника покинула Кессекские холмы.'"
Anniversary gifts and Black Lion exclusives not included.,Подарки к годовщине и эксклюзивы Чёрного льва не включены.
"Apprentice Jameson needs these samples to devise an antitoxin.,
Event Item","Ученику Джеймсону нужны эти образцы, чтобы создать противоядие.,
Предмет события"
"Arina ,
892 Snow 0XV1,
Obscure","Арина ,
892 Снег 0XV1,
Неизвестный"
Ascended Aurene Clothing Outfit,Наряд восходящей одежды Аурены
"Banned for sedition against the God King and sealed in the warehouse of Vehtendi Academy in the Domain of Vabbi.""","Запрещён за подстрекательство против Бога-Короля и запечатан на складе Академии Вехтенди в области Вобби".""
"Become one with the Mists and gain the following:,
• The ""Fractal Champion"" title,
• 5 agony resistance, 2%% increased outgoing damage
• 1 additional fractal encryption and bag of fractal relics from the final chest in every fractal,• 1 дополнительный фрактальный шифр и мешок фрактальных реликвий из последнего сундука в каждом фрактале
Level 3 of 4—Effects stack with previous level.","Станьте единым с Туманными землями и получите следующее:
• Звание «Победитель фракталов»,
• 5 сопротивления агонии, 2%% увеличения урона
• 1 дополнительный фрактальный шифр и мешок фрактальных реликвий из последнего сундука в каждом фрактале
Уровень 3 из 4 — эффекты суммируются с предыдущим уровнем."
"Become one with the Mists and gain the following:,
• The ""Fractal Prodigy"" title,
• 5 agony resistance, 1%% increased outgoing damage
• 1 additional fractal encryption and bag of fractal relics from the final chest in every fractal,• 1 дополнительный фрактальный шифр и мешок фрактальных реликвий из последнего сундука в каждом фрактале
Level 2 of 4—Effects stack with previous level.","Станьте единым с Туманным Пределом и получите следующее:,
• Титул «Фрактальный вундеркинд»,
• 5 сопротивления агонии, 1%% увеличенного исходящего урона
• 1 дополнительный фрактальный шифр и мешок фрактальных реликвий из последнего сундука в каждом фрактале,• 1 дополнительный фрактальный шифр и мешок фрактальных реликвий из последнего сундука в каждом фрактале
Уровень 2 из 4 — эффекты суммируются с предыдущим уровнем."
"Become one with the Mists and gain the following:,
• The ""Fractal Savant"" title,
• 5 agony resistance, 1%% increased outgoing damage
• 1 additional fractal encryption and bag of fractal relics from the final chest in every fractal,• 1 дополнительный фрактальный шифр и мешок фрактальных реликвий из последнего сундука в каждом фрактале
Level 1 of 4","Станьте единым с Туманами и получите следующее:,
• Титул «Знаток фракталов»,
• 5 сопротивления агонии, 1%% увеличения исходящего урона,
• 1 дополнительный фрактальный шифр и мешок фрактальных реликвий из последнего сундука в каждом фрактале,
Уровень 1 из 4"
Become the Midnight King with this combat tonic.,Станьте Королём Полуночи с помощью этого боевого тоника.
"Black Lion Chests can be found randomly on enemies or bought from the trading post.""","Чёрные сундуки можно случайно найти на врагах или купить на торговом посту".""
"Bring the egg to Gorrik in Arborstone.""","Отнесите яйцо Горрику в Каменный сад".""
Build Template tabs allow a character to create and swap to an additional build.,Вкладки шаблонов сборок позволяют персонажу создавать и переключаться на дополнительную сборку.
"By rebuilding the sanctuary,' you will be granted access to Kormir''s sanctum.'","Восстановив святилище,' вы получите доступ к святилищу Кормир.'"
"Can be attained from the Shiverpeaks Pass raid encounter.,Можно получить в рейдовом столкновении «Перевал Дрожащих пиков».",Можно получить в рейдовом столкновении «Перевал Дрожащих пиков».
"Can be consumed for Crystal Desert Mastery experience or traded at Grand Sahil Casino for other rewards.,Можно использовать для получения опыта мастерства Пустыни Кристалла или обменять в казино «Гранд Сахил» на другие награды.",Можно использовать для получения опыта мастерства Пустыни Кристалла или обменять в казино «Гранд Сахил» на другие награды.
Can be exchanged for a non-soulbound version at merchants in Amnoon.,Можно обменять на версию без привязки к душе у торговцев в Амнуне.
Can be exchanged for raid currency at specific vendors.,Можно обменять на рейдовую валюту у определенных торговцев.
"Can be found at the same location as elegy mosaics.""","Можно найти там же, где и мозаики элегии".""
Can be traded with Mordrem researchers across Tyria for valuable items.,Можно обменять у исследователей Мордрем по всей Тирии на ценные предметы.
"Can be used in the Mystic Forge in place of Twilight to add the greatsword Eternity to your Legendary Armory.,
<c=@warning>If you have two instances of Eternity unlocked in the armory, please contact Customer Support.</c>","Может быть использован в Мистической кузнице вместо Сумерек, чтобы добавить большой меч Вечность в вашу Легендарную оружейную.,
<c=@warning>Если у вас есть два экземпляра Вечности, открытых в оружейной, обратитесь в службу поддержки клиентов.</c>"
"Can contain ancient or elder wood logs.,
Purchase from renown region karma merchants across the Crystal Desert with trade contracts.,Покупайте у торговцев кармы в регионах известности по всей Пустыне Хрусталя за торговые контракты.
Find trade contracts in chests and lost supplies.","Может содержать бревна древней или старшей древесины.,
Покупайте у торговцев кармы в регионах известности по всей Пустыне Хрусталя за торговые контракты.,Покупайте у торговцев кармы в регионах известности по всей Пустыне Хрусталя за торговые контракты.
Ищите торговые контракты в сундуках и потерянных припасах."
"Can contain coarse or rugged leather squares. ,
Purchase from renown region karma merchants across the Crystal Desert with trade contracts.,Покупайте у торговцев кармы в регионах известности по всей Пустыне Хрусталя за торговые контракты.
Find trade contracts in chests and lost supplies.","Может содержать квадраты грубой или жёсткой кожи. ,
Покупайте у торговцев кармы в регионах известности по всей Пустыне Хрусталя за торговые контракты.,Покупайте у торговцев кармы в регионах известности по всей Пустыне Хрусталя за торговые контракты.
Находите торговые контракты в сундуках и потерянных припасах."
"Can contain gossamer and silk scraps.,
Purchase from renown region karma merchants across the Crystal Desert with trade contracts.,Покупайте у торговцев кармы в регионах известности по всей Пустыне Хрусталя за торговые контракты.
Find trade contracts in chests and lost supplies.","Может содержать обрывки паутины и шелка.,
Покупайте у торговцев кармы в регионах известности по всей Пустыне Хрусталя за торговые контракты.,Покупайте у торговцев кармы в регионах известности по всей Пустыне Хрусталя за торговые контракты.
Ищите торговые контракты в сундуках и потерянных припасах."
"Can contain green and soft wood logs.,
Purchase from renown region karma merchants across the Crystal Desert with trade contracts.,Покупайте у торговцев кармы в регионах известности по всей Пустыне Хрусталя за торговые контракты.
Find trade contracts in chests and lost supplies.","Может содержать бревна из зелёной и мягкой древесины.,
Покупайте у торговцев кармы в регионах известности по всей Пустыне Хрусталя за торговые контракты.,Покупайте у торговцев кармы в регионах известности по всей Пустыне Хрусталя за торговые контракты.
Ищите торговые контракты в сундуках и потерянных припасах."
"Can contain hard and seasoned wood logs.,
Purchase from renown region karma merchants across the Crystal Desert with trade contracts.,Покупайте у торговцев кармы в регионах известности по всей Пустыне Хрусталя за торговые контракты.
Find trade contracts in chests and lost supplies.","Может содержать бревна твердой и выдержанной древесины.,
Покупайте у торговцев кармы в регионах известности по всей Пустыне Хрусталя за торговые контракты.,
Ищите торговые контракты в сундуках и потерянных припасах."
"Can contain ingots of iron, darksteel
Purchase from renown region karma merchants across the Crystal Desert with trade contracts.,Покупайте у торговцев кармы в регионах известности по всей Пустыне Хрусталя за торговые контракты.
Find trade contracts in chests and lost supplies.","Может содержать слитки железа, тёмной стали
Покупайте у торговцев кармы в регионах известности по всей Пустыне Хрусталя за торговые контракты.
Находите торговые контракты в сундуках и потерянных припасах."
"Can contain ingots of orichalcum or mithril.,
Purchase from renown region karma merchants across the Crystal Desert with trade contracts.,Покупайте у торговцев кармы в регионах известности по всей Пустыне Хрусталя за торговые контракты.
Find trade contracts in chests and lost supplies.","Может содержать слитки орихалка или мифрила.,
Покупайте у торговцев кармы в регионах известности по всей Пустыне Хрусталя за торговые контракты.,Покупайте у торговцев кармы в регионах известности по всей Пустыне Хрусталя за торговые контракты.
Найдите торговые контакты в сундуках и потерянных припасах."
"Can contain ingots of steel, platinum
Purchase from renown region karma merchants across the Crystal Desert with trade contracts.,Покупайте у торговцев кармы в регионах известности по всей Пустыне Хрусталя за торговые контракты.
Find trade contracts in chests and lost supplies.","Может содержать слитки стали или платины.
Покупайте у торговцев кармы в регионах известности по всей Пустыне Хрусталя за торговые контракты.
Находите торговые контракты в сундуках и потерянных припасах."
"Can contain jute and wool scraps.,
Purchase from renown region karma merchants across the Crystal Desert with trade contracts.,Покупайте у торговцев кармы в регионах известности по всей Пустыне Хрусталя за торговые контракты.
Find trade contracts in chests and lost supplies.","Может содержать лоскуты джута и шерсти.,
Покупайте у торговцев кармы в регионах известности по всей Пустыне Хрусталя за торговые контракты.
Находите торговые контракты в сундуках и припасах."
"Can contain linen and cotton scraps.,
Purchase from renown region karma merchants across the Crystal Desert with trade contracts.,Покупайте у торговцев кармы в регионах известности по всей Пустыне Хрусталя за торговые контракты.
Find trade contracts in chests and lost supplies.","Может содержать льняные и хлопковые лоскуты.,
Покупайте у торговцев кармы в регионах известности по всей Пустыне Хрусталя за торговые контракты.
Ищите торговые контракты в сундуках и потерянных припасах."
"Can contain rawhide or thin leather squares.,
Purchase from renown region karma merchants across the Crystal Desert with trade contracts.,Покупайте у торговцев кармы в регионах известности по всей Пустыне Хрусталя за торговые контракты.
Find trade contracts in chests and lost supplies.","Может содержать кусочки сыромятной или тонкой кожи.,
Покупайте у торговцев кармы в регионах известности по всей Пустыне Хрусталя за торговые контракты.,
Находите торговые контракты в сундуках и потерянных припасах."
"Can contain thick or hardened leather squares.,
Purchase from renown region karma merchants across the Crystal Desert with trade contracts.,Покупайте у торговцев кармы в регионах известности по всей Пустыне Хрусталя за торговые контракты.
Find trade contracts in chests and lost supplies.","Может содержать квадраты толстой или закаленной кожи.
Покупайте у торговцев кармы в регионах известности по всей Пустыне Хрусталя за торговые контракты.
Ищите торговые контракты в сундуках и потерянных припасах."
"Can contain totems, dust
Purchase from renown region karma merchants across the Crystal Desert with trade contracts.,Покупайте у торговцев кармы в регионах известности по всей Пустыне Хрусталя за торговые контракты.
Find trade contracts in chests and lost supplies.","Может содержать тотемы, пыль
Покупайте у торговцев кармы в регионах известности по всей Пустыне Хрусталя за торговые контракты.,Покупайте у торговцев кармы в регионах известности по всей Пустыне Хрусталя за торговые контракты.
Ищите торговые контракты в сундуках и потерянных припасах."
"Can contain venom sacs, fangs
Purchase from renown region karma merchants across the Crystal Desert with trade contracts.,Покупайте у торговцев кармы в регионах известности по всей Пустыне Хрусталя за торговые контракты.
Find trade contracts in chests and lost supplies.","Может содержать ядовитые мешки, клыки
Покупайте у торговцев кармы в регионах известности по всей Пустыне Хрусталя за торговые контракты.
Находите торговые контракты в сундуках и потерянных припасах."
"Can contain vials of blood, bone
Purchase from renown region karma merchants across the Crystal Desert with trade contracts.,Покупайте у торговцев кармы в регионах известности по всей Пустыне Хрусталя за торговые контракты.
Find trade contracts in chests and lost supplies.","Может содержать флаконы с кровью, кости
Покупайте у торговцев кармы в регионах известности по всей Пустыне Хрусталя за торговые контракты.
Ищите торговые контракты в сундуках и потерянных припасах."
"Can harvest Ancient, Elder
Gain snowflakes when gathering.","Можно добывать Древнее, Старческое
При сборе выпадают снежинки."
"Can harvest Orichalcum, Mithril
Gain snowflakes when gathering.","Позволяет добывать орихалк и мифрил
При сборе даёт снежинки."
Cannot be used in combat.,Нельзя использовать в бою.
Cannot be used in the Mystic Forge if transmuted.,"Нельзя использовать в Мистической кузнице, если предмет трансмутирован."
"Carrying this item increases the chance of Bandit Executioners attacking during a bounty hunt.""",Ношение этого предмета увеличивает шанс нападения Бандитов-Палачей во время охоты за головами.
"Celestial""","Небесный"""
"Cethis,
102 Tide X00I,
Strength","Сетис,
102 Прилив X00I,
Сила"
Champion of Tyria Outfit,Костюм чемпиона Тирии
Checked out by 5-Finger Fareem. Last seen being arrested for subversion.,Выдано Пятипалым Фаримом. Последний раз замечен при аресте за подрывную деятельность.
Checked out by Captain Barud. Last seen in the Corsair Flotilla.,Выдано капитаном Барудом. Последний раз замечен в Корсарской флотилии.
Checked out by Captain Sutekh. Last seen in the Great Hall.,Выдано капитаном Сутехом. Последний раз замечен в Большом зале.
Checked out by Junior Astrologist Hamia. Last seen in the Plains of Jarin.,Выдано: младший астролог Хамия. Последний раз замечена на Равнинах Джарина.
Checked out by Koss Dejarin of Kourna. Location unknown.,Выдано: Косс Дежарин из Курны. Местоположение неизвестно.
Checked out by Lord Azeem. Last seen in the Temple of Joko in Palawadan.,Выдано: лорд Азим. Последний раз замечен в Храме Джоко в Палавадане.
"Choose a piece of legendary armor to be placed in your Legendary Armory.""","Выберите часть легендарной брони для помещения в Легендарный арсенал".""
Collect this and return it to the Sanctuary.,Соберите это и верните в Святилище.
Collecting this will also provide bonus desert Mastery experience.,Сбор этого также даст бонусный опыт пустынного Мастерства.
"Combine 25 Tales of Adventure, a Gift of Bones
This item is acquired from the Klobjarne Geirr: Raid or Convergence Victories achievement.","Скомбинируйте 25 Сказаний о приключениях, Дар костей
Этот предмет получен за достижение «Клобьярне Гейрр: Победы в рейдах или конвергенциях»."
"Combine 250 Refined Metal, 250 Refined Wood
This item is purchased from Deft Lahar in your homestead.","Соедините 250 единиц очищенного металла и 250 единиц очищенной древесины.
Этот предмет можно приобрести у Дефта Лахара в вашем усадьбе."
"Combine a Gift of Adventure, a Gift of the Seas
Purchased from Visions of Eternity map vendors in exchange for:,
• 2 Vision Crystals,
• 55 Mystic Clovers,
• 100 Tales of Adventure,
• 500 Unusual Coins","Объедините Дар приключений, Дар морей
Приобретается у торговцев на картах «Видения вечности» в обмен на:
• 2 кристалла видений,
• 55 мистических клеверов,
• 100 сказов о приключениях,
• 500 необычных монет"
"Combine a Gift of Darkness, a Gift of Scales
A Gift of Titan Understanding can be purchased from the renown heart vendor in Mistburned Barrens or Ward Trader Sampaguita.","Соедините дар тьмы, дар чешуи.
Дар понимания титанов можно приобрести у торговца по симпатиям в Выжженных пустошах или у торговца Спайкампуаты."
"Combine a Gift of Embracing Refuge, a Gift of Condensed Might
Created in the Mystic Forge by combining:,
• 250 Refined Metal,
• 250 Refined Fiber,
• 250 Refined Wood,• 250 [очищенная древесина|очищенной древесины|очищенной древесины]
• 250 Shards of the Homestead","Соедините Дар объятий убежища и Дар сгущенной мощи
Создается в Мистической кузнице путем объединения:,
• 250 очищенного металла,
• 250 очищенного волокна,
• 250 очищенной древесины,• 250 очищенная древесина
• 250 осколков усадьбы"
"Combine a Gift of Gatherer of the Hunt, a Gift of Uncovered Grounds
Created in the Mystic Forge by combining:,
• 100 Mursaat Runestones,• 100 рунных камней мурсаатов
• 1 Gift of Lowland Shore,
• 1 Gift of Janthir Syntri,
• 1 Gift of the Ursus","Объедините Дар собирателя охоты и Дар обнаруженных земель
Создано в Мистической кузнице путем объединения:,
• 100 рунных камней мурсаатов,• 100 рунных камней мурсаатов
• 1 Дар низинного берега,
• 1 Дар Джантир Синтри,
• 1 Дар Урсуса"
"Combine a Gift of Gatherer of the Hunt, a Gift of Uncovered Grounds
Created in the Mystic Forge by combining:,
• 100 Sweet-Treated Pine Planks,
• 100 Neutralized Titan Alloys,
• 100 Shards of Lowland Shore,
• 100 Shards of Janthir Syntri","Соедините «Дар собирателя охоты», «Дар непокрытых земель».
Создаётся в Мистической кузнице путём объединения:
• 100 сладких обработанных сосновых досок,
• 100 нейтрализованных сплавов титана,
• 100 осколков низинного берега,
• 100 осколков Джантир Синтри"
"Combine a Gift of Infused Gems, a Gift of the Sun
Created by combining the following in the Mystic Forge:,
• 250 Obsidian Shards,
• 250 Beryl, Chrysocola
• 1 Bloodstone Shard,
• 100 Mystic Runestones","Объедините Дар инкрустированных самоцветов, Дар солнца
Создается путем объединения в Мистической кузнице:,
• 250 осколков обсидиана,
• 250 берилла, хризоколлы
• 1 осколок кровавого камня,
• 100 мистических рунных камней"
"Combine a Gift of Janthir Wilds, a Gift of the Homesteader
Created in the Mystic Forge by combining:,
• 1 Gift of Embracing Refuge,
• 1 Gift of Condensed Might,
• 1 Gift of Condensed Magic,
• 38 Mystic Clovers","Соедините Дар диких земель Джантира, Дар поселенца
Создается в Мистической кузнице путем объединения:,
• 1 Дар объятий убежища,
• 1 Дар сгущенной мощи,
• 1 Дар сгущенной магии,
• 38 Мистических клеверов"
"Combine a Gift of Janthir Wilds, a Gift of the Homesteader
Created in the Mystic Forge by combining:,
• 1 Gift of Gatherer of the Hunt,
• 1 Gift of Uncovered Grounds,• 1 [Дар|Дара|Даров] непокрытых земель
• 1 Gift of Expertise,
• 1 Bloodstone Shard","Объедините Дар Диких земель Янтира, Дар домовладельца
Создаётся в Мистической кузнице путём объединения:,
• 1 Дар охотника за добычей,
• 1 Дар непокрытых земель,
• 1 Дар мастерства,
• 1 Осколок кровавого камня"
"Combine a Gift of Rays, a Gift of the Survivors
Acquired by completing the Radiance of the Sun God achievement. Additional copies can be purchased from Shaman Palak in Shipwreck Strand.","Соедините Дар лучей и Дар выживших
Получено при выполнении достижения «Сияние Бога Солнца». Дополнительные копии можно приобрести у шаманалака в Бухте Кораблекрушений."
"Combine a Gift of Recollector of Memories, 100 Mystic Runestones
Created in the Mystic Forge by combining:,
• 25 Tales of Adventure ,• 25 рассказов о приключениях
• 1 Gift of Bones ,
'• 1 Memory of Bearkin''s Hunts',
'• 1 Memory of Bearkin''s Victories'","Объедините Дар Воспоминателя Воспоминаний, 100 мистических рун
Создаётся в Мистической кузнице путём объединения:,
• 25 Сказаний о приключениях ,• 25 рассказов о приключениях
• 1 Дар костей ,
'• 1 Воспоминание об охотах Медвежьего рода',
'• 1 Воспоминание о победах Медвежьего рода'"
"Combine a Gift of the Appetizer, a Gift of the Entrée
Created in the Mystic Forge by combining:,
• 200 Meaty Asparagus Skewers,
• 100 Bowls of Black Pepper Cactus Salad,
• 30 Mystic Clovers,
• 5 Fruits of the Shadow","Соедините Дар закуски и Дар основного блюда
Создаётся в Мистической кузнице объединением:,
• 200 мясных шашлычков со спаржей,
• 100 мисок салата из кактуса с чёрным перцем,
• 30 мистических клеверов,
• 5 плодов тени"
"Combine a Gift of the Appetizer, a Gift of the Entrée
Created in the Mystic Forge by combining:,
• 200 Plates of Orrian Steak Frittes,
• 100 Plates of Truffle Steak,
• 50 Plates of Spicy Herbed Chicken,
• 5 Fruits of the Shadow","Соедините Дар закуски и Дар основного блюда
Создаётся в Мистической кузнице объединением:,
• 200 тарелок оррианского стейка с картофелем фри,
• 100 тарелок стейка с трюфелями,
• 50 тарелок пряной курицы с травами,
• 5 плодов тени"
"Combine a Gift of the Beach, a Gift of the Sun
Created by combining the following in the Mystic Forge:,
• 250 Piles of Coarse Sand,
• 100 Ley-Infused Sands,
• 250 Coral Orbs,• 250 коралловых сфер
• 1 Relic of the Sunless","Объедините Дар Пляжа, Дар Солнца
Создаётся путём объединения в Мистической кузнице:
• 250 Куча Крупнозернистого Песка,
• 100 Песок с Наложением Магии Лей-Линий,
• 250 Коралловая Сфера,
• 250 коралловых сфер
• 1 Реликвия Беззвёздного"
"Combine a Gift of the Mistburned Isles, a Gift of Shadows
Created in the Mystic Forge by combining:,
• 1 Gift of Darkness,
• 1 Gift of Scales,
• 1 Gift of Titan Understanding,
• 1 Bloodstone Shard","Объедините Дар Туманоожжённых Островов, Дар Теней
Создаётся в Мистической кузнице путём объединения:,
• 1 Дар Тьмы,
• 1 Дар Чешуи,
• 1 Дар Понимания Титанов,
• 1 Осколок Кровавого Камня"
"Combine a Gift of the Mistburned Isles, a Gift of Shadows
Created in the Mystic Forge by combining:,
• 1 Gift of the Appetizer,• 1 Дар закуски
• 1 Gift of the Entrée,
• 1 Gift of the Side Course,
• 1 Gift of the Dessert","Объедините Дар Туманоожжённых островов, Дар Теней
Создаётся в Мистической кузнице путём объединения:,
• 1 Дар закуски,• 1 Дар закуски
• 1 Дар основного блюда,
• 1 Дар гарнира,
• 1 Дар десерта"
"Combine a Gift of the Mursaat Ruins, a Gift of Janthir Wanderlust
Created in the Mystic Forge by combining:,
• 1 Gift of Lowland Shore,
• 1 Gift of Janthir Syntri,
• 1 Gift of Mistburned Barrens,
• 1 Gift of Bava Nisos","Объедините дар руин Мурсаата, дар странствий Джантира
Создаётся в Мистической кузнице путём объединения:,
• 1 дара Низменного берега,
• 1 дара Джантир-Синтри,
• 1 дара Туманных пустошей,
• 1 дара Бава-Нисос"
"Combine a Gift of the Mursaat Ruins, a Gift of Janthir Wanderlust
Created in the Mystic Forge by combining:,
• 100 Vials of Titan Melted Liquid Obsidian,• 100 флаконов титанового расплавленного жидкого обсидиана
• 50 Mists Gate Residues,
• 100 Shards of Mistburned Barrens,
• 100 Shards of Bava Nisos","Объедините Дар руин Мурсаата, Дар странствий Джантира
Создаётся в Мистической кузнице путём объединения:
• 100 флаконов титанового расплавленного жидкого обсидиана
• 50 Остатков врат Туманов
• 100 Осколков выжженных туманом пустошей
• 100 Осколков Бава Нисос"
"Combine a Gift of the Seas, a Gift of Adventure
Purchased from Visions of Eternity map vendors in exchange for:,
• 1 Gift of the Tides,
• 2 Gifts of Research,
• 2 Gifts of Condensed Might,
• 2 Gifts of Condensed Magic","Соберите Дар морей, Дар приключений
Приобретается у торговцев карты «Видения вечности» в обмен на:,
• 1 Дар приливов,
• 2 Дара исследований,
• 2 Дара сгущенной мощи,
• 2 Дара сгущенной магии"
"Combine a Gift of the Sun, a Gift of the Beach
Created by combining the following in the Mystic Forge:,
• 2 Gifts of Light,
• 2 Gifts of Condensed Magic,
• 2 Gifts of Condensed Might,
• 250 Sun Beads","Объедините Дар Солнца и Дар Пляжа
Создаётся путём объединения следующего в Мистической кузнице:,
• 2 Дара Света,
• 2 Дара сгущённой магии,
• 2 Дара сгущённой мощи,
• 250 солнечных бусин"
"Combine a Gift of the Survivors, Gift of the People
Purchased from the Foothold Bivouac renown heart vendor in Starlit Weald in exchange for:,
• 1 Gift of the Tides,
• 1 Bloodstone Shard,
• 1 Gift of Research,
• 1 Gift of the Mists","Соедините «Дар выживших», «Дар народа»
Купить у торговца за сердечную признательность в лагере «Футхолд Бивуак» в Звёздной чаще в обмен на:
• 1 «Дар приливов»,
• 1 Осколок кровавого камня,
• 1 «Дар исследований»,
• 1 «Дар туманов»"
"Combine a Gift of the Survivors, a Gift of the People
Created by combining the following in the Mystic Forge:,
• A Gift of Adventure,
• A Gift of the Seas,
• A Bloodstone Shard,
• 250 Obsidian Shards","Объедините «Дар выживших», «Дар народа»
Создается путем комбинирования в Мистической кузнице:
• «Дара приключений»,
• «Дара морей»,
• Осколка кровавого камня,
• 250 обсидиановых осколков"
"Combine a Gift of the Survivors, a Gift of the People
Purchased from Magister Sirkk in Crumbling Precipice in Starlit Weald in exchange for:,
• 100 Mystic Clovers,
• 55 Amalgamated Draconic Lodestones,
• 4 Gifts of Condensed Might,
• 4 Gifts of Condensed Magic","Соедините Дар выживших, Дар народа
Куплено у Магистра Сиркка в Осыпающемся обрыве в Звёздной роще в обмен на:,
• 100 Мистических клеверов,
• 55 Объединённых драконьих камней-затравок,
• 4 Дара сгущённой мощи,
• 4 Дара сгущённой магии"
"Combine in the Mystic Forge a Gift of Sharpened Tip, a Gift of Metal
Remnants can be bought from renown heart vendors if you lost the items.,
Created in the Mystic Forge by combining:,
• 6 Deldrimor Steel Spear Heads,• 6 дельдриморских стальных наконечников копий
• 6 Large Spiritwood Hafts,
• 6 Vision Crystals,
'• 1 Memory of Bearkin''s Adversaries'","Соедините в Мистической кузнице Дар заостренного наконечника и Дар металла
Остатки можно купить у торговцев у сердец известности, если вы потеряли предметы.,
Создано в Мистической кузнице путем объединения:,
• 6 дельдриморских стальных наконечников копий,• 6 дельдриморских стальных наконечников копий
• 6 больших топорищ из духовной древесины,
• 6 кристаллов видения,
'• 1 Воспоминание о врагах Медвежьего рода'"
"Combine in the Mystic Forge with Meaty Plant Food, Bloodstone Dust
<c=@flavor>A crackling pile of elementally charged essence.</c>","Совместите в Мистической кузнице с Мясистой растительной пищей, Пылью кровавого камня
<c=@flavor>Потрескивающая куча заряженной элементальным зарядом сущности.</c>«"
"Combine in the Mystic Forge with Meaty Plant Food, Bloodstone Dust
<c=@flavor>This cool, clear mineral water from a sacred glacier could purify and nourish a magically growing plant.<c>","Соедините в Мистической кузнице с Мясной растительной пищей, Кровавой каменной пылью
<c=@flavor>Эта прохладная, прозрачная минеральная вода из священного ледника может очистить и напитать магически растущее растение.<c>"
"Combine in the Mystic Forge with Meaty Plant Food, Bloodstone Dust
<c=@flavor>This dust crackles and pops with magical energy.</c>","Совместите в Мистической кузнице с Мясистой растительной пищей, Пылью кровавого камня
<c=@flavor>Эта пыль потрескивает и искрится магической энергией.</c>"
"Combine in the Mystic Forge with Piquant Plant Food, Bloodstone Dust
<c=@flavor>A sticky pile of residue left behind by a powerful spirit.<c>","Объедините в Мистической кузнице с пряным растительным кормом, пылью кровавого камня
<c=@flavor>Липкая куча остатков, оставленная могущественным духом.<c>"
"Combine in the Mystic Forge with Piquant Plant Food, Bloodstone Dust
<c=@flavor>The Font of Rhand is known to be a very magical place.</c>","Соедините в Мистической кузнице с Пикантной растительной пищей, Пылью кровавого камня
<c=@flavor>Известно, что Источник Ранда — очень магическое место.</c>"
"Combine in the Mystic Forge with Piquant Plant Food, Bloodstone Dust
<c=@flavor>The waters of the Maguuma Jungle are famous for having inherent healing powers.</c>","Скомбинируйте в Таинственной кузне с Острой растительной пищей, Пылью кровавого камня
<c=@flavor>Воды джунглей Магуума славятся своими врождёнными целебными свойствами.</c>"
"Combine in the Mystic Forge with a Clay Pot, Bloodstone Dust
'<c=@flavor>It''s very difficult to focus your eyes on this stone. The space around it is rich with magical energy.<c>'","Соедините в Мистической кузнице с глиняным горшком, пылью кровавого камня
'<c=@flavor>Очень трудно сфокусировать взгляд на этом камне. Пространство вокруг него насыщено магической энергией.<c>'"
"Combine in the Mystic Forge with a Clay Pot, Bloodstone Dust
'<c=@flavor>This orb is clearly very powerful. It buzzes and warbles as if it can''t contain its mirth.</c>'","Объедините в Мистической кузнице с глиняным горшком, пылью кровавого камня
«<c=@flavor>Этот шар явно очень могущественен. Он гудит и трепещет, словно не может сдержать своего веселья.</c>»"
"Combine in the Mystic Forge with a Clay Pot, Bloodstone Dust
<c=@flavor>A stone taken from the Mists, steeped in its power.</c>","Скомбинируйте в Мистической кузнице с глиняным горшком, пылью кровавого камня
<c=@flavor>Камень, взятый из Туманов, пропитанный их силой.</c>"
"Combine in the Mystic Forge with a Grow Lamp, Bloodstone Bricks
<c=@flavor>A large and potent cluster of Foxfire.</c>","Скомбинируйте в Мистической кузнице с лампой роста, кирпичами из кровавого камня
<c=@flavor>Большой и мощный кластер лисьего огня.</c>"
"Combine in the Mystic Forge with a Grow Lamp, Bloodstone Bricks
<c=@flavor>Every crack in its container glows from the light within.</c>","Объедините в Мистической кузнице с лампой для роста, кровавыми каменными кирпичами
<c=@flavor>Каждая трещина в его контейнере светится изнутри.</c>"
"Combine in the Mystic Forge with a Heat Stone, Bloodstone Bricks
<c=@flavor>A steaming hot stone from the core of a powerful Destroyer.</c>","Объедините в Мистической кузнице с Камнем жара, Кирпичами из кровавого камня
<c=@flavor>Парящий горячий камень из ядра могущественного Разрушителя.</c>"
"Combine in the Mystic Forge with a Hero Weapon, Grandmaster Mark Shards
Combine in the Mystic Forge with 3 Salvaged Dredge Backpacks to create a Salvaged Dredge Inferno Backpack.","Объедините в Мистической кузнице с героическим оружием и осколками знака грандмастера.
Объедините в Мистической кузнице с 3 восстановленными рюкзаками дредноутов, чтобы создать восстановленный адский рюкзак дредноутов."
"Combine in the Mystic Forge with a Vial of Liquid Shadowstone, a Gift of Galdra
'Purchased from the renown heart vendor in Artificer''s Islet in Eternity''s Garden in exchange for:',Куплено у торговца за сердечную признательность на Островке ремесленника в Саду вечности в обмен на:
• 1 Shadowstone Orb,
• 1 Shadowstone Containment Frame,
• 1 Gift of Restoration,
• 200 Seer Runestones","Соедините в Мистической кузнице с Флаконом жидкого теневого камня, Даром Галдры
'Куплено у торговца за сердечную признательность на Островке ремесленника в Саду вечности в обмен на:',
• 1 Сфера теневого камня,
• 1 Каркас для удержания теневого камня,
• 1 Дар восстановления,
• 200 Рунических камней провидца"
"Combine in the Mystic Forge with a Vial of Liquid Shadowstone, a Gift of Shadowstones
'Purchased from renown heart vendor in Pilgrim''s Rest in Eternity''s Garden in exchange for:',
• 1 Gift of Research,
• 1 Preserved Eidolon Hide,
'• 1 Gift of Eternity''s Garden Exploration',
• 1 Gift of Regrowth","Соедините в Мистической кузнице с флаконом жидкого теневого камня и Даром теневых камней
Покупается у торговца сердца известности в Приюте Пилигрима в Саду Вечности в обмен на:,
• 1 Дар исследования,
• 1 сохранённая шкура эйдолона,
• 1 Дар исследования Сада Вечности,
• 1 Дар возрождения"
"Combine this item in the Mystic Forge with:
• 1 Gift of Galdra
• 1 Gift of Shadowstones
• 1 Mystic Tribute</c>","Соедините этот предмет в Мистической кузнице с:
• 1 Gift of Galdra
• 1 Gift of Shadowstones
• 1 Mystic Tribute</c>"
Combine this weapon in the Mystic Forge with:,Соедините это оружие в Мистической кузнице с:
"Combine this weapon in the Mystic Forge with:
• 1 Gift of Bolt
• 1 Gift of Mastery
• 1 Gift of Fortune</c>","Соедините это оружие в Мистической кузнице с:
• 1 Gift of Bolt
• 1 Gift of Mastery
• 1 Gift of Fortune</c>"
"Combine this weapon in the Mystic Forge with:
• 1 Gift of Frenzy
• 1 Gift of Mastery
• 1 Gift of Fortune</c>","Соедините это оружие в Мистической кузнице с:
• 1 Gift of Frenzy
• 1 Gift of Mastery
• 1 Gift of Fortune</c>"
"Combine this weapon in the Mystic Forge with:
• 1 Gift of Frostfang
• 1 Gift of Mastery
• 1 Gift of Fortune</c>","Соедините это оружие в Мистической кузнице с:
• 1 Gift of Frostfang
• 1 Gift of Mastery
• 1 Gift of Fortune</c>"
"Combine this weapon in the Mystic Forge with:
• 1 Gift of Howler
• 1 Gift of Mastery
• 1 Gift of Fortune</c>","Соедините это оружие в Мистической кузнице с:
• 1 Gift of Howler
• 1 Gift of Mastery
• 1 Gift of Fortune</c>"
"Combine this weapon in the Mystic Forge with:
• 1 Gift of Incinerator
• 1 Gift of Mastery
• 1 Gift of Fortune</c>","Соедините это оружие в Мистической кузнице с:
• 1 Gift of Incinerator
• 1 Gift of Mastery
• 1 Gift of Fortune</c>"
"Combine this weapon in the Mystic Forge with:
• 1 Gift of Janthir Wilds
• 1 Gift of the Homesteader
• 1 Gift of Klobjarne Geirr</c>","Соедините это оружие в Мистической кузнице с:
• 1 Gift of Janthir Wilds
• 1 Gift of the Homesteader
• 1 Gift of Klobjarne Geirr</c>"
"Combine this weapon in the Mystic Forge with:
• 1 Gift of Kamohoali'i Kotaki
• 1 Gift of Mastery
• 1 Gift of Fortune</c>","Соедините это оружие в Мистической кузнице с:
• 1 Gift of Kamohoali'i Kotaki
• 1 Gift of Mastery
• 1 Gift of Fortune</c>"
"Combine this weapon in the Mystic Forge with:
• 1 Gift of Kraitkin
• 1 Gift of Mastery
• 1 Gift of Fortune</c>","Соедините это оружие в Мистической кузнице с:
• 1 Gift of Kraitkin
• 1 Gift of Mastery
• 1 Gift of Fortune</c>"
"Combine this weapon in the Mystic Forge with:
• 1 Gift of Kudzu
• 1 Gift of Mastery
• 1 Gift of Fortune</c>","Соедините это оружие в Мистической кузнице с:
• 1 Gift of Kudzu
• 1 Gift of Mastery
• 1 Gift of Fortune</c>"
"Combine this weapon in the Mystic Forge with:
• 1 Gift of Meteorlogicus
• 1 Gift of Mastery
• 1 Gift of Fortune</c>","Соедините это оружие в Мистической кузнице с:
• 1 Gift of Meteorlogicus
• 1 Gift of Mastery
• 1 Gift of Fortune</c>"
"Combine this weapon in the Mystic Forge with:
• 1 Gift of Quip
• 1 Gift of Mastery
• 1 Gift of Fortune</c>","Соедините это оружие в Мистической кузнице с:
• 1 Gift of Quip
• 1 Gift of Mastery
• 1 Gift of Fortune</c>"
"Combine this weapon in the Mystic Forge with:
• 1 Gift of Rodgort
• 1 Gift of Mastery
• 1 Gift of Fortune</c>","Соедините это оружие в Мистической кузнице с:
• 1 Gift of Rodgort
• 1 Gift of Mastery
• 1 Gift of Fortune</c>"
"Combine this weapon in the Mystic Forge with:
• 1 Gift of Sunrise
• 1 Gift of Mastery
• 1 Gift of Fortune</c>","Соедините это оружие в Мистической кузнице с:
• 1 Gift of Sunrise
• 1 Gift of Mastery
• 1 Gift of Fortune</c>"
"Combine this weapon in the Mystic Forge with:
• 1 Gift of The Bifrost
• 1 Gift of Mastery
• 1 Gift of Fortune</c>","Соедините это оружие в Мистической кузнице с:
• 1 Gift of The Bifrost
• 1 Gift of Mastery
• 1 Gift of Fortune</c>"
"Combine this weapon in the Mystic Forge with:
• 1 Gift of The Dreamer
• 1 Gift of Mastery
• 1 Gift of Fortune</c>","Соедините это оружие в Мистической кузнице с:
• 1 Gift of The Dreamer
• 1 Gift of Mastery
• 1 Gift of Fortune</c>"
"Combine this weapon in the Mystic Forge with:
• 1 Gift of The Flameseeker Prophecies
• 1 Gift of Mastery
• 1 Gift of Fortune</c>","Соедините это оружие в Мистической кузнице с:
• 1 Gift of The Flameseeker Prophecies
• 1 Gift of Mastery
• 1 Gift of Fortune</c>"
"Combine this weapon in the Mystic Forge with:
• 1 Gift of The Juggernaut
• 1 Gift of Mastery
• 1 Gift of Fortune</c>","Соедините это оружие в Мистической кузнице с:
• 1 Gift of The Juggernaut
• 1 Gift of Mastery
• 1 Gift of Fortune</c>"
"Combine this weapon in the Mystic Forge with:
• 1 Gift of The Minstrel
• 1 Gift of Mastery
• 1 Gift of Fortune</c>","Соедините это оружие в Мистической кузнице с:
• 1 Gift of The Minstrel
• 1 Gift of Mastery
• 1 Gift of Fortune</c>"
"Combine this weapon in the Mystic Forge with:
• 1 Gift of The Moot
• 1 Gift of Mastery
• 1 Gift of Fortune</c>","Соедините это оружие в Мистической кузнице с:
• 1 Gift of The Moot
• 1 Gift of Mastery
• 1 Gift of Fortune</c>"
"Combine this weapon in the Mystic Forge with:
• 1 Gift of The Predator
• 1 Gift of Mastery
• 1 Gift of Fortune</c>","Соедините это оружие в Мистической кузнице с:
• 1 Gift of The Predator
• 1 Gift of Mastery
• 1 Gift of Fortune</c>"
"Combine this weapon in the Mystic Forge with:
• 1 Gift of Twilight
• 1 Gift of Mastery
• 1 Gift of Fortune</c>","Соедините это оружие в Мистической кузнице с:
• 1 Gift of Twilight
• 1 Gift of Mastery
• 1 Gift of Fortune</c>"
"Components may require Guild Wars 2: Heart of Thorns.""","Компоненты могут требовать Guild Wars 2: Сердце Терний".""
"Consult your druid before use.""","Проконсультируйтесь со своим друидом перед использованием".""
"Consumed automatically when acquired. Grants a small amount of volatile magic.
Traditional Olmakhan song. <c=@flavor>""We sing her to rest,' in Nature''s arms...""</c>'","Потребляется автоматически при получении. Даёт небольшое количество нестабильной магии.
Традиционная песня олмакханов. <c=@flavor>«Мы поём ей покой в объятиях Природы...»</c>"
"Consuming this will replace your current nutrition effect.,
<c=@flavor>""For the millionth time, there are no culinary applications for bloodstone dust. None.""
—Chef Robertus</c>","Потребление заменит текущий эффект питания.,
<c=@flavor>«В миллионный раз повторяю: пыль кровавого камня не имеет кулинарного применения. Никакого».
—Шеф-повар Робертус</c>"
Consuming this will unlock one random armor skin in your wardrobe that you do not already have.,"При потреблении открывается один случайный образец брони в вашем гардеробе, которого у вас ещё нет."
Consuming this will unlock one random dye color in your wardrobe that you do not already have.,"При потреблении открывается один случайный цвет красителя в вашем гардеробе, которого у вас ещё нет."
Consuming this will unlock one random weapon skin in your wardrobe that you do not already have.,"При потреблении открывается один случайный образец оружия в вашем гардеробе, которого у вас ещё нет."
"Contains 1 of each of these miniatures:,
• Mini Amber Great Jungle Wurm,
• Mini Crimson Great Jungle Wurm,
• Mini Cobalt Great Jungle Wurm,• Мини-кобальтовый великий джунглевый червь
Each mini can be activated from your inventory to follow you around the world.","Содержит по 1 каждой из этих миниатюр:,
• Мини-янтарный великий джунглевый червь,
• Мини-малиновый великий джунглевый червь,
• Мини-кобальтовый великий джунглевый червь,• Мини-кобальтовый великий джунглевый червь
Каждую миниатюру можно активировать из инвентаря, чтобы она следовала за вами по миру."
"Contains 1 of each of these minis:
• Mini Toxic Warlock
• Mini Molten Berserker
• Mini Aetherblade Admiral","Содержит по 1 каждой из этих миниатюр:
• Миниатюра Токсичного колдуна
• Миниатюра Бешеного берсерка из расплавленной стали
• Миниатюра Адмирала Эфирного клинка"
"Contains 100 assorted pieces of ore and wood.""",Содержит 100 различных кусков руды и древесины.
Contains 100 assorted venom sacs.,Содержит 100 различных мешочков с ядом.
"Contains 5 Mocha of the Mists Coffee Pitchers and 1 Metabolic Primer.""","Содержит 5 кувшинов кофе «Мокка Туманного Предела» и 1 метаболический праймер".""
"Contains 5000 Karma.,
<c=@flavor>Thank you for all of your support over the years!</c>","Содержит 5000 кармы.,
<c=@flavor>Спасибо за вашу поддержку на протяжении многих лет!</c>"
Contains Pieces of Rare Unidentified Gear and a chest to pick your choice of items.,"Содержит части редкого неопознанного снаряжения и сундук, из которого можно выбрать предметы."
"Contains WvW Tournament Claim Tickets.,
Double-click to open.","Содержит билеты турнира Мир-Мир.,
Дважды щёлкните, чтобы открыть".
"Contains a Bloody Prince outfit, which is usable in combat
Outfits are full sets of clothing that hide other armor. This will not change individual armor pieces, and you will still receive your current armor stats.","Содержит наряд Кровавого принца, который можно использовать в бою.
Наряды — это полные комплекты одежды, скрывающие другую броню. Это не изменит отдельные части брони, и вы по-прежнему будете получать текущие характеристики брони."
Contains a Maguuma burl and a chest from which to pick your choice of items.,"Содержит магуумский наплыв и сундук, из которого можно выбрать предметы."
"Contains a Winter Outfit, which is usable in combat
Outfits are full sets of clothing that hide other armor. This will not change individual armor pieces, and you will still receive your current armor stats.","Содержит зимний наряд, который можно использовать в бою.
Наряды — это полные комплекты одежды, скрывающие другую броню. Это не изменит отдельные элементы брони, и вы по-прежнему будете получать свои текущие характеристики брони."
"Contains a chak weapon, dragonite ore
Contains a chest to pick your choice of items.","Содержит оружие чак, руду драконита
Содержит сундук, в котором можно выбрать предметы."
"Contains a vision crystal, rare gear
Contains a weapon from the Shiverpeaks.,Содержит оружие из Дрожащих Вершин.
Contains all recipes required to craft the ascended backpack Finite Result:","Содержит кристалл видения, редкое снаряжение
Содержит оружие из Дрожащих Вершин.
Содержит все рецепты, необходимые для создания заплечного ранца «Конечный результат»:"
Contains an Amalgamated Rift Essence and a Mystic Clover.,Содержит объединенную эссенцию разлома и мистический клевер.
"Contains an Executioner Outfit, which is usable in combat
Outfits are full sets of clothing that hide other armor. This will not change individual armor pieces, and you will still receive your current armor stats.","Содержит наряд палача, который можно использовать в бою
Наряды — это полные комплекты одежды, скрывающие другую броню. Это не изменит отдельные части брони, и вы по-прежнему будете получать текущие характеристики брони."
"Contains dragonite ore.,Содержит драконью руду.",Содержит драконью руду.
Contains every Oracle Card collected.,Содержит все собранные карты Оракула.
"Contains loot useful in exploring Auric Basin.,'«Содержит добычу, полезную при исследовании Золотой Чаши.'
Double-click to open.","Содержит добычу, полезную при исследовании Золотой Чаши.
Дважды щёлкните, чтобы открыть".
Contains loot useful in exploring Verdant Brink.,"Содержит добычу, полезную для исследования Зелёного Уступа."
"Contains obsidian shards.,
Double-click to open.","Содержит осколки обсидиана.,
Дважды щёлкните, чтобы открыть".
"Contains one of 25 random colors reminiscent of the good dragon, Glint. Includes the possibility of six exclusive winter colors created in honor of her struggle against Kralkatorrik.","Содержит один из 25 случайных цветов, напоминающих доброго дракона Глинта. Включает возможность выпадения шести эксклюзивных зимних цветов, созданных в честь её борьбы против Кралькаторрика."
Contains one random armor dye from a pool of 25 colors that includes 10 exclusive colors.,"Содержит один случайный краситель брони из набора 25 цветов, включающего 10 эксклюзивных цветов."
Contains one random armor dye from a pool of 25 colors that includes nine exclusive new shades of blue.,"Содержит один случайный краситель брони из набора 25 цветов, включающего девять эксклюзивных новых оттенков синего."
"Contains one random exclusive, rare
<c=#FFC957>All dyes have an equal chance to drop.</c>","Содержит один случайный эксклюзивный редкий предмет
<c=#FFC957>Все красители имеют равные шансы выпадения.</c>"
"Contains only one-handed weapons.""",Содержит только одноручное оружие.
"Contains only two-handed weapons.""","Содержит только двуручное оружие".""
"Contains random loot.,Содержит случайную добычу.","Содержит случайную добычу.,Содержит случайную добычу."
Contains various historical accounts from Shing Jea Island.,Содержит различные исторические записи с острова Шинг Джи.
Contains various stories from Drizzlewood Coast.,Содержит различные истории с побережья Морось-Лес.
"Contains your choice of an account-bound Skyscale weapon skin. Double-click to choose a reward.,'«Содержит на выбор один из связанных с учётной записью скинов оружия скайскилла. Дважды щёлкните, чтобы выбрать награду.'
'<c=@flavor>""Now you don''t have to wait for that one skin you need. I love that for you.""</c>'","Содержит на выбор один из связанных с учётной записью обликов оружия скайскилла. Дважды щёлкните, чтобы выбрать награду.
<c=@flavor>«Теперь вам не нужно ждать тот самый облик, который вам нужен. Мне это нравится».</c>"
"Contains: ,
• Mini Awakened Raptor,
• Mini Awakened Skimmer,
• Mini Awakened Springer,
• Mini Awakened Jackal,
• Mini Awakened Griffon","Содержит: ,
• Мини-пробуждённый раптор,
• Мини-пробуждённый скиммер,
• Мини-пробуждённый спрингер,
• Мини-пробуждённый шакал,
• Мини-пробуждённый грифон"
"Contains: ,
• Mini Branded Raptor,
• Mini Branded Skimmer,
• Mini Branded Springer,
• Mini Branded Jackal,
• Mini Branded Griffon","Содержит: ,
• Мини-брендовый раптор,
• Мини-брендовый скиммер,
• Мини-брендовый спрингер,
• Мини-брендовый шакал,
• Мини-брендовый грифон"
"Contains: ,
• Mini Exo-Suit Raptor,
• Mini Exo-Suit Skimmer,
• Mini Exo-Suit Springer,
• Mini Exo-Suit Jackal,
• Mini Exo-Suit Griffon","Содержит: ,
• Мини-раптор в экзокостюме,
• Мини-скиммер в экзокостюме,
• Мини-спрингер в экзокостюме,
• Мини-шакал в экзокостюме,
• Мини-грифон в экзокостюме"
"Contains: ,
• Mini Snow Owl,
• Mini Hawk,• [Мини-ястреб|Мини-ястреба|Мини-ястребов]
• Mini Raven","Содержит: ,
• Мини-снежная сова,
• Мини-ястреб,• Мини-ястреб
• Мини-ворон"
"Contains: ,
• Mini Spooky Raptor,
• Mini Spooky Skimmer,
• Mini Spooky Springer,
• Mini Spooky Jackal,
• Mini Spooky Griffon","Содержит: ,
• Мини-жуткий раптор,
• Мини-жуткий скиммер,
• Мини-жуткий спрингер,
• Мини-жуткий шакал,
• Мини-жуткий грифон"
"Contains:,«Содержит:
• Mini Black Bear Cub,
• Mini Hippo Calf,
• Mini White Kitten,
• Mini Lion Cub,
• Mini Moa Chick","Содержит:,«Содержит:
• Детёныш чёрного медведя (мини),
• Детёныш бегемота (мини),
• Белый котёнок (мини),
• Детёныш льва (мини),
• Цыплёнок моа (мини)"
Convergence Mastery,Мастерство Схождения
Craft six Dragonsblood weapons.,Создайте шесть оружия из драконьей крови.
"Created by imbuing a Superior Rune of Scavenging at the Tamini Place of Power in Queensdale.,«Создано путём вливания высшей руны мародёрства в Месте силы Тамини в Квинсдейле.
This item only has value as part of a collection.","Создано путём вливания высшей руны мародёрства в Месте силы Тамини в Квинсдейле.,«Создано путём вливания высшей руны мародёрства в Месте силы Тамини в Квинсдейле.
Этот предмет имеет ценность только как часть коллекции."
"Created by imbuing a pair of dragonfly-wing earrings, purchased from Cook Huelic in Metrica Province
This item only has value as part of a collection.","Создано путём инкрустации пары серёжек из крыльев стрекозы, купленных у повара Хуэлика в Метрике.
Этот предмет ценен только как часть коллекции."
Created in the Mystic Forge by combining:,Создано в Мистической кузнице путём соединения:
"Created in the Mystic Forge by combining:,Создано в Таинственной кузнице путем объединения:",Создано в Мистической кузнице путём объединения:
"Crystalline formations of dragon magic, veined with blue.
Emissaries in the Eye of the North have interest in these.,
Obtained from Priority Strikes or by combining shards.","Кристаллические образования драконьей магии, пронизанные голубым.
Эмиссары в Оке Севера заинтересованы в них.,
Получено из приоритетных ударов или комбинированием осколков."
"Daytona Jaque,
982 Bloom 0XX1,
Unsworn","Дейтона Джак,
982 Блум 0XX1,
Неприсягнувший"
"Deliver to the Castaway Vice Chief.,
Task Item","Доставить вице-главарю изгоев.,
Предмет задания"
"Discreetly bring this to Agent Cavus while investigating the warehouse near Vehtendi Academy.,
Event Item","Незаметно отнесите это агенту Кавусу во время расследования склада рядом с Академией Вехтенди.,
Предмет события"
Double-click from inventory to read.,"Дважды щёлкните, чтобы прочитать."
"Double-click from inventory to read.""","Дважды щёлкните в инвентаре, чтобы прочитать".""
"Double-click to access your tiger den.""","Дважды щёлкните, чтобы войти в своё логово тигра".""
Double-click to acquire the account-bound forms of Ancora.,"Дважды щёлкните, чтобы получить привязанные к учётной записи формы Анкоры."
"Double-click to activate a single-use firework.,
Cannot be used in WvW.,Нельзя использовать в WvW.
Grants 2 stacks of a small bonus to experience from all sources when activated.","Дважды щёлкните, чтобы активировать одноразовый фейерверк.,
Нельзя использовать в WvW.,Нельзя использовать в WvW.
При активации даёт 2 стака небольшого бонуса к опыту из всех источников."
Double-click to add an extra Fashion Template tab to this account. Each account can unlock up to 7 additional Fashion Template tabs.,"Дважды щёлкните, чтобы добавить дополнительную вкладку шаблонов моды на эту учётную запись. Каждая учётная запись может открыть до 7 дополнительных вкладок шаблонов моды."
Double-click to add to wardrobe. (This item is account bound and cannot be sold.),"Дважды щёлкните, чтобы добавить в гардероб. (Этот предмет привязан к учётной записи и не может быть продан.)"
"Double-click to apply this look to any other axe. This will also unlock this skin for your wardrobe.,'«Дважды щелкните, чтобы применить этот вид к другому топору. Это также откроет этот скин в вашем гардеробе.»'
<c=@flavor>Legend says that only the most dedicated smith could withstand the elements for the decade it took to craft this axe and its rival.</c>","Дважды щёлкните, чтобы применить этот облик к другому топору. Это также откроет этот облик в вашем гардеробе.
<c=@flavor>Легенда гласит, что только самый преданный кузнец мог выдержать стихии на протяжении десятилетия, потребовавшегося для ковки этого топора и его соперника.</c>"
"Double-click to apply this look to any other axe. This will also unlock this skin for your wardrobe.,'«Дважды щелкните, чтобы применить этот вид к другому топору. Это также откроет этот скин в вашем гардеробе.»'
<c=@flavor>Long ago, heroes would bring proof of their exploits to the Battle Isles in hopes of claiming one of these weapons.</c>","Дважды щёлкните, чтобы применить этот вид к другому топору. Это также откроет этот облик в вашем гардеробе.,'«Дважды щёлкните, чтобы применить этот вид к другому топору. Это также откроет этот облик в вашем гардеробе».'
<c=@flavor>Давным-давно герои приносили доказательства своих подвигов на Боевые острова в надежде получить одно из этого оружия.</c>"
"Double-click to apply this look to any other focus. This skin will be unlocked in your wardrobe for future use.,'«Дважды щелкните, чтобы применить этот облик к другому фокусу. Этот облик будет разблокирован в вашем гардеробе для последующего использования.»'
<c=@flavor>The goddess teaches that the appearance of power has a power all its own.</c>","Дважды щёлкните, чтобы применить этот облик к другому фокусу. Этот облик будет разблокирован в вашем гардеробе для последующего использования.,'«Дважды щёлкните, чтобы применить этот облик к другому фокусу. Этот облик будет разблокирован в вашем гардеробе для последующего использования».'
<c=@flavor>Богиня учит, что видимость силы обладает собственной силой.</c>"
"Double-click to apply this look to any other focus. This skin will be unlocked in your wardrobe for future use.,'«Дважды щелкните, чтобы применить этот облик к другому фокусу. Этот облик будет разблокирован в вашем гардеробе для последующего использования.»'
<c=@flavor>This artifact was recovered from deep within the Zaishen vaults in the Battle Isles.</c>","Дважды щёлкните, чтобы применить этот облик к другому фокусу. Этот облик будет разблокирован в вашем гардеробе для последующего использования.,'«Дважды щёлкните, чтобы применить этот облик к другому фокусу. Этот облик будет разблокирован в вашем гардеробе для последующего использования».'
<c=@flavor>Этот артефакт был извлечен из глубин хранилищ Зайшена на Боевых островах.</c>"
"Double-click to apply this look to any other hammer.,
<c=@flavor>""Normal choya are vicious, but give these guys an extra three feet of height and reach
Double-click to apply this look to any other hammer. Additional copies of this item are available from the achievements panel.,'Дважды щёлкните, чтобы применить этот облик к другому молоту. Дополнительные копии этого предмета доступны на панели достижений.'
Double-click to apply this look to any other hammer. Unlocks the ability to purchase the Restored Boreal Hammer Recipe.,'Дважды щелкните, чтобы применить этот облик к любому другому молоту. Открывает возможность приобрести рецепт восстановленного борейского молота.'
Double-click to apply this look to any other harpoon gun.,'Дважды щелкните, чтобы применить этот облик к любому другому гарпунному ружью.'
Double-click to apply this look to any other harpoon gun. Additional copies of this item are available from the achievements panel.,'Дважды щелкните, чтобы применить этот облик к любому другому гарпунному ружью. Дополнительные копии этого предмета доступны на панели достижений.'
Double-click to apply this look to any other harpoon.,'Дважды щелкните, чтобы применить этот облик к любому другому гарпуну.'
Double-click to apply this look to any other headgear. Additional copies of this item are available from the achievements panel.,'Дважды щелкните, чтобы применить этот облик к любому другому головному убору. Дополнительные копии этого предмета доступны на панели достижений.'
Double-click to apply this look to any other heavy armor.,'Дважды щелкните, чтобы применить этот облик к любой другой тяжелой броне.'
Double-click to apply this look to any other heavy boots.,'Дважды щелкните, чтобы применить этот облик к любым другим тяжелым сапогам.'
Double-click to apply this look to any other heavy coats.,'Дважды щелкните, чтобы применить этот облик к любой другой тяжелой куртке.'
Double-click to apply this look to any other heavy footwear.,'Дважды щелкните, чтобы применить этот облик к любой другой тяжелой обуви.'
Double-click to apply this look to any other heavy gloves.,'Дважды щелкните, чтобы применить этот облик к любым другим тяжелым перчаткам.'
Double-click to apply this look to any other heavy gloves. Additional copies of this item are available from the achievements panel.,'Дважды щелкните, чтобы применить этот облик к любым другим тяжелым перчаткам. Дополнительные копии этого предмета доступны на панели достижений.'
Double-click to apply this look to any other heavy headgear.,'Дважды щелкните, чтобы применить этот облик к любому другому тяжелому головному убору.'
Double-click to apply this look to any other heavy helm.,'Дважды щелкните, чтобы применить этот облик к любому другому тяжелому шлему.'
Double-click to apply this look to any other heavy helmet.,'Дважды щелкните, чтобы применить этот облик к любому другому тяжелому шлему.'
Double-click to apply this look to any other heavy leggings.,'Дважды щелкните, чтобы применить этот облик к любым другим тяжелым поножам.'
Double-click to apply this look to any other heavy legwear.,'Дважды щелкните, чтобы применить этот вид к любой другой тяжелой поножам.'
Double-click to apply this look to any other heavy shoulders.,'Дважды щелкните, чтобы применить этот вид к любым другим тяжелым наплечникам.'
Double-click to apply this look to any other helmet.,'Дважды щелкните, чтобы применить этот вид к любому другому шлему.'
Double-click to apply this look to any other helmet. This skin will be unlocked in your wardrobe for future use.,'Дважды щелкните, чтобы применить этот вид к любому другому шлему. Этот облик будет разблокирован в вашем гардеробе для дальнейшего использования.'
Double-click to apply this look to any other helmet. This skin will be unlocked in your wardrobe for future use.","Дважды щёлкните, чтобы применить этот облик к любому другому молоту.,
<c=@flavor>""Обычные чойа жестоки, но дайте этим парням лишние три фута роста и досягаемости
Дважды щёлкните, чтобы применить этот облик к любому другому молоту. Дополнительные копии этого предмета доступны на панели достижений.,'Дважды щёлкните, чтобы применить этот облик к другому молоту. Дополнительные копии этого предмета доступны на панели достижений.'
Дважды щёлкните, чтобы применить этот облик к любому другому молоту. Открывает возможность приобрести рецепт восстановленного борейского молота.,'Дважды щёлкните, чтобы применить этот облик к любому другому молоту. Открывает возможность приобрести рецепт восстановленного борейского молота.'
Дважды щёлкните, чтобы применить этот облик к любому другому гарпунному ружью.,'Дважды щёлкните, чтобы применить этот облик к любому другому гарпунному ружью.'
Дважды щёлкните, чтобы применить этот облик к любому другому гарпунному ружью. Дополнительные копии этого предмета доступны на панели достижений.,'Дважды щёлкните, чтобы применить этот облик к любому другому гарпунному ружью. Дополнительные копии этого предмета доступны на панели достижений.'
Дважды щёлкните, чтобы применить этот облик к любому другому гарпуну.,'Дважды щёлкните, чтобы применить этот облик к любому другому гарпуну.'
Дважды щёлкните, чтобы применить этот облик к любому другому головному убору. Дополнительные копии этого предмета доступны на панели достижений.,'Дважды щёлкните, чтобы применить этот облик к любому другому головному убору. Дополнительные копии этого предмета доступны на панели достижений.'
Дважды щёлкните, чтобы применить этот облик к любой другой тяжёлой броне.,'Дважды щёлкните, чтобы применить этот облик к любой другой тяжёлой броне.'
Дважды щёлкните, чтобы применить этот облик к любым другим тяжёлым сапогам.,'Дважды щёлкните, чтобы применить этот облик к любым другим тяжёлым сапогам.'
Дважды щёлкните, чтобы применить этот облик к любой другой тяжёлой куртке.,'Дважды щёлкните, чтобы применить этот облик к любой другой тяжёлой куртке.'
Дважды щёлкните, чтобы применить этот облик к любой другой тяжёлой обуви.,'Дважды щёлкните, чтобы применить этот облик к любой другой тяжёлой обуви.'
Дважды щёлкните, чтобы применить этот облик к любым другим тяжёлым перчаткам.,'Дважды щёлкните, чтобы применить этот облик к любым другим тяжёлым перчаткам.'
Дважды щёлкните, чтобы применить этот облик к любым другим тяжёлым перчаткам. Дополнительные копии этого предмета доступны на панели достижений.,'Дважды щёлкните, чтобы применить этот облик к любым другим тяжёлым перчаткам. Дополнительные копии этого предмета доступны на панели достижений.'
Дважды щёлкните, чтобы применить этот облик к любому другому тяжёлому головному убору.,'Дважды щёлкните, чтобы применить этот облик к любому другому тяжёлому головному убору.'
Дважды щёлкните, чтобы применить этот облик к любому другому тяжёлому шлему.,'Дважды щёлкните, чтобы применить этот облик к любому другому тяжёлому шлему.'
Дважды щёлкните, чтобы применить этот облик к любому другому тяжёлому шлему.,'Дважды щёлкните, чтобы применить этот облик к любому другому тяжёлому шлему.'
Дважды щёлкните, чтобы применить этот облик к любым другим тяжёлым поножам.,'Дважды щёлкните, чтобы применить этот облик к любым другим тяжёлым поножам.'
Дважды щёлкните, чтобы применить этот вид к любой другой тяжёлой поножам.,'Дважды щёлкните, чтобы применить этот вид к любой другой тяжёлой поножам.'
Дважды щёлкните, чтобы применить этот вид к любым другим тяжёлым наплечникам.,'Дважды щёлкните, чтобы применить этот вид к любым другим тяжёлым наплечникам.'
Дважды щёлкните, чтобы применить этот вид к любому другому шлему.,'Дважды щёлкните, чтобы применить этот вид к любому другому шлему.'
Дважды щёлкните, чтобы применить этот вид к любому другому шлему. Этот облик будет разблокирован в вашем гардеробе для дальнейшего использования.,'Дважды щёлкните, чтобы применить этот вид к любому другому шлему. Этот облик будет разблокирован в вашем гардеробе для дальнейшего использования.'
Дважды щёлкните, чтобы применить этот облик к любому другому шлему. Этот облик будет разблокирован в вашем гардеробе для дальнейшего использования."
"Double-click to apply this look to any other staff. This will also unlock this skin for your wardrobe.,'«Дважды щёлкните, чтобы применить этот облик к любому другому посоху. Это также разблокирует этот скин в вашем гардеробе.'
<c=@flavor>It is said that this staff was carried by Heleyne, one of the Envoys that served as shepherds of souls into the Mists.</c>","Дважды щёлкните, чтобы применить этот облик к любому другому посоху. Это также разблокирует этот облик в вашем гардеробе.
<c=@flavor>Говорят, что этот посох носила Хелейн, одна из Посланников, служивших пастырями душ в Туман.</c>"
"Double-click to apply to a piece of armor.""","Дважды щёлкните, чтобы применить к элементу брони".""
"Double-click to apply to a weapon.""","Дважды щёлкните, чтобы применить к оружию".""
"Double-click to apply to an accessory, amulet
Double-click to apply to an item with an unused upgrade slot.,'Дважды щелкните, чтобы применить к предмету с неиспользуемым слотом улучшения.'
Double-click to apply to an unused aquatic headgear infusion slot.,'Дважды щелкните, чтобы применить к неиспользуемому слоту инфузии для подводного головного убора.'
Double-click to apply to an unused aquatic headgear infusion slot.","Дважды щёлкните, чтобы применить к аксессуару, амулету
Дважды щёлкните, чтобы применить к предмету с неиспользуемым слотом улучшения.
Дважды щёлкните, чтобы применить к неиспользуемому слоту инфузии для подводного головного убора.
Дважды щёлкните, чтобы применить к неиспользуемому слоту инфузии для подводного головного убора."
"Double-click to apply to an unused infusion slot. ,
<c=@Flavor>Warning: Not a toy. The provider is not liable for injury, distress
Double-click to apply to an unused infusion slot. Adds a comforting hum.,'Дважды щелкните, чтобы применить к пустому слоту инфузии. Добавляет успокаивающее гудение.'
Double-click to apply to an unused infusion slot. Adds a feline hue.,'Дважды щелкните, чтобы применить к пустому слоту инфузии. Добавляет кошачий оттенок.'
Double-click to apply to an unused infusion slot. Adds a festive confetti explosion.,'Дважды щелкните, чтобы применить к пустому слоту инфузии. Добавляет праздничный взрыв конфетти.'
Double-click to apply to an unused infusion slot. Adds a festive glow.","Дважды щёлкните, чтобы применить к пустому слоту инфузии. ,
<c=@Flavor>Предупреждение: не игрушка. Производитель не несёт ответственности за травмы, расстройства
Дважды щёлкните, чтобы применить к пустому слоту инфузии. Добавляет успокаивающее гудение.,'Дважды щёлкните, чтобы применить к пустому слоту инфузии. Добавляет успокаивающее гудение.'
Дважды щёлкните, чтобы применить к пустому слоту инфузии. Добавляет кошачий оттенок.,'Дважды щёлкните, чтобы применить к пустому слоту инфузии. Добавляет кошачий оттенок.'
Дважды щёлкните, чтобы применить к пустому слоту инфузии. Добавляет праздничный взрыв конфетти.,'Дважды щёлкните, чтобы применить к пустому слоту инфузии. Добавляет праздничный взрыв конфетти.'
Дважды щёлкните, чтобы применить к пустому слоту инфузии. Добавляет праздничное свечение."
Double-click to bind this glyph to your account.,"Дважды щёлкните, чтобы привязать этот глиф к вашей учётной записи."
"Double-click to bind this glyph to your account.,
33% chance to complete gathering instantly.","Дважды щёлкните, чтобы привязать этот глиф к вашей учётной записи.,
33% шанс мгновенно завершить сбор."
"Double-click to bind this glyph to your account.,
Applies the Overload special action skill when fully charged, which grants +100% chance of extra gathering strikes for a limited time. Gather from resource nodes to build charges. Harvesting nodes consume additional charges.","Дважды щёлкните, чтобы привязать этот глиф к учётной записи.,
При полной зарядке активирует особое умение действия «Перегрузка», дающее +100% к шансу дополнительных ударов при сборе на ограниченное время. Собирайте ресурсы с узлов для накопления зарядов. Узлы сбора расходуют дополнительные заряды."
"Double-click to bind this glyph to your account.,
Gathering completes 50% faster.","Дважды щёлкните, чтобы привязать этот глиф к вашей учётной записи.
Сбор ресурсов происходит на 50% быстрее."
"Double-click to bind this glyph to your account.,
Grants a 33% chance to receive bonus ores while gathering in addition to your gathering results. Material types are determined by your character level and location in the world.","Дважды щёлкните, чтобы привязать этот глиф к вашей учётной записи.,
Даёт 33% шанс получить дополнительную руду при сборе в дополнение к результатам сбора. Типы материалов определяются уровнем вашего персонажа и местоположением в мире."
"Double-click to bind this glyph to your account.,
Grants a 33% chance to reward a bonus watchwork sprocket while gathering, in addition to the gathering results.","Дважды щёлкните, чтобы привязать этот глиф к вашей учётной записи.
Даёт 33% шанс получить дополнительную заводную шестерёнку при сборе ресурсов в дополнение к результатам сбора."
"Double-click to bind this glyph to your account.,
Grants a 33% chance to reward bonus wood logs while gathering, in addition to gathering results. Material types are determined by your character level and location in the world.","Дважды щёлкните, чтобы привязать этот глиф к вашей учётной записи.,
Даёт 33% шанс получить бонусные бревна при сборе, в дополнение к результатам сбора. Типы материалов определяются вашим уровнем и местоположением в мире."
"Double-click to bind this glyph to your account.,
Grants a 33%% chance to reward bonus cloth scraps while gathering, in addition to your gathering results. Material types are determined by your character level and location in the world.","Дважды щёлкните, чтобы привязать этот глиф к вашей учётной записи.,
Даёт 33%% шанс получить бонусные лоскуты ткани при сборе, в дополнение к результатам сбора. Типы материалов определяются вашим уровнем и местоположением в мире."
"Double-click to bind this glyph to your account.,
Grants a 33%% chance to reward bonus leather scraps while gathering, in addition to gathering results. Material types are determined by your character level and location in the world.","Дважды щёлкните, чтобы привязать этот глиф к вашей учётной записи.,
Даёт 33%% шанс получить дополнительные обрезки кожи при сборе в дополнение к результатам сбора. Типы материалов определяются вашим уровнем персонажа и местоположением в мире."
"Double-click to bind this glyph to your account.,
Increases movement speed by 100% for 5 seconds after gathering completes.","Дважды щёлкните, чтобы привязать этот глиф к вашей учётной записи.,
Увеличивает скорость передвижения на 100% на 5 секунд после завершения сбора."
"Double-click to bind this glyph to your account.,
Replaces gathering results with materials used in higher-level crafting recipes. Material types are determined by the type of node gathered from. Mithril ore, elder wood
Double-click to bind this glyph to your account.","Дважды щёлкните, чтобы привязать этот глиф к вашей учётной записи.,
Заменяет результаты сбора на материалы, используемые в рецептах крафта более высокого уровня. Типы материалов определяются типом собранного узла. Мифриловая руда, древняя древесина
Дважды щёлкните, чтобы привязать этот глиф к вашей учётной записи."
"Double-click to bind this glyph to your account.,
Rewards bonus Volatile Magic while gathering, in addition to the gathering results.","Дважды щёлкните, чтобы привязать этот глиф к вашей учётной записи.,
Награждает бонусной нестабильной магией при сборе, в дополнение к результатам сбора."
"Double-click to bind this glyph to your account.,
Rewards bonus karma while gathering, in addition to the gathering results.","Дважды щёлкните, чтобы привязать этот глиф к учётной записи.,
Награждает бонусной кармой при сборе ресурсов в дополнение к результатам сбора."
"Double-click to change your skill bar, allowing you to play music for all those nearby.","Дважды щёлкните, чтобы изменить панель навыков и играть музыку для всех поблизости."
"Double-click to choose an ascended weapon.,'Дважды щелкните",чтобы выбрать вознесенное оружие.'
"Double-click to combine 50 components to assemble a power core.,
<c=@flavor>This component was salvaged from an Energy Probe.</c>","Дважды щёлкните, чтобы объединить 50 компонентов и собрать силовое ядро.,
<c=@flavor>Этот компонент был извлечён из энергетического зонда.</c>"
"Double-click to create a Mushroom Medley by combining a Noxious Mushroom Cap, Orrian Truffles
Double-click to create a United Legions Waystation at your location. Lasts 15 minutes.","Дважды щёлкните, чтобы создать грибное попурри, соединив ядовитую грибную шляпку и оррианские трюфели.
Дважды щёлкните, чтобы создать перевалочный пункт Объединенных Легионов в вашем местоположении. Действует 15 минут."
"Double-click to create copper, silver
Double-click to deposit 1 Bandit Crest in your wallet.,
Double-click to deposit 1 Geode in your wallet.,
Double-click to deposit 1 Pristine Fractal Relic in your wallet.,'Дважды щелкните, чтобы положить 1 Нетронутый Фрактальный Реликт в ваш кошелек.'
Double-click to destabilize and gain globs of ectoplasm and valuable junk items in random amounts.,'Дважды щелкните, чтобы дестабилизировать и получить сгустки эктоплазмы и ценные предметы хлама в случайных количествах.'
'Double-click to display your Champion''s Burning Swords.'","Дважды щёлкните, чтобы создать медные, серебряные
Дважды щёлкните, чтобы положить 1 Знак бандита в ваш кошелек.,
Дважды щёлкните, чтобы положить 1 Жеоду в ваш кошелек.,
Дважды щёлкните, чтобы положить 1 Нетронутый Фрактальный Реликт в ваш кошелек.,'Дважды щёлкните, чтобы положить 1 Нетронутый Фрактальный Реликт в ваш кошелек.'
Дважды щёлкните, чтобы дестабилизировать и получить сгустки эктоплазмы и ценные предметы хлама в случайных количествах.,'Дважды щёлкните, чтобы дестабилизировать и получить сгустки эктоплазмы и ценные предметы хлама в случайных количествах.'
'Дважды щёлкните, чтобы отобразить Пылающие мечи вашего Чемпиона.'"
Double-click to draw charge.,"Дважды щёлкните, чтобы зарядить."
"Double-click to enter the Mists Vault and choose from starter kits for four legendary weapons: The Bifrost, Quip
Double-click to enter the Mists Vault. Not redeemable for any items therein.,'Дважды щелкните, чтобы войти в Туманное Хранилище. Не может быть обменено на предметы внутри него.'
Double-click to equip a homing beacon made specifically for finding lost charr caches in the Drizzlewood Coast. Use cache keys to unlock the chests. <c=@warning>Single-use item.</c>,'Дважды щелкните, чтобы экипировать поисковый маяк, созданный специально для поиска потерянных тайников чаров на побережье Мороси. Используйте ключи от тайников, чтобы открыть сундуки. <c=@warning>Одноразовый предмет.</c>'
Double-click to equip a metal bar.","Дважды щёлкните, чтобы войти в Туманное Хранилище и выбрать стартовый набор для одного из четырех легендарных оружий: Бифрост, Куип
Дважды щёлкните, чтобы войти в Туманное Хранилище. Не подлежит обмену на предметы внутри.,'Дважды щёлкните, чтобы войти в Туманное Хранилище. Не может быть обменено на предметы внутри него.'
Дважды щёлкните, чтобы экипировать самонаводящийся маяк, созданный специально для поиска потерянных тайников чаров на побережье Мороси. Используйте ключи от тайников, чтобы открыть сундуки. <c=@warning>Одноразовый предмет.</c>,'Дважды щёлкните, чтобы экипировать поисковый маяк, созданный специально для поиска потерянных тайников чаров на побережье Мороси. Используйте ключи от тайников, чтобы открыть сундуки. <c=@warning>Одноразовый предмет.</c>'
Дважды щёлкните, чтобы экипировать металлический слиток."
Double-click to feed 250 piles of bloodstone dust in exchange for a gift. Herta can only absorb a limited amount of bloodstone dust in a day.,"Дважды щёлкните, чтобы скормить 250 горстей пыли кровавого камня в обмен на подарок. Херта способна поглотить лишь ограниченное количество пыли за день."
Double-click to feed this tasty treat to your roller beetle.,"Дважды щёлкните, чтобы скормить это вкусное лакомство вашему жуку-катку."
"Double-click to feed this to your raptor, who is sure to enjoy this meaty treat.","Дважды щёлкните, чтобы скормить это вашему раптору, который точно оценит это мясное лакомство."
"Double-click to feed to a Cultivated Sprout.,
<c=@flavor>Soaked in the clean, cool waters from a Maguuma oasis.</c>","Дважды щёлкните, чтобы скормить выращенному ростку.,
<c=@flavor>Пропитанный чистыми прохладными водами оазиса Магуума.</c>"
"Double-click to feed to a Mysterious Seedling.,
<c=@flavor>Purified with Sacred Glacial Water to keep a wild plant well behaved while it matures.<c>","Дважды щёлкните, чтобы скормить Таинственному Саженцу.,
<c=@flavor>Очищено Священной Ледниковой Водой, чтобы дикое растение вело себя хорошо, пока созревает.<c>"
"Double-click to feed to a Mysterious Sprout.,
<c=@flavor>This spicy snack has been infused with the essence of a phantasm and magically prepared for the connoisseur of carnivorous plants.<c>","Дважды щёлкните, чтобы покормить Таинственный Росток.,
<c=@flavor>Это острая закуска была пропитана сущностью фантома и магически приготовлена для ценителя плотоядных растений.<c>"
"Double-click to feed to your Pet Seedling.,
<c=@flavor>Watch your fingers—this food occasionally gives you a bit of a jolt.</c>","Дважды щёлкните, чтобы покормить вашего саженца-питомца.,
<c=@flavor>Смотрите за пальцами — эта еда иногда слегка бьёт током.</c>"
"Double-click to feed to your Pet Sprout.,
<c=@flavor>Soaked in water from the Font of Rhand.</c>","Дважды щёлкните, чтобы накормить вашего питомца-росток.,
<c=@flavor>Пропитано водой из Источника Ранда.</c>"
"Double-click to gain 50 luck.""","Дважды щёлкните, чтобы получить 50 удачи".""
"Double-click to gain Obsidian Shards, a Machete
Double-click to gain Silky Sand and loot.,'Дважды щелкните, чтобы получить Шелковистый песок и добычу.'
Double-click to gain a Bombardment Target Marker.,'Дважды щелкните, чтобы получить Маркер цели бомбардировки.'
Double-click to gain a Cattle Prod bundle item.,'Дважды щелкните, чтобы получить предмет связки «Погонялка для скота».'
Double-click to gain a Charr Mine bundle item.,'Дважды щелкните, чтобы получить предмет связки «Шахта чаров».'
Double-click to gain a Charrzooka,'Дважды щелкните, чтобы получить «Чарр-зуку»'
Double-click to gain a Charrzooka.","Дважды щёлкните, чтобы получить Осколки обсидиана, мачете
Дважды щёлкните, чтобы получить Шелковистый песок и добычу.
Дважды щёлкните, чтобы получить Маркер цели бомбардировки.
Дважды щёлкните, чтобы получить предмет связки «Погонялка для скота».
Дважды щёлкните, чтобы получить предмет связки «Шахта чаров».
Дважды щёлкните, чтобы получить «Чарр-зуку»
Дважды щёлкните, чтобы получить «Чарр-зуку»."
"Double-click to gain a Drake Egg,'Дважды щелкните",чтобы получить яйцо дракона'
"Double-click to gain a Smoke Bomb.,'Дважды щелкните",чтобы получить дымовую бомбу.'
"Double-click to gain a Stormcaller Weapon Box, Dragonite Ore
Double-click to gain a Sylvari Seed Pod.","Дважды щёлкните, чтобы получить коробку с оружием Штормового зова, руду драконита
Дважды щёлкните, чтобы получить стручок семян сильвари."
"Double-click to gain a Turret.,
'<c=@flavor>""It''s amazing the wonders that hide inside the hard shell of a seed.""
—Qoetl</c>'","Дважды щёлкните, чтобы получить турель.,
'<c=@flavor>""Удивительно, какие чудеса скрываются внутри твёрдой скорлупы семени"".
—Кветль</c>'"
"Double-click to gain a Vigil bomb.,
<c=@flavor>""We need big explosions to keep the undead at bay. This should have enough yield.""
—Jezza</c>","Дважды щёлкните, чтобы получить бомбу Бдительных.,
<c=@flavor>«Нам нужны большие взрывы, чтобы сдерживать нежить. Этого заряда должно хватить».
— Джезза</c>"
"Double-click to gain a cannonball,'Дважды щелкните",чтобы получить пушечное ядро'
"Double-click to gain a choice of High Legion weapons, plus Dragonite Ore
Double-click to gain a depleted power crystal,'Дважды щелкните, чтобы получить истощенный кристалл силы'
Double-click to gain a drake egg.,'Дважды щелкните, чтобы получить яйцо дракона.'
Double-click to gain a drake egg.","Дважды щёлкните, чтобы получить выбор оружия Высшего Легиона, а также руду драконита
Дважды щёлкните, чтобы получить истощенный кристалл силы,'Дважды щёлкните, чтобы получить истощенный кристалл силы'
Дважды щёлкните, чтобы получить яйцо дракона.,'Дважды щёлкните, чтобы получить яйцо дракона.'
Дважды щёлкните, чтобы получить яйцо дракона."
"Double-click to gain a flamethrower.,'Дважды щелкните",чтобы получить огнемет.'
"Double-click to gain a hero  point. .,
The sparkling vial brims with power.","Дважды щёлкните, чтобы получить очко  героя. .,
Сверкающий флакон переполнен силой."
"Double-click to gain a hero point.,
'It''s unclear what''s in this concoction', but just smelling it makes your nose twitch.","Дважды щёлкните, чтобы получить очко героя.,
«Непонятно, что в этом зелье», но один его запах заставляет ваш нос дергаться."
"Double-click to gain a hero point.,
'The stench of this is almost unbearable. One gulp and you''ll understand why Ert is so green and angry all the time.'","Дважды щёлкните, чтобы получить очко героя.
'Запах этого почти невыносим. Один глоток, и вы поймёте, почему Эрт такой зелёный и всё время злится.'"
"Double-click to gain a hero point.,
'There''s a faint whiff of flies and swamp water. Drink enough of this and you''ll turn red', too.","Дважды щёлкните, чтобы получить очко героя.,
«От него слегка пахнет мухами и болотной водой. Выпейте достаточно, и вы тоже покраснеете», тоже."
"Double-click to gain a hero point.,
'This is the feed from the local centaur tribe. It''s mostly berries and grass', but you can smell some mystery ingredient... Must be good.","Дважды щёлкните, чтобы получить очко героя.,
«Это корм от местного племени кентавров. В основном ягоды и трава», но вы чувствуете какой-то таинственный ингредиент... Должно быть, вкусно."
"Double-click to gain a hero point.,
A spiced, smoky concoction. Raven shamans make this
Double-click to gain a hero point.","Дважды щёлкните, чтобы получить очко героя.,
Пряный, дымный напиток. Шаманы ворона готовят это.
Дважды щёлкните, чтобы получить очко героя."
"Double-click to gain a hero point.,
The spiders here grow very large. It stands to reason that their eggs must make you stronger...","Дважды щёлкните, чтобы получить очко героя.,
Пауки здесь вырастают до огромных размеров. Логично, что их яйца должны делать вас сильнее..."
"Double-click to gain a hero point.,
The wrinkled fruit smells sweet and earthy.","Дважды щёлкните, чтобы получить очко героя.,
Сморщенный фрукт пахнет сладко и землисто."
"Double-click to gain a hero point.,
These drowned rations are sodden with seawater.","Дважды щёлкните, чтобы получить очко героя.,
Эти утопленные пайки пропитаны морской водой."
"Double-click to gain a hero point.,
This clay is obviously magical. No wonder the grawl spread it all over the place. You should be able to imbue yourself with its essence.","Дважды щёлкните, чтобы получить очко героя.,
Эта глина явно магическая. Неудивительно, что граулы размазали её повсюду. Вы сможете пропитаться её сущностью."
Double-click to gain a random deathly dye color. Includes a chance at 1 of 6 exclusive colors.,"Дважды щёлкните, чтобы получить случайный цвет красителя смерти. Включает шанс получить 1 из 6 эксклюзивных цветов."
"Double-click to gain an Exalted Weapon Core Recipe, Champion Bags
Double-click to gain an Experimental Teleportation Gun.,'Дважды щелкните, чтобы получить экспериментальное телепортационное ружье.'
Double-click to gain an Explosive Charge.","'Дважды щёлкните, чтобы получить рецепт ядра возвышенного, сумки чемпиона
Дважды щёлкните, чтобы получить экспериментальное телепортационное ружьё.,'Дважды щёлкните, чтобы получить экспериментальное телепортационное ружьё.'
Дважды щёлкните, чтобы получить взрывной заряд.'"
"Double-click to gain an unbreakable mining pick, logging axe
Double-click to gain an underwater net.,'Дважды щелкните, чтобы получить подводную сеть.'
Double-click to gain collection progress.,'Дважды щелкните, чтобы получить прогресс коллекции.'
Double-click to gain driftwood.,'Дважды щелкните, чтобы получить плавник.'
Double-click to gain fireworks.","Дважды щёлкните, чтобы получить несокрушимую кирку и топор дровосека
Дважды щёлкните, чтобы получить подводную сеть.
Дважды щёлкните, чтобы получить прогресс коллекции.
Дважды щёлкните, чтобы получить плавник.
Дважды щёлкните, чтобы получить фейерверк."
Double-click to gain one random color. Includes six exclusive Mad King colors.,"Дважды щёлкните, чтобы получить один случайный цвет. Включает шесть эксклюзивных цветов Безумного Короля."
Double-click to gain one random color. Includes six exclusive bloodstone colors.,"Дважды щёлкните, чтобы получить один случайный цвет. Включает шесть эксклюзивных цветов кровавого камня."
Double-click to gain one random metal-themed color. Includes six exclusive colors.,"Дважды щёлкните, чтобы получить один случайный цвет на металлическую тематику. Включает шесть эксклюзивных цветов."
Double-click to gain one random toxic-inspired color. Includes a chance at 1 of 6 exclusive colors.,"Дважды щёлкните, чтобы получить один случайный цвет в токсичном стиле. Включает шанс получить 1 из 6 эксклюзивных цветов."
Double-click to gain one random vibrant color. Includes a chance at 1 of 6 exclusive colors.,"Дважды щёлкните, чтобы получить один случайный яркий цвет. Включает шанс получить 1 из 6 эксклюзивных цветов."
"Double-click to get a reading.""","Дважды щёлкните, чтобы получить показания".""
Double-click to locate a memorial site.,"Дважды щёлкните, чтобы найти мемориальное место."
Double-click to locate a nearby Mordrem researcher.,"Дважды щёлкните, чтобы найти ближайшего исследователя Мордрем."
Double-click to locate.,"Дважды щёлкните, чтобы найти на карте."
"Double-click to locate.""","Дважды щёлкните, чтобы найти".""
"Double-click to open. ,
Contains a Legendary Insight, a boss token used to obtain guild or homestead decorations
Double-click to open. <c=@flavor>Finders keepers!</c>,'Дважды щелкните, чтобы открыть. <c=@flavor>Кто нашел, того и вещь!</c>'
Double-click to open. Choose an account-bound weight class of the Visage of Nourys. (This item cannot be sold.)","Дважды щёлкните, чтобы открыть. ,
Содержит прозрение легендарного предмета — босс-жетон, используемый для получения украшений гильдии или усадьбы.
Дважды щёлкните, чтобы открыть. <c=@flavor>Кто нашёл, того и вещь!</c>,'Дважды щёлкните, чтобы открыть. <c=@flavor>Кто нашёл, того и вещь!</c>'
Дважды щёлкните, чтобы открыть. Выберите привязанный к учётной записи класс веса личины Нурис. (Этот предмет нельзя продать.)"
"Double-click to open. Contains various plants, a Resonating Sliver
Double-click to open. Contains:","Дважды щёлкните, чтобы открыть. Содержит различные растения.
Дважды щёлкните, чтобы открыть. Содержит:"
"Double-click to open. Contains:,
• Revive Orb,• Сфера возрождения
• Instant Repair Canister","Дважды щёлкните, чтобы открыть. Содержит:,
• Сфера возрождения,• Сфера возрождения
• Мгновенный ремонтный баллон"
"Double-click to open. Grants a choice of Bear Ceremonial Hood, Sandals
<c=@warn>Contents will be account bound!</c>","Дважды щёлкните, чтобы открыть. Даёт выбор: Медвежий церемониальный капюшон, Сандалии
<c=@warn>Содержимое станет привязанным к учётной записи!</c>"
"Double-click to open. Grants a choice of Raven Ceremonial Sandals, Bracers
Double-click to open. Right-click for more options.,'Дважды щелкните, чтобы открыть. Щелкните правой кнопкой мыши для дополнительных опций.'
Double-click to open. Right-click to preview.","Дважды щёлкните, чтобы открыть. Даёт выбор: церемониальные сандалии ворона, наручи.
Дважды щёлкните, чтобы открыть. Щёлкните правой кнопкой мыши для дополнительных настроек.,'Дважды щёлкните, чтобы открыть. Щёлкните правой кнопкой мыши для дополнительных настроек.'
Дважды щёлкните, чтобы открыть. Щёлкните правой кнопкой мыши для предпросмотра."
"Double-click to open. Right-click to preview.,
Contains highly sought-after prizes.","Дважды щёлкните, чтобы открыть. Щёлкните правой кнопкой мыши для предварительного просмотра.,
Содержит очень востребованные призы."
"Double-click to open.""","Дважды щёлкните, чтобы открыть".""
"Double-click to open.,
'Choose an account-bound Alliance Field Operative''s Boots.'","Дважды щёлкните, чтобы открыть.,
'Выберите привязанные к учётной записи сапоги полевого оперативника Альянса.'"
"Double-click to open.,
'Choose an account-bound Alliance Field Operative''s Coat.'","Дважды щёлкните, чтобы открыть.,
'Выберите привязанное к учётной записи пальто полевого оперативника Альянса.'"
"Double-click to open.,
'Choose an account-bound Alliance Field Operative''s Gloves.'","Дважды щёлкните, чтобы открыть.,
'Выберите перчатки оперативника Альянса, привязанные к учётной записи.'"
"Double-click to open.,
'Choose an account-bound Alliance Field Operative''s Helmet.'","Дважды щёлкните, чтобы открыть.,
'Выберите привязанный к учётной записи шлем полевого оперативника Альянса.'"
"Double-click to open.,
'Choose an account-bound Alliance Field Operative''s Leggings.'","«Дважды щёлкните, чтобы открыть.,
Выберите связанные с учётной записью поножи полевого оперативника Альянса»."
