english,translate
"Double-click to open.,
'Choose an account-bound Alliance Field Operative''s Mantle.'","Дважды щёлкните, чтобы открыть.,
'Выберите привязанную к учётной записи мантию полевого оперативника Альянса.'"
"Double-click to open.,
'Contains materials gathered from Dragon''s End.'","Дважды щёлкните, чтобы открыть.,
'Содержит материалы, собранные в Логове Дракона.'"
"Double-click to open.,
'Contains unique survey rewards acquired by completing the lane''s survey with high participation.'","Дважды щёлкните, чтобы открыть.,
«Содержит уникальные награды за разведку, полученные при высоком участии в разведке линии»"
"Double-click to open.,
<c=@Reminder>This item has been updated. Open this container to receive a Black Lion Chest Key and Black Lion Chest that have been upgraded to the latest version.</c>","Дважды щёлкните, чтобы открыть.,
<c=@Reminder>Этот предмет был обновлен. Откройте этот контейнер, чтобы получить ключ от сундука Чёрного льва и сундук Чёрного льва, обновленные до последней версии.</c>"
"Double-click to open.,
Affected by magic find.,
Available exclusively from Black Lion Chests during Dragon Bash.","Дважды щёлкните, чтобы открыть.,
Подвержено влиянию поиска магии.,
Доступно исключительно из сундуков Чёрного льва во время Пляски драконов."
"Double-click to open.,
Affected by magic find.,
Available exclusively from Black Lion Chests during Lunar New Year.","Дважды щёлкните, чтобы открыть.,
Подвержено влиянию поиска магии.,
Доступно исключительно из сундуков Чёрного льва во время Лунного Нового года."
"Double-click to open.,
Affected by magic find.,
Available exclusively from Black Lion Chests during the Festival of the Four Winds.","Дважды щёлкните, чтобы открыть.,
Подвержено влиянию поиска магии.,
Доступно исключительно из сундуков Чёрного льва во время Фестиваля четырех ветров."
"Double-click to open.,
Choose a first-generation weapon, trinket
Double-click to open.","Дважды щёлкните, чтобы открыть.,
Выберите оружие первого поколения, аксессуар
Дважды щёлкните, чтобы открыть."
"Double-click to open.,
Choose a second generation weapon or two alternative legendary items to be placed in your Legendary Armory.","Дважды щёлкните, чтобы открыть.
Выберите оружие второго поколения или два альтернативных легендарных предмета для размещения в вашем Легендарном Арсенале."
"Double-click to open.,
Choose a second-generation weapon or an alternative legendary item to be placed in your Legendary Armory.","Дважды щёлкните, чтобы открыть.
Выберите оружие второго поколения или альтернативный легендарный предмет для размещения в вашем Легендарном арсенале."""
"Double-click to open.,
Choose from a subset of first-generation weapons or backpieces to be placed in your legendary armory.","Дважды щёлкните, чтобы открыть.,
Выберите из набора оружия первого поколения или наплечных сумок, чтобы поместить их в вашу легендарную оружейную."
"Double-click to open.,
Choose from: ,
• Mini Green Raptor Hatchling,
• Mini Brown Springer Kit,
• Mini Yellow Jackal Pup,
• Mini Red Griffon Hatchling","Дважды щёлкните, чтобы открыть.,
Выберите из: ,
• Мини-зелёный детеныш раптора,
• Мини-коричневый набор спрингера,
• Мини-жёлтый щенок шакала,
• Мини-красный детеныш грифона"
"Double-click to open.,
Contains 100 assorted fangs, claws
Double-click to open.","Дважды щёлкните, чтобы открыть.,
Содержит 100 разнообразных клыков и когтей.,
Дважды щёлкните, чтобы открыть."
"Double-click to open.,
Contains 100 assorted piles of dust.,
<c=@flavor>When you think about it,' shouldn''t it just be one pile in there?</c>'","Дважды щёлкните, чтобы открыть.,
Содержит 100 различных кучек пыли.,
<c=@flavor>Если задуматься, разве не должна быть всего одна кучка?</c>"
"Double-click to open.,
Contains 100 assorted totems, scales
Double-click to open.","Дважды щёлкните, чтобы открыть.,
Содержит 100 разнообразных тотемов, чешуй
Дважды щёлкните, чтобы открыть."
"Double-click to open.,
Contains 100 assorted vials of blood.,Содержит 100 различных склянок с кровью.
<c=@flavor>""I suppose it makes sense. They are the Blood Legion.""</c>","Дважды щёлкните, чтобы открыть.,
Содержит 100 различных склянок с кровью.,Содержит 100 различных склянок с кровью.
<c=@flavor>""Полагаю, это имеет смысл. Они — Кровавый легион.""</c>"
"Double-click to open.,
Contains 25 assorted molten materials.,
'<c=@flavor>Fire. It''s a box of fire. Because the Flame Legion loves fire.</c>'","Дважды щёлкните, чтобы открыть.,
Содержит 25 различных расплавленных материалов.,
«<c=@flavor>Огонь. Это коробка с огнём. Потому что Легион Пламени любит огонь.</c>»"
"Double-click to open.,
Contains 50 Dragonite Ore, 50 Empyreal Fragments
Double-click to open.","Дважды щёлкните, чтобы открыть.,
Содержит: 50 руды драконита, 50 осколков эмпирея
Дважды щёлкните, чтобы открыть."
"Double-click to open.,
Contains a Pristine Fractal Relic, 2 +1 Agony Infusions
Bonus rewards with the Agony Channeler or Recursive Resourcing Mastery.","Дважды щёлкните, чтобы открыть.,
Содержит нетронутый фрактальный реликт, 2 +1 инкрустации агонии
Бонусные награды с Каналом агонии или Мастерством рекурсивного снабжения."
"Double-click to open.,
Contains a Pristine Fractal Relic, 2 +1 Agony Infusions
Bonus rewards with the Agony Channeler or Recursive Resourcing mastery.","Дважды щёлкните, чтобы открыть.,
Содержит Нетронутый фрактальный реликт, 2 инкрустации агонии +1
Бонусные награды с владением «Канал агонии» или «Рекурсивное снабжение»."
"Double-click to open.,
Contains a Pristine Fractal Relic, a +1 Agony Infusion
Bonus rewards with the Agony Channeler or Recursive Resourcing Mastery.","Дважды щёлкните, чтобы открыть.,
Содержит нетронутый фрактальный реликт, +1 инкрустация агонии
Бонусные награды с мастерством «Канал агонии» или «Рекурсивное снабжение»."
"Double-click to open.,
Contains a Pristine Fractal Relic, a +1 Agony Infusion
Bonus rewards with the Agony Channeler or Recursive Resourcing mastery.","Дважды щёлкните, чтобы открыть.,
Содержит нетронутую реликвию фрактала, +1 инкрустацию агонии
Бонусные награды с мастерством «Канал агонии» или «Рекурсивное снабжение»."
"Double-click to open.,
Contains a Pristine Fractal Relic, a +1 Agony Infusion
Bonus rewards with the Agony Channeler or the Recursive Resourcing Mastery.","Дважды щёлкните, чтобы открыть.
Содержит нетронутый фрактальный реликт, +1 инкрустация агонии.
Дополнительные награды с каналом агонии или мастерством рекурсивного сбора ресурсов."
"Double-click to open.,
Contains a Pristine Fractal Relic, a +1 Agony Infusion
Bonus rewards with the Agony Channeler or the Recursive Resourcing mastery.","Дважды щёлкните, чтобы открыть.,
Содержит нетронутый фрактальный реликт, +1 инкрустацию агонии
Дополнительные награды с Каналом агонии или мастерством «Рекурсивное снабжение»."
"Double-click to open.,
Contains a choice of Charged Stormcaller recipes (dagger, pistol
Double-click to open.","Дважды щёлкните, чтобы открыть.,
Содержит выбор рецептов «Заряженный призыватель бури» (кинжал, пистолет
Дважды щёлкните, чтобы открыть."
"Double-click to open.,
Contains a choice of Stormcaller weapon recipes (axe, greatsword
Double-click to open.","Дважды щёлкните, чтобы открыть.
Содержит выбор рецептов оружия Буревестника (топор, большой меч).
Дважды щёлкните, чтобы открыть."
"Double-click to open.,
Contains a choice of Stormcaller weapon recipes (focus, scepter
Double-click to open.","Дважды щёлкните, чтобы открыть.,
Содержит выбор рецептов оружия Зовущего бурю (фокус, скипетр
Дважды щёлкните, чтобы открыть."
"Double-click to open.,
Contains loot from creatures.,Содержит трофеи с существ.
<c=@reminder>Affected by magic-find bonuses.</c>","Дважды щёлкните, чтобы открыть.,
Содержит трофеи с существ.,Содержит трофеи с существ.
<c=@reminder>Подвержено влиянию бонусов к поиску магии.</c>"
"Double-click to open.,
Contains materials from Amnytas.","Дважды щёлкните, чтобы открыть.
Содержит материалы из Амнитаса."
"Double-click to open.,
Contains materials from Skywatch Archipelago.","Дважды щёлкните, чтобы открыть.
Содержит материалы из Архипелага Небесного Дозора."""
"Double-click to pick a recipe for Spearmarshal Coats. Can be learned by armorsmiths, leatherworkers
Purchase these recipes from renown merchants in Elona after learning the base recipes from the story.","Дважды щёлкните, чтобы выбрать рецепт для мундиров маршала копья. Могут выучить броненосцы и кожевники.
Купите эти рецепты у известных торговцев в Элоне после изучения базовых рецептов из сюжета."
"Double-click to pick a recipe for Spearmarshal Gloves. Can be learned by armorsmiths, leatherworkers
Purchase these recipes from renown merchants in Elona after learning the base recipes from the story.","Дважды щёлкните, чтобы выбрать рецепт перчаток маршала копья. Могут изучить бронекузнецы и кожевники.
Купите эти рецепты у известных торговцев в Элоне после изучения базовых рецептов из сюжета."
"Double-click to pick a recipe for Spearmarshal Helms. Can be learned by armorsmiths, leatherworkers
Purchase these recipes from renown merchants in Elona after learning the base recipes from the story.","Дважды щёлкните, чтобы выбрать рецепт шлемов копьёмаршала. Могут изучить броненосцы, кожевники
Купите эти рецепты у известных торговцев в Элоне после изучения базовых рецептов из сюжета."
"Double-click to pick a recipe for Spearmarshal Pants. Can be learned by armorsmiths, leatherworkers
Purchase these recipes from renown merchants in Elona after learning the base recipes from the story.","Дважды щёлкните, чтобы выбрать рецепт штанов Копьёмаршала. Может быть изучен бронниками, кожевниками
Купите эти рецепты у известных торговцев в Элоне после изучения базовых рецептов из сюжета."
"Double-click to pick a recipe for Spearmarshal Shoulder Pieces. Can be learned by armorsmiths, leatherworkers
Purchase these recipes from renown merchants in Elona after learning the base recipes from the story.","Дважды щёлкните, чтобы выбрать рецепт наплечников маршала копья. Могут изучить броненосцы и кожевники.
Купите эти рецепты у известных торговцев в Элоне после изучения базовых рецептов из сюжета."
"Double-click to pick your choice of rewards.,'Дважды щёлкните, чтобы выбрать награду.'
<c=@flavor>""Can we skip to the good part?""</c>","Дважды щёлкните, чтобы выбрать награду.,'Дважды щёлкните, чтобы выбрать награду.'
<c=@flavor>""Можно перейти сразу к хорошей части?""</c>"
"Double-click to plant a Cultivated Seed in this pot.,
<c=@flavor>A pot so infused with energy,' it''s sure to germinate a more powerful seedling.</c>'","Дважды щёлкните, чтобы посадить возделанное семя в этот горшок.,
<c=@flavor>Горшок, настолько пропитанный энергией, что обязательно прорастит более сильный саженец.</c>'"
"Double-click to plant a Mysterious Seed in this pot.,
<c=@flavor>Everything needed to germinate a very special seed is in this pot now.<c>","Дважды щёлкните, чтобы посадить Таинственное семя в этот горшок.,
<c=@flavor>Всё необходимое для прорастания особенного семени уже в этом горшке.<c>"
"Double-click to plant your Pet Seed in this pot.,
<c=@flavor>A pot infused with the energy of the Mists.</c>","Дважды щёлкните, чтобы посадить семя питомца в этот горшок.,
<c=@flavor>Горшок, наполненный энергией Туманов.</c>"
Double-click to read a card.,"Дважды щёлкните, чтобы прочитать карту."
Double-click to read. Can be safely discarded after acquiring.,"Дважды щёлкните, чтобы прочитать. Можно безопасно выбросить после получения."
"Double-click to read.""","Дважды щёлкните, чтобы прочитать."
"Double-click to read.,'Дважды щелкните",чтобы прочитать.'
"Double-click to shine on a Cultivated Shoot.,
<c=@flavor>With a hefty helping of luck, this lamp should get the most stubborn of plants to grow toward its light.</c>","Дважды щёлкните, чтобы осветить возделанный росток.,
<c=@flavor>С изрядной долей везения эта лампа заставит даже самые упрямые растения тянуться к её свету.</c>"
"Double-click to shine on your Pet Shoot.,
<c=@flavor>Armed with a light that shone in the dark, this lamp is very powerful.</c>","Дважды щёлкните, чтобы посветить на вашего питомца.,
<c=@flavor>Обладая светом, сиявшим в темноте, этот фонарь очень мощный.</c>"
"Double-click to show.""","Дважды щёлкните, чтобы показать."""
"Double-click to start the party!""","Дважды щёлкните, чтобы начать вечеринку!"
"Double-click to summon a pet Jade Armor for 5 minutes. This can only be used once every 30 minutes.,'Дважды щёлкните",чтобы призвать питомца-нефритового стража на 5 минут. Можно использовать не чаще одного раза в 30 минут.'
"Double-click to summon this mini to follow you around. Only one mini may be in use at a time.,
<c=@flavor>Potato-shaped friend, it is
Double-click to summon this mini to follow you around. Only one mini may be in use at a time.","Дважды щёлкните, чтобы призвать этого мини-питомца, который будет следовать за вами. Одновременно может использоваться только один мини-питомец.,
<c=@flavor>Друг в форме картошки, это он
Дважды щёлкните, чтобы призвать этого мини-питомца, который будет следовать за вами. Одновременно может использоваться только один мини-питомец."
"Double-click to summon this mini to follow you around. Only one mini may be in use at a time.,
Combine 3 of this mini with Pile of Crystalline Dust, an Obsidian Shard
Double-click to summon this mini to follow you around. Only one mini may be in use at a time.","Дважды щёлкните, чтобы призвать этого мини-питомца следовать за вами. Одновременно можно использовать только одного мини-питомца.,
Объедините 3 таких мини-питомца с кучей кристаллической пыли и осколком обсидиана.
Дважды щёлкните, чтобы призвать этого мини-питомца следовать за вами. Одновременно можно использовать только одного мини-питомца."
"Double-click to summon this mini to follow you around. Only one mini may be in use at a time.,
Combine 3 of this mini with a Pile of Crystalline Dust, an Obsidian Shard
Double-click to summon this mini to follow you around. Only one mini may be in use at a time.","Дважды щёлкните, чтобы призвать этого мини-питомца, который будет следовать за вами. Одновременно может быть активен только один мини-питомец.,
Объедините 3 таких мини-питомца с кучей кристаллической пыли и осколком обсидиана.
Дважды щёлкните, чтобы призвать этого мини-питомца, который будет следовать за вами. Одновременно может быть активен только один мини-питомец."
"Double-click to summon this mini to follow you around. Only one mini may be in use at a time.,
Combine Mini Gift Skritt, Candy Canes
Double-click to summon this mini to follow you around. Only one mini may be in use at a time.","Дважды щёлкните, чтобы призвать этого мини-питомца, который будет следовать за вами. Одновременно может использоваться только один мини-питомец.,
Объедините Мини-подарок Скритта, леденцы
Дважды щёлкните, чтобы призвать этого мини-питомца, который будет следовать за вами. Одновременно может использоваться только один мини-питомец."
Double-click to summon your jade bot to follow you around. Only one miniature may be in use at a time.,"Дважды щёлкните, чтобы призвать вашего нефритового бота следовать за вами. Одновременно может использоваться только одна миниатюра."
Double-click to trade currencies and materials from the Horn of Maguuma and Tyria.,"Дважды щёлкните, чтобы обменять валюты и материалы из Рога Магуумы и Тирии."
Double-click to trade currencies and materials from various gobblers and exchanges. The items offered are based on your progress in the Gobblers and Exchanges Collector achievements.,"Дважды щёлкните, чтобы обменять валюты и материалы из различных пожирателей и обменников. Предлагаемые предметы зависят от вашего прогресса в достижениях коллекционера пожирателей и обменников."
Double-click to transform into a Castoran choya.,"Дважды щёлкните, чтобы превратиться в касторанскую чойю."
Double-click to transform into a Janthiri floppy fish.,"Дважды щёлкните, чтобы превратиться в вялую рыбу Джантири."
"Double-click to transform into a hermit crab.,
<c=@flavor>""When you live in a shell,' you''re always home!""</c>'","Дважды щёлкните, чтобы превратиться в рака-отшельника.,
<c=@flavor>""Когда живешь в раковине,' ты всегда дома!""</c>'"
"Double-click to transform into a thundershrimp.,'Дважды щелкните, чтобы превратиться в громокреветку.'
<c=@flavor>""Still pretty big for a shrimp, if you ask me!""</c>","Дважды щёлкните, чтобы превратиться в громокреветку.
<c=@flavor>""Все равно креветка, пусть и громовая!""</c>"
Double-click to transform into a tropical crab.,"Дважды щёлкните, чтобы превратиться в тропического краба."
"Double-click to unpack and bind this item to your account.""","Дважды щёлкните, чтобы распаковать и привязать этот предмет к вашей учётной записи."""
"Double-click to unpack.""","Дважды щёлкните, чтобы распаковать."""
"Double-click to use.,
This item contains the Ghoul Backpack and Mini Ghoul Legs.","Дважды щёлкните, чтобы использовать.,
Этот предмет содержит рюкзак вурдалака и мини-ноги вурдалака."
"Double-click to view his location.""","Дважды щёлкните, чтобы увидеть его местоположение."""
"Double-click to warm your Pet Plantling.,
'<c=@flavor>Special care should be taken with this hot stone if you don''t want to get burned.</c>'","Дважды щёлкните, чтобы согреть ваше растение-питомца.,
'<c=@flavor>С этим горячим камнем следует обращаться осторожно, если вы не хотите обжечься.</c>'"
Double-click to wear this outfit.,"Дважды щёлкните, чтобы надеть этот наряд."
"Double-click to wear this outfit.,
Seize the Awkward! Reach out to your friends in need.,«Перехвати неловкость!» Протяни руку помощи своим друзьям в беде.
Outfits are full sets of clothing that hide other armor. This will not change individual armor pieces, and you will still receive your current armor stats.","Дважды щёлкните, чтобы надеть этот наряд.,
Перехвати неловкость! Протяни руку помощи своим друзьям в беде.,«Перехвати неловкость!» Протяни руку помощи своим друзьям в беде.
Наряды — это полные комплекты одежды, скрывающие другую броню. Это не изменит отдельные элементы брони, и вы по-прежнему будете получать характеристики вашей текущей брони."
"Double-click while underwater to transform into a koi.,
'<c=@flavor>""Don''t be coy', be a koi!""</c>","Дважды щёлкните под водой, чтобы превратиться в кои.,
'<c=@flavor>""Не будь застенчив', будь кои!""</c>"
Drinking a second time will transform you back to yourself.,"Если выпить второй раз, вы снова станете собой."
Dropped by Mossman in the Swampland Fractal.,Сброшено Моссменом во Фрактале Болот.
"Drops from Choya in the Crystal Desert.,«Выпадает с чойя в Пустыне Хрусталя.
<c=@Flavor>Used in cooking and medicine, once sterilized and cleaned up a bit.</c>","Выпадает с чойя в Пустыне Хрусталя.,«Выпадает с чойя в Пустыне Хрусталя.
<c=@Flavor>Используется в кулинарии и медицине после стерилизации и очистки.</c>"
Dyes can be unlocked for unlimited use to color armor on all characters. Dye bottles can also be recycled in the Mystic Forge.,"Краски можно разблокировать для неограниченного использования, чтобы окрашивать броню на всех персонажах. Флаконы с краской также можно перерабатывать в Мистической кузнице."
Dyes can be unlocked for unlimited uses to color armor on all characters.,Красители можно разблокировать для неограниченного использования для окраски брони всех персонажей.
"Each chest contains up to five personalized Wintersday gifts, plus an additional themed item. This includes tonics
Each dye box contains 7 random dyes (5 common and 2 uncommon or rare).","Каждый сундук содержит до пяти персонализированных подарков Зимнего праздника, плюс дополнительный тематический предмет. Сюда входят тоники
Каждая коробка с красками содержит 7 случайных красок (5 обычных и 2 необычных или редких)."
"Each mini can be activated from your inventory to follow you around the world.
Combine these three minis in the Mystic Forge with the Mini Mai Trin from the Black Lion Chest to create a Mini Scarlet Briar.","Каждую миниатюру можно активировать из инвентаря, чтобы она следовала за вами по миру.
Объедините эти три миниатюры в Мистической кузнице с миниатюрой Май Трин из Чёрного львиного сундука, чтобы создать миниатюру Алой Шиповницы."
Earned by completing the Eternity's Garden Mastery achievement. Additional copies can be purchased from Visions of Eternity map vendors.,Заработано за завершение достижения «Мастерство Сада вечности». Дополнительные копии можно купить у торговцев на карте «Видения вечности».
"Earned by completing the Starlit Weald Mastery achievement. 
Additional copies can be purchased from Visions of Eternity vendors afterward.","Зарабатывается за выполнение достижения «Мастерство Звёздной рощи».
Дополнительные копии можно приобрести у торговцев «Видения вечности» после этого."
Earned by fully exploring Eternity's Garden. Additional copies can be purchased from Visions of Eternity map vendors.,Заработано за полное исследование Сада вечности. Дополнительные копии можно купить у торговцев на карте «Видения вечности».
Earned by fully exploring Shipwreck Strand. Additional copies can be purchased from Visions of Eternity map vendors.,Зарабатывается за полное исследование Кораблекрушенного берега. Дополнительные копии можно приобрести у торговцев карты «Видения вечности».
Earned by fully exploring Starlit Weald. Additional copies can be purchased from Visions of Eternity map vendors.,Зарабатывается за полное исследование Звёздной рощи. Дополнительные копии можно приобрести у торговцев карты «Видения вечности».
"Earned for aiding the Pact while proving yourself a hero of the wastes.,
Double-click to open.","Заработано за помощь Союзу, проявив себя героем пустошей.,
Дважды щёлкните, чтобы открыть."
"Elonian wine,' purchased from Miyani in Lion''s Arch.'","Элонское вино, купленное у Мияни в Львином Шпиле."
"Empathy, compassion
Emperor Fish,
'Empowered Boneskinner''s Rib',Усиленное ребро Костелупа
'Empowered Boneskinner''s Spine',Усиленный позвоночник Костелупа
'Empowered Boneskinner''s Totem',Усиленный тотем Костелупа
Empowered Cured Thick Leather Square,
'Empowered Eparch''s Sword',Усиленный меч Эпарха
Empowered Heat Stones,Усиленные камни жара
Empowered Mithril Ingot,
Empress Fish,
Empty Alchemical Bottle,
Empty Branded Crystal,Пустой кристалл Клейма
Empty Djinn Bottle,Пустая бутылка джинна
Empty Honey Pot,Пустой медовый горшок
Empty Hylek Flask,Пустая фляга хайлека
Empty Keg,Пустая бочка
Empty Sample Canister,Пустой контейнер для образцов
Empty Snail Shell,
Empty Square Planter,Пустой квадратный плантатор
Empty Vial,
Empyreal Fragment,
Empyreal Star,
Enables the superheated state of the Falling Star spear.","Эмпатия, сострадание
Императорская рыба,
'Усиленное ребро Костелупа',Усиленное ребро Костелупа
'Усиленный позвоночник Костелупа',Усиленный позвоночник Костелупа
'Усиленный тотем Костелупа',Усиленный тотем Костелупа
Усиленный квадрат толстой выделанной кожи,
'Усиленный меч Эпарха',Усиленный меч Эпарха
Усиленные камни жара,Усиленные камни жара
Усиленный мифриловый слиток,
Императрица-рыба,
Пустая алхимическая бутылка,
Пустой кристалл Клейма,Пустой кристалл Клейма
Пустая бутылка джинна,Пустая бутылка джинна
Пустой медовый горшок,Пустой медовый горшок
Пустая фляга хилека,Пустая фляга хилека
Пустая бочка,Пустая бочка
Пустой контейнер для образцов,Пустой контейнер для образцов
Пустая раковина улитки,
Пустой квадратный плантатор,Пустой квадратный плантатор
Пустая склянка,
Эмпирейский фрагмент,
Эмпирейская звезда,
Включает перегретое состояние копья «Падающая звезда»."
Endless Janthiri Floppy Fish Tonic,Бесконечный тоник джантийской вялой рыбы
Equipment Template tabs allow a character to swap to an additional set of equipment.,Вкладки шаблонов экипировки позволяют персонажу переключаться на дополнительный набор экипировки.
"Event Item""","Предмет события"""
Fashion Template tabs allow accounts to swap and store an additional set of cosmetics for all your characters.,Вкладки шаблонов моды позволяют учётным записям менять и хранить дополнительный набор косметики для всех ваших персонажей.
Filled with all the nutrients a growing raptor needs! Double-click to feed this to your raptor.,"Содержит все питательные вещества, необходимые растущему раптору! Дважды щёлкните, чтобы накормить этим вашего раптора."
"Filled with all the nutrients a growing springer needs! Double-click to feed this to your springer.,'«Содержит все питательные вещества, необходимые растущему прыгуну! Дважды щёлкните, чтобы накормить своего прыгуна.»'
Gives bonus Mastery experience once per day.","Содержит все питательные вещества, необходимые растущему спрингеру! Дважды щёлкните, чтобы скормить это вашему спрингеру.,
Даёт дополнительный опыт мастерства один раз в день."
Filled with all the nutrients a growing warclaw needs! Double-click to feed this to your warclaw.,"Содержит все питательные вещества, необходимые растущему боевому когтю! Дважды щёлкните, чтобы накормить этим вашего боевого когтя."
First Drop:,Первая капля:
Found by completing the meta-event finale in Gyala Delve.,Найдено при завершении финала мета-события в Ущелье Гьялы.
Found by defeating strike missions in Cantha.,Найдено при победе в рейдовых миссиях в Канте.
Found by defeating the Aetherblade boss in Seitung Province.,Найдено при победе над боссом Эфирного клинка в провинции Сейтун.
Found by defeating the Jade Behemoth in New Kaineng City.,Найдено при победе над Нефритовым Бегемотом в Новом Кайненге.
Found by defeating the Prototype XJ-1 in Echovald Wilds.,Найдено при победе над Прототипом XJ-1 в Лесах Эховальда.
"Found in a Pact camp in Jahai Bluffs.""","Найдено в лагере Союза в ущельях Джахай."""
Found rarely by completing events and jumping puzzles in Starlit Weald or purchased from Starlit Weald renown heart vendors.,Редко встречается при выполнении событий и прыжковых головоломок в Звёздной чаще или покупается у торговцев сердца известности в Звёздной чаще.
Found rarely from completing events and jumping puzzles in Shipwreck Strand or purchased from the Glimmering Arches renown heart vendor.,Изредка выпадает за выполнение событий и головоломок с прыжками на Корабельной мели или приобретается у торговца сердца известности в Мерцающих арках.
Fourth Drop:,Четвёртая капля:
Fractal Encryptions can be found in the final reward chest of any fractal inside the Fractals of the Mist.,Шифрования фракталов можно найти в финальном сундуке с наградой любого фрактала в Тумане фракталов.
"From dragons to unexpected parties,' this hat''s wide brim is ready for anything.'",От драконов до неожиданных вечеринок — широкие поля этой шляпы готовы к чему угодно.
Gain a random mount skin that you do not already own from the Black Lion Stables. Right-click to preview available mount skins.,"Получите случайный облик скакуна, которого у вас ещё нет, из Конюшен Чёрного Льва. Щёлкните правой кнопкой мыши, чтобы просмотреть доступные облики скакунов."
Gain endurance after using a healing skill.,Получайте сопротивление после использования навыка лечения.
Gathers from all nearby ore deposits when mining.,Собирает со всех ближайших залежей руды при добыче.
Gathers from all nearby plants when harvesting.,Собирает урожай со всех ближайших растений при сборе.
Gathers from all nearby saplings when logging.,Собирает со всех ближайших саженцев при рубке.
"Gideon Hawthorn II,
003 Tide IIX0,
Natural","Гидеон Хоторн II,
003 Тид IIX0,
Натуральный"
Gives bonus Mastery experience once per day.,Раз в день даёт дополнительный опыт мастерства.
"Gives bonus Mastery experience once per day.""","Даёт дополнительный опыт мастерства один раз в день."""
"Gives one standalone homestead decoration of Orrax Contained.,Даёт одно отдельное украшение жилища «Орракс заточён».
This homestead decoration cannot be crafted.","Даёт одно отдельное украшение усадьбы «Орракс заточён».
Это украшение усадьбы нельзя создать."
"Grants 10 agony resistance. ,«Даёт 10 сопротивления агонии.
<c=@reminder>With Fractal Attunement Mastery, this item grants an additional 5 agony resistance.</c>","Даёт 10 сопротивления агонии. ,«Даёт 10 сопротивления агонии.
<c=@reminder>С умением «Фрактальная гармония» этот предмет даёт дополнительные 5 сопротивления агонии.</c>"
Grants a chance to receive a bonus crafting material on each swing in addition to your gathering results.,Даёт шанс получить дополнительный материал для крафта при каждом взмахе в дополнение к результатам сбора.
Grants a chance to receive a bonus watchwork sprocket after gathering in addition to your harvesting results.,Даёт шанс получить дополнительную часовую шестерёнку после сбора в дополнение к результатам сбора урожая.
Grants a chance to receive a bonus watchwork sprocket on each swing in addition to gathering results.,Даёт шанс получить дополнительную часовую шестерёнку при каждом взмахе в дополнение к результатам сбора.
Grants a chance to receive a bonus watchwork sprocket on each swing in addition to your gathering results.,Даёт шанс получить дополнительную часовую шестерёнку при каждом взмахе в дополнение к результатам сбора.
Grants a chance to receive bonus cloth scraps in addition to your gathering results. Material types are determined by your character level and location in the world.,Даёт шанс получить дополнительные обрезки ткани в дополнение к результатам сбора. Типы материалов зависят от уровня вашего персонажа и местоположения в мире.
Grants a chance to receive bonus harvesting materials in addition to your gathering results. Material types are determined by your character level and location in the world.,Даёт шанс получить дополнительные материалы для сбора в дополнение к результатам сбора. Типы материалов зависят от уровня вашего персонажа и местоположения в мире.
Grants a chance to receive bonus leather scraps in addition to your gathering results. Material types are determined by your character level and location in the world.,Даёт шанс получить дополнительные обрезки кожи в дополнение к результатам сбора. Типы материалов зависят от уровня вашего персонажа и местоположения в мире.
Grants a chance to receive bonus ores in addition to your gathering results. Material types are determined by your character level and location in the world.,Даёт шанс получить дополнительные руды в дополнение к результатам сбора. Типы материалов зависят от уровня вашего персонажа и местоположения в мире.
Grants a chance to receive bonus wood logs in addition to your gathering results. Material types are determined by your character level and location in the world.,Даёт шанс получить дополнительные брёвна в дополнение к результатам сбора. Типы материалов зависят от уровня вашего персонажа и местоположения в мире.
"Grants a large amount of Crystal Desert Mastery experience.,
<c=@Flavor>Formerly traded across Elona, but banned under Palawa Joko. These are still valued by collectors
Grants a large amount of End of Dragons Mastery experience.,Дарует большое количество опыта мастерства «Конец Драконов».
Grants a large amount of End of Dragons Mastery experience.","Дарует большое количество опыта мастерства Пустыни Кристалла.,
<c=@Flavor>Ранее продавался по всей Элоне, но запрещён при Палаве Джоко. Эти всё ещё ценятся коллекционерами
Дарует большое количество опыта мастерства «Конец Драконов».,
Дарует большое количество опыта мастерства «Конец Драконов»."
"Grants a large amount of Secrets of the Obscure Mastery experience.,
<c=@Flavor>Assumed to be minted by the Astral Ward, these are valued by collectors
Grants a large amount of Visions of Eternity Mastery experience.,Дает большой опыт мастерства в Видениях Вечности.
Grants a large amount of experience.,Дает много опыта.
Grants a large amount of karma. Affected by karma bonuses.,Дает много кармы. На величину влияют бонусы к карме.
Grants a large amount of kodan experience.","Даёт большой опыт мастерства в «Тайнах Запределья».,
<c=@Flavor>Предположительно отчеканены Астральной стражей, ценятся коллекционерами.
Даёт большой опыт мастерства в «Видениях Вечности».,Даёт большой опыт мастерства в Видениях Вечности.
Даёт много опыта.,Даёт много опыта.
Даёт много кармы. На величину влияют бонусы к карме.,Даёт много кармы. На величину влияют бонусы к карме.
Даёт большой опыт кодан."
"Grants a moderate amount of karma.,
<c=@Flavor>Considered an incredible act of faith, the blindfolded pilgrimage is rarely undertaken in these times. </c>","Даёт умеренное количество кармы.,
<c=@Flavor>Считаясь невероятным актом веры, паломничество с завязанными глазами редко предпринимается в наши дни. </c>"
"Grants a moderate amount of karma.,
<c=@Flavor>Elders tell tales of the giants that used to roam this far south.  </c>","Даёт умеренное количество кармы.,
<c=@Flavor>Старцы рассказывают предания о великанах, что когда-то бродили по этим южным землям.  </c>"
"Grants a moderate amount of karma.,
<c=@Flavor>Preying on seekers of Ascension is a timeworn grift for both local hustlers and foreign mountebanks.</c>","Дарует умеренное количество кармы.,
<c=@Flavor>Охота на искателей Вознесения — это старая уловка как для местных мошенников, так и для иностранных шарлатанов.</c>"
"Grants a moderate amount of karma.,
<c=@Flavor>The Elon River School of Painting flourished until an ill-fated salon questioned official narratives.</c>","Даёт умеренное количество кармы.,
<c=@Flavor>Школа живописи реки Элон процветала до тех пор, пока неудачный салон не поставил под сомнение официальные нарративы.</c>"
"Grants a moderate amount of karma.,
<c=@Flavor>The bangle is both large and said to be excellent at distracting the giants that roam the Highlands. </c>","Даёт умеренное количество кармы.,
<c=@Flavor>Браслет большой и, как говорят, отлично отвлекает великанов, бродящих по Нагорьям. </c>"
"Grants a small amount of karma.,«Дает небольшое количество кармы.»
'<c=@Flavor>This collection of Joko''s teachings seems of dubious value.</c>'","Даёт небольшое количество кармы.,«Даёт небольшое количество кармы».
'<c=@Flavor>Эта коллекция учений Джоко кажется сомнительной ценности.</c>'"
"Grants a small amount of karma.,«Дает небольшое количество кармы.»
<c=@Flavor>The choya seemed very excited to present you with this clump of glistening earth.</c>","Даёт небольшое количество кармы.,«Даёт небольшое количество кармы».
<c=@Flavor>Чойя, казалось, был очень рад подарить вам этот комок блестящей земли.</c>"
"Grants a small amount of karma.,«Дает небольшое количество кармы.»
<c=@Flavor>These are much crunchier than the non-golden version, and decidedly less delicious.</c>","Даёт небольшое количество кармы.,«Даёт небольшое количество кармы».
<c=@Flavor>Они намного более хрустящие, чем незолотая версия, и определённо менее вкусные.</c>"
"Grants a small amount of karma.,«Дает небольшое количество кармы.»
<c=@Flavor>These things never work,' but that hasn''t stopped people from trying.</c>'","Даёт небольшое количество кармы.
<c=@Flavor>«Эти штуки никогда не работают», но это не останавливает людей.</c>'"
Grants a small chance to receive a bonus crafting material after gathering in addition to your gathering results.,Даёт небольшой шанс получить дополнительный материал для крафта после сбора в дополнение к результатам сбора.
"Grants a tiny amount of karma.,Дарует крошечное количество кармы.
'<c=@Flavor>The community of Zephyr''s Trace have begun to discover many secrets left behind by their intrepid predecessors.</c>'","Даёт крошечное количество кармы.,
Дарует крошечное количество кармы.
'<c=@Flavor>Сообщество Тропы Зефира начало открывать множество секретов, оставленных их бесстрашными предшественниками.</c>'"
"Grants a tiny amount of karma.,Дарует крошечное количество кармы.
<c=@Flavor>Difficult to catch, but edible. And better in a pot than under your foot.</c>","Дарует крошечное количество кармы.,
<c=@Flavor>Трудно поймать, но съедобно. И лучше в горшке, чем под ногой.</c>"
"Grants a tiny amount of karma.,Дарует крошечное количество кармы.
<c=@Flavor>Ingenious construction causes this basket to provide the fishing village with a steady supply of delicious food for themselves and their raptors.</c>","Дарует крошечное количество кармы.
<c=@Flavor>Гениальная конструкция позволяет этой корзине снабжать рыбацкую деревню постоянным запасом вкусной еды для них и их ящеров.</c>"
"Grants a tiny amount of karma.,Дарует крошечное количество кармы.
<c=@Flavor>These were unseen for a generation, but lately the warrior-monks of Balthazar have been placing these to signify their return.</c>","Дарует крошечное количество кармы.
<c=@Flavor>Их не видели целое поколение, но в последнее время воины-монахи Бальтазара размещают их, чтобы обозначить свое возвращение.</c>"
"Grants both Experience Booster and Item Booster benefits for 2 hours, including:
• +50%% Experience in All Game Types,• +50%% опыта во всех типах игры
• +50%% Reward Track Gain in PvP and WvW,
• Up to 100%% Bonus Experience for Kill Streaks,
• +50%% Magic Find,
• +50%% Chance of Critical Crafting Experience Gain,
• +33%% Chance of Extra Gathering Strike,
• 10 Seconds of Swiftness after Gathering ,
• Summons a Black Lion Merchant If Your Inventory Is Full after Gathering (20-Minute Cooldown)","Дарует эффекты усилителя опыта и усилителя предметов на 2 часа, в том числе:
• +50%% опыта во всех типах игры
• +50%% опыта во всех типах игры
• +50%% к получению очков наград в PvP и WvW
• до 100%% бонусного опыта за серии убийств
• +50%% к поиску магии
• +50%% шанса критического получения опыта в ремёслах
• +33%% шанса дополнительного удара при сборе
• 10 секунд скорости после сбора
• призыв торговца «Чёрный лев», если инвентарь переполнен после сбора (перезарядка 20 мин.)"
"Grants both Experience Booster and Item Booster benefits for 30 minutes:,Даёт преимущества Опытного усилителя и Усилителя предметов на 30 минут:",Даёт преимущества Опытного усилителя и Усилителя предметов на 30 минут:
"Grants the following benefits for 2 hours:,
• +50%% Experience in All Game Types,• +50%% опыта во всех типах игры
• +50%% Reward Track Gain in PvP and WvW,
• Up to 100%% Bonus Experience for Kill Streaks","Даёт следующие преимущества на 2 часа:,
• +50%% опыта во всех типах игры,• +50%% опыта во всех типах игры
• +50%% прироста линии наград в PvP и WvW,
• До 100%% бонусного опыта за серии убийств"
"Grants the following benefits for 30 minutes:,
• +50%% Experience from Kills,
• +75%% Gold from Kills,
• +25%% Reward-Track Gain in PvP and WvW,• +25%% к скорости получения наград в PvP и WvW
• +100%% Magic Find","Дарует следующие преимущества на 30 минут:,
• +50%% опыта за убийства,
• +75%% золота за убийства,
• +25%% к скорости получения наград в PvP и WvW,• +25%% к скорости получения наград в PvP и WvW
• +100%% удачи при поиске трофеев"
"Grants the following benefits for 30 minutes:,
• +50%% Experience in All Game Types,• +50%% опыта во всех типах игры
• +50%% Reward Track Gain in PvP and WvW,
• Up to 100%% Bonus Experience for Kill Streaks","Даёт следующие преимущества на 30 минут:,
• +50%% опыта во всех типах игры,• +50%% опыта во всех типах игры
• +50%% прироста наградной шкалы в PvP и WvW,
• До 100%% бонусного опыта за серии убийств"
"Griffon hatchlings are extremely energetic and precocious.
Combine a white, yellow
Griffoncrack,Трещина Грифона
Grilled Mushroom,
Grilled Portobello Mushroom,
Grilled Poultry,
Grilled Steak,
Grim Machine Axe,Мрачный Механический Топор
Grim Machine Chest,
Grim Machine Dagger,Мрачный Механический Кинжал
Grim Machine Focus,Мрачный Механический Фокус
Grim Machine Greatsword,Мрачный Механический Большой Меч
Grim Machine Hammer,Мрачный Механический Молот
Grim Machine Longbow,Мрачный Механический Длинный Лук
Grim Machine Mace,Мрачная Механическая Булава
Grim Machine Pistol,Мрачный механический пистолет
Grim Machine Rifle,Мрачная механическая винтовка
Grim Machine Scepter,Мрачный механический скипетр
Grim Machine Shield,Мрачный механический щит
Grim Machine Short Bow,Мрачный механический короткий лук
Grim Machine Staff,Мрачный механический посох
Grim Machine Sword,Мрачный механический меч
Grim Machine Torch,Мрачный механический факел
Grim Machine Warhorn,Мрачный механический боевой рог
Grim Pact,Мрачный пакт
Grimward,Гримвард
Grind Mace,Дробильная булава
Grinning Gourd Rifle,Ухмыляющаяся тыквенная винтовка
Grinning Gourd Rifle Skin,
Grinning Tahkayun Mask,Маска Ухмыляющегося Тахаюна
Gritted Bayonet,Зазубренный штык
'Grizzlemouth''s Artifact',Артефакт Гриззлмута
'Grizzlemouth''s Bastion',Бастион Гриззлмута
'Grizzlemouth''s Blade',Клинок Гриззлмута
'Grizzlemouth''s Brazier',Жаровня Гриззлмута
'Grizzlemouth''s Claymore',Клеймор Гриззлмута
'Grizzlemouth''s Fighting Techniques',Боевые техники Гриззлмута
'Grizzlemouth''s Flanged Mace',Фланцевая булава Гриззлмута
'Grizzlemouth''s Greatbow',Великий лук Гриззлмута
'Grizzlemouth''s Harpoon Gun',Гарпунное ружьё Гриззлмута
'Grizzlemouth''s Herald',Глашатай Гриззлмута
'Grizzlemouth''s Impaler',Пронзатель Гриззлмута
'Grizzlemouth''s Musket',Мушкет Гриззлмута
'Grizzlemouth''s Rabid Inscription',
'Grizzlemouth''s Razor',Бритва Гризлмута
'Grizzlemouth''s Reaver',Рейвер Гризлмута
'Grizzlemouth''s Revolver',Револьвер Гризлмута
'Grizzlemouth''s Short Bow',Короткий лук Гризлмута
'Grizzlemouth''s Spire',Шпиль Гризлмута
'Grizzlemouth''s Trident',Трезубец Гризлмута
'Grizzlemouth''s Wand',Жезл Гризлмута
'Grizzlemouth''s Warhammer',Боевой молот Гризлмута
'Grizzlemouth''s Weapon Chest',Сундук с оружием Гризлмута
Groaning Gloves,Стонущие перчатки
Grothmar Crater Circuit: Bronze,Трасса кратера Гротмар: бронза
Grothmar Crater Circuit: Gold,Трасса кратера Гротмар: золото
Grothmar Crater Circuit: Silver,Круговой маршрут кратера Гротмар: Серебро
Grothmar Grand Tour: Bronze,Большой тур Гротмар: Бронза
Grothmar Grand Tour: Gold,Большой тур Гротмар: Золото
Grothmar Grand Tour: Silver,Большой тур Гротмар: Серебро
Grothmar Legionnaire Banner Cache,Тайник знамени легионера Гротмар
Grothmar Legionnaire Weapon Requisition,
Grothmar Legionnaire Weapons Cache,Тайник оружия легионера Гротмар
Grothmar Skyscale Challenge: Bronze,Испытание небесного дракона Гротмар: Бронза
Grothmar Skyscale Challenge: Gold,Испытание небесного дракона Гротмар: Золото
Grothmar Skyscale Challenge: Silver,Испытание небесного дракона Гротмар: Серебро
Grothmar Valley Portal Scroll,Свиток портала в долину Гротмар
Grothmar Warchest,
Grove Gate Link,Переход к роще
Grove Hydria,Рощевая гидрия
Grow Lamp,
Grown in the homestead. The seedlings are purchased from Deft Lahar.","Птенцы грифона чрезвычайно энергичны и рано развиваются.
Соедините белый, жёлтый
Трещина Грифона
Жареный гриб,
Жареный гриб портобелло,
Жареная птица,
Жареный стейк,
Мрачный механический топор,
Мрачный механический сундук,
Мрачный механический кинжал,
Мрачный механический фокус,
Мрачный механический большой меч,
Мрачный механический молот,
Мрачный механический длинный лук,
Мрачная механическая булава,
Мрачный механический пистолет,
Мрачная механическая винтовка,
Мрачный механический скипетр,
Мрачный механический щит,
Мрачный механический короткий лук,
Мрачный механический посох,
Мрачный механический меч,
Мрачный механический факел,
Мрачный механический боевой рог,
Мрачный пакт,
Гримвард,
Дробильная булава,
Ухмыляющаяся тыквенная винтовка,
Облик ухмыляющейся тыквенной винтовки,
Маска ухмыляющегося Тахаюна,
Зазубренный штык,
Артефакт Гриззлмута,
Бастион Гриззлмута,
Клинок Гриззлмута,
Жаровня Гриззлмута,
Клеймор Гриззлмута,
Боевые техники Гриззлмута,
Фланцевая булава Гриззлмута,
Великий лук Гриззлмута,
Гарпунное ружьё Гриззлмута,
Глашатай Гриззлмута,
Пронзатель Гриззлмута,
Мушкет Гриззлмута,
Бешеная гравировка Гриззлмута,
Бритва Гризлмута,
Жнец Гризлмута,
Револьвер Гризлмута,
Короткий лук Гризлмута,
Шпиль Гризлмута,
Трезубец Гризлмута,
Жезл Гризлмута,
Боевой молот Гризлмута,
Сундук с оружием Гризлмута,
Стонущие перчатки,
Трасса кратера Гротмар: бронза,
Трасса кратера Гротмар: золото,
Круговой маршрут кратера Гротмар: серебро,
Большой тур Гротмар: бронза,
Большой тур Гротмар: золото,
Большой тур Гротмар: серебро,
Тайник знамени легионера Гротмар,
Заявка на оружие легионера Гротмар,
Тайник оружия легионера Гротмар,
Испытание скайскейла Гротмар: бронза,
Испытание скайскейла Гротмар: золото,
Испытание скайскейла Гротмар: серебро,
Свиток портала в долину Гротмар,
Военный сундук Гротмар,
Переход к роще,
Рощевая гидрия,
Лампа роста,
Выращено в усадьбе. Саженцы получены от Дефта Лахара."
"Heart of fire,' soul of flame. Smoke and ashes mark this beast''s domain.'","Сердце огня, душа пламени. Дым и пепел отмечают владения этого зверя."
Herald of Aurene Outfit,Наряд «Вестник Аурены»
"Holding this empty bottle, you feel slightly uncomfortable
<c=@flavor>Abandoned long ago, but only recently realized.</c>","Держа эту пустую бутылку, вы чувствуете лёгкий дискомфорт
<c=@flavor>Покинута давно, но осознана только недавно.</c>"
"Immediately adds 1 Café Transporter to your stock of homestead decorations.,«Немедленно добавляет 1 кафе-транспортёр в ваш запас украшений жилища.»
<c=@flavor>Café customers will enter and exit your homestead from this decoration if it is placed instead of from the waypoint.</c>","Немедленно добавляет 1 кафе-транспортёр в ваш запас украшений усадьбы.,«Немедленно добавляет 1 кафе-транспортёр в ваш запас украшений усадьбы».
<c=@flavor>Если установлено это украшение, посетители кафе будут входить и выходить из вашего усадьбы через него, а не через точку перемещения.</c>"
Immediately receive 150 research notes.,Немедленно получите 150 исследовательских заметок.
"In Echovald Wilds,' deactivate the haywire Gods'' Vengeance.'",В дебрях Эховалда отключите разбушевавшуюся «Месть богов».
"In honor of those who cleared the way.,
Double-click to open.,'Дважды щелкните, чтобы открыть.'
Contains bonus Airship Parts.","В честь тех, кто расчистил путь.,
Дважды щёлкните, чтобы открыть.,
Содержит бонусные детали дирижабля."
"In honor of those who cleared the way.,
Double-click to open.,'Дважды щелкните, чтобы открыть.'
Contains bonus Lumps of Aurillium.","В честь тех, кто расчистил путь.,
Дважды щёлкните, чтобы открыть.,'Дважды щёлкните, чтобы открыть.'
Содержит бонусные глыбы Ауриллиума."
"In honor of those who cleared the way.,
Double-click to open.,'Дважды щелкните, чтобы открыть.'
Contains bonus ley-line crystals.","В честь тех, кто расчистил путь.,
Дважды щёлкните, чтобы открыть.,'Дважды щёлкните, чтобы открыть.'
Содержит бонусные кристаллы лей-линии."
"In which His Royal Madness ascends to the Krytan throne and wields his first decree.,
'<c=@flavor>—Search the dead streets and forgotten thoroughfares of another Lion''s Arch. (Site #2)',
'—Say more now and look more where Kryta''s descendants are buried. (Site #3)</c>'","В котором Его Королевское Безумие восходит на крайтанский трон и издаёт свой первый указ.,
'<c=@flavor>—Обыщите мёртвые улицы и забытые проходы другого Львиного Шпиля. (Место #2)',
'—Скажи больше сейчас и смотри больше туда, где покоятся потомки Крайта. (Место #3)</c>'"
"In which His Royal Madness, yet but a boy
<c=@flavor>—Dig deep in the muck,' where all the garbage of Lion''s Arch flows. (Site #1)'
—Find Provernic,' where the first king''s bones rot in the hills. (Site #5)</c>'","В котором Его Королевское Безумие, ещё будучи мальчиком
<c=@flavor>—Ройся глубоко в грязи, где течет весь мусор Львиного Шпиля. (Место №1)'
—Найди Проверника, где гниют кости первого короля на холмах. (Место №5)</c>'"
"In which King Thorn relieves thieves of their hands.,
<c=@flavor>—This hinterland village was home to a goddess and a martyr. (Site #6)</c>","В коей король Торн избавляет воров от их рук.
<c=@flavor>—Эта глухая деревня была домом для богини и мученика. (Место №6)</c>"""
"In which Lord Oswald Thorn, the new heir to the throne
'<c=@flavor>—Say more now and look more where Kryta''s descendants are buried. (Site #3)','<c=@flavor>—Говори больше сейчас и смотри больше туда, где покоятся потомки Криты. (Участок №3)'
—Find Provernic,' where the first king''s bones rot in the hills. (Site #5)</c>'","В котором лорд Освальд Торн, новый наследник престола
'<c=@flavor>—Говори больше сейчас и смотри больше туда, где покоятся потомки Крайты. (Участок №3)','<c=@flavor>—Говори больше сейчас и смотри больше туда, где покоятся потомки Крайты. (Участок №3)'
—Найди Проверника,' где кости первого короля гниют на холмах. (Участок №5)</c>'"
"In which Os and his elder brother, Ewie
<c=@flavor>—Deep in the muck,' where all the garbage of Lion''s Arch flows. (Site #1)'
'—Search the dead streets and forgotten thoroughfares of another Lion''s Arch. (Site #2)</c>'","В которой Ос и его старший брат Иви
<c=@flavor>—Глубоко в грязи, куда стекается весь мусор Львиного Шпиля. (Место №1)'
'—Обыщите мёртвые улицы и забытые проезды другого Львиного Шпиля. (Место №2)</c>'"
"In which Os woos Lady Lyrica with graceless verve and uncomfortable silences.,
<c=@flavor>—Go into the hills and set down black roots in stagnant waters. (Site #4),
—Find Provernic,' where the first king''s bones rot in the hills. (Site #5)</c>'","В котором Ос неуклюже и с неловкими паузами ухаживает за леди Лирикой.,
<c=@flavor>—Отправляйтесь в холмы и укорените чёрные корни в стоячих водах. (Участок №4),
—Найдите Проверника, где гниют кости первого короля в холмах. (Участок №5)</c>'"
"In which a friend joins young Oswald Thorn for the adventure of a lifetime.,
'<c=@flavor>—Say more now and look more where Kryta''s descendants are buried. (Site #3)','<c=@flavor>—Говори больше сейчас и смотри больше туда, где покоятся потомки Криты. (Участок №3)'
—Go into the hills and set down black roots in stagnant waters. (Site #4)</c>","В которой друг присоединяется к юному Освальду Торну в приключении всей жизни.,
'<c=@flavor>—Говори больше сейчас и смотри больше туда, где покоятся потомки Крайты. (Участок №3)','<c=@flavor>—Говори больше сейчас и смотри больше туда, где покоятся потомки Крайты. (Участок №3)'
—Иди в холмы и укорени чёрные корни в стоячих водах. (Участок №4)</c>"
"In which a rebellious village goes up in flames.,
'<c=@flavor>—Walk in cadence with King Thorn''s shattered subjects. They keep their hatred deep within. (Site #10)</c>'","В коей мятежная деревня обращается в пламя.
<c=@flavor>—Идите в ногу с разбитыми подданными короля Терна. Они глубоко хранят свою ненависть. (Место №10)</c>"""
"In which the king makes an example of ungrateful peasants.,В которой король наказывает неблагодарных крестьян в назидание.","В которой король наказывает неблагодарных крестьян в назидание.,В которой король наказывает неблагодарных крестьян в назидание."
"Information on the patrols around the mine and the dredge defensive capabilities. Grimarr Molesmasher, outside of Molensk
Infused Aurora Chestguard Skin,
Infused Aurora Gloves Skin,
Infused Aurora Leggings Skin,
'Infused Jalis''s Signet Ring',Насыщенный перстень-печатка Джейлиса
'Infused Jalis''s Signet Ring (Attuned)',
Infused Katana Sword Skin,
Infused Living Crystal,Насыщенный живой кристалл
Infused Meditation Log Book,Насыщенный журнал медитации
Infused Oily Fish Meat,Насыщенное маслянистое рыбное мясо
Infused Samurai Outfit,Насыщенный наряд самурая
Infused Soul Mirror,Насыщенное зеркало души
Infused Tiger Food,Насыщенная тигриная еда
Infused Tiger Milk,Насыщенное тигриное молоко
Infused Tiger Supplements,Насыщенные тигриные добавки
Infused Wakizashi Dagger Skin,
Infusible Aquabreather Box,Коробка с инфузируемым аквадыхателем
Infusible Cloth Aquabreather,Инфузируемый тканевый аквадыхатель
Infusible Leather Aquabreather,Инфузируемый кожаный аквадыхатель
Infusible Metal Aquabreather,Инфузируемый металлический аквадыхатель
Infusion Extraction Device,Устройство извлечения вливания
Ingredient,Ингредиент
Ingredient","Информация о патрулях у шахты и оборонительных возможностях дредж. Гримарр Молотобоец, за пределами Моленска
Инфузированный кожаный доспех «Сияющая заря»,
Инфузированные перчатки «Сияющая заря»,
Инфузированные поножи «Сияющая заря»,
Инфузированный перстень-печатка Джейлиса,
Инфузированный перстень-печатка Джейлиса (настроен),
Инфузированный облик катаны,
Насыщенный живой кристалл,
Насыщенный журнал медитации,
Насыщенное маслянистое рыбное мясо,
Насыщенный наряд самурая,
Насыщенное зеркало души,
Насыщенная тигриная еда,
Насыщенное тигриное молоко,
Насыщенные тигриные добавки,
Инфузированный облик кинжала вакидзаси,
Коробка с инфузируемым аквадыхателем,
Инфузируемый тканевый аквадыхатель,
Инфузируемый кожаный аквадыхатель,
Инфузируемый металлический аквадыхатель,
Устройство извлечения вливания,
Ингредиент,
Ингредиент"
"Ingredient,
A rare potato found hidden in potato patches.,'Редкая картофелина, спрятанная на картофельных грядках.'
<c=@flavor>A rare and wonderfully complex potato.<c>","Ингредиент,
Редкая картофелина, спрятанная на картофельных грядках.,'Редкая картофелина, спрятанная на картофельных грядках.'
<c=@flavor>Редкая и удивительно сложная картофелина.<c>"
"Ingredient,
Dropped by risen Orrians.,Выпадает с восставших оррианцев.
<c=@flavor>Caution: Sometimes found attached to risen Orrians.<c>","Ингредиент,
Выпадает с восставших оррианцев.,
<c=@flavor>Внимание: Иногда встречается на восставших оррианцах.<c>"
"Intellect, willpower
Intelligence Report: Palawa Joko I,Разведывательное донесение: Палава Джоко I
Intelligence Report: Palawa Joko I Page 01,'Разведдонесение: Палава Джоко I, стр. 01'
Intelligence Report: Palawa Joko I Page 02,
Intelligence Report: Palawa Joko I Page 03,
Intelligence Report: Palawa Joko I Page 04,
Intelligence Report: Palawa Joko I Page 05,
Intelligence Report: Palawa Joko I Page 06,
Intelligence Report: Palawa Joko I Page 07,
Intercepted Inquest Calculations,Перехваченные расчёты Исследовательского совета
Intertwined Wood Band,
Into the Puzzling Dark,В загадочную тьму
Intricate Amethyst Jewel,
'Intricate Armorsmith''s Backpack',Рюкзак затейливого оружейника
'Intricate Armorsmith''s Tools',Сложные инструменты бронника
'Intricate Artificer''s Backpack',Сложный ранец артефактора
'Intricate Artificer''s Tools',Сложные инструменты артефактора
Intricate Carnelian Jewel,
'Intricate Huntsman''s Backpack',Замысловатый рюкзак охотника
'Intricate Huntsman''s Tools',Сложные инструменты охотника
'Intricate Jeweler''s Backpack',Сложный рюкзак ювелира
'Intricate Jeweler''s Tools',Сложные инструменты ювелира
Intricate Lapis Jewel,
'Intricate Leatherworker''s Backpack',Искусный рюкзак кожевника
'Intricate Leatherworker''s Tools',Сложные инструменты кожевника
Intricate Peridot Jewel,
'Intricate Scribe''s Backpack',Искусный рюкзак писаря
'Intricate Scribe''s Tools',
Intricate Snowflake,Искусная снежин[ка|ки|ок]
Intricate Spinel Jewel,
Intricate Sunstone Jewel,
'Intricate Tailor''s Backpack',Замысловатый рюкзак портного
'Intricate Tailor''s Tools',Сложные инструменты портного
Intricate Topaz Jewel,
Intricate Totem,Замысловатый тотем
Intricate Watchwork Box,Замысловатая шкатулка с часовым механизмом
'Intricate Weaponsmith''s Backpack',Замысловатый рюкзак оружейника
'Intricate Weaponsmith''s Tools',Сложные инструменты оружейника
Intricately Carved Orrian Relic,Искусно вырезанный оррианский реликт
'Invader''s Accessory',Аксессуар захватчика
'Invader''s Amulet',Амулет захватчика
'Invader''s Axe',Топор захватчика
'Invader''s Dagger',Кинжал захватчика
'Invader''s Focus',Фокус захватчика
'Invader''s Greatsword',Большой меч захватчика
'Invader''s Hammer',Молот захватчика
'Invader''s Harpoon Gun',Гарпунное ружьё захватчика
'Invader''s Heavy Boots',Тяжёлые сапоги захватчика
'Invader''s Heavy Chestguard',Тяжёлый нагрудник захватчика
'Invader''s Heavy Gloves',Тяжелые перчатки захватчика
'Invader''s Heavy Helm',Тяжелый шлем захватчика
'Invader''s Heavy Leggings',Тяжелые поножи захватчика
'Invader''s Heavy Shoulders',Тяжелые наплечники захватчика
'Invader''s Light Boots',Легкие сапоги захватчика
'Invader''s Light Chestguard',Легкий нагрудник захватчика
'Invader''s Light Gloves',Легкие перчатки захватчика
'Invader''s Light Helm',Легкий шлем захватчика
'Invader''s Light Leggings',Легкие поножи захватчика
'Invader''s Light Shoulders',Легкие наплечники захватчика
'Invader''s Longbow',Длинный лук захватчика
'Invader''s Mace',Булава захватчика
'Invader''s Medium Boots',Средние сапоги захватчика
'Invader''s Medium Chestguard',Средний нагрудник захватчика
'Invader''s Medium Gloves',Средние перчатки захватчика
'Invader''s Medium Helm',Средний шлем захватчика
'Invader''s Medium Leggings',Средние поножи захватчика
'Invader''s Medium Shoulders',Средние наплечники захватчика
'Invader''s Pistol',Пистолет захватчика
'Invader''s Rifle',Винтовка захватчика
'Invader''s Ring',Кольцо захватчика
'Invader''s Scepter',Скипетр захватчика
'Invader''s Shield',Щит захватчика
'Invader''s Short Bow',Короткий лук захватчика
'Invader''s Spear',Копьё захватчика
'Invader''s Staff',Посох захватчика
'Invader''s Sword',Меч захватчика
'Invader''s Torch',Факел захватчика
'Invader''s Trident',Трезубец захватчика
'Invader''s Warhorn',Рог войны захватчика
Invasion of Vabbi,Вторжение в Вабби
'Inventor''s Merit',Заслуга изобретателя
'Inventor''s Sunglasses',Очки изобретателя
'Inventor''s Sunglasses Skin',
Inverted Blade Wings Backpack,Рюкзак «Перевёрнутые крылья клинка»
Inverted Blade Wings Glider,Планер «Перевёрнутые крылья клинка»
Investigation Kit,
'Invisible Berserker''s Mushroom Spore',
Invisible Boot Box,
Invisible Boots,Невидимые сапоги
'Invisible Chronomancer''s Mushroom Spore',
'Invisible Daredevil''s Mushroom Spore',
'Invisible Dragonhunter''s Mushroom Spore',
'Invisible Druid''s Mushroom Spore',
'Invisible Herald''s Mushroom Spore',
'Invisible Reaper''s Mushroom Spore',
'Invisible Scrapper''s Mushroom Spore',
Invisible Slippers,Невидимые тапочки
Invisible Stompers,Невидимые топтуны
'Invisible Tempest''s Mushroom Spore',
Invitation,
Invitation from Queen Jennah,
Invitation to """"Lily of the Elon""""""","Интеллект, сила воли
Разведывательное донесение: Палава Джоко I
Разведывательное донесение: Палава Джоко I, стр. 01
Разведдонесение: Палава Джоко I, стр. 02
Разведдонесение: Палава Джоко I, стр. 03
Разведдонесение: Палава Джоко I, стр. 04
Разведдонесение: Палава Джоко I, стр. 05
Разведдонесение: Палава Джоко I, стр. 06
Разведдонесение: Палава Джоко I, стр. 07
Перехваченные расчёты Исследовательского совета
Переплетённая деревянная лента
В загадочную тьму
Затейливый аметистовый самоцвет
Рюкзак затейливого оружейника
Сложные инструменты бронника
Сложный ранец артефактора
Сложные инструменты артефактора
Затейливый сердоликовый самоцвет
Замысловатый рюкзак охотника
Сложные инструменты охотника
Сложный рюкзак ювелира
Сложные инструменты ювелира
Затейливый лазуритовый самоцвет
Искусный рюкзак кожевника
Сложные инструменты кожевника
Затейливый перидотовый самоцвет
Искусный рюкзак писаря
Сложные инструменты писаря
Искусная снежинка
Затейливый шпинелевый самоцвет
Затейливый солнечный камень
Замысловатый рюкзак портного
Сложные инструменты портного
Затейливый топазовый самоцвет
Замысловатый тотем
Замысловатая шкатулка с часовым механизмом
Замысловатый рюкзак оружейника
Сложные инструменты оружейника
Искусно вырезанный оррианский реликт
Аксессуар захватчика
Амулет захватчика
Топор захватчика
Кинжал захватчика
Фокус захватчика
Большой меч захватчика
Молот захватчика
Гарпунное ружьё захватчика
Тяжёлые сапоги захватчика
Тяжёлый нагрудник захватчика
Тяжёлые перчатки захватчика
Тяжёлый шлем захватчика
Тяжёлые поножи захватчика
Тяжёлые наплечники захватчика
Лёгкие сапоги захватчика
Лёгкий нагрудник захватчика
Лёгкие перчатки захватчика
Лёгкий шлем захватчика
Лёгкие поножи захватчика
Лёгкие наплечники захватчика
Длинный лук захватчика
Булава захватчика
Средние сапоги захватчика
Средний нагрудник захватчика
Средние перчатки захватчика
Средний шлем захватчика
Средние поножи захватчика
Средние наплечники захватчика
Пистолет захватчика
Винтовка захватчика
Кольцо захватчика
Скипетр захватчика
Щит захватчика
Короткий лук захватчика
Копьё захватчика
Посох захватчика
Меч захватчика
Факел захватчика
Трезубец захватчика
Рог войны захватчика
Вторжение в Вабби
Заслуга изобретателя
Очки изобретателя
Облик «Очки изобретателя»
Рюкзак «Перевёрнутые крылья клинка»
Планер «Перевёрнутые крылья клинка»
Набор для расследования
Невидимая спора гриба берсерка
Коробка невидимых сапог
Невидимые сапоги
Невидимая спора гриба хрономанта
Невидимая спора гриба сорвиголовы
Невидимая спора гриба драконоборца
Невидимая спора гриба друида
Невидимая спора гриба глашатая
Невидимая спора гриба жнеца
Невидимая спора гриба приспособленца
Невидимые тапочки
Невидимые топтуны
Невидимая спора гриба буревестника
Приглашение
Приглашение от королевы Дженны
Приглашение на «Лилию Элоны»"
"Interacting with an active device will disable it.""","Взаимодействие с активным устройством отключит его."""
It smells like singed fur and feathers. Use this item to transform into...something. The bottle seems to be self-replenishing.,"Пахнет опалённым мехом и перьями. Используйте этот предмет, чтобы превратиться в... кого-то. Бутылка, кажется, самовосполняется."
It smells like some sort of furniture polish. Use this item to transform into...something. The bottle seems to be self-replenishing.,"Пахнет каким-то средством для мебели. Используйте этот предмет, чтобы превратиться в... кого-то. Бутылка, кажется, самовосполняется."
It smells of the forest. Use this item to transform into...something. The bottle seems to be self-replenishing.,"Пахнет лесом. Используйте этот предмет, чтобы превратиться в... нечто. Бутылка, похоже, самовосполняется."
"Ivane Saberlin,
809 Frost X00V,
Balance","Иван Саберлин,
809 Мороз X00V,
Баланс"
"Located in Crystal Oasis,
• Quick Travel to All Cities,
• Crafting Stations,
• Bank and Guild Bank Access,
• Mystic Forge,
• Merchants,
• And more! All within easy reach, for those who enjoy the ultimate convenience.","Расположен в Кристальном оазисе,
• Быстрое путешествие во все города,
• Станции ремесла,
• Доступ к банку и банку гильдии,
• Мистическая кузница,
• Торговцы,
• И многое другое! Всё в пределах лёгкой досягаемости для тех, кто ценит максимальное удобство."
"Located in Ember Bay.,Находится в бухте Эмбер.",Находится в Бухте Углей.
"Located in the Crystal Oasis.,
• Crafting Stations,
• Bank and Guild-Bank Access,
• Mystic Forge,
• Merchants,
'<c=@Flavor>A handwritten invitation to ""Elona''s most luxurious retreat',"" the Lily of the Elon.</c>","Находится в Кристальном оазисе.,
• Станции крафта,
• Доступ к банку и гильдийскому банку,
• Мистическая кузница,
• Торговцы,
'<c=@Flavor>Рукописное приглашение в «самый роскошный курорт Элоны», «Лилия Элона».</c>"
Made by combining these items in the Mystic Forge:,Создаётся путём объединения этих предметов в Мистической кузнице:
"Made by combining these items in the Mystic Forge:
• 1 Bloodstone Shard
• 250 Obsidian Shards
• 1 Gift of Exploration
• 1 Gift of Battle","Создаётся соединением этих предметов в Мистической кузнице:
• 1 Bloodstone Shard
• 250 Obsidian Shards
• 1 Gift of Exploration
• 1 Gift of Battle"
"Made by combining these items in the Mystic Forge:
• 1 Gift of Energy
• 1 Eel Statue
• 100 Icy Runestones
• 1 Superior Sigil of Venom","Создаётся соединением этих предметов в Мистической кузнице:
• 1 Gift of Energy
• 1 Eel Statue
• 100 Icy Runestones
• 1 Superior Sigil of Venom"
"Made by combining these items in the Mystic Forge:
• 1 Gift of Energy
• 1 Gift of Color
• 100 Icy Runestones
• 1 Superior Sigil of Nullification","Создаётся соединением этих предметов в Мистической кузнице:
• 1 Gift of Energy
• 1 Gift of Color
• 100 Icy Runestones
• 1 Superior Sigil of Nullification"
"Made by combining these items in the Mystic Forge:
• 1 Gift of Energy
• 1 Gift of Music
• 100 Icy Runestones
• 1 Superior Sigil of Energy","Создаётся соединением этих предметов в Мистической кузнице:
• 1 Gift of Energy
• 1 Gift of Music
• 100 Icy Runestones
• 1 Superior Sigil of Energy"
"Made by combining these items in the Mystic Forge:
• 1 Gift of Energy
• 1 Gift of Weather
• 100 Icy Runestones
• 1 Superior Sigil of Air","Создаётся соединением этих предметов в Мистической кузнице:
• 1 Gift of Energy
• 1 Gift of Weather
• 100 Icy Runestones
• 1 Superior Sigil of Air"
"Made by combining these items in the Mystic Forge:
• 1 Gift of Metal
• 1 Gift of Darkness
• 100 Icy Runestones
• 1 Superior Sigil of Blood","Создаётся соединением этих предметов в Мистической кузнице:
• 1 Gift of Metal
• 1 Gift of Darkness
• 100 Icy Runestones
• 1 Superior Sigil of Blood"
"Made by combining these items in the Mystic Forge:
• 1 Gift of Metal
• 1 Gift of Entertainment
• 100 Icy Runestones
• 1 Superior Sigil of Energy","Создаётся соединением этих предметов в Мистической кузнице:
• 1 Gift of Metal
• 1 Gift of Entertainment
• 100 Icy Runestones
• 1 Superior Sigil of Energy"
"Made by combining these items in the Mystic Forge:
• 1 Gift of Metal
• 1 Gift of History
• 100 Icy Runestones
• 1 Superior Sigil of Battle","Создаётся соединением этих предметов в Мистической кузнице:
• 1 Gift of Metal
• 1 Gift of History
• 100 Icy Runestones
• 1 Superior Sigil of Battle"
"Made by combining these items in the Mystic Forge:
• 1 Gift of Metal
• 1 Gift of Ice
• 100 Icy Runestones
• 1 Superior Sigil of Ice","Создаётся соединением этих предметов в Мистической кузнице:
• 1 Gift of Metal
• 1 Gift of Ice
• 100 Icy Runestones
• 1 Superior Sigil of Ice"
"Made by combining these items in the Mystic Forge:
• 1 Gift of Metal
• 1 Gift of Light
• 100 Icy Runestones
• 1 Superior Sigil of Strength","Создаётся соединением этих предметов в Мистической кузнице:
• 1 Gift of Metal
• 1 Gift of Light
• 100 Icy Runestones
• 1 Superior Sigil of Strength"
"Made by combining these items in the Mystic Forge:
• 1 Gift of Metal
• 1 Gift of Lightning
• 100 Icy Runestones
• 1 Superior Sigil of Air","Создаётся соединением этих предметов в Мистической кузнице:
• 1 Gift of Metal
• 1 Gift of Lightning
• 100 Icy Runestones
• 1 Superior Sigil of Air"
"Made by combining these items in the Mystic Forge:
• 1 Gift of Metal
• 1 Shark Statue
• 100 Icy Runestones
• 1 Superior Sigil of Agony","Создаётся соединением этих предметов в Мистической кузнице:
• 1 Gift of Metal
• 1 Shark Statue
• 100 Icy Runestones
• 1 Superior Sigil of Agony"
"Made by combining these items in the Mystic Forge:
• 1 Gift of Metal
• 1 Vial of Liquid Flame
• 100 Icy Runestones
• 1 Superior Sigil of Fire","Создаётся соединением этих предметов в Мистической кузнице:
• 1 Gift of Metal
• 1 Vial of Liquid Flame
• 100 Icy Runestones
• 1 Superior Sigil of Fire"
"Made by combining these items in the Mystic Forge:
• 1 Gift of Metal
• 1 Vial of Quicksilver
• 1 100 Icy Runestones
• 1 Superior Sigil of Benevolence","Создаётся соединением этих предметов в Мистической кузнице:
• 1 Gift of Metal
• 1 Vial of Quicksilver
• 1 100 Icy Runestones
• 1 Superior Sigil of Benevolence"
"Made by combining these items in the Mystic Forge:
• 1 Gift of Wood
• 1 Gift of Entertainment
• 100 Icy Runestones
• 1 Superior Sigil of Stamina","Создаётся соединением этих предметов в Мистической кузнице:
• 1 Gift of Wood
• 1 Gift of Entertainment
• 100 Icy Runestones
• 1 Superior Sigil of Stamina"
"Made by combining these items in the Mystic Forge:
• 1 Gift of Wood
• 1 Gift of Nature
• 100 Icy Runestones
• 1 Superior Sigil of Celerity","Создаётся соединением этих предметов в Мистической кузнице:
• 1 Gift of Wood
• 1 Gift of Nature
• 100 Icy Runestones
• 1 Superior Sigil of Celerity"
"Made by combining these items in the Mystic Forge:
• 1 Gift of Wood
• 1 Gift of Stealth
• 100 Icy Runestones
• 1 Superior Sigil of Force","Создаётся соединением этих предметов в Мистической кузнице:
• 1 Gift of Wood
• 1 Gift of Stealth
• 100 Icy Runestones
• 1 Superior Sigil of Force"
"Made by combining these items in the Mystic Forge:
• 1 Gift of Wood
• 1 Gift of Water
• 100 Icy Runestones
• 1 Superior Sigil of Rage","Создаётся соединением этих предметов в Мистической кузнице:
• 1 Gift of Wood
• 1 Gift of Water
• 100 Icy Runestones
• 1 Superior Sigil of Rage"
"Made by combining these items in the Mystic Forge:
• 1 Gift of Wood
• 1 Unicorn Statue
• 100 Icy Runestones
• 1 Superior Sigil of Purity","Создаётся соединением этих предметов в Мистической кузнице:
• 1 Gift of Wood
• 1 Unicorn Statue
• 100 Icy Runestones
• 1 Superior Sigil of Purity"
"Made by combining these items in the Mystic Forge:
• 1 Gift of Wood
• 1 Vial of Liquid Flame
• 100 Icy Runestones
• 1 Superior Sigil of Fire","Создаётся соединением этих предметов в Мистической кузнице:
• 1 Gift of Wood
• 1 Vial of Liquid Flame
• 100 Icy Runestones
• 1 Superior Sigil of Fire"
"Made by combining these items in the Mystic Forge:
• 1 Gift of Wood
• 1 Wolf Statue
• 100 Icy Runestones
• 1 Superior Sigil of Accuracy","Создаётся соединением этих предметов в Мистической кузнице:
• 1 Gift of Wood
• 1 Wolf Statue
• 100 Icy Runestones
• 1 Superior Sigil of Accuracy"
"Made by combining these items in the Mystic Forge:
• 250 Vials of Powerful Blood
• 250 Powerful Venom Sacs
• 250 Elaborate Totems
• 250 Piles of Crystalline Dust","Создаётся соединением этих предметов в Мистической кузнице:
• 250 Vials of Powerful Blood
• 250 Powerful Venom Sacs
• 250 Elaborate Totems
• 250 Piles of Crystalline Dust"
"Made by combining these items in the Mystic Forge:
• 250 Vicious Fangs
• 250 Armored Scales
• 250 Vicious Claws
• 250 Ancient Bones","Создаётся соединением этих предметов в Мистической кузнице:
• 250 Vicious Fangs
• 250 Armored Scales
• 250 Vicious Claws
• 250 Ancient Bones"
"Made by combining these items in the Mystic Forge:
• 77 Mystic Clovers
• 250 Globs of Ectoplasm
• 1 Gift of Might
• 1 Gift of Magic","Создаётся соединением этих предметов в Мистической кузнице:
• 77 Mystic Clovers
• 250 Globs of Ectoplasm
• 1 Gift of Might
• 1 Gift of Magic"
"Made by combining these items in the Mystic Forge:,Создается путем объединения этих предметов в Таинственной кузнице:","Создаётся путём объединения этих предметов в Мистической кузнице:,Создается путем объединения этих предметов в Мистической кузнице:"
"May Contain: ,«Может содержать: 
• Tomes of Mentorship,
• Tomes of Knowledge,
• Experience Boosters,
• Scroll of Knowledge,
• Spirit Shards","Может содержать: ,«Может содержать: 
• Томы наставничества,
• Томы знаний,
• Усилители опыта,
• Свиток знаний,
• Осколки духа"
"Mildred Goswin,Милдред Госвин","Милдред Госвин,Милдред Госвин"
"Mini Murakai,' Doomlore''s Bane'","'Мини-Муракай, «Проклятие Думлора»'"
Minis are tiny models of creatures from around the world. They can be collected and activated one at a time to follow you around.,"Мини — это крошечные модели существ со всего мира. Их можно собирать и активировать по одному, чтобы они следовали за вами."
"Minis are tiny models of creatures from around the world. They can be collected and activated one at a time to follow you around.""","Миниатюры — это крошечные модели существ со всего мира. Их можно коллекционировать и активировать по одной, чтобы они следовали за вами."
Mist-Hardened Lockbox Keys can be purchased from Dugan in WvW maps.,Закалённые в тумане ключи-шкатулки можно приобрести у Дугана на картах WvW.
Mist-Hardened Lockboxes can be found in weekly reward chests or dropped by keep lords.,Закаленные туманом запертые ящики можно найти в еженедельных сундуках с наградой или получить с хранителей крепости.
Musical Verdarach,Музыкальный вердарах
"Neither moa nor griffon, these strange feathers are completely unfamiliar.","Ни моа, ни грифон — эти странные перья совершенно незнакомы."
"Obscure""","Неясный"""
"Obtain the Gigantic Ice Elemental Core from the remains of the giant ice elemental in Wayfarer Foothills. Bring it to the heart of the volcano core inside the Fractals of the Mists and imbue it in the lava. ,Добудьте гигантское ядро ледяного элементаля из останков гигантского ледяного элементаля в Предгорьях Путника. Отнесите его в жерло вулканического ядра в Осколках тумана и пропитайте его лавой.",Добудьте гигантское ядро ледяного элементаля из останков гигантского ледяного элементаля в Предгорьях Странника. Отнесите его в жерло вулканического ядра в Осколках тумана и пропитайте его лавой.
"Olava Skumasdottir,
403 Bloom XXX0,
Obscure","Олава Скумасдоттир,
403 Блум ИксИксИкс0,
Неизвестный"
"One of the forbidden texts requested by Balam Ri. Double-click to read.,
<c=@Flavor>This item is not required to complete the collection and can be discarded.</c >","Один из запрещенных текстов, запрошенных Баламом Ри. Дважды щёлкните, чтобы прочитать.
<c=@Flavor>Этот предмет не требуется для завершения коллекции, и его можно выбросить.</c >"
"One wrong move and this will crumble to pieces.,
This item only has value as part of the Missing Brood collection.","Одно неверное движение — и это рассыплется на кусочки.,
Этот предмет имеет ценность только как часть коллекции «Пропавший выводок»."
Only effective during April Fools.,Действует только в День дурака.
"Open to choose a new weapon skin to unlock for your account.,
<c=@Flavor>A gift from a friend, in hope that you will carry on our struggle.</c>","Откройте, чтобы выбрать новый облик оружия для разблокировки на вашей учётной записи.,
<c=@Flavor>Подарок от друга в надежде, что вы продолжите нашу борьбу.</c>"
"Open to choose a new weapon skin to unlock for your account.,
<c=@Flavor>A gift from an unknown friend across the seas, in hopes that you will be a useful ally.</c>","Откройте, чтобы выбрать новый облик оружия для разблокировки на своей учётной записи.,
<c=@Flavor>Подарок от незнакомого друга из-за морей, в надежде, что вы станете полезным союзником.</c>"
"Outfits are full sets of clothing that hide other armor. This will not change individual armor pieces, and you will still receive your current armor stats.","Наряды — это полные комплекты одежды, которые скрывают другую броню. Это не изменит отдельные элементы брони, и вы по-прежнему будете получать характеристики вашей текущей брони."
"Piece of a timeworn dwarven door,' perfect for Gerrvid''s collection.'","Часть ветхой дворфской двери, идеально подходящая для коллекции Геррвида."
"Purchase Limit: 5,Лимит покупки: 5
Price increases when purchase limit is reached.,
This item grants an Anguished Tear of Alba, which can be consumed to grant 10 agony resistance for 1 hour.
With Fractal Attunement Mastery, grants an additional 5 agony resistance.","Лимит покупки: 5
Цена увеличивается при достижении лимита покупки.
Этот предмет даёт «Скорбную слезу Альбы», которую можно употребить для получения 10 единиц сопротивления агонии на 1 час.
С мастерством «Сосредоточение на фракталах» даёт дополнительные 5 единиц сопротивления агонии."
Purchase the recipe for this item from any Mystic Forge vendor and reach a chef rating of 400 to craft.,Рецепт этого предмета покупается у любого торговца Мистической кузницы; для изготовления нужен уровень повара 400.
Purchase the recipe for this item from any Mystic Forge vendor and reach a huntsman rating of 400 to craft.,Рецепт этого предмета покупается у любого торговца Мистической кузницы; для изготовления нужен уровень охотника 400.
Purchase the recipe for this item from any Mystic Forge vendor and reach a jeweler rating of 400 to craft.,Рецепт этого предмета покупается у любого торговца Мистической кузницы; для изготовления нужен уровень ювелира 400.
"Purchase the recipe for this item from any Mystic Forge vendor and reach a jeweler rating of 400 to craft.""","Купите рецепт этого предмета у любого торговца Мистической кузницы и достигните рейтинга ювелира 400, чтобы создать его."
Purchase the recipe for this item from any Mystic Forge vendor and reach a leatherworker rating of 400 to craft.,Рецепт этого предмета покупается у любого торговца Мистической кузницы; для изготовления нужен уровень кожевника 400.
Purchase the recipe for this item from any Mystic Forge vendor and reach a tailor rating of 400 to craft.,Рецепт этого предмета покупается у любого торговца Мистической кузницы; для изготовления нужен уровень портного 400.
"Purchase the recipe for this item from any Mystic Forge vendor and reach a tailor rating of 400 to craft.""","Купите рецепт этого предмета у любого торговца Мистической кузницы и достигните 400 уровня портняжного дела, чтобы создать."""
Purchase the recipe for this item from any Mystic Forge vendor and reach a weaponsmith rating of 400 to craft.,Рецепт этого предмета покупается у любого торговца Мистической кузницы; для изготовления нужен уровень оружейника 400.
Purchase the recipe for this item from any Mystic Forge vendor and reach an armorsmith rating of 400 to craft.,Рецепт этого предмета покупается у любого торговца Мистической кузницы; для изготовления нужен уровень бронника 400.
"Purchase the recipe for this item from any Mystic Forge vendor and reach an armorsmith rating of 400 to craft.""","Приобретите рецепт этого предмета у любого торговца Мистической кузницы и достигните уровня кузнеца брони 400, чтобы создать его."
Purchase the recipe for this item from any Mystic Forge vendor and reach an artificer rating of 400 to craft.,Рецепт этого предмета покупается у любого торговца Мистической кузницы; для изготовления нужен уровень артифактора 400.
"Purchase these recipes from renown merchants in Elona after learning the base recipes from the story.""","Приобретите эти рецепты у известных торговцев в Элоне после изучения базовых рецептов из сюжета."""
Purchased from Huntmaster Arnorr in Untamed Crags in Starlit Weald after completing the Starlit Weald Mastery achievement.,Покупается у Хантмастера Арнорра в Неукрощённых утёсах в Звёздной роще после выполнения достижения «Мастерство Звёздной рощи».
Purchased from Rojan the Penitent in Frostgorge Sound after successfully defeating the Claw of Jormag.,Покупается у Роджана Кающегося в Заливе Морозного Ущелья после успешного поражения Когтя Йормага.
Purchased from Tyrian Alliance Representative Sharpwhisker in Glimmering Arches in Shipwreck Strand after completing the Shipwreck Strand Mastery achievement.,Покупается у представителя Тирийского альянса Остроуса в Мерцающих арках на Кораблекрушенном берегу после выполнения достижения «Мастерство Кораблекрушенного берега».
"Purchased from Visions of Eternity renown heart vendors.""","Куплено у продавцов заданий сердца «Видения вечности»."""
Purchased from dungeon vendors for 500 Tales of Dungeon Delving.,Покупается у торговцев подземелий за 500 Tales of Dungeon Delving.
Rare or uncommon dye chances:,Шансы на редкие или необычные красители:
"Really enjoys facing north for some reason.,Почему-то очень любит смотреть на север.",Почему-то очень любит смотреть на север.
Relic of Dwayna,Реликвия Двайны
"Renown Item""","Знаменитый предмет"""
"Renown Item,
Deposit into food baskets to help the Makali community of the Desert Highlands.,
<c=@Flavor>Despite the hardscrabble nature of nomadic life, the generosity on display is immense.</c>","Предмет известности,
Положите в корзины с едой, чтобы помочь общине макали в Пустынных нагорьях.,
<c=@Flavor>Несмотря на суровость кочевой жизни, щедрость здесь огромна.</c>"
"Repackages boosts in your inventory to take up less space and allows you to change boosts to another similar type.,
Each powder will grant one Enchanted Boost in exchange for the following boosts in the quantity listed in the parentheses:,
• Karma Booster (2),
• Experience Booster (1),• Усилитель опыта (1)
• Gathering Booster (1),
• Crafting Booster (1),
• Magic Find Booster (1),
• Killstreak Experience Booster (1),
• Armor Booster (1),• Усилитель брони (1)
• Strength Booster (1),
• Speed Booster (1),
• Rejuvenation Booster (1),• Усилитель восстановления (1)
Double-click to activate.","Переупаковывает усиления в вашем инвентаре, чтобы они занимали меньше места, и позволяет изменить усиления на другой похожий тип.,
Каждый порошок даёт одно зачарованное усиление в обмен на следующие усиления в количестве, указанном в скобках:,
• Усилитель кармы (2),
• Усилитель опыта (1),
• Усилитель сбора (1),
• Усилитель ремесла (1),
• Усилитель поиска магии (1),
• Усилитель опыта за серию убийств (1),
• Усилитель брони (1),
• Усилитель силы (1),
• Усилитель скорости (1),
• Усилитель восстановления (1),
Дважды щёлкните, чтобы активировать."
"Requires """"A Crack in the Ice.""""""",Требуется «Трещина во льду».
"Requires The Head of the Snake.""","Требуется «Голова змеи»."""
Rewarded for finishing first in the World Tournament Series!,Награда за первое место в мировом турнире!
Rewarded for finishing fourth in the World Tournament Series!,Награда за четвертое место в мировом турнире!
Rewarded for finishing second in the World Tournament Series!,Награда за второе место в мировом турнире!!
Rewarded for finishing third in the World Tournament Series!,Награда за третье место в мировом турнире!
"Rewarded from completing the achievement Unknown Nightmares: Experiments in the Shadows.""",Награда за выполнение достижения «Неизвестные кошмары: Эксперименты в тени».
Rewards Volatile Magic in addition to harvesting results.,Награждает нестабильной магией в дополнение к результатам сбора урожая.
Rewards Volatile Magic on each swing in addition to logging results.,"Каждый взмах, помимо древесины, приносит Нестабильную магию."
Rewards Volatile Magic on each swing in addition to mining results.,Награждает нестабильной магией при каждом ударе в дополнение к результатам добычи.
Rewards unbound magic in addition to harvesting results.,Награждает непрочной магией в дополнение к результатам сбора урожая.
Rewards unbound magic on each swing in addition to logging results.,"Каждый взмах, помимо древесины, приносит Свободную магию."
Rewards unbound magic on each swing in addition to mining results.,Награждает несвязанной магией при каждом ударе в дополнение к результатам добычи.
"Rikka gave this to you to help you clean the grime from an extremely dirty cog.,
Double-click to clean.","Рикка дала это тебе, чтобы помочь очистить грязь с чрезвычайно грязной шестерни.,
Дважды щёлкните, чтобы очистить."
"Salvage Item,
'<c=@Flavor> Elona''s cobblers are probably deserving of more praise', considering the longevity of their works.</c>","Предмет для разбора,
'<c=@Flavor> Сапожники Элоны, вероятно, заслуживают большей похвалы', учитывая долговечность их работ.</c>"
"Salvage Item,
'<c=@flavor>Chunks of metal used by the tortured spirits of Balthazar''s Forged army.</c>'","Предмет для утилизации,
'<c=@flavor>Кусочки металла, используемые истерзанными духами армии Кованого Бальтазара.</c>'"
"Salvage for Volatile Magic.""",Разобрать на нестабильную магию.
Salvage for karma.,Разобрать на карму.
"Salvage to be reimbursed complete purchase price.</c>""","Распыление для возмещения полной стоимости покупки.</c>"""
Second Drop:,Второе выпадение:
Seize the Awkward Clothing Outfit,Костюм «Ухвати неловкую одежду»
"Silque ,
109 Tide 00XX,
Natural","Сильк,
109 Прилив 00XX,
Натуральный"
"Skins have no stats of their own.
Can only be used by characters who wear heavy armor.","Облики не имеют собственных характеристик.
Может использоваться только персонажами, носящими тяжёлую броню."
"Skins have no stats of their own.
Can only be used by characters who wear light armor.","Облики не имеют собственных характеристик.
Может использоваться только персонажами, носящими лёгкую броню."
"Skins have no stats of their own.
Can only be used by characters who wear medium armor.","Облики не имеют собственных характеристик.
Может использоваться только персонажами, носящими среднюю броню."
"Smells good enough to eat.,
This item only has value as part of the Missing Brood collection.","Пахнет так, что хочется съесть.,
Этот предмет имеет ценность только как часть коллекции «Пропавший выводок»."
"Some kind of rare and unusual breed... No,' it''s just a stone that looks like a fish.'","Какая-то редкая и необычная порода... Нет, это просто камень, похожий на рыбу."
Some of our rarest chests have gone mad! Getting this chest to open is going to be a journey.,Некоторые из наших редчайших сундуков сошли с ума! Заставить этот сундук открыться будет настоящим приключением.
Someone in Sun's Refuge might be interested in this.,Кого-то в Солнечном Приюте это может заинтересовать.
"Souvenir tooth taken from a ""Big lizard! Saurian!"",
This item only has value as part of the Missing Brood collection.","Сувенирный зуб, взятый у «Большой ящерицы! Заврианина!»,
Этот предмет имеет ценность только как часть коллекции «Пропавший выводок»."
Speak to a Black Lion Armor Trader at the trading post in any major city to exchange this item for an outfit wearable in combat.,"Поговорите с торговцом доспехами из Чёрного льва на торговом посту в любом крупном городе, чтобы обменять этот предмет на наряд, который можно носить в бою."
Speak to a Black Lion Armor Trader in any major city to exchange this for a helmet skin with the same look.,"Поговорите с торговцем доспехами из Чёрного льва в любом крупном городе, чтобы обменять это на облик шлема с таким же внешним видом."
Speak to a Black Lion Armor Trader to exchange this for a portable bundle item.,"Поговорите с торговцем доспехами из Чёрного льва, чтобы обменять это на переносной связной предмет."
"Speak with a quaestor in the Drizzlewood Coast to change your legion preference.""","Поговорите с квестором на Побережье Мороси, чтобы изменить предпочтение легиона."""
Store Living World portal scrolls inside of this tome.,Храните свитки порталов Живого мира внутри этого фолианта.
"Surprisingly,' newborn skimmer pups don''t need any parental care after birth.
Combine 1 Black and 2 Gold Mini Skimmer Pups with 20 Unidentified Dyes in the Mystic Forge to create a Mini Lantern Skimmer Pup.'","Как ни странно, новорожденные детеныши скатов-прыгунов не нуждаются в родительской опеке после рождения.
Объедините 1 чёрного и 2 золотых мини-детеныша ската-прыгуна с 20 неопознанными красителями в Мистической кузнице, чтобы создать мини-детеныша ската-прыгуна-фонарика."
"Surprisingly,' newborn skimmer pups don''t need any parental care after birth.
Combine 1 Black and 2 Orange Mini Skimmer Pups with 12 Unidentified Dyes in the Mystic Forge to create a Mini Gold Skimmer Pup.'","Удивительно, но новорожденные детеныши скиммеров не нуждаются в родительской заботе после рождения.
Соедините 1 чёрного и 2 оранжевых мини-детеныша скиммера с 12 неопознанными красителями в Мистической кузнице, чтобы создать мини-золотого детеныша скиммера."
"Surprisingly,' newborn skimmer pups don''t need any parental care after birth.
Combine 1 Blue and 2 Green Mini Skimmer Pups with 4 Unidentified Dyes in the Mystic Forge to create a Mini Orange Skimmer Pup.
Combine 1 Orange and 2 Blue Mini Skimmer Pups with 4 Unidentified Dyes in the Mystic Forge to create a Mini Purple Skimmer Pup.'","Как ни странно, новорождённые детёныши ската не нуждаются в родительской заботе после рождения.
Соедините 1 синего и 2 зелёных мини-детёныша ската с 4 неопознанными красителями в Мистической кузнице, чтобы создать мини-оранжевого детёныша ската.
Соедините 1 оранжевого и 2 синих мини-детёныша ската с 4 неопознанными красителями в Мистической кузнице, чтобы создать мини-фиолетового детёныша ската."
"Surprisingly,' newborn skimmer pups don''t need any parental care after birth.
Combine 1 Purple and 2 White Mini Skimmer Pups with 12 Unidentified Dyes in the Mystic Forge to create a Mini Silver Skimmer Pup.'","Удивительно, но новорождённые детёныши скатов не нуждаются в родительской заботе после рождения.
Соедините 1 фиолетового и 2 белых мини-детёныша ската с 12 неопознанными красителями в Мистической кузнице, чтобы создать мини-детёныша серебряного ската.'"
"Swirling Mists faintly glow within.,
<c=@reminder>May be sold to vendors.</c>","Внутри слабо мерцают кружащиеся туманы.,
<c=@reminder>Можно продать торговцам.</c>"
Taimi keeps studious and thorough notes.,Тайми ведёт усердные и подробные записи.
Take your chest to Evon Gnashblade to learn more about this mini.,"Отнесите свой сундук Эвону Нэшблэйду, чтобы узнать больше об этом мини."
Talk to Collector Terksli to unwrap this seasonal oddity.,"Поговорите с коллекционером Терксли, чтобы развернуть этот сезонный диковинный предмет."
"Ten-minute cooldown. Can only be used by characters level 10 or greater.""","Десятиминутное восстановление. Может использоваться только персонажами 10 уровня и выше."""
"The 8th Anniversary Supply Drop,
Use this to sign your account up for weekly 8th Anniversary Supply Drops. Receive the first drop immediately and three more between now and September 15.,
First Drop:,
5 Black Lion Chest Keys, a Golden Black Lion Chest Key
Second Drop:,
A Bizarre Beasts Mount Select License, a choice of one Exotic Breeds
Third Drop:,
A Black Lion Dye Canister Package, a Black Lion Backpack and Glider Voucher
Fourth Drop:,Четвёртая капля:
5 Black Lion Statuettes, a Mythic Weapon Choice
The 9th Anniversary Supply Drop","Припасы 8-й годовщины,
Используйте, чтобы подписаться на еженедельные припасы 8-й годовщины. Получите первую каплю немедленно и ещё три до 15 сентября.,
Первая капля:,
5 ключей от сундука Чёрного льва, Золотой ключ от сундука Чёрного льва
Вторая капля:,
Лицензия на выбор скакуна «Причудливые звери», выбор одной из экзотических пород
Третья капля:,
Набор контейнеров с краской Чёрного льва, ваучер на сумку и планер Чёрного льва
Четвёртая капля:,
5 статуэток Чёрного льва, выбор мифического оружия
Припасы 9-й годовщины"
"The New Horizons Supply Drop,
Use this to sign your account up for weekly New Horizons Supply Drops. Receive the first drop immediately and three more between now and September 17.,
First Drop:,
New Horizons Mount Select License, a choice of one Desert Racer
Second Drop:,
Black Lion Outfit Voucher, Victorious Dye Kit
Third Drop:,
2 Black Lion Miniature Claim Tickets, a Black Lion Backpack and Glider Voucher
Fourth Drop:,Четвёртая капля:
1 Black Lion Weapon Ticket, 1 Golden Black Lion Chest Key
The Norn: Legends and Legacies,Норны: Легенды и наследие
The North Wind,Северный ветер
The Olmakhan,Олмакханы
The Opulence of Vabbi,Роскошь Вабби
The Order of Whispers can use this key to hamper Inquest efforts in this area.,'Орден Шепотов может использовать этот ключ, чтобы помешать усилиям Инквеста в этой области.'
'The Ox''s Yoke: Bronze',Ярмо вола: Бронза
'The Ox''s Yoke: Gold',Ярмо вола: Золото
'The Ox''s Yoke: Silver',Ярмо вола: Серебро
The Passions of Faren,Страсти Фарена
The Predator,Хищник
The Predator Vol. 1,Хищник. Том 1
The Predator Vol. 2,Хищник. Том 2
The Predator Vol. 3,Хищник. Том 3
The Punisher,Каратель
The Pure Sound of Nature,
'The Queen''s Necklace',Ожерелье Королевы
The Raven Staff,Посох ворона
The Replicator,Репликатор
'The Scourge of Vabbi''s To-Do List',Список дел Бича Вабби
'The Shatterer''s Crystal',Кристалл Разрушителя
The Shiniest Shiny,
The Shining Blade,Сияющий Клинок
The Shining Blade Manual,
The Sleeping Seed,Спящее семя
The Southsun Rose,Южносолнечная роза
'The Spearmarshal''s Gift',
The Spirits of the Wild,Духи дикой природы
The Stingray,Скат
The Stormpiercer Spear Skin,
The Terrible Choya,Ужасный Чойя
The Terror That Grows,Растущий Ужас
The Theign Star Fragment,Осколок Звезды Тейн
The Thrill of Battle,Восторг битвы
The Throne of Ahdashim,Трон Ахдашима
The True Name,Истинное имя
'The Twins'' Artifact',Артефакт Близнецов
'The Twins'' Bastion',Бастион Близнецов
'The Twins'' Blade',Клинок Близнецов
'The Twins'' Brazier',Жаровня Близнецов
'The Twins'' Breastplate',Нагрудник Близнецов
'The Twins'' Breeches',Бриджи Близнецов
'The Twins'' Claymore',Клеймор Близнецов
'The Twins'' Doublet',Дублет Близнецов
'The Twins'' Epaulets',Эполеты Близнецов
'The Twins'' Flanged Mace',Фланцевая булава Близнецов
'The Twins'' Footwear',Обувь Близнецов
'The Twins'' Greatbow',Большой лук Близнецов
'The Twins'' Greaves',Поножи Близнецов
'The Twins'' Grieving Inscription',
'The Twins'' Grieving Insignia',
'The Twins'' Grips',Хваты Близнецов
'The Twins'' Guise',Обличье Близнецов
'The Twins'' Harpoon Gun',Гарпунное ружьё Близнецов
'The Twins'' Herald',Глашатай Близнецов
'The Twins'' Impaler',Пронзатель Близнецов
'The Twins'' Leggings',Поножи Близнецов
'The Twins'' Masque',Маска Близнецов
'The Twins'' Musket',Мушкет Близнецов
'The Twins'' Pauldrons',Наплечники Близнецов
'The Twins'' Razor',Бритва Близнецов
'The Twins'' Reaver',Разоритель Близнецов
'The Twins'' Revolver',Револьвер Близнецов
'The Twins'' Short Bow',Короткий лук Близнецов
'The Twins'' Shoulderguard',Наплечник Близнецов
'The Twins'' Spire',Шпиль Близнецов
'The Twins'' Striders',Поступь Близнецов
'The Twins'' Tassets',Набедренники Близнецов
'The Twins'' Trident',Трезубец Близнецов
'The Twins'' Visage',Лик Близнецов
'The Twins'' Visor',Забрало Близнецов
'The Twins'' Wand',Жезл Близнецов
'The Twins'' Warfists',Боевые рукавицы Близнецов
'The Twins'' Warhammer',Боевой молот Близнецов
'The Twins'' Wristguards',Наручи Близнецов
The Ugly Stick,Уродливая палка
The Very Hungry Dolyak,Очень голодный доляк
The War Eternal Supply Drop","Припасы «Новые горизонты»,
Используйте это, чтобы подписать свою учётную запись на еженедельные поставки «Новые горизонты». Получите первую поставку немедленно и ещё три до 17 сентября.,
Первая поставка:,
Лицензия на выбор скакуна «Новые горизонты», выбор одного Пустынного гонщика
Вторая поставка:,
Ваучер на наряд Чёрного льва, Набор «Победная краска»
Третья поставка:,
2 билета на получение миниатюры Чёрного льва, Ваучер на рюкзак и планёр Чёрного льва
Четвёртая поставка:,Четвёртая поставка:
Четвёртая поставка:,
1 билет на оружие Чёрного льва, 1 золотой ключ от сундука Чёрного льва
Норны: Легенды и наследие
Северный ветер
Олмакханы
Роскошь Вабби
Орден Шепотов может использовать этот ключ, чтобы помешать усилиям Инквеста в этой области.
Ярмо вола: Бронза
Ярмо вола: Золото
Ярмо вола: Серебро
Страсти Фарена
Хищник
Хищник. Том 1
Хищник. Том 2
Хищник. Том 3
Жнец
Чистый звук природы
Ожерелье Королевы
Посох ворона
Репликатор
Список дел Бича Вабби
Кристалл Разрушителя
Сияющий Клинок
Руководство по Сияющему Клинку
Спящее семя
Южносолнечная роза
Дар Копьеносца
Духи дикой природы
Скат
Облик копья «Пронзающий бурю»
Ужасный Чойя
Растущий Ужас
Осколок Звезды Тейн
Восторг битвы
Трон Ахдашима
Истинное имя
Артефакт Близнецов
Бастион Близнецов
Клинок Близнецов
Жаровня Близнецов
Нагрудник Близнецов
Бриджи Близнецов
Клеймор Близнецов
Дублет Близнецов
Эполеты Близнецов
Фланцевая булава Близнецов
Обувь Близнецов
Большой лук Близнецов
Поножи Близнецов
Скорбная гравировка Близнецов
Скорбный знак Близнецов
Хваты Близнецов
Обличье Близнецов
Гарпунное ружьё Близнецов
Глашатай Близнецов
Пронзатель Близнецов
Поножи Близнецов
Маска Близнецов
Мушкет Близнецов
Наплечники Близнецов
Бритва Близнецов
Жнец Близнецов
Револьвер Близнецов
Короткий лук Близнецов
Наплечник Близнецов
Шпиль Близнецов
Поступь Близнецов
Набедренники Близнецов
Трезубец Близнецов
Лик Близнецов
Забрало Близнецов
Жезл Близнецов
Боевые рукавицы Близнецов
Боевой молот Близнецов
Наручи Близнецов
Уродливая палка
Очень голодный дольяк
Припасы «Вечная война»"
"The backpack of a Vigil leader.,Рюкзак лидера Дозора.",Рюкзак лидера Дозора.
"The bat wing is well preserved.,
<c=@flavor>The wing smells a little funky and tingles with a feeling that reminds you of the Mystic Forge.</c>","Крыло летучей мыши хорошо сохранилось.,
<c=@flavor>Крыло пахнет странновато и покалывает ощущением, напоминающим Мистическую кузницу.</c>"
The edge of this tooth seems sharp enough to cut diamond. It seems to have come from the Realm of Torment.,"Край этого зуба кажется достаточно острым, чтобы резать алмаз. Похоже, он из Царства Мучений."
The faintest air of rage clings to this otherwise empty vessel.,Слабый привкус ярости прилип к этому иначе пустому сосуду.
The finer details have been worn away from centuries in the sand.,"Мелкие детали стерлись за столетия, проведенные в песках."
"The purpose of this note is cryptic, containing esoteric formulae and diagrams. The machine-printed numbers and letters are unremarkable
'The refugees of Marifa pooled together to give you this for all the help you''ve done for them.'","Цель этой записки загадочна, содержит эзотерические формулы и диаграммы. Машинописные буквы и цифры ничем не примечательны.
«Беженцы из Марифы собрались вместе, чтобы подарить тебе это за всю твою помощь им»."
"The unlocked coffer contains rift essence of various tiers.,
Double-click to open.","Открытый сундук содержит эссенции разломов разных уровней.,
Дважды щёлкните, чтобы открыть."
"There might be someone in Yatendi village looking for this.""","Возможно, кто-то в деревне Ятенди ищет это."""
Third Drop:,Третья капля:
"This adds a Black Lion Expedition Board to your home instance, which can be used to collect exotic resources from across Tyria and the Mists. 
Expedition options include the following:,
• Skywatch Archipelago,• Архипелаг Небокрай
• Amyntas,
• Inner Nayos,
• Rifts","Это добавляет доску экспедиций «Чёрного льва» в ваше домашнее убежище, которую можно использовать для сбора экзотических ресурсов по всей Тирии и Туманным землям. 
Варианты экспедиций включают следующее:,
• Архипелаг Небокрай,• Архипелаг Небокрай
• Аминтас,
• Внутренний Найос,
• Разломы"
"This adds a Black Lion Expedition Board to your home instance, which can be used to collect exotic resources from across Tyria. 
Expedition locations include the following:,
• Dry Top and the Silverwastes,
• Bloodstone Fen,
• Ember Bay,• Бухта Янтаря
• Bitterfrost Frontier,
• Lake Doric,
• Draconis Mons,
'• Siren''s Landing'","Это добавляет доску экспедиций Чёрного Льва в ваше домашнее убежище, которую можно использовать для сбора экзотических ресурсов по всей Тирии.
Места экспедиций включают следующее:,
• Сухая вершина и Серебряные пустоши,
• Кровавый камень,
• Залив Искр,
• Бухта Янтаря,
• Горький морозный рубеж,
• Озеро Дорик,
• Драконий Монс,
• Земля Сирены"
"This adds a Black Lion Hunters Board to your home instance, which can be used to collect fine crafting materials.
Collectible materials include:,
• Bones,
• Claws,
• Dust,
• Fangs,
• Scales,
• Totems,
• Venom Sacs,
• Vials of Blood","Это добавляет доску охотников Чёрного Льва в ваш домашний экземпляр, которую можно использовать для сбора тонких материалов для крафта.
Собираемые материалы включают:
• Кости,
• Когти,
• Пыль,
• Клыки,
• Чешуя,
• Тотемы,
• Мешки с ядом,
• Склянки с кровью"
This back item skin has no stats of its own.,Этот облик для спины не имеет собственных характеристик.
This back slot skin has no stats of its own.,Этот облик для ячейки спины не имеет собственных характеристик.
"This bundle of scrolls glows softly, as if imbued with a fragment of Turai Ossa's spirit.","Этот свиток мягко светится, словно наполненный частицей духа Турая Оссы."
"This chest may contain items required to complete the Envoy Armor I: Experimental Armor achievement, if the achievement is currently in progress.","Этот сундук может содержать предметы, необходимые для завершения достижения «Броня посланника I: Экспериментальная броня», если это достижение в настоящее время выполняется."
"This contains a matching backpack and glider set.,
Double-click to unpack.","Содержит подходящий набор из рюкзака и планера.
Дважды щёлкните, чтобы распаковать."
"This device detects power caches by attuning its frequency to one of the four types of matter: aqueous, gaseous
This device has recorded several conversations. Agent Brandubh in Diessa Plateau will want this information.,Это устройство записало несколько разговоров. Агенту Брандубу в Диессе-Плато понадобится эта информация.
This device is designed to transcribe the unique energy signatures of the krait obelisk shards for further study.,
This device is tuned to monitor spatial fluctuations and can predict locations of portal invasions.","Это устройство обнаруживает тайники с энергией, настраивая свою частоту на один из четырёх типов материи: водную, газообразную
Это устройство записало несколько разговоров. Агенту Брандубу в Плато Диессы они пригодятся.
Это устройство записало несколько разговоров. Агенту Брандубу в Плато Диессы они пригодятся.
Это устройство записало несколько разговоров."
"This device looks like it does something,' but you don''t know how to turn it on.'","Это устройство выглядит так, будто оно что-то делает,' но вы не знаете, как его включить.'"
"This enormous goblet, stained with countless shades of ale
This equipment can hold an additional upgrade.,Это снаряжение может вместить дополнительное улучшение.
This equipment can hold an additional upgrade. Unequip this backpack to use it as a crafting ingredient. Using this as a crafting ingredient will destroy any upgrades held within.,'Это снаряжение может вместить дополнительное улучшение. Снимите этот рюкзак, чтобы использовать его как ингредиент для крафта. Использование его как ингредиента уничтожит все улучшения внутри.'
This equipment goes under armor and can hold an additional upgrade.,Это снаряжение надевается под броню и может вместить дополнительное улучшение.
This fancifully decorated holoscepter has been repurposed for combat use and no longer interests cats.,Этот причудливо украшенный голоскипетр был переделан для боя и больше не интересует кошек.
This fish has been preserved through smoking and was given to you by the Priory arcanist.","Этот огромный кубок, испачканный бесчисленными оттенками эля
Это снаряжение может вместить дополнительное улучшение.,Это снаряжение может вместить дополнительное улучшение.
Это снаряжение может вместить дополнительное улучшение. Снимите этот рюкзак, чтобы использовать его как ингредиент для крафта. Использование его как ингредиента уничтожит все улучшения внутри.,'Это снаряжение может вместить дополнительное улучшение. Снимите этот рюкзак, чтобы использовать его как ингредиент для крафта. Использование его как ингредиента уничтожит все улучшения внутри.'
Это снаряжение надевается под броню и может вместить дополнительное улучшение.,Это снаряжение надевается под броню и может вместить дополнительное улучшение.
Этот причудливо украшенный голоскипетр был переделан для боя и больше не интересует кошек.,Этот причудливо украшенный голоскипетр был переделан для боя и больше не интересует кошек.
Эта рыба была сохранена с помощью копчения и была подарена вам арканистом Приората."
"This full set of heavy armor skins can replace the appearance of heavy armor pieces, once per slot. The skins will also be unlocked in your account wardrobe.","Этот полный набор обликов тяжёлой брони может заменить внешний вид предметов тяжёлой брони, один раз на слот. Облики также будут разблокированы в вашем гардеробе аккаунта."
"This full set of light armor skins can replace the appearance of light armor pieces, once per slot. The skins will also be unlocked in your account wardrobe.","Этот полный набор обликов лёгкой брони может заменить внешний вид предметов лёгкой брони, один раз на слот. Облики также будут разблокированы в вашем гардеробе аккаунта."
"This full set of medium armor skins can replace the appearance of medium armor pieces, once per slot. The skins will also be unlocked in your account wardrobe.","Этот полный набор обликов средней брони может заменить внешний вид предметов средней брони, один раз на слот. Облики также будут разблокированы в вашем гардеробе аккаунта."
"This helm skin has no stats of its own.""",У этого шлема нет своих характеристик.
"This is a permanent account unlock.""","Это постоянная разблокировка аккаунта."""
"This item can be safely sold.,
<c=@flavor>Castoran choya have developed a therapeutic treatment in which they bathe themselves in hot water mixed with diced fruit.</c>","Этот предмет можно безопасно продать.,
<c=@flavor>Касторанские чойи разработали терапевтическое лечение, при котором они купаются в горячей воде с нарезанными фруктами.</c>"
This item has infinite uses.,Этот предмет имеет бесконечное количество использований.
This item has no use outside of a collection.,Вне коллекции этот предмет бесполезен.
This item has no value outside of a collection and may be sold to vendors.,Этот предмет не имеет ценности вне коллекции и может быть продан торговцам.
"This item has no value outside of a collection and may be sold to vendors.,
<c=@Flavor>This wood, harvested from the mountains of the Desert Highlands
This item has no value outside of a collection and may be sold to vendors.","Этот предмет не имеет ценности вне коллекции и может быть продан торговцам.,
<c=@Flavor>Эта древесина, добытая в горах Пустынных Нагорий
Этот предмет не имеет ценности вне коллекции и может быть продан торговцам."
"This item has no value outside of a collection.""","Этот предмет не имеет ценности вне коллекции."""
"This item is acquired from the achievement """"Klobjarne Geirr: Janthir Spear Kills.""""""",Этот предмет получен за достижение «Клобьярне Гейрр: убийства копьём в Джантуре».
"This item is automatically consumed upon receiving it, and its only purpose is as part of a collection.","Этот предмет поглощается сразу при получении, и его единственное назначение — быть частью коллекции."
"This item is consumed immediately.""","Этот предмет потребляется сразу."""
This item only has value as part of a collection and can be consumed without preventing progress.,Этот предмет имеет ценность только как часть коллекции и может быть потреблен без ущерба для прогресса.
"This item only has value as part of a collection. Consume to add to collection.""","Этот предмет имеет ценность только как часть коллекции. Используйте, чтобы добавить в коллекцию."""
This item only has value as part of the Missing Brood collection.,Этот предмет ценен лишь как часть коллекции «Пропавший выводок».
"This item only has value as part of the Missing Brood collection.""",Этот предмет имеет ценность только как часть коллекции «Пропавший выводок».
"This item was gifted to you for taking the time to appreciate the culture of the Itzel.,
This item is automatically consumed upon receiving it, and its only purpose is as part of a collection.","Этот предмет был подарен вам за то, что вы уделили время, чтобы оценить культуру ицель.,
Этот предмет автоматически потребляется при получении, и его единственная цель — быть частью коллекции."
"This jar seems to possess the faintest traces of positivity, but is otherwise devoid of contents.","Эта банка, кажется, содержит слабейшие следы позитива, но в остальном пуста."
This key will unlock one Fractal Encryption containing bonus items from the fractals!,"Этот ключ откроет одно шифрование фракталов, содержащее бонусные предметы из фракталов!"
This key will unlock one Mist-Hardened Lockbox containing valuable loot.,"Этот ключ откроет один закаленный туманом запертый ящик, содержащий ценную добычу."
This locked coffer contains rift essence of various tiers. It requires an Unstable Rift Motivation to open.,Этот запертый сундук содержит эссенцию разломов различных уровней. Для открытия требуется Нестабильная мотивация разлома.
This miniature inherits the appearance of whichever jade bot skin you have equipped upon summon.,"Эта миниатюра наследует внешний вид того облика нефритового бота, который у вас экипирован, при призыве."
"This package contains an axe skin, a dagger skin
This package contains cooking and artificing recipes that require ingredients from plants that can only be grown in your home garden.","Этот набор содержит облик топора, облик кинжала
Этот набор содержит рецепты кулинарии и изготовления артефактов, требующие ингредиенты из растений, которые можно вырастить только в вашем домашнем саду."
This page is part of the Frode's Journal achievement.,Эта страница является частью достижения «Дневник Фроде».
"This pass provides permanent access to the Thousand Seas Pavilion, a beautiful isle adrift in the Mists.
• Quick Travel to All Cities and a Variety of Fishing Locations,
• Scenic and Convenient Fishing and Boating Opportunities,• Живописные и удобные возможности для рыбалки и катания на лодках
• Crafting Stations,
• Bank and Guild Bank Access,
• Mystic Forge,
• Merchants,
• And more! All within easy reach, for those who enjoy the ultimate convenience.","Этот пропуск предоставляет постоянный доступ к Павильону тысячи морей, прекрасному острову, дрейфующему в Бездне.
• Быстрое путешествие во все города и разнообразные места для рыбалки,
• Живописные и удобные возможности для рыбалки и катания на лодках,
• Столы для крафта,
• Доступ к банку и гильдейскому банку,
• Мистическая кузница,
• Торговцы,
• И многое другое! Всё в пределах лёгкой досягаемости для тех, кто ценит максимальное удобство."
"This pass provides temporary access to the Thousand Seas Pavilion, a beautiful isle adrift in the Mists.
• Quick Travel to All Cities and a Variety of Fishing Locations,
• Scenic and Convenient Fishing and Boating Opportunities,• Живописные и удобные возможности для рыбалки и катания на лодках
• Crafting Stations,
• Bank and Guild Bank Access,
• Mystic Forge,
• Merchants,
• And more! All within easy reach, for those who enjoy the ultimate convenience.","Этот пропуск даёт временный доступ в Павильон тысячи морей — прекрасный остров, парящий в Бездне.
• Быстрое путешествие во все города и множество мест для рыбалки,
• Живописные и удобные возможности для рыбалки и катания на лодках,
• Ремесленные станции,
• Банк и доступ к банку гильдии,
• Таинственная кузница,
• Торговцы,
• И многое другое! Всё в лёгкой досягаемости для тех, кто ценит максимальное удобство."
"This regional weapon box contains unique skins, dragonite ore
'This relic appears to be in better shape than most others you''ve found.',
This residue lies dormant. It could be imbued at a strong phantasmal energy source.","Этот региональный сундук с оружием содержит уникальные облики, руду драконита
'Этот артефакт, похоже, в лучшем состоянии, чем большинство других, которые вы нашли.',
Этот остаток находится в спячке. Его можно пропитать в мощном источнике фантомной энергии."
"This seems to be the cog that Collector Terksli told you to take to Rikka,' who''s hiding in Rata Sum. If you had a cleaning rag'
Double-click to clean.","Похоже, это шестерня, которую коллекционер Терксли велел отнести Рикке, которая прячется в Рата-Сум. Если бы у вас была тряпка для чистки'
Дважды щёлкните, чтобы очистить."
"This strange mist-wreathed box contains valuable loot.,
Double-click to open.","Эта странная затуманенная коробка содержит ценные трофеи.,
Дважды щёлкните, чтобы открыть."
"This strange, mist-wreathed box contains valuable loot. It will require a Mist-Hardened Lockbox Key to open.","Эта странная, окутанная туманом шкатулка содержит ценные трофеи. Для её открытия потребуется закалённый в тумане ключ-шкатулка."
"This volume teaches you how to perform the ""Dodge Step,"" ""Inventory Shuffle
Double-click to receive these dance skills and the Dancing Spirit buff.","Этот том научит вас выполнять «Уклоняющийся шаг», «Перетасовку инвентаря».
Дважды щёлкните, чтобы получить эти танцевальные навыки и эффект «Танцующий дух»."
"This weapon box contains unique weapon skins, dragonite ore
This weathered logbook details the endeavors and demise of an Iron Legion warband. A refugee in the Black Citadel might want it back.,
This will change the appearance of your mount and unlock this mount skin for all characters on your account. Mounts must be unlocked before mount skins can be applied.,'Это изменит внешний вид вашего скакуна и откроет этот образ скакуна для всех персонажей вашей учетной записи. Скакуны должны быть разблокированы, прежде чем можно будет применить образы скакунов.'
This will replace the appearance of any back item and unlock the skin in your account wardrobe.This backpack skin has no stats of its own.,Это заменит внешний вид любого предмета для спины и откроет облик в гардеробе вашей учетной записи.Этот облик ранца не имеет собственных характеристик.
This will replace the appearance of any helm of any weight class and unlock the skin in your account wardrobe.","Этот сундук с оружием содержит уникальные облики оружия, руду драконита
Этот потрепанный журнал описывает деяния и гибель отряда Железного легиона. Беженец в Чёрной Цитадели может захотеть его вернуть.,
Это изменит внешний вид вашего скакуна и откроет этот образ скакуна для всех персонажей вашей учётной записи. Скакуны должны быть разблокированы, прежде чем можно будет применить образы скакунов.,'Это изменит внешний вид вашего скакуна и откроет этот образ скакуна для всех персонажей вашей учётной записи. Скакуны должны быть разблокированы, прежде чем можно будет применить образы скакунов.'
Это заменит внешний вид любого предмета для спины и откроет облик в гардеробе вашей учётной записи.Этот облик ранца не имеет собственных характеристик.,Это заменит внешний вид любого предмета для спины и откроет облик в гардеробе вашей учётной записи.Этот облик ранца не имеет собственных характеристик.
Это заменит внешний вид любого шлема любого класса брони и откроет облик в гардеробе вашей учётной записи."
This will also unlock this skin for your wardrobe.,Это также откроет этот облик в вашем гардеробе.
"This will replace the appearance of one back item of any weight class and unlock the skin in your account wardrobe.
<c=@flavor>The Ascalon Vanguard fought and died with honor defending their people.</c>","Это заменит внешний вид одного предмета для спины любого класса веса и откроет облик в вашем гардеробе учётной записи.
<c=@flavor>Аскалонский авангард сражался и погиб с честью, защищая свой народ.</c>"
This will replace the appearance of one back slot item of any weight class and unlock the skin in your account wardrobe.,Это заменит внешний вид одного предмета ячейки спины любого класса веса и откроет облик в вашем гардеробе учётной записи.
"This will replace the appearance of one longbow and unlock the skin in your account wardrobe.,
This longbow skin has no stats of its own.","Это заменит внешний вид одного длинного лука и откроет облик в вашей гардеробной учётной записи.
Этот облик длинного лука не имеет собственных характеристик."
"This wooden toy,' crafted to resemble Toymaker Tixx''s Wintersday soldiers'
This worn book is covered in notes and drawings.","Эта деревянная игрушка, созданная в виде солдатиков Игрушечных дел мастера Тикса.
Эта потрёпанная книга покрыта заметками и рисунками."
This works in WvW and PvP.,Это работает в WvW и PvP.
"To create the Gift of War Prosperity, combine this in the Mystic Forge with:
• 15 Mystic Clovers
• 1 Gift of Condensed Might
• 1 Gift of Condensed Magic","Чтобы создать Gift of War Prosperity, соедините его в Мистической кузнице с:
• 15 Mystic Clovers
• 1 Gift of Condensed Might
• 1 Gift of Condensed Magic"
Town clothes can no longer be equipped separately.,Городскую одежду больше нельзя экипировать отдельно.
"Trade to Berghild in the Eye of the North for pants.""","Обменять у Бергильд в Оке Севера на штаны."""
"Transforms you into a random Branded creature.,
Account bound on use.","Превращает вас в случайное создание из Клейма.,
Привязывается к учётной записи при использовании."
"Turn in to a Shadows handler in the Crystal Desert.,
Event Item","Сдайте агенту Теней в Пустыне Кристалла.,
Предмет события"
"Unlocks the following recipes:,
• Shimmering Dagger,• Мерцающий кинжал
• Tenebrous Dagger","Открывает следующие рецепты:,
• Мерцающий кинжал
• Мерцающий кинжал
• Тенеброзный кинжал"
"Unlocks the following recipes:,
• Shimmering Focus,• Мерцающий фокус
• Tenebrous Focus","Открывает следующие рецепты:,
• Мерцающий фокус,• Мерцающий фокус
• Мрачный фокус"
"Unlocks the following recipes:,
• Shimmering Scepter,• Мерцающий скипетр
• Tenebrous Scepter","Открывает следующие рецепты:,
• Мерцающий скипетр,• Мерцающий скипетр
• Мрачный скипетр"
"Unlocks the following recipes:,
• Shimmering Staff,• Мерцающий посох
• Tenebrous Staff","Открывает следующие рецепты:,
• Мерцающий посох,• Мерцающий посох
• Мрачный посох"
"Unlocks the journey to the legendary trinket Vision. If you have already fulfilled certain requirements, they will be retroactively granted.","Открывает путь к легендарному аксессуару «Видение». Если вы уже выполнили некоторые требования, они будут зачтены задним числом."
"Unpack a target painter. This trick marks up to 50 enemy players in the area for 30 seconds. Costs 10 supply to deploy. Cannot be avoided.,«Развернуть целеуказатель. Этот трюк помечает до 50 вражеских игроков в области на 30 секунд. Стоит 10 единиц припасов для развёртывания. Нельзя избежать».
Deployment Range: 1,200
Effect Radius: 360","«Развернуть целеуказатель. Этот трюк помечает до 50 вражеских игроков в области на 30 секунд. Стоит 10 единиц припасов для развёртывания. Нельзя избежать».
Дальность развёртывания: 1,200
Радиус действия: 360"
Unstable Rift Motivations can be found in tier 2 and 3 rifts or bought from the Trading Post.,Нестабильные мотивации разлома можно найти в разломах 2 и 3 уровня или купить на Торговой площадке.
"Unsworn""",Непоклявшийся
"Usable by any character, this pack comes with everything a pirate captain needs to pillage
Appearance skins override the look of your equipment and have no stats of their own.","Может использоваться любым персонажем. Этот набор содержит всё, что нужно капитану пиратов для грабежа.
Облики внешности изменяют вид вашего снаряжения и не имеют собственных характеристик."
"Use in the Mystic Forge with an Agony Infusion, an Ascended Ring
Can be bought inside the Fractals of the Mists once you have trained Agony Channeler in the Fractal Attunement Mastery line.","Используйте в Мистической кузнице вместе с инкрустацией агонии и вознесённым кольцом.
Можно купить в Сотрясённых Безднах после изучения «Настройщик агонии» в ветке мастерства «Сотрясённые Бездны»."
Use the box to randomly unlock a Black Lion wardrobe item you don't already have. Some items—in particular mounts and some weapon sets—are less common than others. Preview to see everything available.,"Используйте коробку, чтобы случайным образом открыть предмет гардероба Чёрного Льва, которого у вас ещё нет. Некоторые предметы — особенно ездовые животные и отдельные наборы оружия — встречаются реже прочих. Загляните в предпросмотр, чтобы увидеть всё доступное."
"Use this bond to hunt Knife Tail Gang members. While bonded, any kill worth XP has a chance to reveal one of the Knife Tail Gang! Find them, and each bond will allow you to loot a piece of Recovered Black Lion Goods, which are yours to keep. Recovered goods will always unlock something from the Black Lion Trading Company in your wardrobe—weapons, exclusive dye colors, even mounts!","Используй эту связь, чтобы охотиться на членов банды Ножехвостов. Пока связь активна, любое убийство, дающее опыт, может выявить одного из банды Ножехвостов! Найди их, и каждая связь позволит тебе добыть предмет из «Возвращённых товаров Чёрного льва», который останется у тебя. Возвращённые товары всегда открывают что-нибудь от Торговой компании Чёрного льва в твоём гардеробе — оружие, эксклюзивные краски, даже средства передвижения!"
"Use this item to select your choice of key.,
Select from Zephyrite Lockpicks, Bandit Skeleton Keys
'Use this item to teleport to a party member''s location.'","Используйте этот предмет, чтобы выбрать ключ.,
Выберите из отмычек Зефиритов, скелетных ключей Бандитов
'Используйте этот предмет, чтобы телепортироваться к местоположению члена группы.'"
Use this ticket to select your choice of any outfit released up to and including the Queensdale Academy Outfit.,"Используйте этот билет, чтобы выбрать любой наряд, выпущенный вплоть до и включая наряд Академии Куинсдейла."
Use this to sign your account up for weekly 9th Anniversary Supply Drops. Receive the first drop immediately and three more between now and September 7.,"Используйте это, чтобы зарегистрировать свою учётную запись для еженедельных наборов припасов в честь 9-й годовщины. Получите первый набор сразу и ещё три до 7 сентября."
"Use this to sign your account up for weekly Secrets of the Obscure Launch Supply Drops. Receive the first drop immediately and three more between now and September 4.,
First Drop:,
An Amnytas Feathered Raptor Mount Pack, 1 Black Lion Cape Voucher
Second Drop:,
A Black Lion Backpack and Glider Combo Voucher, a ""/Readbook"" Emote Tome
Third Drop:,
A Black Lion Finisher Voucher, a Black Lion Weapons Voucher
Fourth Drop:,Четвёртая капля:
5 Black Lion Chest Keys, 2 Black Lion Miniature Claim Tickets
Use this to sign your account up for weekly Visions of Eternity Launch Supply Drops. Receive the first drop immediately and three more between now and November 25.","Используйте это, чтобы подписаться на еженедельные припасы запуска «Тайны Сокрытого». Получите первую каплю немедленно и ещё три до 4 сентября.,
Первая капля:,
Набор ездового ящера с перьями Амнитаса, 1 ваучер на плащ Чёрного льва
Вторая капля:,
Ваучер на комбинацию рюкзака и планера Чёрного льва, книга эмоций «/Readbook»
Третья капля:,
Ваучер на добивание Чёрного льва, ваучер на оружие Чёрного льва
Четвертая капля:,Четвёртая капля:
5 ключей от сундука Чёрного льва, 2 билета на миниатюру Чёрного льва
Используйте это, чтобы подписаться на еженедельные припасы запуска «Видения вечности». Получите первую каплю немедленно и ещё три до 25 ноября."
Use this to sign your account up for weekly War Eternal Supply Drops. Receive the first immediately and three more between now and May 21.,"Используйте это, чтобы подписать свой аккаунт на еженедельные поставки Войны вечности. Первая доставка будет сразу, ещё три — с сегодняшнего дня по 21 мая."
"Use to gain a Target Painter trap. This trap marks up to 50 enemies when activated. Costs 5 supply to deploy. Cannot be avoided.,'Используйте","чтобы получить ловушку «Целеуказатель». Эта ловушка отмечает до 50 врагов при активации. Стоит 5 единиц припасов для установки. Нельзя избежать.""'"
Used by jade bot technicians to upgrade to Mount Energy Booster 3.,Используется техниками джейд-ботов для улучшения до Усилителя энергии скакуна 3.
Used by jade bot technicians to upgrade to Rescue Protocol Recharge 3.,Используется техниками джейд-ботов для улучшения до Восстановления протокола спасения 3.
Used by jade bot technicians to upgrade to Skiff Supercharger 3.,Используется техниками джейд-ботов для улучшения до Суперзарядчика скифа 3.
Used by jade bot technicians to upgrade to Treasure Hunter Protocol 3.,Используется техниками джейд-ботов для улучшения до Протокола охотника за сокровищами 3.
Used by jade bot technicians to upgrade to Turtle Pilot Booster 3.,Используется техниками джейд-ботов для улучшения до Ускорителя черепашьего пилота 3.
"Used by jade bot technicians to upgrade to Turtle Siege Enhancer 3.""","Используется техниками джет-ботов для улучшения до Усилителя осады черепахи 3."""
Used by jade bot technicians to upgrade to the third tier of your Jade Bot Glide Booster.,Используется техниками джейд-ботов для улучшения до третьего уровня Ускорителя планирования джейд-бота.
"Used in crafting Jade Tech and Monastery armor sets,' using the Dragon''s (+Power'
Used in crafting Olmakhan bandoliers. Can also be salvaged for volatile magic.,Используется в создании банольеров Олмакхана. Также можно разобрать на нестабильную магию.
Used in crafting WvW guild upgrades.,Используется в создании улучшений гильдии в WvW.
Used in crafting WvW guild upgrades. Dropped by defenders in the Mists.,Используется в создании улучшений гильдии в WvW. Выпадает с защитников в Туманах.
Used in crafting armor in the Crystal Desert.","Используется в создании брони «Джейд-тех» и «Монастырь» с использованием силы дракона (+Сила).
Используется в создании бандальеров Олмакхана. Также можно разобрать на нестабильную магию.
Используется в создании улучшений гильдии в WvW.
Используется в создании улучшений гильдии в WvW. Выпадает с защитников в Туманах.
Используется в создании брони в Пустыне Кристалла."
Used in the Mystic Forge to create the Gift of Relics. Used for the legendary relic.,Используется в Мистической кузнице для создания Дара Реликвий. Используется для легендарной реликвии.
Used in the Mystic Forge to create:,Используется в Мистической кузнице для создания:
Used in the crafting of Spinal Blade Pack back items.,Используется при создании наспинных предметов «Набор хребтовых клинков».
"Used to brew a thaw elixir, traded with Slooshoo
Used to brew a thaw elixir. Eggshells can be obtained from Woomulla.,Используется для варки эликсира оттепели. Яичную скорлупу можно получить у Вумуллы.
Used to brew a thaw elixir. Firestones can be purchased from the grawl.,Используется для варки эликсира оттепели. Огненные камни можно купить у граулов.
Used to brew a thaw elixir. Packets of frostbitten suet are carried by creatures in Bitterfrost Frontier.,
Used to capture memories of battles against notable enemies.","Используется для варки эликсира оттепели, обменивается с Слушу
Используется для варки эликсира оттепели. Яичную скорлупу можно получить у Вумуллы.
Используется для варки эликсира оттепели. Огненные камни можно купить у граулов.
Используется для варки эликсира оттепели. Пакеты обмороженного сала носят существа в Горьком Пограничье.,
Используется для захвата воспоминаний о битвах с известными врагами."
"Used to chop down Tukawa Saplings, Fir Saplings
Used to chop down all saplings.,Используется для рубки всех саженцев.
Used to chop down all saplings.","Используется для рубки саженцев тукавы и пихты.
Используется для рубки всех саженцев.,Используется для рубки всех саженцев.
Используется для рубки всех саженцев."
"Used to chop down all saplings. Rewards unbound magic on each swing in addition to logging results. Unlimited use.,
<c=@Reminder>This item can be exchanged for an updated version at the Black Lion Exchange Specialist.</c>","Используется для вырубки всех саженцев. Даёт несвязанную магию с каждым ударом в дополнение к результатам рубки. Неограниченное использование.,
<c=@Reminder>Этот предмет можно обменять на обновлённую версию у специалиста по обмену «Чёрный лев».</c>"
"Used to chop down all saplings.,
Replaces gathering results with logs used in higher-level crafting recipes. Material types are determined by the type of node gathered from. Elder wood can be improved a limited number of times each day.","Используется для рубки всех саженцев.,
Заменяет результаты сбора на бревна, используемые в рецептах крафта более высокого уровня. Типы материалов определяются типом собираемого узла. Древнюю древесину можно улучшить ограниченное количество раз в день."
"Used to craft the legendary dagger precursor Claw of Resolution.,
Combine in the Mystic Forge with Mystic Runestones, a Gift of Metal
Used to craft the legendary focus precursor Ars Goetia.","Используется для создания предшественника легендарного кинжала «Коготь Решимости».,
Объедините в Мистической кузнице с Мистическими рунными камнями, Даром металла
Используется для создания предшественника легендарного фокуса «Арс Гоэтия»."
"Used to craft the legendary greatsword precursor Exitare.,
Combine in the Mystic Forge with Mystic Runestones, a Gift of Metal
Used to craft the legendary hammer precursor Might of Arah.","Используется для создания легендарного большого меча-предшественника Изитара.,
Смешайте в Мистической кузнице с Мистическими руническими камнями, Даром металла
Используется для создания легендарного молота-предшественника Мощь Ары."
"Used to craft the legendary scepter precursor Tlehco.,
Combine in the Mystic Forge with Mystic Runestones, a Gift of Energy
Used to craft the legendary shield Shooshadoo.,
Used to craft the legendary sword the Shining Blade.,
Used to craft the legendary torch Flames of War.,
Used to craft the legendary torch precursor Liturgy.","Используется для создания легендарного предшественника скипетра Тлеко.,
Соедините в Мистической кузнице с Таинственными руническими камнями, Даром энергии
Используется для создания легендарного щита Шушаду.,
Используется для создания легендарного меча Сияющий клинок.,
Используется для создания легендарного факела Пламя войны.,
Используется для создания легендарного предшественника факела Литургия."
Used to create a Gift of Galdra.,Используется для создания Дара Галдры.
Used to create a Gift of Shadowstones.,Используется для создания Дары Теневых камней.
"Used to create a Gift of Shadowstones.,
'Purchased from the renown heart vendor in Artificer''s Islet in Eternity''s Garden.'","Используется для создания Дара теневых камней.,
'Куплено у торговца сердца в Островке Ремесленника в Саду Вечности.'"
"Used to create a Gift of Shadowstones.,
'Purchased from the renown heart vendor in Pilgrim''s Rest in Eternity''s Garden.'","Используется для создания Дара теневых камней.,
Покупается у торговца сердца известности в Приюте Пилигрима в Саду Вечности."
"Used to create a Gift of the Elders and a Gift of the Seas.,Используется для создания Дара старейшин и Дара морей.","Используется для создания Да́ра старейшин и Да́ра морей.,Используется для создания Дара старейшин и Дара морей."
Used to create a Gift of the People.,Используется для создания Дара народа.
Used to create a Gift of the Survivors.,Используется для создания Дара выживших.
"Used to create a Gift of the Survivors.,
Earned by completing the Shipwreck Strand Mastery achievement.,Получено за выполнение достижения «Мастерство Кораблекрушения».
Additional copies can be purchased from Visions of Eternity vendors afterward.","Используется для создания Дара выживших.
Получено за выполнение достижения «Мастерство Кораблекрушения».
Дополнительные копии можно приобрести у торговцев «Видения вечности»."
"Used to create legendary equipment.,Используется для создания легендарного снаряжения.","Используется для создания легендарного снаряжения.,Используется для создания легендарного снаряжения."
Used to create legendary weapon and trinket gift items.,Используется для создания предметов дара для легендарного оружия и аксессуаров.
"Used to detect and dig up chunks of Brandstone that fall on Istan. ,
Costs 3 Volatile Magic per 5-minute charge.","Используется для обнаружения и выкапывания кусков Камня бренда, падающих на Истан. ,
Стоит 3 Нестабильной магии за 5-минутный заряд."
"Used to gather Zucchini, Kale
Used to gather all plants.,Используется для сбора всех растений.
Used to gather all plants.","Используется для сбора цукини, капусты
Используется для сбора всех растений.,Используется для сбора всех растений.
Используется для сбора всех растений."
"Used to gather all plants. Rewards unbound magic in addition to harvesting results. Unlimited use.,«Используется для сбора всех растений. В награду за сбор даёт необузданную магию. Неограниченное использование.»
<c=@Reminder>This item can be exchanged for an updated version at the Black Lion Exchange Specialist.</c>","Используется для сбора всех растений. Даёт несвязанную магию в дополнение к результатам сбора. Неограниченное использование.,
<c=@Reminder>Этот предмет можно обменять на обновлённую версию у специалиста по обмену «Чёрный лев».</c>"
Used to harvest all plants.,Используется для сбора всех растений.
"Used to harvest all plants. Unlimited use. In addition to your harvesting results, this tool has a small chance to reward additional items after gathering completes.",Используется для сбора всех растений. Безлимитное использование. В дополнение к результатам сбора этот инструмент с небольшим шансом может дать дополнительные предметы после завершения сбора.
"Used to harvest all plants.,
Replaces gathering results with ingredients used in higher-level crafting recipes. Material types are determined by the type of node gathered from. Select cooking ingredients can be improved a limited number of times each day.","Используется для сбора всех растений.,
Заменяет результаты сбора ингредиентами, используемыми в рецептах более высокого уровня. Типы материалов определяются типом собранного узла. Некоторые кулинарные ингредиенты можно улучшать ограниченное количество раз в день."
"Used to mine all metals. Rewards unbound magic on each swing in addition to mining results. Unlimited use.,
<c=@Reminder>This item can be exchanged for an upgraded version at the Black Lion Exchange Specialist.</c>","Используется для добычи всех металлов. Даёт несвязанную магию с каждым ударом в дополнение к результатам добычи. Неограниченное использование.,
<c=@Reminder>Этот предмет можно обменять на обновлённую версию у специалиста по обмену «Чёрный лев».</c>"
Used to mine all metals. Unlimited uses. This tool has a small chance to reward a watchwork sprocket on each swing in addition to your mining results.,Используется для добычи всех металлов. Неограниченное использование. Этот инструмент имеет небольшой шанс наградить часовой механизм при каждом ударе в дополнение к результатам добычи.
"Used to mine all metals.,
Replaces gathering results with ores used in higher-level crafting recipes. Material types are determined by the type of node gathered from. Mithril ore can be improved a limited number of times each day.","Используется для добычи всех металлов.,
Заменяет результаты сбора на руду, используемую в рецептах крафта более высокого уровня. Типы материалов определяются типом узла, с которого производится сбор. Мифриловую руду можно улучшать ограниченное количество раз в день."
"Used to open trade crates in the Crystal Desert.,
'<c=@flavor>""Don''t waste time watching a merchant''s eyes or lips; watch their hands to find their keys.""','<c=@flavor>""Не трать время, глядя в глаза или на губы торговца; следи за руками, чтобы найти ключи.""'
—Zalambur.</c>","Используется для открытия торговых ящиков в Пустыне Хрустала.,
'<c=@flavor>""Не трать время, глядя в глаза или на губы торговца; следи за руками, чтобы найти ключи.""','<c=@flavor>""Не трать время, глядя в глаза или на губы торговца; следи за руками, чтобы найти ключи.""'
—Заламбур.</c>"
"Used to refine Crystalline Ore into Crystalline Ingots. Crafted from Obsidian Shards, Airship Oil
Used to refine Meteorite Ore.,Используется для очистки Метеоритной руды.
Used to refine decorations.,Используется для улучшения украшений.
Used to refine or distress decorations.,Используется для улучшения или состаривания украшений.
Used to track calming actions and thoughts.","Используется для очистки Кристаллической руды в Кристаллические слитки. Создаётся из Осколков обсидиана, Масла дирижабля
Используется для очистки Метеоритной руды.
Используется для улучшения украшений.
Используется для улучшения или состаривания украшений.
Используется для отслеживания успокаивающих действий и мыслей."
Using this item automatically equips it while running outside of combat. The effect can be removed by using the Stop Riding skill or by double-clicking this item again.,"Использование этого предмета автоматически берёт его, когда вы бежите вне боя. Эффект можно снять умением «Прекратить поездку» или повторным двойным щелчком по этому предмету."
"Using this will unlock all weight classes of this skin.,Использование откроет все классы веса этого скина.",Использование откроет все классы веса этого облика.
Vantage points do not host any services.,Смотровые площадки не предоставляют никаких услуг.
"Various toys of all sizes and descriptions. These would make a fine gift for any child looking to amuse themselves.,'«Различные игрушки всех размеров и видов. Это будет отличный подарок для любого ребенка, который хочет развлечься.'
'<c=@flavor>""It''s a miracle I was able to retrieve these without getting them wet!""</c>'","Разнообразные игрушки всех размеров и видов. Это будет отличный подарок для любого ребёнка, который хочет развлечься.
<c=@flavor>«Это чудо, что мне удалось достать их, не намочив!»</c>"
"Vaulz Baelwalker,
576 Frost 0X0I,576 Мороз 0X0I
Knowledge","Вольц Бэйлуокер,
576 морозных кристаллов 0X0I, 576 морозных кристаллов 0X0I
Знания"
Ventari Follower Kite,Воздушный змей последователя Вентари
What better than to see and be seen?,"Что может быть лучше, чем видеть и быть увиденным?"
"Whatever power this scroll had is gone now. Near its bottom is an inscription in antique script: ""No refunds!—Kohn.""","Какая бы сила ни была у этого свитка, теперь она исчезла. Внизу есть надпись старинным шрифтом: «Возврату не подлежит!—Кон»."
"Whatever this device did,' it''s clearly not going to do it anymore.'","Что бы это устройство ни делало,' оно явно больше этого не сделает.'"
"When purchased, gain a stack of a Lowland Kodan Expertise and increase its duration by 4 hours
1: +10%% Experience,
2: +10%% Karma,
3: +10%% Gold,3: +10%% золота
4: Gain additional unique map material from kodan caches,
'5: Gain fury when directly striking an enemy with the warclaw''s Battle Maul',
6: Gain more collectable coins from kodan caches,
7: +5%% Damage vs. titanspawn","При покупке получает стек «Знания кодан из низин» и увеличивает его длительность на 4 часа
1: +10%% опыта,
2: +10%% кармы,
3: +10%% золота,3: +10%% золота
4: Получение дополнительного уникального материала карты из тайников кодан,
5: Получение ярости при прямом ударе по врагу боевой булавой боевого когтя,
6: Получение большего количества монет для сбора из тайников кодан,
7: +5%% урона по порождениям титанов"
Wings of Dwayna,Крылья Двайны
"Winter in Summer
Mystery Box","Зима летом
Таинственная коробка"
"WvW Season Reward Chests are awarded at the end of a WvW season to all players who achieved the meta-achievement for the season.""","Сундуки с наградами за сезон WvW выдаются в конце сезона WvW всем игрокам, выполнившим мета-достижение сезона."""
"Yexxi the Stern,
092 Tide 00XI,
Knowledge","Йеккси Строгий,
092 Прилив 00XI,
Знания."
"You become an owl.,Вы превращаетесь в сову.","Вы превращаетесь в сову.,Вы превращаетесь в сову."
You cannot help but hide this jar from others.,"Вы не можете удержаться, чтобы не спрятать эту банку от других."
You simply cannot wait to find the material that belongs in this jar.,"Тебе не терпится найти материал, который должен быть в этой банке."
You would much rather not be carrying this jar.,Вы бы предпочли не нести эту банку.
Your annual chance to pick your account-wide achievement rewards!,Ваш ежегодный шанс выбрать награды за достижения для всей учётной записи!
[[913817]],[[913817]]
"— Kennelnaster Warsnout</c>""","— Kennelnaster Warsnout</c>"""
"—Abhean</c>""","— Абхеан</c>"""
"—Admiral Clarinda Demard</c>""","—Адмирал Кларинда Демард</c>"""
"—Advisor Zakk</c>""","—Советник Закк</c>"""
"—Agent Kaukiri</c>""","—Агент Каукири</c>"""
"—Agent Siobhan</c>""","—Агент Шиван</c>"""
"—Ahjj</c>""","—Ахдж</c>"""
"—Aidem</c>""","—Aidem</c>"""
"—Althea Barradin</c>""","—Алтея Баррадин</c>"""
"—Anonymous Child</c>""","— Анонимный ребёнок</c>"""
"—Anonymous</c>""","—Аноним</c>"""
"—Arcanist Repth</c>""","—Арканист Репт</c>"""
"—Bandit</c>""","—Бандит</c>"""
"—Blood Legion</c>""","—Кровавый легион</c>"""
"—Bordekka</c>""","—Бордекка</c>"""
"—Bram Dawnrazer</c>""","—Брэм Рассветный</c>"""
"—Braxa Scalehunter</c>""","—Бракса Чешуйный Охотник</c>"""
"—Brencis Quickblood</c>""","—Бренсис Квикблад</c>"""
"—Brikk</c>""","—Брикк</c>"""
"—Broil Cane</c>""","—Трость Жар</c>"""
"—Bulsa</c>""","—Булса</c>"""
"—Caedmon</c>""","—Caedmon</c>"""
"—Caithe</c>""","—Кейт</c>"""
"—Carmel</c>""","—Кармел</c>"""
—Cin</c>,—Cin</c>
"—Cin</c>""","—Cin</c>"""
"—Corporal Lebeau</c>""","—Капрал Лебо</c>"""
"—Corva Sharpclaw</c>""","—Corva Sharpclaw</c>"""
"—Coydd</c>""","—Coydd</c>"""
"—Crusader Aisling</c>""","—Крестоносец Эйслинг</c>"""
"—Crusader Brice</c>""","—Крестоносец Брайс</c>"""
"—Crusader Rugan</c>""","—Крестоносец Руган</c>"""
"—Crystallographer Smoxxi</c>""","—Кристаллограф Смокси</c>"""
"—Cuadinti</c>""","—Куадинти</c>"""
"—Danu</c>""","—Дану</c>"""
"—Danu</c>a""","—Danu</c>a"""
"—Deputy Bixx</c>""","—Заместитель Бикс</c>"""
"—Diah </c>""","—Диа </c>"""
"—Dianna</c>""","—Дианна</c>"""
"—Diantha</c>""","—Дианта</c>"""
"—Dr. Klagg</c>""","—Доктор Клагг</c>"""
"—Durmand Priory Field Guide to Skritt</c>""","—Полевой справочник Дурманского Приората по скриттам</c>"""
"—Elain</c>""","—Элейн</c>"""
"—Enduring Protector</c>""","—Неустанный защитник</c>"""
"—Environmental Activist Jenrys</c>""","—Экоактивист Дженирс</c>"""
"—Eona</c>""","—Эона</c>"""
"—Erria</c>""","—Эррия</c>"""
"—Evon Gnashblade""","—Эвон Ножеклык"""
"—Explorer Brokkar</c>""","—Исследователь Броккар</c>"""
"—Explorer Erikk</c>""","—Исследователь Эрикк</c>"""
"—Explorer Grretergrret</c>""","-Исследователь Гретергрет</c>"""
"—Explorer Pentt</c>""","—Исследователь Пентт</c>"""
"—Explorer Rakk</c>""","—Исследователь Ракк</c>"""
"—Explorer Trebb</c>""","—Исследователь Требб</c>"""
"—Fahrtak Shatterfiend</c>""","—Fahrtak Shatterfiend</c>"""
"—Faithspotter</c>""","—Faithspotter</c>"""
"—Fisher Justin</c>""","—Рыбак Джастин</c>"""
"—Fisher Leudap</c>""","—Рыбак Леудап</c>"""
"—Fisherman Will</c>""","—Рыбак Уилл</c>"""
"—Fyra </c>""","—Фира </c>"""
"—Gatekeeper</c>""","—Привратник</c>"""
"—Glaxx</c>""","—Глакс</c>"""
"—Gon Rageshot</c>""","—Гон Яростный Выстрел</c>"""
"—Guardian Infinite Mind</c>""","—Вечный разум стража</c>"""
"—Harvester Mavad</c>""","—Жнец Мавад</c>"""
"—Historian Garrod</c>""","—Историк Гаррод</c>"""
"—Hunter Block</c>""","—Охотничий квартал</c>"""
"—Issa</c>""","—Исса</c>"""
"—Jinell</c>""","—Джинелл</c>"""
"—Kalare the Intrepid</c>""","—Каларе Бесстрашная</c>"""
