english,translate
"""Strike enemies around you, inflicting conditions on struck foes.""","«Ударьте врагов вокруг себя, наложив на пораженных противников состояния»."
"""Strike enemies around you, inflicting multiple conditions.""","«Ударьте врагов вокруг себя, накладывая множество состояний»."
"""Strike enemies around you, inflicting vulnerability and gaining quickness. Gain additional quickness for each foe you hit.""","«Ударяйте врагов вокруг себя, делая их уязвимыми и увеличивая скорость. Получите дополнительную скорость за каждого пораженного противника»."
"""Strike enemies around you, inflicting weakness, gaining barrier, and gaining additional barrier per target hit.""","«Ударьте врагов вокруг себя, вызывая слабость, получая барьер и дополнительный барьер за каждую пораженную цель»."
"""Strike enemies in front of you and roll backward, breaking immobilizing effects. Gain access to Helmet Breaker.""","«Ударьте врагов перед собой и откатитесь назад, сняв обездвиживающие эффекты. Получите доступ к разрушителю шлема»."
"""Strike enemies in front of you and roll backward, breaking immobilizing effects.""","«Ударьте врагов перед собой и откатитесь назад, разрушая обездвиживающие эффекты»."
"""Strike foes in front of you with bear claws, making them vulnerable.""","«Ударьте врагов перед собой медвежьими когтями, сделав их уязвимыми»."
"""Strike nearby enemies, inflicting cripple. Gain barrier for each target struck. <c=@reminder>Barrier is reduced for each target struck beyond the first.</c>""","«Ударьте ближайших врагов, нанеся им хромоту. Получите барьер за каждую пораженную цель. <c=@reminder>Барьер уменьшается с каждой пораженной целью, кроме первой.</c>»"
"""Strike nearby enemies, inflicting damage. Deals increased damage to disabled or defiant enemies.<br><c=@reminder>Disables include stun, daze, knockback, pull, knockdown, sink, float, launch, taunt, and fear.</c>""","«Ударьте ближайших врагов, нанося урон. Наносит повышенный урон обездвиженным или непокорным врагам.<br><c=@reminder>Отключение включает оглушение, ошеломление, отбрасывание, притягивание, нокдаун, погружение, плавание, запуск, насмешку и страх.</c>»"
"""Strike nearby foes and begin to store up energy, gaining boons and heat each pulse. After charging, the energy explodes, inflicting conditions on nearby foes.""","«Ударьте ближайших противников и начните накапливать энергию, получая дары и нагревая каждый импульс. После зарядки энергия взрывается, накладывая состояния на ближайших противников»."
"""Strike nearby foes with your radiant hammer, dealing increased damage against foes that are disabled.""","«Ударьте ближайших противников своим сияющим молотом, нанося увеличенный урон обездвиженным противникам»."
"""Strike nearby foes, pushing them back.""","«Ударьте ближайших противников, оттолкнув их назад»."
"""Strike the earth, damaging nearby enemies and healing nearby allies. The ground flourishes in response, repeating stronger effects after a delay. Gain Nature's Strength if the initial strike hits an enemy.""","«Ударьте по земле, нанося урон ближайшим врагам и исцеляя ближайших союзников. Земля расцветает в ответ, повторяя более сильные эффекты после задержки. Получите силу природы, если первоначальный удар поразит врага»."
"""Strike the ground, dazing nearby enemies.""","«Ударить по земле, ошеломив ближайших врагов»."
"""Strike the ground, removing boons from nearby enemies.""","«Ударить по земле, снимая дары с ближайших врагов»."
"""Strike up the band and unleash a wave of sonic magic. Instruments playing in the background contribute to the amplitude, increasing the strength of the wave.<br><c=@reminder>This skill's recharge cannot be reset by other mesmer skills.</c>""","«Ударьте оркестр и выпустите волну звуковой магии. Играющие на заднем плане инструменты усиливают амплитуду, увеличивая силу волны.<br><c=@reminder>Перезарядка этого навыка не может быть сброшена другими навыками месмера.</c>»"
"""Strike your foe multiple times, then deliver a final immobilizing attack.""","«Ударьте врага несколько раз, а затем нанесите последнюю обездвиживающую атаку»."
"""Strike your foe with a flurry of strikes, distorting the space around you, and evade attacks.""","«Нанесите на противника шквал ударов, искажая пространство вокруг себя, и уклоняйтесь от атак»."
"""Strike your foe with a flurry of strikes, distorting the space around you, making you evade attacks.""","«Нанесите на противника шквал ударов, искажая пространство вокруг вас и заставляя вас уклоняться от атак»."
"""Strike your foe with the bone, stunning them.""","«Ударьте противника костью, оглушив его»."
"""Strike your foe with your shield and briefly daze them. If that foe is already dazed or stunned, they are knocked down instead.""","«Ударьте врага своим щитом и ненадолго ошеломите его. Если этот противник уже ошеломлен или ошеломлен, вместо этого он сбивается с ног»."
"""Strike your foe, charging them with static and causing lightning to strike repeatedly for a short period of time.""","«Ударьте врага, зарядив его статическим электричеством и заставив несколько раз ударить молнию в течение короткого периода времени»."
"""Strike your foe, refreshing your focus and bleeding your target. Inflict vulnerability if your target is focused.""","«Ударьте врага, обновив концентрацию и обескровив цель. Нанесите уязвимость, если ваша цель сфокусирована»."
"""Strike your target 3 times, applying bleed on each hit.""","«Ударьте цель 3 раза, при каждом ударе вызывая кровотечение»."
"""Strike your target, dealing additional damage and gaining life force for each condition on them.""","«Ударьте свою цель, нанося дополнительный урон и получая жизненную силу за каждое наложенное на неё состояние»."
"""Strike your target, gain life force, and corrupt boons on your foe. For each condition on your target up to the condition threshold, gain additional life force and inflict torment.""","«Ударьте свою цель, получите жизненную силу и наложите на врага дары. За каждое состояние вашей цели до порога состояния вы получаете дополнительную жизненную силу и причиняете мучения»."
"""Striking a stealthed foe triggers Invisible Analysis.<br>Disabling a foe triggers Controlled Analysis.<br><c=@reminder>Disables include stun, daze, knockback, pull, knockdown, sink, float, launch, taunt, and fear.</c>""","«Удар по скрытному противнику активирует невидимый анализ.<br>Отключение противника запускает контролируемый анализ.<br><c=@reminder>Отключение включает оглушение, ошеломление, отбрасывание, притягивание, нокдаун, погружение, плавание, запуск, насмешку и страх.</c>»"
"""Strong against Prime Light constructs, but weak to their attacks.""","«Силен против конструкций Прайм Света, но слаб к их атакам»."
"""Strong against Static Light constructs, but weak to their attacks.""","«Силен против конструкций статического света, но слаб к их атакам»."
"""Strong against Synergetic Light constructs, but weak to their attacks.""","«Силен против конструкций Синергетического Света, но слаб к их атакам»."
"""Strong as Bear, Sharp as Wolf""","«Сильный, как медведь, острый, как волк»"
"""Strong enemy (10,000,000 health).""",«Сильный враг (10 000 000 здоровья)».
"""Strong, Like Ox""","«Сильный, как бык»"
"""Strong-smelling, you mean.""",— Ты имеешь в виду сильный запах.
"""Strongbox from """"Faren's Flyer""""""","""Сейф из ""Флаера Фарена"""""""
"""Strongbox from """"Mellaggan's Valor""""""","""Сейф из ""Доблести Меллагана"""""""
"""Strongbox from """"Whitebear's Pride II""""""","""Сейф из ""Гордости Белого Медведя II"""""""
"""Strongbox from the """"Cryptonym""""""","""Сейф из ""Криптонима"""""""
"""Strongbox from the """"Endurance""""""","""Сейф из ""Выносливости"""""""
"""Strongbox from the """"Glory of Tyria""""""","""Сейф из ""Славы Тирии"""""""
"""Strongbox from the """"Legacy of Owl""""""","""Сейф из ""Наследия Совы"""""""
"""Strongbox from the """"Lethal Vantage""""""","""Сейф из ""Смертельного преимущества"""""""
"""Strongbox from the """"Obsidian Triumph""""""","""Сейф из ""Обсидианового Триумфа"""""""
"""Strongbox from the """"Plains of Golghein""""""","""Сейф с ""Равнин Гольхейна"""""""
"""Strongbox from the """"Pride of Lion's Arch""""""","""Сейф из ""Гордости Львиной Арки"""""""
"""Strongbox from the """"Scorchrazor II""""""","""Сейф из ""Огненной бритвы II"""""""
"""Strongbox from the """"Shard of Brilliance""""""","""Сейф из ""Оскола гениальности"""""""
"""Strongbox from the """"Slice of Sky""""""","""Сейф из ""Кусочка неба"""""""
"""Strongbox from the """"Straight and Narrow""""""","""Сейф из фильма ""Прямо и узко"""""""
"""Strongbox from the """"Sword of Smodur""""""","""Сейф из ""Меча Смодура"""""""
"""Strongbox from the """"Thunderbreaker""""""","""Сейф из ""Громобойника"""""""
"""Strongbox from the """"Unsolved Conundrum""""""","""Сейф из ""Неразгаданной головоломки"""""""
"""Strongbox from the """"Vengeance Rising""""""","""Сейф из ""Возвышения мести"""""""
"""Strongbox of the """"Dragonrender""""""","""Сейф ""Драконода"""""""
"""Structured Player vs. Player, where everyone fights on an equal level. The core set of skills and traits are unlocked for players to customize and create their own specific role.""","«Структурированный Player vs. Player, где все сражаются на равном уровне. Основной набор навыков и черт разблокирован, и игроки могут настроить его и создать свою собственную особую роль»."
"""Struggle and claw however you wish, vermin. The result will be the same.""","«Борись и цепляйся, как хочешь, паразит. Результат будет тот же»."
"""Strum the harp, rejuvenating allies in a burst of healing. The tune reverberates, creating a healing area for a short duration.<br>The harp will then consume all notes to continue playing in the background. The harp's duration is extended for each note consumed.""","«Поиграйте на арфе, омолаживая союзников взрывом исцеления. Мелодия звучит, создавая область исцеления на короткое время.<br>Затем арфа поглотит все ноты, чтобы продолжить играть в фоновом режиме. Продолжительность арфы увеличивается с каждой проглоченной нотой»."
"""Studying dragons for so long makes one eager to confront a more manageable foe. If you don't mind, let's hurry before full-on panic sets in.""","«Так долгое изучение драконов вызывает желание противостоять более управляемому противнику. Если вы не возражаете, давайте поспешим, пока не началась настоящая паника»."
"""Stuff, stuff, stuff!""","«Вещи, вещи, вещи!»"
"""Stuffy, dusty books have their place, but this is where history is made.""","«Душные, пыльные книги имеют свое место, но именно здесь творится история»."
"""Stuns, dazes, knockbacks, pulls, pushes, and launches inflict vulnerability and weakness.""","«Оглушение, ошеломление, отбрасывание, притягивание, толчок и бросок вызывают уязвимость и слабость»."
"""Sub-cortex—overheating. Ire—rising. Hands—off. You—are—doing—it—wrong, you—human—putz.""","«Подкорка — перегрев. Ярость — поднимается. Руки — прочь. Ты — делаешь — это — неправильно, ты — человек — дебил»."
"""Subdue Gwyllian, Seneschal of the Forest.""","«Подчинить Гвиллиана, лесного сенешаля»."
"""Subdue them! Alive if you can, dead if you must.""","«Подчини их! Живыми, если можешь, мёртвыми, если нужно»."
"""Submit a bug directly to the GW2 Development Team. Because of the volume of bug reports we receive, we cannot provide individual responses. If you need a response or help, please visit our support site.""","«Отправьте сообщение об ошибке непосредственно команде разработчиков GW2. Из-за большого количества получаемых нами отчётов об ошибках мы не можем предоставить индивидуальные ответы. Если вам нужен ответ или помощь, посетите наш сайт поддержки»."
"""Submitter of Secrets, Under 3""","«Покоритель секретов, до 3 лет»"
"""Substandard, but edible.""","«Некачественно, но съедобно»."
"""Success! Ogre knowledge of the chak is unmatched, and the Mordrem have been driven from the Great Tree.""","«Успех! Знания огров о чаке не имеют себе равных, а мордремы изгнаны с Великого Древа»."
"""Success! The Mordrem migration has been halted, and the SCAR team is maintaining their position.""","«Успех! Миграция мордремов остановлена, и команда СКАР сохраняет свои позиции»."
"""Successful Convergences offer better rewards, give bonus Kryptis essence, and also grant a bonus to Kryptis essence earned from using motivations. Additionally, you have an increased chance to acquire unstable Kryptis motivations, which are used to open Convergences.""","«Успешные сближения предлагают лучшие награды, дают бонусную сущность Криптиса, а также дают бонус к сущности Криптиса, полученной за использование мотиваций. Кроме того, у вас есть повышенный шанс получить нестабильные мотивы Криптиса, которые используются для открытия Конвергенций»."
"""Successfully capture Stonemist Castle 1 time, or defend Stonemist Castle 3 times.""",«Успешно захватить Замок Каменного Тумана 1 раз или защитить Замок Каменного Тумана 3 раза».
"""Successfully complete the """"Survive the trap room"""" event without getting hit by a single defense orb.""","«Успешно завершите событие «Выжить в комнате-ловушке», не получив ни одного защитного шара»."
"""Successfully complete the cadet training course using a junundu wurm in Kaluun Ravine, and hit all bonus targets in a single attempt.""","«Успешно завершите курс подготовки кадетов, используя червя джунунду в ущелье Калуун, и поразите все бонусные цели за одну попытку»."
"""Successfully complete unique events in Nyedra, Dreamer's Sanctum in Inner Nayos.""","«Успешно завершите уникальные события в Ньедре, Святилище Мечтателя во Внутреннем Найосе»."
"""Successfully copy 20 dance moves in the """"Dance with the choya"""" event.""",«Успешно скопируйте 20 танцевальных движений в событии «Танец с Чойей»».
"""Successfully defeat High Judge Kulul, High Judge Ejele, and High Judge Sidan in the Necropolis.""","«Успешно победите Верховного судью Кулула, Верховного судью Эджеле и Верховного судью Сидана в Некрополе»."
"""Successfully disable 10 traps in a row during the """"Survive the trap room"""" event.""",«Успешно обезвредьте 10 ловушек подряд во время события «Выжить в комнате с ловушками»».
"""Successfully execute 10 perfect dances in a row in the """"Dance among the kodan"""" event.""",«Успешно исполните 10 идеальных танцев подряд в событии «Танец среди коданов»».
"""Successfully infiltrate the Speakers, keeping their confidence while sabotaging their efforts.""","«Успешно проникнуть в ряды Спикеров, сохранив их уверенность и саботируя их усилия»."
"""Successfully use your warclaw's Chain Pull to stop one of the titans from reaching the other in the """"Keep the titans apart in order to defeat them"""" event.""","«Успешно используйте цепную тягу своего боевого когтя, чтобы не дать одному из титанов добраться до другого в событии «Держите титанов отдельно, чтобы победить их»»."
"""Successive generations will likely not be burdened with this ailment, provided they're birthed naturally. But that may prove difficult if there are no skyscales left alive to rear them.""","«Последующие поколения, скорее всего, не будут отягощены этим недугом, если они родятся естественным путем. Но это может оказаться трудным, если не останется в живых скайскейлов, которые могли бы их вырастить»."
"""Such a nice cub. And brave, too. I've got a cousin I'd like to introduce you to.""","«Такой милый детеныш. И к тому же храбрый. У меня есть двоюродный брат, с которым я хочу тебя познакомить»."
"""Such arrogance. I hold your life in my hands, and you insult me with your trivial questions? For such insolence I should festoon the gates with your entrails.""","«Какое высокомерие. Я держу твою жизнь в своих руках, а ты оскорбляешь меня своими пустяковыми вопросами? За такую ??наглость я бы увешал ворота твоими внутренностями»."
"""Such fun! It's fantastic, isn't it?""","«Так весело! Это фантастика, не так ли?»"
"""Such heart, such loyalty. You are quite the norn, in the eyes of Wolf. Today, Wolf howls for you, a true hunter.""","«Такое сердце, такая преданность. В глазах Волка ты настоящий норн. Сегодня Волк воет по тебе, настоящий охотник»."
"""Suddenly, you feel as though you're crying, but in place of tears,""","«Внезапно тебе кажется, что ты плачешь, но вместо слез»"
"""Suffer, mortal things.""","«Страдайте, смертные существа»."
"""Suffer, mortal!""","«Страдай, смертный!»"
"""Suffer, wither, and die.""","«Страдать, чахнуть и умирать»."
"""Suggest that Amnoon pay tribute to King Palawa Joko in the story step """"Blazing a Trail.""""""",«Предложите Амнуну отдать дань уважения королю Палаве Джоко на этапе истории «Прокладывая путь»»».
"""Suggest that Amnoon support the Order of the Sunspears in the story step """"Blazing a Trail.""""""",«Предложите Амнуну поддержать Орден Солнечного Копья на этапе истории «Прокладывая путь»»».
"""Suggest that the Free City of Amnoon assert its independence in the story step """"Blazing a Trail.""""""",«Предложите Вольному городу Амнуну утвердить свою независимость на этапе истории «Прокладывая путь»»».
"""Summer, your journeykin are destroying my cabbages!""","«Лето, твои подмастерья уничтожают мою капусту!»"
"""Summon a Centaur Banner at your objective. This banner provides the wielder access to powerful offensive skills, as well as a break bar.""","«Призовите знамя кентавра к своей цели. Это знамя даёт владельцу доступ к мощным наступательным навыкам, а также полосу разрушения»."
"""Summon a Dragon Banner at your objective. This banner provides the wielder access to powerful offensive skills, as well as a break bar.""","«Призовите Знамя Дракона к своей цели. Это знамя даёт владельцу доступ к мощным наступательным навыкам, а также даёт возможность сломать планку»."
"""Summon a Ranger henchman to aid you in combat, complete with a trusty Black Widow pet. Equipped with Ranger greatsword skills.""",«Призовите на помощь в бою приспешника рейнджера вместе с верным питомцем Чёрной вдовой. Оснащен навыками владения двуручным мечом рейнджера».
"""Summon a Ranger henchman to aid you in combat, complete with a trusty Black Widow pet. Equipped with Ranger longbow skills.""",«Призовите на помощь в бою приспешника рейнджера вместе с верным питомцем Чёрной вдовой. Оснащен навыками владения длинным луком рейнджера».
"""Summon a Turtle Banner at your objective. This banner provides the wielder access to powerful defensive skills, as well as a break bar.""","«Призовите Черепашье знамя к своей цели. Это знамя даёт владельцу доступ к мощным защитным навыкам, а также полосу разрушения»."
"""Summon a projectile of air that circles around you, damaging foes. While this projectile is active, your chance to critically strike is increased. <c=@reminder>Summoning a circular projectile refreshes the duration of all other circular projectiles.</c>""","«Призовите воздушный снаряд, который кружится вокруг вас, нанося урон противникам. Пока этот снаряд активен, ваш шанс нанести критический удар увеличивается. <c=@reminder>Призыв круглого снаряда обновляет длительность всех других круглых снарядов.</c>»"
"""Summon a projectile of earth that circles around you, damaging foes. While this projectile is active, you take reduced damage from strikes. <c=@reminder>Summoning a circular projectile refreshes the duration of all other circular projectiles.</c>""","«Призовите снаряд земли, который кружится вокруг вас, нанося урон противникам. Пока этот снаряд активен, вы получаете меньший урон от ударов. <c=@reminder>Призыв круглого снаряда обновляет длительность всех других круглых снарядов.</c>»"
"""Summon a projectile of fire that circles around you, damaging foes. While this projectile is active, it grants you increased outgoing damage. <c=@reminder>Summoning a circular projectile refreshes the duration of all other circular projectiles.</c>""","«Призовите огненный снаряд, который кружится вокруг вас, нанося урон противникам. Пока этот снаряд активен, он увеличивает исходящий урон. <c=@reminder>Призыв круглого снаряда обновляет длительность всех других круглых снарядов.</c>»"
"""Summon a projectile of ice that circles around you, damaging foes. While this projectile is active, you take reduced damage from conditions. <c=@reminder>Summoning a circular projectile refreshes the duration of all other circular projectiles.</c>""","«Призовите ледяной снаряд, который кружится вокруг вас, нанося урон противникам. Пока этот снаряд активен, вы получаете меньший урон от состояний. <c=@reminder>Призыв круглого снаряда обновляет длительность всех других круглых снарядов.</c>»"
"""Summon a scarecrow to terrify villagers. You can teleport to your scarecrow, though it doubles the recharge time.""","«Призовите чучело, чтобы напугать жителей деревни. Вы можете телепортироваться к своему чучелу, но это удваивает время перезарядки»."
"""Summon a spirit centaur at your position that charges forward, crippling enemies and granting stability to nearby allies.""","«Призовите на свою позицию духа-кентавра, который устремится вперёд, нанося вред врагам и обеспечивая стабильность ближайшим союзникам»."
"""Summon a swirling spore cloud around your pet, destroying projectiles and chilling disabled or defiant enemies.<br><c=@reminder>Disables include stun, daze, knockback, pull, knockdown, sink, float, launch, taunt, and fear.</c>""","«Вызовите кружащееся облако спор вокруг вашего питомца, уничтожая снаряды и замораживая обездвиженных или непокорных врагов.<br><c=@reminder>В число отключений входят оглушение, ошеломление, отбрасывание, притягивание, нокдаун, погружение, плавание, запуск, насмешка и страх.</c>»"
"""Summon an Eye of Cerus that emits a rotating line attack, dealing damage and corrupting boons.""","«Призовите Глаз Церуса, который атакует по вращающейся линии, нанося урон и разрушая дары»."
"""Summon an aura that cripples, poisons, and weakens nearby foes.""","«Вызов ауры, которая калечит, отравляет и ослабляет ближайших противников»."
"""Summon an illusion at your target's location that attacks them, dealing extra damage for each condition on them.""","«Вызовите в месте нахождения вашей цели иллюзию, которая атакует её, нанося дополнительный урон за каждое наложенное на неё состояние»."
"""Summon spectral claws to slash your foe in a quick flurry of strikes, gaining life force per strike. This attack deals increased damage per stack of vulnerability on your target.""","«Призовите призрачные когти, чтобы нанести быстрый шквал ударов по вашему противнику, получая жизненную силу за каждый удар. Эта атака наносит увеличенный урон за каждый уровень уязвимости вашей цели»."
"""Summon your jade sphere, creating a combo field and granting boons to allies in its radius based on its element.""","«Призовите свою нефритовую сферу, создав комбо-поле и даруя союзникам в радиусе её блага в зависимости от её стихии»."
"""Summons a guild banner that will give +15%% karma, +15%% magic find, +15%% experience from kills, +15%% gold from kills, +15%% increased movement speed, and +15%% gathering chance to any ally that touches it for 30 minutes. Does not stack with other banner enhancements.""","«Призывает знамя гильдии, которое даёт 15%% кармы, 15%% магических находок, 15%% опыта за убийства, 15%% золота за убийства, 15%% увеличение скорости передвижения и 15%% шанса сбора любому союзнику, который прикасается к нему в течение 30 минут. Не суммируется с другими улучшениями баннера»."
"""Sun, Moon, and Stars""","«Солнце, Луна и Звезды»"
"""Sun-bleached animal bones, haphazardly piled.""","«Выбеленные солнцем кости животных, беспорядочно сваленные в кучу»."
"""Sunken in a small cave, at the northern end of the Choking Depths.""",«Затонул в маленькой пещере в северной части Удушающих глубин».
"""Sunsmith Ouissal dreamed she gifted an exquisite axe to a woman with skin like the star-kissed sky above the Astralarium. She woke and ran to her workbench, a delighted laugh lingering in her memory.""","«Кузнецу Солнца Уиссалу приснилось, что она подарила изысканный топор женщине с кожей, похожей на усыпанное звездами небо над Астраларием. Она проснулась и побежала к своему верстаку, в её памяти ещё остался восторженный смех»."
"""Sunspears, rally to me! We will wipe the Awakened from the face of Tyria!""","«Солнечные Копья, сплотитесь со мной! Мы сотрем Пробудившихся с лица Тирии!»"
"""Sunspot inflicts burning, and its radius is increased. Your condition damage is increased.""","«Солнечное пятно вызывает горение, а его радиус увеличивается. Урон от ваших состояний увеличивается»."
"""Super Adventure, SAB, Infinite Coin, Coin, SAB Coin, Infinite Continue Coin, Super Adventure Coin, SAB Cion, Cion, Pack, Adventure Pack, Adventure Coin, Super Coin""","«Супер приключение, SAB, бесконечная монета, монета, монета SAB, монета бесконечного продолжения, монета супер приключений, SAB Cion, Cion, пакет, пакет приключений, монета приключений, супер монета»"
"""Superb! Perhaps with these, I can really develop a medicine to help resist the Orrian blight.""","«Превосходно! Возможно, с их помощью я действительно смогу разработать лекарство, которое поможет противостоять оррианской чуме»."
"""Superb! Scales can be found across the area. Oh, and we need a broad-spectrum medication to bolster the afflicted skyscales' immune systems. Bring me these ingredients, and I'll prepare it.""","«Превосходно! Чешуйки можно найти по всей округе. О, и нам нужно лекарство широкого спектра действия, чтобы укрепить иммунную систему пораженных небесно-чешуйчатых. Принесите мне эти ингредиенты, и я приготовлю их»."
"""Supercharge an arrow with wind magic, and then launch it at incredible speed.""","«Зарядите стрелу магией ветра, а затем запустите её с невероятной скоростью»."
"""Supplies are used to build siege weapons, repair walls and gates, or upgrade locations.""","«Припасы используются для создания осадных орудий, ремонта стен и ворот или улучшения локаций»."
"""Supply Crate has extra supplies; Elixir X gives increased movement speed; and Mortar skills have increased range, reduced recharge, and bonus damage.""","«В ящике с припасами есть дополнительные припасы; эликсир X увеличивает скорость передвижения; а навыки минометов имеют увеличенную дальность действия, уменьшенную перезарядку и дополнительный урон»."
"""Supply caravans transport supplies from enemy camps to nearby towers, keeps, and castles.""","«Караваны снабжения доставляют припасы из вражеских лагерей в близлежащие башни, крепости и замки»."
"""Supply caravans transport supplies from friendly camps to nearby towers, keeps, and castles.""","«Караваны снабжения доставляют припасы из дружественных лагерей в близлежащие башни, крепости и замки»."
"""Support a candidate: Ellen Kiel or Evon Gnashblade. Spend this token at one of the support boxes in Zephyr Sanctum, and let your voice be heard.""","«Поддержите кандидата: Эллен Кил или Эвона Гнашблейда. Потратьте этот жетон в одном из ящиков поддержки в Зефир-Святилище, и пусть ваш голос будет услышан»."
"""Supposedly one blast from this horn would cause a severe vertigo-like effect on its intended targets. I've expressly instructed the camp to not attempt to use it """"for science.""""""","«Предположительно, один звук из этого рога вызовет сильное головокружение у намеченных целей. Я прямо проинструктировал лагерь не пытаться использовать его «для науки»»»."
"""Sure is getting cold and dark, isn't it?""","«Конечно, становится холодно и тёмно, не так ли?»"
"""Sure, I think I can handle it.""","«Конечно, я думаю, что справлюсь»."
"""Sure, I'd love to see it.""","«Конечно, мне бы хотелось это увидеть»."
"""Sure, I'll catch the bugger.""","«Конечно, я поймаю этого жукера»."
"""Sure, I'll fight your...thingy.""","«Конечно, я буду драться с твоей… штуковиной»."
"""Sure, I'll help out.""","«Конечно, я помогу»."
"""Sure, I'll help you train.""","«Конечно, я помогу тебе тренироваться»."
"""Sure, I'll spar with you.""","«Конечно, я буду с тобой спарринговать»."
"""Sure, I'll take one.""","«Конечно, я возьму один»."
"""Sure, I'll talk to Mina.""","«Конечно, я поговорю с Миной»."
"""Sure, anytime.""","«Конечно, в любое время»."
"""Sure, but...is this safe?""","«Конечно, но… это безопасно?»"
"""Sure, for Kryta.""","«Конечно, для Крайты»."
"""Sure, here.""","«Конечно, здесь»."
"""Sure, if you want to wait for their next attack. Otherwise, get ready to head out.""","«Конечно, если хочешь дождаться их следующей атаки. В противном случае готовься уйти»."
"""Sure, let's go.""","«Конечно, пойдём»."
"""Sure, let's see them.""","«Конечно, давайте посмотрим на них»."
"""Sure, show me what you have.""","«Конечно, покажи мне, что у тебя есть»."
"""Sure, show me what you've got.""","«Конечно, покажи мне, что у тебя есть»."
"""Sure, sure. Let me know how it goes.""","«Конечно, конечно. Дай мне знать, как все пройдёт»."
"""Sure, what are you surveying?""","«Конечно, а что ты исследуешь?»"
"""Sure, when the undead haven't turned everything into muck, it's gorgeous.""","«Конечно, когда нежить не превратила все в грязь, это великолепно»."
"""Sure, why not...""","«Конечно, почему бы и нет…»"
"""Sure, why not? The gangs holding those forts before they got chased out by plant-monsters claimed a connection to some ancient outlaw order. Personally, I think they had delusions of significance.""","«Конечно, а почему бы и нет? Банды, удерживавшие эти форты до того, как их выгнали монстры-растения, заявили о своей связи с каким-то древним преступным орденом. Лично я думаю, что у них была мания значимости»."
"""Sure. Whatever you want to know, legionnaire.""","«Конечно. Все, что ты хочешь знать, легионер»."
"""Surely, if we put our formidable minds to work on these problems, we can spark solutions.""","«Конечно, если мы заставим наш огромный ум работать над этими проблемами, мы сможем найти решения»."
"""Surely, you can re-create whatever experiments they ruined.""","«Конечно, вы можете воссоздать любые эксперименты, которые они разрушили»."
"""Surely, you've heard of me.""","«Конечно, вы слышали обо мне»."
"""Surge forward, attacking foes in front of you, then teleport back to your starting location.""","«Рывок вперёд, атакуя противников перед собой, а затем телепортируйтесь обратно в исходное место»."
"""Surprise, surprise, eh, Khebril? I mean... Yarr! Flotsam and jetsam! Now, how 'bout that wager?""","«Сюрприз, сюрприз, а, Хебрил? Я имею в виду… Ярр! Обломок и мусор! А как насчет этого пари?»"
"""Surprisingly, newborn skimmer pups don't need any parental care after birth.<br>Combine 1 Black and 2 Gold Mini Skimmer Pups with 20 Unidentified Dyes in the Mystic Forge to create a Mini Lantern Skimmer Pup.""","«Удивительно, но новорожденные детеныши скиммера после рождения не нуждаются в родительской заботе.<br>Объедините 1 чёрного и 2 золотых детенышей мини-скиммера с 20 неопознанными красителями в Мистической кузнице, чтобы создать мини-детеныша скиммера-фонаря»."
"""Surprisingly, newborn skimmer pups don't need any parental care after birth.<br>Combine 1 Black and 2 Orange Mini Skimmer Pups with 12 Unidentified Dyes in the Mystic Forge to create a Mini Gold Skimmer Pup.""","«Удивительно, но новорожденные детеныши скиммера после рождения не нуждаются в родительской заботе.<br>Объедините 1 чёрного и 2 оранжевых детенышей мини-скиммера с 12 неопознанными красителями в Мистической кузнице, чтобы создать мини-золотого скиммерного щенка»."
"""Surprisingly, newborn skimmer pups don't need any parental care after birth.<br>Combine 1 Blue and 2 Green Mini Skimmer Pups with 4 Unidentified Dyes in the Mystic Forge to create a Mini Orange Skimmer Pup.<br>Combine 1 Orange and 2 Blue Mini Skimmer Pups with 4 Unidentified Dyes in the Mystic Forge to create a Mini Purple Skimmer Pup.""","«Удивительно, но новорожденные детеныши скиммера не нуждаются в родительской заботе после рождения.<br>Объедините 1 синего и 2 зелёных детенышей мини-скиммера с 4 неопознанными красками в Mystic Forge, чтобы создать мини-оранжевого скиммера.<br>Объедините 1 оранжевого и 2 синих детенышей мини-скиммера с 4 неопознанными красками в Mystic Forge, чтобы создать мини-фиолетового скиммерного щенка»."
"""Surprisingly, newborn skimmer pups don't need any parental care after birth.<br>Combine 1 Blue, 1 Green, and 1 Orange Mini Skimmer Pup with 8 Unidentified Dyes in the Mystic Forge to create a Mini White Skimmer Pup.""","«Удивительно, но новорожденные детеныши скиммера после рождения не нуждаются в родительской заботе.<br>Объедините 1 синего, 1 зелёного и 1 оранжевого детеныша мини-скиммера с 8 неопознанными красками в Мистической кузнице, чтобы создать мини-белого скиммера»."
"""Surprisingly, newborn skimmer pups don't need any parental care after birth.<br>Combine 1 Blue, 1 Green, and 1 Purple Mini Skimmer Pup with 8 Unidentified Dyes in the Mystic Forge to create a Mini Black Skimmer Pup.""","«Удивительно, но новорожденные детеныши скиммера после рождения не нуждаются в родительской заботе.<br>Объедините 1 синего, 1 зелёного и 1 фиолетового детеныша мини-скиммера с 8 неопознанными красками в Мистической кузнице, чтобы создать мини-чёрного скиммера»."
"""Surprisingly, newborn skimmer pups don't need any parental care after birth.<br>Combine 1 Purple and 2 White Mini Skimmer Pups with 12 Unidentified Dyes in the Mystic Forge to create a Mini Silver Skimmer Pup.""","«Удивительно, но новорожденные детеныши скиммера после рождения не нуждаются в родительской заботе.<br>Объедините 1 фиолетового и 2 белых детенышей мини-скиммера с 12 неопознанными красителями в Мистической кузнице, чтобы создать мини-серебряного скиммерного щенка»."
"""Surprisingly, newborn skimmer pups don't need any parental care after birth.<br>Combine 1 White, 1 Black, and 1 Silver Mini Skimmer Pup with 20 Unidentified Dyes in the Mystic Forge to create a Mini Iceberg Skimmer Pup.""","«Удивительно, но новорожденные детеныши скиммера после рождения не нуждаются в родительской заботе.<br>Объедините 1 белого, 1 чёрного и 1 серебряного детеныша мини-скиммера с 20 неопознанными красками в Мистической кузнице, чтобы создать мини-детеныша скиммера»."
"""Surprisingly, newborn skimmer pups don't need any parental care after birth.<br>Combine 3 Mini Blue Skimmer Pups with 2 Unidentified Dyes in the Mystic Forge to create a Mini Green Skimmer Pup.""","«Удивительно, но новорожденные детеныши скиммера после рождения не нуждаются в родительской заботе.<br>Объедините 3 мини-синих скиммера с 2 неопознанными красителями в Мистической кузнице, чтобы создать мини-зелёного скиммера»."
"""Surrender, female! You're outnumbered and outgunned.""","«Сдавайтесь, женщина! Вас превосходят численностью и вооружением»."
"""Surrounded by smoke and flame, a hallowed tree rises above the wastes.""","«Окруженное дымом и пламенем, над пустошами возвышается священное дерево»."
"""Surrounded by the smell of a bog, you can hear the faint growls of warclaws from far above.""","«Окруженный запахом болота, далеко сверху слышно слабое рычание боевых когтей»."
"""Survive Assassin Ambush<br>in World 2, Zone 1""","«Выжить в засаде убийц<br>в мире 2, зоне 1»"
"""Survive the log raft ambush without dying in World 2, Zone 1.""","«Пережить засаду на бревенчатом плоту и не погибнуть в Мире 2, Зоне 1»."
"""Suspicious actions will compromise your disguise. At 100 stacks, you'll be ejected from the camp.""",«Подозрительные действия поставят под угрозу вашу маскировку. При 100 стеках вас вышвырнут из лагеря».
"""Suspicious papers or letters, anything that links him to the bandit attacks. Keep your eyes open and your senses sharp!""","«Подозрительные бумаги или письма, все, что связывает его с нападениями бандитов. Держите глаза открытыми и обострите свои чувства!»"
"""Suspicious? Like the new krewe members who keep asking about classified information, or like the huge Inquest complex at the southwest corner of our factory?""","«Подозрительно? Как новые члены крю, которые постоянно спрашивают о секретной информации, или как огромный следственный комплекс в юго-западном углу нашей фабрики?»"
"""Suwash the quaggan wants to become a pirate, but four crewmasters are preventing him from joining their ranks.""","«Квагган Суваш хочет стать пиратом, но четыре капитана команды не позволяют ему вступить в их ряды»."
"""Suwash the quaggan wants to become a pirate, but one crewmaster is preventing him from joining.""","«Квагган Суваш хочет стать пиратом, но один капитан не даёт ему присоединиться»."
"""Suwash the quaggan wants to become a pirate, but three crewmasters are preventing him from joining their ranks.""","«Квагган Суваш хочет стать пиратом, но три капитана не позволяют ему вступить в их ряды»."
"""Suwash the quaggan wants to become a pirate, but two crewmasters are preventing him from joining their ranks.""","«Квагган Суваш хочет стать пиратом, но два капитана команды не позволяют ему вступить в их ряды»."
"""Svanir's Dome is home to an especially aggressive band of Sons of Svanir. Their leader, Nollarr, is a vain and vicious brute who sends his followers to raid locals and passing travelers. As long as these marauders run free, the area around Svanir's Dome is not safe for anyone else.""","«Купол Сванира является домом для особенно агрессивной банды Сынов Сванира. Их лидер, Нолларр, тщеславный и злобный зверь, который посылает своих последователей совершать набеги на местных жителей и проходящих мимо путешественников. Пока эти мародеры бегут на свободу, территория вокруг Купола Сванира небезопасна для всех остальных»."
"""Swap places with your shadow flare, causing it to detonate and deal damage to enemies at your original location. Deals increased damage to your marked target.""","«Поменяйте местами свою теневую вспышку, заставив её взорваться и нанести урон врагам в исходном месте. Наносит увеличенный урон отмеченной цели»."
"""Swap weapons if your profession has two sets, or drop environmental items.""","«Поменяйте местами оружие, если в вашей профессии есть два комплекта, или сбросьте предметы окружающей среды»."
"""Sweep your foes along the ground, crippling them.""","«Сметайте врагов с земли, нанося им вред»."
"""Sweet Moves, You Have""","""Сладкие движения, у вас есть"""
"""Sweet, delicious honey.""","«Сладкий, вкусный мёд»."
"""Sweet, sweet treasure.""","«Милое, сладкое сокровище»."
"""Swift, strong, and agile, raptors are stalwart explorers and great companions for exploring the far reaches of the Crystal Desert.""","«Быстрые, сильные и ловкие хищники — стойкие исследователи и отличные компаньоны в исследовании дальних уголков Кристальной пустыни»."
"""Swift, strong, and agile, raptors are stalwart explorers and great companions for exploring the shores of Cantha.""","«Быстрые, сильные и ловкие хищники — стойкие исследователи и отличные компаньоны в исследовании берегов Канты»."
"""Swift, strong, and agile, raptors are stalwart explorers and great companions to accompany you on your travels.""","«Быстрые, сильные и ловкие хищники — стойкие исследователи и отличные спутники, которые будут сопровождать вас в ваших путешествиях»."
"""Swiftness on you is improved. Gain swiftness when you disable an enemy. <br><c=@reminder>Disables include stun, daze, knockback, pull, knockdown, sink, float, launch, taunt, and fear.</c>""","«Быстрота вашего персонажа улучшена. Скорость увеличивается, когда вы обезвреживаете врага. <br><c=@reminder>Отключение включает оглушение, ошеломление, отбрасывание, притягивание, нокдаун, погружение, плавание, запуск, насмешку и страх.</c>»"
"""Swing a plank at a competitor, causing a blowout on impact. Breaks plank.""","«Замахнуться доской на соперника, что приведет к взрыву при ударе. Доска сломается»."
"""Swing a plank, causing a blowout on impact. Breaks plank.""",«Раскачивание доски приводит к взрыву при ударе. Доска ломается».
"""Swing an uppercut at your target, crippling them and granting vigor to nearby allies. Gain Nature's Strength if you hit an enemy. <br><c=@reminder>This skill cannot activate Force of Nature.</c>""","«Нанесите апперкот на вашу цель, нанося ей вред и придавая бодрости ближайшим союзникам. Получите силу природы, если ударите врага. <br><c=@reminder>Этот навык не может активировать силу природы.</c>»"
"""Swing with both weapons at once, creating an explosive wave and setting your main-hand weapon on fire.""","«Взмахните обоими видами оружия одновременно, создав взрывную волну и поджег ваше основное оружие»."
"""Swing your greatsword again, inflicting vulnerability.""","«Ещё раз взмахните своим двуручным мечом, сделав уязвимым»."
"""Swing your spear in a circle, dealing increased damage to foes in the outer edge. Striking with the outer edge will always deal a critical hit. Create a clone and gain Clarity if you hit an enemy. If you are empowered, gain might.""","«Вешайте копьём по кругу, нанося увеличенный урон противникам на внешнем крае. Удар внешним краем всегда наносит критический удар. Создайте клона и получите Ясность, если поразите врага. Если у вас есть сила, получите мощь»."
"""Swing your spear, inflicting bleeding. Inflict vulnerability if your target is focused.""","«Взмахните копьём, вызывая кровотечение. Нанесите уязвимость, если ваша цель сфокусирована»."
"""Swing your spear, sending out a wave of light in front of you that damages enemies and heals allies.""","«Размахивайте копьём, посылая перед собой волну света, которая наносит урон врагам и исцеляет союзников»."
"""Swing your spear. If your enemy is far away, throw your spear instead.""","«Размахи копьём. Если твой враг далеко, вместо этого брось копьё»."
"""Swing your staff a second time, striking multiple enemies.""","«Взмахните посохом во второй раз, поразив нескольких врагов»."
"""Swipe at a competitor, and steal whatever they are carrying.""","«Напади на конкурента и укради все, что он несёт»."
"""Swipe at enemies in front of you, cleaving them.""","«Ударьте по врагам перед собой, рассекая их»."
"""Swipe at your foe, knocking them back.""","«Ударьте по противнику, отбросив его назад»."
"""Swipe at your foes, knocking them back.""","«Ударьте по врагам, отбрасывая их назад»."
"""Swipe at your target, inflicting cripple.""","«Ударьте по цели, нанеся ей калеку»."
"""Swipe past your foe's defenses, applying vulnerability.""","«Проведите мимо защиты противника, применив уязвимость»."
"""Swipe past your foe's defenses, exposing their vulnerability.""","«Проведите мимо защиты противника, обнажая его уязвимость»."
"""Swipe your tail, striking foes all around you.""","«Вести хвостом, поражая врагов вокруг себя»."
"""Swipes forward, creating a cascading wind that knocks back targets.""","«Движется вперёд, создавая каскадный ветер, отбрасывающий цели»."
"""Swirls around your finger, a constant reminder of the impact an individual can have.""","«Вращается вокруг вашего пальца — постоянное напоминание о том, какое влияние может оказать человек»."
"""Switch places with a living ally. This will """"phase"""" this player out in exchange for """"phasing"""" you in.""",«Поменяйтесь местами с живым союзником. Это «выключит» этого игрока в обмен на «поэтапное включение» вас».
"""Switching territories is not supported at this time. For more information, please visit our support website.""",«Смена территорий в настоящее время не поддерживается. Для получения дополнительной информации посетите наш веб-сайт поддержки».
"""Swoop at your foe, making them vulnerable.""","«Нападите на противника, сделав его уязвимым»."
"""Sylvari are a mystery to me. They seem so innocent, but in battle, they handle themselves quite competently.""","«Сильвари для меня загадка. Они кажутся такими невинными, но в бою они ведут себя вполне компетентно»."
"""Sylvari are not born. They awaken beneath the Pale Tree with knowledge gleaned in their pre-life Dream. These noble beings travel, seeking adventure and pursuing quests. They struggle to balance curiosity with duty, eagerness with chivalry, and warfare with honor. Magic and mystery entwine to shape the future of this race that has so recently appeared.""","«Сильвари не рождаются. Они просыпаются под Бледным Древом со знаниями, почерпнутыми в их преджизненном Сне. Эти благородные существа путешествуют, ищут приключения и выполняют задания. Они изо всех сил стараются сбалансировать любопытство с долгом, рвение с рыцарством, а войну с честью. Магия и тайна переплетаются, чтобы сформировать будущее этой расы, которая так недавно появилась»."
"""Sylvari are spreading the tale of a white stag roaming the Caledon Forest. I dreamed of such a stag! He may be elusive, but I believe I can find him.""","«Сильвари распространяют историю о белом олене, бродящем по Каледонскому лесу. Я мечтал о таком олене! Возможно, он неуловим, но я верю, что смогу его найти»."
"""Sylvari awaken in the Grove and consider it their home. The Pale Tree stands at its heart. Also known as the Mother Tree, she gives love and wise guidance to her sprouts.""","«Сильвари просыпаются в Роще и считают её своим домом. Бледное Древо стоит в её сердце. Также известное как Материнское Древо, она даёт любовь и мудрое руководство своим росткам»."
"""Sylvari awakened at dawn are natural talkers, diplomats, and forward-thinkers. We are intimately connected with our surroundings and markedly empathic toward all, even other races.""","«Сильвари, пробуждающиеся на рассвете, — прирожденные болтуны, дипломаты и дальновидные люди. Мы тесно связаны с нашим окружением и явно сопереживаем всем, даже другим расам»."
"""Sylvari awakened at night are secretive and cautious with information. We make our own decisions, and we come and go as we please, nimble of mind and body.""","«Сильвари, пробуждающиеся ночью, скрытны и осторожны с информацией. Мы сами принимаем решения и приходим и уходим, когда захотим, проворные разумом и телом»."
"""Sylvari awakened mid-day solve problems by attacking them head-on. We are the warriors, hunters, and travelers who experience life first-hand and enjoy the rush of taking risks in order to feel truly alive.""","«Сильвари, проснувшись в полдень, решает проблемы, нападая на них в лоб. Мы — воины, охотники и путешественники, которые познают жизнь из первых рук и наслаждаются стремлением рисковать, чтобы чувствовать себя по-настоящему живыми»."
"""Sylvari soldiers. They're not worth the risk. Even if they're still on our side, who says they're alive and ready to fight? The rescue mission is a lot of risk with potentially no reward.""","«Солдаты Сильвари. Они не стоят риска. Даже если они все ещё на нашей стороне, кто сказал, что они живы и готовы сражаться? Спасательная миссия — это большой риск и потенциально отсутствие награды»."
"""Sylvari wetlands plant wolves are rare, magical creatures that share many characteristics with their mundane brothers. They fight fiercely for their pack, using their plant affinity to rapidly regenerate wounds.—Acht""","«Растительные волки водно-болотных угодий Сильвари — редкие волшебные существа, которые имеют много общего со своими обычными братьями. Они яростно сражаются за свою стаю, используя свое растительное сходство для быстрой регенерации ран. — Ахт»"
"""Syrupy looking potion with the words """"Ascension is but a sip away"""" scrawled on it.""","«Зелье, похожее на сироп, с нацарапанными на нем словами: «До Вознесения осталось всего лишь глоток»»."
"""Syska said there's still a squad in that volcano, but if you think she's hiding something, her background would be the place to start. Pick one, and I'll handle the other.""","«Сиска сказала, что в этом вулкане все ещё есть отряд, но если вы думаете, что она что-то скрывает, начать следует с её биографии. Выберите одного, а с другим я разберусь»."
"""Syska's former partner in crime, Ignavus, was only too happy to send word to Trahearne on my behalf. He hoped that helping me would count in his favor if his black market weapons deals ever came to light, but my only concern was protecting Trahearne and the Pact from the impostor's illusory attacks. I set out to Oxbow Isle so I can talk to Trahearne face to face.""","«Бывший соучастник Сиски в преступлении, Игнавус, был только рад сообщить Трэхирну от моего имени. Он надеялся, что помощь мне послужит ему в пользу, если его сделки с оружием на чёрном рынке когда-либо выйдут наружу, но моей единственной заботой была защита Трэхирна и Пакта от иллюзорных нападок самозванца. Я отправился на остров Оксбоу, чтобы поговорить с Трэхирном лицом к лицу»."
"""TNY-R65 """"Teeny""""""","""TNY-R65 ""Маленький"""""""
"""TNY-R66 """"Tiny""""""","""TNY-R66 ""Крошечный"""""""
"""Table, Seating, Etc.""","«Стол, сидение и т. д»."
"""Tae-Sung has gone to the spirit realm! Enter the spirit realm, and force him back into the physical realm before he binds the friendly spirits!""","«Тэ Сун отправился в мир духов! Войдите в мир духов и заставьте его вернуться в физический мир, прежде чем он свяжет дружественных духов!»"
"""Tag, you're it!""","«Тэг, ты это!»"
"""Tagged by the skale charmer. Reduce its health below 25 percent to tame it. """"Do not remove, under penalty of death.""""""","""Отмечен заклинателем чешуи. Уменьшите его здоровье ниже 25 процентов, чтобы приручить его. """"Не удаляйте под страхом смерти."""""""
"""Taglicher Abschluss: Kapitan Mai Trin Boss, Rang 1""","«Taglicher Abschluss: Босс Капитан Май Трин, ранг 1»"
"""Taglicher Abschluss: Kapitan Mai Trin Boss, Rang 2""","«Taglicher Abschluss: Босс Капитан Май Трин, ранг 2»"
"""Taglicher Abschluss: Kapitan Mai Trin Boss, Rang 3""","«Taglicher Abschluss: Босс Капитан Май Трин, ранг 3»"
"""Taglicher Abschluss: Kapitan Mai Trin Boss, Rang 4""","«Taglicher Abschluss: Босс Капитан Май Трин, ранг 4»"
"""Taham, the Adversary""","«Тахам, противник»"
"""Tahmu """"The Weeping Queen""""""","""Тахму ""Плачущая королева"""""""
"""Taidha Covington has been defeated, and Laughing Gull Island is controlled by the Lionguard.""","«Тайда Ковингтон побеждена, а остров Смеющейся Чайки контролируется Львиной Стражей»."
"""Taidha Covington is inside her keep, making her last stand against the Lionguard.""",«Тайда Ковингтон находится в своей крепости и делает свой последний бой против Львиной стражи».
"""Tail Spin now pulls in foes to your location, grouping them up for combat.""","«Tail Spin теперь притягивает противников к вам, группируя их для боя»."
"""Taimi completed yet another magical device, so a trip to Rata Novus was in my cards. Marjory joined Kasmeer, Taimi, and me; and she brought a warning that Lazarus was on his way. Our plan to reveal his true identity involved the mirrors around the lab, so when he showed up with his new goons, we were ready. We were successful. My mind is reeling! Balthazar!""","«Тайми создал ещё одно магическое устройство, поэтому поездка на Рата Новус была в моих планах. Марджори присоединилась к Касмир, Тайми и мне; и она принесла предупреждение, что Лазарь уже в пути. Наш план раскрыть его истинную личность включал зеркала вокруг лаборатории, поэтому, когда он появился со своими новыми головорезами, мы были готовы. Мы добились успеха. Мой разум кружится! Бальтазар!»"
"""Taimi doesn't always understand me, but she helps other people understand me since she can hold a conversation with me by herself. Although...I wouldn't miss it if she stopped giving me a squeaky voice.""","«Тайми не всегда меня понимает, но она помогает другим людям понять меня, так как может поддерживать со мной разговор сама. Хотя… я бы не пропустил это, если бы она перестала говорить мне скрипучим голосом»."
"""Taimi found reference to a norn miner named Toska who was among those who first broke through to the ley line chamber. I located Toska nearby. She said the mine mysteriously caved in, but she thought that Scarlet may have found another way in.""","«Тайми нашла упоминание о норне-шахтерке по имени Тоска, которая была среди тех, кто первым прорвался в камеру лей-линий. Я нашёл Тоску неподалеку. Она сказала, что шахта таинственным образом обвалилась, но она подумала, что Скарлет, возможно, нашла другой путь внутрь»."
"""Taimi has made some interesting—and somewhat frightening—discoveries while in Rata Novus. Her experiments with the chak organ and blighted goo appear risky, but she's confident they'll produce results. Almorra Soulkeeper was here looking for Rytlock. He wasn't too happy about being summoned to the Black Citadel and blatantly ignored it.""","«Тайми сделала несколько интересных — и несколько пугающих — открытий в Рата Новус. Её эксперименты с чак-органом и зараженной слизью кажутся рискованными, но она уверена, что они принесут результаты. Альморра Душещица искала Ритлока здесь. Он был не слишком рад, что его вызвали в Чёрную Цитадель, и явно проигнорировал это»."
"""Taimi has no idea where Balthazar is, so it's up to me to find the trail, starting with the head priest of Balthazar in the palace temple. He couldn't help me, though it's obvious the return of Balthazar has affected his and his followers' attitudes. Countess Anise was already there, cautioning him about brawling in the city, and so I had a chance to speak with her. Turns out, Kasmeer told her of my goal, and she suggested one way I might achieve it: the Eye of Janthir. One of her exemplars is out there now, tracking it, and it's likely to lead me to Balthazar; thus, I'm off to find this Shining Blade exemplar.""","«Тайми понятия не имеет, где находится Бальтазар, поэтому мне предстоит найти след, начиная с главного жреца Бальтазара в дворцовом храме. Он не мог мне помочь, хотя очевидно, что возвращение Бальтазара повлияло на его отношение и отношение его последователей. Графиня Анис уже была там, предостерегая его о драках в городе, и поэтому у меня была возможность поговорить с ней. Оказывается, Касмир рассказала ей о моей цели, и она предложила один из способов, которым я мог бы помочь. Достигните этого: Глаз Джантира. Один из её экземпляров сейчас отслеживает его, и он, вероятно, приведет меня к Бальтазару, поэтому я отправляюсь на поиски этого экземпляра Сияющего Клинка»."
"""Taimi has requested your presence in Rata Novus. Apparently, Rata Sum has a secret gate that will take you there.""","«Тайми попросила тебя присутствовать в Рата Новусе. Судя по всему, в Рата Суме есть секретные врата, которые приведут тебя туда»."
"""Taimi is in Rata Novus, that archaeological dig of asuran history and mystery. She has something to show you!""","«Тайми находится в Рата Новус, археологических раскопках, наполненных историей и тайнами асуров. Ей есть что вам показать!»"
"""Taimi reached out over comms to report that the original mold used in the forging process had cracked and we would need to track down a replacement. Ogden suggested we try the tomb of Frodak Steelstar, a long-dead dwarven weaponsmith who had apparently worked with Glint in forging the original Dragonsblood Spear. While searching for his tomb, I came across the ghost of Frodak himself and learned that a vicious graveling had displaced him from his tomb. By ridding his tomb of the graveling, I was able to secure a replacement mold for our new Dragonsblood weapons.""","«Тайми связался по связи, чтобы сообщить, что оригинальная форма, использованная в процессе ковки, треснула, и нам нужно будет найти замену. Огден предложил нам осмотреть могилу Фродака Стальной Звезды, давно умершего дварфского оружейника, который, очевидно, работал с Глинтом над созданием оригинального Копья Драконьей Крови. В поисках его могилы я наткнулся на призрак самого Фродака и узнал, что злобный гравий вытеснил его из могилы. Избавив его, из гравийной могилы, мне удалось достать форму для замены нашего нового оружия Драконьей Крови»."
"""Taimi! Taimi, where are you?""","«Тайми! Тайми, где ты?»"
"""Taimi! You okay, kid?""","— Тайми! Ты в порядке, малыш?"
"""Taimi's Waypoint Recalibration Device was successful in retuning the waypoints, making them more efficient by using less ley line magic to operate. As a result, they are now uninteresting to Mordremoth's minions. This impressed Councillor Phlunt and his Arcane Council associates so much that they wanted the device for themselves. Taimi didn't like the idea of giving up the new invention she worked so hard to develop, so she ran off with it. Braham and I need to find her and convince her to relinquish the W.R.D. for the greater cause.""","«Устройство перекалибровки путевых точек Тайми успешно перенастроило путевые точки, сделав их более эффективными за счёт использования меньшего количества магии лей-линий для работы. В результате они теперь неинтересны приспешникам Мордремота. Это настолько впечатлило советника Фланта и его соратников из Тайного совета, что они захотели это устройство себе. Тайми не понравилась идея отказаться от нового изобретения, над разработкой которого она так усердно работала, поэтому она сбежала с ним. Нам с Брейхамом нужно её найти. и убедить её отказаться от W.R.D. ради великой цели»."
"""Taimi, Gorrik, Blish, and I determined that an army could only reach Gandara in time by using Blish's stolen portal tech. I sent Blish and Taimi to set up the portal in the desert. Meanwhile, I went to ask the Primeval Dynasty for help.""","«Тайми, Горрик, Блиш и я решили, что армия сможет добраться до Гандары вовремя, только используя украденную у Блиша технологию портала. Я послал Блиша и Тайми установить портал в пустыне. Тем временем я пошёл просить Первобытную Династию о помощи»."
"""Taimi, in one of her more...formal letters, asked me to travel to the Applied Development Lab to help check in on a dire situation. Given that I'm not especially busy, I'm on my way.""","«Тайми в одном из своих более... официальных писем попросила меня съездить в Лабораторию прикладных разработок, чтобы помочь разобраться в ужасной ситуации. Учитывая, что я не особенно занят, я уже в пути»."
"""Taimi, with her ever-growing influence, arranged for a Vigil submarine to take me to the Fire Islands in pursuit of Balthazar. Of course, she sent some of her own team along as well.""","«Тайми, с её постоянно растущим влиянием, организовала подводную лодку «Виджил», которая отвезла меня на Огненные острова в поисках Бальтазара. Конечно, она также послала с собой некоторых из своей команды»."
"""Taimi? You there...? Come in, Taimi.""","«Тайми? Ты здесь?.. Заходи, Тайми»."
"""Take 1,000 gold.""",«Возьмите 1000 золотых».
"""Take 100,000 gold.""",«Возьмите 100 000 золотых».
"""Take Bounty: Adal, Unyielding Firmament""","«Возьмите награду: Адал, Непреклонный небосвод»"
"""Take That, Bureaucrats!""","«Возьмите это, бюрократы!»"
"""Take a """"Bramble Begone"""" device and shoot it at the octovine. It'll eat through its protective layer in no time!""",«Возьмите устройство «Ежевичный бегон» и выстрелите им в октовину. Оно мгновенно разъест его защитный слой!»
"""Take a canvas, paintbrush, and a jar of blue paint to the scenic vantage point at the top of the entry gate into Barrowstead in Frostgorge Sound.""","«Возьмите холст, кисть и банку с синей краской и поднимитесь на живописную точку наверху входных ворот в Барроустед в Заливе Морозного Ущелья»."
"""Take a canvas, paintbrush, and a jar of green paint to the scenic vantage point atop the pillar in the Uplands Oasis of Dry Top.""","«Возьмите холст, кисть и банку с зелёной краской и поднимитесь на живописную точку на вершине колонны в Нагорном оазисе Сухой Вершины»."
"""Take a canvas, paintbrush, and a jar of orange paint to the scenic vantage point on the high rock next to Lamia Mire in Plains of Ashford.""","«Возьмите холст, кисть и банку с оранжевой краской и поднимитесь на живописную точку обзора на высокой скале рядом с Ламией Майр на равнинах Эшфорда»."
"""Take a canvas, paintbrush, and a jar of purple paint to the scenic vantage point in Kinar Fort in Blazeridge Steppes.""","«Возьмите холст, кисть и банку с фиолетовой краской и отправляйтесь на обзорную площадку в форте Кинар в Блейзриджских степях»."
"""Take a canvas, paintbrush, and a jar of red paint to the scenic vantage point at the bottom of Mount Maelstrom.""","«Возьмите холст, кисть и банку с красной краской и поднимитесь на живописную точку у подножия горы Водоворот»."
"""Take a canvas, paintbrush, and a jar of yellow paint to the scenic vantage point by Pyrite Peninsula in Malchor's Leap.""","«Возьмите холст, кисть и банку с жёлтой краской и отправляйтесь на живописную точку Пиритового полуострова в Прыжке Малхора»."
"""Take a minute to get your bearings, then we move on.""","«Потратьте минутку, чтобы сориентироваться, а затем мы двинемся дальше»."
"""Take a rubbing of the ancient casket in the Azabe Qabar, Royal Tombs in Cursed Shore.""","«Протрите древнюю гробницу в Азабе-Кабаре, царские гробницы на Проклятом берегу»."
"""Take a stand against overwhelming odds. Gain vitality, toughness, and power.""","«Встаньте против превосходящих сил. Обретите жизненную силу, выносливость и силу»."
"""Take capture points, slay enemies, and earn rewards in a Player versus Player team battle. Click the crossed swords icon in the top left of your screen to enter PvP, which boosts your level to 80 for the duration of the fight.""","«Захватывайте очки, убивайте врагов и зарабатывайте награды в командных битвах между игроками. Щёлкните значок скрещенных мечей в левом верхнем углу экрана, чтобы войти в PvP, что повысит ваш уровень до 80 на время боя»."
"""Take care of them, then!""",— Тогда позаботься о них!
"""Take care, Petey.""","— Береги себя, Пити."
"""Take care, captain.""","«Будьте осторожны, капитан»."
"""Take care, traveler. A Son of Svanir was spotted by the haven with a pack of corrupted wolves.""","«Берегись, путник. Сын Сванира был замечен в гавани со стаей испорченных волков»."
"""Take down tier 1, tier 2, and tier 3 rift hunt targets in Amnytas.""","«Уничтожьте цели охоты на разломах уровня 1, уровня 2 и уровня 3 в Амнитасе»."
"""Take down tier 1, tier 2, and tier 3 rift hunt targets in Auric Basin.""","«Уничтожьте цели охоты на разломы уровня 1, уровня 2 и уровня 3 в Золотом бассейне»."
"""Take down tier 1, tier 2, and tier 3 rift hunt targets in Bava Nisos.""","«Уничтожьте цели охоты на разломах уровня 1, уровня 2 и уровня 3 в Бава Нисос»."
"""Take down tier 1, tier 2, and tier 3 rift hunt targets in Bitterfrost Frontier.""","«Уничтожьте цели охоты в разломах уровня 1, уровня 2 и уровня 3 в Bitterfrost Frontier»."
"""Take down tier 1, tier 2, and tier 3 rift hunt targets in Bloodstone Fen.""","«Уничтожьте цели охоты на разломах уровня 1, уровня 2 и уровня 3 в Болоте Кровавого Камня»."
"""Take down tier 1, tier 2, and tier 3 rift hunt targets in Bloodtide Coast.""","«Уничтожьте цели охоты в разломах уровня 1, уровня 2 и уровня 3 на Берегу Кровавого Прилива»."
"""Take down tier 1, tier 2, and tier 3 rift hunt targets in Crystal Oasis.""","«Уничтожьте цели охоты на разломах уровня 1, уровня 2 и уровня 3 в Кристальном Оазисе»."
"""Take down tier 1, tier 2, and tier 3 rift hunt targets in Cursed Shore.""","«Уничтожьте цели охоты в разломах уровня 1, уровня 2 и уровня 3 на Проклятом берегу»."
"""Take down tier 1, tier 2, and tier 3 rift hunt targets in Desert Highlands.""","«Уничтожьте цели охоты на разломах уровня 1, уровня 2 и уровня 3 в Пустынном нагорье»."
"""Take down tier 1, tier 2, and tier 3 rift hunt targets in Domain of Istan.""","«Уничтожьте цели охоты на разломы уровня 1, уровня 2 и уровня 3 во владениях Истана»."
"""Take down tier 1, tier 2, and tier 3 rift hunt targets in Domain of Vabbi.""","«Уничтожьте цели охоты на разломах уровня 1, уровня 2 и уровня 3 в Доменах Вабби»."
"""Take down tier 1, tier 2, and tier 3 rift hunt targets in Dry Top.""","«Уничтожьте цели охоты на разломы уровня 1, уровня 2 и уровня 3 в Сухой Вершине»."
"""Take down tier 1, tier 2, and tier 3 rift hunt targets in Echovald Wilds.""","«Уничтожьте цели охоты на разломах уровня 1, уровня 2 и уровня 3 в Эховальдских джунглях»."
"""Take down tier 1, tier 2, and tier 3 rift hunt targets in Elon Riverlands.""","«Уничтожьте цели охоты на разломах уровня 1, уровня 2 и уровня 3 в Речных землях Илона»."
"""Take down tier 1, tier 2, and tier 3 rift hunt targets in Ember Bay.""","«Уничтожьте цели охоты на разломы уровня 1, уровня 2 и уровня 3 в Эмбер Бэй»."
"""Take down tier 1, tier 2, and tier 3 rift hunt targets in Eternity's Garden.""","«Уничтожьте цели охоты на разломы уровня 1, уровня 2 и уровня 3 в Саду Вечности»."
"""Take down tier 1, tier 2, and tier 3 rift hunt targets in Fireheart Rise.""","«Уничтожьте цели охоты в разломах уровня 1, уровня 2 и уровня 3 на возвышении Возвышенности Огненного Сердца»."
"""Take down tier 1, tier 2, and tier 3 rift hunt targets in Frostgorge Sound.""","«Уничтожьте цели охоты на разломах уровня 1, уровня 2 и уровня 3 в Морозном ущелье»."
"""Take down tier 1, tier 2, and tier 3 rift hunt targets in Inner Nayos.""","«Уничтожьте цели охоты на разломах уровня 1, уровня 2 и уровня 3 во Внутреннем Найосе»."
"""Take down tier 1, tier 2, and tier 3 rift hunt targets in Iron Marches.""","«Уничтожьте цели охоты в разломах уровня 1, уровня 2 и уровня 3 в Железных Топях»."
"""Take down tier 1, tier 2, and tier 3 rift hunt targets in Jahai Bluffs.""","«Уничтожьте цели охоты на разломах уровня 1, уровня 2 и уровня 3 в Джахай-Блафс»."
"""Take down tier 1, tier 2, and tier 3 rift hunt targets in Janthir Syntri.""","«Уничтожьте цели охоты на разломах уровня 1, уровня 2 и уровня 3 в Джантхире Синтри»."
"""Take down tier 1, tier 2, and tier 3 rift hunt targets in Janthir Wilds.""","«Уничтожьте цели охоты на разломах уровня 1, уровня 2 и уровня 3 в Джантирских джунглях»."
"""Take down tier 1, tier 2, and tier 3 rift hunt targets in Lake Doric.""","«Уничтожьте цели охоты на разломах уровня 1, уровня 2 и уровня 3 на озере Дорик»."
"""Take down tier 1, tier 2, and tier 3 rift hunt targets in Malchor's Leap.""","«Уничтожьте цели охоты в разломах уровня 1, уровня 2 и уровня 3 в «Прыжке Малкора»."
"""Take down tier 1, tier 2, and tier 3 rift hunt targets in Mistburned Barrens.""","«Уничтожьте цели охоты на разломах уровня 1, уровня 2 и уровня 3 в Ожженных Туманом Степях»."
"""Take down tier 1, tier 2, and tier 3 rift hunt targets in Mount Maelstrom.""","«Уничтожьте цели охоты в разломах уровня 1, уровня 2 и уровня 3 на горе Водоворот»."
"""Take down tier 1, tier 2, and tier 3 rift hunt targets in New Kaineng City.""","«Уничтожьте цели охоты на разломы уровня 1, уровня 2 и уровня 3 в Нью-Кайненге»."
"""Take down tier 1, tier 2, and tier 3 rift hunt targets in Sandswept Isles.""","«Уничтожьте цели охоты в разломах уровня 1, уровня 2 и уровня 3 на Песчаных островах»."
"""Take down tier 1, tier 2, and tier 3 rift hunt targets in Seitung Province.""","«Уничтожьте цели охоты на разломах уровня 1, уровня 2 и уровня 3 в провинции Сейтунг»."
"""Take down tier 1, tier 2, and tier 3 rift hunt targets in Shipwreck Strand.""","«Уничтожьте цели охоты в разломах уровня 1, уровня 2 и уровня 3 на Берегу кораблекрушений»."
"""Take down tier 1, tier 2, and tier 3 rift hunt targets in Skywatch Archipelago.""","«Уничтожьте цели охоты на разломы уровня 1, уровня 2 и уровня 3 на архипелаге Небесного Дозора»."
"""Take down tier 1, tier 2, and tier 3 rift hunt targets in Southsun Cove.""","«Уничтожьте цели охоты на разломах уровня 1, уровня 2 и уровня 3 в бухте Саутсан»."
"""Take down tier 1, tier 2, and tier 3 rift hunt targets in Sparkfly Fen.""","«Уничтожьте цели охоты на разломах уровня 1, уровня 2 и уровня 3 в Болоте Сверкающих»."
"""Take down tier 1, tier 2, and tier 3 rift hunt targets in Starlit Weald.""","«Уничтожьте цели охоты на разломы уровня 1, уровня 2 и уровня 3 в Звёздной пустоши»."
"""Take down tier 1, tier 2, and tier 3 rift hunt targets in Straits of Devastation.""","«Уничтожьте цели охоты на разломах уровня 1, уровня 2 и уровня 3 в Проливе Опустошения»."
"""Take down tier 1, tier 2, and tier 3 rift hunt targets in Tangled Depths.""","«Уничтожьте цели охоты на разломы уровня 1, уровня 2 и уровня 3 в Спутанных глубинах»."
"""Take down tier 1, tier 2, and tier 3 rift hunt targets in Thunderhead Keep.""","«Уничтожьте цели охоты в разломах уровня 1, уровня 2 и уровня 3 в Громовой крепости»."
"""Take down tier 1, tier 2, and tier 3 rift hunt targets in Timberline Falls.""","«Уничтожьте цели охоты на разломы уровня 1, уровня 2 и уровня 3 в Тимберлайн-Фолс»."
"""Take down tier 1, tier 2, and tier 3 rift hunt targets in Verdant Brink.""","«Уничтожьте цели охоты на разломах уровня 1, уровня 2 и уровня 3 в Зелёном краю»."
"""Take down tier 1, tier 2, and tier 3 rift hunt targets in various maps.""","«Уничтожьте цели охоты в разломах уровня 1, уровня 2 и уровня 3 на различных картах»."
"""Take food and ale to soldiers, but keep the inebriated ones in check. Boost the spirits of dejected soldiers, and dispatch anyone who tries to hinder the celebration.""","«Отдавайте солдатам еду и эль, но держите пьяных под контролем. Поднимите настроение удрученным солдатам и уничтожьте любого, кто попытается помешать празднованию»."
"""Take my advice. Stay away from there. It's an Inquest lab, and if they catch you poking around, they're just as likely to put you in a cage and experiment on you as invite you in for tea.""","«Послушайте моего совета. Держитесь оттуда подальше. Это лаборатория дознания, и если они поймают вас за шуршанием, они с такой же вероятностью посадят вас в клетку и будут экспериментировать на вас, как и пригласят вас на чай»."
"""Take out Inquest operatives, sabotage their broken golems and their experiments, destroy lab equipment, and rescue prisoners.""","«Устраняйте оперативников дознания, саботируйте их сломанные големы и их эксперименты, уничтожайте лабораторное оборудование и спасайте заключенных»."
"""Take root at your current location, becoming immobile, but causing several turrets to grow nearby.""","«Укоренитесь в своем текущем местоположении, становясь неподвижным, но вызывая рост нескольких турелей поблизости»."
"""Take some repellent and use it on the infested sylvan hounds. It should kill the eggs, and then you just have to worry about the spiders.""","«Возьми репеллент и примени его к зараженным лесным гончим. Он убьёт яйца, и тогда тебе придётся беспокоиться о пауках»."
"""Take that, cretins! Eh, it won't completely stop them, but they won't be back any time soon.""","— Берите, кретины! Эх, это их не остановит, но в ближайшее время они не вернутся."
"""Take that, you stupid ghosts.""","«Возьмите это, глупые призраки»."
"""Take the """"Elder Dragons and Star Navigation Theories Vol. III,"""" the Skritt Salvaged Compass, the Ancient Orrian Compass, and the Damaged Airship Compass to Scarlet's home in Dry Top, and use her workbench to create the Wondrous Compass.""","«Отнесите «Старшие драконы и теории звёздной навигации, том III», спасенный компас Скритта, древний оррианский компас и поврежденный компас дирижабля в дом Скарлет в Сухом Топе и используйте её верстак, чтобы создать чудесный компас»."
"""Take the Ancient Charting Device, Ancient Planetarium Slide, Finely Tuned Watchwork Mechanism, and Flawless Ancient Karka Husk to the Durmand Priory and use the Cartographer's Workbench to craft an Astrolabe.""","«Отнесите древнее картографическое устройство, древнюю горку планетария, точно настроенный часовой механизм и безупречную древнюю оболочку карки в монастырь Дурманд и используйте верстак картографа, чтобы создать астролябию»."
"""Take the Ancient Cultists Texts to Sage Salim in Tarir, the Forgotten City of Auric Basin, so that he might put it to rest.""","«Отнесите тексты древних культистов мудрецу Салиму в Тарир, забытый город Аурического бассейна, чтобы он мог положить их на покой»."
"""Take the Charged Dwarven Spell Trap, Energized Soul Battery Fragment, Case of Corrupted Phials, and Chaotic Magic to the Metal Forest on Pyrite Peninsula in Malchor's Leap to combine them into Transcendent Energy.""","«Отнесите заряженную ловушку гномьих заклинаний, фрагмент заряженной батареи души, ящик с испорченными фиалами и хаотическую магию в Металлический лес на Пиритовом полуострове в Прыжке Малхора, чтобы объединить их в трансцендентную энергию»."
"""Take the Concentrated Volatile Substance, Ichor Alkahest, Arachnid Venom Decanter, and Concentrated Maguuma Bacteria to the Alchemy Mixing Table near Atlalli, Master Alchemist in the Hunting Banks of Timberline Falls, to create the Alchemical Catalyst.""","«Отнесите концентрированное летучее вещество, ихорный алкаест, графин с ядом паукообразных и концентрированные бактерии магуума на алхимический смесительный стол возле Атлалли, мастера-алхимика на охотничьих берегах Тимберлайн-Фолс, чтобы создать алхимический катализатор»."
"""Take the Counterweighting Mechanism, Dredge Cogs, Magnification Lens, and Hollow Saurian Bone to the Durmand Priory and use the Cartographer's Workbench to craft a Sextant.""","«Отнесите механизм противовеса, зубчатые колеса, увеличительную линзу и полую кость ящера в монастырь Дурманд и используйте верстак картографа, чтобы изготовить секстант»."
"""Take the Mist Enchanted Mechanism, the Technomancy Blueprint, the Ancient Runed Tablet and 10 Meteorite Ingots to the Craftsman's Workbench in the Durmand Priory Library to create the Cosmic Mechanism.""","«Отнесите Зачарованный туманом механизм, чертеж техномантии, древнюю руническую табличку и 10 метеоритных слитков на верстак мастера в библиотеке монастыря Дурманд, чтобы создать космический механизм»."
"""Take the Perplexing Energized Cube, the Perpetual Energy Coil, Alkaline Solution, and the Thaumanova Anomaly Spark  to the Snaff Memorial Lab in Rata Sum and use the Synergetics Workstation to create the Synergetic Generator.""","«Отнесите загадочный заряженный куб, катушку вечной энергии, щелочной раствор и аномальную искру Тауманова в мемориальную лабораторию Снаффа в Рата-Сумме и используйте рабочую станцию ????синергетики, чтобы создать синергетический генератор»."
"""Take the Sextant, Astrolabe, Incomplete Star Charts, and Star Charter's Bag along with Ogden's Notes to the Durmand Priory, and use the Cartographer's Workbench to create the Celestial Cartographer's Gear.""","«Отнесите секстант, астролябию, неполные звёздные карты и сумку Звёздной хартии вместе с записками Огдена в монастырь Дурманд и используйте верстак картографа, чтобы создать снаряжение небесного картографа»."
"""Take the Stabilizing Gyroscope, the Aetherblade Gearbox Mechanism, the Steam Cogs, and the Charr Helicopter Gearbox to the Craftsman's Workbench in the Durmand Priory library to create the Technomancy Blueprint.""","«Отнесите стабилизирующий гироскоп, механизм коробки передач Этерклинка, паровые шестерни и коробку передач вертолета Чарр в верстак мастера в библиотеке Приората Дурманда, чтобы создать чертеж техномантии»."
"""Take the Synergetic Generator to the abandoned mine in Dry Top and attempt to sabotage the Inquest Synergetics Panel. After defeating the Inquest Synergetics Expert, use the device to test the energy reactions in the area.""","«Отнесите синергетический генератор в заброшенную шахту в Сухой Вершине и попытайтесь саботировать работу комиссии по синергетике. После победы над экспертом по синергетике используйте устройство, чтобы проверить энергетические реакции в этом районе»."
"""Take the fight to them, Seraph!""","«Дай им бой, Серафим!»"
"""Take the five reactor components to the Snaff Memorial Lab in Rata Sum, and use the Synergetics Workstation to create the Experimental Reactor.""",«Отнесите пять компонентов реактора в мемориальную лабораторию Снаффа в Рата-Суме и используйте рабочую станцию ??синергетики для создания экспериментального реактора».
"""Take the west road, then head up north a ways.""","«Иди по западной дороге, а затем иди на север»."
"""Take them down, buddy!""","«Сними их, приятель!»"
"""Take this bridge, you lousy cubs. I want to sit back, eat rations, and enjoy the mortars we're gonna fire.""","«Возьмите этот мост, паршивые детеныши. Я хочу сидеть сложа руки, есть пайки и наслаждаться минометами, которые мы будем стрелять»."
"""Take this, stupid goons!""","«Возьмите это, тупые головорезы!»"
"""Take us back into your kingdom, Your Majesty!""","«Верните нас в свое королевство, Ваше Величество!»"
"""Take what you want, lads and lasses! Take money. Take prisoners. Take lives!""","«Берите, что хотите, парни и девушки! Берите деньги. Берите пленных. Берите жизни!»"
"""Take your pick. We've got splinter groups of humans and charr trying to stop the peace treaty, we have wildlife that'll kill you, and we've got dragon-corrupted land up north.""","«Выбирайте сами. У нас есть отколовшиеся группы людей и чарров, пытающихся помешать мирному договору, у нас есть дикая природа, которая убьёт вас, и у нас есть испорченные драконами земли на севере»."
"""Take your sire, Clement Forktail, into custody.""","«Возьмите под стражу своего отца, Клемента Форктейла»."
"""Take your springer out to help those in need, and gain tasty treats for your springer as a reward.""","«Возьмите свой спрингер, чтобы помочь нуждающимся, и получите в награду вкусные угощения для своего спрингера»."
"""Take your time, Initiate. Confer with Tybalt and notify me when you decide.""","«Не торопитесь, Посвященный. Посоветуйтесь с Тибальтом и сообщите мне, когда примете решение»."
"""Take your time, my friend. Corrupting a prisoner isn't as simple as breaking a twig.""","«Не торопись, друг мой. Развратить заключенного не так просто, как сломать ветку»."
"""Take yourself, for example. How old did you say you were? I can never tell with humans...""","«Возьмем, к примеру, себя. Сколько, ты говоришь, тебе лет? Я никогда не могу этого сказать по поводу людей…»"
"""Talk to Sergeant Soto to train with rifles, Sergeant Neal to train with swords, and Sergeant Liddy to train with shields.""","«Поговорите с сержантом Сото, чтобы потренироваться с винтовками, с сержантом Нилом, чтобы потренироваться с мечами, и с сержантом Лидди, чтобы потренироваться со щитами»."
"""Talk to quaggan, hm?""","— Поговори с квагганом, а?"
"""Talk to the castaway """"captain"""" in Pub Canach.""",«Поговорите с потерпевшим кораблекрушение «капитаном» в пабе Канах».
"""Talk, imposter, or I'll call one of my devourers in here.""","«Говори, самозванец, или я позову сюда одного из моих пожирателей»."
"""Talon, this is no normal attack! The Lionguard cannot hold! We're overwhelmed!""","«Коготь, это не обычная атака! Львиная стража не сможет удержаться! Мы разбиты!»"
"""Tap into your connection with the Mists, empowering your legends for a short period of time.""","«Подключитесь к Туманам, чтобы на короткое время усилить свои легенды»."
"""Target a guest at the party and use this skill to mark them for investigation. This skill takes time to recharge, so choose your targets carefully.""","«Нацельтесь на гостя на вечеринке и используйте этот навык, чтобы пометить его для расследования. Этот навык требует времени для перезарядки, поэтому тщательно выбирайте цели»."
"""Target foe becomes entangled by vines, and is unable to move until they have been destroyed.""","«Выбранный противник запутывается в лозах и не может двигаться, пока не будет уничтожен»."
"""Targets an area, leaving behind a damaging ice combo field.""","«Нацеливается на область, оставляя после себя разрушительное ледяное комбо-поле»."
"""Targets foes, then fires a powerful shot.""","«Нацеливается на противников, а затем производит мощный выстрел»."
"""Targets take 60%% of their health in damage, split between any nearby allies.""","«Цели получают урон в размере 60%% своего здоровья, который распределяется между ближайшими союзниками»."
"""Tarir needs you. Your blade, your courage, and your resolve!""","«Тариру нужен ты. Твой клинок, твоя храбрость и твоя решимость!»"
"""Tarir perseveres, but for how long?""","«Тарир упорствует, но как долго?»"
"""Tarir, the Forgotten City""","«Тарир, забытый город»"
"""Task item. Give it to raptors as a tasty treat, or put it in the food baskets for Aksim to use later. Seems gross, but hey, they like it.""","«Предмет задания. Отдайте его хищникам в качестве лакомства или положите в корзины с едой, чтобы Аксим мог использовать их позже. Кажется отвратительным, но эй, им это нравится»."
"""Taste my wrath, vermin!""","«Вкуси мой гнев, паразит!»"
"""Tattered and faded, this fabric badge has a haloed pillar and mantle of argent on gules. It must have once adorned a tunic or glove.""","«Потертый и выцветший, этот тканевый значок украшен ореолом и серебряной мантией на красных тонах. Должно быть, когда-то он украшал тунику или перчатку»."
"""Tax dodging? No, worry about them later. There'll always be more pirates. We need to get this bridge rebuilt.""","«Уклонение от налогов? Нет, о них побеспокоимся позже. Пиратов всегда будет больше. Нам нужно восстановить этот мост»."
"""Tazza's correct. I can't go back to Rata Sum. I'll stay here, try to clean up the messes made in the name of """"science.""""""","«Тазза права. Я не могу вернуться в Рата Сум. Я останусь здесь и попытаюсь навести порядок в беспорядке, устроенном во имя «науки»»»."
"""Tazza, I thought you would have left with Kudu. I...didn't expect you here.""","«Тазза, я думал, ты уйдёшь с Куду. Я… не ждал тебя здесь»."
"""Tchkik found many of them, in a deep cavern, deep down. Going to get more.""","«Чкик нашёл многих из них в глубокой пещере, глубоко под землей. Собираюсь найти ещё»."
"""Tchkik found many, deep, deep down in a cave. Going back to get more.""","«Чкик нашёл много, глубоко-глубоко в пещере. Возвращаюсь, чтобы получить больше»."
"""Tea-stained cloths, reminiscent of the holy vestment relics being peddled.""","«Тряпки, запачканные чаем, напоминающие продаваемые вразнос святые мощи облачения»."
"""Teach cadets in the classroom by answering their questions, help them study, and assist them in their various endeavors.""","«Обучайте курсантов в классе, отвечая на их вопросы, помогайте им учиться и помогайте им в различных начинаниях»."
"""Team captains are allowed to add and remove members from the team, as are guild members with the Team Administrator permission. There can only be one captain.""","«Капитанам команд разрешено добавлять и удалять членов команды, как и членам гильдии с разрешением администратора команды. Капитан может быть только один»."
"""Team skritt offensive to east! Harpies have shinies! Take shinies, smash nests, take more shinies! Some fallen, make right!""","«Команда скриттов наступает на восток! У гарпий есть блестящие! Берите блестящих, разбивайте гнезда, берите больше блестящих! Несколько павших, исправляйтесь!»"
"""Team: """"%str1%""""""","""Команда: """"%str1%"""""""
"""Teamwork is key! The more you collect, the better everyone does!""","«Командная работа – это ключ! Чем больше вы соберете, тем лучше все будут работать!»"
"""Tear at its face, before it tears this island down under us!""","«Разорвите ему лицо, прежде чем он разрушит этот остров под нами!»"
"""Tear down Separatist propaganda, talk down sympathizers, and knock on doors to find potential Separatist hideouts.""","«Уничтожьте сепаратистскую пропаганду, заговорите сочувствующих и стучите в двери, чтобы найти потенциальные укрытия сепаратистов»."
"""Tech-ni-cal-ly, yes. Do not dis-turb.""",«Технически да. Не беспокоить».
"""Tegon and Temar, the Legendary Forged Hounds, have been summoned to the Foundry.""","«Тегон и Темар, легендарные кованые гончие, были вызваны в литейную»."
"""Tegwen is a warden at the seaside town of Annwen. During a storm, she saw an Orrian artifact wash up on the beach. Trahearne has asked me to check in on her and see what she's discovered.""","«Тегвен — надзирательница приморского города Аннвен. Во время шторма она увидела, как на пляж выбросило оррианский артефакт. Трэхирн попросила меня проведать её и посмотреть, что она обнаружила»."
"""Teleport behind your target and drag any spinning axes back at your target. Returning axes also inflict torment, and enemies struck by a number of axes will be immobilized.""","«Телепортируйтесь позади своей цели и перетащите все вращающиеся топоры обратно к своей цели. Возвращающиеся топоры также причиняют мучения, а враги, пораженные несколькими топорами, будут обездвижены»."
"""Teleport in front of the trading post, bank, and quartermaster.""","«Телепортируйтесь перед торговым постом, банком и квартирмейстером»."
"""Teleport to major cities in Tyria, or return to where you entered the Bastion.""","«Телепортируйтесь в крупные города Тирии или вернитесь туда, откуда вы вошли в Бастион»."
"""Teleport to the foe marked by Isolate, recharge Perforate, and gain soul shards. Gain additional soul shards if there are no other enemies nearby.""","«Телепортируйтесь к противнику, отмеченному «Изоляцией», перезарядите «Прокол» и получите осколки души. Получите дополнительные осколки души, если поблизости нет других врагов»."
"""Teleport to your target and release a cascade of psychic energy, damaging nearby enemies. Refresh your Mind the Gap skill. The initial impact stuns foes struck if you have Clarity.""","«Телепортируйтесь к своей цели и выпустите каскад психической энергии, нанося урон ближайшим врагам. Обновите навык «Разум в разрыве». Первоначальный удар оглушает пораженных противников, если у вас есть Ясность."
"""Teleport to your target, striking them and blinding nearby foes.""","«Телепортируйтесь к своей цели, нанося ей удары и ослепляя ближайших противников»."
"""Teleport yourself to the marked location, electrocuting foes on either end.""","«Телепортируйтесь в отмеченное место, поражая противников электрическим током с обеих сторон»."
"""Tell me about this """"shiniest shiny.""""""",«Расскажи мне об этом «самой блестящей блестяшке»»».
"""Tell me what you need, Rytlock.""","— Скажи мне, что тебе нужно, Ритлок."
"""Tell me, %str1%. What did you think of the rum you got from me?""","""Скажи мне, %str1%. Что ты думаешь о роме, который ты получил от меня?"""
"""Tell me, have you visited the Lion's Arch Aerodrome?""","«Скажите, вы бывали на аэродроме Львиная Арка?»"
"""Tell me, is it always this cold here? Even the sunlight seems frozen. It's strangely beautiful, as if the world is trapped in an icy stillness.""","«Скажи мне, здесь всегда так холодно? Даже солнечный свет кажется замороженным. Это странно красиво, как будто мир заключен в ледяную тишину»."
"""Tell my father I'm not his little girl anymore. I'm free, Landon. Free of him—and free of you.""","«Скажи моему отцу, что я больше не его маленькая девочка. Я свободна, Лэндон. Свободна от него — и свободна от тебя»."
"""Tell them we're in closed alpha testing now. No, wait, tell them, """"When it's ready."""" We're iterating, here.""","«Скажите им, что мы сейчас находимся в закрытом альфа-тестировании. Нет, подождите, скажите им: «Когда все будет готово». Мы здесь итерируем»."
"""Tend Raven's flock while he rests. When he returns, he will test your wits.""","«Присматривайте за стадом Ворона, пока он отдыхает. Когда он вернется, он проверит вашу смекалку»."
"""Tend that fire, or we're gonna have a riot on our hands!""","«Ухаживайте за огнем, иначе у нас будет бунт!»"
"""Tensions are higher than usual this morning. I've heard whispers about someone called """"B."""" No one in the barracks can put a face to the name. Who is this? Are they pulling the strings?""","«Сегодня утром напряжение выше, чем обычно. Я слышал шепот о ком-то по имени «Б». Никто в казармах не может вспомнить это имя. Кто это? Они дергают за ниточки?»"
"""Tenstrikes is capable, but a weapon has more practical and quantifiable use. Gorr is an exemplary scientist. He won't let us down.""","«Tenstrikes способен, но оружие имеет более практическое и измеримое применение. Горр — образцовый учёный. Он нас не подведёт»."
"""Terrific. I haven't seen such epic butchery since my brother's wedding reception. Ah, that was a fun night.""","«Потрясающе. Я не видел такой эпической бойни со времен свадебного приёма моего брата. Ах, это была веселая ночь»."
"""Terrific. More zealots spoiling the lake. Bane, go find us some assistance. You two, follow me.""","«Потрясающе. Ещё больше фанатиков портят озеро. Бэйн, найди нам помощь. Вы двое, следуйте за мной»."
"""Terror resides in the forgotten Maguuma! When you're ready to face your fears, come see me.""","«Ужас обитает в забытой Магууме! Когда будешь готов встретиться со своими страхами, приходи ко мне»."
"""Tervelan tried to run when we asked him about the Screaming Falcons, but Captain Thackeray and I caught him. He told us that he betrayed the Seraph on the orders of Minister Arton. We have to warn the queen!""","«Тервелан пытался бежать, когда мы спросили его о Кричащих Соколах, но мы с капитаном Теккереем поймали его. Он рассказал нам, что предал Серафима по приказу министра Артона. Мы должны предупредить королеву!»"
"""Test Creator Jadi's experimental sulfur shooter by using it on, and then killing, a variety of sulfur-damaged Forged.""","«Протестируйте экспериментальный серный стрелок создателя Джади, используя его, а затем убивая различные поврежденные серой кованые»."
"""Test Zirra's ballista and mortars, spar with mercs, use Hawkes' birds to kill vermin, and defeat centaur scouts.""","«Испытайте баллисту и минометы Зирры, сражайтесь с наемниками, используйте птиц Хоукса, чтобы убивать паразитов, и побеждайте разведчиков-кентавров»."
"""Test out Sesto Headsplitter's weapons, and help keep the experiments at Irondock operational.""",«Испытайте оружие Сесто Хедсплиттера и помогите продолжить эксперименты в Айрондоке».
"""Test yourselves against the guardian, then return to me in the Grove.""","«Испытай себя против стража, а затем возвращайся ко мне в Рощу»."
"""Tester of Secrets, Under 3""","«Испытатель тайн, до 3 лет»"
"""Testing... Gorrik, recording on behalf of Friends' Detective Agency. On-site at the Brotherhood's jade excavation.""","«Тестирование… Горрик, записывает от имени Детективного агентства Друзей. На месте раскопок нефрита Братства»."
"""Tether the target, forcing them to move toward Agent Maziz for capture.""","«Привязать цель, заставив её двигаться к агенту Мазизу для захвата»."
"""Tether yourself to nearby allies. Whenever you're healed, heal the tethered allies as well.""","«Привяжите себя к ближайшим союзникам. Всякий раз, когда вы исцеляетесь, исцеляйте и привязанных союзников»."
"""Tether yourself to nearby foes. Whenever you take damage, deal damage to the foes tethered to you.""","«Привяжите себя к противникам поблизости. Каждый раз, когда вы получаете урон, наносите урон привязанным к вам противникам»."
"""Tether yourself to your target. If they move beyond the range threshold, pull them to you. Grants might and reveals your target every second.""","«Привяжите себя к своей цели. Если они выйдут за пределы дальности, притяните их к себе. Дарует мощь и раскрывает вашу цель каждую секунду»."
"""Tetra Earthcall has taken note of your respect, but she may be less impressed by further displays of deference.""","«Tetra Earthcall приняла к сведению ваше уважение, но дальнейшее проявление почтения, возможно, её не впечатлит»."
"""Tetra's planning to hit them back, right?""","«Тетра планирует нанести им ответный удар, верно?»"
"""Teyo of the Inquest used subterfuge and lies to steal your prize-winning translocator, but you can steal it back the old-fashioned way: smash and grab.""","«Тейо из Следствия использовал уловки и ложь, чтобы украсть ваш транслокатор, удостоенный награды, но вы можете украсть его старомодным способом: разбить и схватить»."
"""Thag, Cycle of Tears""","«Таг, Цикл слез»"
"""Thank the Six you're here! A broodmother is tearing through our camp, destroying everything in sight. You have to help!""","«Слава Шести, что вы здесь! Мать выводков прорывается через наш лагерь, уничтожая все на свете. Вы должны помочь!»"
"""Thank the Six you're here! If you hadn't arrived so quickly, we'd all be dead.""","«Слава Шести, что вы здесь! Если бы вы не прибыли так быстро, мы бы все были мертвы»."
"""Thank the gods you made it back to Captain Thackeray's office in one piece. He needs to know about the attacks on the orphanage and the hospital, and Big Nose Ted's """"arrangement"""" with the Ministry Guard.""","«Слава богам, что ты вернулся в офис капитана Теккерея целым и невредимым. Ему нужно знать о нападениях на приют и больницу, а также о «договоренности» Большеносого Теда с Министерской гвардией»."
"""Thank the gods you're here, boss. We were hoping for some sign of Caithe and the egg, but we found...this.""","«Слава богам, что вы здесь, босс. Мы надеялись увидеть какие-нибудь признаки Кейт и яйца, но нашли… это»."
"""Thank you for all your help. It really means a lot to me. They're all like my children. My big, scaly children.""","«Спасибо за вашу помощь. Это действительно очень много значит для меня. Они все как мои дети. Мои большие, чешуйчатые дети»."
"""Thank you for coming to the aid of the Mists and Tyria, hero. I will assist in any way I can.""","«Спасибо, что пришёл на помощь Туманам и Тирии, герой. Я помогу, чем смогу»."
"""Thank you for coming. I'm Marshal Trahearne, and I've invited each of you here because you are the finest smiths and crafters in all of Tyria.""","«Спасибо, что пришли. Я маршал Трахёрн, и я пригласил сюда каждого из вас, потому что вы лучшие кузнецы и ремесленники во всей Тирии»."
"""Thank you for having me—it's an honor, really. I'm thrilled to be here. In Cantha.""","«Спасибо, что приняли меня — правда, это большая честь. Я очень рада быть здесь. В Канте»."
"""Thank you for helping around town. Though us lowlanders are known for our self-reliance, kindness does not go unnoticed. May you begin to feel at home here in Harvest Den.""","«Спасибо за помощь в городе. Хотя мы, жители равнин, известны своей самостоятельностью, доброта не остается незамеченной. Пусть вы начнете чувствовать себя как дома здесь, в Логове Жатвы»."
"""Thank you for helping me collect the luminescence. I love the way the lamps glow blue, and the extra light helps find undead at night.""","«Спасибо, что помогли мне собрать свечение. Мне нравится, как лампы светятся синим, а дополнительный свет помогает находить нежить ночью»."
"""Thank you for helping to clear the mosquitoes. Unfortunately, if you want the lanterns, you get the skeeters.""","«Спасибо, что помогли избавиться от комаров. К сожалению, если вам нужны фонари, вы получите скитеры»."
"""Thank you for helping us. The undead are a constant threat, but so long as people are willing to help each other, we'll be okay.""","«Спасибо, что помогли нам. Нежить представляет собой постоянную угрозу, но пока люди готовы помогать друг другу, с нами все будет в порядке»."
"""Thank you for letting me out. A krait witch took me captive. She forced me to use my magic to transform my friends into animals. Please, you've got to help them.""","«Спасибо, что выпустили меня. Крайтская ведьма взяла меня в плен. Она заставила меня использовать магию, чтобы превратить моих друзей в животных. Пожалуйста, вы должны им помочь»."
"""Thank you for meeting with us, Watch Commander Talon. We have grave news.""","«Спасибо за встречу с нами, командир Караула Коготь. У нас серьёзные новости»."
"""Thank you for purchasing the weekly 8th Anniversary Supply Drop. Here's this week's delivery. You can expect a further delivery each Tuesday, with all packages being delivered by September 15, 2020.<br><br>—The Black Lion Trading Company""","«Спасибо за приобретение еженедельного припаса, посвященного 8-й годовщине. Вот доставка на этой неделе. Вы можете ожидать дальнейших поставок каждый вторник, причем все посылки будут доставлены к 15 сентября 2020 года.<br><br>—The Black Lion Trading Company»"
"""Thank you for purchasing the weekly 9th Anniversary Supply Drop. Here's this week's delivery. You can expect a further delivery each Tuesday, with all packages being delivered by September 7, 2021.<br><br>—The Black Lion Trading Company""","«Спасибо за покупку еженедельного припаса, приуроченного к 9-й годовщине. Вот доставка на этой неделе. Вы можете ожидать дальнейших поставок каждый вторник, причем все посылки будут доставлены к 7 сентября 2021 года.<br><br>—The Black Lion Trading Company»"
"""Thank you for purchasing the weekly End of Dragons Launch Supply Drop. Here's this week's delivery. You can expect a further delivery each Monday, with all packages available by March 21, 2022.<br><br>—The Black Lion Trading Company""","«Спасибо за покупку еженедельного набора поставок для запуска Конца Драконов. Вот доставка на этой неделе. Вы можете ожидать дальнейших поставок каждый понедельник, все пакеты будут доступны к 21 марта 2022 года.<br><br>—The Black Lion Trading Company»"
"""Thank you for purchasing the weekly Janthir Wilds Launch Supply Drop. Here's this week's delivery. You can expect a further delivery each Monday, with all packages available by September 9, 2024.<br><br>—The Black Lion Trading Company""","«Спасибо за покупку еженедельного комплекта поставки Диких земель Джантира Launch. Вот доставка на этой неделе. Вы можете ожидать дальнейших поставок каждый понедельник, все пакеты будут доступны к 9 сентября 2024 года.<br><br>—The Black Lion Trading Company»"
"""Thank you for purchasing the weekly New Horizons Supply Drop. Here's this week's delivery. You can expect a further delivery each Tuesday with all packages being delivered by September 17, 2019.<br><br>—The Black Lion Trading Company""","«Спасибо за покупку еженедельного набора New Horizons Supply Drop. Вот доставка на этой неделе. Вы можете ожидать дальнейших поставок каждый вторник, причем все пакеты будут доставлены к 17 сентября 2019 года.<br><br>—The Black Lion Trading Company»"
"""Thank you for purchasing the weekly Secrets of the Obscure Launch Supply Drop. Here's this week's delivery. You can expect a further delivery each Monday, with all packages available by September 4, 2023.<br><br>—The Black Lion Trading Company""","«Спасибо за покупку еженедельного набора «Тайны Сокрытого запуска». Вот доставка на этой неделе. Вы можете ожидать дальнейших поставок каждый понедельник, все пакеты будут доступны к 4 сентября 2023 года.<br><br>—The Black Lion Trading Company»"
"""Thank you for purchasing the weekly Visions of Eternity Launch Supply Drop. Here's this week's delivery. You can expect a further delivery each Tuesday, with all packages available by November 25, 2025.<br><br>—The Black Lion Trading Company""","«Спасибо за покупку еженедельного комплекта поставки Видений Вечности. Вот доставка на этой неделе. Вы можете ожидать дальнейших поставок каждый вторник, все пакеты будут доступны к 25 ноября 2025 года.<br><br>—The Black Lion Trading Company»"
"""Thank you for purchasing the weekly War Eternal Supply Drop. Here's this week's delivery. You can expect a further delivery each Tuesday with all packages being delivered by May 21, 2019.<br><br>—The Black Lion Trading Company""","«Спасибо за приобретение еженедельного набора припасов War Eternal. Вот доставка на этой неделе. Вы можете ожидать дальнейших поставок каждый вторник, причем все посылки будут доставлены к 21 мая 2019 года.<br><br>—The Black Lion Trading Company»"
"""Thank you for redeeming your Fuzzy Quaggan Hat code. Please collect your attached reward, and thank you for playing Guild Wars 2!""","«Спасибо, что активировали код Fuzzy Quaggan Hat. Пожалуйста, заберите прикрепленную награду и спасибо за игру в Guild Wars 2!»"
"""Thank you for subscribing to the Guild Wars 2 newsletter! Attached is your free gift, a Glowing Purple Mask skin. You can double-click this item to apply it to any one helmet your character wears. Its appearance will be unlocked in your wardrobe, where you can apply it to any helm item on your account using transmutation charges.""","«Спасибо за подписку на информационный бюллетень Guild Wars 2! Прилагаем ваш бесплатный подарок — облик «Сияющая фиолетовая маска». Вы можете дважды щёлкнуть этот предмет, чтобы применить его к любому шлему, который носит ваш персонаж. Его внешний вид будет разблокирован в вашем гардеробе, где вы сможете применить его к любому предмету шлема в своей учётной записи, используя заряды трансмутации»."
"""Thank you for taking the time to talk with me, %str1%. I am grateful for it.""","""Спасибо, что нашли время поговорить со мной, %str1%. Я благодарен за это."""
"""Thank you for upgrading to a full Guild Wars 2 account! You've unlocked the raptor, the first mount to accompany you on your journey. You can unlock more mounts—and master new skills for your raptor—in the Guild Wars 2: Path of Fire expansion.""","«Спасибо за обновление до полной учётной записи Guild Wars 2! Вы разблокировали хищника, первого маунта, который будет сопровождать вас в вашем путешествии. Вы можете разблокировать больше средств передвижения — и освоить новые навыки для своего хищника — в дополнении Guild Wars 2: Путь Огня»."
"""Thank you for your help. The krait are still too powerful to face head-on, but now we at least have hope.""","«Спасибо за вашу помощь. Крайты все ещё слишком сильны, чтобы противостоять им лицом к лицу, но теперь у нас, по крайней мере, есть надежда»."
"""Thank you for your patience, Legionnaire. I'm ready for your report.""","«Спасибо за терпение, легионер. Я готов услышать ваш отчёт»."
"""Thank you for your trust, Mother.""","«Спасибо за доверие, мама»."
"""Thank you! You have no idea how much this means to us! Without these supplies, we'd have nothing to build our business on.""","«Спасибо! Вы даже не представляете, как много это для нас значит! Без этих поставок нам не на чем было бы строить наш бизнес»."
"""Thank you, Benn, I knew we could count on you. See you on the docks of Lion's Arch.""","«Спасибо, Бенн, я знал, что мы можем на тебя рассчитывать. Увидимся в доках Львиной Арки»."
"""Thank you, Blish!""","«Спасибо, Блиш!»"
"""Thank you, Centurion.""","«Спасибо, центурион»."
"""Thank you, Commander. I'm headed to the high ground. That's where the Pale Reavers were trained to go.""","«Спасибо, командир. Я направляюсь на возвышенность. Туда учили идти Бледные Разбойники»."
"""Thank you, Gamli. I am hungry, come to think of it.""","«Спасибо, Гамли. Если подумать, я голоден»."
"""Thank you, Hero of the Mordant Crescent Great Hall.""","«Спасибо, Герой Большого Зала Едкого Полумесяца»."
"""Thank you, I will.""","«Спасибо, я так и сделаю»."
"""Thank you, I'll be all right.""","«Спасибо, со мной все будет в порядке»."
"""Thank you, I'll try that one.""","«Спасибо, я попробую»."
"""Thank you, IGO.""","«Спасибо, IGO»."
"""Thank you, Legate Minister. I choose my retainer, Eitel the Unlovable, as my second.""","«Спасибо, министр-легат. Я выбираю своего слугу, Эйтеля Нелюбимого, своим секундантом»."
"""Thank you, Master. I'll do everything I can.""","«Спасибо, Мастер. Я сделаю все, что смогу»."
"""Thank you, Pale Tree. I will remember your wisdom.""","«Спасибо, Бледное Дерево. Я буду помнить твою мудрость»."
"""Thank you, Shashoo. Quaggan is Varonos Narrijoo, leader of this pod. You are from the Durmand Priory?""","«Спасибо, Шашу. Квагган — это Варонос Нарриджу, лидер этой капсулы. Вы из Приората Дурманд?»"
"""Thank you, Shashoo. Quaggan is Varonos Narrijoo, leader of this pod. You are from the Vigil?""","«Спасибо, Шашу. Квагган — это Варонос Нарриджу, лидер этой капсулы. Ты из Дозора?»"
"""Thank you, Thurkill. And what about you, Eir? What does your future hold?""","«Спасибо, Теркилл. А как насчет тебя, Эйр? Что ждет тебя в будущем?»"
"""Thank you, and safe travels.""",«Спасибо и счастливого пути».
"""Thank you, artificer. With the forge restored, magic will flow through these halls once more. More stewards... More opportunity!""","«Спасибо, ремесленник. После восстановления кузницы магия снова потечет через эти залы. Больше управляющих… Больше возможностей!»"
"""Thank you, brother.""","«Спасибо, брат»."
"""Thank you, but I'm good.""","«Спасибо, но я в порядке»."
"""Thank you, but no.""","«Спасибо, но нет»."
"""Thank you, but this is a trial I must conquer myself. Somehow.""","«Спасибо, но это испытание, которое я должен преодолеть сам. Каким-то образом»."
"""Thank you, charr warrior.""","«Спасибо, воин-чарр»."
"""Thank you, friend. You have the heart of Wolf. Tell me when you're ready for the journey.""","«Спасибо, друг. У тебя сердце Волка. Скажи мне, когда будешь готов к путешествию»."
"""Thank you, from Tasa and Aksim""",«Спасибо от Тасы и Аксима»
"""Thank you, ma'am. It's good to know she at least got this far.""","«Спасибо, мэм. Приятно осознавать, что она, по крайней мере, зашла так далеко»."
"""Thank you, my friend!""","«Спасибо, мой друг!»"
"""Thank you, one and all, for participating in my Flying Dolyak event, and for aiding the relief efforts in Lion's Arch!""",«Спасибо вам всем и каждому за участие в моем мероприятии «Летающий Дольяк» и за помощь в оказании помощи в Львиной Арке!»
"""Thank you, smalling. Your effort on my behalf is greatly appreciated.""","«Спасибо, Смоллинг. Я очень ценю твои усилия в мою пользу»."
"""Thank you. I should be fine, now.""",«Спасибо. Теперь со мной все будет в порядке».
"""Thank you. If you ask me, the entire region owes you their lives. Our armies would never have lasted without lumber to support them. At least, that's my opinion.""","«Спасибо. Если вы спросите меня, весь регион обязан вам своей жизнью. Наши армии никогда бы не выдержали без древесины, которая бы их поддерживала. По крайней мере, таково мое мнение»."
"""Thank you. Now, where did this come from?""",«Спасибо. Откуда это взялось?»
"""Thank you. We need more, though. Go below and gather more Exalted sediment as quickly as you can!""",«Спасибо. Однако нам нужно больше. Спуститесь вниз и соберите больше осадка Возвышенного как можно быстрее!»
"""Thank you. With your help, I'm sure we can safeguard Sleive's Inlet. Head east to find the undead.""","«Спасибо. Я уверен, что с вашей помощью мы сможем защитить залив Слейва. Отправляйтесь на восток, чтобы найти нежить»."
"""Thank you. You've already proven yourself to me, but my people will require a little more to convince.""","«Спасибо. Вы уже доказали мне свою состоятельность, но моим людям потребуется немного больше, чтобы убедить»."
"""Thanks for all the help. There's still lots to be done, but at least there's not quite as much as before you came.""","«Спасибо за помощь. Ещё многое предстоит сделать, но, по крайней мере, не так много, как до вашего прихода»."
"""Thanks for all your help! There's a long, hard road ahead of us, but with the help of people like you, we'll make it.""","«Спасибо за вашу помощь! Впереди нас ждет долгий и трудный путь, но с помощью таких людей, как вы, мы справимся»."
"""Thanks for all your help. I'm on the precipice of a major discovery. Will you help again, and test the gate for me?""",«Спасибо за вашу помощь. Я на пороге крупного открытия. Поможете ли вы ещё раз и испытаете для меня врата?»
"""Thanks for being so understanding. I know our partnership is new, but...this has really been great.""","«Спасибо за понимание. Я знаю, что наше партнерство новое, но… это было действительно здорово»."
"""Thanks for helping me clear my barnyard. I'm one of the primary suppliers of fresh beef to Smokestead, you know.""","«Спасибо, что помог мне очистить мой скотный двор. Знаешь, я один из основных поставщиков свежей говядины в Смокстед»."
"""Thanks for helping out. I can usually handle things on my own, but sometimes it's wiser to ask for an extra pair of hands.""","«Спасибо за помощь. Обычно я могу справиться со всем самостоятельно, но иногда разумнее попросить дополнительную пару рук»."
"""Thanks for helping us push back the krait. Our new alchemy skills will be a huge difference maker. Keep an eye out for those sneaky krait. They're not completely beaten, and I would hate to see you disemboweled by them. —Ichtaca of the Jungle""","«Спасибо, что помогли нам отбросить крайтов. Наши новые алхимические навыки будут иметь огромное значение. Следите за этими подлыми крайтами. Они не полностью побеждены, и мне не хотелось бы видеть, как они вас выпотрошили. —Ичтака из джунглей»"
"""Thanks for the assistance, Commander. Is your squad ready to go?""","«Спасибо за помощь, командир. Ваше отделение готово к работе?»"
"""Thanks for the help, Lumber brah""","«Спасибо за помощь, Ламбер, братан»"
"""Thanks for the help, brah.""","«Спасибо за помощь, братан»."
"""Thanks for your assistance! Someday this land will be free of the Orrian threat, and the dredge can return.""","«Спасибо за вашу помощь! Когда-нибудь эта земля будет свободна от оррианской угрозы, и драга сможет вернуться»."
"""Thanks for your help, Wayfinder. Need anything from me?""","«Спасибо за помощь, Путеводитель. От меня что-нибудь нужно?»"
"""Thanks for your help, but for your own good, you should keep moving while you're still healthy. Take whatever supplies you need.""","«Спасибо за помощь, но для вашего же блага вам следует продолжать двигаться, пока вы ещё здоровы. Возьмите с собой все необходимое»."
"""Thanks for your help, friend. It would've been a lot worse without you on my side. I just wish we could have stopped those...machines from getting away.""","«Спасибо за помощь, друг. Без тебя на моей стороне было бы намного хуже. Мне просто хотелось бы, чтобы мы не позволили этим… машинам уйти»."
"""Thanks to our teleporters, you can get exactly where you need to be when you need to be there!""","«Благодаря нашим телепортам вы можете попасть именно туда, где вам нужно, и тогда, когда вам нужно быть там!»"
"""Thanks to the Flame Legion, you've lost the supplies Steelbane sent you to collect. If you can't come to an understanding with your superior officer, the two of you are headed for a violent confrontation...it's the charr way.""","«Благодаря Легиону Пламени вы потеряли припасы, которые Стилбейн послал вас забрать. Если вы не сможете прийти к взаимопониманию со своим вышестоящим офицером, вы двое направляетесь к жестокой конфронтации… это путь чарров»."
"""Thanks to the The Mortus Virge, Josir and I were able to pass safely through Lychcroft Mere, where we found several children hiding from the undead. They told us they'd seen a Seraph soldier in the swamp, doing something creepy. I should consult with the rest of the Order Representatives.""","«Благодаря Мортус Вирдж мы с Джозиром смогли благополучно пройти через Личкрофт-Мер, где мы нашли нескольких детей, скрывающихся от нежити. Они сказали нам, что видели солдата-серафима на болоте, который делал что-то жуткое. Мне следует проконсультироваться с остальными представителями Ордена»."
"""Thanks to the antidote, Tiachren has recovered from the Nightmare Court poison. He told us that his lady, Ysvelta, had been kidnapped by the Nightmare Court. We'll have to find her quickly, if we are to rescue her.""","«Благодаря противоядию Тиахрен оправилась от яда Кошмарного двора. Он рассказал нам, что его дама, Исвелта, была похищена Кошмарным двором. Если мы хотим спасти её, нам придётся найти её как можно быстрее»."
"""Thanks to their bond with you, someday Nola, Halkor, and Brill will be magnificent tigers, facing the world with dignity and wisdom. For now, their paws are far too big for them.""","«Благодаря их связи с тобой, когда-нибудь Нола, Халкор и Брилл станут великолепными тиграми, которые будут смотреть на мир с достоинством и мудростью. А сейчас их лапы слишком велики для них»."
"""Thanks to you, Blackwing Excavation is a safer place to work!""",«Благодаря вам Раскопки Крыла Тьмы стали более безопасным местом для работы!»
"""Thanks to you, Caer Astorea is safer.""",«Благодаря тебе Каэр Асторея стал безопаснее».
