english,translate
"""Ahoy, there!""","«Ах, вот!»"
"""Ahoy, there.""","«Эй, там»."
"""Ai, Keeper of the Peak""","«Ай, Хранитель Пика»"
"""Aid me, Brotherhood!""","«Помоги мне, Братство!»"
"""Aid me, please!""","«Помогите мне, пожалуйста!»"
"""Aid the Order of Shadows by repairing turrets, collecting surveillance data, healing injured agents, destroying Forged barricades, and fighting Forged and Awakened.""","«Помогайте Ордену Теней, ремонтируя турели, собирая данные наблюдения, леча раненых агентов, разрушая баррикады Кованых и сражаясь с Коваными и Пробуждёнными»."
"""Air consumption could be a problem, Whiskers.""","«Расход воздуха может стать проблемой, Усы»."
"""Air is the source of all life. It is invisible, and yet it can destroy whole villages.""","«Воздух — источник всей жизни. Он невидим, но тем не менее может уничтожить целые деревни»."
"""Akeem and Vass. Waiting Sorrow is fine, but... She's in shock. Won't speak. Or move.""","«Аким и Васс. Ожидание Скорби — это нормально, но… Она в шоке. Не говорит. И не двигается»."
"""Akoren and Liana depend on me. If something happens to them, it's because of me. It's my fault...""","«Акорен и Лиана зависят от меня. Если с ними что-то случится, то это из-за меня. Это моя вина…»"
"""Alas, your party was defeated.""","«Увы, ваша партия потерпела поражение»."
"""Alastia Crow, the pirate seer, has been slain—but that doesn't mean she can't answer questions. With the help of a powerful artifact and the skills of a follower of Grenth, Alastia's spirit may yet be able to provide key information about Kellach.""","«Аластия Кроу, пиратская провидица, убита, но это не значит, что она не может отвечать на вопросы. С помощью мощного артефакта и навыков последователя Грента дух Аластии, возможно, ещё сможет предоставить ключевую информацию о Келлахе»."
"""Alastia Crow, the pirate seer, has been slain—but that doesn't mean you can't gather information on what she was doing. Infiltrate the pirate crew of the Ravenous and find out what drove Kellach mad.""","«Аластия Кроу, пиратская провидица, убита, но это не значит, что вы не можете собрать информацию о том, что она делала. Проникните в пиратскую команду «Голодного» и выясните, что свело Келлаха с ума»."
"""Albax, the Unlucky""","«Альбакс, Невезучий»"
"""Ale! Rowdy brawling! It's far too easy to let loose in the thrill of the moment. After I woke up, I couldn't remember what I'd done. I'm sure it was nothing too terrible.""","«Але! Шумная драка! Слишком легко оторваться от волнения момента. После того, как я проснулся, я не мог вспомнить, что я сделал. Я уверен, что в этом не было ничего страшного»."
"""Alive or dead, you will be part of the Jungle Dragon's horde.""","«Живой или мёртвый, ты будешь частью орды Дракона Джунглей»."
"""All I can say is, what I'm observing would be a clear-cut indication of disease among all other reptilia. From Acrochordus granulatus to Vermicella annulata.""","«Все, что я могу сказать, это то, что я наблюдаю явный признак заболевания среди всех других рептилий. От Acrochordus granulatus до Vermicella annulata»."
"""All Stone, No Blood""","«Все камни, никакой крови»"
"""All We See, We Own""","«Все, что мы видим, нам принадлежит»"
"""All across Tyria, I found others who tell of destruction caused by the Dragons.""","«По всей Тирии я нашёл людей, рассказывающих о разрушениях, причиненных Драконами»."
"""All are abused and suffering, and all need help, but you have to choose where you will bring victory.""","«Все унижены и страдают, и всем нужна помощь, но вам придётся выбрать, где вы принесете победу»."
"""All characters on this account can access these slots. They will not automatically collect items, compact, or show in vendors.""","«Все персонажи в этой учётной записи имеют доступ к этим слотам. Они не будут автоматически собирать предметы, компактировать или показывать их у продавцов»."
"""All convoys must have a starting point, just as all climbs must have a place where you can start your ascent.""","«У всех конвоев должна быть отправная точка, так же, как у всех восхождений должно быть место, откуда вы можете начать восхождение»."
"""All damage dealt is increased, and increased additionally if you have an off-hand weapon equipped.""","«Весь наносимый урон увеличивается, а также увеличивается, если у вас есть дополнительное оружие»."
"""All day, and all night. And then the next day, and the next, but not the day after that. That's a holiday.""","«Весь день и всю ночь. А потом на следующий день, и на следующий, но не на следующий день. Это праздник»."
"""All done! If you find any more town clothes, come back and see me. I'm always interested in a good deal.""","«Все готово! Если найдёшь ещё городскую одежду, приходи ко мне. Меня всегда интересуют выгодные предложения»."
"""All evidence indicates that the Risen are beyond saving, but let's hypothesize for a moment that they are not.""","«Все данные указывают на то, что Воскресших невозможно спасти, но давайте на мгновение предположим, что это не так»."
"""All hail Smodur, the next Khan-Ur! Iron Legion forever!""","«Слава Смодуру, следующему Хан-Уру! Железный Легион навсегда!»"
"""All in a day's work, I suppose.""","«Полагаю, это обычный рабочий день»."
"""All in all, not a bad day's work.""","«В целом, неплохой день для работы»."
"""All it does is bake bread! Perfect, crusty-on-the-outside, soft-on-the-inside bread. There's nothing evil about bread!""","«Все, что он делает, это печет хлеб! Идеальный хлеб с хрустящей корочкой снаружи и мягкий внутри. В хлебе нет ничего злого!»"
"""All light, all life, all goodness comes from the Sun. Without the Sun, chaos and disease flourish.""","«Весь свет, вся жизнь, все добро исходят от Солнца. Без Солнца процветают хаос и болезни»."
"""All local events successful. Return to camp, and prepare for the assault.""",«Все местные мероприятия прошли успешно. Возвращайтесь в лагерь и готовьтесь к штурму».
"""All may not know it yet, but we are slaves once more. Every day we work these mines, and every day our leaders take what we earn and leave us with nothing. The suffering won't end until the weak stand up and fight against the oppressors. The fight will begin here, and the dredge will be free.""","«Может быть, все ещё не знают об этом, но мы снова рабы. Каждый день мы работаем на этих шахтах, и каждый день наши лидеры забирают то, что мы зарабатываем, и оставляют нас ни с чем. Страдания не закончатся, пока слабые не встанут и не сразятся с угнетателями. Битва начнется здесь, и драга будет освобождена»."
"""All military commands demand descipline—the charr are no different. The threat of the stockade, or of fighting in the Bane, keeps the more problematic malingerers in line.""",«Все военные командиры требуют дисциплины — чарры не являются исключением. Угроза частокола или сражения в Бэйне удерживает наиболее проблемных симулянтов в узде».
"""All military commands demand discipline—the charr are no different. The threat of the stockade, or of fighting in the Bane, keeps the more problematic malingerers in line.""",«Все военные команды требуют дисциплины — чарры не являются исключением. Угроза частокола или сражения в Бэйне удерживает наиболее проблемных симулянтов в узде».
"""All mounts have a special movement skill. When running, hold [lbracket]%str1%[rbracket] to jump long distances while on the raptor. Release [lbracket]%str1%[rbracket] to end the jump early.""","«Все ездовые животные обладают особым навыком передвижения. Во время бега удерживайте [lbracket]%str1%[rbracket], чтобы прыгать на большие расстояния, находясь на рапторе. Отпустите [lbracket]%str1%[rbracket], чтобы досрочно завершить прыжок»."
"""All mounts now receive the Enhanced Evasion bonus, allowing their movement abilities to evade hostile attacks.""","«Все средства передвижения теперь получают бонус «Улучшенное уклонение», позволяющий их способностям передвижения уклоняться от вражеских атак»."
"""All mounts now receive the bonus from Fortified Descent, giving them a greater tolerance to taking fall damage.""","«Все средства передвижения теперь получают бонус от «Укрепленного спуска», что даёт им большую устойчивость к урону от падения»."
"""All mounts now receive the bonus from Ravenous Strike, increasing their engage skill damage.""","«Все средства передвижения теперь получают бонус от «Ненасытного удара», увеличивающий урон от их боевых навыков»."
"""All my life, I have been drawn to Orr. My Wyld Hunt is to heal the land.""",«Всю мою жизнь меня тянуло к Орру. Моя Дикая Охота – исцелить эту землю».
"""All my life, I've watched Orr. Studied it. Researched the abominations that Zhaitan spawns.""","«Всю свою жизнь я наблюдал за Орром. Изучал его. Исследовал мерзостей, которых порождает Зайтан»."
"""All of the above, really.""","«Все вышеперечисленное, действительно»."
"""All of this character's soulbound ascended and legendary gear has been converted to be account bound. Going forward, all ascended and legendary gear will be account bound.""",«Все вознесенное и легендарное снаряжение этого персонажа было преобразовано для привязки к учётной записи. В дальнейшем все вознесенное и легендарное снаряжение будет привязано к учётной записи».
"""All of this is the beginning of the New Era, of the great opening of the world for the dredge people.""","«Все это — начало Новой Эры, великого открытия мира для землечерпалок»."
"""All other corpse arrivals, proceed up the stairs to your right for complete processing services.""",«Всем остальным прибывшим трупам поднимитесь по лестнице справа от вас для полной обработки».
"""All others, proceed up the stairs to your right for Joko-approved inspection and processing.""","«Все остальные, поднимитесь по лестнице справа от вас для проверки и обработки, одобренных Джоко»."
"""All over the region, rogue elements are being driven wild by chaotic ley energies. Innocent lives are at stake. If you're willing to help, pick a target from our bounty board.""","«По всему региону злоумышленники сходят с ума от хаотичной энергии лей. На кону стоят жизни невинных людей. Если вы готовы помочь, выберите цель на нашей доске наград»."
"""All over. To be honest, I don't know exactly where, but I'm sure you'll stumble on some over the course of your adventures.""","«Повсюду. Честно говоря, я не знаю точно, где, но я уверен, что ты наткнешься на что-нибудь в ходе своих приключений»."
"""All players in a map can help fill this bar by completing events. The more full the bar, the better the final rewards.""","«Все игроки на карте могут помочь заполнить эту полосу, выполняя события. Чем полнее полоса, тем лучше финальные награды»."
"""All races, all orders, and all paths of life stand against Zhaitan.""","«Все расы, все ордена и все пути жизни противостоят Зайтану»."
"""All reports proved true. The creature I was hunting showed characteristics of Jormag, Mordremoth, and Zhaitan. Unlike the poor quaggans and kodan I found there, I survived my encounter with it and got out without being corrupted or frozen to death. I have Taimi's sample, and now I'm headed back. I'll stop in Sorrow's Eclipse on the way to let them know I found their herd mates. What a tragedy.""","«Все сообщения подтвердились. Существо, на которое я охотился, имело характеристики Йормага, Мордремота и Зайтана. В отличие от бедных квагганов и кодана, которых я там нашёл, я пережил встречу с ним и выбрался, не будучи испорченным или замороженным до смерти. У меня есть образец Тайми, и теперь я возвращаюсь. По дороге я остановлюсь в Затмении Скорби, чтобы сообщить им, что я нашёл их товарищей по стаду. Какая трагедия»."
"""All right! Get 'em, Waine! Shove that plant back into the ground!""","«Хорошо! Возьми их, Уэйн! Затолкни это растение обратно в землю!»"
"""All right, Corporal, how's it looking?""","— Хорошо, капрал, как оно выглядит?"
"""All right, I surrender!""","«Ладно, я сдаюсь!»"
"""All right, I think I'm ready for this.""","«Хорошо, думаю, я готов к этому»."
"""All right, Mr. High-and-Mighty Inventor! I'm going to prove that your brains are no match for my bombs!""","«Хорошо, господин Могучий Изобретатель! Я докажу, что ваши мозги не сравнятся с моими бомбами!»"
"""All right, Tybalt. I'll see you there.""","«Хорошо, Тибальт. Увидимся там»."
"""All right, Wayfinder, here's the breakdown of what's going on.""","«Хорошо, Путеводитель, вот вкратце то, что происходит»."
"""All right, back to your pen.""","«Ладно, вернемся к своей ручке»."
"""All right, backing off.""","— Ладно, отступай."
"""All right, but forgive me if I keep my answers brief. I'm still getting used to this """"out in the world, making a difference"""" mode.""","«Хорошо, но простите меня, если я буду отвечать кратко. Я все ещё привыкаю к ??этому режиму «в миру, меняя мир к лучшему»»."
"""All right, don't worry, this is easy—pump the bellows to heat up the furnace. Hot furnace: good. Anything else: bad.""","«Ладно, не волнуйся, это легко — накачай мехи, чтобы нагреть печь. Горячая печь — хорошо. Все остальное — плохо»."
"""All right, enough! Enough! That's plenty. I need to get back to my research.""","«Хорошо, хватит! Достаточно! Этого достаточно. Мне нужно вернуться к своим исследованиям»."
"""All right, everybody! I'll give you a five-minute break to celebrate. Then—back to work!""","«Все в порядке! Я дам вам пятиминутный перерыв, чтобы отпраздновать это событие. Потом — снова за работу!»"
"""All right, everyone. Let's get down to business.""",«Все в порядке. Давайте приступим к делу».
"""All right, eyes open, weapons ready. The scout said Separatists were around here.""","«Хорошо, глаза открыты, оружие наготове. Разведчик сказал, что здесь поблизости сепаратисты»."
"""All right, here I go.""","«Хорошо, я иду»."
"""All right, hotshot—let's see what you've got.""","«Ладно, крутой, давай посмотрим, что у тебя есть»."
"""All right, let's clear out some mushrooms and rescue our friends.""","«Ладно, давай соберем грибы и спасем наших друзей»."
"""All right, let's do this!""","«Хорошо, давай сделаем это!»"
"""All right, let's get down there and mop up. Lead the way, Commander. We're right behind you.""","«Хорошо, давайте спустимся туда и подчистим. Идите вперёд, командир. Мы сразу за вами»."
"""All right, let's get geared up.""","— Ладно, давай собираться."
"""All right, let's go. Sooner we lock this place down, the better.""","«Ладно, пойдём. Чем скорее мы закроем это место, тем лучше»."
"""All right, let's go.""","«Ладно, поехали»."
"""All right, let's hear it.""","«Хорошо, давайте послушаем»."
"""All right, let's move.""","«Ладно, поехали»."
"""All right, let's see what you have!""","— Ладно, посмотрим, что у тебя есть!"
"""All right, let's see.""","«Ладно, посмотрим»."
"""All right, now grab these parts and fly them up there. And make sure you put them in the right place. Now! Let's go!""","«Хорошо, теперь хватай эти детали и лети туда. И убедись, что ты положил их в правильное место. Сейчас! Поехали!»"
"""All right, people. Listen up.""","«Хорошо, люди. Слушайте»."
"""All right, show me what you've found.""","«Хорошо, покажи мне, что ты нашёл»."
"""All right, show me your wares.""","«Хорошо, покажи мне свой товар»."
"""All right, soldiers, listen up. We don't know what we're going to find in there, but it won't be pleasant.""","— Ладно, солдаты, слушайте. Мы не знаем, что мы там найдём, но это будет неприятно."
"""All right, that's as close as we get. Not going to ground her just to keep your feet dry.""","«Хорошо, это настолько близко, насколько мы можем. Не собираюсь заземлять её только для того, чтобы твои ноги были сухими»."
"""All right, that's it. These should make the magus happy. I'll wait a bit longer for the fashionably late, of course.""","«Хорошо, вот и все. Это должно порадовать мага. Я, конечно, подожду немного дольше, чтобы модно опоздать»."
"""All right, the collector's down!""","«Все в порядке, коллектор упал!»"
"""All right, then. Let me know if I can help out in any way.""","— Хорошо, тогда. Дай мне знать, если я могу чем-нибудь помочь."
"""All right, then. See ya.""","— Хорошо, тогда увидимся."
"""All right, they killed it. How come the door still isn't opening?""","«Ладно, убили. Почему дверь до сих пор не открывается?»"
"""All right, troops. Let's make our queen proud. Get to it.""","«Хорошо, войска. Давайте сделаем нашу королеву гордой. Приступайте к делу»."
"""All right, we should be ready to meet up with—""","«Хорошо, мы должны быть готовы встретиться с…»"
"""All right, you lead.""","— Хорошо, ты ведешь."
"""All right, you lot. We'll seize this town right after we settle things with the local lord.""","«Хорошо, ребята. Мы захватим этот город сразу после того, как уладим дела с местным лордом»."
"""All right, you toughs! Here we go! Fighting in the first round, the Brainstormer versus a new sylvari contender. Fighters, to the pit.""","«Хорошо, вы, бандиты! Поехали! Бой в первом раунде, Мозговой штурм против нового соперника-сильвари. Бойцы, в яму»."
"""All right. We have one shot, so it's either the party or Zamon's house. I can't give you orders, so let me know how you want to proceed.""","«Хорошо. У нас есть один шанс, так что это либо вечеринка, либо дом Замона. Я не могу отдавать вам приказы, поэтому дайте мне знать, как вы хотите действовать»."
"""All set, chief. Here are your samples, as ordered.""","«Все готово, шеф. Вот ваши образцы, как и было приказано»."
"""All set. This turret will pack quite a punch, but it's a bit touchy.""","«Все готово. Эта турель будет очень мощной, но она немного обидчива»."
"""All shiny armors sold! Now, go fight Mordremoss!""",«Все блестящие доспехи проданы! Теперь идите сражаться с Мордремоссом!»
"""All soldiers have tales of victory and tragedy, but what stories leave out is how much time we spend waiting. We patrol and train to keep sharp, but we can't take real action without orders.""","«У всех солдат есть истории о победах и трагедиях, но в этих историях не учитывается, сколько времени мы проводим в ожидании. Мы патрулируем и тренируемся, чтобы сохранять бдительность, но мы не можем предпринимать реальные действия без приказов»."
"""All songs composed and produced by Jeremy Soule. 'Fear Not This Night' lyrics by Jeremy Soule and Ree Soesbee. Vocals by Asja. © 2010-2012 ArenaNet, LLC. All rights reserved.""","«Все песни написаны и спродюсированы Джереми Соулом. Слова «Fear Not This Night» написаны Джереми Соулом и Ри Сосби. Вокал — Ася. © ArenaNet, LLC, 2010–2012. Все права защищены»."
"""All systems clear, new protocols online. Don't forget to reset personnel authentications this week.""","«Все системы чисты, новые протоколы онлайн. Не забудьте сбросить аутентификацию персонала на этой неделе»."
"""All that work has earned you a lifelong partner. Take good care of them, got it?""","«Вся эта работа принесла тебе партнера на всю жизнь. Береги его как следует, понял?»"
"""All these eggs, waiting just for me. (giggle)""",«Все эти яйца ждут только меня. (хихикает)»
"""All things are part of the same whole. All things are related. As there is fire, so is there ice. As there is death, so is there life.""","«Все вещи являются частью одного целого. Все вещи связаны между собой. Как есть огонь, так и есть лед. Как есть смерть, так и есть жизнь»."
"""All things considered, I'd rather be at home fighting the minions of Jormag.""","«Принимая во внимание все обстоятельства, я бы предпочел быть дома, сражаясь с приспешниками Йормага»."
"""All things must end, all kingdoms must perish, and every day must finish in the fall of night. Consider the finality of all things by meditating on the transience of power and glory throughout Tyria, all in order to take your first steps in creating the legendary precursor known as Dusk.""","«Все должно закончиться, все королевства должны погибнуть, и каждый день должен закончиться с наступлением ночи. Подумайте о окончательности всего сущего, размышляя о мимолетности власти и славы во всей Тирии, и все это для того, чтобы сделать свои первые шаги в создании легендарного предшественника, известного как Закат»."
"""All things, in the end, will find balance.""","«Все вещи, в конце концов, обретут баланс»."
"""All this time, we thought you were our friends.""","«Все это время мы думали, что вы наши друзья»."
"""All those perils, you say? Truth be told, I didn't look up from my journal the whole time.""","«Все эти опасности, говоришь? По правде говоря, я все время не отрывался от своего дневника»."
"""All three orders of Tyria presented plans to disseminate the proof of Professor Gorr's theory. Zojja explained that whichever order's plan I chose would be the order I joined permanently as part of her long-range goal of building strong alliances against the Elder Dragons. I made my choice, and we set out to show the world that Gorr is right: dragons eat magic.""","«Все три ордена Тирии представили планы по распространению доказательств теории профессора Горра. Зоджа объяснила, что какой бы план ордена я ни выбрал, я буду тем орденом, к которому я присоединюсь навсегда в рамках её долгосрочной цели по созданию сильных союзов против Старших Драконов. Я сделал свой выбор, и мы решили показать миру, что Горр прав: драконы едят магию»."
"""All troops inside the Tower of Nightmares have gained a morale boost, and the path to the next floor has opened.""","«Все войска внутри Башни Кошмаров подняли боевой дух, и открылся путь на следующий этаж»."
"""All we know is that she used the bodies to fuel her magic. She's taken to Raven's darker side, and her magic is powerful. Do be careful, if you go in there.""","«Все, что мы знаем, это то, что она использовала тела, чтобы подпитывать свою магию. Она перешла на тёмную сторону Рейвен, и её магия сильна. Будьте осторожны, если пойдёте туда»."
"""All who would face Meztli, come! I will arm you for the trial.""","«Все, кому предстоит встретиться с Мезтли, приходите! Я вооружу вас для суда»."
"""All will be forgiven, Zaishen, when you let him forge you anew.""","«Все будет прощено, Зайшен, когда ты позволишь ему выковать тебя заново»."
"""All will be preserved, dreamer.""","«Все будет сохранено, мечтатель»."
"""All's quiet for the moment, Commander.""","«На данный момент все тихо, коммандер»."
"""Alles, was bleibt""","""Аллес, это было блибт"""
"""Allies destroyed the nearby base's gates, weakening the captain's reinforcements.""","«Союзники разрушили ворота близлежащей базы, ослабив подкрепление капитана»."
"""Allies engaged the nearby captain, weakening the base's reinforcements.""","«Союзники атаковали ближайшего капитана, ослабив подкрепление базы»."
"""Allies have successfully cleared the miasma from the area, making it safe to explore.""","«Союзники успешно очистили этот район от миазмов, сделав его безопасным для исследования»."
"""Allies have successfully nullified the seer curse, temporarily securing the temple for exploration.""","«Союзники успешно сняли проклятие провидца, временно обеспечив безопасность храма для исследования»."
"""Allies within target area receive stability, protection, and aegis.""","«Союзники в целевой зоне получают стабильность, защиту и эгиду»."
"""Allotted territory changes spent. For more information, please visit our support website.""",«Изменены выделенные территории. Для получения дополнительной информации посетите наш веб-сайт поддержки».
"""Allow decorators in the arena to place purple torches, which can be lit and unlit at will.""","«Разрешите декораторам на арене размещать фиолетовые факелы, которые можно будет зажигать и гасить по желанию»."
"""Allow decorators in the arena to place torches in the red, blue, and green team colors. These torches can be lit and unlit at will.""","«Разрешите декораторам на арене размещать факелы красного, синего и зелёного цветов команды. Эти факелы можно зажигать и гасить по желанию»."
"""Allow decorators in the arena to place white torches, which can be lit and unlit at will.""","«Разрешить декораторам на арене размещать белые факелы, которые можно будет зажигать и гасить по желанию»."
"""Allow guild members with the proper permissions to claim Stonemist Castle for the guild, allowing it to gain access to upgrades over time.""","«Разрешить членам гильдии с соответствующими разрешениями претендовать на Замок Каменного Тумана для гильдии, что позволит ей со временем получить доступ к улучшениям»."
"""Allow guild members with the proper permissions to claim a keep for the guild, allowing it to gain access to upgrades over time.""","«Разрешить членам гильдии с соответствующими разрешениями претендовать на владение гильдией, что позволит ей со временем получить доступ к улучшениям»."
"""Allow guild members with the proper permissions to claim a supply camp for the guild, allowing it to gain access to upgrades over time.""","«Разрешить членам гильдии с соответствующими разрешениями претендовать на лагерь снабжения для гильдии, что позволит ей со временем получить доступ к улучшениям»."
"""Allow guild members with the proper permissions to claim a tower for the guild, allowing it to gain access to upgrades over time.""","«Разрешить членам гильдии с соответствующими разрешениями претендовать на башню для гильдии, что позволит ей со временем получить доступ к улучшениям»."
"""Allow me to expound. While studying the unique chemical reactions that cause these creatures to glow, I remarked that the scutters' bodies twitch when exposed to an electrical current.""","«Позвольте мне объяснить. Изучая уникальные химические реакции, которые заставляют этих существ светиться, я заметил, что тела скаттеров дергаются под воздействием электрического тока»."
"""Allows fast travel to your guild hall, if applicable.""","«Позволяет быстро перемещаться в зал вашей гильдии, если это применимо»."
"""Allows the camera to zoom in to first-person view. Not recommended for combat, PvP, or WvW.""","«Позволяет камере приближаться к виду от первого лица. Не рекомендуется для боя, PvP или WvW»."
"""Almorra ordered me to report to Fort Marriner, the Vigil's outpost in Lion's Arch. We have to hold off the dragon's incursions for as long as we can, until the Lionguard is ready to levy a counterassault.""","«Альморра приказала мне явиться в форт Марринер, аванпост Бдения в Львиной Арке. Мы должны сдерживать вторжения дракона так долго, как сможем, пока Львиная стража не будет готова начать контратаку»."
"""Almorra reached out with news: the blizzard blocking our way to Bangar has cleared, and she needs our help at Jora's Keep. I'm to meet Rytlock, Crecia, Marjory, and Braham, and together we'll fly to Jora's Keep.""","«Альморра сообщила новость: метель, преграждавшая нам путь в Бангар, утихла, и ей нужна наша помощь в Крепости Джоры. Я должен встретиться с Ритлоком, Кресией, Марджори и Брейхамом, и вместе мы полетим в Крепость Джоры»."
"""Almorra's Stand, Jahai Bluffs""","«Стенд Альморры, Джахай Блафс»"
"""Almost there. We'll get the orb, charge up that crystal, and be in the vault in no time!""","«Почти готово. Мы возьмем сферу, зарядим этот кристалл и очень скоро будем в хранилище!»"
"""Aloeth, Revel in Ruin""","«Алоэт, наслаждайся руинами»"
"""Alone, you cannot. But with unity, you will find that many impossible things can be achieved.""","«В одиночку вы не сможете. Но объединившись, вы обнаружите, что многих невозможных вещей можно достичь»."
"""Along the River of Rilohn sits a large orange tree; with a view of the fortress, true love's flowers be.""",«Вдоль реки Рилон растет большое апельсиновое дерево; с видом на крепость — цветы настоящей любви».
"""Along with Eir and Garm, I defeated the Sons of Svanir. We couldn't save Wolf Havroun Solvi's life, but we did release his spirit and close the Sons of Svanir portal to the Mists. With order restored to the Spirit World and Valda assuming the role of Wolf Havroun, we're ready to meet whatever challenges lay ahead.""","«Вместе с Эйр и Гармом я победил Сынов Сванира. Мы не смогли спасти жизнь Волка Гавруна Солви, но мы освободили его дух и закрыли портал Сынов Сванира в Туманы. Когда порядок в Мире Духов восстановлен, а Валда взяла на себя роль Волка Гавруна, мы готовы встретить любые испытания, которые ждут нас впереди»."
"""Along with Eir, Garm, and the Minotaur Spirit, I defeated Vidkun and his corrupted dragon minion.""","«Вместе с Эйр, Гармом и Духом Минотавра я победил Видкуна и его оскверненного прислужника-дракона»."
"""Along with the other recruits, I met with the Ringmaster in the forest. It turned out to be a trap. The Ringmaster wanted to test the effects of the Floating Grizwhirl. It hypnotized the recruits. I had to beat them back to their senses. The Ringmaster is going to use the Floating Grizwhirl to hypnotize the audience at the next big show in Divinity's Reach. I have to stop him.""","«Вместе с другими новобранцами я встретился с Начальником манежа в лесу. Это оказалось ловушкой. Начальник манежа хотел проверить действие Плавающего Гризвирла. Он гипнотизировал новобранцев. Мне пришлось привести их в чувство. Начальник манежа собирается использовать Плавающий Гризвирл, чтобы загипнотизировать публику на следующем большом шоу в Divinity's Reach. Я должен остановить его»."
"""Also down that way is a pool at the Bastion of Knowledge. We're technically not allowed to fish there, but I won't tell anyone if you don't! Same warning though about the Kryptis here too; they've been slippery.""","«А ещё там есть пруд в Бастионе Знаний. Технически нам не разрешено ловить рыбу там, но я никому не скажу, если вы этого не сделаете! То же предупреждение и здесь насчет Криптисов: они скользкие»."
"""Also need bomb powder to make big boom. Horsefolk...how do you say? Centaurs? Centaurs have plenty of powder. Steal powder, make boom, yes-yes? Now, you pick: plan one or plan two?""","«Также нужен бомбовый порох, чтобы произвести большой взрыв. Лошади... как бы это сказать? Кентавры? У кентавров пороха полно. Украсть порох, сделать взрыв, да-да? Теперь вы выбираете: план первый или план второй?»"
"""Also, I wouldn't wait up for Captain Strohm. Weyandt's finished his little coup and he's on his way over.""","«Кроме того, я бы не стал ждать капитана Штрома. Вейандт совершил свой маленький переворот и уже едет сюда»."
"""Also, for your own protection, you should stay at my palace. Temporarily, of course. I insist.""","«А ещё, для твоей же безопасности, тебе следует остаться в моем дворце. Временно, конечно. Я настаиваю»."
"""Also, talk to the Pale Reavers' lead scout. If they overheard any valuable intel since we arrived, he'll know about it.""","«А ещё поговори с ведущим разведчиком Бледных Разбойников. Если они услышали какую-нибудь ценную информацию с момента нашего прибытия, он об этом узнает»."
"""Also, they explode when they die.""","«Кроме того, они взрываются, когда умирают»."
"""Also, valravns have been plaguing us at night. The traps to catch them require drops of fresh blood. Wait a bit, and then spear the beasts once they wander in.""","«Кроме того, вальравны преследуют нас по ночам. Ловушки, чтобы их поймать, требуют капель свежей крови. Подожди немного, а затем пронзи зверей копьями, как только они забредут»."
"""Also—I admire your glider. But to really see the jungle, you should also learn to use the local mushrooms.""","«А ещё я восхищаюсь твоим планером. Но чтобы по-настоящему увидеть джунгли, тебе следует также научиться использовать местные грибы»."
"""Alternatively, you can visit your profession trainer in a major city to purchase this trait.""","«В качестве альтернативы вы можете посетить своего профессионального тренера в крупном городе, чтобы приобрести эту черту»."
"""Although Canach is in custody, the Lionguard needs help fighting the wildlife that he goaded into attacking Southsun settlements.""","«Хотя Кэнак находится под стражей, Львиной Страже нужна помощь в борьбе с дикими животными, которых он подстрекал к нападению на поселения Саутсана»."
"""Although I do not lightly break the law, our need is desperate. The Legate Minister will simply have to forgive.""","«Хотя я не так легко нарушаю закон, наша нужда отчаянна. Министру-легату придётся просто простить»."
"""Although Tegwen is safe, the mirror's visions of Orr have shaken me. It's not just knowing how bad that place is, but also knowing that one day my Wyld Hunt will call me there—to face Zhaitan himself! I hope I will be ready when that day comes.""","«Хотя Тегвен в безопасности, видения Орра в зеркале потрясли меня. Я не только знаю, насколько плохо это место, но и знаю, что однажды моя Дикая Охота позовет меня туда - чтобы встретиться с самим Зайтаном! Надеюсь, я буду готов, когда этот день наступит»."
"""Although damaged from its time under the ocean, this tower remains as a giant testament of Orrian construction.""","«Несмотря на то, что эта башня была повреждена во время пребывания под океаном, она остается гигантским свидетельством строительства Орриана»."
"""Although faded with the passing of centuries, scorch marks from the Searing can still be seen on this simple wall.""","«На этой простой стене все ещё можно увидеть следы ожогов от Обжигания, хотя они и потускнели с течением веков»."
"""Although our elder has died, the villagers survive to fight another day.""","«Хотя наш старейшина умер, жители деревни выживают, чтобы сражаться ещё один день»."
"""Although surrounded by Zhaitan's corruption, this statue resonates with the love of the people who erected it. This latent power warms the air.""","«Хотя эта статуя окружена порчей Зайтана, она резонирует с любовью людей, которые её воздвигли. Эта скрытая сила согревает воздух»."
"""Although the cause of Soo-Won's sudden rampage is still being determined, she was put to rest at the Harvest Temple.""","«Хотя причина внезапного неистовства Су-Вон все ещё устанавливается, её похоронили в Храме Урожая»."
"""Although the gods have abandoned Tyria, their gifts remain. The oceans and land. The verdant forests, the limitless cosmos beyond—the ultimate love letter to the living, but also a solemn good-bye.""","«Хотя боги покинули Тирию, их дары остались. Океаны и земля. Зелёные леса, безграничный космос за её пределами — высшее любовное письмо живым, но также и торжественное прощание»."
"""Although the vast, impenetrable Unending Ocean has been left unexplored for a century past, fishermen lingering just outside the expanse often catch glimpses of something magnificent.""","«Хотя огромный, непроницаемый Бескрайний океан оставался неисследованным на протяжении столетия, рыбаки, задерживающиеся за его пределами, часто мельком видят что-то великолепное»."
"""Although they are normally poisonous, Elain can process these for consumption.""","«Хотя они обычно ядовиты, Элейн может переработать их для употребления в пищу»."
"""Although we had to fight off creatures pouring through the portals to the Mists, we finally summoned the spirit of Alastia Crow. According to her, Kellach was obsessed with protecting Kryta, and wanted to use her scrying powers. He used them to look into Orr and something there corrupted him. When he demanded a cure, she bluffed that only """"blood of great power and significance"""" would work. Enraged by this, he killed her. If he still wants that cure, there's only one thing it could be—killing the queen! We need to let Logan know right away.""","«Хотя нам пришлось отбиваться от существ, хлынувших через порталы в Туманы, мы, наконец, вызвали дух Аластии Кроу. По её словам, Келлак был одержим защитой Крайты и хотел использовать её способности к предсказанию. Он использовал их, чтобы заглянуть в Орра, и что-то там его развратило. Когда он потребовал лекарство, она блефовала, что сработает только «кровь великой силы и значения». Разгневанный этим, он убил её. Если он все ещё хочет это лекарство, это может быть только одно — убийство королевы. Мы должны немедленно сообщить об этом Логану»."
"""Always a pleasure, Wayfinder. How can I help?""","«Всегда приятно, Путеводитель. Чем я могу помочь?»"
"""Always on the lookout, huh? We'll have time enough ta plunder when we're done.""","«Всегда начеку, да? Когда закончим, у нас будет достаточно времени, чтобы пограбить»."
"""Always relaxed, this casual top is mighty comfortable. Town clothes cannot be worn while in combat.""","«Этот повседневный топ очень удобен, всегда расслаблен. В бою нельзя носить городскую одежду»."
"""Always willing to lend a hand, or sword, for the common good. You go where the action is.""","«Всегда готов протянуть руку или меч для общего блага. Вы идете туда, где происходит действие»."
"""Am I gonna be happy this time, Fen?""","«Буду ли я счастлив на этот раз, Фен?»"
"""Amala put up a difficult fight: a dervish who had once dedicated her life to opposing Joko, she'd been executed and Awakened by the lich. Even under his control, she was still able to channel the power of the gods, but with the help of Sayida and her corsairs, Zaeim and I brought her down at last.""","«Амала выдержала трудный бой: дервиш, который когда-то посвятил свою жизнь противостоянию Джоко, был казнен и пробужден личем. Даже под его контролем она все ещё была способна направлять силу богов, но с помощью Сайиды и её корсаров Заэйм и я наконец победили её»."
"""Amazing! Incredible! Do you see? I'm doing a little dance, here. You're great!""",«Потрясающе! Невероятно! Видишь? Я здесь немного танцую. Ты великолепен!»
"""Amazing, can I have one of these Tazer Gloves?""","«Потрясающе, можно мне одну из этих перчаток Tazer?»"
"""Ambassador Meade, I'm glad to hear the trade deal between you and Minister Ishikawa has been finalized.""","«Посол Мид, я рад слышать, что торговое соглашение между вами и министром Исикавой было завершено»."
"""Ambassador, ever since the reopening, we've seen a sharp increase in violence throughout Cantha.""","«Посол, с момента открытия мы наблюдаем резкий рост насилия по всей Канте»."
"""America, Europe, and International""","«Америка, Европа и мир»"
"""Amid a ravaged island, a tree adapts and approaches eternity.""",«Среди разоренного острова дерево приспосабливается и приближается к вечности».
"""Amnytas Is Still Ours, Demons!""","«Амнитас все ещё наша, демоны!»"
"""Amnytas is suffering, but those who seek balance are suffering worst of all. Why debate it? Break open the hall and help them find peace.""","«Амнитас страдает, но больше всего страдают те, кто ищет баланса. Зачем спорить об этом? Вырвите зал и помогите им обрести покой»."
"""Among the books on display here is a copy of """"Cures for What Ales You."""" This book of norn home remedies contains a variety of increasingly potent drinks.""","«Среди книг, выставленных здесь, есть экземпляр «Лекарства от того, что вас беспокоит». Эта книга о домашних средствах норн содержит множество все более сильнодействующих напитков»."
"""Among the choya, the title of Sage is probably important. But who could say? It's not an exhaustively researched field.""","«Среди чоя титул Мудреца, вероятно, важен. Но кто мог сказать? Это не исчерпывающе исследованная область»."
"""Among the fractals of the archipelago, enormous amounts of emotional energy is coalescing. Help the gatherers and find your answers.""",«Среди фракталов архипелага скапливается огромное количество эмоциональной энергии. Помогите собирателям и найдите ответы».
"""An Ancient Boreal shield, crafted using materials found in Bjora Marches.""","«Древний северный щит, изготовленный из материалов, найденных в Марках Бьоры»."
"""An Ancient Boreal weapon, crafted using materials found in Bjora Marches.""","«Древнее северное оружие, созданное из материалов, найденных в Марках Бьоры»."
"""An Illuminated Boreal weapon, crafted using materials found in Bjora Marches.""","«Светящееся северное оружие, созданное из материалов, найденных в Марках Бьоры»."
"""An Order of Whispers agent never panics, even when surrounded by fanatical dredge miners on a violent criminal rampage.""","«Агент Ордена Шепота никогда не паникует, даже когда его окружают фанатичные шахтёры, ведущие жестокую криминальную ярость»."
"""An Order of Whispers agent, Benn Tenstrikes, was imprisoned by legate Minister Caudecus. The crime? Benn helped the minister's daughter Demmi escape Kryta—and her father's iron grasp.""",«Агент Ордена Шепота Бенн Тенстрайкс был заключен в тюрьму легатом министром Каудекусом. Преступление? Бенн помог дочери министра Демми сбежать от Крайты — и из железной хватки её отца».
"""An air of solemnity rises from the sand in waves like the shimmer of heat, making it difficult to breathe.""","«Воздух торжественности поднимается от песка волнами, словно мерцание жары, от чего становится трудно дышать»."
"""An ancient Orrian bow lays on the ground, humming with energy. The barely controlled tension gives the impression of a bowman with string fully drawn, or a viper coiled to strike.""","«Древний оррианский лук лежит на земле, гудя от энергии. Едва контролируемое натяжение создает впечатление лучника с полностью натянутой тетивой или змеи, свернувшейся для удара»."
"""An ancient bust stands on a pedestal. The sculptor gave the human man a serious expression and piercing eyes. It appears to be very old, likely predating the Foefire.""","«На постаменте стоит древний бюст. Скульптор придал человеческому человеку серьёзное выражение и пронзительный взгляд. Похоже, он очень старый, вероятно, ещё до Вражьего огня»."
"""An ancient chest, but the Heart of the Obscure seems to be reacting to it.""","«Древний сундук, но Сердце Неизвестного, похоже, на него реагирует»."
"""An ancient fountain filled with seer magic whispers quietly, deep within the Overgrown Thicket.""","«Глубоко в Заросшей чаще тихо шепчет древний фонтан, наполненный магией провидца»."
"""An ancient throne of Ascension, failed in purpose, but overflowing with power.""","«Древний трон Вознесения, неудачный по назначению, но переполненный силой»."
"""An ancient, weather-smoothed gravestone stands here. Much of its inscription has become illegible with time. The part that's decipherable reads, """"May Dwayna watch over you and carry you through darkness.""""""","«Здесь стоит древнее, отполированное непогодой надгробие. Большая часть его надписи со временем стала неразборчивой. Часть, которую можно расшифровать, гласит: «Пусть Двейна хранит тебя и проведет сквозь тьму»»»."
"""An armor piece can hold one rune upgrade. If you wear different armor pieces with the same type of rune, the runes are stronger.""","«Часть брони может содержать одно улучшение руны. Если вы носите разные части брони с одним и тем же типом рун, руны становятся сильнее»."
"""An article of mail seems to have been corrupted. Any items or currency attached to this mail are still available for collection. We have logged the data corruption, and we are investigating the cause.""","«Похоже, что почтовое письмо было повреждено. Любые предметы или валюта, прикрепленные к этому письму, по-прежнему доступны для получения. Мы зарегистрировали повреждение данных и расследуем причину»."
"""An artifact laced with Mists energy, granted by Sage Salim in the Forgotten City of Tarir in Auric Basin after training the Exalted Acceptance Mastery ability.""","«Артефакт, пропитанный энергией Тумана, дарованный мудрецом Салимом в забытом городе Тарир в Аурической котловине после тренировки способности «Мастерство возвышенного принятия»."
"""An assortment of souvenirs from the Southsun islands. This chest contains Southsun crafting materials and a chance to get a wide variety of items such as shoulder skins, new boosts and conveniences, and a rare chance to get new weapon skins and mini pets.""","«Ассортимент сувениров с островов Саутсан. Этот сундук содержит материалы для изготовления Саутсана и возможность получить самые разнообразные предметы, такие как облики наплечников, новые усиления и удобства, а также редкий шанс получить новые облики оружия и мини-питомцев»."
"""An assortment of supplies the Speakers are using to craft their """"one-hundred percent organic"""" incendiary devices, the use of which is ultimately no less cruel than their Brotherhood counterparts'.""","«Ассорти материалов, которые Говорящие используют для создания своих «стопроцентно органических» зажигательных устройств, использование которых в конечном итоге не менее жестоко, чем у их собратьев из Братства»."
"""An asura's krewe is critically important to their success. No matter how clever the inventor, the true test of genius is not just the ability to make something up; it's also the ability to make someone else build it.""","«Креве асуры критически важны для их успеха. Независимо от того, насколько умен изобретатель, истинное испытание на гениальность — это не просто способность что-то придумать; это ещё и способность заставить кого-то это построить»."
"""An attack is imminent. If you want to stick around, be ready to fight.""","«Атака неизбежна. Если хочешь остаться, будь готов к бою»."
"""An earthy, primal voice rumbles from the spiritual ether: """"Never give into rage, for rage kills a warrior long before the enemy does. Own your ferocity, and you will always be the victor.""""""","«Земной, первобытный голос грохотает из духовного эфира: «Никогда не поддавайтесь ярости, ибо ярость убивает воина задолго до того, как это сделает враг. Признайте свою свирепость, и вы всегда будете победителем»»»."
"""An engraving reads, """"Bandit life grows dull quickly. Now my only entertainment is fighting would-be heroes. —Franklin Quickblade""""""",«Гравюра гласит: «Жизнь бандитов быстро тускнеет. Теперь мое единственное развлечение — сражаться с потенциальными героями. — Франклин Быстрый клинок»»»
"""An escape or a kidnapping? Forktail left the jail in the company of Flame Legion spies. Whether he went of his own free will or not, the Flame Legion's attacks on the Black Citadel are getting more bold.""","«Побег или похищение? Вилкохвост покинул тюрьму в компании шпионов Легиона Пламени. Независимо от того, ушёл он по своей воле или нет, атаки Легиона Пламени на Чёрную Цитадель становятся все более смелыми»."
"""An evil group called the Nightmare Court. They wish to harm the sleepers. Trust me, sapling. All will be made clear to you very soon.""","«Злая группа под названием Кошмарный двор. Они хотят навредить спящим. Поверь мне, саженец. Очень скоро тебе все станет ясно»."
"""An experiment has gone wrong, and experimental flesh golems are destroying your lab! What do you do?""","«Эксперимент провалился, и экспериментальные големы из плоти разрушают вашу лабораторию! Что вы делаете?»"
"""An exquisitely noble demeanor, cultivated with care.""","«Изысканно благородное поведение, культивируемое с осторожностью»."
"""An icebrood construct has cut off the northern way out of Shiverpeaks Pass. Brave the elements, climb the pass, and destroy the construct to clear the path for travel again.""","«Конструкт ледяного рода отрезал северный путь из перевала Шиверпикс. Бросайте вызов стихиям, поднимитесь на перевал и уничтожьте конструкт, чтобы снова расчистить путь для путешествия»."
"""An impenetrable tower has appeared in Kessex Hills, spreading toxic spores and hallucinations across Tyria!""","«В Кессекских холмах появилась непроницаемая башня, распространяющая по Тирии токсичные споры и галлюцинации!»"
"""An informed adventurer, ready to take on the world.""","«Информированный искатель приключений, готовый покорить мир»."
"""An inquisitive mind is an asset. Keep it concise, and I'm sure my research won't be too egregiously delayed.""","«Пытливый ум — это преимущество. Будьте краткими, и я уверен, что мои исследования не будут слишком сильно задерживаться»."
"""An inscription on this memorial says, """"For Zor, who calmed all arguments.""""""","«Надпись на этом мемориале гласит: «Зору, успокоившему все споры»»»."
"""An inscription on this memorial says, """"For Zor, who fought for Elona.""""""","«Надпись на этом мемориале гласит: «Зору, сражавшемуся за Элону»»»."
"""An inscription on this memorial says, """"For Zor, who listened to everyone's troubles.""""""","«Надпись на этом мемориале гласит: «Зору, который выслушивал все беды»»»."
"""An inscription on this memorial says, """"For Zor, who looked after his older sister.""""""","«Надпись на этом мемориале гласит: «Зору, который присматривал за своей старшей сестрой»»»."
"""An inscription on this memorial says, """"For Zor, who tended garden and field.""""""","«Надпись на этом памятнике гласит: «Зору, возделывающему сад и поле»»»."
"""An inscription on this memorial says, """"For Zor, who walked down the canyons, singing.""""""","«Надпись на этом мемориале гласит: «Зору, который шёл по каньонам и пел»»»."
"""An inscription reads, """"Act with magic, act within reason, act without mercy.""""""","«Надпись гласит: «Действуй с помощью магии, действуй в разумных пределах, действуй без пощады»»»."
"""An interesting-looking box lies before you. It appears to be Inquest made, and it's locked. What do you want to do?""","«Перед вами лежит интересный на вид ящик. Судя по всему, он сделан дознанием и заперт. Что вы хотите делать?»"
"""An intriguing notion, agent. But I agree: the weapon deserves a closer look.""","«Интригующая идея, агент. Но я согласен: оружие заслуживает более пристального внимания»."
"""An invisible blanket of magical energy hangs thick around the totem, filling those near it with feelings of confidence and power. It appears as if the grawl actually found a mystical artifact.""","«Невидимое одеяло магической энергии окутывает тотем, наполняя тех, кто рядом с ним, чувством уверенности и силы. Кажется, будто грал действительно нашёл мистический артефакт»."
"""An item can be equipped in multiple templates. Legendary items can be assigned different attributes in each template, giving you the freedom to easily change your playstyle.""","«Предмет может быть экипирован в нескольких шаблонах. Легендарные предметы могут иметь разные атрибуты в каждом шаблоне, что даёт вам возможность легко менять свой стиль игры»."
"""An item from the Alehound's crew used by the Corsair, Mehdi, to craft his famous tainted grog in the Domain of Istan.""","«Предмет от команды Алехаунда, который корсар Мехди использовал для изготовления своего знаменитого испорченного грога во владениях Истан»."
"""An item from the Powderkegs crew used by the Corsair, Mehdi, to craft his famous tainted grog in the Domain of Istan.""","«Предмет от команды Пороховых Бочонков, который корсар Мехди использовал для изготовления своего знаменитого испорченного грога во владениях Истан»."
"""An item from the Sly crew used by the Corsair, Mehdi, to craft his famous tainted grog in the Domain of Istan.""","«Предмет команды Хитрого, который корсар Мехди использовал для изготовления своего знаменитого испорченного грога во владениях Истан»."
"""An item from the Stonefist crew used by the Corsair, Mehdi, to craft his famous tainted grog in the Domain of Istan.""","«Предмет команды Каменного Кулака, который корсар Мехди использовал для изготовления своего знаменитого испорченного грога во владениях Истан»."
"""An offhanded whim of Mad King Thorn, made a reality by his zealous court. Executioner's tool and tombstone in one, this sword was intended for use on the king's rivals. Then as a loyal adherent of the king, are you not are an appropriate wielder?""","«Беззаботная прихоть Безумного Короля Шипа, воплощенная в реальность его ревностным двором. Инструмент палача и надгробие в одном, этот меч был предназначен для использования против соперников короля. Тогда, как верный сторонник короля, разве вы не являетесь подходящим обладателем?»"
"""An oil painting, simply done.""","«Картина маслом, просто сделанная»."
"""An old jar lies next to a skeleton. Inside it, another small bottle contains a liquid that glows faintly. There's no sign that the liquid has been corrupted.""","«Рядом со скелетом лежит старая банка. Внутри неё ещё одна маленькая бутылочка содержит слабо светящуюся жидкость. Нет никаких признаков того, что жидкость испорчена»."
"""An old sapphire amulet, weathered by frequent use. It went missing when the Wizard's Tower left the Kessex Hills.""","«Старый сапфировый амулет, потертый от частого использования. Он пропал, когда Башня Волшебника покинула Кессекские холмы»."
"""An ooze brushed up against me while I was under a pipe, patching a leak.""","«Когда я находился под трубой и латал течь, на меня наткнулась жижа»."
"""An ornamental skull from Lagula's mantle, not Lagula's head.""","«Декоративный череп из мантии Лагулы, а не голова Лагулы»."
"""An outstanding community member, cleaning up every single piece of warclaw scat!""","«Выдающийся член сообщества, убирающий каждый кусочек дерьма от боевых когтей!»"
"""An underling's report to Kuda details recent excavation progress and delays caused by provocation of the the forest seneschal. Based on where the log box ended up, Kuda found this update unacceptable.""","«Отчёт подчиненного Кудае подробно описывает недавний прогресс раскопок и задержки, вызванные провокацией лесного сенешаля. Судя по тому, где оказался ящик с бревном, Куда счел это сообщение неприемлемым»."
"""An unknown illness has caused this body to return to life, full of mindless rage!""","«Неизвестная болезнь заставила это тело вернуться к жизни, полное бессмысленной ярости!»"
"""An unrecognizable figure. If this had been made of jade, it would still be in good shape.""","«Неузнаваемая фигура. Если бы она была сделана из нефрита, она все ещё была бы в хорошей форме»."
"""An untested potion, a cat with a mission, the wilds of Janthir...what could go wrong?""","«Непроверенное зелье, кот с миссией, Дикие земли Джантира… что может пойти не так?»"
"""Analyze a disabled foe, applying vulnerability.""","«Анализ обездвиженного противника, применение уязвимости»."
"""Analyze a stealthed foe, applying vulnerability.""","«Проанализируйте скрытного противника, применив уязвимость»."
"""Analyze those structures to the south for advantageous arcanum. Pursuit, not pretense and posturing!""","«Проанализируйте эти структуры на юге на предмет выгодной тайны. Преследование, а не притворство и позерство!»"
"""Anaya and I like to play Ascensions, but there aren't really enough of us. We used to have a little sister, Tuma, but Anaya says I'm not supposed to talk about her.""","«Мы с Анайей любим играть в Вознесения, но нас не так уж и много. Раньше у нас была младшая сестра Тума, но Анайя говорит, что мне не следует о ней говорить»."
"""Anchor a rock to your foe, making them sink.""","«Прикрепите к противнику камень, и он утонет»."
"""Ancient Hollow: In a nook in a wall, north of a mushroom village.""","«Древняя Лощина: В укромном уголке стены, к северу от грибной деревни»."
"""Ancient chords of long-forgotten lamentations still echo in Orr. Those who have learned to listen for them are able to use dirges of power, making manifest abilities once lost to the pages of history.""","«Древние аккорды давно забытых стенаний все ещё звучат в Орре. Те, кто научился их прислушиваться, способны использовать панихиды силы, проявляя способности, когда-то затерянные на страницах истории»."
"""Ancient druids had the power to manipulate nature. Learn this Mastery to gather Oakheart's essence, which allows you to grapple to new heights using magical vines.""","«Древние друиды обладали силой манипулировать природой. Изучите это мастерство, чтобы собрать сущность Дубового Сердца, которая позволит вам достичь новых высот, используя волшебные лозы»."
"""Ancient jotun spirits linger near this footprint, drawn by the mystical power that's preserved it all these years. Restless, the spirits await a worthy challenger to pacify their enduring anger.""","«Рядом с этим следом обитают древние духи-йотуны, привлеченные мистической силой, сохранявшей его все эти годы. Неугомонные духи ждут достойного соперника, который сможет усмирить их непреходящий гнев»."
"""Ancient magics still linger in the world of Tyria, and those especially attuned to them can sometimes call on them in times of great need. Learn this mastery to unlock an extra skill for use while downed.""","«Древняя магия все ещё сохраняется в мире Тирии, и те, кто особенно настроен на неё, могут иногда призвать её в случае большой нужды. Изучите это мастерство, чтобы разблокировать дополнительный навык, который можно будет использовать, когда вы побеждены»."
"""And I deserve it, too.""",«И я тоже этого заслуживаю».
"""And I'll admit it, grudgingly—you're a lot more fun.""","«И я признаю это, неохотно: с тобой гораздо веселее»."
"""And Jormag's hold on the grawl is shattered. This triumph must be documented. But first, a fine ale.""",«И власть Йормага над гралом разрушена. Этот триумф должен быть задокументирован. Но сначала хороший эль».
"""And after him, we tear down Shukov and his bootlicking followers.""",«А вслед за ним мы разнесем Щукова и его подхалимов».
"""And by that I mean, if we want people to keep buying our goods!""","«И под этим я имею в виду, если мы хотим, чтобы люди продолжали покупать наши товары!»"
"""And did you tell her that the wedding is taking place in a very public park in New Kaineng, and that I am a wanted man?""","«И ты сказал ей, что свадьба состоится в очень общественном парке в Нью-Кайненге и что я в розыске?»"
"""And for dessert, centaurs foster.""",«А на десерт выкорм кентавров».
"""And here I thought this camp would never run smoothly. The lowlanders have come to this place from time to time to hunt, but never have we used it as a base of operations. We're very much in your debt, Wayfinder.""","«И вот я думал, что этот лагерь никогда не будет работать гладко. Жители равнин время от времени приезжали сюда на охоту, но мы никогда не использовали его в качестве оперативной базы. Мы очень в долгу перед тобой, Путеводитель»."
"""And here we are! Eternal Embers, courtesy of the Order of the Crystal Bloom!""","«И вот мы здесь! Вечные угли, любезно предоставленные Орденом Хрустального Цветения!»"
"""And here, the bloodshed is so potent, a taste of foul iron taints your tongue,""","«И здесь кровопролитие настолько мощное, что вкус вонючего железа портит твой язык»"
"""And if Jormag becomes a threat again, we'll face that too. Believe me, you're not the only one with doubts.""","«И если Йормаг снова станет угрозой, мы тоже столкнемся с этим. Поверь мне, ты не единственный, кто сомневается»."
"""And in the next instant, die in a ball of god flame.""",«И в следующее мгновение умрешь в шаре божественного пламени».
"""And in walking their intersection, we pave our path in the footprints we leave behind.""","«И, идя по их перекрестку, мы прокладываем свой путь следами, которые оставляем после себя»."
"""And it has cost me dearly. Some would consider it my final mistake, but I consider it my greatest triumph. I have tied my very essence to the core of my golem.""","«И это стоило мне очень дорого. Некоторые сочли бы это моей последней ошибкой, но я считаю это своим величайшим триумфом. Я связал свою сущность с ядром моего голема»."
"""And it is with this in mind that I, Sukhov, say to you, the great unwashed masses of the dredge, that we begin a brave new era.""","«И именно с этим я, Сухов, говорю вам, великим немытым массам земснаряда, что мы начинаем дивную новую эпоху»."
"""And keep an eye out—there are a few bonus caches of coins scattered about, but they won't come easy!""","«И будьте осторожны — повсюду разбросано несколько бонусных тайников с монетами, но их нелегко найти!»"
"""And last but certainly not least, we've got the pool in the Bastion of the Obscure. I've taken a dip in there a few times myself; a bit chilly, but the fish seem to like it fine enough.""","«И последнее, но не менее важное: у нас есть бассейн в Бастионе Неизвестности. Я сам там несколько раз окунался; немного прохладно, но рыбам он, похоже, вполне нравится»."
"""And let Lion's Arch think we've lost? No, Mira, not yet. Claw Island's withstood much worse.""","«И пусть Львиная Арка думает, что мы проиграли? Нет, Мира, ещё нет. Остров Когтя выдержал гораздо хуже»."
"""And more importantly, if something is out there, are we leading it, or are we being led? I guess only time will tell.""","«И что ещё более важно, если что-то происходит, мы лидируем этим или нас ведут? Думаю, только время покажет»."
"""And neither of you drunken, joy-riding idiots remember where you parked my ordnance. So, Slayer, it's only fair that I take you until I get it back.""","«И никто из вас, пьяных, веселых идиотов, не помнит, где вы припарковали мою артиллерию. Так что, Истребитель, будет справедливо, если я возьму тебя, пока не верну её»."
"""And no matter what you hear, don't listen.""","«И что бы ты ни услышал, не слушай»."
"""And now Zojja has stormed in here. We don't know why, but we need to find her. It may already be too late.""","«И теперь сюда ворвалась Зоджа. Мы не знаем почему, но нам нужно её найти. Возможно, уже слишком поздно»."
"""And now, to destroy you.""","«А теперь, чтобы уничтожить тебя»."
"""And she was out searching for a shaved ear, which is what we called...""","«И она искала бритое ухо, как мы его называли…»"
"""And the folks at the smithy love anyone who isn't afraid to get their hands dirty. If you're up for making metal out of ore, I would suggest talking to Bronzed Sun.""","«А ребята в кузнице любят всех, кто не боится испачкать руки. Если вы хотите сделать металл из руды, я бы посоветовал поговорить с Бронзовым Солнцем»."
"""And the less said about that, the better. Now, wipe off that smirk. Let's go enjoy my best roast duck and brandy.""","«И чем меньше об этом будет сказано, тем лучше. А теперь сотри эту ухмылку. Пойдём наслаждаться моей лучшей жареной уткой и бренди»."
"""And the longer you hold it, the more powerful the effect.""","«И чем дольше вы его держите, тем мощнее эффект»."
"""And the sylvari just giggles and says, """"Thanks, I just carved it off your bouncer.""""""","«А сильвари просто хихикает и говорит: «Спасибо, я только что вырезал его из твоего вышибалы»»»."
"""And their deepest fear is others knowing they're afraid,""","«И их самый глубокий страх — это то, что другие знают, что они боятся»,"
"""And then we have our surveys. First, a small contingent of our allies have begun using a bloodstone golem to assist in maneuvering through the deadly valley we've been having trouble navigating.""","«А потом у нас есть исследования. Во-первых, небольшой отряд наших союзников начал использовать голема из кровавого камня, чтобы помочь ему маневрировать через смертоносную долину, в которой нам было трудно ориентироваться»."
"""And then, when I retire, I buy a sweet little vacation house in Garenhoff. Right by the lake!""","«А потом, когда я выйду на пенсию, я куплю милый домик для отдыха в Гаренхоффе. Прямо у озера!»"
"""And this """"Astral Ward."""" Of them, I have heard the stuff of nightmare.""",«И об этом «Астральном отделении». О них я слышал кошмарные вещи».
"""And to think, miss, we've spent all this time together...never realizing, never...daring to hope.""","«И подумать только, мисс, мы провели все это время вместе… никогда не осознавая этого, никогда… не осмеливаясь надеяться»."
"""And trust me, when Caudecus is desperate, he's dangerous.""","«И поверьте мне, когда Каудекус в отчаянии, он опасен»."
"""And we have succeeded, as we succeed in everything we turn our attention to.""","«И нам это удалось, поскольку мы преуспеваем во всем, на что обращаем внимание»."
"""And when you lose your sense of direction and can't see the sun overhead, you'll starve out there.""","«А когда ты потеряешь чувство направления и не сможешь видеть над головой солнце, ты умрешь с голоду»."
"""And where would you sail? Look at how much trouble they're in, even with their floating fortresses.""","«И куда бы вы поплыли? Посмотрите, какие у них проблемы, даже с их плавучими крепостями»."
"""And while you two are flailing and collecting, the Order of Whispers will be solving the problem.""","«И пока вы двое возитесь и собираете, Орден Шепота решит проблему»."
"""And who knows more about the dragons than the Priory? Just think of how much there is to learn. Where else, but in Orr?""","«А кто знает о драконах больше, чем Приорат? Только подумай, сколько ещё можно узнать. Где ещё, как не в Орре?»"
"""And who sent...ah, here. """"Cordially yours, Captain Jaine of the Jackdaws."""" Demmi's been kidnapped by pirates! Cool! I mean...interesting.""","«И кто послал... ах, вот». «С уважением, капитан Джейн из Галок». «Демми похитили пираты! Круто! Я имею в виду… интересно»."
"""And with that in mind, it's time for your next assignment. Riel, give the agent a quick briefing.""","«И учитывая это, пришло время для твоего следующего задания. Риэль, проведи агенту быстрый инструктаж»."
"""And with that, the game is done! Please come again and be sure to tell all your friends.""","«И на этом игра окончена! Пожалуйста, приходите ещё раз и обязательно расскажите всем своим друзьям»."
"""And yet Shukov was ready to put us in chains, just as the dwarves once did. And today a group of outsiders helped me stop Shukov. Remarkable.""","«И все же Шуков был готов заковать нас в цепи, как когда-то это сделали гномы. А сегодня группа посторонних помогла мне остановить Шукова. Замечательно»."
"""And yet, I know failure. I challenged my lifelong rival to fight at a moot, and in my overconfidence, I lost. I look forward to the day when I can even the score.""","«И тем не менее, я знаю неудачи. Я вызвал своего давнего соперника на поединок и из-за своей самоуверенности проиграл. Я с нетерпением жду того дня, когда смогу сравнять счёт»."
"""And yet, I sense darkness approaching. Something intrudes upon the Dream.""",«И все же я чувствую приближение тьмы. Что-то вторгается в Сон».
"""And yet, in the past, I have been foolish. I wagered Romke's Horn, an ancestral heirloom with magical properties, on a test of strength. I was overconfident, but I'm determined to get it back.""","«И все же в прошлом я поступил глупо. Я поставил Рог Ромке, фамильную реликвию с магическими свойствами, на испытание на силу. Я был слишком самоуверен, но полон решимости вернуть его»."
"""And yet, in the past, I've been careless. I overindulged in merriment at a moot and woke up the next morning with no memory of what I'd done. It's a mystery I must solve.""","«И все же в прошлом я был неосторожен. Я слишком развлекся на собрании и проснулся на следующее утро, не помня, что я сделал. Это загадка, которую я должен разгадать»."
"""And you know what beach this is, don't you?""","«И ты знаешь, что это за пляж, не так ли?»"
"""And you! You failed me, just like the rest of them! I am standing in a well of blood, and the smell...""","«А ты! Ты меня подвел, как и все остальные! Я стою в колодце с кровью, и запах…»"
"""And you're in the taste-testing department, I see. Bye.""","— А ты, я вижу, в отделе дегустации. Пока."
"""And you're surprised? Scarlet, Aerin, and now this. Mordremoth always uses sylvari to do its dirtiest dirty work.""","«И ты удивлен? Скарлет, Аэрин, а теперь и это. Мордремот всегда использует сильвари для выполнения самой грязной работы»."
"""And you, Logan, I see you've found us as well.""","«И ты, Логан, я вижу, ты тоже нас нашёл»."
"""And your next step? Returning to Rata Sum? With your reputation? How about this: join me, Fergg.""","«И твой следующий шаг? Возвращение в Рата Сум? С твоей репутацией? Как насчет этого: присоединяйся ко мне, Фергг»."
"""And, behind this door...""",«А за этой дверью…»
"""Anda, sientate""","«Анда, сиентэйт»"
"""Ande loves those stupid rabbits. He makes up stories about them. I keep telling Dad we need to get rid of them, but he refuses.""","«Анде любит этих глупых кроликов. Он сочиняет про них истории. Я все время говорю папе, что нам нужно от них избавиться, но он отказывается»."
"""Ander """"Wildman"""" Westward""","""Андер"" ""Дикий человек"" ""На запад"""
"""Angry gray-ears have useful clinky things. These gray-ears are bad, yes? And taking from bad person is like doing good. Help us, yes?""","— У злых сероухих есть полезные звенящие штучки. Эти сероухие плохие, да? А взять у плохого человека — это все равно, что сделать добро. Помоги нам, да?"
"""Angry wasps burrow into your flesh, doing damage every second.""","«Злые осы впиваются в вашу плоть, нанося урон каждую секунду»."
"""Anguish fires a flurry of projectiles at the target, dealing increased damage to controlled enemies and for each condition on that enemy.""","«Агония выпускает в цель шквал снарядов, нанося увеличенный урон контролируемым врагам и за каждое состояние этого врага»."
"""Anise, you should stay in Divinity's Reach. Demmi is a friend. A capable friend not in need of supervision.""","«Анис, тебе следует остаться в Divinity's Reach. Демми — друг. Способный друг, не нуждающийся в присмотре»."
"""Ankka and her Aetherblades are attempting to escape into the Mists to avoid the coming destruction by the Void, which she herself brought about. Put an end to Ankka's machinations once and for all.""","«Анкка и её Эфирные клинки пытаются сбежать в Туманы, чтобы избежать грядущего разрушения Пустотой, которое она сама спровоцировала. Положите конец махинациям Анкки раз и навсегда»."
"""Annihilate the Molten Alliance invasion at North Nolan Hatchery, and introduce Rox to a new friend.""",«Уничтожьте вторжение Огненного Альянса в инкубаторий Северного Нолана и познакомьте Рокс с новым другом».
"""Announcement from Frode, Warden of the Astral Ward""","«Объявление от Фроде, хранителя Астральной стражи»"
"""Another Day, Another Debt""","«Ещё один день, ещё один долг»"
"""Another Side, Another Story""","«Другая сторона, другая история»"
"""Another crazed sylvari. Keep those twigs away from me, or I'll use them as kindling.""","«Очередной сумасшедший сильвари. Держите эти ветки подальше от меня, иначе я использую их как растопку»."
"""Another day, another battle.""","«Ещё один день, ещё одна битва»."
"""Another day, another crate of food destroyed by those choya.""","«Ещё один день, ещё один ящик с едой, уничтоженный этими чойя»."
"""Another dead end. Militarily, I'd say we're being funneled into a trap.""","«Ещё один тупик. В военном отношении, я бы сказал, нас загнали в ловушку»."
"""Another door? Another door! I can't believe this! What sort of incredible, unfathomable genius puts in a second door? Bravo, Oola. Now, someone find me the crystal!""","«Ещё одна дверь? Ещё одна дверь! Я не могу в это поверить! Какой невероятный, непостижимый гений вставил вторую дверь? Браво, Оола. А теперь найдите мне кристалл!»"
"""Another great moot. I've missed these, since I joined the Vigil.""","«Ещё один замечательный спор. Я скучал по ним с тех пор, как присоединился к Дежурству»."
"""Another time, then.""",— Тогда в другой раз.
"""Another victory, coming up!""",«Ещё одна победа приближается!»
"""Any food eaten while the primer is active will have the same remaining time as the primer, rounded up to the next hour. The metabolic primer does not stack.""","«Любая еда, съеденная во время действия праймера, будет иметь то же оставшееся время, что и праймер, округленное до следующего часа. Метаболический праймер не суммируется»."
"""Any port in a storm, eh?""","— Любой порт во время шторма, а?"
"""Any questions? No? All right, then.""",— Есть вопросы? Нет? Тогда ладно.
"""Any utility item consumed while the primer is active will have the same remaining time as the primer, rounded up to the next hour. Does not stack.""","«Любой вспомогательный предмет, израсходованный во время действия праймера, будет иметь то же оставшееся время, что и праймер, округленное до следующего часа. Не суммируется»."
"""Anything can be an ingredient, depending on the eater!""","«Ингредиентом может быть все что угодно, в зависимости от того, кто ест!»"
"""Anything can happen in a beetle race, I suppose.""","«Полагаю, в гонке жуков может случиться что угодно»."
"""Anything! Everything! We travel the world, seeking lost knowledge to use against Zhaitan. Exciting, no?""","«Что угодно! Всё! Мы путешествуем по миру в поисках утраченных знаний, которые можно использовать против Зайтана. Захватывающе, не так ли?»"
"""Anytime players loot coins, 5%% is deposited into the guild stash. (Requires Architecture - Guild Stash)""","«Каждый раз, когда игроки добывают монеты, 5%% попадает в тайник гильдии. (Требуется Архитектура — Тайник гильдии)»"
"""Anytime you need me, I'll be here.""","«В любое время, когда я тебе понадоблюсь, я буду здесь»."
"""Anyway, good work. It's only going to get harder from here. Let's keep moving.""","«В любом случае, хорошая работа. Дальше будет только труднее. Давайте продолжим двигаться»."
"""Anyway, we have to stop them from consuming the energy. Hopefully then the vine walls will weaken.""","«В любом случае, мы должны помешать им потреблять энергию. Надеюсь, тогда стены виноградной лозы ослабнут»."
"""Anyway, welcome to Deepstone: lost treasure vault of the Deldrimor.""","«В любом случае, добро пожаловать в Дипстоун: затерянное хранилище сокровищ Делдримора»."
"""Anyway, what good would a new life be while the dragons destroy Tyria? I can't just sit idle while the world burns.""","«В любом случае, какая польза от новой жизни, пока драконы уничтожают Тирию? Я не могу просто сидеть сложа руки, пока мир горит»."
"""Anyway...it appears you're somewhere in Elona, in the past.""","«В любом случае... похоже, ты где-то в Элоне, в прошлом»."
"""Apart from all of those, you're welcome to participate in anything else that happens along your way. Any assistance is appreciated.""","«Помимо всего этого, вы можете участвовать во всем, что происходит на вашем пути. Любая помощь приветствуется»."
"""Apart from the harpy infestation, we've got leaks to seal and some pesky elementals that need to be driven away.""","«Помимо нашествия гарпий, нам нужно загерметизировать утечки и надоедливых элементалей, которых нужно прогнать»."
"""Apatia and I allowed ourselves to be taken prisoner by krait slavers so we could get close to the orb. Everything went perfectly until I found and claimed the orb. The krait recaptured Apatia, but I couldn't stop to free her. The orb and I are both needed back at Fort Trinity. I swore to return and rescue Apatia.""","«Мы с Апатией позволили работорговцам-крайтам взять себя в плен, чтобы мы могли подобраться поближе к сфере. Все шло идеально, пока я не нашёл и не забрал сферу. Крайты отбили Апатию, но я не мог остановиться, чтобы освободить её. Сфера и я оба нужны в форте Тринити. Я поклялся вернуться и спасти Апатию»."
"""Apatia and I ambushed the krait caravan that transports their mysterious orb. I was able to defeat the krait and recover the orb, but Apatia was captured and carried off. Both the orb and I are needed back at Fort Trinity, so I swore to return and rescue Apatia.""","«Мы с Апатией устроили засаду на караван крайтов, перевозивший их загадочную сферу. Мне удалось победить крайтов и вернуть сферу, но Апатия была схвачена и унесена. И сфера, и я нужны обратно в Форт Тринити, поэтому я поклялся вернуться и спасти Апатию»."
"""Apatia and I tracked down Sayeh al 'Rajihd, the largos we'd been told about. Sayeh gave us a challenge to prove we were worth her time, which we met. She then told us what she knew about the orb. Its origins, purpose, and true power are still a mystery, but we did learn where it will be, so Apatia and I set out to claim it for the Pact.""","«Мы с Апатией выследили Сайе аль 'Раджида, ларгоса, о котором нам рассказывали. Сайе поставила перед нами задачу доказать, что мы стоим её времени, с чем мы и встретились. Затем она рассказала нам все, что знала о шаре. Его происхождение, цель и истинная сила до сих пор остаются загадкой, но мы узнали, где он будет, поэтому мы с Апатией решили заявить права на него для Пакта»."
"""Apatia fell in battle, but she will not be forgotten. As a norn, she deserves to have the skaalds of Hoelbrak sing of her legend.""","«Апатия пала в бою, но она не будет забыта. Как норн, она заслуживает того, чтобы скаальды Хоэлбрака воспевали её легенду»."
"""Apatia was recaptured before you escaped with the krait orb. Now that the orb and Fort Trinity are secure, it's time to do right by your partner.""","«Апатия была отбита до того, как вы сбежали с крайт-сферой. Теперь, когда сфера и форт Тринити в безопасности, пришло время поступить правильно со своим партнером»."
"""Aphorisms of Joko, the Eternal Monarch of All""","«Афоризмы Джоко, Вечного монарха всего»"
"""Apologies, Centurion! We're here now. Gear warband is ready, our chugger is primed and operational, and I've recruited this norn to—""","«Извиняюсь, Центурион! Мы уже здесь. Отряд снаряжения готов, наш чаггер заряжен и готов к работе, и я завербовал этого норна, чтобы…»"
"""Apologies, most revered Saint Viktor of zu Heltzer.""","«Извиняюсь, почитаемый святой Виктор из цу-Хельцера»."
"""Apologies, woodland—creatures.""","«Извините, лесные существа»."
"""Apparently, Waine used to fight at the proper gladiator ring inside the city, but was blacklisted for excessive violence.""","«Судя по всему, Уэйн раньше дрался на гладиаторском ринге в городе, но был занесен в чёрный список за чрезмерное насилие»."
"""Apparently, the mixture affects memory. Bye.""","«Видимо, смесь влияет на память. Пока»."
"""Apparently, those bombs were further along than I thought. I went ahead and packaged some up in a more stable casing. Would you like to buy some?""","«Очевидно, эти бомбы продвинулись дальше, чем я думал. Я пошёл дальше и упаковал некоторые в более устойчивый корпус. Хотите купить?»"
"""Apple pie, I said. What? I'm hungry!""","«Яблочный пирог, — сказал я. Что? Я голоден!»"
"""Apples! Apples for sale, come get a nice quiet apple! Psst! They're so quiet, you might say they're whispering!""","«Яблоки! Яблоки на продажу, приходите за красивым тихим яблоком! Псст! Они такие тихие, можно сказать, шепчут!»"
"""Apples, not pears! Here's, not there's! Come buy an apple?""","«Яблоки, а не груши! Вот, а не там! Приходите купить яблоко?»"
"""Applies aegis and swiftness, while removing conditions.""","«Применяет эгиду и быстроту, снимая состояния»."
"""Applies poison, cripple, and weakness to nearby foes.""","«Применяет яд, калечит и ослабляет ближайших противников»."
"""Applies regeneration and protection, and significantly reduces incoming damage.""","«Применяет регенерацию и защиту, а также значительно снижает входящий урон»."
"""Applies the Overload special action skill after building ten charges, which converts all Arcane Sparks to Overload Charges.""","«Применяет навык специального действия «Перегрузка» после создания десяти зарядов, который преобразует все чародейские искры в заряды «Перегрузки»."
"""Applies the Overload special action skill when fully charged, which grants +100%% chance of extra gathering strikes while charges are available. Gather from resource nodes to build charges. Harvesting nodes consume additional charges.""","«При полной зарядке применяет навык специального действия «Перегрузка», который даёт 100%% шанс на дополнительные удары по сбору, пока доступны заряды. Собирайте из узлов ресурсов, чтобы создавать заряды. Узлы сбора потребляют дополнительные заряды»."
"""Apply boons and healing, encouraging your allies. Rallies downed players.""","«Применяйте дары и исцеление, подбадривая своих союзников. Ободрение сбивает игроков»."
"""Apply camouflage when you are disabled (stun, daze, knockback, pull, knockdown, sink, float, fear, or launch).""","«Применяйте камуфляж, когда вы обездвижены (оглушение, ошеломление, отбрасывание, притягивание, сбивание с ног, погружение, плавание, страх или запуск)»."
"""Apply protection to you and your allies, then increase the duration of all boons currently existing on you and your allies. Gain magnetic aura.""","«Примените защиту к себе и вашим союзникам, а затем увеличьте продолжительность всех даров, действующих на вас и ваших союзников. Получите магнитную ауру»."
"""Appreciated, visitor. Make yourself at home here.""","«Признателен, гость. Чувствуйте себя здесь как дома»."
"""Approach the hero statue, and encourage it to move by using an emote.""","«Подойдите к статуе героя и побудите её двигаться, используя эмоцию»."
"""Approving an upgrade costs gold, favor, and aetherium.""","«Одобрение обновления стоит золота, благосклонности и эфириума»."
"""Arborstone is now a fully realized, globalized hub with gateways opening up trade and travel beyond the borders of Cantha.<br><br>Increased the resting experience enhancement from Arborstone Inn by 5%%.""","«Теперь Арборстоун представляет собой полностью реализованный глобальный центр с воротами, открывающими возможности для торговли и путешествий за пределы Канты.<br><br>Увеличено улучшение опыта отдыха в гостинице Арборстоун на 5%%»."
"""Arc your hammer, creating a ring of jagged rock to damage your enemies.""","«Изогните молот, создавая кольцо из зазубренных камней и нанося урон врагам»."
"""Arcallion's Den home! Dangers though. Dangers to shinies! Shinies safe, home safe.""","«Дом в Логове Аркаллиона! Однако есть опасности. Опасности для блестящих! Светлячки в безопасности, дом в безопасности»."
"""Archaeology is like solving puzzles. Who owned this item, and what was it used for?""",«Археология похожа на решение головоломок. Кому принадлежал этот предмет и для чего он использовался?»
"""Archemorus, champion of the Luxons. Along with the Kurzick champion and the assassin Vizu, he slew the Betrayer, Shiro Tagachi, though it cost him his life.""","«Арчеморус, чемпион Люксонов. Вместе с чемпионом Курзиком и убийцей Визу он убил Предателя Сиро Тагачи, хотя это стоило ему жизни»."
"""Archers, fire!""","«Лучники, огонь!»"
"""Are people who already have too much power the only ones who want it? Why do they think they need more? This can't be fixed with weapons or magic, it's just...it's just adults panicking or having tantrums.""","«Неужели люди, у которых уже слишком много силы, единственные, кто этого хочет? Почему они думают, что им нужно больше? Это невозможно исправить оружием или магией, это просто… это просто взрослые паникуют или впадают в истерики»."
"""Are they looking for their """"shinies"""" or just eating trash off the floor again?""",«Они ищут своих «блестящих» или просто снова едят мусор с пола?»
"""Are they monsters? Fueled by evil? No—for most, it's fear.""","«Они монстры? Подпитываемые злом? Нет, для большинства это страх»."
"""Are we glad to see you! Never seen a flood of Orrians like that, and I've been doing this for years.""","«Мы рады вас видеть! Никогда не видел такого потока оррианцев, а я занимаюсь этим уже много лет»."
"""Are you all just gonna sit around? We need to root out the Stone Summit, now!""","«Вы все будете сидеть сложа руки? Нам нужно искоренить Каменную Вершину, немедленно!»"
"""Are you all right, scholar? Are you injured?""","— С вами все в порядке, ученый? Вы ранены?"
"""Are you another """"inventor""""? It seems this party is swimming in them!""","""Ты очередной ""изобретатель""""? Кажется, эта партия в них плавает!"""
"""Are you even trying? That's not right at all! Fine, next question. Eir's a famous ranger, but she's also an artist! What sort of art does she do?""","«Ты вообще пытаешься? Это совсем неправильно! Хорошо, следующий вопрос. Эйр — известный рейнджер, но она ещё и художница! Каким искусством она занимается?»"
"""Are you from Kessex? No, probably not. I have friends there. I'm considering going back. Overlake was such a booming little town, and then the rockslides blocked off the trade.""","«Вы из Кессекса? Нет, наверное, нет. У меня там есть друзья. Я подумываю о возвращении. Оверлейк был таким процветающим городком, а потом оползни заблокировали торговлю»."
"""Are you interested in some work, %str2%?""","""Вы заинтересованы в какой-нибудь работе, %str2%?"""
"""Are you joking, friend? That was a grand fight. The skaalds will be talking it for months!""","«Ты шутишь, друг? Это была грандиозная битва. Скаальды будут говорить об этом месяцами!»"
"""Are you kidding me? Pit a fully integrated golem against any ettin, and the ettin is...""","«Ты шутишь? Поставь полностью интегрированного голема против любого эттина, и эттин…»"
"""Are you kidding? No! Whenever we kids got a bit wild, my parents would drop us off in the forest with no weapons and give us three days to find our way home alive.""","«Ты шутишь? Нет! Когда мы, дети, начинали немного буйствовать, мои родители высаживали нас в лесу без оружия и давали нам три дня, чтобы найти дорогу домой живыми»."
"""Are you looking at my photon forge? Nice, isn't it? You've got an eye for quality technology. Ever met a holosmith before?""","«Вы смотрите на мою фотонную кузницу? Красиво, не правда ли? У вас есть глаз на качественные технологии. Вы когда-нибудь встречали голокузнеца раньше?»"
"""Are you lost, Commander?""","— Вы заблудились, командир?"
"""Are you okay, Zojja?""","— С тобой все в порядке, Зоджа?"
"""Are you ready to head out, Commander? There's no time to lose!""","«Вы готовы отправиться в путь, командир? Времени терять нельзя!»"
"""Are you stalling? The only other thing I'll say is that you break the nests and pick up the eggs. Oh, and if you keep the females occupied longer, you'll get more eggs.""","«Вы медлите? Единственное, что я скажу, это то, что вы разбиваете гнезда и собираете яйца. Да, и если вы будете держать самок занятыми дольше, вы получите больше яиц»."
"""Are you sure you want to join this team? Once placed on a team, you will automatically be placed on a team during the next matchmaking.""","«Вы уверены, что хотите присоединиться к этой команде? После того, как вас поместили в команду, вы автоматически попадете в команду при следующем подборе игроков»."
"""Are you sure? If you enter the portal, you may not be able to return to this area.""","«Вы уверены? Если вы войдёте в портал, возможно, вы не сможете вернуться в эту область»."
"""Are you sure? You will not receive the crafted item, only the results of salvaging it with a research kit.""","«Вы уверены? Вы не получите созданный предмет, а только результаты его сбора с помощью исследовательского набора»."
"""Aren't you from Divinity's Reach? You're Captain Thackeray's friend, right? Marjory Delaqua and Lady Kasmeer Meade, also from back home, are waiting for us. Say the word and I'll take you.""","«Разве вы не из Divinity's Reach? Вы друг капитана Теккерея, верно? Марджори Делакуа и леди Касмир Мид, тоже из дома, ждут нас. Скажите слово, и я вас отвезу»."
"""ArenaNet Core Test Bank, LLC""",О-О-О «АренаНет Базовый Тестовый Банк»
"""ArenaNet is supporting Children's Miracle Network during this year's Extra Life gaming marathon, and we want to thank everyone for being part of our community during this event! Join us now at www.extra-life.org/arenanet to be a part of Extra Life!""","«ArenaNet поддерживает Children's Miracle Network во время игрового марафона Extra Life в этом году, и мы хотим поблагодарить всех за участие в нашем сообществе во время этого мероприятия! Присоединяйтесь к нам сейчас на www.extra-life.org/arenanet, чтобы стать частью Extra Life!»"
"""Argh, shut it off!""","— А-а-а, выключи это!"
"""Argus Foolkiller's legacy. Diessa chalices are treasures of the ancient Kingdom of Ascalon, from before the Searing.""","«Наследие Аргуса Убийцы дураков. Чаши Диссы — это сокровища древнего королевства Аскалон, существовавшие до Сжигания»."
"""Argus Foolkiller's letter said his warband—the Killer warband—hid a key in a chest in Windrock Maze. The submerged chest has a combination lock, so you'll have to find the code.""","«В письме Аргуса Убийцы Дураков говорилось, что его отряд — отряд Убийц — спрятал ключ в сундуке в Лабиринте Виндрока. В затопленном сундуке есть кодовый замок, так что вам придётся найти код»."
"""Arias's garden is much cleaner, now. Good job!""",«Теперь в саду Ариаса стало намного чище. Молодец!»
"""Arina, Ramses. Fire away.""","«Арина, Рамзес. Стреляйте»."
"""Arise, minion.""","«Вставай, миньон»."
"""Arise, my brainless, arise!""","«Встань, мой безмозглый, встань!»"
"""Arise, my creation.""","«Восстань, мое творение»."
"""Arlon and I successfully raided the Dengatl hylek. We discovered that they've been working with the Ogotl, a mystic tribe who have dire plans for the zalisco extract. I don't know what the Eye of the Sun is...but I'm betting it's not good.""","«Мы с Арлоном успешно совершили набег на хилек Денгатль. Мы обнаружили, что они сотрудничают с Оготлями, мистическим племенем, у которого есть ужасные планы относительно экстракта Залиско. Я не знаю, что такое Око Солнца... но держу пари, что это нехорошо»."
"""Arlon and Pellam are two argumentative sylvari, grown in the same seedpod. Trahearne warned you to be careful, but exactly how bad could these twins be?""","«Арлон и Пеллам — два спорных сильвари, выращенные в одном семенном коробочке. Трэхирн предупреждал вас, чтобы вы были осторожны, но насколько плохими могут быть эти близнецы?»"
"""Arlon's right. The only way to deal with the Dengatl is to meet them head-on in their own territory. Once you've taken control of their encampment, the poison should be easy to find.""","«Арлон прав. Единственный способ справиться с Денгатлами — встретиться с ними лицом к лицу на их собственной территории. Как только вы возьмете под контроль их лагерь, яд будет легко найти»."
"""Armadillo, Armordillo, Armodillo, Armodilo, Armadilo, Armardilo, Pangalin, Pangolan, Pangalan""","«Армадилло, Армордильо, Армодилло, Армодило, Армадило, Армардило, Пангалин, Панголан, Пангалан»"
"""Around here, few of our allies have begun utilizing tech from the Tyrian Alliance to power turrets in defense of our base.""",«Здесь немногие из наших союзников начали использовать технологии Тирианского Альянса для питания турелей для защиты нашей базы».
"""Around the sanctuary, you'll find shrines to Koda, our Sire. Find them and commune with Koda. You'll find kinder eyes upon you if you do.""","«Вокруг святилища вы найдёте святыни Коды, нашего сира. Найдите их и пообщайтесь с Кодой. Если вы это сделаете, на вас будут смотреть добрее»."
"""Arr, have ye come for yer issue of the finest seafarin' weaponry and apparel?""","«Арр, вы пришли за лучшим морским оружием и одеждой?»"
"""Arriving parties with preinspected corpses, proceed up the stairs to your left for preferred processing.""",«Прибывающие группы с предварительно осмотренными трупами поднимитесь по лестнице слева для предпочтительной обработки».
"""Art of War gives the guild combat benefits, World vs. World bonuses, and PvP reward boosts.""","«Искусство войны даёт гильдии боевые преимущества, бонусы World vs. World и повышение наград в PvP»."
"""As Above, So Below""","«Как вверху, так и внизу»"
"""As Cantha recovers in the wake of the dragon cycle's end, Gorrik, Rama, and Yao take on a mind-altering investigation into power and treachery at a Jade Brotherhood mining operation.""","«Пока Канта приходит в себя после окончания драконьего цикла, Горрик, Рама и Яо берутся за изменяющее сознание расследование власти и предательства на горнодобывающей операции Нефритового Братства»."
"""As Dragon Bash concludes, Aetherblade bases have been found in Lion's Arch and in Gendarran Fields.""","«Как заключает Dragon Bash, базы Эфирного Клинка были найдены в Львиной Арке и на Гендарранских полях»."
"""As I feared, the water's toxic.""","«Как я и боялся, вода токсична»."
"""As I feared. I cannot blame them for being wary of an untested general. In time, Zhaitan will give me the chance to prove myself. I simply hope they don't lose faith in me before then.""","«Как я и боялся. Я не могу винить их за то, что они опасаются непроверенного генерала. Со временем Зайтан даст мне шанс проявить себя. Я просто надеюсь, что они не потеряют в меня веру до этого»."
"""As I met with Caithe and the leader of my cycle, there was a disturbance in the Grove. Strangely enough, it was a sylvari dressed in green armor, much as I had seen in my Dream! I must investigate, and discover what it is I am meant to do.""","«Когда я встретился с Кейт и лидером моего цикла, в Роще произошло беспокойство. Как ни странно, это была сильвари, одетая в зелёную броню, очень похожую на то, что я видел во сне! Я должен провести расследование и выяснить, что мне предстоит сделать»."
"""As I said, one thing at a time. Why don't we get out of here first?""","«Как я уже сказал, по одному. Почему бы нам сначала не уйти отсюда?»"
"""As I serve the Vigil, will I be reporting to Efut?""","«Поскольку я служу Бдению, буду ли я отчитываться перед Эфутом?»"
"""As I went deeper into the vision, I saw Bangar's movements firsthand through the eyes of Ryland Steelcatcher. Bangar and Ryland attempted to find a shortcut through the Darkrime Delves, but encountered resistance—and Almorra Soulkeeper—along the way.""","«По мере того, как я углублялся в видение, я видел движения Бангара воочию глазами Райланда Сталелова. Бангар и Райланд попытались найти короткий путь через Подземелья Тёмного Края, но на своем пути столкнулись с сопротивлением — и Альморрской Хранительницей Душ»."
"""As Lionguard, it's our duty to defend the trade roads to and from Lion's Arch. That's made somewhat difficult when one of our fortress havens is under constant attack by the Sons of Svanir. We've been so busy going on the offensive against Jormag's worshippers that we barely noticed the charr setting up operations in this territory.""","«Как Львиная стража, мы обязаны защищать торговые пути, ведущие к Львиной Арке и обратно. Это несколько усложняется, когда одно из наших убежищ-крепостей подвергается постоянным атакам Сынов Сванира. Мы были так заняты наступлением на прихожан Йормага, что едва заметили, как чарры проводят операции на этой территории»."
"""As Thornbloom guides us, so must we guide this stranded beast! I will require driftwood with which to build rollers.""","«Как Торнблум ведёт нас, так и мы должны вести этого застрявшего зверя! Мне понадобятся коряги, из которых можно построить катки»."
"""As Tyria prepares for war with another Elder Dragon, the search for information becomes paramount. The arcane secrets stashed inside the depths of the Durmand Priory shed some light on your mysterious vision, and also give hope for the future.""","«Пока Тирия готовится к войне с другим Старшим Драконом, поиск информации становится первостепенным. Тайные тайны, спрятанные в глубинах Приората Дурманд, проливают некоторый свет на ваше загадочное видение, а также дают надежду на будущее»."
"""As Warriors gain adrenaline, they deal more damage. It's pretty sweet, huh?""","«По мере того, как воины получают адреналин, они наносят больше урона. Это довольно мило, да?»"
"""As Zhaitan's influence grew, the Vigil raced to the site of Kryta's greatest maritime tragedy on an improbable mission. The HMS Divinity's long-dead crew—shackled to their ship as it sank—were all recovered.""","«По мере того как влияние Зайтана росло, «Бдение» устремилось к месту величайшей морской трагедии Крайты с невероятной миссией. Весь давно погибший экипаж HMS Divinity, прикованный к затонувшему кораблю, был восстановлен»."
"""As a bladesworn, complete the End of Dragons storyline or the Battle for the Jade Sea meta-event.""","«Как служитель клинка, завершите сюжетную линию «Конец драконов» или мета-событие «Битва за Нефритовое море»."
"""As a catalyst, complete the End of Dragons storyline or the Battle for the Jade Sea meta-event.""",«В качестве катализатора завершите сюжетную линию «Конец драконов» или мета-событие «Битва за Нефритовое море».
"""As a dolphin, you evaded capture by the krait while swimming through the Aquatic Ruins fractal.""","«Как дельфин, вы избежали захвата крайтами, плавая через фрактал Водных руин»."
"""As a favor to his friend Knut Whitebear, a charr named Balteus Bloodletter has agreed to oversee the semifinal match-ups in the Big Brawl. Balteus is well versed in the fine art of staging pit and arena fights, and this year's contest is open to all comers from every race. This will definitely be a Big Brawl to remember.""","«В качестве услуги своему другу Кнуту Белому Медведю, чарр по имени Балтеус Бладлеттер согласился наблюдать за полуфинальными поединками в Большой Потасовке. Балтеус хорошо разбирается в тонком искусстве организации боев в ямах и на арене, и в этом году состязание открыто для всех желающих любой расы. Это определенно будет Большая Потасовка, которую запомнят»."
"""As a gladiator in the Bane, I won a %str1%""",«Как гладиатор в Бэйне я выиграл %str1%»
"""As a guardian, complete the Ministry of Security story instance or strike.""","«Как страж, завершите сюжетный инстанс Министерства безопасности или нанесите удар»."
"""As a guardian, complete the New Kaineng City map meta-event.""","«Как страж, завершите мета-событие на карте Нового Кайненга»."
"""As a guardian, complete the Seitung Province meta-event.""","«Как страж, завершите мета-событие провинции Сейтунг»."
"""As a guardian, defeat any of the Purist leaders (Akma, Gakkai, Jo Da, Mal-Chin, Mun-Hee, Ryeo, Sarin, or Sonsang) in the ruins of Old Kaineng within New Kaineng City.""","«В качестве стража победите любого из лидеров пуристов (Акма, Гаккай, Джо Да, Мал-Чин, Мун-Хи, Рё, Сарин или Сонсанг) в руинах Старого Кайненга в городе Новый Кайненг»."
"""As a guardian, use a Mystic Coin in the wishing well in the Garden of Seborhin, in the Domain of Vabbi.""",«В качестве стража используйте Мистическую монету в колодце желаний в саду Себорхина во владениях Вабби».
"""As a harbinger, complete the End of Dragons storyline or the Battle for the Jade Sea meta-event.""",«В качестве предвестника завершите сюжетную линию «Конец драконов» или мета-событие «Битва за Нефритовое море».
"""As a matter of fact, I did. What of it?""","«На самом деле, я так и сделал. И что из этого?»"
"""As a mechanist, complete the End of Dragons storyline or the Battle for the Jade Sea meta-event.""","«Как механист, завершите сюжетную линию «Конец драконов» или мета-событие «Битва за Нефритовое море»."
"""As a mesmer, complete the Dragon's End meta-event.""","«Как месмер, завершите мета-событие «Конец Дракона»."
"""As a mesmer, complete the Mai Trin story instance or strike.""","«Как месмер, завершите сюжетный инстанс Май Трин или нанесите удар»."
"""As a mesmer, complete the Seitung Province meta-event.""","«Как месмер, завершите мета-событие провинции Сейтунг»."
"""As a mesmer, defeat a Void Champion at a shipwreck in Dragon's End.""","«Как месмер, победите Чемпиона Бездны во время кораблекрушения в Крае Дракона»."
"""As a mesmer, use a Mystic Coin in the wishing well in the Garden of Seborhin, in the Domain of Vabbi.""",«В качестве месмера используйте Мистическую монету в колодце желаний в саду Себорхина во владениях Вабби».
"""As a necromancer, complete the Echovald Wilds meta-event.""","«Как некромант, завершите мета-событие Эховальдские джунгли»."
"""As a necromancer, complete the Ministry of Security story instance or strike.""","«Как некромант, завершите сюжетный инстанс Министерства безопасности или нанесите удар»."
"""As a necromancer, complete the New Kaineng City meta-event.""","«Как некромант, завершите мета-событие в Новом Кайненг-Сити»."
"""As a necromancer, defeat a Jade Maw near Dragon's End.""","«Будучи некромантом, победите Нефритовую пасть возле Края Дракона»."
"""As a necromancer, use a Mystic Coin in the wishing well in the Garden of Seborhin, in the Domain of Vabbi.""","«Как некромант, используйте Мистическую монету в колодце желаний в саду Себорхина во владениях Вабби»."
"""As a ranger, complete the Ankka story instance or strike.""","«Как рейнджер, завершите сюжетный инстанс Анкки или нанесите удар»."
"""As a ranger, complete the Echovald Wilds meta-event.""","«Как рейнджер, завершите мета-событие Эховальдские джунгли»."
"""As a ranger, complete the Seitung Province meta-event.""","«Как рейнджер, завершите мета-событие провинции Сейтунг»."
"""As a ranger, use a Mystic Coin in the wishing well in the Garden of Seborhin, in the Domain of Vabbi.""","«Как рейнджер, используйте Мистическую монету в колодце желаний в саду Себорхина во владениях Вабби»."
"""As a revenant, complete the Dragon's End meta-event.""","«Как ревенант, завершите метасобытие «Конец Дракона»."
"""As a revenant, complete the Echovald Wilds meta-event.""","«Как ревенант, завершите мета-событие Эховальдские джунгли»."
"""As a revenant, complete the Mai Trin story instance or strike.""","«Как ревенант, завершите сюжетный инстанс Май Трин или нанесите удар»."
"""As a revenant, defeat the champion at the shrine of Hanuku in Dragon's End.""","«Как ревенант, победите чемпиона в святилище Хануку в Крае Дракона»."
"""As a revenant, use a Mystic Coin in the wishing well in the Garden of Seborhin, in the Domain of Vabbi.""",«В качестве ревенанта используйте Мистическую монету в колодце желаний в саду Себорхина во владениях Вабби».
"""As a specter, complete the End of Dragons storyline or the Battle for the Jade Sea meta-event.""",«В роли призрака завершите сюжетную линию «Конец драконов» или мета-событие «Битва за Нефритовое море».
"""As a sylvari-only unit, we can monitor and protect ourselves from threats both internal and external.""","«Как подразделение, предназначенное только для сильвари, мы можем контролировать и защищать себя от угроз, как внутренних, так и внешних»."
"""As a symbol of my dedication, I wear ______.""",«В знак моей преданности делу я ношу ______».
"""As a thief, complete the New Kaineng City meta-event.""","«Как вор, завершите мета-событие в Новом Кайнен-Сити»."
"""As a thief, complete the Seitung Province meta-event.""","«Как вор, завершите мета-событие провинции Сейтунг»."
"""As a thief, defeat Ankka in in the End of Dragons story or raid encounter.""","«Как вор, победите Анкку в истории или рейде «Конец драконов»."
"""As a thief, defeat the Jade Maw in Dragon's End.""","«Как вор, победите Нефритовую пасть в Крае Дракона»."
"""As a thief, earn map completion in Seitung Province.""","«Как вор, заработайте завершение карты в провинции Сейтунг»."
"""As a thief, use a Mystic Coin in the wishing well in the Garden of Seborhin in the Domain of Vabbi.""","«Как вор, используйте Мистическую монету в колодце желаний в саду Себорхина во владениях Вабби»."
"""As a vindicator, complete the End of Dragons storyline or the Battle for the Jade Sea meta-event.""",«В качестве воздаятеля завершите сюжетную линию «Конец драконов» или мета-событие «Битва за Нефритовое море».
"""As a virtuoso, complete the End of Dragons storyline or the Battle for the Jade Sea meta-event.""","«Как виртуоз, завершите сюжетную линию «Конец драконов» или мета-событие «Битва за Нефритовое море»."
"""As a warrior, complete the Echovald Wilds meta-event.""","«Как воин, завершите мета-событие Echovald Wilds»."
"""As a warrior, complete the Ministry of Security story instance or strike.""","«Как воин, завершите сюжетный инстанс Министерства безопасности или нанесите удар»."
"""As a warrior, complete the New Kaineng City meta-event.""","«Как воин, завершите мета-событие в Новом Кайненге»."
"""As a warrior, defeat a leviathan in Seitung Province.""","«Как воин, победите левиафана в провинции Сейтунг»."
"""As a warrior, use a Mystic Coin in the wishing well in the Garden of Seborhin in the Domain of Vabbi.""","«Как воин, используйте Мистическую монету в колодце желаний в саду Себорхина во владениях Вабби»."
"""As a willbender, complete the End of Dragons storyline or the Battle for the Jade Sea meta-event.""","«Как подчинитель воли, завершите сюжетную линию «Конец драконов» или мета-событие «Битва за Нефритовое море»."
"""As an Extra Life donor, return to Lion's Arch after the community reaches this year's goal.""","«В качестве донора Extra Life вернитесь в Lion's Arch после того, как сообщество достигнет цели этого года»."
"""As an elementalist, complete the Mai Trin story instance or strike.""","«Как элементалист, завершите сюжетный инстанс Май Трин или нанесите удар»."
"""As an elementalist, complete the New Kaineng City map meta-event.""","«Как элементалист, завершите мета-событие на карте Нового Кайненга»."
"""As an elementalist, complete the Seitung Province meta-event.""","«Как элементалист, завершите метасобытие провинции Сейтунг»."
"""As an elementalist, defeat the spider boss in Zen Daijun.""","«Как элементалист, победите босса-паука в Дзен Дайджун»."
"""As an elementalist, use a Mystic Coin in the wishing well in the Garden of Seborhin in the Domain of Vabbi.""","«Как элементалист, используйте Мистическую монету в колодце желаний в саду Себорхина во владениях Вабби»."
"""As an engineer, complete the Ankka story instance or strike.""","«Как инженер, завершите сюжетный инстанс Анкка или нанесите удар»."
"""As an engineer, complete the Echovald Wilds meta-event.""","«Как инженер, завершите мета-событие Echovald Wilds»."
"""As an engineer, complete the New Kaineng City map meta-event.""","«Как инженер, завершите мета-событие на карте Нового Кайненга»."
"""As an engineer, defeat the Void-Touched Junkyard Guardian in the Echovald Wilds.""","«Как инженер, победите тронутого Бездной стража свалки в Эховальдских дебрях»."
"""As an engineer, earn map completion in Seitung Province.""","«Как инженер, заработайте завершение карты в провинции Сейтунг»."
"""As an engineer, use a Mystic Coin in the wishing well in the Garden of Seborhin, in the Domain of Vabbi.""","«Как инженер, используйте Мистическую монету в колодце желаний в саду Себорхина во владениях Вабби»."
"""As an untamed, complete the End of Dragons storyline or the Battle for the Jade Sea meta-event.""","«Как дикий, завершите сюжетную линию «Конец драконов» или мета-событие «Битва за Нефритовое море»."
"""As an untamed, defeat a Champion Warden in Echovald Wilds.""","«Будучи неприрученным, победите чемпиона-хранителя в джунглях Эховальда»."
"""As autumn dawns, so does the harvest, when we dine to our hearts' content.""","«Как рассветает осень, так и урожай, когда мы обедаем в свое удовольствие»."
"""As far as I know, no one's seen him anywhere in years.""","«Насколько мне известно, никто и нигде его не видел уже много лет»."
"""As far as I know, we've always hated centaurs. And I'm still not sure about the charr.""","«Насколько я знаю, мы всегда ненавидели кентавров. И я до сих пор не уверен насчет чарр»."
"""As far as you know...hah! Well, I must be off.""","«Насколько ты знаешь... ха! Что ж, мне пора идти»."
"""As for you, Initiate, we're promoting you to full agent, and permanently assigning you and Tybalt as partners. Congratulations.""","«Что касается тебя, Посвященный, мы повышаем тебя до статуса полноправного агента и навсегда назначаем тебя и Тибальта партнерами. Поздравляю»."
"""As have I. You know this! But while Lady Peitha's loyalty to Nephus is known, I cannot forget our king is her family.""","«Как и я. Ты это знаешь! Но хотя преданность леди Пейты Нефусу известна, я не могу забывать, что наш король — её семья»."
"""As hope failed, an Orrian named Vizier Khilbron read the Lost Scrolls and unleashed an ancient curse.""","«Когда надежда рухнула, оррианец по имени Визирь Хилброн прочитал Утерянные свитки и наложил на себя древнее проклятие»."
"""As long as Jormag is connected to the power of a champion and the Frozen, they will keep Primordus cowed.""","«Пока Йормаг связан с силой чемпиона и Ледяного сердца, они будут держать Примордуса в страхе»."
"""As long as a lord is in combat, or as long as team scores are identical, overtime will continue.""","«Пока лорд находится в бою или пока командные результаты одинаковы, сверхурочная работа будет продолжаться»."
"""As long as team scores are identical, overtime will continue.""","«Пока результаты команд одинаковы, овертайм будет продолжаться»."
"""As long as the Canthan people stand, so will Kaineng.""","«Пока народ Кантана выстоит, будет стоять и Кайненг»."
"""As long as they keep Balthazar at bay, they can stay as long as they like.""","«Пока они сдерживают Бальтазара, они могут оставаться там столько, сколько захотят»."
"""As long as we do something now to prevent more loss of life. What say you, Slayer? Steal the weapon, or destroy it?""","«Пока мы сейчас сделаем что-нибудь, чтобы предотвратить новые человеческие жертвы. Что скажешь, Истребитель? Украсть оружие или уничтожить его?»"
