english,translate
"""For every 10 stacks of calibrated essence you are carrying, your warclaw receives a 10%% speed boost; maximum 50%%.""","«За каждые 10 стопок калиброванной эссенции, которую вы носите, ваш боевой когть получает повышение скорости на 10%%; максимум 50%%»."
"""For example, I specialize in Searing crystals. The magic used in that event predates the titans. It could be valuable in the fight against the dragons.""","«Например, я специализируюсь на сжигании кристаллов. Магия, используемая в этом событии, возникла ещё до титанов. Она может оказаться ценной в борьбе с драконами»."
"""For example, do the miners really need three entirely separate meal breaks? Why not eat everything at once?""","«Например, действительно ли шахтерам нужны три совершенно отдельных перерыва на еду? Почему бы не съесть все сразу?»"
"""For his crimes, Vallus has been sentenced to a painful and humiliating execution in the Bane. I think he deserves better, and after I spoke with him and Emer in the stockade, I decided to intervene.""","«За свои преступления Валлус был приговорен к мучительной и унизительной казни в Бэйне. Я думаю, он заслуживает лучшего, и после того, как я поговорил с ним и Эмер в частоколе, я решил вмешаться»."
"""For his people. And for you, Waine. He stayed to give you a head start from Mazdak. The lich would have chased you down to get Caladbolg. That's why Riannoc died.""","«Для своего народа. И для тебя, Уэйн. Он остался, чтобы дать тебе преимущество перед Маздаком. Лич преследовал бы тебя, чтобы заполучить Каладболг. Вот почему Рианнок умер»."
"""For hundreds of years we have hidden in plain sight, living in your cities, manipulating your politics.""","«Сотни лет мы прятались на виду, живя в ваших городах и манипулируя вашей политикой»."
"""For life inevitably yields the stage to death, as the day to the night, as the river to the sea.""","«Ибо жизнь неизбежно уступает место смерти, как день — ночи, как река — морю»."
"""For many Ascension seekers, the end of their journey was not what they expected.""","«Для многих искателей Вознесения конец их путешествия оказался не таким, как они ожидали»."
"""For my first duty as a Durmand Priory novice, I helped Scholar Krasso stage a conference to disseminate Gorr's theory. Rakt tried to burn the place down with everyone inside, but we dealt with him...only to have Councillor Flax of the Arcane Council admit that the council knew Gorr's theory was true all along and had been stifling the information until they figured out a way to exploit it. Zojja told me she was heading for Lion's Arch to meet up with an old friend, and since my new Durmand Priory mentor is also waiting in Lion's Arch, I told her I'd look for her there.""","«В качестве своего первого долга в качестве новичка Приората Дурманда я помог ученому Крассо организовать конференцию для распространения теории Горра. Ракт пытался сжечь это место вместе со всеми внутри, но мы разобрались с ним… только для того, чтобы советник Флакс из Тайного совета признал, что совет все это время знал, что теория Горра верна, и скрывал информацию, пока не придумали способ её использовать. Зойджа сказала мне, что направляется к Львиной Арке. встретиться со старой подругой, и поскольку мой новый наставник из Приората Дурманд также ждет в Львиной Арке, я сказал ей, что поищу её там»."
"""For my first duty as an Order of Whispers initiate, I helped Agent Batanga reprogram Rata Sum's Peacemaker golems to broadcast Gorr's theory far and wide. Rakt tried to kill us, but we dealt with him...only to have Councillor Flax of the Arcane Council admit that the council knew Gorr's theory was true all along and had been stifling the information until they figured out a way to exploit it. Zojja told me she was heading for Lion's Arch to meet up with an old friend, and since my new Order of Whispers mentor is also waiting in Lion's Arch, I told her I'd look for her there.""","«В качестве моего первого долга в качестве инициатора Ордена Шепота я помогла агенту Батанге перепрограммировать големов-миротворцев Рата Сума, чтобы они широко распространили теорию Горра. Ракт пытался убить нас, но мы разобрались с ним… только для того, чтобы советник Флакс из Тайного совета признал, что совет все это время знал, что теория Горра верна, и скрывал информацию, пока не придумали способ её использовать. Зоджа сказала мне, что направлялась к Львиной Арке, чтобы встретиться со старой подругой, и поскольку мой новый наставник из Ордена Шепота также ждет в Львиной Арке, я сказал ей, что поищу её там»."
"""For my first mission as an Order of Whispers initiate, Ifwyn and I distracted the dredge forces long enough to kill Vyacheslav himself. They quickly fell into disarray, and we were able to destroy the Sonic Vaporizer and drive them off. Afterward, I said good-bye to Eir, and Ifwyn sent me to Lion's Arch to meet my new Order of Whispers partner.""","«Для моей первой миссии в качестве посвященного Ордена Шепота Ифвин и я отвлекли силы драгов на время, достаточное для того, чтобы убить самого Вячеслава. Они быстро пришли в замешательство, и мы смогли уничтожить Sonic Vaporizer и прогнать их. После этого я попрощался с Эйр, и Ифвин отправил меня в Львиную Арку, чтобы встретиться с моим новым партнером по Ордену Шепота»."
"""For my first official act as a Vigil recruit, I joined Thurkill in defending the Durmand Priory and Ogden Stonehealer from Vyacheslav's Sonic Vaporizer. We crushed the dredge and destroyed their weapon. Afterward, I said good-bye to Eir, and Thurkill sent me to Lion's Arch to meet my new Vigil partner.""","«Для моего первого официального действия в качестве рекрута Дозора я присоединился к Теркиллу в защите Приората Дурманд и Огдена Каменного Целителя от Звукового Испарителя Вячеслава. Мы разгромили драгу и уничтожили их оружие. После этого я попрощался с Эйр, и Теркилл отправил меня в Львиную Арку, чтобы встретиться с моим новым партнером Дозора»."
"""For my first official mission as a Priory novice, I helped fight off Vyacheslav's forces long enough for Priory scholars to cast a ritual of silence. The ritual prevented the dredge's Sonic Vaporizer from firing. Robbed of their fearsome new weapon, the dredge were no match for the Priory's defenders. Afterward, I said good-bye to Eir, and Prott sent me to Lion's Arch to meet my new Priory partner.""","«Во время моей первой официальной миссии в качестве новичка Приората я помогал отбиваться от сил Вячеслава достаточно долго, чтобы ученые Приората могли провести ритуал молчания. Ритуал предотвратил срабатывание звукового испарителя драга. Лишенные грозного нового оружия, драги не смогли противостоять защитникам Приората. После этого я попрощался с Эйр, и Протт отправил меня в Львиную Арку, чтобы встретиться с моим новым партнером Приората»."
"""For now, I've set up a makeshift lab for experimentation here at the mine. It's humble, but rather quaint, if I do say.""","«На данный момент я создал импровизированную лабораторию для экспериментов здесь, на шахте. Это скромно, но довольно странно, если я так говорю»."
"""For now, at least.""","«По крайней мере, на данный момент»."
"""For now, the ministry is urging everyone to report any and all suspicious activity to your local MinSec office.""",«На данный момент министерство призывает всех сообщать о любой подозрительной деятельности в местное отделение Минбезопасности».
"""For now, the wind whispers down crumbling hallways, speaking secrets to those who dare to listen.""","«А пока ветер шепчет по разрушающимся коридорам, раскрывая секреты тем, кто осмелится слушать»."
"""For once, Ihan's right about something. I'm Hiroki, a Crusader with the Vigil.""","«На этот раз Ихан в чем-то прав. Я Хироки, крестоносец из Дозора»."
"""For one hour, gain an additional 50%% karma each time you earn karma. This does not affect karma gained from consumable items. <c=@Flavor>Proceeds donated to Extra Life!</c>""","«В течение одного часа получайте дополнительно 50%% кармы каждый раз, когда вы зарабатываете карму. Это не влияет на карму, полученную от расходуемых предметов. <c=@Flavor>Доходы передаются в Extra Life!</c>»"
"""For our allies roaming the south of this region, they've taken to researching the bloodstone shards scattered about. It has proven to be more than taxing to complete this task.""","«Наши союзники, бродящие по югу этого региона, занялись исследованием разбросанных повсюду осколков кровавого камня. Выполнение этой задачи оказалось более чем утомительным»."
"""For safety's sake, and to keep our experiments away from prying eyes, Shodd and I took the Infinity Ball to a remote location. Once again, the test results were promising, but also unpredictable and dangerous. The Infinity Ball created an unstable portal from which emerged more hideously twisted creatures. We decided to return to my lab to determine how (and if) we should proceed.""","«В целях безопасности и для того, чтобы скрыть наши эксперименты от посторонних глаз, мы с Шоддом отнесли Шар Бесконечности в отдаленное место. И снова результаты испытаний были многообещающими, но в то же время непредсказуемыми и опасными. Шар Бесконечности создал нестабильный портал, из которого появились ещё более ужасно извращенные существа. Мы решили вернуться в мою лабораторию, чтобы определить, как (и если) нам следует действовать»."
"""For some, there is no happy ending.""",«Для некоторых счастливого конца не существует».
"""For starters, I bashed my head on the pipe and cursed from the pain.""",«Для начала я ударился головой о трубу и выругался от боли».
"""For the Living, Not the Dead""","«Для живых, а не для мёртвых»"
"""For the challenge, I will turn you into a moa so that you can face Pisti as an equal.""","«Чтобы принять вызов, я превращу тебя в моа, чтобы ты мог противостоять Писти как равный»."
"""For the first time in ages, I feel like I've done something positive with my life. Thank you.""","«Впервые за долгое время я чувствую, что сделал что-то хорошее в своей жизни. Спасибо»."
"""For the millionth time, I am Farley Wallin, appointed by both Commander Samuelsson and Queen Jennah to be the human cultural ambassador for Dragon Bash.""","«В миллионный раз я — Фарли Валлин, назначенный коммандером Самуэльссоном и королевой Дженной послом человеческой культуры в Dragon Bash»."
"""For the moment. I used to work with pack animals, training them not to be spooked by gunfire and cannon-fire. But hounds are better. A marmox is useful, but a dog's a comrade.""","«На данный момент. Раньше я работал со вьючными животными, обучая их не пугаться стрельбы и артиллерийского огня. Но гончие лучше. Мармокс полезен, но собака — товарищ»."
"""For the order of Whispers, Doern Velazquez. For the Durmand Priory, Wynnet Fairhaired. Warmaster Efut will organize the Vigil troops.""",«От ордена Шепота — Дорн Веласкес. От Приората Дурманд — Виннет Светловолосая. Магистр войны Эфут организует войска Дежурства».
"""For the record, you've been struck.""",«Для протокола: вас ударили».
"""For the sake of the land. For the sake of the Pale Tree. Come to me, sapling; I need your assistance.""","«Ради земли. Ради Бледного Дерева. Приди ко мне, саженец, мне нужна твоя помощь»."
"""For this ecosystem to flourish, we must prioritize preservation and sustainable hunting practices. Your work here denotes one who sees the value that is innate in your surroundings and those who depend upon it.""","«Чтобы эта экосистема процветала, мы должны уделять приоритетное внимание сохранению и устойчивым методам охоты. Ваша работа здесь означает человека, который видит ценность, присущую вашему окружению, и тем, кто от него зависит»."
"""For this tournament, you are currently associated with %str1%.""",«В этом турнире вы в настоящее время связаны с %str1%».
"""For this year's Friend/Ships celebration, we've partnered with Seize the Awkward to encourage friends to reach out and start a conversation about mental health, particularly if a friend is struggling or going through a tough time. Wear this Seize the Awkward Clothing Outfit to show your support for your friends. Learn how to start a conversation at SeizeTheAwkward.org.""","«В этом году мы сотрудничаем с организацией Seize the Awkward, чтобы побудить друзей связаться и начать разговор о психическом здоровье, особенно если друг борется или переживает трудные времена. Наденьте этот костюм одежды Seize the Awkward, чтобы продемонстрировать свою поддержку своим друзьям. Узнайте, как начать разговор на SeizeTheAwkward.org»."
"""For too long we have remained apart from the world, protective, afraid to engage with others.""","«Слишком долго мы оставались в стороне от мира, защищая себя и боясь взаимодействовать с другими»."
"""For two hundred years, the Priory has stood firm on the foundation of knowledge and exploration.""",«На протяжении двухсот лет Приорат твердо стоял на фундаменте знаний и исследований».
"""For weapons like this, we'll all need to work together, eh?""","«Чтобы создать такое оружие, нам всем придётся работать вместе, а?»"
"""For what, precisely?""",«Для чего именно?»
"""For when you're up for something new, even if it's a little rough.""","«Когда тебе хочется чего-то нового, даже если это немного грубо»."
"""For you fresh troops, we have to take that temple.""","«Для вас, свежие войска, мы должны взять этот храм»."
"""For you, Balthazar.""","«Для тебя, Бальтазар»."
"""For you, Gaheron.""","«Для тебя, Гахерон»."
"""For your safety, only one beast may be challenged at a time. There is no honor in entering a fight you have no hope of winning.""","«Для вашей безопасности одновременно можно бросать вызов только одному зверю. Нет никакой чести вступать в бой, на победу у которого нет надежды»."
"""Forage all 3 seafood resources at each of the three """"Use your skimmer to help gather fresh food..."""" events in Shipwreck Strand.""","«Соберите все три ресурса морепродуктов на каждом из трех событий «Используйте скиммер, чтобы собрать свежие продукты...»» на Берегу кораблекрушений»."
"""Forces the speaker to reboot, preventing it from overloading.""","«Принудительно перезагружает динамик, предотвращая его перегрузку»."
"""Foreground downloading will increase your download speed, but you will no longer be able to play while you wait. Proceed?""","«Загрузка на переднем плане увеличит скорость загрузки, но вы больше не сможете играть, пока ждете. Продолжить?»"
"""Forged are flowing in from the Desolation. They've ransacked the palace, taken over the mines and the foundry, and wiped out many Awakened. We're helpless without them. I hope we can put things in order before the king's return. Praise Joko.""","«Кованые прибывают из Пустоши. Они разграбили дворец, захватили шахты и литейную, уничтожили многих Пробуждённых. Без них мы беспомощны. Надеюсь, мы сможем навести порядок до возвращения короля. Слава Джоко»."
"""Forged to fight Jormag's icebrood, the Stormcaller armaments resist Jormag's influence but become easily corrupted by Primordus's destroyer magic.""","«Вызванные для борьбы с ледяным потомством Йормага, вооружения Призывателя Бури противостоят влиянию Йормага, но легко разрушаются разрушительной магией Примордуса»."
"""Forget Laranthir's rescue mission—we don't even know if there's anybody left to rescue. But the rest of us are right here, right now, and those turret parts will give us a fighting chance.""","«Забудьте о спасательной операции Ларантира — мы даже не знаем, осталось ли кого-нибудь спасти. Но остальные из нас прямо здесь, прямо сейчас, и эти части турелей дадут нам шанс сражаться»."
"""Forget it. The bandits will take whatever you give me, and then some.""","«Забудь об этом. Бандиты заберут все, что ты мне дашь, и ещё немного»."
"""Forget undead! Now, they're re-dead!""",«Забудьте о нежити! Теперь они снова мертвы!»
"""Forgive him, Mother. We were both...too young...""","«Прости его, мама. Мы оба были… слишком молоды…»"
"""Forgive me for not bowing in awe, but I've known many soldiers who'd boast the same. Can't fault you for your enthusiasm, I guess. You've got spirit. Just don't get yourself killed.""","«Простите, что я не кланяюсь в благоговении, но я знал многих солдат, которые могли бы похвастаться тем же. Я думаю, не могу винить вас за ваш энтузиазм. У вас есть дух. Только не позвольте себя убить»."
"""Forgive me, but...is there anyone waiting for you back home in Lion's Arch?""","«Прости меня, но... кто-нибудь ждет тебя дома, в Львиной Арке?»"
"""Forgive the anonymity, but I know you understand. I wrote only to inform you that Inquest are discombulated in the most bobulated way possible. Thanks to you. —Nobody""","«Простите за анонимность, но я знаю, что вы понимаете. Я написал только для того, чтобы сообщить вам, что Следствие сбито с толку самым абсурдным образом. Спасибо вам. — Никто»"
"""Forgive us, King Joko! We want to come home.""","«Прости нас, король Джоко! Мы хотим вернуться домой»."
"""Forgiving isn't one of Minister Caudecus's strengths. We'll need to be sharp, and we'll need to be cautious.""",«Прощение не является одной из сильных сторон министра Каудекуса. Нам нужно быть резкими и осторожными».
"""Forgotten teleporters have been in the Crystal Desert for centuries, aiding adventurers' travel across gaps and steep terrain.""","«Забытые телепорты веками находились в Кристальной пустыне, помогая искателям приключений путешествовать по расщелинам и крутым склонам»."
"""Forktail and I stormed the Abandoned Caverns and stopped Mergath's ritual. I believe Forktail has redeemed himself, and so I will appeal to Rytlock to have my sire's sentence reduced.""","«Вилкохвост и я штурмовали Заброшенные пещеры и остановили ритуал Мергата. Я считаю, что Вилохвост искупил свою вину, и поэтому я призываю Ритлока смягчить приговор моему сиру»."
"""Form a tether through the Mists to a target ally or enemy. The strength of the tether increases over time. You can only be tethered to one target at a time, and the link is severed if you are too far away from your target or when you swap weapons.""","«Сформируйте привязь через Туман к выбранному союзнику или врагу. Прочность привязки увеличивается со временем. Вы можете быть привязаны только к одной цели одновременно, и связь разрывается, если вы находитесь слишком далеко от цели или когда вы меняете оружие»."
"""Form follows function with this blindfold, designed both to cover a revenant's eyes and help punch through the barriers that conceal the unseen.""","«Форма следует за функцией с этой повязкой, предназначенной как для того, чтобы закрыть глаза ревенанта, так и для того, чтобы помочь преодолеть барьеры, скрывающие невидимое»."
"""Form up, team! I'm in crisis!""","«Собирайтесь, команда! У меня кризис!»"
"""Form your arrows into a barrier, and deal damage at the location.""",«Сформируйте из своих стрел барьер и наносите урон в этом месте».
"""Fort Marriner, Lion's Arch""","«Форт Марринер, Львиная арка»"
"""Fort Salma is charged with the forward defense of Queensdale. We have constant skirmishes with the centaurs of the Greyhoof and Wallwatcher camps. At times it seems like this war will never end, but we stay vigilant. Some day, with the help of citizens like you, we will finally crack the centaur offensive and be rid of them for good.""","«Fort Salma отвечает за передовую оборону Квинсдейла. У нас постоянные стычки с кентаврами из лагерей Серого Копыта и Стенных Стражей. Временами кажется, что эта война никогда не закончится, но мы сохраняем бдительность. Когда-нибудь с помощью таких граждан, как вы, мы, наконец, преодолеем наступление кентавров и избавимся от них навсегда»."
"""Fort Trinity shall never fall to Risen. Not as long as the Priory, Vigil, and Order of Whispers stand together.""","«Fort Trinity никогда не падет перед Восставшими. Пока Приорат, Бдение и Орден Шепотов будут вместе»."
"""Fortunately for you, our benevolent lord believes in second chances. I expect significant improvements next time!""","«К счастью для вас, наш великодушный господин верит во второй шанс. В следующий раз я ожидаю значительных улучшений!»"
"""Fortunately, our allies sent help: Agent Zrii from the Order of Whispers, and Crusader Afanen from the Vigil.""","«К счастью, наши союзники прислали помощь: агента Зрии из Ордена Шепота и крестоносца Афанена из Дозора»."
"""Forward, legions! Finish him.""","«Вперёд, легионы! Прикончите его»."
"""Forward, you disposable soldier.""","«Вперёд, одноразовый солдат»."
"""For—every—tree—chopped, please—plant—two.""","«Для каждого дерева, срубленного, пожалуйста, посадите два»."
"""Foul creature! Your entire race will pay! Even now, my champions prepare to invade the surface.""",«Гнусное создание! Вся ваша раса заплатит! Даже сейчас мои чемпионы готовятся вторгнуться на поверхность».
"""Found Renyak's """"Notes""""""","""Нашёл ""Записки Реньяка"""""""
"""Found atop a waterfall above Highjump Ranch's farm, protected by harpies.""","«Найден на вершине водопада над фермой ранчо Хайджамп, под защитой гарпий»."
"""Found by completing the Ooze Pit trials or Demolition Derby in Grothmar Valley, while pledged to Blood.""","«Найден после прохождения испытаний Слизной ямы или Дерби разрушения в долине Гротмар, приняв клятву Крови»."
"""Found in an Exalted chest within the trial rooms of Tarir, the Forgotten City of Auric Basin.""","«Найден в сундуке Возвышенного в испытательных залах Тарира, забытого города Аурического бассейна»."
"""Found in bodies of saltwater all across the world.<br>Fishing Hole: Any, Open Water<br>Favored Bait: Any<br>Time of Day: Any""","«Найден в соленых водоемах по всему миру.<br>Рыболовная яма: Любая, открытая вода<br>Предпочитаемая наживка: Любая<br>Время суток: Любое»"
"""Found in bodies of water all across the world.<br>Fishing Hole: Any, Open Water<br>Favored Bait: Any<br>Time of Day: Any""","«Найден в водоёмах по всему миру.<br>Рыболовная яма: Любая, открытая вода<br>Предпочитаемая наживка: Любая<br>Время суток: Любое»"
"""Found in chests in Janthir Wilds, or purchased from the Trading Post.""",«Найден в сундуках в Джантирских джунглях или куплен на Торговом посту».
"""Found in medium chests of Resilience, Vigilance, or Valor in the Bjora Marches.""","«Находится в средних сундуках стойкости, бдительности или доблести в Марках Бьоры»."
"""Found in the Astralarium and used by the Corsair, Mehdi, to craft his famous tainted grog in the Domain of Istan.""",«Найден в Астраларии и использован корсаром Мехди для изготовления своего знаменитого испорченного грога во владениях Истан».
"""Found in the frozen north, polar bears are adapted to survive in the harshest conditions on Tyria. The most durable of pets, they can shrug off painful blows and weaken foes with their chilling bite. —Acht""","«Полярные медведи, обитающие на замерзшем севере, приспособлены к выживанию в самых суровых условиях Тирии. Самые выносливые из домашних животных, они могут выдерживать болезненные удары и ослаблять врагов своим леденящим укусом. — Ахт»"
"""Found in the outskirts of Champion's Dawn and used by the Corsair, Mehdi, to craft his famous tainted grog in the Domain of Istan.""",«Найден на окраине Рассвета Чемпиона и использован корсаром Мехди для изготовления своего знаменитого испорченного грога во владениях Истан».
"""Found in the waters of Amnytas and Inner Nayos.<br>Fishing Hole: Any, Open Water<br>Favored Bait: Any<br>Time of Day: Any""","«Найден в водах Амнитаса и Внутреннего Найоса.<br>Рыболовная яма: Любая, открытая вода<br>Предпочитаемая наживка: Любая<br>Время суток: Любое»"
"""Found in the waters of Amnytas and Inner Nayos.<br>Fishing Hole: Astral Fish, Spire Fish<br>Favored Bait: Any<br>Time of Day: Any""","«Найден в водах Амнитаса и Внутреннего Найоса.<br>Рыболовная яма: Astral Fish, Шпильная рыба<br>Предпочитаемая наживка: Любая<br>Время суток: Любое»"
"""Found in the waters of Amnytas anywhere, anytime, and found in Inner Nayos. However, it is commonly seen with Spire Fish during dawn and dusk.<br>Fishing Hole: Any, Open Water, Spire Fish (Commonly Spotted)<br>Favored Bait: Any<br>Time of Day: Any (Low Chance), Dusk/Dawn""","«Можно найти в водах Амнитаса где угодно и когда угодно, а также во Внутреннем Найосе. Однако его обычно можно увидеть вместе с шпилевой рыбой на рассвете и в сумерках.<br>Рыболовная яма: любая, открытая вода, шпилевая рыба (обычно встречается)<br>Предпочтительная наживка: любое<br>Время суток: любое (малый шанс), сумерки/рассвет»"
"""Found in the waters of Ascalon.<br>Fishing Hole: Any, Open Water<br>Favored Bait: Any<br>Time of Day: Any""","«Найден в водах Аскалона.<br>Рыболовная яма: Любая, открытая вода<br>Предпочитаемая наживка: Любая<br>Время суток: Любое»"
"""Found in the waters of Ascalon.<br>Fishing Hole: Any, Open Water<br>Favored Bait: Any<br>Time of Day: Daytime""","«Найден в водах Аскалона.<br>Рыболовная яма: Любая, открытая вода<br>Предпочитаемая наживка: Любое<br>Время суток: Дневное время»"
"""Found in the waters of Ascalon.<br>Fishing Hole: Any, Open Water<br>Favored Bait: Fish Eggs<br>Time of Day: Dusk/Dawn""","«Найден в водах Аскалона.<br>Рыболовная яма: Любая, открытая вода<br>Предпочитаемая наживка: рыбная икра<br>Время суток: Сумерки/Рассвет»"
"""Found in the waters of Ascalon.<br>Fishing Hole: None, Open Water<br>Favored Bait: Any<br>Time of Day: Any""","«Найдено в водах Аскалона.<br>Рыболовная яма: Нет, открытая вода<br>Предпочитаемая наживка: Любое<br>Время суток: Любое»"
"""Found in the waters of Ascalon.<br>Fishing Hole: None, Open Water<br>Favored Bait: Fish Eggs<br>Time of Day: Any""","«Найдено в водах Аскалона.<br>Рыболовная яма: Нет, открытая вода<br>Предпочитаемая наживка: рыбная икра<br>Время суток: Любое»"
"""Found in the waters of Draconis Mons.<br>Fishing Hole: None, Open Water<br>Favored Bait: Any<br>Time of Day: Any""","«Найден в водах горы Драконис.<br>Рыболовная яма: Нет, открытая вода<br>Предпочитаемая наживка: Любая<br>Время суток: Любое»"
"""Found in the waters of Draconis Mons.<br>Fishing Hole: Volcanic Fish, Open Water<br>Favored Bait: Any<br>Time of Day: Any""","«Найдено в водах горы Драконис.<br>Рыболовная яма: Вулканическая рыба, открытая вода<br>Предпочитаемая наживка: Любая<br>Время суток: Любое»"
"""Found in the waters of Dragon's End.<br>Fishing Hole: Any, Open Water<br>Favored Bait: Any<br>Time of Day: Any""","«Найден в водах Края Дракона.<br>Рыболовная яма: Любая, открытая вода<br>Предпочитаемая наживка: Любая<br>Время суток: Любое»"
"""Found in the waters of Dragon's End.<br>Fishing Hole: None, Open Water<br>Favored Bait: Any<br>Time of Day: Any""","«Найден в водах Края Дракона.<br>Рыболовная яма: Нет, открытая вода<br>Предпочитаемая наживка: Любое<br>Время суток: Любое»"
"""Found in the waters of Dragon's End.<br>Fishing Hole: None, Open Water<br>Favored Bait: Any<br>Time of Day: Daytime""","«Найден в водах Края Дракона.<br>Рыболовная яма: Нет, открытая вода<br>Предпочитаемая наживка: Любое<br>Время суток: Дневное время»"
"""Found in the waters of Ember Bay.<br>Fishing Hole: Coastal Fish, Open Water<br>Favored Bait: Any<br>Time of Day: Any""","«Найден в водах Эмбер-Бэй.<br>Рыболовная яма: Прибрежная рыба, Открытая вода<br>Предпочитаемая наживка: Любое<br>Время суток: Любое»"
"""Found in the waters of Ember Bay.<br>Fishing Hole: None, Open Water<br>Favored Bait: Any<br>Time of Day: Any""","«Найден в водах Эмбер-Бэй.<br>Рыболовная яма: Нет, открытая вода<br>Предпочитаемая наживка: Любая<br>Время суток: Любое»"
"""Found in the waters of Inner Nayos.<br>Fishing Hole: Any, Open Water (Higher Chance)<br>Favored Bait: Any<br>Time of Day: Any""","«Найдено в водах Внутреннего Найоса.<br>Рыболовная яма: Любая, открытая вода (более высокий шанс)<br>Предпочитаемая наживка: Любая<br>Время суток: Любое»"
"""Found in the waters of Inner Nayos.<br>Fishing Hole: Any, Open Water, Dream Fish (Higher Chance)<br>Favored Bait: Any<br>Time of Day: Any""","«Найден в водах Внутреннего Найоса.<br>Рыболовная яма: Любая, Открытая вода, Рыба мечты (более высокий шанс)<br>Предпочитаемая наживка: Любая<br>Время суток: Любое»"
"""Found in the waters of Inner Nayos.<br>Fishing Hole: Any, Open Water, Dream Fish (Higher Chance)<br>Favored Bait: Any<br>Time of Day: Any, Daytime (Higher Chance)""","«Найдено в водах Внутреннего Найоса.<br>Рыболовная яма: Любая, Открытая вода, Рыба-мечта (более высокий шанс)<br>Предпочитаемая наживка: Любое<br>Время суток: Любое, Дневное время (более высокий шанс)»"
"""Found in the waters of Inner Nayos.<br>Fishing Hole: Any, Open Water, Dream Fish (Higher Chance)<br>Favored Bait: Any<br>Time of Day: Night (Higher Chance)""","«Найден в водах Внутреннего Найоса.<br>Рыболовная яма: Любая, Открытая вода, Рыба-мечта (более высокий шанс)<br>Предпочитаемая наживка: Любое<br>Время суток: Ночь (более высокий шанс)»"
"""Found in the waters of Inner Nayos.<br>Fishing Hole: Any, Open Water, Nayosian Fish (Higher Chance)<br>Favored Bait: Any<br>Time of Day: Any, Daytime (Higher Chance)""","«Найдено в водах Внутреннего Найоса.<br>Рыболовная яма: Любая, Открытая вода, Найосская рыба (более высокий шанс)<br>Предпочитаемая наживка: Любое<br>Время суток: Любое, Дневное время (более высокий шанс)»"
"""Found in the waters of Janthir Syntri.<br>Fishing Hole: Any<br>Favored Bait: Any<br>Time of Day: Any, Day (Higher Chance)""","«Найдено в водах Джантир-Синтри.<br>Рыболовная яма: Любая<br>Предпочитаемая наживка: Любое<br>Время суток: Любое, День (более высокий шанс)»"
"""Found in the waters of Janthir Syntri.<br>Fishing Hole: Freshwater / Brackish Water<br>Favored Bait: Any<br>Time of Day: Any, Night (Higher Chance)""","«Найден в водах Джантир-Синтри.<br>Рыболовная яма: пресная/солоноватая вода<br>Предпочитаемая наживка: любое<br>Время суток: любое, ночь (более высокий шанс)»"
"""Found in the waters of Janthir Syntri.<br>Fishing Hole: Saltwater<br>Favored Bait: Any<br>Time of Day: Any, Night (Higher Chance)""","«Найден в водах Джантир-Синтри.<br>Рыболовная яма: соленая вода<br>Предпочитаемая наживка: любое<br>Время суток: любое, ночь (более высокий шанс)»"
"""Found in the waters of Kryta.<br>Fishing Hole: Any, Open Water<br>Favored Bait: Any<br>Time of Day: Any""","«Найден в водах Крайты.<br>Рыболовная яма: Любая, открытая вода<br>Предпочитаемая наживка: Любая<br>Время суток: Любое»"
"""Found in the waters of Kryta.<br>Fishing Hole: Any, Open Water<br>Favored Bait: Any<br>Time of Day: Nighttime""","«Найден в водах Крайты.<br>Рыболовная яма: Любая, открытая вода<br>Предпочитаемая наживка: Любое<br>Время суток: Ночь»"
"""Found in the waters of Kryta.<br>Fishing Hole: None, Open Water<br>Favored Bait: Any<br>Time of Day: Any""","«Найдено в водах Крайты.<br>Рыболовная яма: Нет, открытая вода<br>Предпочитаемая наживка: Любая<br>Время суток: Любое»"
"""Found in the waters of Lowland Shore.<br>Fishing Hole: Any<br>Favored Bait: Any<br>Time of Day: Any, Day (Higher Chance)""","«Найден в водах Лоулендского берега.<br>Рыболовная яма: Любая<br>Предпочитаемая наживка: Любая<br>Время суток: Любое, День (более высокий шанс)»"
"""Found in the waters of Lowland Shore.<br>Fishing Hole: Any<br>Favored Bait: Any<br>Time of Day: Any, Night (Higher Chance)""","«Найден в водах Лоулендского берега.<br>Рыболовная яма: Любая<br>Предпочитаемая наживка: Любое<br>Время суток: Любое, Ночь (более высокий шанс)»"
"""Found in the waters of Lowland Shore.<br>Fishing Hole: Freshwater / Brackish Water<br>Favored Bait: Any<br>Time of Day: Any, Day (Higher Chance)""","«Найден в водах Лоулендского берега.<br>Рыболовная яма: Пресная/солоноватая вода<br>Предпочитаемая наживка: Любое<br>Время суток: Любое, День (более высокий шанс)»"
"""Found in the waters of Mistburned Barrens.<br>Fishing Hole: Any<br>Favored Bait: Any<br>Time of Day: Dusk/Dawn, Day (Higher Chance)""","«Найден в водах Ожженных туманом пустошей.<br>Рыболовная яма: Любая<br>Предпочитаемая наживка: Любое<br>Время суток: Сумерки/Рассвет, День (более высокий шанс)»"
"""Found in the waters of Mistburned Barrens.<br>Fishing Hole: Any<br>Favored Bait: Any<br>Time of Day: Dusk/Dawn, Night (Higher Chance)""","«Найден в водах Ожженных туманом пустошей.<br>Рыболовная яма: Любая<br>Предпочитаемая наживка: Любое<br>Время суток: Сумерки/Рассвет, Ночь (более высокий шанс)»"
"""Found in the waters of New Kaineng City.<br>Fishing Hole: Any, Open Water<br>Favored Bait: Any<br>Time of Day: Any""","«Найден в водах города New Kaineng City.<br>Рыболовная яма: Любая, открытая вода<br>Предпочитаемая наживка: Любая<br>Время суток: Любое»"
"""Found in the waters of New Kaineng City.<br>Fishing Hole: Any, Open Water<br>Favored Bait: Any<br>Time of Day: Nighttime""","«Найден в водах города New Kaineng City.<br>Рыболовная яма: Любая, открытая вода<br>Предпочитаемая наживка: Любое<br>Время суток: Ночь»"
"""Found in the waters of New Kaineng City.<br>Fishing Hole: None, Open Water<br>Favored Bait: Any<br>Time of Day: Any""","«Найден в водах города New Kaineng City.<br>Рыболовная яма: Нет, открытая вода<br>Предпочитаемая наживка: Любая<br>Время суток: Любое»"
"""Found in the waters of Seitung Province.<br>Fishing Hole: Any, Open Water<br>Favored Bait: Any<br>Time of Day: Any""","«Найден в водах провинции Сейтунг.<br>Рыболовная яма: Любая, открытая вода<br>Предпочитаемая наживка: Любая<br>Время суток: Любое»"
"""Found in the waters of Seitung Province.<br>Fishing Hole: None, Open Water<br>Favored Bait: Any<br>Time of Day: Any""","«Найдено в водах провинции Сейтунг.<br>Рыболовная яма: Нет, открытая вода<br>Предпочитаемая наживка: Любая<br>Время суток: Любое»"
"""Found in the waters of Shipwreck Strand.<br>Fishing Hole: Any<br>Favored Bait: Nightcrawlers<br>Time of Day: Any, Day (Higher Chance)""","«Найден в водах Берега Кораблекрушений.<br>Рыболовная яма: Любая<br>Предпочитаемая наживка: Ночные змеи<br>Время суток: Любое, День (более высокий шанс)»"
"""Found in the waters of Shipwreck Strand.<br>Fishing Hole: Saltwater<br>Favored Bait: Any<br>Time of Day: Any, Day (Higher Chance)""","«Найден в водах берега кораблекрушения.<br>Рыболовная яма: соленая вода<br>Предпочитаемая наживка: любое<br>Время суток: любое, день (более высокий шанс)»"
"""Found in the waters of Shipwreck Strand.<br>Fishing Hole: Saltwater<br>Favored Bait: Any<br>Time of Day: Any, Night (Higher Chance)""","«Найден в водах берега кораблекрушения.<br>Рыболовная яма: соленая вода<br>Предпочитаемая наживка: любое<br>Время суток: любое, ночь (более высокий шанс)»"
"""Found in the waters of Skywatch Archipelago and Inner Nayos.<br>Fishing Hole: Any, Open Water<br>Favored Bait: Any<br>Time of Day: Any""","«Найден в водах архипелага Небесного Дозора и Внутреннего Найоса.<br>Рыболовная яма: Любая, открытая вода<br>Предпочитаемая наживка: Любая<br>Время суток: Любое»"
"""Found in the waters of the Echovald Wilds.<br>Fishing Hole: Any, Open Water<br>Favored Bait: Any<br>Time of Day: Any""","«Найден в водах Эховальдских джунглей.<br>Рыболовная яма: Любая, открытая вода<br>Предпочитаемая наживка: Любая<br>Время суток: Любое»"
"""Found in the waters of the Echovald Wilds.<br>Fishing Hole: None, Open Water<br>Favored Bait: Any<br>Time of Day: Any""","«Найден в водах Эховальдских джунглей.<br>Рыболовная яма: Нет, открытая вода<br>Предпочитаемая наживка: Любая<br>Время суток: Любое»"
"""Found in the waters of the Echovald Wilds.<br>Fishing Hole: None, Open Water<br>Favored Bait: Any<br>Time of Day: Nighttime""","«Найден в водах Эховальдских джунглей.<br>Рыболовная яма: Нет, открытая вода<br>Предпочитаемая наживка: Любое<br>Время суток: Ночь»"
"""Found in the waters of the Elon River,<br>the Crystal Desert, and the Elonian mainland.<br>Fishing Hole: Desert Fish, Open Water<br>Favored Bait: Any<br>Time of Day: Any""","«Найден в водах реки Илон,<br>Христальной пустыни и материковой части Элонии.<br>Рыболовная яма: Пустынная рыба, открытая вода<br>Предпочитаемая наживка: Любая<br>Время суток: Любое»"
"""Found in the waters of the Elon River,<br>the Crystal Desert, and the Elonian mainland.<br>Fishing Hole: Desert Fish<br>Favored Bait: Any<br>Time of Day: Any""","«Найден в водах реки Илон,<br>Христальной пустыни и материковой части Элонии.<br>Рыболовная яма: Пустынная рыба<br>Предпочитаемая наживка: Любая<br>Время суток: Любое»"
"""Found in the waters of the Elon River,<br>the Crystal Desert, and the Elonian mainland.<br>Fishing Hole: Desert Fish<br>Favored Bait: Any<br>Time of Day: Daytime""","«Найден в водах реки Илон,<br>Христальной пустыни и материковой части Элонии.<br>Рыболовная яма: пустынная рыба<br>Предпочитаемая наживка: любое<br>Время суток: дневное время»"
"""Found in the waters of the Elon River,<br>the Crystal Desert, and the Elonian mainland.<br>Fishing Hole: Desert Fish<br>Favored Bait: Any<br>Time of Day: Nighttime""","«Найден в водах реки Элон,<br>Христальной пустыни и материковой части Элонии.<br>Рыболовная яма: Пустынная рыба<br>Предпочитаемая наживка: Любое<br>Время суток: Ночь»"
"""Found in the waters of the Elon River,<br>the Crystal Desert, and the Elonian mainland.<br>Fishing Hole: Desert Fish<br>Favored Bait: Mackerel<br>Time of Day: Any""","«Найден в водах реки Илон,<br>Христальной пустыни и материковой части Элонии.<br>Рыболовная яма: Пустынная рыба<br>Предпочитаемая наживка: Скумбрия<br>Время суток: Любое»"
"""Found in the waters of the Elon River,<br>the Crystal Desert, and the Elonian mainland.<br>Fishing Hole: Desert Fish<br>Favored Bait: Scorpions<br>Time of Day: Any""","«Найден в водах реки Илон,<br>Христальной пустыни и материковой части Элонии.<br>Рыболовная яма: Пустынная рыба<br>Предпочитаемая наживка: Скорпионы<br>Время суток: Любое»"
"""Found in the waters of the Elon River,<br>the Crystal Desert, and the Elonian mainland.<br>Fishing Hole: Desert Fish<br>Favored Bait: Scorpions<br>Time of Day: Nighttime""","«Найден в водах реки Илон,<br>Христальной пустыни и материковой части Элонии.<br>Рыболовная яма: пустынная рыба<br>Предпочитаемая наживка: скорпионы<br>Время суток: ночь»"
"""Found in the waters of the Elon River,<br>the Crystal Desert, and the Elonian mainland.<br>Fishing Hole: None, Open Water<br>Favored Bait: Any<br>Time of Day: Any""","«Найден в водах реки Илон,<br>Христальной пустыни и материковой части Элонии.<br>Рыболовная яма: Нет, открытая вода<br>Предпочитаемая наживка: Любая<br>Время суток: Любое»"
"""Found in the waters of the Maguuma Jungle.<br>Fishing Hole: Any, Open Water<br>Favored Bait: Any<br>Time of Day: Any""","«Найден в водах джунглей Магуума.<br>Рыболовная яма: Любая, открытая вода<br>Предпочитаемая наживка: Любая<br>Время суток: Любое»"
"""Found in the waters of the Maguuma Jungle.<br>Fishing Hole: None, Open Water<br>Favored Bait: Any<br>Time of Day: Any""","«Найден в водах джунглей Магуума.<br>Рыболовная яма: Нет, открытая вода<br>Предпочитаемая наживка: Любое<br>Время суток: Любое»"
"""Found in the waters of the Maguuma Jungle.<br>Fishing Hole: None, Open Water<br>Favored Bait: Any<br>Time of Day: Daytime""","«Найден в водах джунглей Магуума.<br>Рыболовная яма: Нет, открытая вода<br>Предпочитаемая наживка: Любое<br>Время суток: Дневное время»"
"""Found in the waters of the Maguuma Jungle.<br>Fishing Hole: None, Open Water<br>Favored Bait: Any<br>Time of Day: Nighttime""","«Найден в водах джунглей Магуума.<br>Рыболовная яма: Нет, открытая вода<br>Предпочитаемая наживка: Любое<br>Время суток: Ночь»"
"""Found in the waters of the Ruins of Orr.<br>Fishing Hole: Any, Open Water<br>Favored Bait: Any<br>Time of Day: Any""","«Найден в водах Руин Орра.<br>Рыболовная яма: Любая, открытая вода<br>Предпочитаемая наживка: Любое<br>Время суток: Любое»"
"""Found in the waters of the Ruins of Orr.<br>Fishing Hole: None, Open Water<br>Favored Bait: Any<br>Time of Day: Any""","«Найден в водах Руин Орра.<br>Рыболовная яма: Нет, открытая вода<br>Предпочитаемая наживка: Любое<br>Время суток: Любое»"
"""Found in the waters of the Ruins of Orr.<br>Fishing Hole: None, Open Water<br>Favored Bait: Any<br>Time of Day: Dusk/Dawn""","«Найден в водах Руин Орра.<br>Рыболовная яма: Нет, открытая вода<br>Предпочитаемая наживка: Любое<br>Время суток: Сумерки/Рассвет»"
"""Found in the waters of the Ruins of Orr.<br>Fishing Hole: None, Open Water<br>Favored Bait: Any<br>Time of Day: Nighttime""","«Найден в водах Руин Орра.<br>Рыболовная яма: Нет, открытая вода<br>Предпочитаемая наживка: Любое<br>Время суток: Ночь»"
"""Found in the waters of the Shiverpeak Mountains.<br>Fishing Hole: Any, Open Water<br>Favored Bait: Any<br>Time of Day: Any""","«Найден в водах гор Шиверпик.<br>Рыболовная яма: Любая, открытая вода<br>Предпочитаемая наживка: Любая<br>Время суток: Любое»"
"""Found in the waters of the Shiverpeak Mountains.<br>Fishing Hole: Any, Open Water<br>Favored Bait: Any<br>Time of Day: Daytime""","«Найден в водах гор Шиверпик.<br>Рыболовная яма: Любая, открытая вода<br>Предпочитаемая наживка: Любое<br>Время суток: Дневное время»"
"""Found in the waters of the Shiverpeak Mountains.<br>Fishing Hole: Any, Open Water<br>Favored Bait: Any<br>Time of Day: Nighttime""","«Найден в водах гор Шиверпик.<br>Рыболовная яма: Любая, открытая вода<br>Предпочитаемая наживка: Любое<br>Время суток: Ночь»"
"""Found in the waters of the Shiverpeak Mountains.<br>Fishing Hole: None, Open Water<br>Favored Bait: Any<br>Time of Day: Any""","«Найден в водах гор Шиверпик.<br>Рыболовная яма: Нет, открытая вода<br>Предпочитаемая наживка: Любая<br>Время суток: Любое»"
"""Found in the waters of the Shiverpeak Mountains.<br>Fishing Hole: None, Open Water<br>Favored Bait: Any<br>Time of Day: Nighttime""","«Найден в водах гор Шиверпик.<br>Рыболовная яма: Нет, открытая вода<br>Предпочитаемая наживка: Любое<br>Время суток: Ночь»"
"""Found in the waters of the isles of Elona.<br>Fishing Hole: Any, Open Water<br>Favored Bait: Any<br>Time of Day: Any""","«Найден в водах островов Элоны.<br>Рыболовная яма: Любая, открытая вода<br>Предпочитаемая наживка: Любая<br>Время суток: Любое»"
"""Found in the waters of the isles of Elona.<br>Fishing Hole: None, Open Water<br>Favored Bait: Any<br>Time of Day: Any""","«Найден в водах островов Элоны.<br>Рыболовная яма: Нет, открытая вода<br>Предпочитаемая наживка: Любая<br>Время суток: Любое»"
"""Found in tier 1, tier 2, or tier 3 rifts.""","«Найден в разломах уровня 1, уровня 2 или уровня 3»."
"""Found near a natural skylight in Modri Caverns and used by the Corsair, Mehdi, to craft his famous tainted grog in the Domain of Istan.""",«Найден возле естественного светового люка в пещерах Модри и использован корсаром Мехди для изготовления своего знаменитого испорченного грога во владениях Истан».
"""Found the Sultry Script of """"More Than She Bergen For""""""","«Нашёл знойный сценарий фильма «Больше, чем она для Бергена»»»"
"""Found the manifest. Cargo's missing from the hold; looks like the crew got into a bad scrap. Naga, probably.""","«Нашёл манифест. Груз пропал из трюма; похоже, экипаж попал в неприятную ситуацию. Нага, наверное»."
"""Found the strongbox from the """"Cryptonym.""""""","""Нашёл сейф из ""Криптонима."""""""
"""Found the strongbox from the """"Dragonrender.""""""","""Нашёл сейф из ""Драконоборца."""""""
"""Found the strongbox from the """"Endurance.""""""","""Нашёл сейф из ""Эндьюранса."""""""
"""Found the strongbox from the """"Faren's Flyer.""""""",«Нашёл сейф из «Флаера Фарена»»».
"""Found the strongbox from the """"Glory of Tyria.""""""","""Нашёл сейф из квеста ""Слава Тирии."""""""
"""Found the strongbox from the """"Legacy of Owl.""""""","""Нашёл сейф из ""Наследия Совы."""""""
"""Found the strongbox from the """"Lethal Vantage.""""""","""Нашёл сейф из ""Смертельного преимущества."""""""
"""Found the strongbox from the """"Mellaggan's Valor.""""""","""Нашёл сейф из квеста ""Доблесть Меллагана."""""""
"""Found the strongbox from the """"Obsidian Triumph.""""""","""Нашёл сейф из ""Обсидианового Триумфа."""""""
"""Found the strongbox from the """"Plains of Golghein.""""""","""Нашёл сейф на ""Равнинах Гольхейна."""""""
"""Found the strongbox from the """"Pride of Lion's Arch.""""""","""Нашёл сейф из ""Гордости Львиной Арки."""""""
"""Found the strongbox from the """"Scorchrazor II.""""""","""Нашёл сейф из ""Огненной бритвы II."""""""
"""Found the strongbox from the """"Shard of Brilliance.""""""","""Нашёл сейф из ""Осколка гениальности."""""""
"""Found the strongbox from the """"Slice of Sky.""""""","""Нашёл сейф из ""Кусочка неба."""""""
"""Found the strongbox from the """"Straight and Narrow.""""""","""Нашёл сейф из ""Прямых и узких."""""""
"""Found the strongbox from the """"Sword of Smodur.""""""","""Нашёл сейф из ""Меча Смодура."""""""
"""Found the strongbox from the """"Thunderbreaker.""""""","""Нашёл сейф от ""Громобрушителя."""""""
"""Found the strongbox from the """"Unsolved Conundrum.""""""",«Нашёл сейф из «Нерешённой головоломки»»».
"""Found the strongbox from the """"Vengeance Rising.""""""","""Нашёл сейф из ""Возвышения мести."""""""
"""Found the strongbox from the """"Whitebear's Pride II.""""""","""Нашёл сейф из ""Гордости Белого Медведя II."""""""
"""Found when identifying gear, or purchased from the Black Lion Trading Post.""",«Найден при идентификации снаряжения или куплен в торговом посту «Black Lion».
"""Founding of New Kaineng, 1820 CC""","«Основание Нового Кайненга, 1820 г»."
"""Four elder druids, four successes. I found and freed them all. During the process, I learned that the Inquest have a base here. They're excavating Zinn's second site: Rata Arcanum. I even encountered M.O.X., an antique golem created by Zinn. Amazing! Now I'm ready to enter the volcano's throat at the heart of the cavern. Balthazar, here I come!""","«Четыре старших друида, четыре успеха. Я нашёл и освободил их всех. В ходе процесса я узнал, что у Дознания есть база здесь. Они раскапывают второе место Зинна: ??Rata Arcanum. Я даже встретил МОХ, старинного голема, созданного Зинном. Удивительно! Теперь я готов войти в глотку вулкана в самом сердце пещеры. Бальтазар, вот и я!»"
"""Four soothes! You have met your match, dragon!""","«Четыре успокоения! Ты встретил свою пару, дракон!»"
"""Fractal Incursion events occur at the top of the hour near these waypoints. Only one area will have an incursion per hour, but a portal to the event will appear in each location shortly beforehand.""","«События фрактального вторжения происходят в начале часа рядом с этими путевыми точками. Только в одной области будет происходить вторжение в час, но незадолго до этого в каждой локации появится портал, ведущий к событию»."
"""Fractal reliquary, please.""","«Фрактальный реликварий, пожалуйста»."
"""Fragments can be found by cleansing temples in Orr, in the Forgotten path in Arah, and at the ends of the Buried Archives and Antre of Adjournment jumping puzzles.""","«Фрагменты можно найти, очищая храмы в Орре, на Забытой тропе в Арахе, а также в конце головоломок с прыжками в Buried Archives и Antre of Adjournment»."
"""Fragments from """"The Origins of Ione, Forgotten Goddess of the Jade Sea .""""""","""Фрагменты из """"Происхождения Ионы, забытой богини Нефритового моря."""""""
"""Frankly, Lyhr should have forged multiple keys.""","«Честно говоря, Лиру следовало подделать несколько ключей»."
"""Frankly, no. If we don't maintain our momentum, our invasion could stall and die.""","«Честно говоря, нет. Если мы не сохраним темп, наше вторжение может застопориться и погибнуть»."
"""Frankly, you look a little unwell.""","— Честно говоря, ты выглядишь немного нездорово."
"""Free Renegade prisoners, destroy Renegade supplies, and uncover intel.""","«Освободите пленников-отступников, уничтожьте припасы отступников и найдите информацию»."
"""Free as many as you can, or their future will be midnight.""","«Освободите столько, сколько сможете, иначе их будущее наступит в полночь»."
"""Free as much Kryptis essence as you can. Each bit of essence freed restores your mount's energy, allowing you to fly longer without landing.""","«Освободите как можно больше эссенции Криптиса. Каждый кусочек освобожденной эссенции восстанавливает энергию вашего скакуна, позволяя вам дольше летать без приземления»."
"""Free citizens of Amnoon, I have an announcement from your council!""","«Свободные граждане Амнуна, у меня есть объявление от вашего совета!»"
"""Free citizens of Amnoon, your council needs you!""","«Свободные граждане Амнуна, вы нужны вашему совету!»"
"""Free once more, Professor Gorr was still determined to prove his theory about the Elder Dragons eating magic. After I conferred with Zojja and the order reps, I agreed to protect Gorr from Rakt and the Arcane Eye while he collects the data he needs to verify his claims.""","«Освобожденный ещё раз, Professor Gorr все ещё был полон решимости доказать свою теорию о том, что Старшие Драконы поедают магию. После того, как я посовещался с Зоджей и представителями ордена, я согласился защищать Горра от Ракта и Чародейского Глаза, пока он собирает данные, необходимые для проверки его утверждений»."
"""Free pardon, huh? Me too! Cheers for the Ministry, eh? Who'd have known they were such an """"understanding"""" bunch?""","«Прощение, да? Я тоже! Привет Министерству, а? Кто бы мог подумать, что они такая «понимающая» компания?»"
"""Free people of Amnoon, a fellow citizen needs your help!""","«Свободные люди Амнуна, согражданин нуждается в вашей помощи!»"
"""Free prisoners, defeat mercenaries, and light fires by using oil drums to make a trail from flammable material to lava.""","«Освобождайте заключенных, побеждайте наемников и разжигайте пожары, используя бочки с маслом, чтобы проложить путь от горючего материала к лаве»."
"""Free slaves, kill centaurs, and disrupt their camps to weaken the centaur front.""","«Освобождайте рабов, убивайте кентавров и разрушайте их лагеря, чтобы ослабить фронт кентавров»."
"""Free, eh?""","«Свободно, да?»"
"""Freeze, now.""","«Замри, сейчас же»."
"""Fresh fish are staple, even for juvenile skimmers, and they can help encourage behaviors when training. Find a basket of the freshest fish south of Morningrise Prow in Jetsam Point.""","«Свежая рыба является основным продуктом питания даже для молодых скиммеров, и она может помочь стимулировать поведение во время тренировок. Найдите корзину самой свежей рыбы к югу от Морнинграйз-Проу в Джетсам-Пойнт»."
"""Fresh mackerel and cherry salmon, straight from Shing Jea!""",«Свежая скумбрия и черемша прямо из Shing Jea!»
"""Fresh, tasty watermelons!""","""Свежие, вкусные арбузы!"""
"""Fresh, unusually cold water trickles from a crack in the wall.""","«Свежая, необычно холодная вода стекает из трещины в стене»."
"""Friends and companions, the day is ours! The Chantry is safe.""","«Друзья и товарищи, этот день наш! Церковь в безопасности»."
"""Friends call him """"Dave""""""",«Друзья называют его «Дэйв»»»
"""Friends, I need your aid!""","«Друзья, мне нужна ваша помощь!»"
"""Friends, Still""","""Друзья, тем не менее"""
"""Frio, frio""","«Фрио, фрио»"
"""Frode's Journal, Entry 1""","«Журнал Фроде, запись 1»"
"""Frode's Journal, Entry 2""","«Журнал Фроде, запись 2»"
"""Frode's Journal, Entry 3""","«Журнал Фроде, запись 3»"
"""Frode's Journal, Entry 4""","«Журнал Фроде, запись 4»"
"""Frode's Journal, Entry 5""","«Журнал Фроде, запись 5»"
"""Frode's Journal, Entry 6""","«Журнал Фроде, запись 6»"
"""From Koda's eye, our tribe accepted the spirit of fire. Small and meek, it could only go where the kodan carried it.""","«В глазах Коды наше племя приняло дух огня. Маленький и кроткий, он мог идти только туда, куда его нёс кодан»."
"""From a Friend, 1661 CC""","«От друга, 1661 CC»"
"""From a pylon, I can recall an enchanted armor. When wielded, they are a force to reckon with.""","«Глядя на пилон, я могу вспомнить зачарованные доспехи. Когда они в руках, они представляют собой силу, с которой нужно считаться»."
"""From death, life springs anew.""",«Из смерти жизнь возникает заново».
"""From desert heat, reflection!""","«От зноя пустыни, отражение!»"
"""From dragons to unexpected parties, this hat's wide brim is ready for anything.""",«От драконов до неожиданных вечеринок — широкие поля этой шляпы готовы ко всему».
"""From here, it's on through those gates to end the dragon and free Tyria at last.""","«Отсюда нужно пройти через эти врата, чтобы покончить с драконом и наконец освободить Тирию»."
"""From here, you can visit any available PvP game types, set up your PvP character, and test your skills on test dummies.""","«Здесь вы можете посетить любые доступные типы PvP-игр, настроить своего PvP-персонажа и проверить свои навыки на тестовых манекенах»."
"""From inside this mote of pure Mists energy, a voice asks, """"worthy adventurer, would you like a challenge?""""""","«Изнутри этой пылинки чистой энергии Тумана голос спрашивает: «Достойный искатель приключений, хочешь бросить вызов?»»»"
"""From its chaos, an eruption looms. The state of Tyria's walls is not strong; without defenders, there will be harm.""",«Из этого хаоса вырисовывается извержение. Стены Тирии непрочны; без защитников будет вред».
"""From the entrance behind the waterfall at the Central Power Station, ride a springer to the center platform at the waterfall's edge in under 1 minute without dismounting or teleporting.""","«От входа за водопадом на Центральной электростанции доберитесь на спрингере до центральной платформы на краю водопада менее чем за 1 минуту, не спешиваясь и не телепортируясь»."
"""From the heart of the furnace, the elements dance and caper at your command! Many rare and unusual elements are needed for your journey, and you must capture and comprehend them all in order to take your first steps in creating the legendary precursor Spark.""","«Из самого сердца печи стихии танцуют и скачут по вашему приказу! Для вашего путешествия понадобится множество редких и необычных элементов, и вы должны поймать и понять их все, чтобы сделать первые шаги в создании легендарного предшественника Искры»."
"""From the southern shore, our troops are taking the only land-based route available to Orr, across the archipelago. Our base at Squall Cusps is supporting  the assault of Izz-al-Din Sarayi with powerful siege weapons, as the Pact pushes toward the Lasciate Gateway and into Zhaitan's rotten kingdom.""","«С южного берега наши войска идут по единственному сухопутному маршруту, доступному Орру, через архипелаг. Наша база у Куспов Шквала поддерживает нападение Изз-ад-Дина Сарайи мощными осадными орудиями, в то время как Пакт продвигается к Ласкиатским Воротам и в гнилое королевство Зайтана»."
"""From the top of stairs leading to the Echovald Forest at the Petrified Woods, ride a raptor to the kirin statue near the Sunjiang Lab in under 1 minute without dismounting or teleporting.""","«С вершины лестницы, ведущей в лес Эховальд в Окаменелом лесу, доберитесь на рапторе до статуи кирина возле лаборатории Суньцзян менее чем за 1 минуту, не спешиваясь и не телепортируясь»."
"""From the top of the Bone Palace, Joko can keep an eye on all of the Desolation.""",«С вершины Костяного Дворца Джоко может следить за всем Пустоши».
"""From this high vantage point, you can see incoming threats from near and far.""","«С этой высокой точки зрения вы можете увидеть приближающиеся угрозы как издалека, так и издалека»."
"""From this vantage point, you can observe the movements of the Inquest within their base.""",«С этой точки зрения вы можете наблюдать за перемещениями Следствия на их базе».
"""From what I know, I'd agree. We should go.""","«Насколько я знаю, я бы согласился. Нам пора идти»."
"""From what you've told me, this kind of deviltry stinks of Caudecus.""","«Судя по тому, что вы мне рассказали, эта чертовщина воняет Каудекусом»."
"""Fruit is dangling from the trees, and it needs to be picked before the birds take it.""","«С деревьев свисают фрукты, и их нужно собрать до того, как их схватят птицы»."
"""Ftokchak claimed that one of his friends, Tchkik, found a room full of these strange 'eggs'. She went back to steal more, and hasn't returned. Although no one has seen proof that dragon minions can breed, if it is possible, the Order will need to know.""","«Фтокчак утверждал, что один из его друзей, Чкик, нашёл комнату, полную этих странных «яиц». Она вернулась, чтобы украсть ещё, и не вернулась. Хотя никто не видел доказательств того, что миньоны-драконы могут размножаться, если это возможно, Ордену нужно будет знать»."
"""Ftokchak the skritt has approached my Order, telling us that they've found unusual dwarven artifacts out at the Feral Dens. The skritt could be useful allies. Together with my mentor, I'm headed to check it out.""","«Скритт Фтокчак обратился к моему Ордену и сообщил, что они нашли необычные дварфийские артефакты в Диком Логове. Скритты могут быть полезными союзниками. Вместе со своим наставником я отправляюсь проверить это»."
"""Ftokchak, we can't bring back your loved ones, but you can help us stop this from happening to others. The Vigil needs allies like you.""","«Фтокчак, мы не можем вернуть твоих близких, но ты можешь помочь нам не допустить, чтобы это случилось с другими. Бдению нужны такие союзники, как ты»."
"""Full meltdown is moments away. You have to get by that thing, and fast. If it doesn't kill you, the radiation will.""","«Полный крах не за горами. Вам нужно добраться до этой штуки, и быстро. Если она вас не убьёт, то радиация»."
"""Fully charged with experiences, this rune can be turned in to Conri to create a piece of Suffused Obsidian armor.""","«Полностью заряженную опытом, эту руну можно передать Конри, чтобы создать часть брони из пролитого обсидиана»."
"""Fun is getting to spend your hard-earned pay. Remember that, and you could even end up like me.""","«Весело тратить свою кровно заработанную зарплату. Помните об этом, и вы можете даже закончить так, как я»."
"""Function gyro has additional charges, no longer has a recharge penalty, and grants barrier to nearby allies.""","«Функциональный гироскоп имеет дополнительные заряды, больше не имеет штрафа на перезарядку и даёт барьер ближайшим союзникам»."
"""Further Adventures, Under 3""","«Дальнейшие приключения, до 3 лет»"
"""Further, Novice, I hereby promote you to the rank of Explorer, with all the rights and privileges, etcetera, etcetera.""","«Далее, Новичок, настоящим повышаю вас до звания Исследователя, со всеми правами и привилегиями, и так далее, и так далее»."
"""Fury grants ferocity and additional increased critical strike chance. When struck while below the health threshold, gain fury.""","«Ярость дарует свирепость и дополнительно увеличивает шанс критического удара. При получении удара, когда здоровье ниже порога, вы обретаете ярость»."
"""Fuzzy felines, bees, and bearkin!""","«Пушистые кошачьи, пчелы и медведи!»"
"""G'mornin', ma'am. I was just passing by to see if your animals needed tending.""","«Доброе утро, мэм. Я просто проходил мимо, чтобы узнать, не нужен ли уход за вашими животными»."
"""Gaah, it's overheating! Outta my way, outta my—oh, that's supposed to happen. That's right! (laugh)""","«Гаа, он перегревается! Не с моего пути, не с моего пути… о, это должно случиться. Это верно! (смеется)»"
"""Gaerta Whitebear. Enchantress. Destroyer of the Fleshreaver Lord, Tytus. Bane of Lies. """"Let all norn know: this shall be an age of heroes.""""""","«Гаэрта Белый Медведь. Чародейка. Разрушитель Лорда Похитителей Плоти, Тита. Проклятие Лжи. ««Пусть все норны знают: это будет эпоха героев»»»."
"""Gah! Not in Lion's Arch, there are ears everywhere. Meet me in Applenook Hamlet, and I'll brief you there.""","«Га! Не в Львиной Арке, уши есть повсюду. Встретимся в Гамлете Эплнук, и я проинформирую тебя там»."
"""Gah! What horrible luck! I told my friends that if I ever saw you, I'd challenge you to a friendly duel. But, here I am, still injured from my last duel.""","«Га! Какая ужасная удача! Я сказал своим друзьям, что если я когда-нибудь увижу тебя, то вызову тебя на дружескую дуэль. Но вот я здесь, все ещё раненый после моей последней дуэли»."
"""Gaheron Baelfire has been slain, but his dreams of godhood are still alive. Now the Citadel of Flame is abuzz with his followers seeking to restore their lost leader.""","«Гахерон Бэлфайр убит, но его мечты о божественности все ещё живы. Теперь Citadel of Flame гудит от его последователей, стремящихся восстановить своего потерянного лидера»."
"""Gahn Towerbreaker has located one of the necromaner's amulets near Snowdrift Haven. Along with other members of the Vigil, Ghan intends to defend the haven's residents, and secure the amulet drawing the undead to them.""","«Ган Разрушитель Башен обнаружил один из амулетов некромана возле Снежного Пристанища. Вместе с другими членами Дозора Ган намеревается защитить жителей убежища и защитить амулет, привлекающий к ним нежить»."
"""Gain 10 agony resistance, 2%% outgoing damage, and 20 health per second.""","«Получите 10 сопротивления агонии, 2%% исходящего урона и 20 здоровья в секунду»."
"""Gain 10 seconds of might and fury when entering and exiting combat. 4%% increase to health, kill experience, and outgoing damage.""","«Получайте 10 секунд мощи и ярости при входе в бой и выходе из него. Увеличение здоровья, количества убийств и исходящего урона на 4%%»."
"""Gain 10 seconds of might when entering and exiting combat. 1%% increase to health, kill experience, and outgoing damage.""","«Получите 10 секунд мощи при входе в бой и выходе из него. Увеличение здоровья, опыта убийств и исходящего урона на 1%%»."
"""Gain 10 seconds of might when entering and exiting combat. 2%% increase to health, kill experience, and outgoing damage.""","«Получайте 10 секунд мощи при входе в бой и выходе из него. На 2%% увеличивается здоровье, опыт убийств и исходящий урон»."
"""Gain 10 seconds of might, fury, and swiftness when entering and exiting combat. 5%% increase to health, kill experience, and outgoing damage.""","«Получите 10 секунд мощи, ярости и быстроты при входе в бой и выходе из него. Увеличение здоровья, опыта убийств и исходящего урона на 5%%»."
"""Gain 10 seconds of might, fury, and swiftness when entering and exiting combat. 6%% increase to health, kill experience, and outgoing damage.""","«Получите 10 секунд мощи, ярости и быстроты при входе в бой и выходе из него. На 6%% увеличивается здоровье, опыт убийств и исходящий урон»."
"""Gain 10 seconds of might, fury, swiftness, and regeneration when entering and exiting combat. 7%% increase to health, kill experience, and outgoing damage.""","«Получайте 10 секунд мощи, ярости, быстроты и регенерации при входе в бой и выходе из него. Увеличение здоровья, количества убийств и исходящего урона на 7%%»."
"""Gain 10 seconds of might, fury, swiftness, regeneration, and protection when entering and exiting combat. Killing 25 enemies will summon a Shining Blade assassin. 20%% increase to health and outgoing damage. 10%% increase for kill experience.""","«Получите 10 секунд мощи, ярости, быстроты, регенерации и защиты при входе в бой и выходе из него. Убийство 25 врагов вызовет убийцу Сияющего Клинка. 20%% увеличение здоровья и исходящего урона. 10%% увеличение опыта убийств»."
"""Gain 15 agony resistance, 4%% outgoing damage, and 50 health per second.""","«Получите 15 сопротивления агонии, 4%% исходящего урона и 50 здоровья в секунду»."
"""Gain 25 agony resistance, 7%% outgoing damage, and 100 health per second.""","«Получите 25 сопротивления агонии, 7%% исходящего урона и 100 здоровья в секунду»."
"""Gain 3%% condition duration for 8 seconds when inflicting weakness or vulnerability on a foe, up to a maximum of 5 stacks. <c=@reminder>(Cooldown: 1 Second)</c>""","«Получайте 3%% длительности состояния на 8 секунд при нанесении слабости или уязвимости противнику, максимум до 5 стаков. <c=@reminder>(Перезарядка: 1 секунда)</c>»"
"""Gain 5 agony resistance, 1%% outgoing damage, and 10 health per second.""","«Получите 5 сопротивления агонии, 1%% исходящего урона и 10 здоровья в секунду»."
"""Gain 5%% additional magic find per stack. This effect persists even when changing locations on Castora, but it is removed when leaving Castora.""","«Получайте 5%% дополнительных магических находок за каждый стек. Этот эффект сохраняется даже при смене локации на Касторе, но исчезает при выходе из Касторы»."
"""Gain Bloodstone Volatility when you successfully combo a field with a blast finisher. Blasting at the stack threshold triggers an explosion, granting increased damage.""","«Получается нестабильность кровавого камня, когда вы успешно комбинируете поле с завершающим взрывом. Взрыв при пороге стека вызывает взрыв, увеличивающий урон»."
"""Gain Cascading Corruption stacks when you consume Blight. When you reach the stack threshold, explode necrotic energy and increase your damage for a duration. <c=@reminder>Stacks can only be gained in combat and are lost upon leaving combat.</c>""","«Получайте стаки каскадной порчи, когда вы поглощаете порчу. Когда вы достигаете порога заряда, взрывайте некротическую энергию и увеличивайте свой урон на некоторое время. <c=@reminder>Стаки можно получить только в бою и теряются при выходе из боя.</c>»"
"""Gain Combat High when you use Skritt Swipe, increasing your outgoing strike and condition damage. Lose stacks of Combat High every interval.""","«Получайте боевой высокий уровень, когда используете «Размах Скритта», увеличивая исходящий удар и урон от состояний. Теряйте заряды боевого высокого уровня каждый интервал»."
"""Gain Insight when disabling foes or removing boons. Full Counter refreshes all <c=@abilitytype>burst</c> skills on hit.<br><c=@reminder>Disables include stun, daze, knockback, pull, knockdown, sink, float, launch, taunt and fear.""","«Получайте проницательность при отключении противников или снятии даров. Full Counter обновляет все <c=@abilitytype>burst</c> навыки при ударе.<br><c=@reminder>Отключение включает оглушение, ошеломление, отбрасывание, притяжение, нокдаун, погружение, плавание, запуск, насмешку и страх»."
"""Gain a charge of +10 condition damage each time you kill a foe, five charges if you kill an enemy player. <c=@reminder>(Max 25 stacks; ends on down.)</c> <br><c=@reminder>(Only one attribute-stacking sigil can be active at a time.)</c>""","«Получайте заряд в размере 10 урона от состояния каждый раз, когда вы убиваете врага, пять зарядов, если вы убиваете вражеского игрока. <c=@reminder>(Максимум 25 стаков; заканчивается при падении.)</c> <br><c=@reminder>(Одновременно может быть активен только один сигил суммирования атрибутов.)</c>»"
"""Gain a charge of +10 ferocity each time you kill a foe, five charges if you kill an enemy player. <c=@reminder>(Max 25 stacks; ends on down.)</c> <br><c=@reminder>(Only one attribute-stacking sigil can be active at a time.)</c>""","«Получайте заряд 10 свирепости каждый раз, когда вы убиваете врага, пять зарядов, если вы убиваете вражеского игрока. <c=@reminder>(Максимум 25 стаков; заканчивается при падении.)</c> <br><c=@reminder>(Одновременно может быть активен только один сигил сложения атрибутов.)</c>»"
"""Gain a charge of +10 healing each time you kill a foe, five charges if you kill an enemy player. <c=@reminder>(Max 25 stacks; ends on down.)</c> <br><c=@reminder>(Only one attribute-stacking sigil can be active at a time.)</c>""","«Получайте заряд 10 исцеления каждый раз, когда вы убиваете врага, пять зарядов, если вы убиваете вражеского игрока. <c=@reminder>(Максимум 25 стаков; заканчивается при падении.)</c> <br><c=@reminder>(Одновременно может быть активен только один сигил суммирования атрибутов.)</c>»"
"""Gain a charge of +10 power each time you kill a foe, five charges if you kill an enemy player. <c=@reminder>(Max 25 stacks; ends on down.)</c> <br><c=@reminder>(Only one attribute-stacking sigil can be active at a time.)</c>""","«Получайте заряд 10 силы каждый раз, когда вы убиваете врага, пять зарядов, если вы убиваете вражеского игрока. <c=@reminder>(Максимум 25 стаков; заканчивается при падении.)</c> <br><c=@reminder>(Одновременно может быть активен только один сигил суммирования атрибутов.)</c>»"
"""Gain a charge of +10 precision each time you kill a foe, five charges if you kill an enemy player. <c=@reminder>(Max 25 stacks; ends on down.)</c> <br><c=@reminder>(Only one attribute-stacking sigil can be active at a time.)</c>""","«Получайте заряд точности 10 каждый раз, когда вы убиваете врага, пять зарядов, если вы убиваете вражеского игрока. <c=@reminder>(Максимум 25 стаков; заканчивается при падении.)</c> <br><c=@reminder>(Одновременно может быть активен только один сигил суммирования атрибутов.)</c>»"
"""Gain a charge of +2 condition damage each time you kill a foe, five charges if you kill an enemy player. <c=@reminder>(Max 25 stacks; ends on down.)</c> <br><c=@reminder>(Only one attribute-stacking sigil can be active at a time.)</c>""","«Получайте заряд в размере 2 урона от состояний каждый раз, когда вы убиваете врага, пять зарядов, если вы убиваете вражеского игрока. <c=@reminder>(Максимум 25 стаков; заканчивается при падении.)</c> <br><c=@reminder>(Одновременно может быть активен только один сигил суммирования атрибутов.)</c>»"
"""Gain a charge of +2 power each time you kill a foe, five charges if you kill an enemy player. <c=@reminder>(Max 25 stacks; ends on down.)</c> <br><c=@reminder>(Only one attribute-stacking sigil can be active at a time.)</c>""","«Получайте заряд в 2 силы каждый раз, когда вы убиваете врага, пять зарядов, если вы убиваете вражеского игрока. <c=@reminder>(Максимум 25 стаков; заканчивается при падении.)</c> <br><c=@reminder>(Одновременно может быть активен только один сигил суммирования атрибутов.)</c>»"
"""Gain a charge of +2 to all stats each time you kill a foe, five charges if you kill an enemy player. <c=@reminder>(Max 25 stacks; ends on down.)</c> <br><c=@reminder>(Only one attribute-stacking sigil can be active at a time.)</c>""","«Получайте заряд на 2 ко всем характеристикам каждый раз, когда вы убиваете врага, пять зарядов, если вы убиваете вражеского игрока. <c=@reminder>(Максимум 25 стаков; заканчивается при падении.)</c> <br><c=@reminder>(Одновременно может быть активен только один сигил суммирования атрибутов.)</c>»"
"""Gain a charge of +5 toughness each time you kill a foe, five charges if you kill an enemy player. <c=@reminder>(Max 25 stacks; ends on down.)</c> <br><c=@reminder>(Only one attribute-stacking sigil can be active at a time.)</c>""","«Получайте заряд выносливости на 5 каждый раз, когда вы убиваете врага, пять зарядов, если вы убиваете вражеского игрока. <c=@reminder>(Максимум 25 стаков; заканчивается при падении.)</c> <br><c=@reminder>(Одновременно может быть активен только один сигил суммирования атрибутов.)</c>»"
"""Gain a charge of +7 condition damage each time you kill a foe, five charges if you kill an enemy player. <c=@reminder>(Max 25 stacks; ends on down.)</c> <br><c=@reminder>(Only one attribute-stacking sigil can be active at a time.)</c>""","«Получайте заряд в размере 7 урона от состояния каждый раз, когда вы убиваете врага, пять зарядов, если вы убиваете вражеского игрока. <c=@reminder>(Максимум 25 стаков; заканчивается при падении.)</c> <br><c=@reminder>(Одновременно может быть активен только один сигил суммирования атрибутов.)</c>»"
"""Gain a charge of +7 healing each time you kill a foe, five charges if you kill an enemy player. <c=@reminder>(Max 25 stacks; ends on down.)</c> <br><c=@reminder>(Only one attribute-stacking sigil can be active at a time.)</c>""","«Получайте заряд 7 исцеления каждый раз, когда вы убиваете врага, пять зарядов, если вы убиваете вражеского игрока. <c=@reminder>(Максимум 25 стаков; заканчивается при падении.)</c> <br><c=@reminder>(Одновременно может быть активен только один сигил суммирования атрибутов.)</c>»"
"""Gain a charge of +7 power each time you kill a foe, five charges if you kill an enemy player. <c=@reminder>(Max 25 stacks; ends on down.)</c> <br><c=@reminder>(Only one attribute-stacking sigil can be active at a time.)</c>""","«Получайте заряд 7 силы каждый раз, когда вы убиваете врага, пять зарядов, если вы убиваете вражеского игрока. <c=@reminder>(Максимум 25 стаков; заканчивается при падении.)</c> <br><c=@reminder>(Одновременно может быть активен только один сигил суммирования атрибутов.)</c>»"
"""Gain a charge of +7 precision each time you kill a foe, five charges if you kill an enemy player. <c=@reminder>(Max 25 stacks; ends on down.)</c> <br><c=@reminder>(Only one attribute-stacking sigil can be active at a time.)</c>""","«Получайте заряд точности 7 каждый раз, когда вы убиваете врага, пять зарядов, если вы убиваете вражеского игрока. <c=@reminder>(Максимум 25 стаков; заканчивается при падении.)</c> <br><c=@reminder>(Одновременно может быть активен только один сигил суммирования атрибутов.)</c>»"
"""Gain a charge of +9 concentration each time you kill a foe, five charges if you kill an enemy player. <c=@reminder>(Max 25 stacks; ends on down.)</c> <br><c=@reminder>(Only one attribute-stacking sigil can be active at a time.)</c>""","«Получайте заряд концентрации на 9 каждый раз, когда вы убиваете врага, пять зарядов, если вы убиваете вражеского игрока. <c=@reminder>(Максимум 25 стаков; заканчивается при падении.)</c> <br><c=@reminder>(Одновременно может быть активен только один сигил суммирования атрибутов.)</c>»"
"""Gain a charge that grants a 0.3%% increase in healing to other allies each time you kill a foe, five charges if you kill an enemy player. <c=@reminder>(Max 25 stacks; ends on down.)</c><br><c=@reminder>(Only one attribute-stacking sigil can be active at a time.)</c>""","«Получите заряд, который увеличивает исцеление других союзников на 0,3%% каждый раз, когда вы убиваете врага, пять зарядов, если вы убиваете вражеского игрока. <c=@reminder>(Макс. 25 стаков; заканчивается при падении.)</c><br><c=@reminder>(Одновременно может быть активен только один сигил суммирования атрибутов.)</c>»"
"""Gain a charge that grants a 0.4%% increase in healing to other allies each time you kill a foe, five charges if you kill an enemy player. <c=@reminder>(Max 25 stacks; ends on down.)</c><br><c=@reminder>(Only one attribute-stacking sigil can be active at a time.)</c>""","«Получите заряд, который увеличивает исцеление других союзников на 0,4%% каждый раз, когда вы убиваете врага, пять зарядов, если вы убиваете вражеского игрока. <c=@reminder>(Макс. 25 стаков; заканчивается при падении.)</c><br><c=@reminder>(Одновременно может быть активен только один сигил суммирования атрибутов.)</c>»"
"""Gain a charge that grants a 0.5%% increase in healing to other allies each time you kill a foe, five charges if you kill an enemy player. <c=@reminder>(Max 25 stacks; ends on down.)</c><br><c=@reminder>(Only one attribute-stacking sigil can be active at a time.)</c>""","«Получите заряд, который увеличивает исцеление других союзников на 0,5%% каждый раз, когда вы убиваете врага, пять зарядов, если вы убиваете вражеского игрока. <c=@reminder>(Максимум 25 стаков; заканчивается при падении.)</c><br><c=@reminder>(Одновременно может быть активен только один сигил суммирования атрибутов.)</c>»"
"""Gain a damage increase when you use a <c=@abilitytype>Shatter</c> skill, increasing per clone shattered.""","«Получайте увеличение урона при использовании навыка <c=@abilitytype>Раскол</c>, увеличивающееся за каждый разрушенный клон»."
"""Gain a fire aura, and damage nearby foes when you attune to fire.<br><c=@reminder>Also triggers on overload skills.</c>""","«Получайте огненную ауру и наносите урон противникам поблизости, когда настроитесь на огонь.<br><c=@reminder>Также срабатывает при навыках перегрузки.</c>»"
"""Gain a shield of earth, then release a molten burst from your location.""","«Получите земляной щит, а затем выпустите расплавленный взрыв со своего места»."
"""Gain access to <c=@abilitytype>Cantrips</c> and <c=@abilitytype>Unleash</c>. While your pet is unleashed, its skills are replaced with larger area-of-effect skills. Once per interval, <c=@abilitytype>Unleashed Ambush</c> skills become available for a short period of time after you unleash.""","«Получите доступ к <c=@abilitytype>Cantrips</c> и <c=@abilitytype>Unleashed</c>. Пока ваш питомец освобожден, его навыки заменяются навыками с большей областью действия. Один раз за интервал навыки <c=@abilitytype>Unleashed Ambush</c> становятся доступными на короткий период времени после того, как вы его освободите»."
"""Gain access to <c=@abilitytype>Stances</c>. Survival in the desert has enhanced your connection to your pet, granting you the ability to meld with them by entering beastmode.<br><c=@reminder>Traits that affect your pet may affect you differently while in beastmode.</c>""","«Получите доступ к <c=@abilitytype>Стойкам</c>. Выживание в пустыне усилило вашу связь с вашим питомцем, предоставив вам возможность объединиться с ним, перейдя в режим зверя.<br><c=@reminder>Черты, влияющие на вашего питомца, могут по-разному влиять на вас в режиме зверя.</c>»"
"""Gain access to Release Potential, Cosmic Wisdom, and Legendary Entity Stance. The effects of Release Potential and Cosmic Wisdom change depending on which legend you are currently invoking. Gain affinity while using legend skills, which increases the effectiveness of Release Potential. Gain additional affinity when using legend skills above the threshold and while channeling an upkeep skill.""","«Получите доступ к «Потенциалу высвобождения», «Космической мудрости» и «Стойке легендарной сущности». Эффекты «Потенциала высвобождения» и «Космической мудрости» меняются в зависимости от того, какую легенду вы в данный момент вызываете. Получите близость при использовании навыков легенды, что увеличивает эффективность «Потенциала высвобождения». Получите дополнительную близость при использовании легендарных навыков выше порогового значения и при поддержании навыка поддержки."
"""Gain access to Slipstream Boost and Water Jets. The Slipstream allows a speed boost above and below water as well as an increase in hover power. Water Jets gives the skimmer the power to shoot stored magic projectiles at nearby allies and enemies, healing allies and damaging enemies.""","«Получите доступ к Slipstream Boost и Water Jets. Slipstream позволяет увеличить скорость над и под водой, а также увеличить мощность зависания. Water Jets даёт скиммеру возможность стрелять хранящимися магическими снарядами в ближайших союзников и врагов, исцеляя союзников и нанося урон врагам»."
"""Gain access to a network of regional merchants across Tyria with a limited supply of rare goods for trade, and increase your party's swiftness bonus in cities to 15%%.""",«Получите доступ к сети региональных торговцев по всей Тирии с ограниченным запасом редких товаров для торговли и увеличьте бонус быстроты вашей группы в городах до 15%%».
"""Gain access to a rush on a randomly selected map. Once the start location is set, participants will face a timed challenge course for individual rewards. The course needs to be completed 15 times for the guild to succeed.""","«Получите доступ к рашу на случайно выбранной карте. Как только стартовая локация будет установлена, участникам предстоит пройти временной курс испытаний для получения индивидуальных наград. Чтобы гильдия добилась успеха, этот курс необходимо пройти 15 раз»."
"""Gain access to spirit innervation skills, allowing you to channel energy to your spirits for an additional effect. <br>Gain life force when you use an innervate skill.""","«Получите доступ к навыкам иннервации духа, которые позволят вам направлять энергию своим духам для получения дополнительного эффекта. <br>Получите жизненную силу, используя навык иннервации»."
"""Gain access to the <c=@abilitytype>Gunsaber</c> as an alternate weapon set, but lose the ability to swap to other weapon sets during combat. Adrenaline is replaced with <c=@abilitytype>flow</c>.""","«Получите доступ к <c=@abilitytype>Gunsaber</c> в качестве альтернативного набора оружия, но потеряете возможность переключаться на другие наборы оружия во время боя. Адреналин заменяется <c=@abilitytype>flow</c>»."
"""Gain access to the Mech Command skill Sky Circus. While dismissed or away for repairs, your mech supports you with an occasional aerial bombardment.<br>Signet skills gain improved passive effects and continue to grant their passive bonuses while recharging.""","«Получите доступ к навыку командования мехом «Sky Circus». Когда вы уволены или находитесь в ремонте, ваш мех поддерживает вас случайной воздушной бомбардировкой.<br>Навыки печатей получают улучшенные пассивные эффекты и продолжают предоставлять свои пассивные бонусы во время перезарядки»."
"""Gain adrenaline when hit. Remove a condition when you hit with a <c=@abilitytype>burst</c> skill, then remove an additional condition for every bar of adrenaline spent.""","«Получайте адреналин при ударе. Удалите условие, когда вы наносите удар умением <c=@abilitytype>burst</c>, а затем удалите дополнительное условие для каждой потраченной полоски адреналина»."
"""Gain an additional artifact slot. Whenever you pilfer, you gain an additional, random artifact. You can use one additional artifact when you pilfer with Skritt Swipe.""","«Получите дополнительный слот для артефакта. Всякий раз, когда вы воруете, вы получаете дополнительный случайный артефакт. Вы можете использовать один дополнительный артефакт, когда воруете с помощью Skritt Swipe»."
"""Gain attributes based on your current attunement. When dual attuned, gain both benefits.""",«Получайте атрибуты в зависимости от вашей текущей настройки. При двойной настройке вы получаете оба преимущества».
"""Gain barrier over time, and pulse damage in the area.""",«Повышайте барьер с течением времени и наносите импульсный урон в этой области».
"""Gain barrier when you strike foes with a stealth attack. When you apply stealth to allies, you also grant them barrier.<br><c=@reminder>This effect can only be received once and will reset when stealth is removed.</c>""","«Получайте барьер, когда вы поражаете врагов скрытной атакой. Когда вы применяете невидимость к союзникам, вы также предоставляете им барьер.<br><c=@reminder>Этот эффект можно получить только один раз, и он сбрасывается, когда невидимость снимается.</c>»"
"""Gain bonus power, which is increased when wielding a dagger.""","«Получите дополнительную силу, которая увеличивается при использовании кинжала»."
"""Gain bonus rewards, increased magic find and a 30%% reduction in damage taken from enemies with the Essence of Vigilance. Gain the ability to use the Night Terror special action skill from veteran and champion enemies with the Essence of Vigilance at major health thresholds.""","«Получите дополнительные награды, улучшите магический поиск и на 30%% сократите урон, получаемый от врагов, с помощью Сущности бдительности. Получите возможность использовать навык специального действия «Night Terror» от врагов-ветеранов и чемпионов с Сущностью бдительности при достижении максимального уровня здоровья."
"""Gain boons when resolve's effect triggers, but you no longer heal. Resolve has a modified duration. Gain boons when you use Flowing Resolve.""","«Получайте дары, когда срабатывает эффект решимости, но вы больше не лечите. У Решительности изменена продолжительность. Получайте дары, когда используете Плавную решимость»."
"""Gain condition damage. Gain additional condition damage while wielding a torch, dagger, or mace. Torch and dagger skills recharge faster.""","«Получите урон от состояний. Получите дополнительный урон от состояний, держа в руках факел, кинжал или булаву. Навыки факела и кинжала перезаряжаются быстрее»."
"""Gain endurance and strike enemies around you, gaining bonus endurance for each enemy struck.""","«Повышайте выносливость и бейте врагов вокруг себя, получая дополнительную выносливость за каждого пораженного врага»."
"""Gain ferocity, and gain additional ferocity while attuned to air. Air weapon skills get a reduced recharge time.""","«Получайте свирепость и получайте дополнительную свирепость, пока настроены на воздух. Навыки воздушного оружия сокращают время перезарядки»."
"""Gain fury when you disable a foe.<br><c=@reminder>Disables include stun, daze, knockback, pull, knockdown, sink, float, fear, launch, and taunt.</c>""","«Получайте ярость, когда вы выводите противника из строя.<br><c=@reminder>В число отключений входят оглушение, ошеломление, отбрасывание, притягивание, нокдаун, погружение, плавание, страх, запуск и насмешка.</c>»"
"""Gain health and boons when swapping legends, or by using <c=@abilitytype>Alliance Tactics</c> while attuned to the Legendary Alliance.""","«Получайте здоровье и дары, меняя легенды или используя <c=@abilitytype>Тактику Альянса</c>, будучи настроенным на Легендарный Альянс»."
"""Gain increased movement speed, which is further increased while out of combat. When you enter combat, gain a burst of speed.""","«Повышайте скорость передвижения, которая ещё больше увеличивается вне боя. Когда вы вступаете в бой, вы получаете прирост скорости»."
"""Gain increased outgoing damage when you grant yourself an aura. <c=@reminder>When this triggers, refresh the duration of all stacks. </c>""","«Получайте увеличенный исходящий урон, когда вы создаете себе ауру. <c=@reminder>Когда это срабатывает, обновите длительность всех стаков. </c>»"
"""Gain increased outgoing strike damage and reduced incoming strike damage. When above the health threshold, outgoing strike damage is further increased. When below the health threshold, incoming strike damage is further reduced.""","«Получайте увеличенный урон от исходящего удара и уменьшенный урон от входящего удара. Когда уровень здоровья превышает порог, урон от исходящего удара ещё больше увеличивается. Когда ниже порога здоровья, урон от входящего удара ещё больше уменьшается»."
"""Gain initiative when you dodge, and gain initiative and regeneration when you evade an attack.<br><c=@reminder>Evading can only trigger this trait once per interval.</c>""","«Получайте инициативу, когда уклоняетесь, и получайте инициативу и регенерацию, когда уклоняетесь от атаки.<br><c=@reminder>Уклонение может активировать эту черту только один раз за интервал.</c>»"
"""Gain kinetic charges when you use a tool belt skill. At maximum, charges gain a burst of speed.""","«Получайте кинетические заряды, когда используете навык пояса с инструментами. Максимально заряды получают прирост скорости»."
"""Gain knowledge of Elonian lore, igniting a fierce drive to purge corruption and manifesting your <c=@abilitytype>Virtues</c> as mystic tomes. Gain access to <c=@abilitytype>Mantras</c>.""","«Получите знания об Илонианских знаниях, зажгите яростное стремление очистить порчу и воплотите свои <c=@abilitytype>Добродетели</c> в виде мистических фолиантов. Получите доступ к <c=@abilitytype>Мантрам</c>»."
"""Gain knowledge of Elonian lore, igniting a fierce drive to purge corruption and manifesting your <c=@abilitytype>Virtues</c> as mystic tomes. Gain access to <c=@abilitytype>Mantras</c>.<br><c=@reminder>Using Tome skills consumes pages. You regenerate pages every interval.</c>""","«Получите знания об Илонианских знаниях, зажгите яростное стремление очистить порчу и проявите свои <c=@abilitytype>Добродетели</c> в виде мистических томов. Получите доступ к <c=@abilitytype>Мантрам</c>.<br><c=@reminder>Использование навыков Тома потребляет страницы. Вы восстанавливаете страницы каждый интервал.</c>»"
"""Gain life force when you inflict burning, and remove or corrupt a boon.""","«Получайте жизненную силу, когда вызываете горение, а также снимаете или портите дар»."
"""Gain light aura when entering Radiant Forge. Luminary skills detonate light aura, damaging enemies and healing allies.""","«При входе в Сияющую кузницу вы получаете световую ауру. Светящиеся навыки взрывают световую ауру, нанося урон врагам и исцеляя союзников»."
"""Gain might for using any skill while attuned to fire. When leaving fire attunement or successfully completing a fire overload, unleash a Flame Expulsion.""","«Получайте мощь при использовании любого навыка, пока настроены на огонь. При выходе из настройки огня или успешном завершении огненной перегрузки высвобождаете выброс пламени»."
"""Gain might when you interrupt a foe, then gain another boon randomly.""","«Получайте мощь, прерывая врага, а затем случайным образом получайте ещё одно благо»."
"""Gain might, resistance, and Kalla's Fervor when you use a healing skill.""","«Получайте мощь, сопротивление и пыл Каллы, когда используете умение исцеления»."
"""Gain more experience while in Janthir, and gain additional currency items by completing events in Janthir Wilds.""","«Получайте больше опыта, находясь в Джантире, и получайте дополнительную валюту, выполняя события в Джантирских джунглях»."
"""Gain motivation when you enter combat. If no refrains are active, automatically activate the refrain of Chant of Action.""","«Получайте мотивацию, когда вступаете в бой. Если ни один рефрен не активен, автоматически активируется припев «Песни действия»."
"""Gain one of each of the 30 existing random dye kits with the Dye Kit Sampler, and directly choose 2 account-bound, exclusive dyes with the new Exclusive Color Swatches.""","«Получите по одному из 30 существующих случайных наборов красок с помощью Dye Kit Sampler и напрямую выберите 2 эксклюзивных красителя, привязанных к учётной записи, с помощью новых эксклюзивных образцов цвета»."
"""Gain power, then gain extra power while you are revealed.""","«Получите силу, а затем получите дополнительную силу, пока вы раскрыты»."
"""Gain precision. When you dodge roll, gain access to your stealth attack if your malice is above the threshold.""","«Повышайте точность. Когда вы уклоняетесь от броска, получите доступ к скрытной атаке, если ваша злоба превышает порог»."
"""Gain protection when you are disabled.<br><c=@reminder>Disables include stun, daze, knockback, pull, knockdown, sink, float, launch, taunt, and fear.""","«Получайте защиту, когда вы обездвижены.<br><c=@reminder>Отключение включает оглушение, ошеломление, отбрасывание, притягивание, нокдаун, погружение, плавание, запуск, насмешку и страх»."
"""Gain protection, regeneration, and resolution after using a healing skill.""","«Получите защиту, регенерацию и разрешение после использования навыка исцеления»."
"""Gain quickness and recharge your <c=@abilitytype>Burst</c> skills when you strike a foe that is below the health threshold. Gain increased outgoing healing when you strike with a <c=@abilitytype>Burst</c> skill, based on adrenaline spent.""","«Повышайте скорость и перезаряжайте свои навыки <c=@abilitytype>Burst</c>, когда наносите удары по противнику, у которого уровень здоровья ниже порога. Получите увеличенное исходящее исцеление, когда вы наносите удар навыком <c=@abilitytype>Burst</c>, в зависимости от потраченного адреналина»."
"""Gain quickness when you disable an enemy. While you have quickness, your movement speed is increased. <c=@reminder>This stacks with other movement speed increases.</c>""","«Получайте быстроту, когда вы обезвреживаете врага. Пока у вас есть быстрота, ваша скорость передвижения увеличивается. <c=@reminder>Это суммируется с другими увеличениями скорости передвижения.</c>»"
"""Gain regeneration when you are inflicted with bleeding, poison, or burning. While you have regeneration, you take reduced strike damage.""","«Получите регенерацию, когда на вас наложено кровотечение, яд или ожог. Пока у вас есть регенерация, вы получаете меньший урон от ударов»."
"""Gain resolution and aegis when disabled.<br><c=@reminder>Disables include stun, daze, knockback, pull, knockdown, sink, float, launch, taunt, and fear.</c>""","«При отключении вы получаете разрешение и эгиду.<br><c=@reminder>Отключение включает оглушение, ошеломление, отбрасывание, притягивание, нокдаун, погружение, плавание, запуск, насмешку и страх.</c>»"
"""Gain stability when disabling an enemy. Deal increased strike damage to disabled, exposed, or defiant foes.<br><c=@reminder>Disables include stun, daze, knockback, pull, knockdown, sink, float, launch, taunt, and fear.</c>""","«Получайте стабильность, выводя врага из строя. Наносите повышенный урон от ударов обездвиженным, незащищенным или непокорным противникам.<br><c=@reminder>Отключение включает оглушение, ошеломление, отбрасывание, притяжение, нокдаун, погружение, плавание, запуск, насмешку и страх.</c>»"
"""Gain stacking condition damage when you are hit by a poisoned foe. <c=@reminder>When this triggers, it refreshes the duration of all stacks.</c>""","«Получайте суммируемый урон от состояний, когда вас поражает отравленный противник. <c=@reminder>Когда это срабатывает, продолжительность всех стаков обновляется.</c>»"
"""Gain stacks of Greer's Virulence when you inflict poison on a foe. After reaching the maximum number of stacks, the next time you inflict poison also inflicts additional conditions on nearby enemies.""","«Получайте заряды Злобы Грира, когда вы наносите яд противнику. После достижения максимального количества стаков в следующий раз, когда вы наносите яд, на ближайших врагов также накладываются дополнительные состояния»."
"""Gain stacks of Kuda's Cruelty when you inflict damaging conditions. After reaching the maximum number of stacks, convert outgoing condition damage into healing for a short period of time.""","«Получайте заряды Жестокости Куда, когда вы накладываете разрушительные состояния. После достижения максимального количества стаков преобразуйте исходящий урон от состояний в исцеление на короткий период времени»."
"""Gain stacks of Nourys's Hunger every interval when you remove boons from enemies. Consume 10 stacks to grow larger, dealing increased damage, taking reduced damage, and converting a percentage of outgoing damage into healing.""","«Получайте заряды «Голода Нуриса» каждый интервал, когда вы снимаете дары с врагов. Поглотите 10 зарядов, чтобы стать больше, наносить увеличенный урон, получать меньший урон и превращать процент исходящего урона в исцеление»."
"""Gain stacks when striking or being struck by an enemy. When this ends, damage nearby enemies based on the number of stacks.""","«Получайте заряды при ударе или получении удара от врага. Когда это закончится, наносите урон ближайшим врагам в зависимости от количества зарядов»."
"""Gain stealth, lost by emerging to attack.""","«Получите невидимость, потеряв возможность атаковать»."
"""Gain swiftness when you are inflicted with inhibiting conditions. When gaining either superspeed or swiftness, also gain regeneration and cleanse a condition. Swiftness has increased effectiveness.</c>""","«Получайте быстроту, когда на вас наложены сдерживающие состояния. При получении сверхскорости или стремительности вы также получаете регенерацию и очищаете состояние. Быстрота имеет повышенную эффективность.</c>»"
"""Gain the ability to consume these multifaceted healing mushrooms, healing you instantly and curing some conditions.""","«Получите возможность потреблять эти многогранные целебные грибы, мгновенно исцеляющие вас и излечивающие некоторые состояния»."
"""Gain the trust of the strange and mysterious Exalted, giving you access to their services in the Forgotten City.""","«Завоюйте доверие странных и загадочных Возвышенных, получив доступ к их услугам в Забытом городе»."
"""Gain toughness when wielding a shield, and shield skills gain reduced recharge.""","«При использовании щита повышается выносливость, а перезарядка навыков щита снижается»."
"""Gain toughness when wielding a shield. Reduces recharge on shield skills when you daze, knockback, or stun with a shield.""","«Повышайте выносливость, владея щитом. Уменьшает перезарядку навыков щита, когда вы ошеломляете, отбрасываете или оглушаете щитом»."
"""Gairwen has agreed to trick Bercilak into removing his helmet. It is difficult for her to do this, but Caithe and I convinced her that it was the only way to defeat Bercilak and end his cruel games.""","«Гайрвен согласилась обманом заставить Берсилака снять шлем. Ей трудно это сделать, но мы с Кейт убедили её, что это единственный способ победить Берсилака и положить конец его жестоким играм»."
"""Galina Edgecrusher and Snarl Backdraft were reluctant to work together, but we rescued Snarl—and he convinced Galina. They'll meet us at Claw Island for our attack against the armies of Zhaitan.""","«Галина Edgecrusher и Snarl Backdraft не хотели работать вместе, но мы спасли Snarl — и он убедил Галину. Они встретят нас на острове Когтя для нашей атаки на армии Зайтана»."
"""Gamal, Poisoner of the Well""","«Гамаль, отравитель колодца»"
"""Gandara, the Moon Fortress""","«Гандара, Лунная крепость»"
"""Gara is ready to persuade his people to resist the dragon minion, but the tribe's other shaman are determined to silence him . Gara needs someone to protect him while he makes his case.""","«Гара готов убедить свой народ сопротивляться миньону-дракону, но другой шаман племени полон решимости заставить его замолчать. Гаре нужен кто-то, кто защитит его, пока он будет доказывать свою правоту»."
"""Garbage—in, garbage—out.""","«Мусор внутрь, мусор наружу»."
"""Gardesano, Avatar of the All Seer""","«Гардезано, Аватар Всевидящего»"
"""Gate down! Watch yourselves, it's gonna get ugly quick.""","«Ворота вниз! Берегите себя, скоро станет ужасно»."
"""Gather 100 Crafting Resources by Mining, Logging, Fishing, or Harvesting Resource Nodes""","«Соберите 100 ресурсов для крафта, добывая, занимаясь лесозаготовками, ловя рыбу или собирая ресурсы»"
"""Gather 100 crafting resources by mining, logging, fishing, or harvesting resource nodes.""","«Соберите 100 ресурсов для крафта, добывая, вырубая, ловя рыбу или собирая ресурсы»."
"""Gather 25 crafting resources by mining, logging, harvesting, or fishing.""","«Соберите 25 ресурсов для крафта, добывая, заготавливая лес, собирая урожай или ловя рыбу»."
"""Gather Essence of Aggression, Joy, Anxiety, Judgment, or Despair around Skywatch Archipelago""","«Соберите эссенцию агрессии, радости, тревоги, осуждения или отчаяния вокруг архипелага Небесного Дозора»"
"""Gather a partially digested fish carcass from a shark, and use it to fertilize your hidden garden in Mount Maelstrom.""","«Соберите частично переваренную рыбью тушу акулы и используйте её, чтобы удобрить свой тайный сад на горе Водоворот»."
"""Gather a total of five apples for the new delegates to enjoy. If you are downed or defeated, you will lose any apples you're carrying.""","«Соберите в общей сложности пять яблок, чтобы они могли насладиться новыми делегатами. Если вы побеждены или побеждены, вы потеряете все яблоки, которые несете»."
"""Gather a total of five flash-seared crabs for the Kryptis delegates to enjoy. If you are downed or defeated, you will lose any meat you're carrying.""","«Соберите в общей сложности пять обжаренных крабов, чтобы они могли насладиться делегатами Криптиса. Если вы побеждены или побеждены, вы потеряете все мясо, которое несете с собой»."
"""Gather bone meal from Tequatl the Sunless, and use it to fertilize your hidden garden in Mount Maelstrom.""","«Соберите костную муку у Текуатля Тусклого и используйте её, чтобы удобрить свой тайный сад на горе Водоворот»."
"""Gather bone meal from a Champion Risen Megalodon in Orr, and use it to fertilize your hidden garden in Mount Maelstrom.""",«Соберите костную муку у восставшего чемпиона мегалодона в Орре и используйте её для удобрения своего тайного сада на горе Водоворот».
"""Gather bone meal from a Risen Giant, and use it to fertilize your hidden garden in Mount Maelstrom.""","«Соберите костную муку восставшего гиганта и используйте её, чтобы удобрить свой тайный сад на горе Водоворот»."
"""Gather bone meal from the Risen High Wizard at the Gates of Arah in Cursed Shore, and use it to fertilize your hidden garden in Mount Maelstrom.""","«Соберите костную муку у Воскресшего Верховного Волшебника у Врат Араха на Проклятом Берегу и используйте её, чтобы удобрить свой тайный сад на горе Водоворот»."
"""Gather bone meal from the Risen King in the Royal Tombs of Cursed Shore, and use it to fertilize your hidden garden in Mount Maelstrom.""",«Соберите костную муку Воскресшего Короля в королевских гробницах Проклятого берега и используйте её для удобрения своего тайного сада на горе Водоворот».
"""Gather crabmeat or cave beast meat to feed raptors, engage enemies while mounted, and hunt fireflies on your raptor.""","«Собирайте крабовое мясо или мясо пещерных зверей, чтобы кормить хищников, сражайтесь с врагами верхом и охотьтесь на светлячков на своем хищнике»."
"""Gather honey and hawk eggs, stomp beetle burrows with your mount, and rid the farms of pests.""","«Собирайте мед и ястребиные яйца, топайте норы жуков своим скакуном и избавляйте фермы от вредителей»."
"""Gather raw materials by catching fish in the following locations: Caledon Forest, Metrica Province, Brisban Wildlands, Sparkfly Fen, or Mount Maelstrom.""","«Собирайте сырье, ловя рыбу в следующих местах: Caledon Forest, Metrica Province, Brisban Wildlands, болото Спаркфлай или гора Водоворот»."
"""Gather raw materials by catching fish in the following locations: Crystal Oasis, the Desert Highlands, the Elon Riverlands, the Desolation, or the Domain of Vabbi.""","«Собирайте сырье, ловя рыбу в следующих местах: Crystal Oasis, Desert Highlands, Речные земли Илона, Пустошь или Domain of Vabbi»."
"""Gather raw materials by catching fish in the following locations: Plains of Ashford, Diessa Plateau, Fields of Ruin, Blazeridge Steppes, Iron Marches, or Fireheart Rise.""","«Собирайте сырье, ловя рыбу в следующих местах: Plains of Ashford, Плато Диссы, Поля Руин, Blazeridge Steppes, Iron Marches или Возвышенность Огненного Сердца»."
"""Gather raw materials by catching fish in the following locations: Queensdale, Kessex Hills, Gendarran Fields, Harathi Hinterlands, Bloodtide Coast, or Southsun Cove.""","«Собирайте сырье, ловя рыбу в следующих местах: Квинсдейл, Кессекс-Хиллз, Gendarran Fields, Внутренние земли Харати, Берег Кровавого Прилива или Бухта Саут-Сан»."
"""Gather raw materials by catching fish in the following locations: Seitung Province, New Kaineng City, Echovald Wilds, or Dragon's End.""","«Собирайте сырье, ловя рыбу в следующих местах: Seitung Province, город New Kaineng City, дебри Эховальд или Край Дракона»."
"""Gather raw materials by catching fish in the following locations: Straits of Devastation, Malchor's Leap, or Cursed Shore.""","«Собирайте сырье, ловя рыбу в следующих местах: Пролив Опустошения, Прыжок Малхора или Cursed Shore»."
"""Gather raw materials by catching fish in the following locations: Verdant Brink, Auric Basin, Tangled Depths, or Dragon's Stand.""","«Собирайте сырье, ловя рыбу в следующих локациях: Зелёные края, Золотой бассейн, Спутанные глубины или Стенд Дракона»."
"""Gather raw materials by catching fish in the following locations: Wayfarer Foothills, Snowden Drifts, Lornar's Pass, Dredgehaunt Cliffs, Timberline Falls, or Frostgorge Sound.""","«Собирайте сырье, ловя рыбу в следующих местах: Wayfarer Foothills, Сноуден-Дрейфс, Lornar's Pass, Dredgehaunt Cliffs, Timberline Falls или Frostgorge Sound»."
"""Gather raw materials by foraging plants in the following locations: Seitung Province, New Kaineng City, Echovald Wilds, or Dragon's End.""","«Собирайте сырье, собирая растения в следующих местах: Seitung Province, город New Kaineng City, дебри Эховальд или Край Дракона»."
"""Gather raw materials by harvesting trees in the following locations: Seitung Province, New Kaineng City, Echovald Wilds, or Dragon's End.""","«Собирайте сырье, собирая деревья в следующих местах: Seitung Province, город New Kaineng City, дебри Эховальд или Край Дракона»."
"""Gather raw materials by mining ore in the following locations: Seitung Province, New Kaineng City, Echovald Wilds, or Dragon's End.""","«Собирайте сырье, добывая руду в следующих местах: Seitung Province, город New Kaineng City, дебри Эховальд или Край Дракона»."
"""Gather the necessary armor skins and defeat Galene the Seething to unlock the ability to purchase the Arcanum of Astral Bearing from Lyhr, the wizard smith.""","«Соберите необходимые облики брони и победите Галену Кипящую, чтобы разблокировать возможность приобрести Арканум астрального подшипника у Лира, волшебника-кузнеца»."
"""Gather the necessary armor skins and defeat Knaebelag the Terror to unlock the ability to purchase the Arcanum of Astral Stride from Lyhr, the wizard smith.""","«Соберите необходимые облики брони и победите Кнебелага Ужаса, чтобы разблокировать возможность приобрести Арканум Астрального Похода у Лира, волшебника-кузнеца»."
"""Gather the necessary armor skins and defeat Nourys, the Eyes of the Abyss to unlock the ability to purchase Arcanum of Astral Heartbeat from the Wizard's Tower.""","«Соберите необходимые облики брони и победите Нуриса, Глаза Бездны, чтобы разблокировать возможность приобрести Arcanum of Astral Heartbeat в Башне Волшебника»."
"""Gather the necessary components and gifts for Astral armors. The wizard smith, Lyhr, can help you craft them in the Wizard's Tower.""",«Соберите необходимые компоненты и подарки для астральных доспехов. Мастер-кузнец Лир поможет вам изготовить их в Башне Волшебника».
"""Gather the necessary components and gifts for making a legendary relic. The wizard smith, Lyhr, can help you craft them in the Wizard's Tower.""",«Соберите необходимые компоненты и подарки для создания легендарной реликвии. Мастер-кузнец Лир поможет вам изготовить их в Башне Волшебника».
"""Gather up dust into your tornado form, making it shoot out dust devils that blind foes.""","«Соберите пыль в форму торнадо, заставляя его стрелять пылевыми дьяволами, ослепляющими врагов»."
"""Gathered Pact supplies will increase defenses at the rally points, and choppers will land at rally points to gather stragglers.""","«Собранные припасы Пакта усилят защиту в точках сбора, а вертолеты приземлятся в точках сбора, чтобы собрать отставших»."
"""Gatherers from the quaggan village of Falooaloo have gone missing, which means no food for the clutch of eggs that's about to hatch. The village needs your help to solve this mystery, or their offspring will not survive.""","«Собиратели из деревни квагганов Фалуалоо пропали без вести, а это значит, что для яиц, которые вот-вот вылупятся, не будет еды. Деревне нужна ваша помощь, чтобы разгадать эту тайну, иначе их потомство не выживет»."
"""Gazing upon the small fishing village, you are reminded of those you fight for and the reasons you do so.""","«Глядя на маленькую рыбацкую деревню, вы вспоминаете тех, за кого сражаетесь, и причины, по которым вы это делаете»."
"""Gee, thanks. Bye.""","«Ну и дела, спасибо. Пока»."
"""Gendarran Fields is an area of contrasts. The Shiverpeaks rise in the east, farms dominate its southern hills, and to the west, Krytans fight centaurs in a centuries-old war. Meanwhile, at the heart of the region, pirates gallivant upon Lake Gendarr and raid surrounding communities.""","«Gendarran Fields — это область контрастов. На востоке возвышаются Шиверпики, на южных холмах доминируют фермы, а на западе критяне сражаются с кентаврами в многовековой войне. Тем временем в самом сердце региона пираты снуют по озеру Гендарр и совершают набеги на окружающие поселения»."
"""General Almorra Soulkeeper: The Orrians dare to strike at our keep? Well, they shall see how a cornered lion fights!""","«Генерал Альморра Душещица: Оррианцы осмелились напасть на нашу крепость? Что ж, они увидят, как сражается загнанный в угол лев!»"
"""General Almorra has asked me to assist Warmaster Forgal on a mission to Ascalon, where the treaty at Ebonhawke is in jeopardy from renegades. The Vigil wants the peace to succeed.""","«Генерал Альморра попросил меня помочь Воителю Форгалу в миссии в Аскалон, где договор в Эбонхоке находится под угрозой из-за ренегатов. Дозор хочет, чтобы мир увенчался успехом»."
"""General context-sensitive interact prompt. Used for interacting with the environment, including Talk, Loot, Revive, etc.""","«Общая контекстно-зависимая подсказка взаимодействия. Используется для взаимодействия с окружающей средой, включая разговор, добычу, оживление и т. д»."
"""Generally, the swamp is filled with nothing more than drakes and trolls, but sometimes ghosts pop up, and even worse things. Moritz has theories on why this happens, but I'm not so sure.""","«Как правило, болото наполнено не более чем дрейками и троллями, но иногда появляются призраки и даже худшие вещи. У Морица есть теории, почему это происходит, но я не уверен»."
"""Generations have passed since Abaddon was defeated, but his tormented energies remain.""","«Поколения прошли с тех пор, как Абаддон был побежден, но его измученная энергия осталась»."
"""Gently, now.""","«Осторожно, сейчас»."
"""Get a toy bell from the children of Seitung Harbor. Remember, good little children stay in their beds at night.""","«Возьмите игрушечный колокольчик у детей гавани Сейтунг. Помните, хорошие маленькие дети остаются в своих кроватях по ночам»."
"""Get an experimental weapon from Kamma and test it on Risen and krait, or activate energy scanners.""",«Получите экспериментальное оружие у Каммы и проверьте его на Ризене и крайте или активируйте энергетические сканеры».
"""Get back on your mount! Scars will heal, but shame is eternal.""","«Возвращайтесь на своего скакуна! Шрамы заживут, но стыд вечен»."
"""Get back, THIEF, RUFFIAN, CAPITAL INVADER, or UNLAWFUL CITIZEN! This is a nonhostile establishment.""","«Вернись, ВОР, ГОРДОН, ЗАХВАТНИК КАПИТАЛА или НЕЗАКОННЫЙ ГРАЖДАНИН! Это невраждебное заведение»."
"""Get clear of the beach. Quickly, now!""","«Убирайтесь с пляжа. Быстро, сейчас!»"
"""Get equipped with armor, weapons, skills, and specializations that will increase your effectiveness and help you navigate max-level perils.""","«Оборудуйтесь доспехами, оружием, навыками и специализациями, которые повысят вашу эффективность и помогут вам преодолевать опасности максимального уровня»."
"""Get healing herbs from the """"Heal the wounded wolf pup"""" or """"Heal the wounded fawn"""" events.""",«Получите целебные травы в событиях «Исцелите раненого волчонка» или «Исцелите раненого олененка».
"""Get him! Get him! Or is it a her? Whatever. """"Get"""" is gender neutral.""",«Возьми его! Возьми его! Или это она? Неважно. «Получить» гендерно нейтрально».
"""Get into to position, nice and quiet-like. When I give the signal, show no mercy!""","«Займите позицию, красиво и тихо. Когда я подам сигнал, не проявляйте милосердия!»"
"""Get it yourself, you ungrateful toad.""","«Получи это сам, неблагодарная жаба»."
"""Get knocked down by a Dust Mite Twister, commonly found in arid and desert-like areas.""","«Будьте сбиты с ног пылевым клещом Twister, который обычно встречается в засушливых и пустынных районах»."
"""Get me enough poison, and I'll cook up a treatment that will purify the entire reservoir.""","«Дайте мне достаточно яда, и я приготовлю лекарство, которое очистит весь резервуар»."
"""Get me my secret sauce! Not sure where it is, but that's not the secret.""","«Принеси мне мой секретный соус! Не знаю, где он, но секрет не в этом»."
"""Get me out, get me out, get me out!""","«Вытащите меня, вытащите меня, вытащите меня!»"
"""Get out, you! Go on.""",«Уйди ты! Иди».
"""Get that roasted meat over here to me, now!""","«Принеси мне это жареное мясо, немедленно!»"
"""Get them off me! I need to finish this ritual before the sap spoils, or all of this was for nothing!""","«Убери их от меня! Мне нужно закончить этот ритуал, пока сок не испортился, иначе все это было напрасно!»"
"""Get them, comrades!""","«Возьмите их, товарищи!»"
"""Get this skritt to safety, fast!""",«Быстро уведите этого скритта в безопасное место!»
"""Get to the orb, but watch out when it turns red.""","«Доберитесь до сферы, но будьте осторожны, когда она станет красной»."
"""Get up, you sorry little jelly-bellies! Now that those skale ate all your crabs I have to work twice as hard!""","«Вставайте, жалкие желебрюшки! Теперь, когда эти чешуйки съели всех ваших крабов, мне придётся работать в два раза усерднее!»"
"""Get your feet wet, rookie.""","«Намочи ноги, новичок»."
"""Get your paws off my garbage, you stinking scavengers!""","«Уберите лапы от моего мусора, вонючие падальщики!»"
"""Getting a new gate online takes some time, but trust me—it's worth the effort.""","«Подключение новых ворот к сети занимает некоторое время, но поверьте мне, оно того стоит»."
"""Getting in to Gadd's lab wasn't easy, but the artifact you discovered there ought to be worth it. Time to get Gadd's last treasure back to your lab and determine just how valuable it is.""","«Попасть в лабораторию Гэдда было нелегко, но артефакт, который вы там обнаружили, должен того стоить. Пришло время вернуть последнее сокровище Гэдда в свою лабораторию и определить, насколько оно ценно»."
"""Ghost pirates! Ha, I love my job. It's exciting!""","«Пираты-призраки! Ха, я люблю свою работу. Это увлекательно!»"
"""Ghostly traps materialize at your feet, frightening your mount.""","«У ваших ног материализуются призрачные ловушки, пугающие вашего скакуна»."
"""Ghosts are not exciting. They always want you to do things. Bury their bones, find their treasure. Blah, blah, blah.""","«Призраки не интересны. Они всегда хотят, чтобы вы что-то делали. Закопайте их кости, найдите их сокровища. Бла, бла, бла»."
"""Ghosts of Ascalon, rise up and defend me!""","«Призраки Аскалона, восстайте и защитите меня!»"
"""Ghosts overran us. Smashed most of our mortars. A few are still operational, though, if you feel like shelling some of the blue fiends.""","«Призраки наводнили нас. Разбили большую часть наших минометов. Однако некоторые все ещё в рабочем состоянии, если вам хочется обстрелять некоторых синих извергов»."
"""Giant drake...near the...dam... Someone, help!""","«Гигантский селезень… возле… плотины… Кто-нибудь, помогите!»"
"""Giant shiny, floaty thing! (squeal)""","«Гигантская блестящая, летающая штука! (визг)»"
"""Give Zommoros armor, weapons, trinkets, food, wood planks, or metal ingots to receive a Captain's Council Commendation.""","«Отдайте Зомморосу броню, оружие, безделушки, еду, деревянные доски или металлические слитки, чтобы получить Благодарность Совета капитанов»."
"""Give a black pearl, dropped by the risen in Orr, to Peneloopee in Lion's Arch.""","«Отдайте чёрную жемчужину, оставленную воскресшими в Орре, Пенелопе в Львиной Арке»."
"""Give me a bomb, and I'll get there.""","«Дайте мне бомбу, и я доберусь»."
"""Give might and fury to yourself, then spread boons you have to allies.""","«Дайте мощь и ярость себе, а затем распространите блага среди своих союзников»."
"""Given Tribune Brimstone's refusal, Braham has no choice but to go to Hoelbrak and ask Knut Whitebear to send Wolfborn to help defend his homestead.""","«Учитывая отказ Трибьюн Жарокамня, у Брэхама нет другого выбора, кроме как отправиться в Хоэлбрак и попросить Кнута Белого Медведя прислать Волкорожденного помочь защитить его усадьбу»."
"""Given by Aksim, upon completion of the Sparking the Flame story mission.""",«Даёт Аксим после завершения сюжетной миссии «Разжигание пламени».
"""Given by Defector Basma near Palawa's Grace in Arid Gladefields, in exchange for Ebele's instructions.""",«Дано перебежчиком Басмой возле «Милости Палавы» в Засушливых полянах в обмен на инструкции Эбеле.
"""Given by Defector Majid near Sandbound Towers in the Quickmire, in exchange for Ebele's instructions.""",«Отдается перебежчиком Маджидом возле Песчаных башен в Квикмайре в обмен на инструкции Эбеле».
"""Given by Mayor Kabir in Destiny's Gorge, in return for helping the villagers of Zephyr's Trace.""",«Отдается мэром Кабиром в Destiny's Gorge в обмен на помощь жителям деревни Зефирс-След».
"""Given to you by a lost wavehawk, this token demonstrates the attachment and emotional bond skimmers form.""","«Этот жетон, подаренный вам потерянным волновым ястребом, демонстрирует привязанность и форму скиммеров эмоциональной связи»."
"""Gives a whole new meaning to Ventari's teaching of, """"Where life goes—so, too, should you.""""""","«Придает совершенно новый смысл учению Вентари: «Куда идет жизнь, туда же и ты должен идти»»»."
"""Giwebo, the Rune[s] of Humility""","«Гивебо, руна смирения»"
"""Glad to have you with us, Slayer. Scholar's Cleft is abuzz with rumors of an impending dredge attack.""","«Рад, что ты с нами, Истребитель. Расщелина Ученого гудит от слухов о предстоящей атаке драгами»."
"""Glad you're here, we need a new pair of legs. Could you help us catch a ghost? All this thing's good at is running around and spouting jokes. Really bad jokes.""","«Рад, что ты здесь, нам нужна новая пара ног. Не мог бы ты помочь нам поймать привидение? Все, на что эта штука хороша, — это бегать и шутить. Очень плохие шутки»."
"""Gleaning Copse has bravely taken it upon herself to clear out rotting plants and animals. Give her a hand with it, would you?""","«Gleaning Copse смело взялась убрать гниющие растения и животных. Помоги ей в этом, ладно?»"
"""Glide through rings, and collect the motes.""",«Скользите сквозь кольца и собирайте пылинки».
"""Glint foretold the Fall of Orr, the Searing of Ascalon, the rise of the White Mantle, and the defeat of the Unseen Ones.""","«Глинт предсказал падение Орра, сожжение Аскалона, возвышение Белой Мантии и поражение Невидимых»."
"""Glint, lend me power!""","«Глинт, одолжи мне силу!»"
"""Glint, lend me strength!""","«Глинт, дай мне сил!»"
"""Glorious and noble beasts, the art of taming griffons for flight has only been recently recovered.""","«Славные и благородные звери, искусство приручения грифонов для полёта было восстановлено лишь недавно»."
"""Glub, glub.""","«Глуп, глуш»."
"""Gnashbash """"Birthday"""" Celebration""",«Гнашбаш» «День рождения» «Праздник»
"""Gnashbash """"Birthday"""" Celebration: Checking In""",«Гнашбаш» «День рождения» «Празднование: заселение»
"""Go away, you scurvy yak.""","«Уходи, цинга як»."
"""Go back and take the rest. If they wish to keep using the forest, they must pay for its care.""","«Вернитесь и заберите остальное. Если они хотят продолжать использовать лес, они должны платить за его уход»."
"""Go below and collect sediment from the fallen Exalted. Hurry, though. Its powers weaken quickly.""",«Спуститесь вниз и соберите осадок павшего Возвышенного. Однако поторопитесь. Его силы быстро ослабевают».
"""Go butcher all the jelly bags there. Oh, and fetch whatever treasure is lying around.""","«Иди разбери там все пакеты с желе. Да, и принеси все сокровища, которые валяются поблизости»."
"""Go for the eyes, boy! Bite him! Good dog!""","«Бей за глаза, мальчик! Укуси его! Хорошая собака!»"
"""Go forth, my minion!""","«Вперёд, мой миньон!»"
"""Go forth, my undead minion!""","«Вперёд, моя нежить-миньон!»"
"""Go home, little lamb.""","«Иди домой, барашек»."
"""Go on for days, I could. But I've a spa to run. And we're a bit short-staffed...""",«Я мог бы поработать несколько дней. Но мне нужно открыть спа-центр. И у нас немного не хватает персонала…»
"""Go on, I've got your back.""","«Давай, я тебя прикрою»."
"""Go on, friends. Break Shukov's iron grip. I shall watch the door.""","— Идите, друзья. Разбейте железную хватку Шукова. Я буду охранять дверь."
"""Go on. Given your penchant for murdering things, your mathematical chance of survival is greater than zero!""","«Продолжайте. Учитывая вашу склонность к убийству, ваш математический шанс на выживание больше нуля!»"
"""Go, fodder, go!""","«Иди, фураж, иди!»"
"""Goal completed. Press """"L"""" to view your updated Quest Log.""","«Цель достигнута. Нажмите «L», чтобы просмотреть обновленный журнал заданий»."
"""God of death, tear out their souls!""","«Бог смерти, вырви их души!»"
"""God[f:""""Goddess""""] of PvP""",Бог[|иня] PvP
"""God[f:""""Goddess""""] of WvW""",Бог[|иня] WvW
"""Goddess of life, obliterate the dead!""","«Богиня жизни, уничтожь мёртвых!»"
"""Goddess of nature, lend me your power.""","«Богиня природы, одолжи мне свою силу»."
"""Gods I hate this damn thing. It's stealing work from living, breathing people.""","«Боги, я ненавижу эту чертову штуку. Она крадет работу у живых, дышащих людей»."
"""Gods, did you—did you see that?""","— Боги, вы… вы это видели?"
"""Gods, there's...there's so many of them! Push through!""","«Боги, их... их так много! Прорывайтесь!»"
"""Gods, this one was even hard for me... I'm too tired to set up a game. Just take the darn book. I'm gonna grab a plate of my mom's homemade spaghetti and catch a breather before the next one.""","«Боже, для меня это было даже тяжёло... Я слишком устал, чтобы начинать игру. Просто возьми эту чёртову книгу. Я возьму тарелку маминых домашних спагетти и передохну перед следующей»."
"""Gods, what a mess this is.""","«Боже, какой это бардак»."
"""Going down the spires, but hopefully not getting downed.""","«Спускаюсь по шпилям, но, надеюсь, не упаду»."
"""Gold-Trimmed Journal, Page 1""","«Журнал с золотой отделкой, страница 1»"
"""Gold-Trimmed Journal, Page 2""","«Журнал с золотой отделкой, страница 2»"
"""Gold-Trimmed Journal, Page 3""","«Журнал с золотой отделкой, страница 3»"
"""Golden place is under attack! Shiny friends calling in giant gold ones to fight back. You can help, yes?""","«Золотое место атаковано! Блестящие друзья зовут гигантских золотых, чтобы они дали отпор. Ты можешь помочь, да?»"
"""Golem Fail-Safe Codes, Doc. 1""","«Коды безопасности Голема, Док. 1»"
"""Golem Fail-Safe Codes, Doc. 2""","«Коды безопасности Голема, Док. 2»"
"""Golem Fail-Safe Codes, Doc. 3""","«Коды безопасности Голема, Док. 3»"
"""Golem Fail-Safe Codes, Doc. 4""","«Коды безопасности Голема, Док. 4»"
"""Golem. I demand that you use your invisibility cloak to spy on my competitors! I must know everything about them, their plans, and their growing paranoia.""","«Голем. Я требую, чтобы ты использовал свой плащ-невидимку, чтобы шпионить за моими конкурентами! Я должен знать все о них, их планах и их растущей паранойе»."
"""Golemancer's Tomb: At the tip of a long, thin outcropping outside the southern entrance to the tomb.""","«Гробница Големансера: на кончике длинного, узкого выступа за южным входом в гробницу»."
"""Golemancer's Tomb: Embedded in the wall outside the tomb, high above Scout's Clearing.""","«Могила Големанта: встроена в стену снаружи гробницы, высоко над поляной разведчика»."
"""Golemancer's Tomb: In a cave outside the tomb, high above Scout's Clearing.""","«Могила Големанта: в пещере за пределами гробницы, высоко над поляной разведчика»."
"""Golemancer's Tomb: In a crack in the ceiling, in the room across from the champion devourer. Bring an Oakheart's essence.""","«Могила Големанта: в трещине в потолке, в комнате напротив чемпиона-пожирателя. Принесите сущность Дубового Сердца»."
"""Golems these days! Back in my day, we built 'em to respect their betters.""","«В наши дни големы! В мое время мы создавали их так, чтобы они уважали своих лучших»."
"""Golsah, the Rune[s] of Honor""","«Голса, руна чести»"
"""Gone. Our homes, our hunting grounds, our breeding grounds, all gone. But it would have been worse without you folk here to help us.""","«Ушли. Наши дома, наши охотничьи угодья, наши гнездовья — все исчезло. Но было бы хуже, если бы вы, ребята, не помогли нам»."
"""Good agents know when they've overstayed their welcome. We need to go, now!""","«Хорошие агенты знают, когда они задержались. Нам нужно идти, немедленно!»"
"""Good as new! Unless you start up bear-wrangling, this should last you a while.""","«Как новенький! Если только ты не начнешь драться с медведями, этого тебе хватит на некоторое время»."
"""Good as new. Almost. It shouldn't explode, at least. That's good enough, right?""","«Как новенький. Почти. По крайней мере, он не должен взорваться. Этого достаточно, правда?»"
"""Good day to you too, then.""",— Тогда и тебе доброго дня.
"""Good day! What can I do for you, friend?""","«Добрый день! Что я могу для тебя сделать, друг?»"
"""Good day, favored denizens of Vabbi. It's time to begin the workday with morning stretches.""","«Добрый день, любимые обитатели Вабби. Пришло время начать рабочий день с утренней разминки»."
"""Good evening, little lady.""","«Добрый вечер, маленькая леди»."
"""Good evening, traveler. Is there something I can help you with?""","«Добрый вечер, путник. Могу ли я чем-нибудь вам помочь?»"
"""Good job! You should know that Guild Wars 2 has <c=@Quest>personalized loot</c> for each monster. If someone helps you kill a monster, you each get your own loot and don't need to compete for items.""","«Хорошая работа! Вы должны знать, что в Guild Wars 2 есть <c=@Quest>индивидуальная добыча</c> для каждого монстра. Если кто-то помогает вам убить монстра, каждый из вас получает свою собственную добычу, и вам не нужно соревноваться за предметы»."
"""Good job, little ones. Next, you go to battle.""","«Хорошая работа, малыши. Дальше вы отправляетесь в бой»."
