english,translate
"""You're so lucky. I love my plants here, but a part of me wishes I were destined for greater things. I will probably die here, tending this garden.""","«Тебе так повезло. Я люблю свои растения здесь, но часть меня желает, чтобы мне суждено было нечто большее. Я, вероятно, умру здесь, ухаживая за этим садом»."
"""You're speaking to a genius, remember? Stay close to Mr. Sparkles and you'll be safe.""","«Ты разговариваешь с гением, помнишь? Держись поближе к мистеру Спарклзу, и ты будешь в безопасности»."
"""You're standing in the heart of the Brisban Wildlands, and just your luck, you're in the middle of all things criminal. In the west, you've got Vandal's Claim, which is thick with bandits. Just don't stray too far, and you should be okay. In the east, the Inquest have a fortified lab, and we've heard rumblings about them trying to ally with the bandits. Gods help us if that comes to pass.""","«Вы находитесь в самом сердце Брисбанских диких земель, и вам повезло, вы находитесь в центре всего преступного. На западе у вас есть Заявление Вандала, где полно бандитов. Просто не отходите слишком далеко, и все будет в порядке. На востоке у Следствия есть укрепленная лаборатория, и мы слышали слухи о том, что они пытаются вступить в союз с бандитами. Боги помогут нам, если это произойдёт»."
"""You're supposed to last for decades. If you can't even resist rust, how are you going to keep me safe when...""","«Ты должен прослужить десятилетия. Если ты не можешь противостоять даже ржавчине, как ты собираешься защитить меня, когда…»"
"""You're talking to one of the Ministry of Fishing's officially licensed tournament organizers. Not running one at this moment, but I've got one scheduled for later...""","«Вы разговариваете с одним из официально лицензированных организаторов турниров Министерства рыболовства. На данный момент он не проводится, но у меня запланирован ещё один…»"
"""You're telling me! I thought I saw one to the south, but I wasn't sure, and I wasn't about to go check it out alone.""","«Ты говоришь мне! Мне казалось, что я видел один на юге, но я не был уверен, и я не собирался идти проверять его один»."
"""You're the best! Scruffy's autorepair will have him moving with enough time, but this will greatly expedite it. The probes were in a chamber below the central island. And again, thanks!""","«Ты лучший! Авторемонт Скраффи заставит его двигаться с достаточным количеством времени, но это значительно ускорит процесс. Зонды находились в камере под центральным островом. И ещё раз спасибо!»"
"""You're the bravest of us all. The egg chose well. I don't know when I'll receive my next Wyld Hunt, but...I am glad that we always end up on the same side.""","«Ты самый храбрый из нас. Яйцо выбрало правильно. Я не знаю, когда получу свою следующую Дикую Охоту, но... Я рад, что мы всегда оказываемся на одной стороне»."
"""You're the commander of the Pact, yes? Welcome!""","«Вы командующий Пактом, да? Добро пожаловать!»"
"""You're the fastest, Izem. You can do it!""","«Ты самый быстрый, Изем. Ты сможешь!»"
"""You're the high priest of hitting first and asking questions later, so how about you button it before I button it for you?""","«Ты первосвященник того, что сначала бьешь, а потом задаешь вопросы, так как насчет того, чтобы застегнуть это раньше, чем я застегну это за тебя?»"
"""You're the wayfinder, yeah? Gonna let me take a look at your weapon there, yeah?""","«Ты ориентир, да? Дашь мне взглянуть на твое оружие, да?»"
"""You're very passionate about your work. What are you looking to mine, anyway?""",«Ты очень увлечен своей работой. Что ты вообще хочешь от моей?»
"""You're wearing a disguise that will help allay suspicion, but it will not hold up to scrutiny for long.""","«Вы носите маскировку, которая поможет развеять подозрения, но она не выдержит долгого внимания»."
"""You're welcome, but by the looks of things I didn't make much of a difference.""","«Пожалуйста, но, судя по всему, я не имел большого значения»."
"""You're with me. Luccia searches to the left, Zemzer to the right. Move out.""","«Ты со мной. Лючия ищет слева, Земзер справа. Уходи»."
"""You're with the Ministry Guard, right? You seem like a proud, dedicated lot.""","«Вы из Министерской гвардии, верно? Вы выглядите гордым и преданным своему делу человеком»."
"""You're wrong, Doern. They're different, yes, but both have their own ways of fighting Zhaitan. They could be our allies.""","«Ты ошибаешься, Дорн. Да, они разные, но у обоих свои способы борьбы с Зайтаном. Они могут быть нашими союзниками»."
"""You're wrong, Efut. They simply have their own ways of fighting Zhaitan. Both would be staunch allies in this war.""","«Ты ошибаешься, Эфут. Просто у них есть свои способы борьбы с Зайтаном. Оба будут верными союзниками в этой войне»."
"""You're young. I see that, so I'll indulge you three questions.""","«Ты молод. Я это вижу, поэтому задам тебе три вопроса»."
"""You're...not joking, are you?""","— Ты… не шутишь, да?"
"""You've almost got it! C'mon, that orb's as good as mine!""","«Вы почти получили это! Да ладно, этот шар так же хорош, как и мой!»"
"""You've arrived at the front lines, soldier. I hope you're prepared to fight.""","«Ты прибыл на передовую, солдат. Надеюсь, ты готов сражаться»."
"""You've attacked a lot of neutral creatures this year, haven't you?""","«В этом году вы напали на множество нейтральных существ, не так ли?»"
"""You've been granted the hero points to buy a new skill! To purchase your skill, press this button to navigate to your Hero panel now.""","«Вам были предоставлены очки героя для покупки нового навыка! Чтобы приобрести навык, нажмите эту кнопку и перейдите к панели своего героя»."
"""You've been hit by an expanding shock-wave attack. To avoid these, jump over the shock wave when it reaches your character.""","«Вас ударила расширяющаяся ударная волна. Чтобы избежать этого, перепрыгните через ударную волну, когда она достигнет вашего персонажа»."
"""You've been impaled, causing conditions to be applied to you.""","«Вас пронзили, и к вам были применены условия»."
"""You've been spotted, but don't feel bad. I'm just much better at this than you.""","«Тебя заметили, но не расстраивайся. Просто я в этом гораздо лучше тебя»."
"""You've been targeted by Tidal Bargain. Share this burden with your allies, or face certain death.""",«Вы стали целью «Приливной сделки». Разделите это бремя со своими союзниками или вас ждет верная смерть».
"""You've been transported to Grenth's Domain. Corruption will accumulate faster, but you can attack the shades.""","«Вы перенеслись во владения Грента. Порча будет накапливаться быстрее, но вы сможете атаковать шейдов»."
"""You've blundered into my web, prey. Do you dare to test your weapon against my venom?""","«Ты забрела в мою паутину, добыча. Осмелишься ли ты испытать свое оружие против моего яда?»"
"""You've both done exceptionally well. Tybalt, we've decided to keep you on field duty.""","«Вы оба справились исключительно хорошо. Тибальт, мы решили оставить вас на полевой службе»."
"""You've collected fungal residue, which may be useful for stabilizing the nearby scouting party's wounded guide.""","«Вы собрали остатки грибков, которые могут пригодиться для стабилизации раненого проводника ближайшего разведывательного отряда»."
"""You've come to a dark corner, friend. The Vigil is drowning in undead. You'll make your mark by helping them. Go on, now. Your destiny awaits.""","«Ты зашёл в тёмный угол, друг. Дежурство тонет в нежити. Ты оставишь свой след, помогая им. Иди сейчас. Твоя судьба ждет»."
"""You've created something really amazing, you know. I'm so proud of you.""","«Знаешь, ты создал что-то действительно потрясающее. Я так тобой горжусь»."
"""You've crushed the enemy, but they've already cast their dark ritual. Grab supplies while you still can!""","«Вы разгромили врага, но он уже провел свой тёмный ритуал. Хватайте припасы, пока ещё можете!»"
"""You've defeated me, but what've you gained? Much deadlier things stir beneath us. They'll consume you all!""","«Ты победил меня, но что ты выиграл? Под нами шевелятся гораздо более смертоносные вещи. Они поглотят вас всех!»"
"""You've determined that the mystery relic has three pieces, and your krewe has acquired two. Now to steal back the first piece that the Inquest extorted from you. Nothing like a little counter-espionage to keep those villains in their place!""","«Вы определили, что таинственная реликвия состоит из трех частей, а ваш креве приобрел две. Теперь нужно украсть первую часть, которую Следствие вымогало у вас. Ничего лучше маленькой контрразведки, чтобы удержать этих злодеев на месте!»"
"""You've don't a lot to help us, %str1%. Don't fear the destroyers now. We can stop them now.""","""Ты мало что можешь нам помочь, %str1%. Не бойся разрушителей сейчас. Мы можем остановить их сейчас."""
"""You've done a lot to help us defeat the minions of Zhaitan. Thank you for your help, and keep up the fight!""","«Вы много сделали, чтобы помочь нам победить приспешников Зайтана. Спасибо за вашу помощь, продолжайте сражаться!»"
"""You've done admirable work to crack the Bramble, friend. Now we just need to find a way do some tests of your herbicide.""","«Ты проделал замечательную работу, чтобы взломать Ежевику, друг. Теперь нам просто нужно найти способ провести несколько испытаний твоего гербицида»."
"""You've done good work here today, Commander. Spared a species from the abyss. Though it's not as flashy as slaying an Elder Dragon or a god, this is still a substantial achievement.""","«Сегодня вы проделали хорошую работу, командир. Спасли расу из бездны. Хотя это не так ярко, как убийство Старшего Дракона или бога, это все равно значительное достижение»."
"""You've done so much for this oasis already. In fact, it wouldn't be right to ask any more of you. Please, accept these tokens of my appreciation.""","«Вы уже так много сделали для этого оазиса. На самом деле, было бы неправильно требовать от вас большего. Пожалуйста, примите эти знаки моей признательности»."
"""You've done very well not to tear the paper. You're sure you'll reuse it, but you won't.""","«Ты очень хорошо сделал, что не порвал бумагу. Ты уверен, что будешь использовать её повторно, но ты этого не сделаешь»."
"""You've done well against poor little Sariel, my pet. How will you fare against Sir Brangoire, Knight of the Court?""","«Ты хорошо справился с бедным маленьким Сариэлем, моим любимцем. Как ты справишься с сэром Брангуаром, рыцарем двора?»"
"""You've done well here, my friend.""","«Ты хорошо справился здесь, мой друг»."
"""You've done well, Legionnaire. Good luck in your next mission.""","«Ты хорошо справился, легионер. Удачи в следующей миссии»."
"""You've done well. I could still use more if you find any, though.""","«Ты хорошо справился. Хотя мне ещё пригодятся, если ты их найдёшь»."
"""You've earned a laurel, which you can spend at laurel vendors in any major city. Earn more by completing daily and monthly achievements. You can only earn one laurel per day by completing either PvE or PvP daily achievement categories. Completing both daily categories will not result in extra laurels.""","«Вы заработали лавр, который можете потратить у торговцев лаврами в любом крупном городе. Зарабатывайте больше, выполняя ежедневные и ежемесячные достижения. Вы можете заработать только один лавр в день, выполняя категории ежедневных достижений PvE или PvP. Завершение обеих ежедневных категорий не приведет к дополнительным лаврам»."
"""You've entered an area that is off limits to you. Guards will kick you out if you're spotted, as represented by the vision cones in front of them. You can also gain suspicion if you loiter in the area too long.""","«Вы вошли в зону, которая для вас закрыта. Охранники вышвырнут вас, если вас заметят, о чем свидетельствуют конусы обзора перед ними. Вы также можете заподозрить подозрение, если слишком долго слоняетесь в этой зоне»."
"""You've entered the housing district, where workers are forced to live under deplorable conditions. Please notify the excavators of the coming rebellion and recruit them to our cause.""","«Вы вошли в жилой район, где рабочие вынуждены жить в плачевных условиях. Пожалуйста, сообщите землекопам о предстоящем восстании и вербуйте их в наше дело»."
"""You've equipped a sniper rifle. To drop the rifle, use the weapon-swap hotkey [lbracket]%str1%[rbracket].""","«У вас есть снайперская винтовка. Чтобы выбросить винтовку, используйте горячую клавишу смены оружия [lbracket]%str1%[rbracket]»."
"""You've found a <c=@Task>renown heart</c>. The <=@Task>heart icon</c> marks the location of NPCs you earn renown from. As you perform specific tasks in the area, you earn <c=@Quest>renown</c>, filling this bar.""","«Вы нашли <c=@Task>сердце известности</c>. <=@Task>значок сердца</c> отмечает местоположение неигровых персонажей, от которых вы зарабатываете славу. Выполняя определенные задачи в этой области, вы зарабатываете <c=@Quest>известность</c>, заполняя эту полосу»."
"""You've found an event! As the world changes, events in your range will display here.""",«Вы нашли событие! По мере изменения мира здесь будут отображаться события из вашего диапазона».
"""You've found some hastily burned notes; putting them together you can barely make out the remnants of words: """"Li-  -ch  -itt c-ve chest be-d -rone.""""""","«Вы нашли наспех сожженные записи; сложив их, едва можно разобрать остатки слов: «Ли--ч-итт с-ве сундук-бе-д-рон»»»."
"""You've got a line on Professor Gorr's whereabouts, but Rakt and the Arcane Eye won't give him up without a fight. Fortunately, that's just what the Vigil is planning for.""","«У вас есть сведения о местонахождении профессора Горра, но Ракт и Чародейский Глаз не сдадут его без боя. К счастью, это именно то, что планирует Дозор»."
"""You've got gold, right?""","— У тебя есть золото, да?"
"""You've got to rip into him this time. Without scars, he won't remember.""",«На этот раз тебе придётся врезаться в него. Без шрамов он не вспомнит».
"""You've got to watch where you're stepping up here. The other day, while on patrol, I stopped for lunch. I'd been eating for ten minutes when the rock next to me let out a snore. It was a napping ettin.""","«Ты должен следить за тем, куда ты здесь подходишь. На днях, находясь в патруле, я остановился на обед. Я ел десять минут, когда камень рядом со мной захрапел. Это был дремлющий эттин»."
"""You've had plenty of opportunities to walk away. So, uh...why aren't you walking away?""","«У тебя было много возможностей уйти. Итак, э… почему ты не уходишь?»"
"""You've just been dying to say that, haven't you?""","«Тебе просто не терпелось сказать это, не так ли?»"
"""You've just received a weapon. Your Hero panel displays inventory items that you can equip, as well as your character's stats. Open it by clicking the icon in the top left or by pressing the <c=@Quest>[lbracket]H[rbracket]</c> key.""","«Вы только что получили оружие. На вашей панели «Герой» отображаются предметы инвентаря, которые вы можете экипировать, а также характеристики вашего персонажа. Откройте её, щёлкнув значок в левом верхнем углу или нажав клавишу <c=@Quest>[lbracket]H[rbracket]</c>»."
"""You've just received a weapon. Your Hero panel displays items from your inventory that you can equip, as well as your character's stats. Open it by clicking the icon in the top left or by pressing the <c=@Quest>[lbracket]H[rbracket]</c> key.""","«Вы только что получили оружие. На панели вашего героя отображаются предметы из вашего инвентаря, которые вы можете экипировать, а также характеристики вашего персонажа. Откройте её, щёлкнув значок в левом верхнем углу или нажав клавишу <c=@Quest>[lbracket]H[rbracket]</c>»."
"""You've learned Power Shell, allowing you to convert incoming damage into ammo from the passenger seat.""","«Вы изучили Power Shell, позволяющую превращать получаемый урон в боеприпасы с пассажирского сиденья»."
"""You've learned a crafting discipline! Crafting has its own type of experience, which increases your discipline rating and unlocks more recipes. As your rating increases, you'll also earn bonus experience. Experiment in a crafting station's Discovery Pane to find new recipes.<br>You can have up to two active crafting disciplines. Talk to a discipline master to activate their discipline. Deactivated disciplines can be reactivated for a small fee, and no progress is lost when a discipline is deactivated.""","«Вы изучили ремесленную дисциплину! Ремесло имеет свой собственный тип опыта, который увеличивает ваш рейтинг дисциплины и открывает больше рецептов. По мере увеличения вашего рейтинга вы также зарабатываете бонусный опыт. Экспериментируйте на панели открытий ремесленной станции, чтобы найти новые рецепты.<br>У вас может быть до двух активных ремесленных дисциплин. Поговорите с мастером дисциплины, чтобы активировать их дисциплину. Деактивированные дисциплины можно активировать повторно за небольшую плату, и при деактивации дисциплины прогресс не теряется»."
"""You've learned the secrets of using bloodstone-empowered beehives in Janthir Syntri to refresh skill cooldowns, as well as the ability to purchase additional kodan cache keys from coin collectors.""","«Вы узнали секреты использования ульев с кровавым камнем в Джантире Синтри для обновления времени восстановления навыков, а также получили возможность покупать дополнительные ключи от тайника кодана у коллекционеров монет»."
"""You've led an interesting life, my mechanical friend. And you show an intriguing degree of independent thought.""","«Ты прожил интересную жизнь, мой механический друг. И ты проявляешь интригующую степень независимого мышления»."
"""You've lost a lot, but if you give in to them, you'll lose everything.""","«Ты многое потерял, но если ты им уступишь, то потеряешь все»."
"""You've lost, Quecuan. The village is destroyed. You need to get your people out.""","«Ты проиграл, Кекуан. Деревня разрушена. Тебе нужно вывести своих людей»."
"""You've made it, Champion of Aurene. I'm grateful to have met you at last.""","«Ты сделал это, Чемпион Аурин. Я благодарен, что наконец-то встретил тебя»."
"""You've made this a safer place, and for that, you have my thanks.""","«Вы сделали это место более безопасным, и за это я вам благодарен»."
"""You've moved too far away from the tree, and your chain has snapped.""","«Ты отошёл слишком далеко от дерева, и твоя цепь порвалась»."
"""You've never heard of Meatoberfest? It's a festival held in the village of Butcher's Block, in the Diessa Plateau. If you love meat, it can't be beat.""","«Вы никогда не слышали о Мятоберфесте? Это фестиваль, который проводится в деревне Мясной квартал на плато Дисса. Если вы любите мясо, его невозможно превзойти»."
"""You've now gained the benefit of that boost, as is displayed here.""","«Теперь вы получили преимущество от этого усиления, как показано здесь»."
"""You've performed a combo!<br><br>To combo, use a finisher skill through a field skill. You may combo by yourself or with your allies.""",«Вы выполнили комбо!<br><br>Для комбо используйте завершающий навык через полевое умение. Вы можете выполнять комбо самостоятельно или вместе со своими союзниками».
"""You've perverted Snaff's theories, and you will be punished for this!""","«Вы извратили теории Снаффа, и вы будете за это наказаны!»"
"""You've pledged your services to Ash Legion for the duration of the trials. While in the arena, mounts are disabled.""",«Вы дали клятву Пепельного Легиона на время испытаний. На арене ездовые животные отключены».
"""You've pledged your services to Blood Legion for the duration of the trials. While in the arena, mounts are disabled.""",«Вы дали клятву Кровавому Легиону на время испытаний. На арене ездовые животные отключены».
"""You've pledged your services to Iron Legion for the duration of the trials. While in the arena, mounts are disabled.""",«Вы дали клятву Железному Легиону на время испытаний. На арене ездовые животные отключены».
"""You've received an invitation to a memorial for Eir, to take place in her homestead in Hoelbrak.""","«Вы получили приглашение на мемориал Эйр, который пройдёт в её усадьбе в Хельбраке»."
"""You've recruited your first new warband member, and Tribune Rytlock Brimstone has new orders for you. It's another chance to impress a high-ranking Blood Legion officer and cement your status as a leader.""","«Вы завербовали своего первого нового члена отряда, и у трибуна Ритлока Жарокамня есть для вас новые заказы. Это ещё один шанс произвести впечатление на высокопоставленного офицера Кровавого Легиона и закрепить свой статус лидера»."
"""You've relived history. Now, forge you own!""",«Вы заново пережили историю. Теперь создайте свою собственную!»
"""You've seen a lot of bad things, Demmi. I'm glad you're taking a stand.""","«Ты видел много плохих вещей, Демми. Я рад, что ты занял свою позицию»."
"""You've seen the Rin ruins, haven't you?""","«Ты видел руины Рин, не так ли?»"
"""You've started the mine sequence. Set the code, or it will explode when time runs out.""","«Вы начали минирование. Установите код, иначе он взорвется, когда истечет время»."
"""You've stopped Varkk's evil scheme to sell out your krewe for a seat on the Arcane Council, but now it's time to deal with Teyo and prevent the Inquest from using your krewe's Interspatial Translocator for their own evil purposes.""","«Вы остановили злой план Варка по продаже вашего креве за место в Тайном совете, но теперь пришло время разобраться с Тейо и помешать Следствию использовать Межпространственный транслокатор вашего креве в своих злых целях»."
"""You've successfully apprehended Mai Trin, ending her reign of terror.""","«Вы успешно задержали Mai Trin, положив конец её господству террора»."
"""You've taken a downed penalty! The more this penalty accrues, the less health you'll have while downed, making it harder for you to rally.""","«Вы получили штраф за сбитие! Чем больше этот штраф накапливается, тем меньше у вас будет здоровья, пока вы будете сбиты, и вам будет труднее собраться с силами»."
"""You've talked to Ylani and Isla, but one is lying (or maybe both). Find a way to prove it.""","«Вы говорили с Илани и Ислой, но один из них лжет (или, может быть, оба). Найдите способ доказать это»."
"""You've unlocked stage two of adrenaline. Your adrenaline bar can now fill an additional stage, which increases the effectiveness of your F1 skill.""","«Вы разблокировали второй уровень адреналина. Теперь ваша шкала адреналина может заполнить дополнительный уровень, что повышает эффективность вашего навыка F1»."
"""You've unlocked the final stage of adrenaline. Your adrenaline bar can now fill an additional stage, which further increases the effectiveness of your F1 skill.""","«Вы разблокировали последнюю стадию адреналина. Теперь ваша шкала адреналина может заполнить дополнительную стадию, что ещё больше повышает эффективность вашего навыка F1»."
"""You've unlocked the skyscale! Press the [lbracket]%str1%[rbracket] key to mount. Pressing [lbracket]%str1%[rbracket] again will dismount you. Please double-check your keybind settings, as there may be conflicts with the assortment of new keybinds for mounts.""","«Вы разблокировали небесную шкалу! Нажмите клавишу [lbracket]%str1%[rbracket], чтобы сесть на него. Повторное нажатие [lbracket]%str1%[rbracket] спешит вас. Пожалуйста, дважды проверьте настройки своих сочетаний клавиш, так как могут возникнуть конфликты с набором новых сочетаний клавиш для маунтов»."
"""You've unlocked your fifth weapon skill. Press 5, or click your fifth hotkey, to unleash your new attack.""","«Вы разблокировали свой пятый навык владения оружием. Нажмите 5 или нажмите пятую горячую клавишу, чтобы применить новую атаку»."
"""You've unlocked your first minor trait. Spend more trait points in the same trait line to unlock a major trait. The more points you spend, the higher your attribute bonuses get.""","«Вы разблокировали свою первую второстепенную черту. Потратьте больше очков черт в той же строке черт, чтобы разблокировать ключевую черту. Чем больше очков вы потратите, тем выше будут ваши бонусы к характеристикам»."
"""You've unlocked your first profession skill. Pressing F1 now shatters your clones and phantasms to damage foes. The more clones you have (up to 3), the more damage your target incurs.""","«Вы разблокировали свой первый профессиональный навык. Нажатие F1 теперь разбивает ваши клоны и фантомы, нанося урон противникам. Чем больше у вас клонов (до 3), тем больше урона наносит ваша цель»."
"""You've unlocked your first profession skill. When an adrenaline bar's full, F1 now unleashes devastating attacks for each equipped weapon.""","«Вы разблокировали свой первый профессиональный навык. Когда шкала адреналина заполнена, F1 теперь использует разрушительные атаки для каждого экипированного оружия»."
"""You've unlocked your first utility skill slot. To equip a utility skill, click the arrow above your seventh skill slot and select a skill.""","«Вы открыли свой первый слот для служебных навыков. Чтобы использовать вспомогательный навык, щёлкните стрелку над седьмым слотом для навыков и выберите навык»."
"""You've unlocked your fourth profession skill. F4 now destroys your clones and phantasms, allowing you to evade attacks for each one.""","«Вы разблокировали свой четвертый профессиональный навык. F4 теперь уничтожает ваших клонов и фантомов, позволяя вам уклоняться от атак каждого из них»."
"""You've unlocked your fourth profession skill: earth attunement. Press F4 to switch to this attunement, which gives you defensive and damage-over-time skills.""","«Вы разблокировали свой четвертый профессиональный навык: настройку земли. Нажмите F4, чтобы переключиться на эту настройку, которая даёт вам защитные навыки и навыки, наносящие постепенный урон»."
"""You've unlocked your fourth weapon skill. Press 4 or click your fourth hotkey to unleash your new attack. As a thief, your third weapon skill changes based on the combination of your main-hand and off-hand weapons. Look at the Hero panel under Weapon Skills to learn more.""","«Вы разблокировали свой четвертый навык владения оружием. Нажмите 4 или щёлкните четвертую горячую клавишу, чтобы применить новую атаку. Если вы вор, ваш третий навык владения оружием меняется в зависимости от комбинации вашего основного и дополнительного оружия. Посмотрите на панель «Герой» в разделе «Навыки владения оружием», чтобы узнать больше»."
"""You've unlocked your inactive legend slot. F1 now invokes the legend slotted into the inactive legend slot, providing access to that legend's skills. Invoking a legend resets your energy to 50%%.""","«Вы разблокировали свой неактивный слот легенды. F1 теперь вызывает легенду, вставленную в неактивный слот легенды, предоставляя доступ к её навыкам. Вызов легенды сбрасывает вашу энергию до 50%%»."
"""You've unlocked your off-hand weapon slot. You can now equip axes, daggers, torches, and warhorns in the off-hand slot.""","«Вы разблокировали слот для оружия для левой руки. Теперь вы можете использовать топоры, кинжалы, факелы и боевые рога в слот для левой руки»."
"""You've unlocked your off-hand weapon slot. You can now equip foci, pistols, swords, and torches in the off-hand slot.""","«Вы разблокировали слот для оружия для левой руки. Теперь вы можете использовать фокусы, пистолеты, мечи и факелы в слот для левой руки»."
"""You've unlocked your off-hand weapon slot. You can now equip foci, shields, and torches in the off-hand slot.""","«Вы разблокировали слот для оружия в левой руке. Теперь вы можете использовать фокусы, щиты и факелы в слоте для левой руки»."
"""You've unlocked your off-hand weapon slot. You can now equip foci, warhorns, and daggers in the off-hand slot.""","«Вы разблокировали слот для оружия для левой руки. Теперь вы можете использовать фокусы, боевые рога и кинжалы в слот для левой руки»."
"""You've unlocked your off-hand weapon slot. You can now equip shields, warhorns, axes, swords, and maces in the off-hand slot.""","«Вы разблокировали слот для оружия для левой руки. Теперь вы можете использовать щиты, боевые рога, топоры, мечи и булавы в слот для левой руки»."
"""You've unlocked your profession skill. Press F1 to enter Death Shroud, where you'll get new skills and lose life force instead of health.""","«Вы разблокировали свой профессиональный навык. Нажмите F1, чтобы войти в Death Shroud, где вы получите новые навыки и потеряете жизненную силу вместо здоровья»."
"""You've unlocked your second downed ability. While downed, press 2 or click the second icon to create a downed clone of yourself that makes you harder to target.""","«Вы разблокировали свою вторую сбитую способность. Когда вы сбиты, нажмите 2 или щёлкните второй значок, чтобы создать сбитого клона самого себя, из-за которого вас будет труднее нацелить»."
"""You've unlocked your second downed ability. While downed, press 2 or click the second icon to damage your target and daze the enemies near it.""","«Вы разблокировали вторую сбитую способность. Когда вы сбиты, нажмите 2 или щёлкните второй значок, чтобы нанести урон цели и ошеломить врагов рядом с ней»."
"""You've unlocked your second downed ability. While downed, press 2 or click the second icon to fire a wave of light that pushes enemies away.""","«Вы разблокировали вторую сбитую способность. Когда вы сбиты, нажмите 2 или щёлкните второй значок, чтобы запустить волну света, которая оттолкнет врагов»."
"""You've unlocked your second downed ability. While downed, press 2 or click the second icon to make your target flee in fear.""","«Вы разблокировали свою вторую сбитую способность. Когда вы сбиты, нажмите 2 или щёлкните второй значок, чтобы заставить вашу цель в страхе бежать»."
"""You've unlocked your second downed ability. While downed, press 2 or click the second icon to shoot a grappling line that pulls your target toward you.""","«Вы разблокировали свою вторую сбитую способность. Когда вы сбиты, нажмите 2 или щёлкните второй значок, чтобы выстрелить в захватную линию, которая притянет вашу цель к вам»."
"""You've unlocked your second downed ability. While downed, press 2 or click the second icon to teleport to your cursor's location.""","«Вы разблокировали свою вторую сбитую способность. Когда вы сбиты, нажмите 2 или щёлкните второй значок, чтобы телепортироваться в место, где находится курсор»."
"""You've unlocked your second downed ability. While downed, press 2 or click the second icon to throw a hammer that knocks down enemies.""","«Вы разблокировали вторую сбитую способность. Когда вы сбиты, нажмите 2 или щёлкните второй значок, чтобы бросить молот, сбивающий врагов с ног»."
"""You've unlocked your second profession skill. F2 now heals you and your group. When this skill's not active, you slowly regenerate health.""","«Вы разблокировали свой второй профессиональный навык. F2 теперь лечит вас и вашу группу. Когда этот навык не активен, вы медленно восстанавливаете здоровье»."
"""You've unlocked your second profession skill: water attunement. Press F2 to switch to this attunement, which gives you more healing and support skills. Press F1 to switch back to fire.""","«Вы разблокировали свой второй навык профессии: настройку воды. Нажмите F2, чтобы переключиться на эту настройку, которая даёт вам больше навыков исцеления и поддержки. Нажмите F1, чтобы снова переключиться на огонь»."
"""You've unlocked your second weapon skill. Press 2, or click your second hotkey, to unleash your new attack.""","«Вы разблокировали второй навык владения оружием. Нажмите 2 или нажмите вторую горячую клавишу, чтобы применить новую атаку»."
"""You've unlocked your third downed ability. While downed, press 3 or click the third icon to create a field that damages and poisons nearby foes.""","«Вы разблокировали свою третью сбитую способность. Когда вы сбиты, нажмите 3 или щёлкните третий значок, чтобы создать поле, которое наносит урон и отравляет ближайших противников»."
"""You've unlocked your third downed ability. While downed, press 3 or click the third icon to draw a symbol on the ground that heals allies and damages foes.""","«Вы разблокировали свою третью сбитую способность. Когда вы сбиты, нажмите 3 или щёлкните третий значок, чтобы нарисовать на земле символ, который исцеляет союзников и наносит урон противникам»."
"""You've unlocked your third downed ability. While downed, press 3 or click the third icon to immobilize your foe.""","«Вы разблокировали третью сбитую способность. Когда вы сбиты, нажмите 3 или щёлкните третий значок, чтобы обездвижить противника»."
"""You've unlocked your third downed ability. While downed, press 3 or click the third icon to rally and fight. You're defeated once the effect ends.""","«Вы разблокировали свою третью сбитую способность. Когда вы сбиты, нажмите 3 или щёлкните третий значок, чтобы сплотиться и сражаться. Вы побеждены, как только эффект закончится»."
"""You've unlocked your third downed ability. While downed, press 3 or click the third icon to summon a phantasmal rogue that deals double damage from behind.""","«Вы разблокировали свою третью сбитую способность. Когда вы сбиты, нажмите 3 или щёлкните третий значок, чтобы вызвать призрачного разбойника, который наносит двойной урон сзади»."
"""You've unlocked your third downed ability. While downed, press 3 or click the third icon to summon your pet so it can revive you.""","«Вы разблокировали третью сбитую способность. Когда вы сбиты, нажмите 3 или щёлкните третий значок, чтобы вызвать своего питомца, чтобы он мог вас оживить»."
"""You've unlocked your third downed ability. While downed, press 3 or click the third icon to trigger an explosive booby trap that launches nearby foes.""","«Вы разблокировали свою третью сбитую способность. Когда вы сбиты, нажмите 3 или щёлкните третий значок, чтобы активировать взрывную ловушку, которая запускает ближайших противников»."
"""You've unlocked your third downed ability. While downed, press 3 or click the third icon to vanish behind a smoke bomb.""","«Вы разблокировали свою третью сбитую способность. Когда вы сбиты, нажмите 3 или щёлкните третий значок, чтобы скрыться за дымовой шашкой»."
"""You've unlocked your third profession skill. F3 now gives you and your allies aegis. When inactive, you gain aegis every 40 seconds.""",«Вы разблокировали свой третий профессиональный навык. F3 теперь даёт вам и вашим союзникам эгиду. В неактивном состоянии вы получаете эгиду каждые 40 секунд».
"""You've unlocked your third profession skill: air attunement. Press F3 to switch to this attunement, which gives you more damage and control skills.""","«Вы разблокировали свой третий навык профессии: настройку воздуха. Нажмите F3, чтобы переключиться на эту настройку, которая даёт вам больше навыков урона и контроля»."
"""You've unlocked your third weapon skill. Press 3, or click your third hotkey, to unleash your new attack.""","«Вы разблокировали свой третий навык владения оружием. Нажмите 3 или нажмите третью горячую клавишу, чтобы применить новую атаку»."
"""You've weakened the Mordant Crescent's hold on Istan and aided the Sunspear rebellion! Gain a temporary boost of 100 Power, 100 Precision, 100 Expertise, 100 Concentration, and +20%% XP gain.""","«Вы ослабили власть Проклятого Полумесяца над Истаном и помогли восстанию Солнечного Копья! Получите временный прирост на 100 ед. силы, 100 ед. точности, 100 ед. опыта, 100 ед. концентрации и 20%% прироста опыта»."
"""You've...dabbled? No one just dabbles in comparative philology. Anyway, I'm afraid I can't help you right now. So much research...""","— Ты… баловался? Никто не занимается сравнительной филологией. В любом случае, боюсь, я не смогу тебе помочь сейчас. Столько исследований…"
"""You, Back in the Box""","""Ты, снова в коробке"""
"""You, listen to what I have to say.""","«Ты, послушай, что я скажу»."
"""You, listen. Outrunners, they are running out to the inquest base. Taking shinies from Inquest. You, help them. Make sure they bring back lots of shinies. Yes?""","«Ты, слушай. Бегуны, они бегут на базу дознания. Забирают блестки из дознания. Ты, помоги им. Убедитесь, что они привезли много блесток. Да?»"
"""You, look at this shiny! It's sooo big! What a find, what a find.""","«Ты, посмотри на этот блестящий! Он такой большой! Какая находка, какая находка»."
"""You, there! Friend! Come and help me prepare for battle against the Branded.""","«Ты, там! Друг! Приди и помоги мне подготовиться к битве с Клейменными»."
"""You, there! I need your help.""","«Ты, там! Мне нужна твоя помощь»."
"""You, there! You have a skyscale, don't you?""","«Ты, вот! У тебя есть небесная шкала, не так ли?»"
"""You, there! You look competent!""","«Ты, вот! Ты выглядишь компетентным!»"
"""You, though. Not only do you remind me of the seer, but... Your fear tastes like his.""","— А вот ты. Ты не только напоминаешь мне провидца, но… Твой страх на вкус похож на его страх."
"""You, too. Really hope we can stop soon.""","«Ты тоже. Очень надеюсь, что мы скоро сможем остановиться»."
"""You, wanderer! Come and face me!""","«Ты, странник! Подойди ко мне лицом к лицу!»"
"""You, yes. Come here now. Need heroes. Watch my friends. Help them get shinies.""","«Ты, да. Иди сюда сейчас. Нужны герои. Следи за моими друзьями. Помоги им стать блестящими»."
"""You. You will help Kritki. Strikka is lost, gone in the ground shake. Kritki is lost without Strikka.""","«Ты. Ты поможешь Критки. Стрикка потерян, ушёл в землетрясение. Критки потерян без Стрикки»."
"""Young, out of town woman? I tend to remember people by their purchases. Any idea what she might have bought?""","«Молодая женщина из другого города? Я обычно запоминаю людей по их покупкам. Есть идеи, что она могла купить?»"
"""Your """"Ghost Eater"""" only eats spirits, Colossus Rumblus will collapse the catacombs! That's the real risk.""","«Ваш «Ghost Eater» ест только духов, Колосс Румблюс обрушит катакомбы! Это настоящий риск»."
"""Your """"Grand"""" Piazza has been destroyed.""",«Ваша «Гранд» Пьяцца разрушена».
"""Your Legendary Demon Stance skills have reduced energy costs, but your utility skills have increased cooldown.""","«Ваши легендарные навыки стойки демона уменьшили затраты энергии, но ваши вспомогательные навыки увеличили время восстановления»."
"""Your Level-80 Boost has been consumed to permanently boost another character. This character has been returned to its home city with all the gear it had before boosting, along with any items your picked up in the Silverwastes.""","«Ваше усиление 80-го уровня было потрачено на постоянное усиление другого персонажа. Этот персонаж был возвращен в свой родной город со всем снаряжением, которое у него было до повышения, а также со всеми предметами, которые вы подобрали в Серебряных пустошах»."
"""Your Level-80 Boost item is now available in your inventory to boost one of your characters directly to level 80! Thank you for purchasing this Guild Wars 2 expansion, and we'll see you in Tyria!""","«Ваш предмет повышения уровня 80 теперь доступен в вашем инвентаре, чтобы повысить один из ваших персонажей непосредственно до уровня 80! Спасибо за покупку этого расширения Guild Wars 2, и увидимся в Тирии!»"
"""Your Mad King says, GO!""",«Твой Безумный Король говорит: ИДИ!»
"""Your Majesty, you can't take his side.""","«Ваше Величество, вы не можете встать на его сторону»."
"""Your PvP locker has been converted to use the new wardrobe system. To edit your new loadout, use the PvP build panel, accessed from the new quick-launch bar at the top of your screen while in a structured PvP map.""","«Ваш PvP-шкафчик был преобразован для использования новой системы гардероба. Чтобы отредактировать новое снаряжение, воспользуйтесь панелью PvP-сборки, доступ к которой осуществляется из новой панели быстрого запуска в верхней части экрана на структурированной PvP-карте»."
"""Your Super Adventure continues in World 2! Struggle through the Rapids, ascend the Pain Cliffs, and reach the summit of Storm Top!""","«Ваше суперприключение продолжается во втором мире! Пробейтесь через пороги, поднимитесь на скалы Пейн и доберитесь до вершины Штормовой вершины!»"
"""Your Treasure Hunting Kit special action skill has been overridden. To reactivate it, double-click the kit again in your inventory.""","«Ваш особый навык действия «Набор для поиска сокровищ» был переопределен. Чтобы повторно активировать его, снова дважды щёлкните набор в своем инвентаре»."
"""Your account is all prepared, but there is no Alpha event running right now. Please come back and join us at the start of the next Alpha event. For more information, visit the Guild Wars 2 website.""","«Ваша учётная запись полностью подготовлена, но в данный момент альфа-событие не проводится. Пожалуйста, вернитесь и присоединяйтесь к нам в начале следующего альфа-события. Для получения дополнительной информации посетите веб-сайт Guild Wars 2»."
"""Your active attunement is now applied to your main hand, with the old attunement moving to your off hand. Attunement recharges are reduced. Gain access to <c=@abilitytype>Dual Attack</c> and the <c=@abilitytype>Stance</c> utility types.""","«Ваша активная настройка теперь применяется к вашей основной руке, а старая настройка перемещается в вашу вторую руку. Перезарядка настройки уменьшена. Получите доступ к типам <c=@abilitytype>Dual Attack</c> и <c=@abilitytype>Stance</c>»."
"""Your adventures before we met, and our struggles together—this is the strength from our bond, my champion.""","«Твои приключения до нашей встречи и наша совместная борьба — в этом сила нашей связи, мой чемпион»."
"""Your aid has raised morale, increasing your attributes!""","«Ваша помощь подняла боевой дух, увеличив ваши атрибуты!»"
"""Your answers have been noted. """"Chaos"""" module learned.""",«Ваши ответы приняты к сведению. Модуль «Хаос» изучен».
"""Your answers have been noted. """"Semihelpful lab technician"""" module learned.""",«Ваши ответы приняты к сведению. Модуль «Полуполезный лаборант» изучен».
"""Your assistance is requested. Chaos beasts and Inquest must be eliminated, and addlepated researchers must be decontaminated using Clean-o-matic device.""","«Требуется ваша помощь. Звери Хаоса и Дознание должны быть уничтожены, а одурманенные исследователи должны быть обеззаражены с помощью устройства Clean-o-matic»."
"""Your assistance is valued, Commander.""","«Ваша помощь ценна, коммандер»."
"""Your attacks deal bonus life-stealing damage, but you take periodic damage. Stacks intensity.""","«Ваши атаки наносят дополнительный урон, крадущий жизни, но вы получаете периодический урон. Интенсивность суммируется»."
"""Your attention, friend!""","«Ваше внимание, друг!»"
"""Your base and maximum movement speed is reduced. Gain access to kneel skills, which have increased projectile velocity. You can still dodge roll while kneeling. Kneeling is canceled if you swap weapons or use Free Action.""","«Ваша базовая и максимальная скорость передвижения уменьшена. Получите доступ к навыкам стояния на коленях, которые увеличивают скорость снаряда. Вы по-прежнему можете уклоняться от кувырка, стоя на коленях. Стояние на коленях отменяется, если вы меняете оружие или используете свободное действие»."
"""Your blood pressure, Supreme Maker. Would you like an affirmation?""","«Ваше кровяное давление, Верховный Создатель. Хотите получить подтверждение?»"
"""Your body has not failed you, but that is always the lesser danger. Will your mind fare as well?""","«Твое тело тебя не подвело, но это всегда меньшая опасность. Справится ли и твой разум?»"
"""Your brains and brawn were tested, and you stopped an Inquest plot.""","«Ваши мозги и мускулы были проверены, и вы остановили заговор следствия»."
"""Your bravery is commendable, Deputy Mira, but your soldiers cannot survive a protracted battle against this many undead.""","«Ваша храбрость заслуживает похвалы, заместитель Мира, но ваши солдаты не смогут выжить в затяжной битве против такого количества нежити»."
"""Your champions are gone, ghost! Just like your son and your kingdom!""","«Твои чемпионы исчезли, призрак! Как и твой сын и твое королевство!»"
"""Your chance to critically strike is increased. While attuned to air, your movement speed is also increased.""","«Ваш шанс нанести критический удар увеличивается. Пока вы настроены на воздух, ваша скорость передвижения также увеличивается»."
"""Your character has already received this hero point, but to continue you'll need to buy a new skill! To purchase your skill, press this button to navigate to your Hero panel now.""","«Ваш персонаж уже получил это очко героя, но чтобы продолжить, вам нужно будет купить новый навык! Чтобы приобрести навык, нажмите эту кнопку, чтобы перейти к панели вашего героя»."
"""Your chat log folder is full: """"%str1%""""""","""Папка журнала чата заполнена: """"%str1%"""""""
"""Your concern is touching, Peitha.""","«Твоя забота трогательна, Пейта»."
"""Your condition damage is increased. Conditions inflicted by scepter skills have longer durations, and Feast of Corruption becomes Devouring Darkness.""","«Урон от ваших состояний увеличен. Состояния, налагаемые навыками скипетра, действуют дольше, а «Праздник порчи» становится «Пожирающей тьмой»."
"""Your condition damage is increased. While in Harbinger Shroud, you gain an aura that pulses each interval to torment and weaken nearby enemies.""","«Урон от вашего состояния увеличен. Находясь в «Плащанице предвестника», вы получаете ауру, которая пульсирует каждый интервал, мучая и ослабляя ближайших врагов»."
"""Your conditions last longer, and your damage is increased.""","«Ваши состояния сохраняются дольше, а ваш урон увеличивается»."
"""Your contribution: <c=""""%str3%"""">%num1%</c>""","""Ваш вклад: <c=""""%str3%"""">%num1%</c>"""
"""Your credentials do not appear in our data base and we are unable to provide you with the information you seek. Please be advised that any additional requests for data without valid credentials could result in criminal charges, civil lawsuits, censure or sanction by the Arcane Council, revocation of your archive privileges, and a visit from one of our Legbreaker 5000 credentialing enforcement golems.""","«Ваши учётные данные не указаны в нашей базе данных, и мы не можем предоставить вам искомую информацию. Имейте в виду, что любые дополнительные запросы данных без действительных учётных данных могут привести к уголовным обвинениям, гражданским искам, порицанию или санкциям со стороны Тайного Совета, лишению ваших архивных привилегий и визиту одного из наших големов, проверяющих учётные данные Legbreaker 5000»."
"""Your critical hits deal more damage. Critical hit damage against disabled foes, or foes below the health threshold, is further increased.<br><c=@reminder>Disabled foes are affected by stun, daze, knockback, pull, knockdown, sink, float, fear, taunt, or launch.""","«Ваши критические удары наносят больше урона. Урон от критического удара по отключенным противникам или противникам, у которых здоровье ниже порога, ещё больше увеличивается.<br><c=@reminder>На отключенных противников воздействуют оглушение, ошеломление, отбрасывание, притягивание, нокдаун, погружение, плавание, страх, насмешка или запуск»."
"""Your custom arena, %str1%, has expired and will be deleted in %str2% if no time is added.""","«Срок действия вашей пользовательской арены, %str1%, истек, и она будет удалена через %str2%, если не будет добавлено время»."
"""Your custom arena, %str1%, will expire in %str2% if no time is added.""","«Ваша пользовательская арена, %str1%, истечет через %str2%, если не будет добавлено время»."
"""Your dedication to nature is proving fruitful, but there is still much to do. Continue to show your respect for Melandru's druids and help bring their magic out into the world again.""","«Ваша преданность природе приносит свои плоды, но ещё многое предстоит сделать. Продолжайте проявлять свое уважение к друидам Меландру и помогите снова принести их магию в мир»."
"""Your dedication to restoring balance, even at great personal risk to yourself, does not go unrecognized. Koda sees your deeds. Look over our supplies if you like.""","«Ваша преданность восстановлению баланса, даже с большим личным риском для себя, не останется незамеченной. Кода видит ваши дела. Если хотите, просмотрите наши запасы»."
"""Your desire to destroy still unsatisfied, beast? Burning Ascalon not enough for you?""","«Твое желание уничтожить все ещё не удовлетворено, зверь? Горящего Аскалона тебе недостаточно?»"
"""Your dodge ability is replaced by Bound, dealing damage to the area after you evade. Gain increased strike damage for a period of time after you dodge.""","«Ваша способность уклонения заменяется на «Связанный», наносящий урон по области после уклонения. После уклонения вы получаете увеличенный урон от удара на некоторое время»."
"""Your dodge ability now uses Impaling Lotus, firing daggers at nearby enemies. Gain increased condition damage for a period of time when dodging.""","«Ваша способность уклонения теперь использует «Impaling Lotus», стреляя кинжалами в ближайших врагов. При уклонении вы на некоторое время получаете увеличенный урон от состояний."
"""Your dog has learned all it can for today, but you can keep playing with them until they're ready to learn more tricks again tomorrow.""","«За сегодня ваша собака выучила все, что могла, но вы можете продолжать играть с ней, пока завтра она не будет готова снова выучить новые трюки»."
"""Your dog is ready to learn some new tricks. Training is hard and your dog can only learn so much in any given day, but they're always happy to play with you.""","«Ваша собака готова научиться новым трюкам. Дрессировка сложна, и ваша собака может многому научиться за день, но она всегда рада поиграть с вами»."
"""Your eagerness is inspiring, but Vigil members must be adults.""","«Ваше рвение вдохновляет, но члены Vigil должны быть взрослыми»."
"""Your efforts in Gyala Delve have earned you the ire of the oni. Stay vigilant! They may go out of their way to stop you, even elsewhere in Cantha...""","«Ваши усилия в Гьяла-Дельве вызвали у вас гнев Они. Будьте бдительны! Они могут изо всех сил стараться остановить вас, даже в другом месте Канты…»"
"""Your enemies may not see you coming, but these weapons surely will.""","«Ваши враги, возможно, не заметят вашего приближения, но это оружие наверняка увидит»."
"""Your enemies surround you. Now, in this moment...you are with Riannoc.""","«Твои враги окружают тебя. Сейчас, в этот момент... ты с Рианнок»."
"""Your envoy already approached me with a similar offer, Marshal. I've decided to accept. Otherwise, I wouldn't be here.""","«Ваш посланник уже обращался ко мне с подобным предложением, маршал. Я решил принять. В противном случае меня бы здесь не было»."
"""Your essence has been sewn to another. If you rally together, perhaps you can take advantage of this curse.""","«Ваша сущность была пришита к другому. Если вы сплотитесь, возможно, вы сможете воспользоваться этим проклятием»."
"""Your evil deeds are slowly corrupting your good nature. If you don't stop, the results could be fatal.""","«Ваши злые дела медленно развращают вашу добрую натуру. Если вы не остановитесь, результаты могут быть фатальными»."
"""Your father's treachery could be useful to us, Demmi. If Commander Landon is following the enchantment, we can use it to lead him awry.""","«Предательство твоего отца может быть нам полезно, Демми. Если коммандер Лэндон следует за чарами, мы можем использовать их, чтобы сбить его с пути»."
"""Your father, Vallus Smokemane, stands accused of desertion and theft from the High Legions. Your mission is to track him down and learn the truth. Your first stop: Vallus' warband, currently on patrol in ogre territory.""","«Ваш отец, Валлус Дымчатая Грива, обвиняется в дезертирстве и воровстве со стороны Высших Легионов. Ваша миссия — выследить его и узнать правду. Ваша первая остановка: отряд Валлуса, который в настоящее время патрулирует территорию огров»."
"""Your favorite fruit, let that set in; a farmland's tree holds the key, to those who threaten.""","«Твой любимый фрукт, пусть он растет; дерево на ферме хранит ключ к тем, кто угрожает»."
"""Your fear is irrelevant. I know Kudu is here, and I'm here to stop him!""","«Твой страх не имеет значения. Я знаю, что Куду здесь, и я здесь, чтобы остановить его!»"
"""Your fire aura detonates, damaging and burning nearby foes.""","«Ваша огненная аура взрывается, нанося урон и поджигая ближайших противников»."
"""Your first attack explodes, dealing extra damage to nearby enemies.""","«Ваша первая атака взрывается, нанося дополнительный урон ближайшим врагам»."
"""Your first attack when entering combat explodes, dealing damage to nearby foes. This ability refreshes after a dodge roll.""","«Ваша первая атака при вступлении в бой взрывается, нанося урон противникам поблизости. Эта способность обновляется после броска на уклонение»."
"""Your first duty as legionnaire is to replenish your warband. A veteran ghost hunter like Fyon the Wraith would be perfect. First, you need to convince him he still has purpose in Blood Legion, even after losing his entire warband to Ascalonian spirits.""","«Ваша первая обязанность как легионера — пополнить свой отряд. Опытный охотник за привидениями, такой как Фион Призрак, подойдёт идеально. Во-первых, вам нужно убедить его, что у него все ещё есть цель в Кровавом Легионе, даже после того, как он потерял весь свой отряд из-за аскалонских духов»."
"""Your first weapon skill is replaced with your stealth attack, even when not stealthed.""","«Ваш первый навык владения оружием заменяется скрытной атакой, даже если вы не скрыты»."
"""Your free demo account is not currently active. The Guild Wars Factions Global Free-for-All Weekend event is over. For more information, please see www.guildwars.com.""",«Ваша бесплатная демо-учётная запись в настоящее время не активна. Мероприятие Guild Wars Factions Global Free-for-All Weekend закончилось. Для получения дополнительной информации посетите сайт www.guildwars.com».
"""Your free demo account is prepared, but the Guild Wars Factions Preview Event is not running right now. Please come back Friday, March 24 to play. For more information, please see www.guildwars.com.""","«Ваша бесплатная демо-учётная запись подготовлена, но событие предварительного просмотра фракций Guild Wars в данный момент не проводится. Пожалуйста, приходите в пятницу, 24 марта, чтобы сыграть. Для получения дополнительной информации посетите сайт www.guildwars.com»."
"""Your friend Faren acts like a cad, but he rushed to see you after you were injured in the centaur attack. Like you, Faren resides in the Salma District, which has seen an increase in burglaries as of late.""","«Твой друг Фарен ведёт себя как хам, но он бросился к тебе после того, как ты был ранен в результате нападения кентавра. Как и ты, Фарен проживает в районе Салма, где в последнее время наблюдается рост краж со взломом»."
"""Your friend Lord Faren seems quite enamored of the Baroness Jasmina, but all I've heard her talking about tonight is you! Most intriguing.""","«Ваш друг Lord Faren, кажется, совершенно очарован баронессой Жасминой, но все, о чем я слышал, что она говорила сегодня вечером, это вы! Самое интригующее»."
"""Your generous """"donation"""" merits greater recognition. This letter grants 1,000 Influence to the guild you represent when you use it.""","«Ваше щедрое «пожертвование» заслуживает большего признания. Это письмо даёт 1000 очков влияния гильдии, которую вы представляете, когда используете его»."
"""Your generous """"donation"""" merits greater recognition. This letter grants 10 Influence to the guild you represent when you use it.""","«Ваше щедрое «пожертвование» заслуживает большего признания. Это письмо даёт 10 очков влияния гильдии, которую вы представляете, когда используете его»."
"""Your generous """"donation"""" merits greater recognition. This letter grants 10,000 Influence to the guild you represent when you use it.""","«Ваше щедрое «пожертвование» заслуживает большего признания. Это письмо даёт 10 000 влияния гильдии, которую вы представляете, когда используете его»."
"""Your generous """"donation"""" merits greater recognition. This letter grants 100 Influence to the guild you represent when you use it.""","«Ваше щедрое «пожертвование» заслуживает большего признания. Это письмо даёт 100 очков влияния гильдии, которую вы представляете, когда используете его»."
"""Your golem is strange. Was strange, rather.""",«Твой голем странный. Скорее был странным».
"""Your group is currently being advertised. To make changes to your category selection, please remove your group from the active search.""","«Ваша группа в настоящее время рекламируется. Чтобы внести изменения в выбор категории, удалите свою группу из активного поиска»."
"""Your guild does not have enough room to receive a full refund for your desired changes. To proceed, you must give up the following:""","«В вашей гильдии недостаточно места для получения полного возмещения за желаемые изменения. Чтобы продолжить, вы должны отказаться от следующего:»"
"""Your guild has members from multiple worlds (see roster).  Those in different worlds will see different influence, upgrades, and bank space.""","«В вашей гильдии есть члены из разных миров (см. список). Те, кто находится в разных мирах, увидят разное влияние, улучшения и банковское пространство»."
"""Your heart is kind and your will is strong. So long as Zhaitan lives, the undead will continue to come. But I believe that with fighters like you, we can stem the tide.""","«У тебя доброе сердце и сильная воля. Пока Зайтан жив, нежить будет продолжать приходить. Но я верю, что с такими бойцами, как ты, мы сможем остановить эту волну»."
"""Your help gets people killed! I don't need it, and I don't need you.""","«Ваша помощь приводит к гибели людей! Она мне не нужна, и вы мне не нужны»."
"""Your help is appreciated, Wayfinder.""","«Твоя помощь ценна, Путеводитель»."
"""Your help is required, strange one.""","«Требуется твоя помощь, странный»."
"""Your honor is restored. However, you must prepare for a greater danger.""",«Ваша честь восстановлена. Однако вы должны подготовиться к большей опасности».
"""Your idiocy is a pleasant surprise. True Kryptis, bring me their heads! Fingers. Ears. Tongues. Eyeballs.""","«Твой идиотизм — приятный сюрприз. Настоящие Криптисы, принеси мне их головы! Пальцы. Уши. Языки. Глаза»."
"""Your ignorance will get us killed, Tzark. The Ghost Eater represents a threat we've never seen before.""","«Из-за твоего невежества нас убьют, Царк. Ghost Eater представляет собой угрозу, которую мы никогда раньше не видели»."
"""Your information says that a grown-up Waine now does arena-fighting for money...and never loses. Theft, and abuse of the Pale Tree's gift to her son, should not go unpunished. Defeat him with the Vigil's assistance, and reclaim Caladbolg for the Mother Tree.""","«Ваша информация гласит, что взрослая Вейн теперь сражается на арене за деньги... и никогда не проигрывает. Кража и злоупотребление даром Бледного Древа её сыну не должны остаться безнаказанными. Победите его с помощью Дозора и верните Каладболг Материнскому Древу»."
"""Your jade bot enhances your skiff's engine, increasing the speed by 15%%.""","«Ваш нефритовый бот усиливает двигатель вашего скифа, увеличивая скорость на 15%%»."
"""Your jade bot enhances your skiff's engine, increasing the speed by 20%%.""","«Ваш нефритовый бот усиливает двигатель вашего скифа, увеличивая скорость на 20%%»."
"""Your jade bot enhances your skiff's engine, increasing the speed by 25%%.""","«Ваш нефритовый бот усиливает двигатель вашего скифа, увеличивая скорость на 25%%»."
"""Your jade bot will scan for treasure chests within 2,000 units.""",«Ваш нефритовый бот будет искать сундуки с сокровищами в радиусе 2000 единиц».
"""Your jade bot will scan for treasure chests within 3,000 units.""",«Ваш нефритовый бот будет искать сундуки с сокровищами в радиусе 3000 единиц».
"""Your jade bot will scan for treasure chests within 4,000 units.""",«Ваш нефритовый бот будет искать сундуки с сокровищами в радиусе 4000 единиц».
"""Your journey of self has come to an end, for now...""","«Ваше путешествие к себе подошло к концу, на данный момент…»"
"""Your level of <c=@Event>participation</c> is graded in bronze (minimum), silver (middle) or gold (most) based on how your actions contributed to the result. Higher grades earn greater rewards.""","«Ваш уровень <c=@Event>участия</c> оценивается бронзой (минимум), серебром (средний) или золотом (наибольшая оценка) в зависимости от того, насколько ваши действия способствовали результату. Чем выше оценки, тем больше наград»."
"""Your light aura detonates, damaging nearby foes and healing nearby allies.""","«Ваша световая аура взрывается, нанося урон ближайшим противникам и исцеляя ближайших союзников»."
"""Your longbow, rifle, and harpoon gun weapon skill 1 attacks are enhanced.""","«Ваши атаки из длинного лука, винтовки и гарпунного оружия 1-го навыка улучшены»."
"""Your majesty, I'm not sure you and the ambassadors should've come here.""","«Ваше Величество, я не уверен, что вам и послам следовало приходить сюда»."
"""Your mech launches an explosive fist that detonates on hit, dealing defiance damage to enemies with active defiance bars. This skill is only used when you activate Skill 3 on your weapon.""","«Ваш мех запускает взрывной кулак, который взрывается при ударе, нанося урон неповиновения врагам с активной полосой неповиновения. Этот навык используется только тогда, когда вы активируете навык 3 на своем оружии»."
"""Your mettle has been well tested, mortal.""","«Твоя храбрость хорошо проверена, смертный»."
"""Your most important duty as new legionnaire is to replenish your warband's depleted numbers. Soure Doomsday, a gifted young necromancer, looks like a potential recruit.""","«Ваша самая важная обязанность как нового легионера — пополнить истощенный состав вашего отряда. Soure Doomsday, одаренный молодой некромант, выглядит потенциальным новобранцем»."
"""Your mount is tangled in the netting, slowing you down.""","«Ваше животное запуталось в сети, и вы замедляетесь»."
"""Your new wallet will automatically collect all coins, tokens, and other various currencies from a character's inventory when you log in with that character. The collected currency will all go into one account-wide pool. You can access your currencies through a tab in the Hero Panel or your inventory. All future currency items will automatically be added to the account-wide pool.""","«Ваш новый кошелек автоматически соберет все монеты, жетоны и другую различную валюту из инвентаря персонажа, когда вы войдёте в систему под этим персонажем. Вся собранная валюта попадет в один пул всего аккаунта. Вы можете получить доступ к своей валюте через вкладку на панели героя или в своем инвентаре. Все будущие предметы валюты будут автоматически добавлены в пул всего аккаунта»."
"""Your next Double Edge skill used on cooldown will always be successful, regardless of the remaining cooldown. If used on Skritt Scuffle, it instead reduces the chance of obtaining an Unstable Skritt Bomb.""","«Ваш следующий навык Double Edge, использованный во время восстановления, всегда будет успешным, независимо от оставшегося времени восстановления. Если вы используете его в Skritt Scuffle, вместо этого он снижает вероятность получения нестабильной Skritt Bomb»."
"""Your next attack after dodging causes weakness to foes struck. Weakened enemies deal less damage to you, and you deal increased strike damage to them.""","«Ваша следующая атака после уклонения вызывает слабость пораженных противников. Ослабленные враги наносят вам меньший урон, а вы наносите им увеличенный урон»."
"""Your notes documenting what you know about Castora, the seers, and Ancora. Putting it all together illuminates promising locations to discover more secrets.""","«Ваши записи документируют все, что вы знаете о Касторе, провидцах и Анкоре. Собрав все это воедино, вы увидите многообещающие места для открытия новых секретов»."
"""Your outgoing strike damage is increased, and your incoming strike damage is reduced.""","«Урон от вашего исходящего удара увеличен, а урон от входящего удара уменьшен»."
"""Your participation level determines the number of reward-track points you will earn each tick. Participation is earned by participating in a variety of WvW activities, such as capturing and defending objectives, completing events, and killing enemy players.""","«Ваш уровень участия определяет количество очков вознаграждения, которые вы заработаете за каждый тик. Участие зарабатывается за участие в различных действиях WvW, таких как захват и защита объектов, завершение событий и убийство вражеских игроков»."
"""Your passenger has triggered Overdrive. The siege turtle's speed, acceleration, and handling are improved for a short period of time.""","«Ваш пассажир активировал овердрайв. Скорость, ускорение и управляемость осадной черепахи на короткое время улучшаются»."
"""Your passive life-force generation from nearby deaths is increased. Kills grant <c=@abilitytype>carapace</c>. When you enter shroud, gain life-force per stack of <c=@abilitytype>carapace</c>.""","«Ваше пассивное генерирование жизненной силы от ближайших смертей увеличивается. Убийства дают <c=@abilitytype>панцирь</c>. Когда вы входите в саван, вы получаете жизненную силу за каждый стак <c=@abilitytype>панциря</c>»."
"""Your pathetic gods offer no protection, Amala. Now, simply pledge your allegiance, and I'll allow you to serve me alive.""","«Твои жалкие боги не предлагают никакой защиты, Амала. Теперь просто поклянись в своей верности, и я позволю тебе служить мне живой»."
"""Your pet has a bond with you that increases its attributes each time you kill a foe. When it is defeated or deactivated, the bond is reset.""","«У вашего питомца есть связь с вами, которая увеличивает его характеристики каждый раз, когда вы убиваете врага. Когда он побежден или деактивирован, связь сбрасывается»."
"""Your pet strikes nearby enemies with vines, removing boons. Disabled or defiant enemies are also slowed.<br><c=@reminder>Disables include stun, daze, knockback, pull, knockdown, sink, float, launch, taunt, and fear.</c>""","«Ваш питомец поражает ближайших врагов лозами, снимая дары. Выведенные из строя или непокорные враги также замедляются.<br><c=@reminder>Отключение включает оглушение, ошеломление, отбрасывание, притягивание, нокдаун, погружение, плавание, запуск, насмешку и страх.</c>»"
"""Your pet teleports to your target and lashes out, poisoning enemies and applying vulnerability to disabled or defiant enemies.<br><c=@reminder>Disables include stun, daze, knockback, pull, knockdown, sink, float, launch, taunt, and fear.</c>""","«Ваш питомец телепортируется к цели и атакует, отравляя врагов и применяя уязвимость к обездвиженным или непокорным врагам.<br><c=@reminder>Отключение включает оглушение, ошеломление, отбрасывание, притягивание, нокдаун, погружение, плавание, запуск, насмешку и страх.</c>»"
"""Your pet's attributes are improved and pet skills gain recharge reduction.<br><c=@reminder>Improved attributes are power, condition damage, precision, toughness, and vitality.</c>""","«Атрибуты вашего питомца улучшаются, а навыки питомца уменьшают перезарядку.<br><c=@reminder>Улучшенные атрибуты — это сила, урон от состояний, точность, выносливость и живучесть.</c>»"
"""Your potion has incompatible ingredients. You may drop the potion to start over, or visit Cesseilia to remove individual ingredients.""","«Ваше зелье содержит несовместимые ингредиенты. Вы можете выбросить зелье, чтобы начать заново, или посетить Цессилию, чтобы удалить отдельные ингредиенты»."
"""Your power is increased. While in Harbinger Shroud, you gain an aura that pulses each interval to damage and cripple nearby enemies.""","«Ваша сила увеличена. Находясь в Harbinger Shroud, вы получаете ауру, которая пульсирует каждый интервал, нанося урон и калеча ближайших врагов»."
"""Your progress is adequate. Keep moving, there are more altars ahead.""","«Ваш прогресс достаточен. Продолжайте двигаться, впереди ещё алтари»."
"""Your role in all this is far reaching, egg bearer.""","«Твоя роль во всем этом далеко идущая, носитель яиц»."
"""Your scrap rifle has overheated! Throw it at your foes quickly for a final, devastating attack.""",«Ваша металлоломная винтовка перегрелась! Быстро бросьте её во врагов для последней разрушительной атаки».
"""Your sense of smell is heightened, revealing new information around you.""","«Ваше обоняние обостряется, открывая новую информацию вокруг вас»."
"""Your shattered illusion reforms into a mirror. Touching the mirror shatters it, granting mirage cloak to you and weakening foes.""","«Ваша разбитая иллюзия превращается в зеркало. Прикосновение к зеркалу разбивает его, даруя вам плащ миража и ослабляя врагов»."
"""Your soul has been separated from your body. You can continue to empower Zojja with Kryptis essence, or you can aid your allies in spirit form.""",«Ваша душа отделена от вашего тела. Вы можете продолжать наделять Зоджю сущностью Криптиса или помогать своим союзникам в духовной форме».
"""Your spirit is strong. Do not underestimate yourself. Head to the far embankment, and I'll meet you there.""","«Твой дух силен. Не недооценивай себя. Отправляйся на дальнюю набережную, и я встречу тебя там»."
"""Your spirit of anguish enters an overcharged state, increasing its number of attacks. This skill will activate automatically when the spirit is summoned.""","«Ваш дух страдания переходит в перегруженное состояние, увеличивая количество атак. Этот навык активируется автоматически при вызове духа»."
"""Your spirit of shelter enters an overcharged state, increasing its potency. This skill will activate automatically when the spirit is summoned.""","«Ваш дух убежища переходит в перегруженное состояние, увеличивая свою силу. Этот навык активируется автоматически при вызове духа»."
"""Your spirit of sorrow enters an overcharged state, increasing the durations of its conditions. This skill will activate automatically when the spirit is summoned.""","«Ваш дух печали переходит в перегруженное состояние, продолжительность его состояния увеличивается. Этот навык активируется автоматически при вызове духа»."
"""Your story awaits you! Check the upper-right corner of your screen for your next story step. Follow the green objective markers on your map, or quickly travel to your story step by opening your map and clicking a waypoint near the green marker.""","«Ваша история ждет вас! Проверьте правый верхний угол экрана, чтобы увидеть следующий этап истории. Следуйте зелёным маркерам целей на карте или быстро перейдите к этапу истории, открыв карту и щёлкнув путевую точку рядом с зелёным маркером»."
"""Your struggles are at an end, toy soldier.""","«Твоя борьба подошла к концу, игрушечный солдатик»."
"""Your target is out of range! When you're too far away to use a skill, the hotkey under it will turn red.""","«Ваша цель находится вне зоны действия! Когда вы находитесь слишком далеко, чтобы использовать навык, горячая клавиша под ней станет красной»."
"""Your time has come again, lost soul.""","«Твое время снова пришло, заблудшая душа»."
"""Your torch carries the sacred flame, which can be passed to those with unlit torches. Teleporting, shadowstepping, or using a portal will extinguish the flame.""","«Ваш факел несёт священное пламя, которое можно передать тем, у кого незажженные факелы. Телепортация, шаг в тень или использование портала погасят пламя»."
"""Your torch carries the sacred flame. Teleporting, shadowstepping, or using a portal will extinguish the flame.""","«Ваш факел несёт священное пламя. Телепортация, шаг в тень или использование портала погасят пламя»."
"""Your turn for dung duty, Wayfinder! A clean pen makes for a healthy journeykit.""","«Твоя очередь нести навоз, Путеводитель! Чистый загон — здоровый дорожный набор»."
"""Your turn, little one.""","— Твоя очередь, малыш."
"""Your turtle can be ridden by two players. The owner is the driver, and the passenger is the gunner. Ammo for the gunner is accrued through movement. The faster and more technical the movement, the faster ammo is earned!""","«На вашей черепахе могут ездить два игрока. Владелец — водитель, а пассажир — стрелок. Боеприпасы для стрелка начисляются за движение. Чем быстрее и техничнее движение, тем быстрее зарабатываются боеприпасы!»"
"""Your warclaw detects the titan nearby, but more stench is needed to draw it out. Retrace its path and collect more.""","«Ваш боевой коготь обнаруживает поблизости титана, но чтобы его выманить, нужно больше зловония. Проследите его путь и соберите ещё»."
"""Your warclaw uses its mighty paws to dig, checking for a foundation to place a calibration thumper.""",«Ваш боевой коготь копает своими могучими лапами в поисках фундамента для установки калибровочного молотка».
"""Your weakness for reading notes on the battlefield did not prevent you from honoring our resplendent leader with the deaths of the Forged at the Foundry. Well done, and Praise Joko!""","«Твоя слабость к чтению заметок на поле боя не помешала тебе почтить память нашего блестящего лидера смертью Кованых в Литейной. Молодец, хвала Джоко!»"
"""Your words are wise as well as strong. There is fire in you, outsider, the fire of the Sun God. The Challenge of Words is over. The outsider has won!""","«Твои слова не только мудры, но и сильны. В тебе есть огонь, чужак, огонь Бога Солнца. Испытание слов окончено. Посторонний победил!»"
"""Your world is engaged in a fierce battle for power in the Mists! Press [lbracket]%str1%[rbracket] to see how your world fares against the enemy, and to see current bonuses!""","«Ваш мир вовлечен в жестокую битву за власть в Туманах! Нажмите [lbracket]%str1%[rbracket], чтобы узнать, как ваш мир сражается с врагом, и увидеть текущие бонусы!»"
"""Your—assistance, please.""","— Ваша… помощь, пожалуйста."
"""You—dealt—it, I—smelt—it.""","«Ты… нанес… это, я… учуял… это»."
"""Ysvelta was clearly a lost cause, so I chose to save the village. Tiachren and Ysvelta showed up, shrouded in nightmare, and I was forced to kill them.""","«Исвелта явно была безнадежной, поэтому я решил спасти деревню. Появились Тиахрен и Исвелта, окутанные кошмаром, и мне пришлось их убить»."
"""Yuhwa's Diary, Page 12""","«Дневник Юхвы, страница 12»"
"""Yuhwa's Diary, Page 3""","«Дневник Юхвы, страница 3»"
"""ZXS-705 """"Zaxis""""""","""ZXS-705 ""Заксис"""""""
"""Zaeim and I managed to calm the delegates and get the summit moving again—despite Archon Iberu's best attempts to derail it. But just as the delegates began to work together, we were hit by a surprise attack from Kralkatorrik's lieutenant—the Death-Branded Shatterer!""","«Заиму и мне удалось успокоить делегатов и возобновить саммит — несмотря на все попытки архонта Иберу сорвать его. Но как только делегаты начали работать вместе, на нас напала внезапная атака лейтенанта Кралькаторрика — Клеймо Смерти Разрушителя!»"
"""Zaklem, the Rune[s] of Loyalty""","«Заклем, руна верности»"
"""Zalambur will only permit the most prestigious members to enter the Lily. If you would like to enter, you'll need to upgrade.""","«Заламбур разрешит войти в «Лилию» только самым престижным членам. Если вы хотите войти, вам нужно будет повысить категорию»."
"""Zalambur's luxury lounge—for his most elite guests. The Lily offers a variety of services: merchants, crafting stations, bankers...whatever you need.""","«Роскошный салон Заламбура — для его самых элитных гостей. «Лилия» предлагает разнообразные услуги: торговцы, ремесленные мастерские, банкиры… все, что вам нужно»."
"""Zealot's Flame is improved. Burning you inflict has increased duration, and your torch skills gain reduced recharge.""","«Zealot's Flame улучшено. Наносимое вами горение имеет увеличенную продолжительность, а ваши навыки факела перезаряжаются меньше»."
"""Zephyrite, Aspect""","«Зефирит, Аспект»"
"""Zhaitaffy, holographic, hologram""","«Жайтаффы, голографическая, голограмма»"
"""Zhaitan can be defeated, but that will not save Orr. The land must be cleansed of this poison. Seek the source...""","«Зайтана можно победить, но Орра это не спасет. Земля должна быть очищена от этого яда. Ищите источник...»"
"""Zhaitan has been defeated, but its minions continue to fight inside Arah. Ogden went there to discover the secrets of the elder races.""","«Зайтан побежден, но его приспешники продолжают сражаться внутри Араха. Огден отправился туда, чтобы раскрыть секреты древних рас»."
"""Zhaitan has found a way to corrupt the inherent connection between these ancient temples and their associated statues all across Orr. When its malevolent hold on Lyssa's cathedral is severed, the god's statues will lie dormant. However, if Zhaitan's minions control the cathedral, you may find the darkest parts of your innermost self rising to strike you.""","«Зайтан нашёл способ разрушить внутреннюю связь между этими древними храмами и связанными с ними статуями по всему Орру. Когда его злонамеренная власть над собором Лиссы будет разорвана, статуи бога будут бездействовать. Однако, если приспешники Зайтана будут контролировать собор, вы можете обнаружить, что самые тёмные части вашей сокровенной сущности восстанут, чтобы поразить вас»."
"""Zhaitan is no more, but the ruined city of the human gods holds greater mysteries.""","«Зайтана больше нет, но разрушенный город человеческих богов хранит ещё большие тайны»."
"""Zhaitan knows everything its minions know. One of its corrupted servants, while alive or after death, must have seen the tome.""","«Зайтан знает все, что знают его приспешники. Один из его испорченных слуг, при жизни или после смерти, должно быть, видел этот фолиант»."
"""Zhaitan waits at the center of Orr, surrounded by a nation of undead. The battle to destroy the dragon will not be easy—but it can be won.""","«Зайтан ждет в центре Орра, окруженный нацией нежити. Битва за уничтожение дракона будет непростой, но её можно выиграть»."
"""Zhaitan's awakening caused the once-lost island nation of Orr to rise from the sea, flooding many coastal lands in the process.""","«Пробуждение Зайтана привело к тому, что некогда потерянное островное государство Орр поднялось из моря, затопив при этом многие прибрежные земли»."
"""Zhaitan's flagship is a threat to all of the Pact's coastal forces. Good thing the Inquest has the high-powered explosives you need to sink it. Acquiring that explosive won't be easy, though.""","«Флагман Зайтана представляет собой угрозу для всех береговых сил Пакта. Хорошо, что у Следствия есть мощная взрывчатка, необходимая для его потопления. Однако добыть эту взрывчатку будет непросто»."
"""Zhaitan's flagship poses a threat to all of the Pact's coastal forces, but an asura krewe deep in Mount Maelstrom may has the exposive ordnance you need to send that ship to the bottom of the sea.""","«Флагман Зайтана представляет угрозу всем прибрежным силам Пакта, но асура-креве глубоко в горе Водоворот может располагать взрывоопасными снарядами, необходимыми для того, чтобы отправить этот корабль на дно моря»."
"""Zhaitan's forces attacked from the beach, but we held them off. General Soulkeeper is returning to Vigil Keep to rally an army. In the meantime, Trahearne and I are going to call upon our allies across the continent. Tyria is in great danger.""","«Силы Зайтана атаковали с пляжа, но мы их сдержали. Генерал Душещица возвращается в Крепость Бдения, чтобы собрать армию. Тем временем мы с Трэхирном собираемся призвать наших союзников по всему континенту. Тирия в большой опасности»."
"""Zhaitan's power does not end here. In slaughter, its army grows stronger. Claw Island was just the beginning.""",«Сила Зайтана на этом не заканчивается. В резне его армия становится сильнее. Claw Island был только началом».
"""Zhaitan's servants march at the gates of Lion's Arch. We must band together, or we will all be destroyed.""","«Слуги Зайтана маршируют у ворот Львиной Арки. Мы должны объединиться, иначе мы все будем уничтожены»."
"""Zhaitan's undead minions have driven the dredge and skritt from their homes. At least, those lucky few that managed to escape with their lives.""","«Нежить Зайтана выгнала драгов и скриттов из их домов. По крайней мере, тех немногих счастливчиков, которым удалось спастись»."
"""Zojja and Eir have a history, much like Logan and Rytlock. Perhaps if they can talk, we can reunite the group.""","«У Зойджи и Эйр есть своя история, как у Логана и Ритлока. Возможно, если они смогут говорить, мы сможем воссоединить группу»."
"""Zojja and I beat the Inquest to the next piece of the relic. We also used some of our best weaponry to beat the Inquest to a pulp. We deduced that there are only three pieces of the artifact in all: the two we have plus the one the Inquest extorted from us. We decided that in order to complete our collection and assemble the full artifact, we would have to take back the Inquest's piece by force.""","«Зойджа и я опередили Инквест до следующего фрагмента реликвии. Мы также использовали наше лучшее оружие, чтобы избить Инквест до полусмерти. Мы пришли к выводу, что всего есть только три части артефакта: две, которые есть у нас, плюс тот, который Инквест выкрал у нас. Мы решили, что для того, чтобы завершить нашу коллекцию и собрать полный артефакт, нам придётся силой забрать часть Инквеста»."
"""Zojja and I crashed the Inquest's party and demanded the return of the translocator. Teyo refused and tried to kill us with it, but we showed her who the real geniuses were. Teyo fell, but the translocator was destroyed in the fighting. At least I was able to claim the Snaff Savant title, which everyone who matters agreed was mine by right. Zojja seemed pleased with the results, though it's often hard to tell with her. In any case, I have been confirmed as the Snaff Savant and I'm prepared for whatever challenges lie ahead.""","«Зоджа и я разбили группу Следствия и потребовали вернуть транслокатор. Тейо отказалась и попыталась убить нас с его помощью, но мы показали ей, кто были настоящие гении. Тейо пал, но транслокатор был уничтожен в бою. По крайней мере, я смог претендовать на титул Снафф-Ученый, который, по мнению всех, кто имел значение, принадлежал мне по праву. Зойджа, казалось, была довольна результатами, хотя по ней часто трудно сказать. В любом случае, меня утвердили в качестве Мы со Снаффом Савантом готовы к любым испытаниям, которые нас ждут впереди»."
"""Zojja and I faced down Kudu in the Arcane Council chambers of Rata Sum. By the time we were done, everything was drenched— but the city was safe. Other than a few washed-out golems, that is. And boy, were the Arcane Council...er...""""grateful.""""""","«Зоджа и я столкнулись с Куду в залах Тайного Совета Rata Sum. К тому времени, когда мы закончили, все было мокрым, но город был в безопасности. Если не считать нескольких вымытых големов. И, о боже, мы были Тайным Советом… э-э…» «благодарным»»»."
"""Zojja and I got past the Inquest door puzzle and located the last piece of the artifact. Teyo tried to stop us, but we got past her, too—she won't be bothering anyone anymore. The completed artifact turned out to be the key to Gadd's laboratory—Gadd, one of of the most famous and accomplished geniuses in history. We decided to see what ol' Gadd has been keeping locked up all these years.""","«Мы с Зойджой преодолели загадку на двери дознания и нашли последнюю часть артефакта. Тейо пыталась остановить нас, но мы обошли и её — она больше никого не беспокоит. Готовый артефакт оказался ключом от лаборатории Гэдда — Гэдда, одного из самых известных и опытных гениев в истории. Мы решили посмотреть, что старый Гэдд держал под замком все эти годы»."
"""Zojja and I used the VOED to beat the Inquest to the next piece of the artifact. We found one in a merchant's stall in Rata Sum, though I don't think he realized what he had. Zojja did some fast talking to distract the merchant, and I collected the object. With the VOED and Zojja on my side, I decided to press on and find the next piece.""","«Зойджа и я использовали ВОЭД, чтобы опередить дознание и найти следующую часть артефакта. Мы нашли один в ларьке торговца в Rata Sum, хотя я не думаю, что он понял, что у него было. Зойджа быстро переговорил, чтобы отвлечь торговца, и я забрал объект. Имея на своей стороне ВОЭД и Зойджу, я решил продолжить поиски следующего фрагмента»."
"""Zojja and I used the key we found with the VOED to open the door to Gadd's lab. We saw some truly amazing things, including a whole passel of destroyers that Gadd had kept contained for who knows how long. We wiped them out and recovered Gadd's personal archive, with all his thoughts, notes, and ideas. In short, it's the find of the century, and thanks to the VOED, it's all mine.""","«Зойджа и я использовали ключ, который нашли с помощью ВОЭД, чтобы открыть дверь в лабораторию Гэдда. Мы видели несколько поистине удивительных вещей, в том числе целый ряд эсминцев, которые Гэдд держал под контролем неизвестно сколько времени. Мы уничтожили их и восстановили личный архив Гэдда со всеми его мыслями, заметками и идеями. Короче говоря, это находка века, и благодаря ВОЭД, это все мое»."
"""Zojja and I went to the golem fights. Keppa was scavenging golem parts after each fight. Mink boasted about his powerful golem. I fought, blasted up some golems, and retrieved those modified blueprints.""","«Зойджа и я ходили на бои големов. Кеппа собирал части големов после каждого боя. Минк хвастался своим мощным големом. Я сражался, взорвал несколько големов и нашёл модифицированные чертежи»."
"""Zojja and Mr. Sparkles joined Pol and I in an attempt to reclaim our translocator, but the Inquest was ready for us. That skunk Teyo used the translocator to scatter us all over the region. I was able to find Pol and Mr. Sparkles, but not Zojja. We can't just leave her in the Inquest's clutches, so we made tracking her down and rescuing her our top priority.""","«Зоджа и мистер Спарклз присоединились к Полу и мне в попытке вернуть наш транслокатор, но Следствие было готово к нам. Этот скунс Тейо использовал транслокатор, чтобы разбросать нас по всему региону. Я смог найти Пола и мистера Спарклза, но не Зоджу. Мы не можем просто оставить её в когтях Следствия, поэтому мы сделали её выслеживание и спасение нашим главным приоритетом»."
"""Zojja contacted me and asked me to attend an academic presentation by a respected professor named Gorr. She's interested in Gorr's latest theory, and after hearing her describe its potential importance, so am I.""","«Зоджа связалась со мной и попросила присутствовать на академической презентации уважаемого профессора по имени Горр. Она заинтересовалась последней теорией Горра, и, услышав её описание её потенциальной важности, я тоже»."
"""Zojja dressed us down for producing such dangerous results with the Infinity Ball. Undaunted, Shodd was still determined to go forward, and I agreed: this close to a breakthrough, a bit more risk is worth the reward. All we need is a very strong, very stable power source...and Shodd said he knew just where to get one.""","«Зойджа упрекнул нас за такие опасные результаты с помощью Бесконечного шара. Неустрашимый Шодд по-прежнему был полон решимости идти вперёд, и я согласился: так близко к прорыву, немного больший риск стоит награды. Все, что нам нужно, это очень сильный, очень стабильный источник энергии... и Шодд сказал, что знает, где его взять»."
"""Zojja expressed interest in my very first invention, the Infinity Ball. It was supposed to predict the future, but I never got it to work exactly right. Now Zojja's interested in taking a crack at it, which I view as a huge compliment. I also met a fellow inventor named Shodd, who agreed to collaborate with me to perfect the Infinity Ball ourselves. This is a chance to redeem my first invention and test myself against Zojja, one of our greatest living geniuses, so I accepted Shodd's offer. We made plans to visit the Megahedron Collider to begin our work on the improved Infinity Ball.""","«Зойджа проявил интерес к моему самому первому изобретению, «Бесконечному шару». Предполагалось, что оно предсказывает будущее, но мне так и не удалось заставить его работать правильно. Теперь Зоджа заинтересована в том, чтобы попробовать его, что я рассматриваю как огромный комплимент. Я также встретил коллегу-изобретателя по имени Шодд, который согласился сотрудничать со мной, чтобы самим усовершенствовать «Бесконечный шар». Это шанс искупить мое первое изобретение и проверить себя против Зоджи, одного из наших величайших ныне живущих гениев, поэтому я согласился Предложение Шодда. Мы планировали посетить Мегаэдрический коллайдер, чтобы начать работу над улучшенным «Бесконечным шаром»."
"""Zojja has entered the Crucible of Eternity looking for an Inquest researcher named Kudu, who is experimenting with Elder Dragon energies.""","«Зойджа вошёл в Crucible of Eternity в поисках исследователя дознания по имени Куду, который экспериментирует с энергиями Старшего Дракона»."
"""Zojja hates Eir. Rytlock and Logan hate each other. And all because, long ago, we made a horrible mistake.""","«Зойджа ненавидит Эйр. Ритлок и Логан ненавидят друг друга. И все потому, что давным-давно мы совершили ужасную ошибку»."
"""Zojja joined my krewe as we tracked down the powerful readings we got off our VOED. We found the artifact, which seemed to be part of a larger whole. We decided to take it back to our lab for further tests.""","«Зойджа присоединилась к моему креве, когда мы отслеживали мощные показания, полученные от нашего ВОЭД. Мы нашли артефакт, который, казалось, был частью большего целого. Мы решили вернуть его в нашу лабораторию для дальнейших испытаний»."
"""Zojja seems happy. For Zojja, at least.""","«Зойджа кажется счастливой. По крайней мере, для Зоджи»."
"""Zojja's loyal golem, Mr. Sparkles, sits dormant and covered in a thick layer of dust. Although it looks to have been repaired since Maguuma, it's completely powered down and inactive.""","«Верный голем Зойджи, мистер Спарклз, бездействует и покрыт толстым слоем пыли. Хотя он выглядит отремонтированным после Магумы, он полностью отключен и неактивен»."
"""Zojja, Mr. Sparkles, and I ambushed the Inquest caravan that was transporting the last piece of the artifact. Teyo tried to stop us with her own squad of golems, but they were no match for us. The complete artifact turned out to be a key to Gadd's lab—Gadd, one of the most impressive and famous geniuses in history. We decided to use the key and find out what secrets Gadd's lab still holds.""","«Зойджа, мистер Спарклз и я устроили засаду на караван дознавателей, который перевозил последнюю часть артефакта. Тейо пыталась остановить нас с помощью своего отряда големов, но они не смогли нам противостоять. Весь артефакт оказался ключом от лаборатории Гэдда — Гэдда, одного из самых впечатляющих и знаменитых гениев в истории. Мы решили использовать ключ и узнать, какие секреты лаборатория Гэдда все ещё хранит»."
"""Zojja, Mr. Sparkles, and I confronted Varkk just as he was about to claim his seat on the Arcane Council. We defeated his Inquest bodyguards and then administered justice to Varkk himself, Synergetics-style. With the betrayal of Pol and our entire crew avenged, we decided to take down Teyo and reclaim my krewe's Snaff Prize-winning invention.""","«Зойджа, мистер Спарклс и я столкнулись с Варкком как раз в тот момент, когда он собирался претендовать на свое место в Тайном Совете. Мы победили его телохранителей Дознания, а затем совершили правосудие над самим Варком, в стиле синергетики. Когда предательство Пола и всей нашей команды было отомщено, мы решили уничтожить Тейо и вернуть изобретение моего крю, получившее премию Снаффа»."
"""Zojja, please! I was smarter than Snaff when you were still playing with blocks!""","«Зойджа, пожалуйста! Я был умнее Снаффа, когда ты ещё играл с кубиками!»"
"""Zojja, we all miss your mentor, but I think it's time to let things heal. Come back to the group.""","«Зойджа, мы все скучаем по твоему наставнику, но я думаю, что пришло время исцелить ситуацию. Возвращайся в группу»."
"""Zommoros has invited you to participate in the very first private tour of the Mystic Forge. Witness the incredible inner workings of the djinn's magical domain, and uncover the dark secret that lurks at its center.""","«Зомморос пригласил вас принять участие в самой первой частной экскурсии по Мистической кузнице. Станьте свидетелем невероятной внутренней работы магических владений джиннов и раскройте тёмную тайну, скрывающуюся в её центре»."
"""Zuri planned to join us, but it seems we're on our own. Regardless, use those keys to open gates and unlock weapon bins.""","«Зури планировал присоединиться к нам, но, похоже, мы сами по себе. В любом случае, используйте эти ключи, чтобы открыть ворота и разблокировать ящики с оружием»."
"""[lbracket]Use screwdriver, then splice wires to short circuit.[rbracket]""","«[lbracket]Используйте отвертку, затем соедините провода, чтобы закоротить.[rbracket]»"
"""[plur]%str1% alive: <c=""""%str3%"""">%num1%</c>""","""[plur]%str1% жив: <c=""""%str3%"""">%num1%</c>"""
"""[plur]%str1% collected: <c=""""%str3%"""">%num1%</c>/%num2%""","""[plur]%str1% собрано: <c=""""%str3%"""">%num1%</c>/%num2%"""
"""[plur]%str1% destroyed: <c=""""%str3%"""">%num1%</c>/%num2%""","""[plur]%str1% уничтожено: <c=""""%str3%"""">%num1%</c>/%num2%"""
"""[plur]%str1% escorted: <c=""""%str3%"""">%num1%</c>/%num2%""","""[plur]%str1% сопровождает: <c=""""%str3%"""">%num1%</c>/%num2%"""
"""[plur]%str1% killed: <c=""""%str3%"""">%num1%</c>/%num2%""","""[plur]%str1% убит: <c=""""%str3%"""">%num1%</c>/%num2%"""
"""[plur]%str1% received: <c=""""%str3%"""">%num1%</c>/%num2%""","""[plur]%str1% получено: <c=""""%str3%"""">%num1%</c>/%num2%"""
"""[plur]%str1% remaining: <c=""""%str3%"""">%num1%</c>""","""[plur]%str1% осталось: <c=""""%str3%"""">%num1%</c>"""
"""[plur]%str1% succeeded: <c=""""%str3%"""">%num1%</c>/%num2%""","""[plur]%str1% удалось: <c=""""%str3%"""">%num1%</c>/%num2%"""
"""bravery, having the courage to stand up to foes, both inside the kingdom and outside it.""","«храбрость, мужество противостоять врагам как внутри королевства, так и за его пределами»."
"""dBut still in matters magical, mathematical, and mineral,d""","«dНо все же в вопросах магии, математики и минералов,d»"
"""dFor when you know the habits of the charr and the Elonians,d""","«dИбо, когда ты знаешь привычки чарра и илонианцев, d»"
"""dI am the very model of a modern pirate general,d""","«Я образец современного пиратского генерала, d»"
"""dI know the Queens of Kryta and can cite matters historical,d""","«Я знаю королев Крайты и могу цитировать исторические факты, d»"
"""dI've information magical, mathematical, and mineral,d""","«У меня есть магическая, математическая и минеральная информация, d»"
"""dIn fact, I write my washing bills in old Canthan cuneiform,d""","«dНа самом деле, я пишу счета за стирку старой кантанской клинописью,d»"
"""dIt had been gripped by fingers ten, and there they lay, all good dead men, like break o' day in a boozing ken.d""","«Его схватили десять пальцев, и вот они лежали, все добрые мертвецы, как в дневное время в пьяном доме»."
"""dSpare change, anyone?d""","«dЗапасная сдача, кто-нибудь?d»"
"""dThe mate was fixed by the bosun's pike, the bosun brained by a marlinspike, and the cookey's throat was marked belike.d""","«dПомощник был зафиксирован щукой боцмана, боцману пробит мозг марлиншипом, а на горле повара была отмечена такая же отметка.d»"
"""dThe skills and builds of warfare are essential to my strategy,d""","«dНавыки и навыки ведения войны важны для моей стратегии,d»"
"""dWhen you can tell at sight a Kurzick from an Ascalonian,d""","«dКогда с первого взгляда можно отличить курзика от аскалонца,d»"
"""dYou'll know my martial knowledge, quite extensive and still myriad,d""","«Вы узнаете мои боевые знания, весьма обширные и ещё бесчисленные, d»"
"""dYou'll say a better pirate general has never sat-a-gee,d""","«Вы скажете, что лучший пиратский генерал никогда не сидел без дела, d»"
"""demanding their capitulation, conquering where they will not serve, and breaking them if they will not bend.""","«требуя от них капитуляции, завоевывая там, где они не будут служить, и ломая их, если они не согнутся»."
"""diplomacy and courtesy, even with enemies.""","«дипломатия и вежливость, даже с врагами»."
"""duel, brawl, skills""","«дуэль, драка, навыки»"
"""feet, shoes""","«ноги, туфли»"
"""fun, joke, prank""","«веселье, шутка, шалость»"
"""gain access to the experience you are earning now. You have reached the trial limit of level 15. We will continue tracking the experience you earn up to level 19, and you will receive it upon upgrading to a full account.""","«Получите доступ к опыту, который вы зарабатываете сейчас. Вы достигли пробного предела 15-го уровня. Мы продолжим отслеживать заработанный вами опыт до 19-го уровня, и вы получите его при обновлении до полной учётной записи»."
"""glider, combo, backpack glider, glider backpack""","«планер, комбо, планер-рюкзак, рюкзак-планер»"
"""gw1, original""","""gw1, оригинал"""
"""hands, arms""","«руки, оружие»"
"""hat, mask, head""","«шапка, маска, голова»"
"""love, wedding, marriage""","«любовь, свадьба, брак»"
"""my warband is my family. I would die for them, especially Clawspur, my sparring partner.""","«Мой отряд — это моя семья. Я готов умереть за них, особенно за Когтя, моего спарринг-партнера»."
"""my warband is my family. I would die for them, especially Dinky, my sparring partner.""","«Мой отряд — это моя семья. Я готов умереть за них, особенно Динки, моего спарринг-партнера»."
"""my warband is my family. I would die for them, especially Euryale, my sparring partner.""","«Мой отряд — это моя семья. Я готов умереть за них, особенно за Эвриалу, моего спарринг-партнера»."
"""my warband is my family. I would die for them, especially Maverick, my sparring partner.""","«Мой отряд — это моя семья. Я готов умереть за них, особенно за Маверика, моего спарринг-партнера»."
"""my warband is my family. I would die for them, especially Reeva, my sparring partner.""","«Мой отряд — это моя семья. Я готов умереть за них, особенно за Риву, моего спарринг-партнера»."
"""no text—map shelved, quest step folded into previous instance""","«нет текста — карта отложена, этап квеста свёрнут в предыдущий экземпляр»"
"""pauldron, neck""","""наплечник, шея"""
"""protect them. They are smaller, but they have value.""","«защитите их. Они меньше, но имеют ценность»."
"""season, swap, style, seasonal""","«сезон, обмен, стиль, сезонный»"
"""shirt, jacket, chest""","«рубашка, куртка, грудь»"
"""showing through bravery and bold deeds that together, we can do anything.""","«показывая храбростью и смелыми поступками, что вместе мы можем сделать все»."
"""tell them whatever they want to hear, as long as they work for me!""","«Говори им все, что они хотят услышать, лишь бы они работали на меня!»"
"""the most important of Ventari's teachings is: """"Act with wisdom, but act.""""""","""Самое важное из учений Вентари: ""Действуй мудро, но действуй."""""""
"""the most important of Ventari's teachings is: """"All things have a right to grow.""""""","""Самое важное из учений Вентари: ""Все вещи имеют право на рост."""""""
"""the most important of Ventari's teachings is: """"Where life goes, so too, should you.""""""","""самое важное из учений Вентари: """"Куда идет жизнь, туда же и ты должен идти."""""""
"""winter, snow, christmas, xmas""","«зима, снег, Рождество, Рождество»"
"""{Read up on the anniversary, event, and rewards on the website!}""","«{Узнайте о годовщине, событии и наградах на сайте!}»"
"""© 2012–%str1% ArenaNet, LLC""","""© 2012–%str1% О-О-О ""АренаНет"""""
"""©2010–2013 ArenaNet, LLC. All rights reserved. Guild Wars, Guild Wars 2, ArenaNet, NCsoft, the Interlocking NC Logo, and all associated logos and designs are trademarks or registered trademarks of NCsoft Corporation. All other trademarks are the property of their respective owners.""","«© ArenaNet, LLC, 2010–2013. Все права защищены. Guild Wars, Guild Wars 2, ArenaNet, NCsoft, логотип Interlocking NC, а также все связанные с ним логотипы и рисунки являются товарными знаками или зарегистрированными товарными знаками NCsoft Corporation. Все остальные товарные знаки являются собственностью соответствующих владельцев»."
"""—Celebrity Acquisition, Casting, and Voice Production—""","«—Привлечение знаменитостей, кастинг и озвучка—»"
"""—Celebrity Acquistion, Casting, and Voice Production—""","«—Привлечение знаменитостей, кастинг и озвучка—»"
"""—Dash, leap, and zap your way to the finish!""","«…Рыбайтесь, прыгайте и мчитесь к финишу!»"
"""—Each time you die, respawn delay time increases.""","«…Каждый раз, когда вы умираете, время задержки возрождения увеличивается»."
"""—Grab a weapon to defend yourself: toy cap rifle, toy repair pistol, or toy smasher.""","«…Возьмите оружие, чтобы защитить себя: игрушечную винтовку, игрушечный ремонтный пистолет или игрушечную дробилку»."
"""—If you die in the first two minutes of the competition, you can revive. Beyond that time, you fade into the Mists.""","«…Если ты умрешь в первые две минуты соревнования, ты сможешь возродиться. По истечении этого времени ты исчезнешь в Туманах»."
"""—Look for ammo, rations, traps, and weapons to help you survive.""","«…Ищите боеприпасы, пайки, ловушки и оружие, которое поможет вам выжить»."
"""—Normal weapons and skills, including healing, are temporarily disabled.""","«—Обычное оружие и навыки, включая лечение, временно отключены»."
"""—Once time's up, the team with the highest score wins.""","«…Когда время истечет, побеждает команда, набравшая наибольшее количество очков»."
"""—Pick a weapon and start fighting: heavy rifle, scout's slingshot, or supporter's staff.""","«—Выберите оружие и начните сражаться: тяжёлую винтовку, рогатку разведчика или посох сторонника»."
"""—Run through Aspect gates to select a Sun, Wind, or Lightning skill set.""","«—Пробегите через врата Аспекта, чтобы выбрать набор навыков Солнца, Ветра или Молнии»."
"""—Use a trebuchet to assist your allies at the supply depot, and to help thwart enemy door breakers and archers.""","«—Используйте требушет, чтобы помочь своим союзникам на складе снабжения, а также помешать вражеским взломщикам дверей и лучникам»."
"""—When in the Mists, haunt your killer to prevent them from winning!""","«…Находясь в Туманах, преследуйте своего убийцу, чтобы не дать ему победить!»"
%str1% Kartenabschluss,%str1% Картенабшлюс
%str1%. I'll see you there.,%str1%. Увидимся там.
((Forgotten Seal Point End)),((Конец забытого пункта печати))
(Anual) Apagaefigies,(Ежегодные) Апагефигии
(Anual) Machacacentauros,(Ежегодный) Мачакацентавр
(Anual) Super Adventure Box: Nostalgia,(Ежегодный) Коробка супер приключений: Ностальгия
(Anual) Tradicion real,(Ежегодный) Tradicion Real
(Anual) Tunda a pinatas,(Ежегодный) Тунда и пиньяты
(Anual) Valor nutricional dudoso,(Ежегодный) Valor nutricional dudoso
(Anual) Zhaitabroso,(Ежегодный) Жайтабросо
(Bonus) Gegenangriff: Raben-Refugium,(Бонус) Гегенангриф: Рабен-Рефугиум
(Bonus) Gegenangriff: Zittergipfel-Pass,(Бонус) Гегенангриф: перевал Зиттергипфель
(Listen intently.),(Слушайте внимательно.)
(Maer is mourning in silence.),(Маер скорбит молча.)
(Nivel %num1%),(Нивель %num1%)
(Optional) Borrow a skimmer that can dive underwater from Sparktail.,"(Необязательно) Одолжите скиммер, который может погружаться под воду, у Спарктейла."
(Semanal) Superrepeticion,(Семанал) Суперповторение
(Stufe %num1%),(Стуф %num1%)
(Taglich) Charmantes Cafe,(Таглич) Кафе Шармантес
(Taglich) Choya-Karneval,(Таглич) Чойя-Карневал
(The fox chirps in reply. It seems you'll need to earn her trust.),"(Лиса щебечет в ответ. Кажется, вам придётся заслужить её доверие.)"
(The glint of intelligence in its eye suggests this is no ordinary fox. You sense it has something to offer you.),"(Блеск интеллекта в её глазах говорит о том, что это не обычная лиса. Вы чувствуете, что она может вам что-то предложить.)"
(Wochentliche) Konvergenzen,(Wochentliche) Конвергенцен
(bows),(кланяется)
(burble),(бормотание)
(cough) I need help!,(кашель) Мне нужна помощь!
(cough) I'm in pretty bad shape.,(кашель) Я в очень плохой форме.
(deep sigh),(глубокий вздох)
(demonic laughter),(демонический смех)
(disgruntled snarl),(недовольное рычание)
(fizzle) (crackle),(шипение) (треск)
(gasp) Who goes there?,(вздох) Кто туда ходит?
(growl) (laugh),(рычание) (смех)
(heaving sounds),(звуки вздымания)
(laugh) Good comeback!,(смех) Хорошее возвращение!
(laugh) Our forces swarm Tarir. The city will soon be ours!,(смех) Наши силы штурмуют Тарир. Скоро город станет нашим!
(laugh) Weakling.,(смех) Слабак.
(low rumble),(тихий гул)
(quiet crying),(тихий плач)
(regurgitating noise),(извергающий шум)
(shouting),(кричит)
(shrugs),(пожимает плечами)
(sigh) So tired. (sigh),(вздох) Так устал. (вздох)
(sniff) Smell that? The mushroom king is nearby.,(нюхает) Чувствуешь этот запах? Грибной король рядом.
(static)...greatly appreciated...(static)...AUTOMATED RESPONSE...(static)...Calx's golems...(static)...HELP!,(помехи)...очень признателен...(помехи)...АВТОМАТИЧЕСКИЙ ОТВЕТ...(помехи)...големы Калкса...(помехи)...ПОМОГИТЕ!
(surprised gasp),(удивленный вздох)
(throat clearing),(прочистка горла)
(yawn) I'm bored.,(зевает) Мне скучно.
(yelp) Help!,(визг) Помогите!
*DATA CORRUPTED* was defeated by Turai Ossa. He was then released from prison by a band of Sunspears. Our analysis has declared such an action to be questionable.,"*ДАННЫЕ ПОВРЕЖДЕНЫ* потерпел поражение от Турая Оссы. Затем он был освобожден из тюрьмы группой Sunspears. Наш анализ показал, что такое действие сомнительно."
+3%% Damage vs. Mordrem,3%% урона против Мордрема
...the pitiful excuses for traps that are scattered throughout these ruins wouldn't trip up a blindfolded ettin. This appears to be the final chamber...,"...жалкие оправдания ловушек, разбросанных по этим руинам, не сбивают с толку эттина с завязанными глазами. Кажется, это последняя камера..."
...you'd have a way.,...у тебя есть способ.
3 Wolf,3 Волк
30-Sekunden-Einnahme,30-секунды-Эйннаме
<br><br>I listen to my intuition and instinct in dangerous situations.,<br><br>В опасных ситуациях я прислушиваюсь к своей интуиции и инстинктам.
<c=@abilitytype>Follow Up.</c> Poison your foe with a sweeping strike. Movement-impaired foes are immobilized.<br><c=@reminder>Striking an enemy with a follow-up attack enables finisher attacks.</c>,"<c=@abilitytype>Продолжение.</c> Отравите противника размашистым ударом. Противники, ограниченные в передвижении, обездвиживаются.<br><c=@reminder>Нанесение по врагу последующей атаки позволяет выполнить завершающую атаку.</c>"
<c=@abilitytype>Follow Up.</c> Strike your foes and siphon health from them. Siphon additional health from vulnerable foes.<br><c=@reminder>Striking an enemy with a follow-up attack enables finisher attacks.</c>,<c=@abilitytype>Дальнейшие действия.</c> Наносите удары по противникам и вытягивайте из них здоровье. Выкачивайте дополнительное здоровье из уязвимых противников.<br><c=@reminder>Последующая атака по врагу позволяет нанести завершающий удар.</c>
<c=@abilitytype>Glamour.</c> Create an entry portal at your location that teleports allies to your exit portal.<br><c=@reminder>(Creating a new entrance portal while you have an active portal will destroy the active portal.)</c>,"<c=@abilitytype>Гламур.</c> Создайте входной портал в вашем местоположении, который телепортирует союзников к вашему выходному порталу.<br><c=@reminder>(Создание нового входного портала, пока у вас есть активный портал, уничтожит активный портал.)</c>"
<c=@abilitytype>Lead Attack.</c> Cripple your foe with a quick strike.<br><c=@reminder>Striking an enemy with a lead attack enables follow-up attacks.</c>,<c=@abilitytype>Атака с опережением.</c> Нанесите вред противнику быстрым ударом.<br><c=@reminder>Нанесение удара по противнику с помощью ведущей атаки позволяет совершать последующие атаки.</c>
<c=@abilitytype>Lead Attack.</c> Leap at your foe and inflict conditions. Inflict additional stacks against foes above the health threshold.<br><c=@reminder>Striking an enemy with a lead attack enables follow-up attacks.</c>,"<c=@abilitytype>Ведущая атака.</c> Прыгайте на врага и накладывайте состояния. Наносит дополнительные заряды противникам, у которых уровень здоровья превышает порог.<br><c=@reminder>Удар по врагу ведущей атакой позволяет проводить последующие атаки.</c>"
<c=@abilitytype>Manipulation.</c> Absorb an incoming projectile attack to be redirected at a foe.,<c=@abilitytype>Манипуляция.</c> Поглощает атаку снарядом и перенаправляет его на врага.
<c=@abilitytype>Mantra.</c> Echo remnants of an ancient pamphlet from Vabbi that urged Elonians to freedom. Grant stability and resolution to allies while breaking stun.<br><c=@reminder>The final charge of this skill is more powerful.</c>,"<c=@abilitytype>Мантра.</c> Отголосок древней брошюры Вабби, призывающей илонианцев к свободе. Даёт союзникам устойчивость и решимость, снимая оглушение.<br><c=@reminder>Последний заряд этого умения более мощный.</c>"
<c=@abilitytype>Mantra.</c> Prepare a chant to sear your enemies. <br><c=@reminder>The final charge of this skill is more powerful.</c>,"<c=@abilitytype>Мантра.</c> Приготовьте заклинание, чтобы сжечь врагов. <br><c=@reminder>Последний заряд этого умения более мощный.</c>"
<c=@abilitytype>Mantra.</c> Prepare the tenets of truth to debilitate your foes.</c><br><c=@reminder>The final charge of this skill is more powerful.</c>,"<c=@abilitytype>Мантра.</c> Подготовьте принципы истины, чтобы ослабить своих врагов.</c><br><c=@reminder>Последний заряд этого навыка более мощный.</c>"
<c=@abilitytype>Mantra.</c> Prepare to heal yourself and grant boons to allies. <br><c=@reminder>The final charge of this skill is more powerful.</c>,<c=@abilitytype>Mantra.</c> Приготовьтесь исцелить себя и даровать дары союзникам. <br><c=@reminder>Последний заряд этого умения более мощный.</c>
<c=@abilitytype>Mantra.</c> Recite a hymn from the annals of Turai to quicken yourself and your allies.<br><c=@reminder>The final charge of this skill is more powerful.,"<c=@abilitytype>Мантра.</c> Прочтите гимн из анналов Турая, чтобы оживить себя и своих союзников.<br><c=@reminder>Последний заряд этого навыка более мощный."
<c=@abilitytype>Minion.</c> Summon a bone fiend that attacks foes at range.,"<c=@abilitytype>Миньон.</c> Призывает костяного демона, который атакует противников на расстоянии."
<c=@abilitytype>Physical.</c> Launch nearby foes into the air with a powerful stomp.,<c=@abilitytype>Физическое.</c> Подбросьте ближайших противников в воздух мощным топотом.
<c=@abilitytype>Signet Passive:</c> Grants regeneration.<br><c=@abilitytype>Signet Active:</c> Heal yourself.,<c=@abilitytype>Печать (пассивно):</c> Даёт регенерацию.<br><c=@abilitytype>Печать (активно):</c> Исцеляете себя.
<c=@abilitytype>Signet Passive:</c> Improves critical chance.<br><c=@abilitytype>Signet Active:</c> Burn your target and nearby foes.,<c=@abilitytype>Печать (пассивно):</c> Повышает шанс критического удара.<br><c=@abilitytype>Печать (активно):</c> Сожгите свою цель и ближайших противников.
<c=@abilitytype>Signet Passive:</c> Improves precision.<br><c=@abilitytype>Signet Active:</c> Gain adrenaline and improve your precision and ferocity.,<c=@abilitytype>Печать (пассивно):</c> Повышает точность.<br><c=@abilitytype>Печать (активно):</c> Получите адреналин и улучшите свою точность и свирепость.
<c=@abilitytype>Signet Passive:</c> Increases strike damage dealt.<br><c=@abilitytype>Signet Active:</c> Knock foes away from yourself and away from your mech.,<c=@abilitytype>Печать (пассивно):</c> Увеличивает наносимый урон от ударов.<br><c=@abilitytype>Печать (активно):</c> Отбрасывает противников от себя и от вашего механизма.
<c=@abilitytype>Signet Passive:</c> Reduces all incoming damage.<br><c=@abilitytype>Signet Active:</c> Grant resolution and protection to nearby allies while debilitating nearby enemies.,"<c=@abilitytype>Печать (пассивно):</c> уменьшает весь входящий урон.<br><c=@abilitytype>Печать (активно):</c> даёт разрешение и протекцию ближайшим союзникам, одновременно ослабляя ближайших врагов."
<c=@abilitytype>Signet Passive:</c> Remove a condition from yourself every few seconds.<br><c=@abilitytype>Signet Active:</c> Heal yourself and remove conditions.,<c=@abilitytype>Печать (пассивно):</c> Снимает с себя состояние каждые несколько секунд.<br><c=@abilitytype>Печать (активно):</c> Исцеляет себя и снимает состояния.
<c=@abilitytype>Virtue.</c> Grants aegis periodically.<br><c=@abilitytype>Activate:</c> Grant aegis to nearby allies and create a shield in front of you that blocks attacks. You are vulnerable from the sides and behind while this shield is active.,"<c=@abilitytype>Добродетель.</c> Периодически предоставляет эгиду.<br><c=@abilitytype>Активировать:</c> Предоставляет эгиду ближайшим союзникам и создает перед собой щит, блокирующий атаки. Пока этот щит активен, вы уязвимы с боков и сзади."
<c=@abilitytype>Well.</c> Transform boons of foes into conditions every two seconds.,<c=@abilitytype>Колодец.</c> Превращайте дары врагов в состояния каждые две секунды.
A Rata Novan method to extract ley energy from the chak. Target a vulnerable chak to grab its energy.,"Метод Рата Нован для извлечения силовой энергии из чака. Нацельтесь на уязвимого чака, чтобы захватить его энергию."
A Risen fleet is blocking the Pact's passage to Brassclaw Landing.,Флот Восставших блокирует проход Пакта к пристани Брасскло.
A Vigil mentor has been assigned to you and will be standing by. They'll help you settle in and adjust to your new duties.,"К вам назначен наставник Vigil, который будет рядом. Они помогут вам освоиться и приспособиться к новым обязанностям."
A boat.,Лодка.
A boil on Bear's bald backside. Got a problem with that?,Фурункул на лысой спине Медведя. Есть проблемы с этим?
A burning harpy nest smells just like a chicken frying in sewage.,"Горящее гнездо гарпии пахнет так же, как курица, жарящаяся в сточных водах."
A caravan left here not long ago. Could you check on them?,Недавно отсюда ушёл караван. Не могли бы вы проверить их?
A challenge! Excellent.,Вызов! Отличный.
A console is about to activate.,Консоль скоро активируется.
A disturbance...,Беспорядок...
A fishing tournament is about to begin! Talk to the event organizer to register!,"Рыболовный турнир вот-вот начнется! Чтобы зарегистрироваться, свяжитесь с организатором мероприятия!"
