english,translate
"""I...have this deep-seated fear of them. To get over my fear, I want to live with them, learn what makes them tick. It may not make much sense, but I feel like understanding them might help.""","«У меня... глубоко укоренился страх перед ними. Чтобы преодолеть свой страх, я хочу жить с ними, узнать, что ими движет. Возможно, это не имеет особого смысла, но я чувствую, что понимание их может помочь»."
"""ITY-R67 """"Itty""""""","""ITY-R67 """"Итти"""""""
"""Iberu, We Hardly Knew You""","«Иберу, мы едва тебя знали»"
"""Ibli and I are ready. Just as the jungle provided them to us, she now provides us to them.""","«Ибли и я готовы. Так же, как джунгли предоставили их нам, теперь она предоставляет нас им»."
"""Ice Raking's will shapes the path of kodan. Through strength, we walk steadfast and profound. My services are available if you desire.""","«Воля Ледяного Рейкинга формирует путь Кодана. Благодаря силе мы идем стойко и глубоко. Мои услуги доступны, если вы желаете»."
"""Ice Shot, Chill Duration, Radius Damage""","«Ледяной выстрел, продолжительность охлаждения, радиус урона»"
"""Ice drakes have a unique biology, considering they are a cold-blooded creature that lives in arctic climates. They can breathe ice to attack their prey. —Acht""","«Ледяные змеи обладают уникальной биологией, учитывая, что они хладнокровные существа, обитающие в арктическом климате. Они могут дышать льдом, чтобы атаковать свою добычу. — Ахт»"
"""Icebrood construct pulses a volatile aura that deals damage every 3 seconds to all foes within a range of 2,000.""","«Конструкция Icebrood излучает нестабильную ауру, которая каждые 3 секунды наносит урон всем противникам в радиусе 2000»."
"""Identity: RST-417 """"Rusty."""" Ignore.""",«Идентификация: RST-417 «Ржавый». «Игнорировать».
"""If 10 or more crystal pylons are active, a lightning field will activate.""","«Если активны 10 или более кристальных пилонов, активируется поле молний»."
"""If I buy from the Itzel at ten percent, and then sell to the Zopatl at a markup...hmm.""","«Если я куплю у Ицеля под десять процентов, а затем продам Зопатлю с наценкой… хм»."
"""If I could replicate Zinn's terraformer, I could be famous!""","«Если бы я мог воспроизвести терраформер Зинна, я мог бы прославиться!»"
"""If I die today, I'm taking a few of these lousy horse-men with me.""","«Если я умру сегодня, я заберу с собой нескольких этих паршивых всадников»."
"""If I don't blow off some steam, I'm getting in a fight.""","«Если я не выпущу пар, я вступлю в драку»."
"""If I find more, I'll bring them.""","«Если я найду ещё, я принесу их»."
"""If I find you, butterball, I'm gonna tear you apart!""","«Если я найду тебя, шарик, я разорву тебя на части!»"
"""If I had a sword, I'd be fighting centaurs right alongside you.""","«Если бы у меня был меч, я бы сражался с кентаврами рядом с тобой»."
"""If I had access to my workshop, I could take these varmints out in no time. Boom!""","«Если бы у меня был доступ в мою мастерскую, я бы мгновенно расправился с этими мерзавцами. Бум!»"
"""If I have to eat boiled yams one more day, I may go mad.""","«Если мне придётся есть вареный ямс ещё один день, я могу сойти с ума»."
"""If I help, it's because I want to, not because you gave me an order.""","«Если я помогаю, то потому, что хочу, а не потому, что ты мне приказал»."
"""If I knew that, I'd be done by now. The dredge may be a good place to start. They often take Deldrimor parts for their projects. Though dealing with them may take some...creative persuasion, let's say.""","«Если бы я это знал, я бы уже закончил. Землечерпалка может быть хорошим местом для начала. Они часто берут детали Делдримора для своих проектов. Хотя работа с ними может потребовать некоторого… творческого убеждения, скажем так»."
"""If I need to kill you and every other jotun here to get Korag's attention, so be it.""","«Если мне нужно убить тебя и всех остальных йотунов здесь, чтобы привлечь внимание Корага, пусть будет так»."
"""If I run into her, I'll see what I can do. Good luck.""","«Если я столкнусь с ней, я посмотрю, что можно сделать. Удачи»."
"""If I see so much as one droopy eye, you're out. Understood?""","«Если я увижу хотя бы один опущенный глаз, ты выбываешь. Понятно?»"
"""If I stand on this... Right, step on those other runes. That should deactivate the traps.""","«Если я встану на это... Хорошо, наступи на другие руны. Это должно деактивировать ловушки»."
"""If I told you, I'd have to kill you. Trust me when I say she'll earn her place on the Stone warband—if she survives. See you around.""","«Если бы я сказал тебе, мне пришлось бы тебя убить. Поверь мне, когда я скажу, что она заслужит свое место в отряде Камня — если выживет. Увидимся»."
"""If I wanted excuses, I'd ask you for them. Now, get this golem working!""","«Если бы мне нужны были оправдания, я бы попросил их у тебя. А теперь заставь этого голема работать!»"
"""If I wanted to gamble the few coins I have on a chance at a windfall, I'd just head to the casino.""","«Если бы я хотел поставить те немногие монеты, которые у меня есть, на шанс получить непредвиденную прибыль, я бы просто отправился в казино»."
"""If I was on the cliffs, I would be safe from any tidal waves that crashed on the Coast. It would be a disaster if you couldn't find any launch pads in time.""","«Если бы я был на скалах, я был бы в безопасности от любых приливных волн, которые обрушивались на побережье. Было бы катастрофой, если бы вы не смогли вовремя найти стартовые площадки»."
"""If I was participating in Hunger Royale, a Wild idea would be to hang around a potato farm.""","«Если бы я участвовал в «Королевском голоде», дикой идеей было бы слоняться по картофельной ферме»."
"""If I were a troll, I'd hide my runestones somewhere around here. If you find one, grab it and run!""","«Если бы я был троллем, я бы спрятал свои рунные камни где-нибудь здесь. Если найдёшь, хватай и беги!»"
"""If I were the queen, gods bless her, I'd flood this valley with Seraph and get rid of centaurs once and for all.""","«Если бы я была королевой, да благословят её боги, я бы наводнила эту долину Серафимами и избавилась бы от кентавров раз и навсегда»."
"""If I'd known this job was going to involve so much digging, I'd have stayed in the family book cart business.""","«Если бы я знал, что эта работа потребует так много раскопок, я бы остался заниматься семейным бизнесом по производству книжных тележек»."
"""If I'm going to stop the Inquest, I'm going to need help. That's where you come in.""","«Если я собираюсь остановить дознание, мне понадобится помощь. Вот тут-то и пригодится ты»."
"""If I'm right, the unnatural means by which they were created, already at full maturity, has kicked their aging processes into overdrive.""","«Если я прав, неестественные средства, с помощью которых они были созданы, уже в полной зрелости, ускорили процессы их старения»."
"""If I've gotta chase one more of those spooky earth muffins out of here, I'm gonna quit! I swear!""","«Если мне придётся выгнать отсюда ещё одного из этих жутких земляных кексов, я уйду! Клянусь!»"
"""If Jhavi thinks he can do it, I'm not gonna argue with her.""","«Если Джави думает, что сможет это сделать, я не буду с ней спорить»."
"""If King Joko is testing us, it's a very thorough test.""","«Если король Джоко и проверяет нас, то это очень тщательное испытание»."
"""If Magnus' lion-goons can't protect my shipments, it only makes good business sense to recruit a force all my own.""","«Если львы-головорезы Магнуса не смогут защитить мои грузы, то имеет смысл набрать собственные силы»."
"""If Malyck is the """"Harbinger"""" that the Nightmare Court seek, then you must keep him from their clutches. At all costs.""","«Если Малик — «Предвестник», которого ищет Кошмарный двор, то ты должен уберечь его от их когтей. Любой ценой»."
"""If Mordremoth could attack the Mother Tree in the Grove, it can attack anywhere.""","«Если Мордремот мог атаковать Материнское Древо в Роще, то он сможет атаковать где угодно»."
"""If Mordremoth wants war, let's grant its wish.""","«Если Мордремот хочет войны, давайте исполним его желание»."
"""If North Nolan Hatchery falls to the Molten Alliance, it will disrupt the charr's war efforts.""","«Если Норт-Ноланский инкубаторий перейдёт под контроль Огненного Альянса, это подорвет военные усилия чарров»."
"""If Sergeant Hal knows something about the fall of Falcon Company, it was troubling enough that he requested a transfer. Hopefully, speaking to him will clear this up.""","«Если сержант Хэл что-то знает о падении роты «Сокол», то это настолько тревожно, что он попросил о переводе. Надеюсь, разговор с ним прояснит ситуацию»."
"""If Suwash makes me rich, I'll follow him to the ends of Tyria. But if he wastes the best years of my life, he'll wake up one day with a shiv in his back.""","«Если Суваш сделает меня богатым, я последую за ним до конца Тирии. Но если он потратит впустую лучшие годы моей жизни, однажды он проснется с заточкой в ??спине»."
"""If Ventari's Tablet has not been summoned, summon it at your location; otherwise, gain tranquility. Grant boons to allies around the tablet. Gain energy depending on the number of allies affected by this skill (excluding yourself). For each point of affinity, boon duration is increased.""","«Если Табличка Вентари не была призвана, призовите её в своем месте; в противном случае обретите спокойствие. Даруйте блага союзникам вокруг таблички. Получите энергию в зависимости от количества союзников, на которых действует это умение (кроме вас самих). За каждое очко близости продолжительность блага увеличивается»."
"""If Zhaitan's going to attack the city, its minions will have to fight their way past the fort.""","«Если Зайтан собирается напасть на город, его приспешникам придётся пробиваться через форт»."
"""If a boss has a challenge mode, the challenge mode must be enabled to earn credit for this achievement, and it cannot be done with Emboldened enabled. Ura must be done in legendary mode.""","«Если у босса есть режим испытания, его необходимо включить, чтобы получить зачёт за это достижение, и это невозможно сделать, если включена «Ободренность». Ура необходимо выполнять в легендарном режиме»."
"""If a boss has a challenge mode, the challenge mode must be enabled to earn credit for this achievement, and it cannot be done with Emboldened enabled.""","«Если у босса есть режим испытания, его необходимо включить, чтобы получить зачёт за это достижение, и это невозможно сделать с включенным режимом «Ободрение»."
"""If a gold chicken exists, where would it hide in a golden city?""","«Если золотая курица существует, где она будет прятаться в золотом городе?»"
"""If a guard spots us, he'll call for others. We would do well to avoid them entirely.""","«Если охранник нас заметит, он позовет других. Нам следует полностью избегать их»."
"""If an invasion's really coming, we'll need everyone on the island to hold the line.""","«Если вторжение действительно приближается, нам понадобится, чтобы все на острове держали оборону»."
"""If and when our paths intersect again, I plan to make you regret this.""","«Если и когда наши пути снова пересекутся, я планирую заставить тебя пожалеть об этом»."
"""If any of us show signs of...faltering, the others will do what needs to be done.""","«Если кто-то из нас проявит признаки… нерешительности, остальные сделают то, что нужно»."
"""If anyone knows how to defeat Zhaitan, it is the Mother. Meet me at the Grove, and we'll speak with her before the battle.""","«Если кто и знает, как победить Зайтана, так это Мать. Встретимся в Роще, и мы поговорим с ней перед битвой»."
"""If anyone tries to follow me, kill them.""","«Если кто-нибудь попытается следовать за мной, убей его»."
"""If anyone's worthy to challenge some ghosts, it's me.""","«Если кто и достоин бросить вызов призракам, так это я»."
"""If anything, you almost lost us the fish, when you dropped the gaff.""","«Во всяком случае, ты чуть не потерял нам рыбу, когда уронил багр»."
"""If checked, the key bind associated with """"Show Ally Names"""" can be held down to display any hidden UI elements.""","«Если этот флажок установлен, привязку клавиш, связанную с «Показать имена союзников», можно удерживать нажатой, чтобы отобразить любые скрытые элементы пользовательского интерфейса»."
"""If checked, the key bind associated with """"Show Ally Names"""" can be held down to show the mouse cursor with high contrast.""","«Если этот флажок установлен, можно удерживать нажатой клавишу, связанную с «Показать имена союзников», чтобы курсор мыши отображался с высокой контрастностью»."
"""If dealing with plants isn't your style, Gentle Heron always has his hands full feeding the villagers. I think he'd appreciate assistance in making meals for the hungry.""","«Если вам не нравится заниматься растениями, Джентл Цапля всегда занята кормлением жителей деревни. Думаю, он будет признателен за помощь в приготовлении еды для голодных»."
"""If enough people like you help us out, the mysteries of this swamp may just yet be discovered. Thank you for all your hard work.""","«Если достаточно таких людей, как вы, поможет нам, тайны этого болота ещё могут быть раскрыты. Спасибо за всю вашу тяжёлую работу»."
"""If everyone stays happy, then there's no danger, right?""","«Если все останутся счастливыми, опасности не будет, верно?»"
"""If he can talk at all, then they'll be done reviving him soon. Get back to the camp and deliver your report. Leave Gaheron to us.""","«Если он вообще может говорить, то скоро его реанимируют. Возвращайтесь в лагерь и доставьте свой отчёт. Оставьте Гахерон нам»."
"""If he can't, he wasn't fit for this post anyway.""","«Если он не может, то он все равно не подходит для этой должности»."
"""If he catches them brawling, they'll be peeling potatoes for weeks.""","«Если он застанет их в драке, они будут чистить картошку неделями»."
"""If he catches us watching, we'll be peeling potatoes, too.""","«Если он заметит, что мы наблюдаем, мы тоже будем чистить картошку»."
"""If he didn't help with the Elder Dragons, do you really think he's going to join the dance circle?""","«Если он не помог со Старшими Драконами, ты действительно думаешь, что он присоединится к танцевальному кружку?»"
"""If here they fall<br>They shall live on<br>When ever you cry<br>""""For Ascalon!""""""",«Если они здесь падут<br>Они будут жить<br>Когда бы вы ни закричали<br>»«За Аскалон!»»»
"""If if turns out we've been wasting our time with these dredge and skritt, I'm not sure what I'll do.""","«Если окажется, что мы зря тратим время на эти драги и скритты, я не уверен, что я буду делать»."
"""If it can be reclaimed from the Risen, Minister Preeda has expressed interest in turning the ruins into a memorial.""","«Если его удастся отвоевать у Восставших, министр Прида выразил заинтересованность в превращении руин в мемориал»."
"""If it didn't affect so many innocent people, I'd walk away and let the vandals choke on salt water.""","«Если бы это не затронуло так много невинных людей, я бы ушёл и позволил вандалам подавиться соленой водой»."
"""If it glows, it goes.""","«Если оно светится, оно уходит»."
"""If it weren't for the constant destroyer attacks, I could retire here.""","«Если бы не постоянные атаки эсминцев, я мог бы уйти на покой здесь»."
"""If it weren't for their constant attacks, I'd settle here and offer to help repair the temple foundations.""","«Если бы не их постоянные нападения, я бы поселился здесь и предложил помощь в ремонте фундамента храма»."
"""If it's all broken, why not just get rid of it?""","«Если все сломано, почему бы просто не избавиться от этого?»"
"""If it's especially lethal, we might even want to turn it against the dragons themselves.""","«Если оно особенно смертоносно, мы, возможно, даже захотим обратить его против самих драконов»."
"""If it's the Pact Commander saying so, I suppose I can't shirk my duty... All right, I'll clear out of here to regroup. But mark my words, I will be back.""","«Если это говорит Командующий Пактом, то, полагаю, я не могу уклониться от своего долга... Хорошо, я уйду отсюда, чтобы перегруппироваться. Но запомните мои слова, я вернусь»."
"""If members of Falcon Company survived the centaur attack, they were likely sold to slavers by those beasts. Deborah could still be alive—and desperately in need of help.""","«Если члены роты «Сокол» пережили нападение кентавров, эти звери, скорее всего, продали их работорговцам. Дебора, возможно, все ещё жива и отчаянно нуждается в помощи»."
"""If my friends are in danger, I have to go to them. They have no warning—they'll be slaughtered!""","«Если мои друзья в опасности, я должен пойти к ним. Они не предупреждены — их зарежут!»"
"""If my hypotheses bear out, it could revolutionize the entire power industry.""","«Если мои гипотезы подтвердятся, это может произвести революцию во всей энергетической отрасли»."
"""If needed, remnants can be purchased from Ward Trader Sampaguita in Bava Nisos.""",«При необходимости остатки можно приобрести у торговца палатой Сампагиты в Бава Нисос».
"""If needed, remnants of this item can be purchased from Lowland Shore renown heart vendors.""",«При необходимости остатки этого предмета можно приобрести у известных торговцев сердцами на Лоулендском Берегу».
"""If needed, remnants of this item can be purchased from the renown heart vendor in Mistburned Barrens.""",«При необходимости остатки этого предмета можно приобрести у известного торговца сердцами в Ожженных Туманом Степях».
"""If one is looking for the stars, there is only one bastion where they are found.""","«Если кто-то ищет звезды, то есть только один бастион, где их можно найти»."
"""If one more Awakened informant reaches a raven post, the village dissenters will surely be reported.""","«Если ещё один осведомитель из Пробудившихся достигнет поста ворон, о деревенских несогласных обязательно доложат»."
"""If only I had the words then. But when the thing was before us, I could only scream.""","«Если бы у меня тогда были слова. Но когда это было перед нами, я мог только кричать»."
"""If only magical barriers were as easy to maintain as waving a wand. It takes work and undying focus, and these barriers must not fall.""","«Если бы только магические барьеры можно было так же легко поддерживать, как взмах палочкой. Это требует работы и неугасимой концентрации, и эти барьеры не должны разрушиться»."
"""If only we could depose that tyrannical Flame ordure, I could get the grawl to help us.""","«Если бы мы только могли свергнуть это тираническое отродье Пламени, я мог бы заставить рычание помочь нам»."
"""If other races do not heed our warnings and unite, Jormag will rain destruction upon their unprepared armies. And, it will be our fault for leading him here.""","«Если другие расы не прислушаются к нашим предупреждениям и не объединятся, Йормаг обрушит разрушения на их неподготовленные армии. И это будет наша вина, что мы привели его сюда»."
"""If rewards were not granted on completion, they can be purchased from the traveling Elonian trader in Dragonfall.""","«Если награды не были выданы по завершении, их можно приобрести у странствующего элонского торговца в Драконопаде»."
"""If small things were meant to live, they'd have bigger teeth or faster feet.""","«Если бы маленькие существа были созданы для жизни, у них были бы большие зубы или более быстрые ноги»."
"""If some of the Falcons were taken prisoner, there may be survivors—including, possibly, your sister. Perhaps Captain Tervelan can assist your investigation.""","«Если некоторые из Соколов попали в плен, возможно, найдутся выжившие, включая, возможно, вашу сестру. Возможно, капитан Тервелан сможет помочь вашему расследованию»."
"""If that circuit can't be completed, the door will never open.""","«Если эту цепь невозможно замкнуть, дверь никогда не откроется»."
"""If that circuit can't be completed, they'll never open.""","«Если эту цепь невозможно завершить, они никогда не разомкнутся»."
"""If that's not it, then...it really is His Greatness Balthazar. I've worshipped him all my life.""","«Если это не так, то… это действительно Его Величество Бальтазар. Я поклонялся ему всю свою жизнь»."
"""If that's so, why do we let another evil god push us around this way?""","«Если это так, то почему мы позволяем другому злому богу толкать нас таким образом?»"
"""If that's true, I need you to keep demonstrating it. Show everyone that Mordremoth doesn't own us.""","«Если это правда, мне нужно, чтобы ты продолжал это демонстрировать. Покажи всем, что Мордремот не владеет нами»."
"""If that's true, then we're Tyria's best hope to survive the darkness which is yet to come.""","«Если это правда, то мы — лучшая надежда Тирии пережить грядущую тьму»."
"""If the Ascalonian Catacombs feel too easy, try the explorable mode. It's more challenging and has greater rewards. (The story version must be completed first.)""","«Если Аскалонские катакомбы кажутся вам слишком простыми, попробуйте режим исследования. Он более сложен и даёт больше наград. (Сначала необходимо пройти сюжетную версию.)»"
"""If the Forged return, I may faint.""","«Если Перекованные вернутся, я могу упасть в обморок»."
"""If the Vigil wants to rush off like idiots, go ahead. Our agents are a bit more cautious.""","«Если Бдение хочет броситься, как идиоты, вперёд. Наши агенты немного осторожнее»."
"""If the chantry were seized by our enemies, it would be destroyed. To ensure secrecy, the preceptors were not told, though each Master of Whispers did pass the information on to their successor.""","«Если бы часовня была захвачена нашими врагами, она была бы уничтожена. Чтобы обеспечить секретность, наставникам не сообщили об этом, хотя каждый Мастер Шепота передал информацию своему преемнику»."
"""If the charges are set, we need to get clear.""","«Если обвинения предъявлены, нам нужно прояснить ситуацию»."
"""If the charr think they can come here, me and my meat cleaver will tell them otherwise.""","«Если чарры думают, что могут прийти сюда, я и мой тесак скажем им обратное»."
"""If the fabric of reality's around long enough for us to be deported, I'll accept it. Happily.""","«Если ткань реальности просуществует достаточно долго, чтобы нас можно было депортировать, я приму это. С радостью»."
"""If the fox pokes his head into one too many burrows, who knows what will snap at his face...""","«Если лиса засунет голову в слишком много нор, кто знает, что ударит ему в лицо…»"
"""If the maintenance man catches you, don't come crying to me.""","«Если тебя поймает ремонтник, не приходи ко мне в слезах»."
"""If the preceptors are still inside, then they're trapped. The dragon's minions are single-minded. They won't stop until everyone inside is dead.""","«Если наставники все ещё внутри, значит, они в ловушке. Приспешники дракона целеустремлены. Они не остановятся, пока все внутри не умрут»."
"""If the sabotage suddenly stops, you'll know.""","«Если диверсия вдруг прекратится, вы об этом узнаете»."
"""If the spell breaks, can you recast it?""","«Если заклинание разрушится, сможешь ли ты наложить его заново?»"
"""If there are multiple breachers surfacing, split up and cover them all.""","«Если появится несколько нарушителей, разделитесь и прикройте их всех»."
"""If there is a source to this corruption, we'll find it!""","«Если есть источник этой коррупции, мы его найдём!»"
"""If there were a nature spirit representing norn, she'd look like me!""","«Если бы существовал дух природы, олицетворяющий норну, она была бы похожа на меня!»"
"""If there weren't such a high chance she'd be dead tomorrow, I'd find me a woman to court.""","«Если бы не была такая высокая вероятность, что она умрет завтра, я бы нашёл себе женщину для суда»."
"""If there's a way to make this place more efficient, I'll find it!""","«Если есть способ сделать это место более эффективным, я его найду!»"
"""If there's one thing I know about this enemy, it's that they don't give up. You'd better be ready for a fight. I can help you with that.""","«Если я что-то и знаю об этих врагах, так это то, что они не сдаются. Тебе лучше быть готовым к бою. Я могу тебе в этом помочь»."
"""If there's one thing Tyria doesn't need, it's more carnivores.""","«Если есть что-то, что Тирии не нужно, так это больше хищников»."
"""If these readings are accurate, then that could mean...""","«Если эти показания точны, то это может означать…»"
"""If they are so smart, how come they couldn't stop from getting killed?""","«Если они такие умные, почему их не могут не убить?»"
"""If they aren't stopped, they'll turn Tyria into a burnt-out husk; a broken shell.""","«Если их не остановить, они превратят Тирию в сгоревшую оболочку, разбитую оболочку»."
"""If they can reach enemy commanders, this'll be over in a week.""","«Если они смогут связаться с вражескими командирами, все закончится через неделю»."
"""If they damage it, you repair it.""","«Если они его повредят, вы его отремонтируете»."
"""If they find out we're here, they'll start storing the energy to retaliate. If that happens, we've gotta retreat.""","«Если они узнают, что мы здесь, они начнут накапливать энергию для ответного удара. Если это произойдёт, нам придётся отступить»."
"""If they just asked nicely, maybe they would get what they wanted.""","«Если бы они просто вежливо попросили, возможно, они получили бы то, что хотели»."
"""If they want to see you, it must be big. But don't worry. I'll be by your side.""","«Если они хотят тебя видеть, оно должно быть большим. Но не волнуйся. Я буду рядом с тобой»."
"""If they're not half human, then what are they?""","«Если они не наполовину люди, то кто они?»"
"""If this keeps up, I may have to revise my calculations.""","«Если так будет продолжаться, мне, возможно, придётся пересмотреть свои расчёты»."
"""If this option is checked, the walk key must be held down for the duration of walking. Otherwise, the walk key toggles between walk and run.""","«Если этот параметр отмечен, клавишу ходьбы необходимо удерживать нажатой во время ходьбы. В противном случае клавиша ходьбы переключается между ходьбой и бегом»."
"""If those pirates come here, quaggan is going to tear and bite them.""","«Если эти пираты придут сюда, квагган их разорвет и укусит»."
"""If those pirates had touched you, they wouldn't have survived. I swear it.""","«Если бы эти пираты прикоснулись к тебе, они бы не выжили. Клянусь»."
"""If those zealots are trying to kill you, perhaps this behemoth can't be all bad. Quick, locate a method to liberate him.""","«Если эти фанатики пытаются тебя убить, возможно, этот монстр не так уж и плох. Быстро найди способ освободить его»."
"""If we adopt the pests as pets, they will cease to be pests. Pest problem solved.""","«Если мы примем вредителей в качестве домашних животных, они перестанут быть вредителями. Проблема вредителей решена»."
"""If we aren't drowning at the bottom of the ocean when this is over, you should throw another concert in the tower courtyard.""","«Если мы не утонем на дне океана, когда все закончится, тебе следует устроить ещё один концерт во дворе башни»."
"""If we brought the Black Lion Trading Company here, we wouldn't need to carry all this junk.""","«Если бы мы привезли сюда торговую компанию «Чёрный лев», нам не пришлось бы нести весь этот хлам»."
"""If we can destroy the Plaguebringer, we can destroy Zhaitan.""","«Если мы сможем уничтожить Разносчика Чумы, мы сможем уничтожить Зайтана»."
"""If we can eliminate the maws before they produce more of that awful gas, we may be able to weaken the walls.""","«Если мы сможем уничтожить утробы до того, как они начнут производить ещё больше этого ужасного газа, мы сможем ослабить стены»."
"""If we can find the Preceptors, they'll be able to make a plan. I  just know it!""","«Если мы сможем найти Наставников, они смогут составить план. Я просто это знаю!»"
"""If we can get to the breach, we can reach the mountains.""","«Если мы сможем добраться до пролома, мы сможем достичь гор»."
"""If we can tend to the ring ourselves, maybe the gwyldell will return... And then I can study the magic more holistically.""","«Если мы сможем сами ухаживать за кольцом, возможно, гвилделл вернется… И тогда я смогу изучать магию более целостно»."
"""If we could both go, do you think you'd want to live out past the wall?""","«Если бы мы оба могли уйти, как ты думаешь, ты бы захотел жить за стеной?»"
"""If we disguise ourselves, I bet we can slip right in. If they notice, we'll pass ourselves off as a couple of new hands. I'll scrounge up some Jackdaw clothes and meet you there.""","«Если мы замаскируемся, то держу пари, что сможем проскользнуть прямо внутрь. Если они заметят, мы выдадим себя за парочку новых рук. Я найду одежду Галки и встречусь с тобой там»."
"""If we don't stop the undead, they'll push up the beach and threaten the overlook!""","«Если мы не остановим нежить, они хлынут на пляж и станут угрожать смотровой площадке!»"
"""If we don't stop them, they'll turn Tyria into a burnt-out husk; a broken shell.""","«Если мы не остановим их, они превратят Тирию в сгоревшую оболочку, разбитую оболочку»."
"""If we fail, the Dream will be consumed by nightmare, and Tyria will wither and die.""","«Если мы потерпим неудачу, Сон поглотит кошмар, а Тирия засохнет и умрет»."
"""If we fall, our last order is to light those three signal towers. We have to warn Lion's Arch if the fortress is lost.""","«Если мы падем, наш последний приказ — зажечь эти три сигнальные башни. Мы должны предупредить Львиную Арку, если крепость будет потеряна»."
"""If we get separated, remember the code:""","«Если мы разлучимся, запомни код:»"
"""If we have surplus food to share, it'll be made available to you.""","«Если у нас есть излишки еды, которыми мы можем поделиться, они будут доступны вам»."
"""If we increase the sympathetic resonance, perhaps the power output can be boosted.""","«Если мы увеличим симпатический резонанс, возможно, можно будет повысить выходную мощность»."
"""If we're going to fight together, we might as well talk, right?""","«Если мы собираемся сражаться вместе, нам стоит поговорить, верно?»"
"""If we're going to survive against the dragons, we have to find answers from the past to help us.""","«Если мы хотим выжить против драконов, нам нужно найти ответы из прошлого, которые помогут нам»."
"""If you abandon this mission, all its progress will be lost.<br>Do you wish to proceed?""","«Если вы откажетесь от этой миссии, весь её прогресс будет потерян.<br>Хотите продолжить?»"
"""If you abandon this mission, it cannot be restarted for %num1% seconds.<br>Do you wish to proceed?""","«Если вы откажетесь от этой миссии, её нельзя будет перезапустить в течение %num1% секунд.<br>Хотите продолжить?»"
"""If you add an ingredient that turns your potion brown, it means that it is incompatible with at least one other ingredient in your potion.""","«Если вы добавите ингредиент, который сделает ваше зелье коричневым, это означает, что он несовместим хотя бы с одним другим ингредиентом вашего зелья»."
"""If you and your friends are looking for a challenge, visit the Ascalonian Catacombs dungeon in the Plains of Ashford. Check your mail for a map to the dungeon.""","«Если вы и ваши друзья ищете испытаний, посетите подземелье Аскалонские катакомбы на равнинах Эшфорда. Проверьте свою почту, чтобы найти карту подземелья»."
"""If you are disabled, gain protection. Incoming condition damage is reduced while you have protection.<br><c=@reminder>Disables include stun, daze, knockback, pull, knockdown, sink, float, fear, taunt, and launch.</c>""","«Если вы отключены, получите защиту. Входящий урон от состояний уменьшается, пока у вас есть защита.<br><c=@reminder>Отключение включает оглушение, ошеломление, отбрасывание, притягивание, нокдаун, погружение, плавание, страх, насмешку и запуск.</c>»"
"""If you are not currently on a team, one may be chosen for the current season.""","«Если вы в настоящее время не состоите в команде, её можно выбрать на текущий сезон»."
"""If you are running low on health, be sure to use your healing skill to replenish it!""","«Если у вас мало здоровья, обязательно используйте свои навыки исцеления, чтобы пополнить его!»"
"""If you are tracking a tier 2 or tier 3 rift, double-clicking will revert to tracking tier 1 rifts. Apply to tier 1 rifts to increase essence gains on closure.""","«Если вы отслеживаете разлом уровня 2 или уровня 3, двойной щелчок вернется к отслеживанию разломов уровня 1. Примените к разломам уровня 1, чтобы увеличить получение сущности при закрытии»."
"""If you are truly to keep Kryta safe, %str1%, I foresee that you will first have to place it in danger. Good luck.""","«Если ты действительно хочешь обеспечить безопасность Крайты, %str1%, я предвижу, что сначала тебе придётся подвергнуть её опасности. Удачи»."
"""If you beg, I will spare you. Maybe I will just lame you and put you in chains.""","«Если будешь умолять, я пощажу тебя. Может быть, я просто хромаю тебя и заковаю в цепи»."
"""If you build it, they will die.""","«Если вы это построите, они умрут»."
"""If you can carry supplies, the Kryptis—those who don't follow Eparch—are in dire need.""","«Если вы можете нести припасы, Криптис — те, кто не следует за Эпархом — окажутся в крайней нужде»."
"""If you can find any Eternal Embers, we're collecting them for the assault. You can find them throughout the Burning Forest.""","«Если вы сможете найти вечные угли, мы собираем их для нападения. Вы можете найти их по всему Пылающему лесу»."
"""If you can find something to light the fuse, this bomb can draw everyone's attention elsewhere.""","«Если вам удастся найти что-нибудь, чтобы зажечь фитиль, эта бомба сможет привлечь всеобщее внимание в другом месте»."
"""If you can keep this down for a minute, it is sure to strengthen your resolve.""","«Если вы сможете сдержать это хотя бы минуту, это обязательно укрепит вашу решимость»."
"""If you can make shields, give them to my people and send them down here for training.""","«Если ты умеешь делать щиты, отдай их моим людям и отправь сюда на обучение»."
"""If you can spare the time, please stay and help out. These people deserve better than what we've given them.""","«Если у вас есть время, пожалуйста, оставайтесь и помогите. Эти люди заслуживают лучшего, чем то, что мы им дали»."
"""If you come across any in your travels, report your findings to me. Your firsthand accounts will benefit my research.""","«Если вы встретите что-нибудь во время своих путешествий, сообщите мне о своих открытиях. Ваши рассказы из первых рук пойдут на пользу моим исследованиям»."
"""If you could use your skyscale to clear out some of these bugs, it'd definitely make things a lot easier.""","«Если бы вы могли использовать свою шкалу неба, чтобы устранить некоторые из этих ошибок, это определенно облегчило бы задачу»."
"""If you don't do something, we'll have to deal with another rabid grawl. Get out of here, and take care of business!""","«Если ты ничего не предпримешь, нам придётся иметь дело с ещё одним бешеным рычанием. Убирайся отсюда и займись делами!»"
"""If you don't own a skimmer, why not rent one? Rentals are good for an hour, although you'll need to come back to me to retrieve your skimmer if you dismount.""","«Если у вас нет скиммера, почему бы не взять его напрокат? Стоимость аренды составляет час, хотя вам придётся вернуться ко мне, чтобы забрать свой скиммер, если вы спешитесь»."
"""If you don't want my opinion, don't complain at me.""","«Если вам не интересно мое мнение, не жалуйтесь на меня»."
"""If you don't wash your armor now, you'll never get the smell out.""","«Если ты не постираешь свои доспехи сейчас, ты никогда не избавишься от запаха»."
"""If you ever have an enemy, wish groundhogs on them. There's nothing worse.""","«Если у тебя когда-нибудь появится враг, пожелай ему сурков. Нет ничего хуже»."
"""If you expose her to my saliva, her disguise will fail. If you're up to it, I can give you some.""","«Если ты подвергнешь её воздействию моей слюны, её маскировка не удастся. Если ты готов, я могу дать тебе немного»."
"""If you find a spot you'd like to stay in, you can drop your anchor and walk around your skiff!""","«Если вы найдёте место, в котором захотите остановиться, вы можете бросить якорь и прогуляться вокруг своей лодки!»"
"""If you find any more, bring them to me. I'll gladly take them off your hands.""","— Если найдёшь ещё, принеси мне. Я с радостью заберу их у тебя из рук."
"""If you find any of our wounded, help as you're able. If you...find any fallen, return their dog tags to me.""","«Если вы найдёте кого-нибудь из наших раненых, помогите, чем сможете. Если вы… найдёте павших, верните мне их жетоны»."
"""If you find any wurm eggs you could bring them back to me. If I can get proof that the oozes are contaminating the eggs I can put an end Bleent's """"business,"""" if you can call it that.""","«Если вы найдёте яйца червя, вы можете принести их мне. Если я смогу получить доказательства того, что слизь загрязняет яйца, я смогу положить конец «бизнесу» Блинта, если можно это так назвать»."
"""If you follow the road south toward the Gladefields, you'll find Jimoh rounding up exiles willing to defect. I'm sure my friend would welcome your help seeing them safely north to our oasis camps.""","«Если вы пойдёте по дороге на юг, к Глэйдфилдам, вы обнаружите, что Джимо собирает изгнанников, желающих дезертировать. Я уверен, что мой друг будет рад вашей помощи, проводящей их в целости и сохранности на север, в наши лагеря-оазисы»."
"""If you get lost, remember you can find important information here.""","«Если вы заблудились, помните, что здесь вы можете найти важную информацию»."
"""If you get stuck, you'll have to fight your way out.""","«Если вы застрянете, вам придётся бороться, чтобы выбраться»."
"""If you go in recklessly, you're just going in to die.""","«Если вы войдёте туда безрассудно, вы просто умрете»."
"""If you go into that dredge cave, make sure you've got plenty of ammo and your blades are sharpened. Or whatever. Be ready for a fight.""","«Если вы пойдёте в эту пещеру, убедитесь, что у вас достаточно боеприпасов и ваши лезвия заточены. Или что-то в этом роде. Будьте готовы к бою»."
"""If you hate grawl so much, what are you doing here?""","«Если ты так ненавидишь граул, что ты здесь делаешь?»"
"""If you have a moment, I have a proposition for your guild.""","«Если у вас есть минутка, у меня есть предложение для вашей гильдии»."
"""If you have business here, get to it; otherwise, stop distracting me.""","«Если у тебя здесь дела, займись ими, иначе не отвлекай меня»."
"""If you have concerns, I'd like to hear them.""","«Если у вас есть опасения, я хотел бы их услышать»."
"""If you have enough funds for an item, it will be displayed as white text. Items you don't have enough funds for will be displayed in red.""","«Если у вас достаточно средств для покупки предмета, он будет отображаться белым текстом. Предметы, на которые у вас недостаточно средств, будут отображаться красным»."
"""If you have less than five supply, periodically replenish supply when leaving your base""","«Если у вас меньше пяти запасов, периодически пополняйте запас при выходе с базы»"
"""If you have lost your boundary markers, this may help.""","«Если вы потеряли пограничные знаки, это может помочь»."
"""If you have the time, I have much to share.""","«Если у вас есть время, мне есть чем поделиться»."
"""If you help, it's because I let you. Our supplies are limited, and my soldiers come first.""","«Если ты помогаешь, то это потому, что я позволяю тебе. Наши запасы ограничены, и мои солдаты на первом месте»."
"""If you hurry, you'll be witness to her death.""","«Если поторопишься, то станешь свидетелем её смерти»."
"""If you keep pushing, they will shove you out. They're gaining strength by the minute.""","«Если вы продолжите давить, они вас вытолкнут. Они набирают силу с каждой минутой»."
"""If you know a lot about Destiny's Edge, you must know a lot about Logan Thackeray, since he's the bravest, strongest one!""","«Если вы много знаете о Destiny's Edge, вы, должно быть, много знаете о Логане Теккерее, поскольку он самый храбрый и сильный!»"
"""If you leave the marketplace, you will no longer be employed.""","«Если вы уйдёте с рынка, вы больше не будете работать»."
"""If you live long enough, you'll get plenty of both.""","«Если вы проживете достаточно долго, вы получите и то, и другое»."
"""If you need a raptor, go ahead and talk to Strigidae. She'll set you up with one.""","«Если тебе нужен хищник, поговори со Стригидой. Она подарит тебе одного»."
"""If you need additional help, you could ask Vigil Scout Premhoc. She probably has a good idea where you can find the items we need.""","«Если вам нужна дополнительная помощь, вы можете обратиться к Vigil Scout Premhoc. Вероятно, она хорошо знает, где вы можете найти нужные нам предметы»."
"""If you need any help, just give me a shout. I'm happy to crush more skulls.""","«Если вам понадобится помощь, просто крикните мне. Я буду рад раздробить ещё больше черепов»."
"""If you need help tracking down those artifacts, come see me at the Durmand Priory expedition camp. I can show you a map of where they're located.""","«Если вам нужна помощь в поисках этих артефактов, приходите ко мне в экспедиционный лагерь монастыря Дурманд. Я могу показать вам карту, где они расположены»."
"""If you need help, click the button below to contact our Customer Support team.""","«Если вам нужна помощь, нажмите кнопку ниже, чтобы связаться с нашей службой поддержки клиентов»."
"""If you need it, I have it.""","«Если тебе это нужно, оно у меня есть»."
"""If you need to know something, I can help. But I'll leave the commanding to the experts.""","«Если вам нужно что-то узнать, я могу помочь. Но командование оставлю экспертам»."
"""If you never climb, you'll never see the view from the top.""","«Если вы никогда не подниметесь, вы никогда не увидите вид сверху»."
"""If you never run, you'll never see the end of the trail.""","«Если ты никогда не побежишь, ты никогда не увидишь конца пути»."
"""If you never walk, you'll never see all the scenery.""","«Если вы никогда не гуляете, вы никогда не увидите всех пейзажей»."
"""If you or your group leader has completed the battle for Flame Citadel and Senecus Castrum, you can now take on the Citadel of Flame dungeon in the Baelfire. Check your mail for more information.""","«Если вы или лидер вашей группы завершили битву за Цитадель Пламени и Сенекус Каструм, теперь вы можете сразиться с подземельем Цитадель Пламени в Бэлфайре. Для получения дополнительной информации проверьте свою почту»."
"""If you ready, skritt ready.""","«Если ты готов, скритт готов»."
"""If you require an audience, schedule an appointment.""","«Если вам нужна аудиенция, назначьте встречу»."
"""If you sacrifice nothing, you gain nothing.""","«Если вы ничем не пожертвуете, вы ничего не получите»."
"""If you see an enemy dolyak in the area, make sure you don't let it reach its destination.""","«Если вы видите в этом районе вражеский долик, постарайтесь не допустить его до места назначения»."
"""If you see any any of the Seraph hostages they took, do what you can to help them. While you're there, you can destroy the bandits' supplies and force them to come out where we can return the favor.""","«Если вы увидите кого-либо из серафимов, которых они взяли в заложники, сделайте все возможное, чтобы помочь им. Пока вы там, вы можете уничтожить припасы бандитов и заставить их выйти туда, где мы сможем отплатить тем же»."
"""If you seek Ascension, you will find only death.""","«Если вы ищете Вознесения, вы найдёте только смерть»."
"""If you seek to help us, fishing is the simplest and most enjoyable way. Mind you, we prefer the flavor of our land—local fish only, we ask.""","«Если вы хотите помочь нам, рыбалка — это самый простой и приятный способ. Имейте в виду, мы предпочитаем вкус нашей земли — мы просим только местную рыбу»."
"""If you spot any Lionguard sniffing around, let me know immediately.""","«Если вы заметите, что поблизости обнюхивает Львиная стража, немедленно дайте мне знать»."
"""If you successfully lure in three junundu, the whole clew will arrive.""","«Если удачно заманить в три джунунду, прибудет весь клубок»."
"""If you take damage greater than the health threshold in a single strike, you release feathers to blind nearby enemies and gain stealth.""","«Если вы получаете урон, превышающий порог здоровья за один удар, вы выпускаете перья, чтобы ослепить ближайших врагов и получить невидимость»."
"""If you think I can fight, wait till you see me dance.""","«Если ты думаешь, что я могу драться, подожди, пока не увидишь, как я танцую»."
"""If you think it's junk, why are YOU here?""","«Если ты думаешь, что это мусор, то почему ты здесь?»"
"""If you think that's best, Priestess, but I don't see the need. We are going to fortify the village and make a stand with our new champion here.""","«Если ты считаешь, что так будет лучше, Жрица, но я не вижу в этом необходимости. Мы собираемся укрепить деревню и выступить здесь вместе с нашим новым чемпионом»."
"""If you use a skill with nothing targeted, the game will automatically select an appropriate target for you.""","«Если вы используете навык, не имеющий цели, игра автоматически выберет для вас подходящую цель»."
"""If you wait by the river long enough, you will see the body of your enemy float past.""","«Если вы подождете у реки достаточно долго, вы увидите, как мимо проплывет тело вашего врага»."
"""If you wander off, you'll miss the next battle, and it promises to be another doozy! Preparations have begun. Which krewe will test its golemancing might next? Stick around to find out!""","«Если вы уйдёте, вы пропустите следующую битву, и она обещает быть ещё одной сумасшедшей! Подготовка началась. Какой креве следующим проверит свою мощь големанса? Оставайтесь здесь, чтобы узнать!»"
"""If you want a fighting chance at escape, listen to me!""","«Если вам нужен шанс на побег, послушайте меня!»"
"""If you want some of the action, you better hurry. There's a combined force—humans and us—going to smack the ogres.""","«Если вы хотите немного подействовать, вам лучше поторопиться. Объединенная сила — люди и мы — собирается ударить огров»."
"""If you want to beat me, you'll have to find me!""","«Если ты хочешь победить меня, тебе придётся меня найти!»"
"""If you want to know more about disenchanting the warded artifacts, talk to me. And quickly, before they get us all killed.""","«Если хочешь узнать больше о распылении зачарованных артефактов, поговори со мной. И побыстрее, пока они нас всех не убили»."
"""If you want, we could find some fungus to liven that up for you.""","«Если хочешь, мы могли бы найти какой-нибудь гриб, который оживит тебя»."
"""If you wave at a Karka Queen, do you think it would wave back?""","«Если ты помашешь Королеве Карка, думаешь, она помахает в ответ?»"
"""If you were any other %str2%, I'd be surprised that you held your own. But I heard your name, %str1%, long before I saw your face.""","«Если бы вы были любым другим %str2%, я бы удивился, что вы устояли. Но я услышал ваше имя, %str1%, задолго до того, как увидел ваше лицо»."
"""If you were with the Hamaseen, you wouldn't be in here in the first place.""","«Если бы ты был с Хамасином, тебя бы вообще здесь не было»."
"""If you wish to beg for your lives, you may do so now.""","«Если вы хотите попросить сохранить вам жизнь, вы можете сделать это сейчас»."
"""If you would be so kind. Use your strength and cut down the escaped oozes! While you're doing that, I'll be harvesting enough ooze essence to make a whole keg of Ooze Booze!""","«Если вы будете так любезны. Используйте свою силу и уничтожьте сбежавших слизней! Пока вы это делаете, я соберу достаточно эссенции слизи, чтобы приготовить целый бочонок слизней-выпивки!»"
"""If you would like to learn about our way of life, we could always use an extra set of paws.""","«Если вы хотите узнать о нашем образе жизни, нам всегда пригодится дополнительная пара лап»."
"""If you're all right with backtracking a bit, there's a beautiful lake at the Bastion of the Natural. I hear there's been some Kryptis sightings in that area though, so I'd be careful.""","«Если вы не против вернуться немного назад, то в Бастионе Природы есть прекрасное озеро. Хотя я слышал, что в этом районе видели несколько Криптисов, так что я был бы осторожен»."
"""If you're bored, Ivan has a job. We would do it, but we've got our hands full.""","«Если тебе скучно, у Ивана есть работа. Мы бы ею занялись, но у нас заняты руки»."
"""If you're coming along, you're going to have to keep up—mentally and physically.""","«Если вы пойдёте с нами, вам придётся не отставать — морально и физически»."
"""If you're drinking, I'm brewing.""","«Если ты пьешь, я завариваю»."
"""If you're fighting, you'll need a weapon. Take my rifle. Ever fire one?""","«Если ты сражаешься, тебе понадобится оружие. Возьми мою винтовку. Ты когда-нибудь стрелял из неё?»"
"""If you're going to be wandering around this area, make sure you're well armed. Overall, I'd recommend not wandering around this area.""","«Если вы собираетесь бродить по этой местности, убедитесь, что вы хорошо вооружены. В целом, я бы рекомендовал не бродить по этой местности»."
"""If you're going to hang around, make yourself useful!""","«Если собираешься торчать здесь, сделай себя полезным!»"
"""If you're heading into Snowden Drifts, mind the detour signs. Jormag's corruption has taken over the main road, Lion Road, but we have a safe camp at Snowhawk Landing.""","«Если вы направляетесь в Сноуден-Дрифтс, обратите внимание на знаки объезда. Коррупция Йормага захватила главную дорогу, Лайон-роуд, но у нас есть безопасный лагерь в Сноухок-Лендинг»."
"""If you're here to challenge me, you're out of luck.""","«Если ты здесь, чтобы бросить мне вызов, тебе не повезло»."
"""If you're here to help, welcome. If not, get out of my way.""","«Если ты здесь, чтобы помочь, добро пожаловать. Если нет, уйди с моего пути»."
"""If you're here, you're trapped. Unless you can get to the gate there on the last platform. My leg is broken so there's no way I can make it, but if your timing is good, you might stand a chance.""","«Если ты здесь, то ты в ловушке. Если только ты не доберешься до ворот на последней платформе. Моя нога сломана, поэтому я не смогу добраться до неё, но если ты вовремя выберешь время, у тебя может быть шанс»."
"""If you're in my camp, I better see you lending a hand.""","«Если ты в моем лагере, мне лучше увидеть, как ты протягиваешь руку помощи»."
"""If you're like me, that offer will be worth your while tenfold! You'll never want to leave!""","«Если вы похожи на меня, то это предложение будет стоить вашего внимания в десять раз! Вы никогда не захотите уезжать!»"
"""If you're looking for a new type of dungeon, try the Fractals of the Mists, accessible through the Fractals asura gate in Lion's Arch. The rewards improve as the difficulty rises.""","«Если вы ищете новый тип подземелья, попробуйте «Фракталы Туманов», доступные через врата «Фракталы асура» в Львиной Арке. Награды улучшаются по мере повышения сложности»."
"""If you're looking for the best weapons, you've come to the right place.""","«Если вы ищете лучшее оружие, вы попали по адресу»."
"""If you're looking for ways to help us, Soaring Crest usually needs an extra hand tending to the infested crops over by the plant beds.""","«Если вы ищете способы помочь нам, Парящему Кресту обычно нужна дополнительная рука, ухаживающая за зараженными посевами на грядках»."
"""If you're looking into the cause of this disaster, you'll need a reactor-core sample.""","«Если вы ищете причину этой катастрофы, вам понадобится образец активной зоны реактора»."
"""If you're lost, I may be able to help.""","— Если ты заблудился, возможно, я смогу помочь."
"""If you're not sure where to go next, check your map by pressing the [lbracket]M[rbracket] key. Green icons, arrows, and circles indicate where your next quest objective is.""","«Если вы не уверены, куда идти дальше, проверьте карту, нажав клавишу [lbracket]M[rbracket]. Зелёные значки, стрелки и круги указывают, где находится ваша следующая цель квеста»."
"""If you're not too busy, I could use some support.""","«Если ты не слишком занят, мне нужна поддержка»."
"""If you're planning to haul this stuff out of here, watch out for pirates.""","«Если вы планируете вывезти эти вещи отсюда, остерегайтесь пиратов»."
"""If you're raring for a fight, take your friends to Caudecus's Manor in the Shire of Beetletun. Check your mail for the dungeon's location.""","«Если вы рветесь в бой, отведите своих друзей в поместье Каудека в Шире Битлетуна. Проверьте свою почту, чтобы узнать, где находится подземелье»."
"""If you're talking about the attack, preparations are—""","«Если вы говорите о нападении, то подготовка…»"
"""If you're unsure of how to be of most use, find a ranking officer in one of our three orders, and they'll find you a task.""","«Если вы не знаете, как принести максимальную пользу, найдите старшего офицера в одном из трех наших орденов, и он найдёт вам задание»."
"""If you're up to the challenge, pick up any jar lying around estate and use it to catch fireflies. After that, offer the fireflies to the cows until you find one that wants to eat them.""","«Если вы справитесь с задачей, возьмите любую банку, валяющуюся вокруг поместья, и используйте её, чтобы ловить светлячков. После этого предлагайте светлячков коровам, пока не найдёте того, кто захочет их съесть»."
"""If you're up to the challenge, pick up any jar lying around estate and use it to catch plains grubs. After that, offer the grubs to the cows until you find one that wants to eat them.""","«Если вы готовы принять вызов, возьмите любую банку, валяющуюся вокруг поместья, и используйте её, чтобы поймать равнинных личинок. После этого предлагайте личинки коровам, пока не найдёте ту, которая захочет их съесть»."
"""If you're warm and fuzzy, then I'm warm and fuzzy.""","«Если ты тёплый и пушистый, то и я тёплый и пушистый»."
"""If you're willing to help, I can give you an item you can use to help the transformed hylek.""","«Если ты хочешь помочь, я могу дать тебе предмет, который ты сможешь использовать, чтобы помочь трансформированному хилеку»."
"""If you're willing to part with a few bandit crests, I have contacts who could coax some temporary services out this way.""","«Если вы готовы расстаться с несколькими бандитскими гербами, у меня есть контакты, которые могли бы таким образом уговорить вас оказать временные услуги»."
"""If you've a mind to, the local crab cages need to be checked. Bring their catches back to me.""","«Если хочешь, надо проверить местные садки с крабами. Принеси мне их уловы»."
"""If you've been talking to that paranoid naysayer Reth, ignore him. This is normal ministry security detail for an event of this size.""","«Если вы разговаривали с этим параноиком-скептиком Ретом, игнорируйте его. Это нормальная служба безопасности министерства для мероприятия такого масштаба»."
"""If you've explored the Realm of Dreams, you've likely experienced the terror of the spinegazer's stare; not only can it launch a barrage of ranged physical attacks, it also wages psychological warfare by planting tormenting visions in the minds of its enemies.—Acht""","«Если вы исследовали Царство Снов, вы, вероятно, испытали ужас взгляда спиногейзера; он не только может запустить шквал дистанционных физических атак, но также ведёт психологическую войну, сея мучительные видения в умы своих врагов. — Ахт»"
"""If you've lost direction, retrace your steps.""","«Если вы потеряли направление, вернитесь назад»."
"""If you've lost the storybook, rejoice—you can always get it back from the cabin boy, Skippy!""","«Если вы потеряли сборник рассказов, радуйтесь — вы всегда можете вернуть его у юнги Скиппи!»"
"""If your foe has 3 stacks of asura chill on them, trap them in a block of ice for 15 seconds.""","«Если на вашем противнике 3 эффекта холода асуры, заключите его в глыбу льда на 15 секунд»."
"""If your guild wants to assist our investigation, you must first research and unlock the Guild World Event consumable.""","«Если ваша гильдия хочет помочь нашему расследованию, вам необходимо сначала изучить и разблокировать расходные материалы Мирового события гильдии»."
"""If your party survives the phase, all party members will be revived.""","«Если ваша группа переживет эту фазу, все члены группы будут возрождены»."
"""If your raptor isn't a strong swimmer, try navigating some low, mountainous terrain.""","«Если ваш хищник не очень хороший пловец, попробуйте передвигаться по низкой гористой местности»."
"""If your words don't change their hearts, stab them with the pointy end. 25%% chance to break.""","«Если твои слова не изменят их сердца, пронзи их острым концом. Шанс 25%% сломать»."
"""If...WHEN the time comes, everything I know will be devoured. It is going to happen, and I am not prepared.""","«Если… КОГДА придёт время, все, что я знаю, будет сожрано. Это произойдёт, а я не готов»."
"""Ifwyn and I rescued the missing Order of Whispers agent and determined that Vyacheslav's Sonic Vaporizer not only does incredible damage to its target, it also attracts all ice dragon minions in the vicinity. We rushed back to Hoelbrak with this information for Eir and the other order reps.""","«Ифвин и я спасли пропавшего агента Ордена Шепота и определили, что звуковой испаритель Вячеслава не только наносит невероятный урон своей цели, но и привлекает всех миньонов ледяных драконов поблизости. Мы поспешили обратно в Хоэлбрак с этой информацией для Эйр и других представителей ордена»."
"""Ignoramus! A genius of Oola's magnificence would never employ a door susceptible to mere physical force. Besides, my golem doesn't do smashing.""","«Невежда! Гений такого великолепия, как Ула, никогда не станет использовать дверь, на которую можно воздействовать простой физической силой. Кроме того, мой голем не разбивает»."
"""Ignoring Keiran's order to fall back, she marched beyond our front lines. The lieutenant vaulted the barricade, attempting to reach her before the charr could.""","«Игнорируя приказ Кейрана отступить, она вышла за пределы нашей линии фронта. Лейтенант перепрыгнул через баррикаду, пытаясь добраться до неё раньше, чем это смогли бы сделать чарры»."
"""Ignoring screams of children, unconcerned with elders' wails?""","«Игнорируя крики детей, не обращая внимания на вопли старших?»"
"""Ikniu is right. If an outsider earns the Sun god's favor, then an outsider shall be our champion. Let the god decide.""","«Икниу прав. Если чужак заслужит благосклонность бога Солнца, тогда аутсайдер станет нашим защитником. Пусть бог решит»."
"""Illegible, the words have been scratched out with hacking marks that also marr the signature, """"Malchor.""""""","«Неразборчиво, слова выцарапаны следами взлома, которые также портят подпись: «Малчор»»»."
"""Imagine having to submit to inspection by the Awakened, every time we pass through the gates of Amnoon.""","«Представьте себе, что нам приходится подвергаться проверке Пробудившихся каждый раз, когда мы проходим через врата Амнуна»."
"""Imbue a Superior Sigil of Dreams at the Azabe Qabar, the Royal Tombs place of power in Cursed Shore.""","«Нанесите высший сигил снов в Азабе-Кабаре, месте силы царских гробниц на Проклятом берегу»."
"""Imbue your blade with water, healing yourself for each target you strike.""","«Наполните свой клинок водой, исцеляя себя за каждую пораженную цель»."
"""Imbue your mace with verdant energy and then leap to your target. Stun enemies, grant nearby allies protection, and heal your pet. Gain Nature's Strength if you hit an enemy.""","«Наполните свою булаву зелёной энергией, а затем прыгните к цели. Оглушите врагов, обеспечьте защиту союзникам поблизости и исцелите своего питомца. Получите силу природы, если ударите врага»."
"""Imbued with ley-line energy, aether hunters can travel through the toughest of terrains with ease, unlike their sand-dwelling counterparts. —Acht""","«Наполненные энергией лей-линий, охотники за эфиром могут с лёгкостью путешествовать по самым сложным ландшафтам, в отличие от своих собратьев, обитающих в песке. — Ахт»"
"""Imbued with vital energy. At 5 stacks you become a Force of Nature, growing enlarged, gaining stability, increasing your outgoing damage and healing, and recharging your mace skills.""","«Наполнен жизненной энергией. Набрав 5 стаков, вы становитесь Силой Природы, увеличиваясь в размерах, обретая стабильность, увеличивая исходящий урон и исцеление, а также перезаряжая свои навыки булавы»."
"""Imbues your attacks with blue toxin, enabling damage against enemies weak to it.""","«Наполняет ваши атаки синим токсином, нанося урон слабым к нему врагам»."
"""Imbues your attacks with green toxin, enabling damage against enemies weak to it.""","«Наполняет ваши атаки зелёным токсином, нанося урон слабым к нему врагам»."
"""Imbues your attacks with red toxin, enabling damage against enemies weak to it.""","«Наполняет ваши атаки красным токсином, нанося урон слабым к нему врагам»."
"""Immediately after defeating Drakkar, the true source of the whispers emerged: a piece of Jormag. It nearly broke us, but Bangar appeared at the last possible moment and helped destroy it. I thought there might have been a chance of an alliance...until Bangar shot me with the bow.""","«Сразу после победы над Драккаром появился истинный источник слухов: кусок Йормага. Он почти сломал нас, но Бангар появился в последний момент и помог уничтожить его. Я думал, что, возможно, был шанс на союз... пока Бангар не выстрелил в меня из лука»."
"""Immersed in darkness, using shadow force as health.""","«Погружен во тьму, используя силу тени в качестве здоровья»."
"""Immersed in the darkness, using shadow force as health.""","«Погружен во тьму, используя силу тени в качестве здоровья»."
"""Immobilize foes with a net shot, capturing those under 50 percent health.""","«Обездвиживайте противников сеточным выстрелом, захватывая тех, у кого здоровье ниже 50 процентов»."
"""Immobilize your bone fiend, and it will immobilize foes.""","«Обездвижите своего костяного демона, и он обездвижит врагов»."
"""Immobilizes • Inflicts Weakness, Vulnerability, and Bleeding""","«Обездвиживает • Вызывает слабость, уязвимость и кровотечение»"
"""Immune to Knockdown, Knockback""","«Иммунитет к нокдауну, отбрасыванию»"
"""Immune to blind and cripple, 10%% chance to apply blind on hit.""","«Иммунитет к ослеплению и покалечиванию, 10%% шанс ослепить при ударе»."
"""Immune to confusion, always reflects projectiles.""","«Иммунитет к путанице, всегда отражает снаряды»."
"""Immune to damage, can only be trapped""","«Иммунитет к урону, можно только поймать в ловушку»"
"""Immune to regular damage and conditions, but vulnerable to attacks from enchanted armor.""","«Иммунитет к обычному урону и состояниям, но уязвим к атакам зачарованной брони»."
"""Immune to slow, 15%% chance of quickness.""","«Иммунитет к замедлению, 15%% шанс на быстроту»."
"""Impale your foe, crippling them.""","«Пронзите своего врага, нанеся ему вред»."
"""Imperator pretends to surrender, then stabs her with a poison dagger. """"At least I die knowing—""""""","«Император делает вид, что сдается, а затем наносит ей удар ядовитым кинжалом. «По крайней мере, я умираю, зная…»»»"
"""Impressive! I must admit, I didn't expect this much talent from the Vigil. Perhaps your order is more formidable than I'd thought.""","«Впечатляет! Должен признаться, я не ожидал такого таланта от Бдения. Возможно, ваш орден более грозен, чем я думал»."
"""Improve your ability in gathering, spending, and running supply""","«Улучшите свои способности в сборе, расходовании и управлении запасами»"
"""Improved design to your glider handles and wing slits lets you confidently fly into updrafts, allowing you to gain altitude and travel to previously unreachable locations.""","«Улучшенная конструкция ручек планера и прорезей крыльев позволяет вам уверенно летать по восходящим потокам воздуха, позволяя набирать высоту и путешествовать в ранее недоступные места»."
"""Improves greatsword skills. Mirror Blade bounces additional times, and Phantasmal Berserker summons an additional berserker and deals less damage.""","«Улучшает навыки владения двуручным мечом. Зеркальный клинок отскакивает больше раз, а Призрачный берсерк вызывает дополнительного берсерка и наносит меньше урона»."
"""Improves rifle, pistol, harpoon gun, and elixir gun range.""","«Улучшает дальность стрельбы из винтовки, пистолета, гарпунного ружья и эликсирного ружья»."
"""Imps and elementals run rampant over Highfirn Passage. Something in the mountains seems to call to them, something that speaks to their elemental nature. My research partner, Suki, maintains a lab east of Rocklair. I'm sure she could use some help wrangling the beasties, if you're up for it.""","«Бесы и элементали свирепствуют над Хайфирнским проходом. Что-то в горах, кажется, взывает к ним, что-то, что говорит об их стихийной природе. Мой партнер по исследованиям, Сьюки, содержит лабораторию к востоку от Роклера. Я уверен, что ей не помешала бы помощь в борьбе со зверями, если вы на это готовы»."
"""Imps have started to overrun the Rime Moraine caves. We're trying to determine the cause, but keeping the imps under control while we conduct our experiments has been...difficult. Any assistance you could give would be appreciated.""","«Импы начали наводнять пещеры Инейной Морены. Мы пытаемся определить причину, но держать бесов под контролем, пока мы проводим наши эксперименты, было... сложно. Любая ваша помощь будет оценена по достоинству»."
"""In 1072 AE, there was a civil war between the Deldrimor dwarves, who were favorable toward other races, and the dwarves of the Stone Summit, who felt other races were inferior and should be dominated.""","«В 1072 ПИ произошла гражданская война между гномами Делдримора, которые благосклонно относились к другим расам, и гномами Каменной Вершины, которые считали, что другие расы уступают им и над ними следует доминировать»."
"""In Blazeridge Steppes, successfully stop the Inquest from capturing %num2% ley-line coalescences after contributing ley energy to the Consortium.""",«В Блейзриджских степях успешно не позволяйте Следствию захватить %num2% слияний лей-линий после передачи лей-энергии Консорциуму».
"""In Blazeridge Steppes, successfully stop the Inquest from capturing %num2% ley-line coalescences after contributing ley energy to the Priory.""",«В Блейзриджских степях успешно не позволяйте Следствию захватить %num2% слияний лей-линий после передачи лей-энергии Приорату».
"""In Conquest mode, two teams fight for control of three capture points and compete to reach 500 points.""","«В режиме завоевания две команды сражаются за контроль над тремя точками захвата и соревнуются, чтобы набрать 500 очков»."
"""In Echovald Wilds, deactivate the haywire Gods' Vengeance.""",«В дебрях Эховальда деактивируйте безумную «Месть богов».
"""In Echovald Wilds, defeat Igne Mossheart before he completes the ritual.""","«В Эховальдских джунглях победите Игне Моссхарта, прежде чем он завершит ритуал»."
"""In Echovald Wilds, defeat the rampaging amber elemental.""",«В джунглях Эховальда победите буйного янтарного элементаля».
"""In Echovald Wilds, rescue Tateo from the corrupted wildlife.""",«В Эховальдских джунглях спасите Татео от испорченной дикой природы».
"""In Echovald Wilds, track down the missing tengu, Tateo.""","«В Эховальдских джунглях найди пропавшего тенгу, Татео»."
"""In Heitor's Domain, near a circular door.""","«Во владениях Эйтора, возле круглой двери»."
"""In Janthir complete five Convergences, three raids, or one Convergence or raid in challenge mode.""","«В Джантаре завершите пять Конвергенций, три рейда или одну Конвергенцию или рейд в режиме испытания»."
"""In Kessex Hills, evil is brewing. Responding to a missive from Kasmeer, the commander finds the land ravaged by a dark tower looming out of the lake...""","«В Кессекс-Хиллз назревает зло. Отвечая на послание Касмир, командир обнаруживает, что земля опустошена тёмной башней, вырисовывающейся из озера...»"
"""In Lion's Arch, a festival is announced to celebrate the dragon's defeat. The commander arrives for the opening ceremony, but is soon plunged into a darker investigation...""","«В Львиной Арке объявляется фестиваль, посвященный победе дракона. Командир прибывает на церемонию открытия, но вскоре погружается в более мрачное расследование...»"
"""In Melandru's Chalice, an inlet betwixt great roots.""","«В Чаше Меландру, в проходе между великими корнями»."
"""In Mordremoth's name, we have come for you!""","«Во имя Мордремота, мы пришли за вами!»"
"""In Mount Maelstrom, successfully stop the Inquest from capturing %num2% ley-line coalescences after contributing ley energy to the Consortium.""",«На горе Водоворот успешно не позволяйте Следствию захватить %num2% слияний лей-линий после передачи лей-энергии Консорциуму».
"""In Mount Maelstrom, successfully stop the Inquest from capturing %num2% ley-line coalescences after contributing ley energy to the Priory.""",«На горе Водоворот успешно не позволяйте Следствию захватить %num2% слияний лей-линий после передачи лей-энергии Приорату».
"""In New Kaineng City's Ministry of Archives, defeat the Purist.""",«В Министерстве архивов города Нью-Кайненг победите Пуриста».
"""In New Kaineng City, defeat Janin.""",«В Нью-Кайненге победите Джанин».
"""In New Kaineng City, defeat the Purist champion.""",«В Нью-Кайненге победите чемпиона-пуриста».
"""In New Kaineng City, defeat the naga leader before it withdraws.""","«В Нью-Кайненге победите лидера наг, прежде чем он отступит»."
"""In New Kaineng City, protect the fisherman and slay Unchained Risen in the area.""",«В городе Нью-Кайненг защитите рыбака и убейте Unchained Risen в этом районе».
"""In New Kaineng City, search the Ministry of Archives for Purist propaganda.""",«В городе Нью-Кайненг найдите в Министерстве архивов пуристическую пропаганду».
"""In Path of Fire, we're adding a wide variety of new crafting recipes for players to discover.""","«В Пути Огня мы добавляем множество новых рецептов крафта, которые игроки смогут открыть для себя»."
"""In PvP, your level is maximized and your stats are normalized. You also use a separate template of traits and skills. Click Enter to travel to the PvP lobby to edit your traits, weapons, and skills. Click Practice to instantly join a map with the default PvP character template in our custom arenas.""","«В PvP ваш уровень максимизируется, а ваши характеристики нормализуются. Вы также используете отдельный шаблон черт и навыков. Нажмите Enter, чтобы перейти в лобби PvP и отредактировать свои черты, оружие и навыки. Нажмите «Практика», чтобы мгновенно присоединиться к карте со стандартным шаблоном персонажа PvP на наших пользовательских аренах»."
"""In Sanctum Sprint, collect as many crystals as possible.""",«В Sanctum Sprint соберите как можно больше кристаллов».
"""In Scarlet's one-time lab at the ley line hub beneath Dry Top, Taimi started developing a device to recalibrate the waypoints so as not to attract Mordrem. She'd also discovered Omadd's machine, the device that Scarlet used to see the Eternal Alchemy. I unwittingly entered the device and experienced my own cosmic vision—one that included the Pale Tree and a handful of mysterious orbs representing Elder Dragons. I need to speak with the Pale Tree to learn more.""","«В бывшей лаборатории Скарлет в центре лей-линий под Сухим Верхом Тайми начала разработку устройства для перекалибровки путевых точек, чтобы не привлекать Мордрема. Она также обнаружила машину Омадда, устройство, которое Скарлет использовала, чтобы увидеть Вечную Алхимию. Я невольно вошёл в устройство и испытал свое собственное космическое видение, включающее Бледное Древо и несколько загадочных сфер, представляющих Старших Драконов. Мне нужно поговорить с Бледное Дерево, чтобы узнать больше»."
"""In Seitung Province, defeat Tae-Sung and stop him from harming the spirits.""",«В провинции Сейтунг победите Тэ-Суна и не позволяйте ему причинить вред духам».
"""In Seitung Province, defeat the naga tide priest.""",«В провинции Сейтунг победить жреца приливов-нагов».
"""In Seitung Province, subdue the Purist operatives.""",«В провинции Сейтунг усмирить боевиков-пуристов».
"""In Shipwreck Strand, take a moment to reflect at the graves of the Castorans no longer with us.""","«На Берегу кораблекрушений найди минутку и поразмышляй о могилах касторанцев, которых больше нет с нами»."
"""In Snowden Drifts, successfully stop the Inquest from capturing %num2% ley-line coalescences after contributing ley energy to the Consortium.""",«В задании «Снежные заносы Сноудена» успешно не позволяйте Следствию захватить %num2% слияний лей-линий после передачи лей-энергии Консорциуму».
"""In Snowden Drifts, successfully stop the Inquest from capturing %num2% ley-line coalescences after contributing ley energy to the Priory.""",«В задании «Снежные заносы Сноудена» успешно не позволяйте Следствию захватить %num2% слияний лей-линий после передачи лей-энергии Приорату».
"""In Stormcarved Hollows, hiding from turret fire and tentacles of Nourys among the rubble.""","«В Вырезанных Штормом Лощинах, прячась среди обломков от огня турелей и щупалец Ноурис»."
"""In Stronghold mode, two teams compete to defeat the opposing team's lord.""","«В режиме «Крепость» две команды соревнуются, чтобы победить лорда противоположной команды»."
"""In Wolf's name, I'll run with the pack and fight off the Sons.""","«Во имя Волка, я побегу со стаей и отобью Сыновей»."
"""In WvW, PvP, and sometimes PvE, you may have to finish off your enemy with a special move. Press F near a downed enemy to use a finisher. You can set your active finisher in the Finishers page on the Hero Panel.""","«В WvW, PvP, а иногда и в PvE вам, возможно, придётся добить врага специальным приёмом. Нажмите F рядом с побежденным врагом, чтобы использовать финишер. Вы можете установить активный финишер на странице Финишеры на панели героя»."
"""In a conquest match with a guild team, kill 20 players when you or the enemy are on or near a capture point. Guild mission progress will not be earned during custom arena games, nor will it be earned if the game was entered before the mission began.""","«В завоевательном матче с командой гильдии убейте 20 игроков, когда вы или враг находитесь на точке захвата или рядом с ней. Прогресс миссии гильдии не будет заработан во время пользовательских игр на арене, а также не будет заработан, если в игру вошёл до начала миссии»."
"""In a conquest match with a guild team, kill 40 players when you or your enemy are on or near a capture point. Guild mission progress will not be earned during custom arena games, nor will it be earned if the game was entered before the mission began.""","«В завоевательном матче с командой гильдии убейте 40 игроков, когда вы или ваш враг находитесь на точке захвата или рядом с ней. Прогресс миссии гильдии не будет заработан во время пользовательских игр на арене, а также не будет заработан, если в игру вошёл до начала миссии»."
"""In a conquest match with a guild team, kill 60 players when you or the enemy are on or near a capture point. Guild mission progress will not be earned during custom arena games, nor will it be earned if the game was entered before the mission began.""","«В завоевательном матче с командой гильдии убейте 60 игроков, когда вы или враг находитесь на точке захвата или рядом с ней. Прогресс миссии гильдии не будет заработан во время пользовательских игр на арене, а также не будет заработан, если в игру вошёл до начала миссии»."
"""In a conquest match, earn a combined score of 300 or more personal score across all guild team members. Guild mission progress will not be earned during custom arena games, nor will it be earned if the game was entered before the mission began.""","«В матче завоевания наберите в общей сложности 300 или более личных очков всеми членами команды гильдии. Прогресс миссии гильдии не будет засчитан во время пользовательских игр на арене, а также не будет заработан, если в игру вошёл до начала миссии»."
"""In a conquest match, earn a combined score of 500 or more personal score across all guild team members. Guild mission progress will not be earned during custom arena games, nor will it be earned if the game was entered before the mission began.""","«В матче завоевания наберите в общей сложности 500 или более личных очков всеми членами команды гильдии. Прогресс миссии гильдии не будет засчитан во время пользовательских игр на арене, а также не будет заработан, если в игру вошёл до начала миссии»."
"""In a conquest match, earn a combined score of 800 or more personal score across all guild team members. Guild mission progress will not be earned during custom arena games, nor will it be earned if the game was entered before the mission began.""","«В матче завоевания наберите в общей сложности 800 или более личных очков всеми членами команды гильдии. Прогресс миссии гильдии не будет засчитан во время пользовательских игр на арене, а также не будет заработан, если в игру вошёл до начала миссии»."
"""In a display of resilience, two warriors from opposing factions stood together to conquer a common enemy: Shiro Tagachi.""","«Продемонстрировав стойкость, два воина из противоборствующих фракций объединились, чтобы победить общего врага: Сиро Тагачи»."
"""In a fen's gorge, walls of thorns safeguard warriors from the dragon's dead.""",«В болотном ущелье стены из шипов защищают воинов от смерти дракона».
"""In a field of flowers, surrounded by petals that never fall.""","«В поле цветов, окруженном лепестками, которые никогда не опадают»."
"""In a fit of rage, gain might and swiftness.""",«В порыве ярости обрети мощь и быстроту».
"""In a gambit to learn more about their mysterious pursuers, the king and his mesmer escort, tired and tattered, had set a trap for a mursaat who had wandered further ahead of their hunting party. On their own, a single mursaat was formidable—deadly, but not invincible. Even with their foe defeated, one of Gauvain's students fell in the skirmish and King Jadon sustained serious injuries attempting to protect the young spell-slinger. The rest attempted to carry the king afterward, but he would succumb to his wounds the following day.""","«В попытке узнать больше о своих таинственных преследователях король и его месмеровый эскорт, усталые и оборванные, устроили ловушку для мурсаата, который забрел дальше впереди их охотничьего отряда. Одинокий мурсаат был грозным — смертоносным, но не непобедимым. остальные попытались унести короля позже, но он скончался от ран на следующий день»."
"""In a graveyard from the right, pay your respects to whom they are due; one, three, then seven hold the clue.""","«На кладбище справа отдайте дань уважения тому, кому они причитаются; один, три, затем семь содержат подсказку»."
"""In a house in Venta, an old frame lies; its story appears to whomever cries.""","«В доме в Венте лежит старая рама; её история открывается тому, кто плачет»."
"""In a hundred years, they've never once been lit. We're very proud of that.""",«За сто лет их ни разу не зажгли. Мы этим очень гордимся».
"""In a last attempt to retain control of the Jetsam Pirates, Jetsam has ordered his followers to attack Suwash.""",«В последней попытке сохранить контроль над Пиратами Джетсама Джетсам приказал своим последователям атаковать Суваш».
"""In a moment, Choole.""","«Сейчас, Чул»."
"""In a single event, successfully prepare 5 ingredients in a row for Alchemist Briella.""",«За одно событие успешно приготовьте 5 ингредиентов подряд для алхимика Бриэллы».
"""In a single prison break, destroy all of the cell doors to free villagers and defeat Warden Jabari to free Emara.""","«За один побег из тюрьмы разрушьте все двери камер, чтобы освободить жителей деревни, и победите надзирателя Джабари, чтобы освободить Эмару»."
"""In a special report, we spotlight Saint Viktor zu Heltzer, Archemorus, and their lasting impact on Cantha.""","«В специальном репортаже мы рассказываем о Святом Викторе цу Хельцере, Археморе и их долгосрочном влиянии на Канту»."
"""In a world finally safe from the corruption of the Elder Dragons, new threats rise to seek power. Embark on an epic journey and uncover the mysteries of the Wizard's Tower as you defend the skies against incursions from the Mists.""","«В мире, наконец-то избавленном от порчи Старших Драконов, возникают новые угрозы, стремящиеся к власти. Отправьтесь в эпическое путешествие и раскройте тайны Башни Волшебника, защищая небеса от вторжений Туманов»."
"""In a world of fools, the googly-eyed wayfinder is a hero.""",«В мире дураков пучеглазый путешественник — герой».
"""In addition to hovering, skyscales have the ability to cling to walls with their strong claws, which can hold your mount in place momentarily. This ability can be upgraded into a leap by training the Mastery further.""","«Помимо парения, скайскейлы обладают способностью цепляться за стены своими сильными когтями, которые могут на мгновение удерживать вашего скакуна на месте. Эту способность можно улучшить до прыжка, развивая мастерство дальше»."
"""In addition to the Old Kaineng restoration project, the Ministry of Archives has set their sights on Raisu Palace.""",«В дополнение к проекту реставрации Старого Кайненга Министерство архивов нацелилось на дворец Райсу».
"""In an underwater sanctum below Breezy Cay, an ancient tome floats among a flurry of blossoms.""",«В подводном святилище под Бризи-Кей среди шквала цветов плавает древний фолиант».
"""In areas like this, events tell a story. Keep an eye on the space to see the story progress!""","«В таких местах события рассказывают историю. Следите за пространством, чтобы следить за развитием истории!»"
"""In brief, yes. The longer answer...well, it's about taking control of someone else's life. When I raid a village, I choose who lives and who dies. It's a rather remarkable feeling.""","«Вкратце — да. Более длинный ответ… ну, речь идет о том, чтобы взять под контроль чью-то жизнь. Когда я совершаю набег на деревню, я выбираю, кто будет жить, а кто умрет. Это довольно замечательное чувство»."
"""In celebration of our outlander visitors and in the spirit of unity, the Grand Sahil Casino is sponsoring a citywide competition! Come one, come all—find those casino coins!""","«В честь наших гостей-иноземцев и в духе единства казино Grand Sahil спонсирует общегородское соревнование! Приходите все, приходите все — найдите эти монеты казино!»"
"""In challenge mode, enemies are stronger and more essence is required to dispel Frozen Soil and calibrate the tectonic thumper. Players can only be revived from wisp form if they have the Unstable Attunement effect.""","«В режиме испытания враги сильнее, и требуется больше сущности, чтобы рассеять мерзлую почву и откалибровать тектонический грохот. Игроков можно возродить из формы огонька, только если у них есть эффект нестабильной настройки»."
"""In distant Castora, something yet dwells beneath the waves.""",«В далекой Касторе что-то все ещё обитает под волнами».
"""In every nation, the dragons are rising.""",«В каждой стране восстают драконы».
"""In exchange for 10 Pristine Fractal Relics, free food will be provided to all heroes for 30 minutes.""",«В обмен на 10 безупречных фрактальных реликвий всем героям будет предоставлена ??бесплатная еда на 30 минут».
"""In exchange for 10 Pristine Fractal Relics, free weapon sharpening will be available for all heroes for 30 minutes.""",«В обмен на 10 Нетронутых фрактальных реликвий всем героям будет доступна бесплатная заточка оружия на 30 минут».
"""In investigating the sewers, Forgal and I discovered one of Zhaitan's scouts—inside the city of Lion's Arch. Now we're headed to Claw Island to warn the Lionguard.""","«Исследуя канализацию, мы с Форгалом обнаружили одного из разведчиков Зайтана в городе Львиная Арка. Теперь мы направляемся на остров Когтей, чтобы предупредить Львиную Стражу»."
"""In layman's terms, when all three pieces are concurrently active, it harnesses the unstable power bubbling to the surface and bleeds it off, replacing it with an aura of calm.""","«С точки зрения непрофессионала, когда все три части активны одновременно, он использует нестабильную энергию, вырывающуюся на поверхность, и выводит её, заменяя аурой спокойствия»."
"""In lieu of written records, some temples of Balthazar kept elaborate weapons depicting the rituals they were used in. Few survived Balthazar's fall, and many were immolated by his loyalist priests.""","«Вместо письменных записей в некоторых храмах Бальтазара хранилось сложное оружие, изображающее ритуалы, в которых оно использовалось. Лишь немногие пережили падение Бальтазара, и многие были принесены в жертву его лояльными священниками»."
"""In life, Alhazred was said to be a cruel, vicious man. Death will have not improved him.""",«При жизни Альхазред считался жестоким и порочным человеком. Смерть не улучшила его».
"""In my Dream, I saw dragons, and a spire of light that drove them off.""","«Во сне я видел драконов и шпиль света, который их прогонял»."
"""In my day, strangers weren't so impertinent.""",«В мое время незнакомцы не были такими дерзкими».
"""In my day, we worked this quarry day and night. We moved so much stone...""",«В мое время мы работали в этом карьере день и ночь. Мы перевезли столько камня…»
"""In my line of work, it's important to understand the power of ______.""",«В моей работе важно понимать силу ______».
"""In one of the rooms of the manor. She is resting, but I am still concerned.""","«В одной из комнат усадьбы. Она отдыхает, а я все ещё беспокоюсь»."
"""In order to assemble the best krewe I could find, I plan to inspire them with structure and my strong sense of reason. Advance planning will bring victory.""","«Чтобы собрать лучшую команду, которую я смогу найти, я планирую вдохновить их структурой и своим сильным рассудком. Предварительное планирование принесет победу»."
"""In order to assemble the best krewe I could find, I plan to make sure they know that the last asura who refused to join me found himself taking a long walk down a short lava-field capitulator. You get me?""","«Чтобы собрать лучших креве, которых я смог найти, я планирую убедиться, что они знают, что последний асура, отказавшийся присоединиться ко мне, обнаружил, что совершает долгую прогулку по небольшому капитулянту из лавового поля. Понял?»"
"""In order to assemble the best krewe I could find, I plan to tell them whatever they want to hear, as long as they work for me!""","«Чтобы собрать лучших креве, которых я смог найти, я планирую говорить им все, что они хотят услышать, при условии, что они работают на меня!»"
"""In order to assemble the best krewe I could find, I plan to""","«Чтобы собрать лучший креве, который я смог найти, я планирую»"
"""In order to attach the tracking device to Kralkatorrik, Blish requires a strong source of magic to use as bait—Balthazar's sword. Using Sohothin, Rytlock and I reignited the sword, activating its magic and pushing our plan into action. Now it's time to enter the Mists and attract Kralkatorrik using the sword—ultimately tricking him into swallowing the tracker.""","«Чтобы прикрепить следящее устройство к Кралькаторрику, Блишу нужен мощный источник магии, который можно использовать в качестве приманки — меч Бальтазара. Используя Сохотина, мы с Ритлоком повторно зажгли меч, активировав его магию и приведя в действие наш план. Теперь пришло время войти в Туманы и привлечь Кралькаторрика с помощью меча — в конечном итоге обманом заставив его проглотить следопыта»."
"""In order to be cleared for active duty, a war devourer has to COMPLETELY destroy a practice dummy while not turning on its trainer. Discipline, precision, destruction!""","«Чтобы получить допуск к действительной военной службе, пожиратель войны должен ПОЛНОСТЬЮ уничтожить учебный манекен, не включая его тренер. Дисциплина, точность, разрушение!»"
"""In order to challenge Michin as an equal, you must be a jellyfish. The sun does not honor those that will not fight as equals.""","«Чтобы бросить вызов Мичину на равных, нужно быть медузой. Солнце не чтит тех, кто не будет сражаться на равных»."
"""In order to enter the volcano's lava, I must earn the blessings of four trapped elder druids.""","«Чтобы войти в лаву вулкана, я должен заслужить благословение четырех пойманных в ловушку старших друидов»."
"""In our eagerness to understand, the kodan have—on occasion—failed to understand.""",«В нашем стремлении понять коданы — иногда — не смогли понять».
"""In our rush to reach Amnoon, I almost lost everything.""",«В нашей спешке к Амнуну я почти потерял все».
"""In overtime, healing and stealth are disabled and the map will slowly be covered by deadly fog.""","«В дополнительное время исцеление и невидимость отключены, и карта постепенно покроется смертельным туманом»."
"""In quickplay mode, you'll face a random fractal mission chosen from a set suited for matched player groups. You'll be given special enhancements and support to assist with combat and travel.""","«В режиме быстрой игры вам предстоит выполнить случайную фрактальную миссию, выбранную из набора, подходящего для подобранных групп игроков. Вам будут предоставлены специальные улучшения и поддержка, которые помогут в бою и путешествии»."
"""In response to the Colossus bowing to you, eat too much candy corn and be sick in the Cliffside Fractal.""","«В ответ на то, что Колосс поклонился вам, съешьте слишком много сладкой кукурузы и вас стошнит во фрактале Утеса»."
"""In retrospect, I wonder if the beach may have been the better option.""","«Оглядываясь назад, я задаюсь вопросом, мог ли пляж быть лучшим вариантом»."
"""In shadowed shallows beneath the gardens, the detritus of Lion's Arch lurks.""",«На затененных мелководьях под садами скрываются обломки Львиной Арки».
"""In short, clear out as many as we can as a sort of reset. Additionally, we need to protect Tyrians from any incursions—that'll be my focus.""","«Короче, зачистите как можно больше людей в качестве своего рода перезагрузки. Кроме того, нам нужно защитить тирианцев от любых вторжений — это будет моей целью»."
"""In silence, you will learn best.""",«В тишине вы научитесь лучше всего».
"""In that case, I could, ah, see parting with some tourist information for a few coins.""",«В таком случае я мог бы расстаться с некоторой туристической информацией за несколько монет».
"""In that case, buy me a pint?""","«В таком случае, купи мне пинту?»"
"""In the """"Required Assistance"""" box, I will check """"Yes."""" In pen, even. Thank you, and good day.""",«В поле «Требуется помощь» я отмечу «Да». Даже ручкой. Спасибо и хорошего дня».
"""In the Black Citadel, convicted criminals pay for their crimes with death or hard labor. Those sentenced to death are publicly executed in the Bane.""",«В Чёрной Цитадели осужденные преступники расплачиваются за свои преступления смертью или каторжными работами. Приговоренных к смертной казни публично казнят в Бэйне».
"""In the Deepstone fractal, discover all 10 hidden treasure chests in one run.""",«Во фрактале Глубинного камня найдите все 10 спрятанных сундуков с сокровищами за один проход».
"""In the Deepstone fractal, kill both the Brood Queen and Deepstone Sentinel within three minutes of each other.""",«Во фрактале Глубинного камня убейте Королеву выводка и Страж Глубинного камня с разницей в три минуты».
"""In the Dream, you saw a huntsman wearing armor the color of emerald leaves. What could it mean? Perhaps, one day, you will meet him.""","«Во сне ты увидел охотника в доспехах цвета изумрудных листьев. Что это может значить? Возможно, однажды ты встретишь его»."
"""In the Grove, they're saying that you're cleansing the Risen, bringing them back from the dragon.""","«В Роще говорят, что ты очищаешь Восставших, возвращаешь их от дракона»."
"""In the Hero Panel, equip gear by double-clicking on it or by dragging it to its designated slot. If your inventory is full, you can't swap equipment.""","«На панели героя экипируйте снаряжение, дважды щёлкнув по нему или перетащив его в назначенный слот. Если ваш инвентарь полон, вы не сможете поменять снаряжение»."
"""In the Mad King's city, a noble observes a kindred spirit far from home, a cauldron brewing with grim omens.""","«В городе Безумного Короля аристократ замечает родственную душу вдали от дома, в котле, кипящем мрачными предзнаменованиями»."
"""In the Molten Furnace story instance, find all of the hidden mining nodes.""",«В сюжетном инстансе «Расплавленная печь» найдите все скрытые горнодобывающие узлы».
"""In the Mystic Forge or the Wizard's Tower, combine 12 Amalgamated Essences, an Eldritch Scroll, 50 Obsidian Shards, and a Cube of Stabilized Dark Energy to create the Gift of Expertise.""","«В Мистической кузнице или Башне Волшебника объедините 12 Объединенных эссенций, Жуткий Свиток, 50 Осколков Обсидиана и Куб Стабилизированной Тёмной Энергии, чтобы создать Дар Мастерства»."
"""In the Mystic Forge or the Wizard's Tower, combine 9 Mystic Clovers, a Gift of Condensed Magic, a Gift of Research, and a Gift of Craftsmanship to create the Gift of Magical Prosperity.""","«В Мистической кузнице или Башне Волшебника объедините 9 Мистических Клеверов, Дар Сгущенной Магии, Дар Исследования и Дар Мастерства, чтобы создать Дар Магического Процветания»."
"""In the Mystic Forge or the Wizard's Tower, combine 9 Mystic Clovers, a Gift of Condensed Might, a Gift of Research, and a Gift of Craftsmanship to create the Gift of Mighty Prosperity.""","«В Мистической кузнице или Башне Волшебника объедините 9 Мистических Клеверов, Дар Конденсированной Мощи, Дар Исследования и Дар Мастерства, чтобы создать Дар Могучего Процветания»."
"""In the Mystic Forge or the Wizard's Tower, combine a Gift of Skywatch Archipelago, Gift of Amnytas, Gift of Inner Nayos, and Gift of Persistence to make the Gift of the Astral Ward.""","«В Мистической кузнице или Башне Волшебника объедините Дар Архипелага Небесного Дозора, Дар Амнитас, Дар Внутреннего Найоса и Дар Стойкости, чтобы получить Дар Астральной защиты»."
"""In the Mystic Forge, combine 100 Icy Runestones, a Gift of Energy, a Gift of the Mists, and a Gift of the Spirit Raven to create the Gift of Nevermore.""","«В Мистической кузнице объедините 100 Ледяных Рунных Камней, Дар Энергии, Дар Туманов и Дар Духа Ворона, чтобы создать Дар Бесконечности»."
"""In the Mystic Forge, combine 12 Amalgamated Essences, an Eldritch Scroll, 50 Obsidian Shards, and a Cube of Stabilized Dark Energy to create the Gift of Expertise. Ward Crafter Lucirae can help make this.""","«В Мистической кузнице объедините 12 объединенных эссенций, жуткий свиток, 50 осколков обсидиана и куб стабилизированной тёмной энергии, чтобы создать Дар опыта. В этом может помочь создательница оберегов Люцира»."
"""In the Mystic Forge, combine 38 Mystic Clovers, a Gift of Condensed Magic, a Gift of Condensed Might, and 5 Amalgamated Draconic Lodestones to create a Draconic Tribute.""","«В Мистической кузнице объедините 38 мистических клеверов, Дар конденсированной магии, Дар конденсированной мощи и 5 объединенных драконьих магнитов, чтобы создать Драконью дань»."
"""In the Mystic Forge, combine 500 Hydrocatalytic Reagents, 250 Thermocatalytic Reagents, and 250 exotic Essences of Luck to create a Gift of Research.""","«В Мистической кузнице объедините 500 гидрокаталитических реагентов, 250 термокаталитических реагентов и 250 экзотических эссенций удачи, чтобы создать дар исследований»."
"""In the Mystic Forge, combine Slumbering Conflux, 250 Unidentified Dyes, an Emblem of the Avenger, and an Alpha Siege Golem Blueprint to create Conflux.""","«В Мистической кузнице объедините «Дремлющее Слияние», 250 неопознанных красок, инсигнию Мстителя и чертеж альфа-осадного голема, чтобы создать «Слияние»."
"""In the Mystic Forge, combine Slumbering Transcendence, 250 Unidentified Dyes, an Emblem of Tournament Victory, and an Essence of Llamatic Elegance to create Transcendence.""","«В Мистической кузнице объедините «Дремлющую превосходность», 250 неопознанных красок, инсигнию победы на турнире и сущность ламатической элегантности, чтобы создать «Превосходство»."
"""In the Mystic Forge, combine a Bloodstone Shard, a Gift of Cantha, a Gift of the Dragon Empire, and 100 Antique Summoning Stones to create the Gift of Jade Mastery.""","«В Мистической кузнице объедините осколок кровавого камня, Дар Канты, Дар Империи Драконов и 100 старинных камней призыва, чтобы создать Дар мастерства нефрита»."
"""In the Mystic Forge, combine a Gift of Battle, a Gift of Glory, a Gift of War, and a Cube of Stabilized Dark Energy to create the Gift of the Mists.""","«В Мистической кузнице объедините Дар битвы, Дар славы, Дар войны и куб стабилизированной тёмной энергии, чтобы создать Дар Туманов»."
"""In the Mystic Forge, combine a Gift of Maguuma, a Gift of Insights, a Bloodstone Shard, and 250 Crystalline Ingots to create the Gift of Maguuma Mastery.""","«В Мистической кузнице объедините Дар Магуумы, Дар прозрения, осколок кровавого камня и 250 кристаллических слитков, чтобы создать Дар мастерства Магуумы»."
"""In the Mystic Forge, combine a Gift of Runes, a Gift of Condensed Magic, a Gift of Condensed Might, and a Gift of Craftsmanship to create a legendary rune.""","«В Мистической кузнице объедините Дар рун, Дар конденсированной магии, Дар конденсированной мощи и Дар мастерства, чтобы создать легендарную руну»."
"""In the Mystic Forge, combine a Gift of Seitung Province, a Gift of New Kaineng City, a Gift of the Echovald Forest, and a Gift of Dragon's End to create a Gift of Cantha, used in crafting legendary weapons.""","«В Мистической кузнице объедините Дар провинции Сейтунг, Дар города Нью-Кайненг, Дар леса Эховальд и Дар Конца Дракона, чтобы создать Дар Канты, используемый при создании легендарного оружия»."
"""In the Mystic Forge, combine a Gift of Sigils, a Gift of Condensed Magic, a Gift of Condensed Might, and a Gift of Craftsmanship to create a legendary sigil.""","«В Мистической кузнице объедините Дар сигилов, Дар конденсированной магии, Дар конденсированной мощи и Дар мастерства, чтобы создать легендарный сигил»."
"""In the Mystic Forge, combine a Gift of Warfare, an Emblem of the Conqueror, a Mist Pearl, and a Mist-Enhanced Mithril to create a War Commendation.""","«В Мистической кузнице объедините Дар войны, Инсигнию Завоевателя, Туманную жемчужину и усиленный туманом мифрил, чтобы создать Военную награду»."
"""In the Mystic Forge, combine a Gift of the Desert, a Gift of the Rider, a Bloodstone Shard, and 250 Funerary Incenses to create the Gift of Desert Mastery.""","«В Мистической кузнице объедините Дар пустыни, Дар всадника, осколок кровавого камня и 250 погребальных благовоний, чтобы создать Дар мастерства в пустыне»."
"""In the Mystic Forge, combine a Gift of the Fleet, a Gift of Tarir, a Gift of the Chak, and a Gift of the Jungle to create a Gift of Maguuma, used in crafting legendary weapons.""","«В Мистической кузнице объедините Дар флота, Дар Тарира, Дар Чака и Дар джунглей, чтобы создать Дар Магуумы, используемый при создании легендарного оружия»."
"""In the Mystic Forge, combine a Gift of the Itzel, Gift of the Nuhoch, Gift of the Exalted, and Gift of Gliding to create the Gift of Insights.""","«В Мистической кузнице объедините Дар Итцеля, Дар Нухоча, Дар Возвышенного и Дар скольжения, чтобы создать Дар Прозрения»."
"""In the Mystic Forge, combine a Gift of the Oasis, a Gift of the Highlands, a Gift of the Riverlands, and a Gift of the Desolation to create a Gift of the Desert, used in crafting legendary weapons.""","«В Мистической кузнице объедините Дар Оазиса, Дар Нагорья, Дар Речных земель и Дар пустыни, чтобы создать Дар пустыни, используемый при создании легендарного оружия»."
"""In the Mystic Forge, combine a Spirit of the Raptor, a Spirit of the Springer, a Spirit of the Jackal, and a Spirit of the Skimmer to create a Gift of the Rider.""","«В Мистической кузнице объедините Дух Хищника, Дух Спрингера, Дух Шакала и Дух Скиммера, чтобы создать Дар Всадника»."
"""In the Mystic Forge, combine a Vial of Salt, an Emblem of Victory, a Mist Diamond, and a Mist-Enhanced Orichalcum to create a Salt-Forged Mist Diamond.""","«В Мистической кузнице объедините Соляной флакон, Инсигнию Победы, Туманный алмаз и усиленный туманом орихалк, чтобы создать выкованный солью туманный алмаз»."
"""In the Mystic Forge, combine with 10 Globs of Ectoplasm, 25 Assault Knight Power Cores, and 50 Hydrocatalytic Reagents to change this weapon's attributes and color.""","«В Мистической кузнице объедините 10 шариков эктоплазмы, 25 силовых ядер штурмового рыцаря и 50 гидрокаталитических реагентов, чтобы изменить свойства и цвет этого оружия»."
"""In the Mystic Forge, combine with a Gift of Dragon's Argument, a Gift of Jade Mastery, and a Draconic Tribute to create the legendary pistol Aurene's Argument.""","«В Мистической кузнице объедините Дар Аргумента Дракона, Дар Нефритового Мастерства и Дань Дракона, чтобы создать легендарный пистолет Аргумент Аурин»."
"""In the Mystic Forge, combine with a Gift of Dragon's Bite, a Gift of Jade Mastery, and a Draconic Tribute to create the legendary greatsword Aurene's Bite.""","«В Мистической кузнице объедините Дар Укуса Дракона, Дар Нефритового Мастерства и Драконью Дань, чтобы создать легендарный двуручный меч Укус Аурин»."
"""In the Mystic Forge, combine with a Gift of Dragon's Breath, a Gift of Jade Mastery, and a Draconic Tribute to create the legendary torch Aurene's Breath.""","«В Мистической кузнице объедините Дар Дыхания Дракона, Дар Нефритового мастерства и Драконью дань, чтобы создать легендарный факел Дыхание Аурин»."
"""In the Mystic Forge, combine with a Gift of Dragon's Claw, a Gift of Jade Mastery, and a Draconic Tribute to create the legendary dagger Aurene's Claw.""","«В Мистической кузнице объедините Дар Когтя Дракона, Дар Нефритового Мастерства и Драконью Дань, чтобы создать легендарный кинжал Коготь Аурин»."
"""In the Mystic Forge, combine with a Gift of Dragon's Fang, a Gift of Jade Mastery, and a Draconic Tribute to create the legendary sword Aurene's Fang.""","«В Мистической кузнице объедините Дар Клыка Дракона, Дар Нефритового Мастерства и Драконью Дань, чтобы создать легендарный меч Клык Аурин»."
"""In the Mystic Forge, combine with a Gift of Dragon's Flight, a Gift of Jade Mastery, and a Draconic Tribute to create the legendary longbow Aurene's Flight.""","«В Мистической кузнице объедините Дар Полёта Дракона, Дар Нефритового Мастерства и Драконью Дань, чтобы создать легендарный длинный лук Полёт Аурин»."
"""In the Mystic Forge, combine with a Gift of Dragon's Gaze, a Gift of Jade Mastery, and a Draconic Tribute to create the legendary focus Aurene's Gaze.""","«В Мистической кузнице объедините Дар Драконьего Взгляда, Дар Нефритового Мастерства и Драконью Дань, чтобы создать легендарный фокус — Взгляд Аурин»."
"""In the Mystic Forge, combine with a Gift of Dragon's Horn, a Gift of Jade Mastery, and a Draconic Tribute to create the legendary warhorn Aurene's Voice.""","«В Мистической кузнице объедините Дар Драконьего Рога, Дар Нефритового Мастерства и Драконью Дань, чтобы создать легендарный боевой рог «Голос Аурин»."
"""In the Mystic Forge, combine with a Gift of Dragon's Insight, a Gift of Jade Mastery, and a Draconic Tribute to create the legendary staff Aurene's Insight.""","«В Мистической кузнице объедините Дар Проницательности Дракона, Дар Нефритового Мастерства и Подношение Дракона, чтобы создать легендарный посох Проницательность Аурин»."
"""In the Mystic Forge, combine with a Gift of Dragon's Persuasion, a Gift of Jade Mastery, and a Draconic Tribute to create the legendary rifle Aurene's Persuasion.""","«В Мистической кузнице объедините Дар Убеждения Дракона, Дар Нефритового Мастерства и Дань Дракона, чтобы создать легендарную винтовку Убеждение Аурин»."
"""In the Mystic Forge, combine with a Gift of Dragon's Rending, a Gift of Jade Mastery, and a Draconic Tribute to create the legendary axe Aurene's Rending.""","«В Мистической кузнице объедините Дар Растерзания Дракона, Дар Нефритового Мастерства и Подношение Дракона, чтобы создать легендарный топор Расчленение Аурин»."
"""In the Mystic Forge, combine with a Gift of Dragon's Scale, a Gift of Jade Mastery, and a Draconic Tribute to create the legendary shield Aurene's Scale.""","«В Мистической кузнице объедините Дар чешуи дракона, Дар нефритового мастерства и Драконью дань, чтобы создать легендарный щит Чешуя Аурин»."
"""In the Mystic Forge, combine with a Gift of Dragon's Tail, a Gift of Jade Mastery, and a Draconic Tribute to create the legendary mace Aurene's Tail.""","«В Мистической кузнице объедините Дар Хвоста Дракона, Дар мастерства нефрита и Драконью дань, чтобы создать легендарную булаву Хвост Аурин»."
"""In the Mystic Forge, combine with a Gift of Dragon's Weight, a Gift of Jade Mastery, and a Draconic Tribute to create the legendary hammer Aurene's Weight.""","«В Мистической кузнице объедините Дар Веса Дракона, Дар Нефритового Мастерства и Подношение Дракона, чтобы создать легендарный молот Вес Аурин»."
"""In the Mystic Forge, combine with a Gift of Dragon's Wing, a Gift of Jade Mastery, and a Draconic Tribute to create the legendary short bow Aurene's Wing.""","«В Мистической кузнице объедините Дар Крыла Дракона, Дар Нефритового Мастерства и Драконью Дань, чтобы создать легендарный короткий лук Крыло Аурин»."
"""In the Mystic Forge, combine with a Gift of Dragon's Wisdom, a Gift of Jade Mastery, and a Draconic Tribute to create the legendary scepter Aurene's Wisdom.""","«В Мистической кузнице объедините Дар мудрости дракона, Дар нефритового мастерства и Драконью дань, чтобы создать легендарный скипетр Мудрость Аурин»."
"""In the Siren's Reef fractal on tier 4, move stealthily through the maze to avoid alerting the spectral orbs.""","«Во фрактале «Риф Сирены» на уровне 4 осторожно перемещайтесь по лабиринту, чтобы не насторожить призрачные шары»."
"""In the Siren's Reef fractal, catch 8 bags of cursed treasure while navigating the maze.""","«Во фрактале «Риф Сирены» поймайте 8 мешков с проклятыми сокровищами, перемещаясь по лабиринту»."
"""In the beginning, the Ancient One told the first kodan to watch and learn, protect and guide the world's spirits.""","«Вначале Древний велел первому кодану наблюдать и учиться, защищать и направлять духов мира»."
"""In the darkest depths of night, unite the stars and bring forth the light.""",«В самой тёмной глубине ночи объедините звезды и явите свет».
"""In the depths of Maguuma, we scaled the twisted spire inside the massive tree guarding the jungle's heart. With the Jungle Dragon distracted by the full-scale assault happening outside, my allies and I infiltrated the structure and found Marshal Trahearne. After discussing the situation, Trahearne informed us that, because he was now part of the Jungle Dragon, he could serve as a conduit into Modremoth's mind. We formulated a plan to challenge him in a final confrontation.""","«В глубине Магуумы мы взобрались на искривленный шпиль внутри массивного дерева, охраняющего сердце джунглей. Пока Дракон Джунглей отвлекся на полномасштабное нападение, происходящее снаружи, мы с моими союзниками проникли в здание и нашли маршала Трэхирна. После обсуждения ситуации Трэхирн сообщил нам, что, поскольку он теперь является частью Дракона Джунглей, он может служить проводником в разум Модремота. Мы сформулировали план, чтобы бросить ему вызов в финальное противостояние»."
"""In the depths of the Maguuma jungle, beneath a city of gold, there lies a hidden cavern.""","«В глубине джунглей Магуума, под золотым городом, находится потайная пещера»."
"""In the distant hinterlands, life struggles upward deep in a hidden cavern.""",«В далеких глубинках жизнь пытается подняться вверх глубоко в скрытой пещере».
"""In the end, my presence made no difference. We still lost.""","«В конце концов, мое присутствие не имело никакого значения. Мы все равно проиграли»."
"""In the equation for pain, I'm the prime variable!""",«В уравнении боли я — главная переменная!»
"""In the eyes of the jackal, you see all that remains of their Margonite forebears.""","«В глазах шакала вы видите все, что осталось от его предков-маргонитов»."
"""In the face of life's adversity, hope, like the resilient cherry blossom, blooms.""","«Перед лицом жизненных невзгод надежда, как стойкий цвет вишни, расцветает»."
"""In the far north, just beyond civilization, there exists an expanse of tundra overrun by Svanir and Jormag's icebrood. It is believed that Jormag has taken up residence nearby. And that the Elder Dragon's influence corrupts all who go there. The only safe place is a kodan sanctuary where the quaggan and kodan residents stubbornly refuse to give up the fight.""","«На крайнем севере, сразу за цивилизацией, существует простор тундры, наводненный ледяным выводком Сванира и Йормага. Считается, что Йормаг поселился неподалеку. И что влияние Старшего Дракона развращает всех, кто туда ходит. Единственное безопасное место — это святилище коданов, где квагганы и жители кодана упорно отказываются отказываться от борьбы»."
"""In the garden of dawn, a secret grove is infused by light.""",«В саду утренней зари тайная роща наполнена светом».
"""In the hands of the Ogotl, the Hazupl poison goes from being merely deadly to being a massively destructive toxin. This could be the end of Caledon Forest and all those within it, unless you get there first.""","«В руках Оготля яд Хазупл превращается из просто смертельного в чрезвычайно разрушительный токсин. Это может стать концом Каледонского леса и всех, кто в нем, если вы не доберетесь туда первым»."
"""In the library of the Guild Initiative Headquarters you will find guild hall explorers. Each explorer has identified a different location your guild can liberate and claim as your guild hall. When you've chosen the one you want, have one of your guild leaders talk to that explorer to fund an expedition to begin the process of claiming the hall.""","«В библиотеке штаб-квартиры Инициативы Гильдии вы найдёте исследователей зала гильдии. Каждый исследователь определил свое место, которое ваша гильдия может освободить и объявить своим залом гильдии. Когда вы выберете то, что вам нужно, попросите одного из лидеров вашей гильдии поговорить с этим исследователем, чтобы профинансировать экспедицию, чтобы начать процесс захвата зала»."
"""In the meantime, you are asked to make our outlander visitors feel welcome here.""","«Тем временем, вас просят сделать так, чтобы наши гости-чужеземцы чувствовали себя здесь как дома»."
"""In the morning light, gather your bearings.""",«В утреннем свете соберитесь с места».
"""In the northwestern corner of the Brink, find the unstable shrine embedded in a chasm wall. You can't miss it.""","«В северо-западном углу Края найдите нестабильное святилище, встроенное в стену пропасти. Вы не сможете его пропустить»."
"""In the rush to get out here, we purchased a Consortium device instead of taking the time to do it properly ourselves. The blasted thing isn't built to any standards, and we can't make it start!""","«Спеша сюда, мы купили устройство Консорциума вместо того, чтобы потратить время на то, чтобы сделать его как следует самостоятельно. Эта чертова штука не построена по каким-либо стандартам, и мы не можем её запустить!»"
"""In the second trial, we learned to channel Aurene's magic into shaping and molding Kralkatorrik's Brand crystals.""",«Во втором испытании мы научились направлять магию Аурин на придание формы кристаллам клейма Кралькаторрика».
"""In the short time I've been journeying, I've seen much. But...it has only made me want more.""","«За то короткое время, что я путешествовал, я видел многое. Но… это только заставило меня хотеть большего»."
"""In the skies above, you see the star named Verdance in the Gnarl of Melandru constellation located at roughly 2h +180°.""","«В небе над головой вы видите звезду по имени Верданс в созвездии Гнарла Меландру, расположенную примерно в 2 часах 180°»."
"""In the sky, up above the high peaks.""","«В небе, над высокими вершинами»."
"""In the story instance The Aetherblade Retreat, plunder all of the Aetherblade chests.""",«В сюжетном эпизоде ??«Отступление эфирных клинков» разграбьте все сундуки с эфирными клинками».
"""In the wake of the Voice's demise, Jormag's servants have infested the kodan sanctuary ship Honor of the Waves. They must be eliminated before they corrupt all the secrets of the kodan.""","«После гибели Голоса слуги Йормага наводнили корабль-убежище кодана «Честь волн». Их необходимо уничтожить, прежде чем они испортят все тайны кодана»."
"""In the weeks following, after the charr invasion of Kryta was routed by the White Mantle and their masters, their occupation of Kryta began. The remaining mesmers decided they would not abandon Kryta to its new regime. There, Adelaide, Velise, Gauvain, Nemah, and Obryn would form the first inner council of the Mesmer Collective, a fledging network of spies and informants that would serve Kryta in the formative years of the Shining Blade and, later, their own kinsfolk in the Ascalonian settlement. In time, the Collective's numbers would grow. Individuals with ties and connections to larger Krytan towns would form the first outer council and, eventually, the first members of the Shroud.""","«В последующие недели, после того как Белая Мантия и их хозяева разгромили вторжение чарров на Крайту, началась их оккупация Крайты. Оставшиеся месмеры решили, что не оставят Крайту её новому режиму. Там Аделаида, Велиза, Говен, Нема и Обрин сформируют первый внутренний совет Коллектива Месмеров, молодой сети шпионов и информаторов, которые будут служить Крайте в годы становления Сияния. Блэйд, а позже и их родственники в Аскалонском поселении. Со временем численность Коллектива вырастет, люди, имеющие связи и связи с более крупными крайтанскими городами, сформируют первый внешний совет и, в конечном итоге, первых членов Плащаницы."
"""In the world of Tyria, the moa is the king of the race track.""",«В мире Тирии моа — король гоночных трасс».
"""In their minds, they're not half anything; they're all centaur.""",«В их представлении они не наполовину ничто; они все кентавры».
"""In this area of the world, there have been two dwarven races: the Deldrimor and the Stone Summit. Many believe they were among the earliest races in Tyria. Now, they're all dead.""","«В этой части мира жили две расы гномов: Дельдримор и Каменная Вершина. Многие полагают, что они были одними из самых ранних рас в Тирии. Теперь они все мертвы»."
"""In this dark past, you feel as though you walk within time itself,""","«В этом тёмном прошлом вам кажется, что вы путешествуете внутри самого времени»."
"""In this life, you do not travel the same paths as those who came before. Only an ancient hero can quest for this glory.""","«В этой жизни вы не путешествуете теми же путями, что и те, кто был раньше. Только древний герой может стремиться к этой славе»."
"""In this life? Probably not. Legends say there was once a way for the living to travel there, but those paths have long been closed or forgotten.""","«В этой жизни? Наверное, нет. Легенды гласят, что когда-то у живых была возможность путешествовать туда, но эти пути давно закрыты или забыты»."
"""In this location, a few of our bearkin are working on a solution for  the lightning ravaging the coast and decimating the forest.""","«В этом месте несколько наших медведей работают над решением проблемы молний, ??опустошающих побережье и уничтожающих лес»."
"""In time, Rox. First, we deal with those Brandstorms. Then we'll worry about the Crystal Dragon.""","«Со временем, Рокс. Сначала мы разберемся с этими Брандштормами. Потом побеспокоимся о Хрустальном Драконе»."
"""In time, this verdant scale may be washed away.""",«Со временем эта зелёная чешуя может быть смыта».
"""In what is more colloquially known as the """"Pantless Incident of '04,"""" norn hunter Sven Liefson risked greatly damaging norn/human relations with irresponsible consumption of drink. After several rounds, a visibly intoxicated Liefson challenged a nearby human to a test of strength. When the human settler repeatedly declined his challenge, Liefson mocked him, going as far to remove his pants and shake his behind in the human's face. This incident serves as an excellent teaching moment for key faux pas to avoid in interspecies communications. After sobering up a few days later, Liefson apologized to the human in question. The two are said to have become great friends following the debacle.""","«В ходе того, что в просторечии известно как «Инцидент без штанов '04», охотник на норнов Свен Лифсон рисковал серьёзно испортить отношения норнов и людей безответственным употреблением спиртных напитков. После нескольких раундов явно опьяненный Лифсон бросил вызов находящемуся поблизости человеку на испытание на силу. Когда человек-поселенец неоднократно отклонял его вызов, Лифсон издевался над ним, дойдя до того, что снял штаны и потряс задом перед лицом человека. Этот инцидент служит отличным обучающим моментом для ключевых ошибок, которых следует избегать в межвидовом общении. Протрезвев несколько дней спустя, Лифсон извинился перед этим человеком, и, как говорят, после этого разгрома они стали большими друзьями»."
"""In which His Royal Madness, yet but a boy, discovers the joys of humor.""","«В котором Его Королевское Безумие, ещё будучи ещё мальчиком, открывает радости юмора»."
"""In which Lord Oswald Thorn, the new heir to the throne, chooses his queen.""","«В которой лорд Освальд Торн, новый наследник престола, выбирает свою королеву»."
"""In which Os and his elder brother, Ewie, get into a sticky situation. Only one returns.""",«В которой Ос и его старший брат Иви попадают в неприятную ситуацию. Возвращается только один».
"""In which a prison's bars are thinning, eroding, slipping, days into weeks.""","«В которой тюремные решетки истончаются, разрушаются, проскальзывают дни за неделями»."
"""In which the Mad King cries, """"Let them eat candy corn!""""""",«В котором Безумный Король плачет: «Пусть едят сладкую кукурузу!»»»
