english,translate
"""""""Whitebear's Pride II"""" Strongbox""","""""""Гордость Белого Медведя II""""Сейф"""
"""""""Who it once was""""? What do you mean?""","""""""Кто это когда-то был""""? Что ты имеешь в виду?"""
"""""""Who knows what the Crystal Desert has in store for you. Better be ready."""" —Evon Gnashblade""","«»«Кто знает, что приготовила для тебя Crystal Desert. Лучше будь готов». — Evon Gnashblade»"
"""""""With a flash of light and explosion of flame the nation of Orr crumbled and was lost into the depths of the sea. The Cataclysm defeated the charr—but was also the end of Orr.""""""","""""""Со вспышкой света и взрывом пламени нация Орра распалась и исчезла в морских глубинах. Катаклизм победил чарр — но также стал концом Орра."""""""
"""""""With riders like you, Eparch doesn't stand a chance."""" —Skyscale Master Stenvall""","""""""С такими наездниками, как вы, у Эпарха нет шансов."" — Мастер Скайскейлов Стенвалл"""
"""""""With riders like you, those freebooters don't stand a chance."""" —Kae""","""""""С такими гонщиками, как ты, у этих разбойников нет шансов."" —Каэ"""
"""""""Woah. I don't know what 'essence' is, but that sure sounds like fun...""""""","""""""Ух ты. Я не знаю, что такое ""сущность"", но это звучит забавно..."""""""
"""""""Yet the Six wished their people to know them, for they loved their followers a great deal. They chose one man—the sculptor, Malchor—and granted him audience. His task was to make a statue of each god, so that humans might know their creators.""""""","""""""Однако Шесть хотели, чтобы их люди знали их, поскольку они очень любили своих последователей. Они выбрали одного человека - скульптора Малчора - и предоставили ему аудиенцию. Его задачей было создать статую каждого бога, чтобы люди могли узнать своих создателей."""""""
"""""""Yet the real oddity is just how normal all of this seems to them. It makes me ponder: How did magic become so common, so everyday?""""""","""""""Однако настоящая странность заключается в том, насколько нормальным все это кажется им. Это заставляет меня задуматься: как магия стала такой распространенной, такой повседневной?"""""""
"""""""You Are All Weaklings!""""""","""""""Вы все слабаки!"""""""
"""""""You buy Joko last.""""""","""""""Джоко покупаешь в последнюю очередь."""""""
"""""""You cannot escape from death!""""""","""""""От смерти не убежишь!"""""""
"""""""You too will be forgotten once your duty is done.""""""","""""""Тебя тоже забудут, как только твой долг будет выполнен."""""""
"""""""You're a proper mixologist—goin' to put me out of a job!"""" —Paxx""","""""""Ты настоящий миксолог, ты уволишь меня с работы!"""" —Пакс"""
"""""""Your Soul Is Mine!""""""","""""""Твоя душа моя!"""""""
"""""""Your legend will walk our dreams for eternity.""""""","""""""Ваша легенда будет сопровождать наши мечты вечно."""""""
"""""""Your"""" team, huh?""","""""Ваша"""" команда, да?"""
"""""""Zal, he...he wasn't a good person. It's about time we figured out what happened to him. What really happened.""""—Hui""","""""""Зал, он... он не был хорошим человеком. Пришло время выяснить, что с ним случилось. Что произошло на самом деле.""""—Хуэй"""
"""""""bookah""""""","""""""бука"""""""
"""""""password""""""","""""""пароль"""""""
"""""""purple quaggan""""""","""""""фиолетовый квагган"""""""
"""""""—knowing my sisters are free."""" Spirits, ah, what an inspiration!""","«»» — зная, что мои сестры свободны». «Духи, ах, какое вдохновение!»"
"""%num1% Owned, %num2% Placed""","""%num1% принадлежит, %num2% размещено"""
"""%num1% of %num2% Maximum, %num3% Placed""","""%num1% от максимума %num2%, размещено %num3%"""
"""%num1% platinum, %num2% gold""","""%num1% платина, %num2% золото"""
"""%num1%/%num2% Five Gambit, Third Tier Victories""","«%num1%/%num2% Пять гамбитов, победы третьего уровня»"
"""%num1%/%num2% Hidden Rooms Found<br>in World 1, Zone 1""","""Обнаружено %num1%/%num2% скрытых комнат<br>в мире 1, зона 1"""
"""%num1%/%num2% Hidden Rooms Found<br>in World 1, Zone 2""","""Обнаружено %num1%/%num2% скрытых комнат<br>в мире 1, зона 2"""
"""%num1%/%num2% Hidden Rooms Found<br>in World 1, Zone 3""","""Обнаружено %num1%/%num2% скрытых комнат<br>в мире 1, зона 3"""
"""%num1%/%num2% Hidden Rooms Found<br>in World 2, Zone 1""","""Обнаружено %num1%/%num2% скрытых комнат<br>в мире 2, зона 1"""
"""%num1%/%num2% Hidden Rooms Found<br>in World 2, Zone 2""","""Обнаружено %num1%/%num2% скрытых комнат<br>в мире 2, зона 2"""
"""%num1%/%num2% Hidden Rooms Found<br>in World 2, Zone 3""","""Обнаружено %num1%/%num2% скрытых комнат<br>в мире 2, зона 3"""
"""%num1%/%num2% Three Gambit, Third Tier Victories""","«%num1%/%num2% Три гамбита, победы третьего уровня»"
"""%num2% silver, %num1% copper""","""%num2% серебра, %num1% меди"""
"""%num3% gold, %num1% copper""","""%num3% золото, %num1% медь"""
"""%num3% gold, %num2% silver""","""%num3% золота, %num2% серебра"""
"""%num3% gold, %num2% silver, %num1% copper""","«Золото %num3%, серебро %num2%, медь %num1%»"
"""%str1% drops [an] %str2%, which your party reserves for %str3%.""","«%str1% бросает %str2%, который ваша группа резервирует для %str3%»."
"""%str1% drops a rare %str2%, which your party reserves for %str3%.""","«Из %str1% выпадает редкий %str2%, который ваша группа резервирует для %str3%»."
"""%str1% has braved the weather and reached Bitter Horn. An imbued Norn Beacon has been lit, allowing you to teleport to it if you choose. While you're outside of Bitter Horn, an interactive icon for the beacon will appear on your minimap.""","«%str1% преодолел непогоду и достиг Горького Рога. Загорелся усиленный маяк Норн, который позволяет вам телепортироваться к нему, если вы захотите. Пока вы находитесь за пределами Горького Рога, на вашей мини-карте появится интерактивный значок маяка»."
"""%str1% has changed the party's description to """"%str2%.""""""","""%str1% изменил описание группы на """"%str2%."""""""
"""%str1% has targeted %str2%, press %str3% to assist.""","«%str1% нацелился на %str2%, нажмите %str3%, чтобы помочь»."
"""%str1% is busting out some moves, some sweet dance moves.""","«%str1% демонстрирует несколько движений, несколько приятных танцевальных движений»."
"""%str1% is full. You may queue up for it, or you may travel to the overflow.""",«%str1% заполнен. Вы можете встать в очередь за ним или отправиться к переполнению».
"""%str1% is ready. You may travel there, move to the end of the queue, or stay here and leave the queue.""","«%str1% готов. Вы можете отправиться туда, переместиться в конец очереди или остаться здесь и выйти из очереди»."
"""%str1% is ready. You may travel there, or you may move to the end of the queue.""","«%str1% готов. Вы можете отправиться туда, а можете переместиться в конец очереди»."
"""%str1% morale: <c=""""%str3%"""">%num1%%%</c>""","""%str1% моральный дух: <c=""""%str3%"""">%num1%%%</c>"""
"""%str1% remaining: <c=""""%str3%"""">%num1%</c>""","""Осталось %str1%: <c=""""%str3%"""">%num1%</c>"""
"""%str1%! I heard you and Aurene were here, so I followed the Crystal Bloom to join you. These halls are legendary. And a good place to make your own.""","""%str1%! Я слышал, что вы с Аурин были здесь, поэтому я последовал за Хрустальным Цветением, чтобы присоединиться к вам. Эти залы легендарны. И хорошее место, чтобы создать свой собственный."""
"""%str1%! Still upright and kicking, eh? Howl charged ahead, as usual. His impatience is gonna get him a knife in the back someday. Not my knife...probably. Unless someone steals my knife.""","""%str1%! Все ещё держится на ногах и бьётся ногами, а? Хоул, как обычно, рванул вперёд. Его нетерпение когда-нибудь принесет ему нож в спину. Не мой нож... возможно. Если только кто-нибудь не украдет мой нож."""
"""%str1%! Yes, yes, happy to see you here. You helped so much, showed how to fight fire-trolls. Yes, we can do it. Many thanks and many shinies for you, yes!""","""%str1%! Да-да, рад видеть вас здесь. Вы так помогли, показали, как бороться с огненными троллями. Да, мы можем это сделать. Огромное спасибо и много блесток вам, да!"""
"""%str1%%str2%Eikasia, Mists-Grasper%str3%%str4%""","""%str1%%str2%Эикасия, Охватывающая Туманы%str3%%str4%"""
"""%str1%%str2%Khrysaor, the Golden Sword%str3%%str4%""","""%str1%%str2%Хрисаор, Золотой Меч%str3%%str4%"""
"""%str1%%str2%Pirate """"Fork""""%str3%%str4%""","""%str1%%str2%Пират """"Вилка""""%str3%%str4%"""
"""%str1%, Combat Medic!""","""%str1%, боевой медик!"""
"""%str1%, Demolitions Expert!""","""%str1%, эксперт по сносу!"""
"""%str1%, King Slayer!""","""%str1%, Цареубийца!"""
"""%str1%, Siege Master!""","""%str1%, мастер осады!"""
"""%str1%, a level (%num1%) %num2% %str2% %str3%""","""%str1%, уровень (%num1%) %num2% %str2% %str3%"""
"""%str1%, it is nice to see you again. Hope you've been well. Care to trade any excess items for shinies?""","""%str1%, приятно снова тебя видеть. Надеюсь, у тебя всё хорошо. Не хочешь обменять лишние предметы на блестки?"""
"""%str1%, we of the Durmand Priory can't thank you enough for your contribution. You will be remembered.""","""%str1%, мы в Приорате Дурманд не можем выразить вам свою благодарность за ваш вклад. Вас будут помнить."""
"""%str1%,<br><br>I'm well aware of just how busy you are. However, you've heard the theories that Scarlet disturbed one of the dragons. I fear these theories have merit.<br><br>My eyes and ears in Brisban Wildlands are reporting mysterious incursions into previously quiet areas. Go see for yourself. I hope your curiosity will spur you to action.<br><br>—E""","""%str1%,<br><br>Я прекрасно понимаю, насколько вы заняты. Однако вы слышали теории о том, что Скарлет потревожила одного из драконов. Боюсь, эти теории имеют основания.<br><br>Мои глаза и уши в Брисбанских диких землях сообщают о загадочных вторжениях в ранее тихие районы. Идите и посмотрите сами. Надеюсь, ваше любопытство побудит вас к действию.<br><br>—E"""
"""%str1%,<br><br>Your visit gave me a lot to think about. It's more dangerous away from the Grove than I ever expected, and I'd been considering going back. But now, I've seen how brave souls help others—like you helped us—and it's given me the courage to carry on. Thank you. Good luck with your future journeys.<br><br>—Mavad""","""%str1%,<br><br>Ваш визит заставил меня о многом задуматься. Вдали от Рощи опаснее, чем я когда-либо ожидал, и я подумывал о возвращении. Но теперь я увидел, как смелые души помогают другим - как вы помогли нам - и это придало мне смелости продолжать. Спасибо. Удачи в будущих путешествиях.<br><br>—Мавад"""
"""%str1%. I'm sorry you had to see that. I'd help him if I could, you know?""","""%str1%. Мне жаль, что тебе пришлось это увидеть. Я бы помог ему, если бы мог, понимаешь?"""
"""%str1%: (chuckles) More moths to flame, sizzling with melancholy as they reach my ember...""","""%str1%: (посмеивается) Ещё больше мотыльков, шипящих от меланхолии, приближающихся к моему угольку..."""
"""%str1%: Ah, I can't...""","""%str1%: Ах, я не могу..."""
"""%str1%: Back, Sister, back! You'll be turned to scree if your willfulness moves your legs before your mind can catch up.""","«%str1%: Назад, сестра, назад! Ты превратишься в крики, если твое своеволие сдвинет твои ноги прежде, чем твой разум успеет догнать тебя»."
"""%str1%: Darkness is a blessing. Close your eyes, and feel it wash over you.""","""%str1%: Тьма - это благословение. Закройте глаза и почувствуйте, как она омывает вас."""
"""%str1%: Decima, be more thoughtful with your energy.""","""%str1%: Децима, будь внимательнее со своей энергией."""
"""%str1%: Decima, they slither toward us with venom on fang! Watch yourself.""","""%str1%: Децима, они ползут к нам с ядом на клыках! Берегите себя."""
"""%str1%: I will compensate for the delusion of my kin. Your """"bloodstone"""" ripples through my every essence.""","""%str1%: Я компенсирую заблуждения своих собратьев. Твой ""кровавый камень"" пронизывает каждую мою сущность."""
"""%str1%: I've looked foolish in the eye; I see none behind yours. Retreat, and so shall we.""","""%str1%: Я глупо посмотрел в глаза; я не вижу ничего позади твоих. Отступим, и мы тоже."""
"""%str1%: If you don't get over here RIGHT NOW, I'll tell her all about it.""","""%str1%: Если ты не придёшь сюда ПРЯМО СЕЙЧАС, я ей все расскажу."""
"""%str1%: My kin seem to favor you, and I can sense why.""","""%str1%: Кажется, мои родственники благосклонно относятся к тебе, и я понимаю, почему."""
"""%str1%: NOW, you lazy slug! I can smell your rot from here! How did I get stuck with a selfish pissant for a brother?""","""%str1%: СЕЙЧАС, ленивый слизняк! Я отсюда чую твою гниль! Как я застрял с эгоистичной мочой ради брата?"""
"""%str1%: Oh, look how small they are! All the way down there. So cute and miniscule...""","""%str1%: Ой, посмотри, какие они маленькие! Всю дорогу внизу. Такие милые и миниатюрные..."""
"""%str1%: Please, no more of this! It's poisoning me.""","""%str1%: Пожалуйста, хватит этого! Это меня отравляет."""
"""%str1%: Reach deep inside, and you will feel the emptiness already growing there.""","""%str1%: Загляните глубоко внутрь, и вы почувствуете, как там уже растет пустота."""
"""%str1%: Scurry home now, little fleas.""","""%str1%: Спешите домой, маленькие блохи."""
"""%str1%: So sweet is the honey on your lips, just before his talons catch victory by the throat.""","""%str1%: Так сладок мед на твоих губах, как раз перед тем, как его когти схватили победу за горло."""
"""%str1%: The end is the beginning, and the beginning will be nothingness.""","«%str1%: Конец — это начало, а начало — небытие»."
"""%str1%: The end will come fast, and death will be your deliverance.""","""%str1%: Конец придёт быстро, и смерть станет вашим избавлением."""
"""%str1%: There is an ocean of Void, and you are already drowning in it.""","""%str1%: Существует океан Пустоты, и вы уже тонете в нем."""
"""%str1%: To me, godspawn. Do not let your stubbornness and lust for dominion win.""","""%str1%: Ко мне, порождение богов. Не позволяй своему упрямству и жажде власти победить."""
"""%str1%: We are all godspawn, but I am Ura. And I am far stronger than my stock.""","""%str1%: Мы все порождения богов, но я Ура. И я намного сильнее своих сородичей."""
"""%str1%: Well, we can't have that. It's unclean. I'll just have to show them...""","""%str1%: Ну, мы не можем этого допустить. Это нечисто. Мне просто нужно показать им..."""
"""%str1%: Yes, godspawn.""","""%str1%: Да, порождение богов."""
"""%str1%: You will join us now, and all will be as one.""","""%str1%: Теперь вы присоединитесь к нам, и все будут как один."""
"""%str1%: Your desires are but a mirage, and behind them lurks oblivion.""","""%str1%: Ваши желания - всего лишь мираж, и за ними таится забвение."""
"""'%str1%' is a cheat character. I see you're on your own server, so I'll let you toggle your cheat status... but let's keep this between you and me, okay? Enter """"/.cheat toggle"""" to remove your cheat status and enable cheat commands.""","«%str1%» — чит-персонаж. Я вижу, что вы находитесь на своем сервере, поэтому я позволю вам переключать свой чит-статус… но давайте оставим это между вами и мной, хорошо? Введите «»/.cheat toggle»», чтобы удалить свой чит-статус и включить чит-команды»."
"""'%str1%' is not a cheat character. Enter """"/.cheat confirm"""" to permanently mark '%str1%' as a cheat character and enable cheat commands.""","«%str1%» не является чит-персонажем. Введите «»/.cheat submit», чтобы навсегда пометить «%str1%» как чит-персонаж и включить чит-команды»."
"""'%str1%' is not a cheat character. I see you're on your own server, so I'll let you toggle your cheat status... but let's keep this between you and me, okay? Enter """"/.cheat toggle"""" to mark '%str1%' as a cheat character and enable cheat commands.""","«%str1%» не является чит-персонажем. Я вижу, что вы находитесь на своем собственном сервере, поэтому я позволю вам переключать свой чит-статус… но давайте оставим это между вами и мной, хорошо? Введите «»/.cheat toggle»», чтобы пометить «%str1%» как чит-персонажа и включить чит-команды."
"""'Til the end of the world—and with heroes like you fighting for it, I expect that will be a long time to come!""","«До конца света — и с такими героями, как ты, сражающимися за него, я думаю, это продлится долго!»"
"""(Anual) """"?April Fools!""""""","""(Ежегодный) """"?Первоапрельская шутка!"""""""
"""(As you touch the rune, you can feel a subtle power coursing under your fingers. An image flashes through your mind... An intricate circle, filled with stars. Seers are congregating on top of it.)""","«(Когда вы прикасаетесь к руне, вы можете почувствовать тонкую силу, текущую под вашими пальцами. В вашем сознании мелькает образ... Замысловатый круг, наполненный звездами. На вершине него собираются провидцы.)»"
"""(As you touch the rune, you can sense the depth of its magic. It's a little overwhelming. An image flashes through your mind... Grand temples and abbeys surround you. You suddenly feel a longing sadness.)""","«(Когда вы прикасаетесь к руне, вы можете ощутить глубину её магии. Это немного ошеломляет. В вашем сознании мелькает образ... Вас окружают величественные храмы и аббатства. Вы внезапно чувствуете тоску и печаль.)»"
"""(As you touch the rune, you think you hear a voice—you can't make out anything it's saying or what it is, but it feels angry. An image flashes through your mind... A graven image of a seer, standing guard.)""","«(Когда вы прикасаетесь к руне, вам кажется, что вы слышите голос — вы не можете разобрать, что он говорит или что это такое, но он чувствует гнев. В вашем сознании мелькает образ… Высеченный образ провидца, стоящего на страже.)»"
"""(Daily) Gnashbash """"Birthday"""" Celebration: Dance""",«(Ежедневно) Гнашбаш «День рождения» «Праздник: Танец»
"""(Elementalist) A spicy raptor wing, you say? (Coat your tongue with ice.)""","«(Элементалист) Ты говоришь, острое крыло раптора? (Покрой язык льдом.)»"
"""(Groaning gears, was that a joke?) Ahem... How exciting! Well, I'm sure our fans will be eager to see how you fare against the competition.""","«(Стон шестерен, это была шутка?) Кхм... Как здорово! Что ж, я уверен, что нашим фанатам будет интересно увидеть, как вы справитесь с конкурентами»."
"""(I knew I should have had Finnur handle this track...) Aaannnd that's all we have time for, folks. Now, to the race footage!""","«(Я знал, что мне следовало поручить Финнуру вести эту трассу…) Иа-а-а-а, это все, на что у нас есть время, ребята. Теперь перейдём к съемкам гонок!»"
"""(Inside is a Mr. Quiggles, slightly worn from being held often.)""","«(Внутри находится мистер Квигглс, слегка потертый от частого ношения на руках.)»"
"""(It's purely visual, but that's definitely fewer distractions.)""","«(Это чисто визуально, но это определенно меньше отвлекающих факторов.)»"
"""(Jahrlich) April, April!""","«(Ярлих) Апрель, апрель!»"
"""(Judging by the nearby corpses, it appears that the Inquest stole this crate from the Priory, then met their end when they tried to touch the objects within.)""","«(Судя по трупам поблизости, похоже, что Следователи украли этот ящик из Приората, а затем встретили свой конец, когда попытались прикоснуться к предметам внутри.)»"
"""(Magic hums across the surface of the door, sealing it tightly. It is unclear if it's meant to keep intruders from entering or keep something within from escaping.)""","«(Магия гудит по поверхности двери, плотно её запечатывая. Непонятно, предназначено ли это для того, чтобы не дать злоумышленникам войти или не дать чему-то внутри ускользнуть.)»"
"""(Sadly, the text on this ancient tome is so faded it's illegible, far overdue to be removed from circulation. A shame, considering the intriguing nature of the premise...)""","«(К сожалению, текст на этом древнем фолианте настолько выцвел, что стал неразборчивым, и его уже давно пора удалить из обращения. Жаль, учитывая интригующую природу предпосылки...)»"
"""(The book inside is labeled """"Ingredients for Preparation"""" and is a hefty tome with pages visibly worn at the edges. It is unclear if it's a book of recipes or components for rituals.)""","«(Книга внутри называется «Ингредиенты для приготовления» и представляет собой увесистый фолиант со страницами, заметно потертыми по краям. Неясно, книга ли это рецептов или компонентов для ритуалов.)»"
"""(The crystal slots into the mechanism with a soft click, and buttons on the surface begin to glow. The center button pulses intermittently, as if waiting for input.)""","«(Кристалл с тихим щелчком вставляется в механизм, и кнопки на поверхности начинают светиться. Центральная кнопка периодически пульсирует, как будто ожидая ввода.)»"
"""(The eggs within are unlike any you've seen elsewhere, including here on Castora. They seem perfectly preserved, but someone kept them locked away for a reason, and you're left to wonder if it might be better that way.)""","«(Яйца внутри не похожи ни на одно из тех, что вы видели где-либо ещё, в том числе и здесь, на Касторе. Кажется, они прекрасно сохранились, но кто-то по какой-то причине держал их запертыми, и вам остается только гадать, может ли так быть лучше.)»"
"""(The statue is labeled """"The Balance of Souls,"""" and each of the four hands holds an object of symbolic significance. Unfortunately, the pattern isn't immediately clear.)""","«(На статуе написано «Баланс душ», и в каждой из четырех рук находится предмет символического значения. К сожалению, схема не сразу ясна.)»"
"""(The statue is unmoved by your speculation. Whatever mysteries it holds, it's not giving them up.)""","«(Статую не трогают ваши размышления. Какие бы тайны она ни хранила, она их не выдает.)»"
"""(The statue stares up at you defiantly, despite being mostly buried. The face is carved indistinctly enough that you suspect this statue represented a concept, not a specific seer.)""","«(Статуя вызывающе смотрит на вас, несмотря на то, что она почти полностью похоронена. Лицо вырезано настолько нечетко, что вы подозреваете, что эта статуя представляет собой концепцию, а не конкретного провидца.)»"
"""(The tablet is worn and barely legible. An intricate carving of the seneschal's shackles border the edges. You can identify one name, although it looks like someone attempted to scratch it off. """"Gardesano, the First Artificer."""")""","""(Табличка потерта и едва читаема. По краям находится замысловатая резьба кандалов сенешаля. Вы можете идентифицировать одно имя, хотя похоже, что кто-то пытался его стереть. """"Гардезано, Первый Ремесленник."""")"""
"""(There are a lot of Inquest missives inside, including several that suggest the execution of members that had been captured by the alliance and released, on the assumption that they talked.)""","«(Внутри есть много посланий дознания, в том числе несколько, в которых предполагается казнь членов, которые были захвачены альянсом и освобождены, при условии, что они разговаривали.)»"
"""(These seem to be an early version of bloodstone. They appear to be highly unstable, and some are still noticeably pulsing with magic.)""","«(Похоже, это ранняя версия кровавого камня. Они кажутся очень нестабильными, а некоторые все ещё заметно пульсируют магией.)»"
"""(This enchanted seer weapon lies on the ground, unmoving but still faintly glowing with magic.)""","«(Это зачарованное оружие провидца лежит на земле, неподвижно, но все ещё слабо светится магией.)»"
"""(This open socket appears to feed power into the nearby tethering mechanism. The grooves on the inside of the socket look unique, as though it requires a specific shape.)""","«(Похоже, что это открытое гнездо подает энергию в ближайший привязной механизм. Канавки на внутренней стороне гнезда выглядят уникальными, как будто для него требуется определенная форма.)»"
"""(This piece of inert shadowstone is chipped, its edges sharp and jagged like glass.)""","«(Этот кусок инертного теневого камня раскололся, его края острые и зазубренные, как стекло.)»"
"""(This terminal appears to be connected to the nearby gate. There is a socket where a crystal would seem to fit in the center of the mechanism, but it is currently missing.)""","«(Похоже, этот терминал подключен к ближайшим воротам. В центре механизма есть гнездо, в которое, кажется, вписывается кристалл, но в настоящее время оно отсутствует.)»"
"""(We are aware of the irony, although they may not be.)""","«(Мы осознаем эту иронию, хотя, возможно, это и не так.)»"
"""(breathes deep) Ahhh, better!""","«(глубоко дышит) А-а-а, лучше!»"
"""(cheer) Yeah, that's it!""","«(аплодисменты) Да, вот и все!»"
"""(chuckle) Either way, I think the relationship between probes and wurms is worthy of further investigation.""","«(смеется) В любом случае, я думаю, что связь между зондами и червями заслуживает дальнейшего исследования»."
"""(chuckle) I scratch you, you scratch me, right?""","«(смех) Я царапаю тебя, ты царапаешь меня, да?»"
"""(chuckle) No child, I'm not that old.""","«(смех) Нет, дитя, я не такой уж старый»."
"""(cough) This swamp, it wilts the spirit. I need some fresh water but I can't leave my post.""","«(кашель) Это болото утомляет дух. Мне нужна пресная вода, но я не могу покинуть свой пост»."
"""(cough) We were able to get to the heart of the tower, but Scarlet's forces were too powerful. All we could do to survive was run. Scholar Delaqua has the injector now.""","«(кашель) Мы смогли добраться до сердца башни, но силы Скарлет были слишком сильны. Все, что мы могли сделать, чтобы выжить, это бежать. Инжектор теперь у ученого Делакуа»."
"""(deep breath) Yes, IGO.""","«(глубокий вдох) Да, IGO»."
"""(gasp) Okay, okay! I'll do my chores!""","«(вздох) Ладно, ладно! Я сделаю свои дела!»"
"""(gasp) Sweet, sweet loot.""","«(вздох) Сладкая, сладкая добыча»."
"""(groan) All this ale, I think I'm going to be sick.""","«(стон) От ??всего этого пива, мне кажется, меня стошнит»."
"""(groan) Great, I get to swim back across the bay to that creepy beach again.""","«(стон) Отлично, я снова смогу переплыть залив на тот жуткий пляж»."
"""(groan) No, no, no. All this is going to have to be replaced.""","«(стон) Нет, нет, нет. Все это придётся заменить»."
"""(groans in pain, murmurs)""","«(стонет от боли, бормочет)»"
"""(growl of rage) Now, I'm really mad!""",«(рычание ярости) Теперь я действительно злюсь!»
"""(grunt) I feel better, yes. Thank you.""","«(ворчание) Да, я чувствую себя лучше. Спасибо»."
"""(guitar twangs) Bear, Wolf, Raven, Snow Leopard. (guitar twangs)""","«(гитарные звуки) Медведь, Волк, Ворон, Snow Leopard. (гитарные звуки)»"
"""(hum) dCaptain Slade, la de da, gun and a blade, ha de ha...d""","«(хм) Капитан Слэйд, ла-де-да, пистолет и клинок, ха-де-ха...»"
"""(laugh) And I'll crow about your visit for even more years. Safe journey, friend.""","«(смех) И я буду кричать о твоем визите ещё много лет. Счастливого пути, друг»."
"""(laugh) Another great match! Next up, Dirty Piete the Pirate.""","«(смех) Ещё один отличный матч! Далее, Грязный Пират Пите»."
"""(laugh) I definitely will! We'll have a good chuckle about it. Safe journeys, Valiant.""","«(смех) Я обязательно это сделаю! Мы хорошенько посмеяемся над этим. Приятного путешествия, Валиант»."
"""(laugh) I have to stay and look after the lodge, but I bet Aldis and Kalle will show you where to find some prey.""","«(смех) Мне придётся остаться и присмотреть за домиком, но держу пари, что Алдис и Калле покажут тебе, где найти добычу»."
"""(laugh) Mine, all mine!""","«(смех) Моё, всё моё!»"
"""(laugh) Okay, you got me.""","«(смех) Хорошо, ты меня понял»."
"""(laugh) That may be true, but it's not the right answer. Give it another try.""","«(смех) Возможно, это и правда, но это неправильный ответ. Попробуйте ещё раз»."
"""(laugh) You attempt to retake Tarir. How cute. Outnumbered and outmatched, you will all die horribly!""","«(смех) Вы пытаетесь вернуть Тарир. Как мило. Превзойденные численностью и превосходящие силы, вы все умрете ужасной смертью!»"
"""(laugh) You're going to be just fine, kiddo.""","«(смех) С тобой все будет хорошо, малыш»."
"""(laugh) You're kidding me, right?""","«(смех) Ты шутишь, да?»"
"""(laugh) You're kidding, right? Look at you. I'm surprised you can even lift that mace.""","«(смех) Ты шутишь, да? Посмотри на себя. Я удивлен, что ты вообще можешь поднять эту булаву»."
"""(laugh) You're kidding, right?""","«(смех) Ты шутишь, да?»"
"""(scoffs) When was the last time you bathed, good man? You smell like a filthy pirate!""","""(насмехается) Когда ты в последний раз мылся, добрый человек? От тебя пахнет грязным пиратом!"""
"""(scream) Dwayna, help me!""","«(крик) Двейна, помоги мне!»"
"""(sigh) Another day, another battle to fight.""","«(вздох) Ещё один день, ещё одна битва»."
"""(sigh) At this rate, the food won't last much longer.""",«(вздох) При таких темпах еды долго не хватит».
"""(sigh) Come back to the office, and we'll look over the manifests, see what's possible.""","«(вздох) Возвращайся в офис, и мы просмотрим манифесты, посмотрим, что возможно»."
"""(sigh) Fine. I'll make sure to record your intended destinations, so we can notify your next of kin.""","«(вздох) Хорошо. Я обязательно запишу ваши предполагаемые пункты назначения, чтобы мы могли уведомить ваших ближайших родственников»."
"""(sigh) I was so close, too...""","""(вздох) Я тоже был так близок..."""
"""(sigh) I'll write your naivete off to awe. Yes, it's calibrated to cancel and consume the magical energies that allow the spectral weapons to animate. It's a remarkable discovery, if I do say so myself.""","«(вздох) Я спишу вашу наивность на благоговение. Да, он настроен на отмену и поглощение магической энергии, которая позволяет спектральному оружию оживляться. Это замечательное открытие, если я сам так говорю»."
"""(sigh) I'm not supposed to talk about it. Forget I said anything. Focus on the bandits and try not to get yourself, or anyone else, killed.""","«(вздох) Я не должен об этом говорить. Забудьте, что я сказал. Сосредоточьтесь на бандитах и ??постарайтесь не допустить гибели себя или кого-либо ещё»."
"""(sigh) Kormir, grant me patience.""","«(вздох) Кормир, дай мне терпения»."
"""(sigh) Take a key card, find a turret, place your key card ON the turret, and then observe. We've engineered our turrets to transform flowers into imitation oozenarius iccthisius.""","«(вздох) Возьмите ключ-карту, найдите турель, поместите ключ-карту НА турель, а затем наблюдайте. Мы спроектировали наши турели, чтобы превращать цветы в имитацию oozenarius iccthisius»."
"""(sighs) And if you'd help that kid with that sandcastle, my ears would appreciate it.""","«(вздыхает) И если бы ты помог этому парню с замком из песка, мои уши были бы признательны»."
"""(sighs) Soon, my king.""","«(Вздыхает) Скоро, мой король»."
"""(singing) Tee tum, tee tum, tee tum.""","«(поёт) Ти-тум, ти-тум, ти-тум»."
"""(sniff) Smell that? Something's not right. That's sulfur, and that means Flame Legion.""","«(нюхает) Чувствуете этот запах? Что-то не так. Это сера, а это означает Flame Legion»."
"""(snort) That's— Hmm, that would explain a lot.""","«(фыркает) Это… Хм, это многое объясняет»."
"""(sputter) Oh, come on. Really...?""","""(бормотание) О, да ладно. Правда?.."""
"""(static) feeling okay? Wait, why are you- (static)""","«(помехи) чувствуешь себя хорошо? Подожди, почему ты- (помехи)»"
"""(whistle) Just look at that specimen... Well, better kill it and take samples.""","«(свист) Просто посмотрите на этот экземпляр... Что ж, лучше убейте его и возьмите образцы»."
"""(whistles) The power. The accuracy! That arm of yours is something. Real coconut cannon you got there. Thanks, pal!""","""(свистит) Мощь. Точность! Твоя рука - это что-то. У тебя там настоящая кокосовая пушка. Спасибо, приятель!"""
"""*""""As a child, I'd heard my parents weave stories of their home, Istan. Early on, I suspected 'Bryn might be a djinn. No one in the Collective has ever seen him outside his projected form, and it's become sort of an in-joke for new recruits to speculate wildly. It IS a handsome projection, and yes, I'd asked, and no, he was flattered but uninterested. His loss.""""* —Journal of Fourth Veil, Nemah""","""*""""В детстве я слышал, как мои родители сплетали истории об их доме, Истане. Вначале я подозревал, что Брин может быть джинном. Никто в Коллективе никогда не видел его вне его предполагаемой формы, и для новобранцев бурные предположения стали своего рода шуткой. Это красивая проекция, и да, я спрашивал, и нет, он был польщен, но не заинтересован. Его потеря.""* — Четвертый Журнал. Вуаль, Нема»"
"""*""""We're exhausted. Spirits are low. No time to mourn after Kelsi and Torrin covered our escape. Our guides have done what they can to console us, but it's little comfort. I got a fire going, somehow. Never expected any of Cuyler's survival lessons to stick. Cendin would've conjured flames with magic just to show off. I miss them so much.""""* —Journal of Third Veil, Velise""","""*""""Мы измотаны. Настроение плохое. Нет времени скорбеть после того, как Келси и Торрин прикрыли наш побег. Наши проводники сделали все, что могли, чтобы утешить нас, но это мало утешает. Каким-то образом я разжег огонь. Никогда не ожидал, что какой-либо из уроков Кайлера по выживанию приживется. Сендин бы вызвал пламя с помощью магии, просто чтобы похвастаться. Я так по ним скучаю.""""* — Журнал Третьей Завесы, Велиза"""
"""*As I begin penning this chronicle from this cozy nook in the Muse, I cannot help but marvel at what this small organization has accomplished over the past two centuries. From aiding a burgeoning Shining Blade to the Chronoflux Anomaly, the Collective has seen and solved its fair share of mysteries since its founding in 1070 AE. Our Fifth Veil has been rather patient with my questions, though not the most forthcoming when it comes to personal questions. As he puts it, """"some mysteries are meant to remain as such.""""* —Foreword by the author, Third Veil, J. Whelark""","«*Когда я начинаю писать эту хронику из этого уютного уголка Музы, я не могу не восхищаться тем, чего достигла эта маленькая организация за последние два столетия. От помощи растущему Сияющему Клину до Аномалии Хронофлюкса, Коллектив увидел и разгадал свою долю загадок с момента своего основания в 1070 ПИ. Наша Пятая Завеса была довольно терпелива с моими вопросами, хотя и не была самой откровенной, когда дело касалось личных вопросов. говорит: «Некоторые тайны должны оставаться таковыми». * — Предисловие автора книги «Третья завеса», Дж. Веларк»"
"""*The pages before you swirl with dark magic. It makes your head hurt, but you are not swayed.*""","«*Страницы перед тобой окутываются тёмной магией. Голова болит, но ты не колеблешься.*»"
"""+30%% Stun Duration, +3%% Damage against Stunned Foes""","«30%% длительности оглушения, 3%% урона оглушенным противникам»"
"""+50%% damage, 15%% chance to break. Can disorient targets.""","«50%% урона, 15%% шанс сломаться. Может дезориентировать цель»."
""", Costs""",""", Затраты"""
""", and one day, my adoring fans will say that I have surpassed even my first advisor, Councillor Canni.""","«И однажды мои обожающие поклонники скажут, что я превзошёл даже своего первого советника, советника Канни»."
""", and one day, my adoring fans will say that I have surpassed even my first advisor, Master Blipp.""","«И однажды мои обожающие поклонники скажут, что я превзошёл даже своего первого советника, мастера Блиппа»."
""", and one day, my adoring fans will say that I have surpassed even my first advisor, Master Bronk.""","«И однажды мои обожающие поклонники скажут, что я превзошёл даже своего первого советника, мастера Бронка»."
""", and one day, my adoring fans will say that I have surpassed even my first advisor, Mistress Zinga.""","«И однажды мои обожающие поклонники скажут, что я превзошёл даже свою первую советницу, госпожу Зинга»."
"""- After 5 minutes, eliminated gamers will be placed in a golem pod.""",«- Через 5 минут выбывшие игроки будут помещены в капсулу с големами».
"""- Your gun requires ammunition, find it.""","«- К твоему ружью нужны патроны, найди его»."
"""- Your rifle is a powerful tool, it draws energy from its wielder.""","«-Ваша винтовка — мощный инструмент, она черпает энергию у своего владельца»."
"""-Defeat powerful NPC creatures to earn 25 points for your team, and to capture powerful buffs for everyone on your team.""","«-Побеждайте могущественных существ NPC, чтобы заработать 25 очков для своей команды и получить мощные усиления для всех в вашей команде»."
"""-Dodge, smash, and steal your way to victory.""","«-Уклоняйтесь, разбивайте и крадите свой путь к победе»."
"""-If you take the orb to a capture point that your team controls, you will score the full amount of points. Taking the orb to a point not controlled by your team will yield a partial amount of points.""","«-Если вы доставите шар в точку захвата, которую контролирует ваша команда, вы получите полное количество очков. Перенос шара в точку, не контролируемую вашей командой, принесет частичное количество очков»."
"""-If your trebuchet is destroyed, bring a repair kit to it to make it functional again.""","«-Если ваш требушет разрушен, принесите к нему ремонтный комплект, чтобы он снова стал работоспособным»."
"""...And Taimi said a little meditation and personal reflection would be """"healthy.""""""","«...И Тайми сказала, что небольшая медитация и личное размышление будут «полезны для здоровья»»»."
"""...And yet, they thrive with malice and a thousand lifetimes of pain.""","«...И тем не менее, они процветают со злобой и тысячью жизней боли»."
"""...From safely back behind the lines, of course. Heh. Of course.""","«...Из безопасного тыла, конечно. Хех. Конечно»."
"""...She gets 'em! Then she takes the children back to her cave, and eats them up. (gobble)""",«...Она их достает! Затем она забирает детей обратно в свою пещеру и съедает их. (сожрать)»
"""...Uh, do you have a bucket?""","«...Эм, у тебя есть ведро?»"
"""...Urban planning. As a best practice, of course. Land-leasing is our domain.""","«...Городское планирование. Конечно, как лучшая практика. Наша сфера деятельности — аренда земли»."
"""...and that one, too.""",«...и этот тоже».
"""...as we approach the battlegrounds, we've stopped conversing about anything nonessential to our survival. We're too exhausted to do anything but plod onward. It's as if the wind, sun, and weather were conspiring to slow our progress...""","«...приближаясь к полю боя, мы перестали разговаривать о чем-то несущественном для нашего выживания. Мы слишком измотаны, чтобы делать что-либо, кроме как идти вперёд. Как будто ветер, солнце и погода сговорились замедлить наше продвижение...»"
"""...declination forty-nine, point...""","""...склонение сорок девять, точка..."""
"""...power, yes, but you couldn't possibly have known it would affect the sensors, and so remarkably!""","«...мощность, да, но вы не могли знать, что она повлияет на сенсоры, и это так удивительно!»"
"""...pressure plate in the rafters that seems linked to opening this chest. Yet another pitiful attempt by the unimaginative trapmakers who rigged this cave to stop intruders, but it's no threat to me.""","«...нажимная пластина в стропилах, которая, кажется, связана с открытием этого сундука. Ещё одна жалкая попытка лишенных воображения создателей ловушек, которые устроили эту пещеру, чтобы остановить злоумышленников, но для меня это не угроза»."
"""/%str1%—Unlock with """"How to Dance: Volume 1"""" in the Gem Store.""",«/%str1% — разблокируется с помощью книги «Как танцевать: Том 1»» в магазине драгоценных камней.
"""/bless—Unlock by using the """"/bless"""" Emote Tome from the Wizard's Vault.""",«/bless — разблокируйте с помощью тома эмоций «»/bless» из Хранилища Волшебника».
"""/brandish—Unlock by using the """"/Brandish"""" Emote Tome from the Wizard's Vault.""",«/brandish» — разблокируйте с помощью тома эмоций «»/Brandish» из Хранилища Волшебника».
"""/drink—Unlock by using the """"/drink"""" Emote Tome from the Wizard's Vault.""",«/drink — разблокируйте с помощью тома эмоций «»/drink» из Хранилища Волшебника».
"""/flex—Unlock by using the """"/Flex"""" Emote Tome from the Wizard's Vault.""",«/flex» — разблокируйте с помощью тома эмоций «»/Flex» из Хранилища Волшебника.
"""07—Droknar: By Droknar's Forge, what a statue!""","«07 — Дрокнар: У кузницы Дрокнара, что за статуя!»"
"""1-2-3, die!""","«1-2-3, умри!»"
"""1. In the Mad King's Labyrinth, overhear an exchange between Mad King Thorn and a visitor.""",«1. В Лабиринте Безумного Короля подслушайте разговор между Безумным Королем Торном и посетителем».
"""10 """"And when we arrived here, you created a city worthy of Glint's pride. Your work here pleased and humbled me and the other Forgotten.""""""","""10 """"И когда мы прибыли сюда, ты создал город, достойный гордости Глинта. Твоя работа здесь порадовала и смирила меня и других Забытых."""""""
"""10 Slots. If possible, crafting materials and upgrade components will fill this bag before other empty spaces. The contents of this bag will not move when inventory is sorted.""","«10 слотов. Если возможно, материалы для крафта и компоненты для улучшения заполнят эту сумку раньше других пустых мест. Содержимое этой сумки не будет перемещаться при сортировке инвентаря»."
"""10 Slots. If possible, junk items will fill this pack before other empty spaces. The contents of this pack will not move when inventory is sorted.""","«10 слотов. Если возможно, ненужные предметы заполнят этот пакет раньше других пустых мест. Содержимое этого пакета не будет перемещаться при сортировке инвентаря»."
"""10 Slots. If possible, weapons and armor will fill this box before other empty spaces. The contents of this box will not move when inventory is sorted.""","«10 слотов. Если возможно, оружие и доспехи заполнят этот ящик раньше других пустых мест. Содержимое этого ящика не будет перемещаться при сортировке инвентаря»."
"""10. """"Not Nayos! Big tower; wizardy creatures. Saw small, fuzzy beasts. Broodling played with!""""""","""10. """"Не Найос! Большая башня; волшебные существа. Видел маленьких пушистых зверей. С выводком играл!"""""""
"""12 Colossus, 1325 AE""",«12 Колосса 1325 года ПИ»
"""12 Colossus, 1327 AE""",«12 Колосса 1327 года ПИ»
"""12 Phoenix, 1325 AE""",«12 Феникса 1325 года ПИ»
"""12 Slots. If possible, crafting materials and upgrade components will fill this bag before other empty spaces. The contents of this bag will not move when inventory is sorted.""","«12 слотов. Если возможно, материалы для крафта и компоненты улучшений заполнят эту сумку раньше других пустых мест. Содержимое этой сумки не будет перемещаться при сортировке инвентаря»."
"""12 Slots. If possible, junk items will fill this pack before other empty spaces. The contents of this pack will not move when inventory is sorted.""","«12 слотов. Если возможно, ненужные предметы заполнят этот пакет раньше других пустых мест. Содержимое этого пакета не будет перемещаться при сортировке инвентаря»."
"""12 Slots. If possible, weapons and armor will fill this box before other empty spaces. The contents of this box will not move when inventory is sorted.""","«12 слотов. Если возможно, оружие и доспехи заполнят этот ящик раньше других пустых мест. Содержимое этого ящика не будет перемещаться при сортировке инвентаря»."
"""12. """"Far away. High, high above ground. Grassy. Hard to see—obscure! Ate 'barries,' looked sick!""""""","""12. """"Далеко. Высоко-высоко над землей. Травянистый. Трудно увидеть - неясный! Съел ""барри"", выглядел больным!"""""""
"""13 Zephyr, 1329 AE""",«13 Зефира 1329 года ПИ»
"""13. Find the correct plant at the Bastion of the Natural, and return to help cure Chloris's stomachache.""","«13. Найдите нужное растение в Бастионе Природности и возвращайтесь, чтобы помочь Хлорис вылечить боль в животе»."
"""14 Phoenix, 1325 AE""",«14 Феникса 1325 года ПИ»
"""14 Zephyr, 1329 AE""",«14 Зефира 1329 года ПИ»
"""14. """"Fell into rift—lots of nature, then POOF! Grew springy legs! Furry ears? Seemed confused. Ward saw from above plant house by small tower. Ask ward!""","«14». «Попал в разлом — много природы, а потом ПУФ! Вырастили пружинистые ноги! Мохнатые уши? Казалось, он растерялся. Уорд увидел сверху домик для растений возле небольшой башни. Спросите Уорда!»"
"""15 """"The legacy's most essential elements will seed the new dawn of civilization. This is the precious treasure we leave in your hands. You must preserve it with no expectation of laurels.""""""","""15 """"Самые важные элементы наследия станут семенами нового рассвета цивилизации. Это драгоценное сокровище, которое мы оставляем в ваших руках. Вы должны сохранить его, не ожидая лавров."""""""
"""15 Slots. If possible, crafting materials and upgrade components will fill this bag before other empty spaces. The contents of this bag will not move when inventory is sorted.""","«15 слотов. Если возможно, материалы для крафта и компоненты улучшений заполнят эту сумку раньше других пустых мест. Содержимое этой сумки не будет перемещаться при сортировке инвентаря»."
"""15 Slots. If possible, junk items will fill this pack before other empty spaces. The contents of this pack will not move when inventory is sorted.""","«15 слотов. Если возможно, ненужные предметы заполнят этот пакет раньше других пустых мест. Содержимое этого пакета не будет перемещаться при сортировке инвентаря»."
"""15 Slots. If possible, weapons and armor will fill this box before other empty spaces. The contents of this box will not move when inventory is sorted.""","«15 слотов. Если возможно, оружие и доспехи заполнят этот ящик раньше других пустых мест. Содержимое этого ящика не будет перемещаться при сортировке инвентаря»."
"""15. After speaking to the ward member, find the broodling in a forested area at the Bastion of the Natural and remind them who they are.""","«15. Поговорив с членом прихода, найдите выводка в лесной зоне Бастиона Природности и напомните ему, кто они»."
"""15. The Cycle, Reborn""","«15. Цикл, возрождение»"
"""16 Phoenix, 1325 AE""",«16 Феникса 1325 года ПИ»
"""17 Zephyr, 1329 AE""",«17 Зефира 1329 года ПИ»
"""17 units long, 25 units wide.""","«17 единиц в длину, 25 единиц в ширину»."
"""18 Slots. If possible, consumable items will fill this pack before other empty spaces. The contents of this pack will not move when inventory is sorted.""","«18 слотов. Если возможно, расходные материалы заполнят этот пакет раньше других пустых мест. Содержимое этого пакета не будет перемещаться при сортировке инвентаря»."
"""18 Slots. If possible, crafting materials and upgrade components will fill this bag before other empty spaces. The contents of this bag will not move when inventory is sorted.""","«18 слотов. Если возможно, материалы для крафта и компоненты для улучшения заполнят эту сумку раньше других пустых мест. Содержимое этой сумки не будет перемещаться при сортировке инвентаря»."
"""18 Slots. If possible, junk items will fill this box before other empty spaces. The contents of this box will not move when inventory is sorted.""","«18 слотов. Если возможно, ненужные предметы заполнят этот ящик раньше других пустых мест. Содержимое этого ящика не будет перемещаться при сортировке инвентаря»."
"""18 Slots. If possible, junk items will fill this pack before other empty spaces. The contents of this pack will not move when inventory is sorted.""","«18 слотов. Если возможно, ненужные предметы заполнят этот пакет раньше других пустых мест. Содержимое этого пакета не будет перемещаться при сортировке инвентаря»."
"""18 Slots. If possible, weapons and armor will fill this box before other empty spaces. The contents of this box will not move when inventory is sorted.""","«18 слотов. Если возможно, оружие и доспехи заполнят этот ящик раньше других пустых мест. Содержимое этого ящика не будет перемещаться при сортировке инвентаря»."
"""2 """"The Elder Dragons rise again, and you are called by Glaust to ensure the survival of Tyria. We are entrusting our aspirations for the future with you, the Exalted, our most loyal defenders.""""""","""2 """"Старшие Драконы восстают снова, и Глауст призывает вас, чтобы обеспечить выживание Тирии. Мы вверяем наши стремления к будущему вам, Возвышенным, нашим самым верным защитникам."""""""
"""2 Phoenix, 1328 AE""",«2 Феникса 1328 года ПИ»
"""2 Scion, 1325 AE""",«2 Отпрыска 1325 года ПИ»
"""2 Zephyr, 1329 AE""",«2 Зефира 1329 года ПИ»
"""2. """"Close to coliseum, near house! Part collapsed, trapped under rocks!""""""","""2. """"Рядом с Колизеем, возле дома! Часть рухнула, застряв под камнями!"""""""
"""2. Attempt to climb the Stopped Clock Tower. It should be safe to give it a solid try, right?""","«2. Попытайтесь подняться на Остановленную башню с часами. Это должно быть безопасно, верно?»"
"""20 Slot. If possible, weapons and armor of exotic rarity will fill this box before other empty spaces.""","«20-й слот. Если возможно, оружие и броня экзотической редкости заполнят этот ящик раньше других пустых мест»."
"""20 Slot. If possible, weapons and armor of rare rarity will fill this box before other empty spaces.""","«20-й слот. Если возможно, оружие и броня редкой редкости заполнят этот ящик раньше других пустых мест»."
"""20 Slot. If possible, weapons and armor of uncommon rarity will fill this box before other empty spaces.""","«20-й слот. Если возможно, оружие и броня необычной редкости заполнят этот ящик раньше других пустых мест»."
"""20 Slots. If possible, consumable items will fill this pack before other empty spaces. The contents of this pack will not move when inventory is sorted.""","«20 слотов. Если возможно, расходные материалы заполнят этот пакет раньше других пустых мест. Содержимое этого пакета не будет перемещаться при сортировке инвентаря»."
"""20 Slots. If possible, crafting materials and upgrade components will fill this bag before other empty spaces. The contents of this bag will not move when inventory is sorted.""","«20 слотов. Если возможно, материалы для крафта и компоненты улучшения заполнят эту сумку раньше других пустых мест. Содержимое этой сумки не будет перемещаться при сортировке инвентаря»."
"""20 Slots. If possible, crafting materials and upgrade components will fill this box before other empty spaces. The contents of this box will not move when inventory is sorted.""","«20 слотов. Если возможно, материалы для крафта и компоненты улучшения заполнят эту коробку раньше других пустых мест. Содержимое этой коробки не будет перемещаться при сортировке инвентаря»."
"""20 Slots. If possible, crafting materials and upgrade components will fill this pack before other empty spaces. The contents of this pack will not move when inventory is sorted.""","«20 слотов. Если возможно, материалы для крафта и компоненты улучшения заполнят этот пакет раньше других пустых мест. Содержимое этого пакета не будет перемещаться при сортировке инвентаря»."
"""20 Slots. If possible, junk items will fill this bag before other empty spaces. The contents of this bag will not move when inventory is sorted.""","«20 слотов. Если возможно, мусорные предметы заполнят эту сумку раньше других пустых мест. Содержимое этой сумки не будет перемещаться при сортировке инвентаря»."
"""20 Slots. If possible, junk items will fill this box before other empty spaces. The contents of this box will not move when inventory is sorted.""","«20 слотов. Если возможно, ненужные предметы заполнят этот ящик раньше других пустых мест. Содержимое этого ящика не будет перемещаться при сортировке инвентаря»."
"""20 Slots. If possible, junk items will fill this pack before other empty spaces. The contents of this pack will not move when inventory is sorted.""","«20 слотов. Если возможно, ненужные предметы заполнят этот пакет раньше других пустых мест. Содержимое этого пакета не будет перемещаться при сортировке инвентаря»."
"""20 Slots. If possible, weapons and armor will fill this bag before other empty spaces. The contents of this bag will not move when inventory is sorted.""","«20 слотов. Если возможно, оружие и броня заполнят эту сумку раньше других пустых мест. Содержимое этой сумки не будет перемещаться при сортировке инвентаря»."
"""20 Slots. If possible, weapons and armor will fill this box before other empty spaces. The contents of this box will not move when inventory is sorted.""","«20 слотов. Если возможно, оружие и доспехи заполнят этот ящик раньше других пустых мест. Содержимое этого ящика не будет перемещаться при сортировке инвентаря»."
"""20 Slots. If possible, weapons and armor will fill this pack before other empty spaces. The contents of this pack will not move when inventory is sorted.""","«20 слотов. Если возможно, оружие и броня заполнят этот пакет раньше других пустых мест. Содержимое этого пакета не будет перемещаться при сортировке инвентаря»."
"""20 slots. If possible, containers and consumable items will fill this box before other empty spaces. The contents of this box will not move when inventory is sorted.""","«20 слотов. Если возможно, контейнеры и расходные материалы заполнят этот ящик раньше других пустых мест. Содержимое этого ящика не будет перемещаться при сортировке инвентаря»."
"""20 slots. If possible, weapons and armor will fill this box before other empty spaces. The contents of this box will not move when inventory is sorted. Items in this box will never appear in a sell-to-vendor list and will not move when inventory is sorted.""","«20 слотов. Если возможно, оружие и броня заполнят этот ящик раньше других пустых мест. Содержимое этого ящика не будет перемещаться при сортировке инвентаря. Предметы в этом ящике никогда не появятся в списке продаж продавцам и не будут перемещаться при сортировке инвентаря»."
"""20%% (total) damage to guards, lords, and supervisors. Gain 50%% of your endurance back after killing guards, lords, and supervisors.""","«20%% (общий) урон стражникам, лордам и надзирателям. Получите обратно 50%% своей выносливости после убийства стражников, лордов и надзирателей»."
"""20%% reduced damage (total) from guards, lords, and supervisors. Gain resolution for 10 seconds when you take damage from guards, lords, or supervisors. This effect triggers once every 20 seconds.""","«На 20%% уменьшен урон (общий) от стражей, лордов и надзирателей. Получите разрешение на 10 секунд, когда вы получаете урон от стражников, лордов или надзирателей. Этот эффект срабатывает раз в 20 секунд»."
"""22—Garenhoff: Likes being on something near the water, if there was water.""","«22 — Гаренхофф: Любит находиться на чем-нибудь возле воды, если там есть вода»."
"""24 Phoenix, 1325 AE""",«24 Феникса 1325 года ПИ»
"""24 Scion, 1326 AE""",«24 Отпрыска 1326 года ПИ»
"""24 slots. If possible, containers and consumable items will fill this box before other empty spaces. The contents of this box will not move when inventory is sorted.""","«24 слота. Если возможно, контейнеры и расходные материалы заполнят этот ящик раньше других пустых мест. Содержимое этого ящика не будет перемещаться при сортировке инвентаря»."
"""24 slots. If possible, crafting materials and upgrade components will fill this box before other empty spaces. The contents of this box will not move when inventory is sorted.""","«24 слота. Если возможно, материалы для крафта и компоненты улучшения заполнят эту коробку раньше других пустых мест. Содержимое этой коробки не будет перемещаться при сортировке инвентаря»."
"""24 slots. If possible, junk items will fill this box first before other empty slots. The contents of this box will not move when inventory is sorted.""","«24 слота. Если возможно, ненужные предметы заполнят этот ящик первым перед другими пустыми слотами. Содержимое этого ящика не будет перемещаться при сортировке инвентаря»."
"""24 slots. If possible, weapons and armor will fill this box before other empty spaces. The contents of this box will not move when inventory is sorted.""","«24 слота. Если возможно, оружие и доспехи заполнят этот ящик раньше других пустых мест. Содержимое этого ящика не будет перемещаться при сортировке инвентаря»."
"""25 Phoenix, 1325 AE""",«25 Феникса 1325 года ПИ»
"""26 Phoenix, 1325 AE""",«26 Феникса 1325 года ПИ»
"""27 Phoenix, 1326 AE""",«27 Феникса 1326 года ПИ»
"""28 slots. If possible, containers and consumable items will fill this box before other empty spaces. The contents of this box will not move when inventory is sorted.""","«28 слотов. Если возможно, контейнеры и расходные материалы заполнят этот ящик раньше других пустых мест. Содержимое этого ящика не будет перемещаться при сортировке инвентаря»."
"""28 slots. If possible, crafting materials and upgrade components will fill this box before other empty spaces. The contents of this box will not move when inventory is sorted.""","«28 слотов. Если возможно, материалы для крафта и компоненты улучшения заполнят эту коробку раньше других пустых мест. Содержимое этой коробки не будет перемещаться при сортировке инвентаря»."
"""28 slots. If possible, junk items will fill this box first before other empty slots. The contents of this box will not move when inventory is sorted.""","«28 слотов. Если возможно, мусорные предметы заполнят этот ящик первым, а затем другие пустые слоты. Содержимое этого ящика не будет перемещаться при сортировке инвентаря»."
"""28 slots. If possible, weapons and armor will fill this box before other empty spaces. The contents of this box will not move when inventory is sorted.""","«28 слотов. Если возможно, оружие и броня заполнят этот ящик раньше других пустых мест. Содержимое этого ящика не будет перемещаться при сортировке инвентаря»."
"""3. Eyes, Ears, and Arms""","«3. Глаза, уши и руки»"
"""3. Find the Kryptis with explosives in the Isolated Grasslands, and use them to free Petros.""","«3. Найдите криптисы со взрывчаткой на изолированных лугах и используйте их, чтобы освободить Петроса»."
"""3. The Dragon's Reach, Part 1""","«3. Досягаемость Дракона, часть 1»"
"""31 Zephyr, 1328 AE""",«31 Зефира 1328 года ПИ»
"""32 slots. If possible, containers and consumable items will fill this box before other empty spaces. The contents of this box will not move when inventory is sorted.""","«32 слота. Если возможно, контейнеры и расходные материалы заполнят этот ящик раньше других пустых мест. Содержимое этого ящика не будет перемещаться при сортировке инвентаря»."
"""32 slots. If possible, crafting materials and upgrade components will fill this box before other empty spaces. The contents of this box will not move when inventory is sorted.""","«32 слота. Если возможно, материалы для крафта и компоненты улучшения заполнят эту коробку раньше других пустых мест. Содержимое этой коробки не будет перемещаться при сортировке инвентаря»."
"""32 slots. If possible, junk items will fill this box first before other empty slots. The contents of this box will not move when inventory is sorted.""","«32 слота. Если возможно, мусорные предметы будут заполнять этот ящик первым, а затем другие пустые слоты. Содержимое этого ящика не будет перемещаться при сортировке инвентаря»."
"""32 slots. If possible, weapons and armor will fill this box before other empty spaces. The contents of this box will not move when inventory is sorted.""","«32 слота. Если возможно, оружие и доспехи заполнят этот ящик раньше других пустых мест. Содержимое этого ящика не будет перемещаться при сортировке инвентаря»."
"""32 units long, 56 units wide.""","«Длина 32 единицы, ширина 56 единиц»."
"""34 units long, 50 units wide.""","«34 единицы в длину, 50 единиц в ширину»."
"""3d. """"Serve"""" one last drink to the contact.""",«3 пеня. «Подать» последний напиток контактному лицу».
"""4. """"Near north extractor, saw creek. Rockslide. Trapped!""","""4. """"Рядом с северным экстрактором, ручей Со. Оползень. В ловушке!"""
"""4. The Dragon's Reach, Part 2""","«4. Досягаемость Дракона, часть 2»"
"""40 Scion, 1325 AE""",«40 Отпрыска 1325 года ПИ»
"""42 Phoenix, 1325 AE""",«42 Феникса 1325 года ПИ»
"""42 units long, 66 units wide.""","«42 единицы в длину, 66 единиц в ширину»."
"""45 Phoenix, 1327 AE""",«45 Феникса 1327 года ПИ»
"""48 Phoenix, 1327 AE""",«48 Феникса 1327 года ПИ»
"""4–6 Motivation: Applies more stacks of might. Additionally, applies fury.""",«4–6 Мотивация: применяет больше стаков мощи. Дополнительно применяет ярость».
"""5 Scion, 1325 AE""",«5 Отпрыска 1325 года ПИ»
"""5. Find the Kryptis with explosives in the Isolated Grasslands, and use them to free Syphus.""","«5. Найдите криптисы со взрывчаткой на изолированных лугах и используйте их, чтобы освободить Сифа»."
"""52 Phoenix, 1327 AE""",«52 Феникса 1327 года ПИ»
"""5a. Leave gold at Harvey's resting place, nestled among endless shipwrecks.""","«5а. Оставь золото на месте упокоения Харви, среди бесконечных кораблекрушений»."
"""5d. Play Liz's song near where she was last seen, in the south over jetsam on a riddled path.""","«5д. Включи песню Лиз рядом с тем местом, где её видели в последний раз, на юге, над Джетсамом, на изрешеченной тропе»."
"""5e. Pick a bouquet for Robert and leave it by his grave in the west, where streams cascade into a pond.""","«5е. Собери букет для Роберта и оставь его у его могилы на западе, где ручьи ниспадают в пруд»."
"""5f. Place a stone on Pine's resting place in the waters of the north sea, cradled behind an island.""","«5f. Положите камень на место упокоения Пайна в водах Северного моря, расположенное за островом»."
"""5—Seething Embrace: Go south, and watch your step.""",«5 — Seething Embrace: идите на юг и будьте осторожны».
"""6 """"We do not have the divine resources needed to imbue a new Bloodstone with enough magic to prevent Tyria from declining into a state of primitive adversity.""""""","""6 """"У нас нет божественных ресурсов, необходимых для того, чтобы наполнить новый Кровавый камень достаточным количеством магии, чтобы предотвратить скатывание Тирии в состояние первобытного бедствия."""""""
"""6 hours, 56 minutes""",«6 часов 56 минут»
"""6. """"Pulled through rift, far away. Sand, fire...windmill! On floating rock!""""""","""6. """"Вытащили через разлом, далеко. Песок, огонь... ветряная мельница! На летающем камне!"""""""
"""6. Seek out the wayward wisp. Whenever you're close, use your warclaw's sniff to reveal the wisp.""","«6. Найдите своенравный огонек. Всякий раз, когда вы будете рядом, используйте обнюхивание своего боевого когтя, чтобы обнаружить огонек»."
"""6. Some research notes are buried between old growth in Ley-Drowned Quarry, where ley lines must be restored. Your skimmer's Aetherlocation skill may be of use.""","«6. Некоторые исследовательские записи закопаны среди старых зарослей в Затопленном силами карьере, где необходимо восстановить лей-линии. Возможно, вам пригодится умение Эфирлокации вашего скиммера»."
"""60 Phoenix, 1325 AE""",«60 Феникса 1325 года ПИ»
"""60 Zephyr, 1326 AE""",«60 Зефира 1326 года ПИ»
"""63 Scion, 1325 AE""",«63 Отпрыска 1325 года ПИ»
"""65 Scion, 1326 AE""",«65 Отпрыска 1326 года ПИ»
"""7 Scion, 1325 AE""",«7 Отпрыска 1325 года ПИ»
"""7 Scion, 1325""","«7 Отпрысков, 1325»"
"""7 hours, 12 minutes""",«7 часов 12 минут»
"""7 hours, 48 minutes""",«7 часов 48 минут»
"""7 hours, 5 minutes""",«7 часов 5 минут»
"""7. Complete the Falling Star: Crafting List achievement to gather the needed items, then speak with Morgaah Bloodseeker to craft the glove.""","«7. Завершите достижение «Falling Star: список изготовления», чтобы собрать необходимые предметы, а затем поговорите с Моргой Кровавый Искатель, чтобы изготовить перчатку»."
"""7. Find Lali's missing toy near a sand """"waterfall"""" and bring it to her.""","""7. Найди пропавшую игрушку Лали возле песчаного ""водопада"" и принеси ей."""
"""70 Phoenix, 1328 AE""",«70 Феникса 1328 года ПИ»
"""72 Phoenix, 1328 AE""",«72 Феникса 1328 года ПИ»
"""73 Phoenix, 1328 AE""",«73 Феникса 1328 года ПИ»
"""74 Zephyr, 1328 AE""",«74 Зефира 1328 года ПИ»
"""75 Zephyr, 1325 AE""",«75 Зефира 1325 года ПИ»
"""7–10 Motivation: Heals for more. Additionally, applies boons to allies.""",«Мотивация 7–10: лечит сильнее. Дополнительно накладывает дары на союзников».
"""8 Slots, Items in this box will never appear in a sell-to-vendor list and will not move when inventory is sorted.""",«8 слотов. Предметы в этом ящике никогда не появятся в списке для продажи и не будут перемещаться при сортировке инвентаря».
"""8 Slots. If possible, crafting materials and upgrade components will fill this bag before other empty spaces. The contents of this bag will not move when inventory is sorted.""","«8 слотов. Если возможно, материалы для крафта и компоненты для улучшения заполнят эту сумку раньше других пустых мест. Содержимое этой сумки не будет перемещаться при сортировке инвентаря»."
"""8 Slots. If possible, junk items will fill this pack before other empty spaces. The contents of this pack will not move when inventory is sorted.""","«8 слотов. Если возможно, ненужные предметы заполнят этот пакет раньше других пустых мест. Содержимое этого пакета не будет перемещаться при сортировке инвентаря»."
"""8 Slots. If possible, weapons and armor will fill this box before other empty spaces. The contents of this box will not move when inventory is sorted.""","«8 слотов. Если возможно, оружие и доспехи заполнят этот ящик раньше других пустых мест. Содержимое этого ящика не будет перемещаться при сортировке инвентаря»."
"""8. """"Through rift, again far away. Big leaves. Scary monsters—sharp, sharp teeth!""""""","""8. """"Через разлом, снова далеко. Большие листья. Страшные монстры - острые, острые зубы!"""""""
"""8. Shoot the crate of ancient eggs that flies above Maelstrom's Core in Mount Maelstrom with your skyscale's Fireball skill, and pick the eggs out of the magma below before they burn.""","«8. Расстреляйте ящик с древними яйцами, который пролетает над Ядром Водоворота на горе Водоворот, с помощью навыка «Огненный шар» вашей скайскейла и вытаскивайте яйца из магмы внизу, прежде чем они сгорят»."
"""8. With the Meteor-Wielder's Glove equipped, retrieve the spear.""","«8. Надев Перчатку Владыки Метеора, достаньте копьё»."
"""82 Phoenix, 1326 AE""",«82 Феникса 1326 года ПИ»
"""83 Zephyr, 1328 AE""",«83 Зефира 1328 года ПИ»
"""86 Zephyr, 1325 AE""",«86 Зефира 1325 года ПИ»
"""9. Renew the wounded coral heart by cleansing it in the seneschal's font in Starlit Weald, revealed after succeeding in the Subdue Gwyllian, Seneschal of the Forest meta-event.""","«9. Обновите раненое сердце коралла, очистив его в купели сенешаля в Звёздной пустоши, обнаруженной после успеха в мета-событии «Покорить Гвиллиана, Сенешаля леса»."
"""<br><br>A necromancer's closest companion is death. In acknowledgement of this, I mark my face with the symbol of a ghostly wraith.<br><br>This is my story.<br>""",«<br><br>Самый близкий спутник некроманта – смерть. В знак признания этого я отмечаю свое лицо символом призрачного призрака.<br><br>Это моя история.<br>»
"""<br><br>A necromancer's closest companion is death. In acknowledgement of this, I mark my face with the symbol of a skull.<br><br>This is my story.<br>""",«<br><br>Самый близкий спутник некроманта – смерть. В знак признания этого я отмечаю свое лицо символом черепа.<br><br>Это моя история.<br>»
"""<br><br>A necromancer's closest companion is death. In acknowledgement of this, I mark my face with the symbol of a trickster demon.<br><br>This is my story.<br>""",«<br><br>Самый близкий спутник некроманта – смерть. В знак признания этого я отмечаю свое лицо символом демона-обманщика.<br><br>Это моя история.<br>»
"""<br><br>I grew up among the nobility, and I value my honor.""",«<br><br>Я вырос среди знати и дорожу своей честью».
"""<br><br>I mean business. I'm the bruiser, the muscle, the bear you don't want to poke. My headband keeps my vision clear, no matter how physical I get. <br><br>This is my story.<br>""","«<br><br>Я имею в виду бизнес. Я синяк, мускулистый медведь, которого не хочется тыкать. Моя повязка на голове сохраняет ясность зрения, независимо от того, насколько физически я напряжен. <br><br>Это моя история.<br>»"
"""<br><br>I was raised by common folk, and I've done plenty of honest, hard work.""","«<br><br>Меня воспитали простые люди, и я проделал много честной и тяжёлой работы»."
"""<br><br>I'm a ranger, and I have a bear that fights at my side and guards my back.<br><br>This is my story.<br>""","«<br><br>Я рейнджер, и у меня есть медведь, который сражается на моей стороне и охраняет мою спину.<br><br>Это моя история.<br>»"
"""<br><br>I'm a ranger, and I have a devourer that fights at my side and guards my back.<br><br>This is my story.<br>""","«<br><br>Я рейнджер, и у меня есть пожиратель, который сражается на моей стороне и охраняет мою спину.<br><br>Это моя история.<br>»"
"""<br><br>I'm a ranger, and I have a dog that fights at my side and guards my back.<br><br>This is my story.<br>""","""<br><br>Я рейнджер, и у меня есть собака, которая сражается рядом со мной и охраняет мою спину.<br><br>Это моя история.<br>"""
"""<br><br>I'm a ranger, and I have a drake that fights at my side and guards my back.<br><br>This is my story.<br>""","«<br><br>Я рейнджер, и у меня есть селезень, который сражается на моей стороне и охраняет мою спину.<br><br>Это моя история.<br>»"
"""<br><br>I'm a ranger, and I have a moa that fights at my side and guards my back.<br><br>This is my story.<br>""","«<br><br>Я рейнджер, и у меня есть моа, который сражается на моей стороне и охраняет мою спину.<br><br>Это моя история.<br>»"
"""<br><br>I'm a ranger, and I have a raven that fights at my side and guards my back.<br><br>This is my story.<br>""","«<br><br>Я рейнджер, и у меня есть ворон, который сражается рядом со мной и охраняет мою спину.<br><br>Это моя история.<br>»"
"""<br><br>I'm a ranger, and I have a snow leopard that fights at my side and guards my back.<br><br>This is my story.<br>""","«<br><br>Я рейнджер, и у меня есть снежный барс, который сражается на моей стороне и охраняет мою спину.<br><br>Это моя история.<br>»"
"""<br><br>I'm a ranger, and I have a stalker that fights at my side and guards my back.<br><br>This is my story.<br>""","«<br><br>Я рейнджер, и у меня есть сталкер, который сражается на моей стороне и охраняет мою спину.<br><br>Это моя история.<br>»"
"""<br><br>I'm a ranger, and I have a wolf that fights at my side and guards my back.<br><br>This is my story.<br>""","«<br><br>Я рейнджер, и у меня есть волк, который сражается на моей стороне и охраняет мою спину.<br><br>Это моя история.<br>»"
"""<br><br>I'm a warrior, and I wear a spangenhelm on the battlefield. Because of this, I am nearly invulnerable.<br><br>This is my story.<br>""",«<br><br>Я воин и на поле боя ношу спангеншлем. Благодаря этому я почти неуязвим.<br><br>Это моя история.<br>»
"""<br><br>I'm a warrior, and I wear an open-faced galea on the battlefield. Because of this, my enemies will remember who defeated them.<br><br>This is my story.<br>""","«<br><br>Я воин и на поле боя ношу галеа с открытым лицом. Благодаря этому мои враги будут помнить, кто их победил.<br><br>Это моя история.<br>»"
"""<br><br>I'm a warrior, and I wear no helm on the battlefield. Because of this, my enemies falter when they see the fearless determination in my eyes.<br><br>This is my story.<br>""","«<br><br>Я воин, и на поле битвы я не ношу шлема. Из-за этого мои враги колеблются, когда видят бесстрашную решимость в моих глазах.<br><br>Это моя история.<br>»"
"""<br><br>I'm an elementalist, and I study all the elements. I wear a gem that symbolizes my love of air.<br><br>This is my story.<br>""","""<br><br>Я элементалист и изучаю все элементы. Я ношу драгоценный камень, который символизирует мою любовь к воздуху.<br><br>Это моя история.<br>"""
"""<br><br>I'm an elementalist, and I study all the elements. I wear a gem that symbolizes my love of earth.<br><br>This is my story.<br>""","""<br><br>Я элементалист и изучаю все элементы. Я ношу драгоценный камень, который символизирует мою любовь к земле.<br><br>Это моя история.<br>"""
"""<br><br>I'm an elementalist, and I study all the elements. I wear a gem that symbolizes my love of fire.<br><br>This is my story.<br>""","""<br><br>Я элементалист и изучаю все элементы. Я ношу драгоценный камень, который символизирует мою любовь к огню.<br><br>Это моя история.<br>"""
"""<br><br>I'm an elementalist, and I study all the elements. I wear a gem that symbolizes my love of water.<br><br>This is my story.<br>""","""<br><br>Я элементалист и изучаю все элементы. Я ношу драгоценный камень, который символизирует мою любовь к воде.<br><br>Это моя история.<br>"""
"""<br><br>I'm an engineer, and you'll never find me without my eagle-eye goggles at hand.<br><br>This is my story.<br>""","""<br><br>Я инженер, и вы никогда не найдёте меня без моих очков орлиного зрения.<br><br>Это моя история.<br>"""
"""<br><br>I'm an engineer, and you'll never find me without my panscopic monocle handy.<br><br>This is my story.<br>""","""<br><br>Я инженер, и вы никогда не найдёте меня без моего панорамного монокля.<br><br>Это моя история.<br>"""
"""<br><br>I'm an engineer, and you'll never find me without my universal multitool pack at hand.<br><br>This is my story.<br>""","""<br><br>Я инженер, и вы никогда не найдёте меня без моего универсального набора мультитулов под рукой.<br><br>Это моя история.<br>"""
"""<br><br>My people are dirt poor, and I've struggled all my life.""","«<br><br>Мой народ очень беден, и я боролся всю свою жизнь»."
"""<br><br>My talents lie in the arts of stealth, infiltration, and escape. I do not draw attention to myself. To guard my identity, I hide my face behind a mask of darkness.<br><br>This is my story.<br>""","«<br><br>Мои таланты заключаются в искусстве невидимости, проникновения и побега. Я не привлекаю к ??себе внимания. Чтобы сохранить свою личность, я прячу свое лицо за маской тьмы.<br><br>Это моя история.<br>»"
"""<br><br>The Pale Tree awakened me during the Cycle of Dawn, and""","""<br><br>Бледное Дерево разбудило меня во время Цикла Рассвета, и"""
"""<br><br>The Pale Tree awakened me during the Cycle of Dusk, and""","""<br><br>Бледное Дерево разбудило меня во время Цикла Сумерек, и"""
"""<br><br>The Pale Tree awakened me during the Cycle of Night, and""","""<br><br>Бледное Дерево разбудило меня во время Цикла Ночи, и"""
"""<br><br>The Pale Tree awakened me during the Cycle of Noon, and""","""<br><br>Бледное дерево разбудило меня во время полуденного цикла, и"""
"""<br><br>They tell me my sire is a loyal soldier. I plan to live up to his reputation, whatever it takes.""","«<br><br>Мне говорят, что мой отец — верный солдат. Я планирую оправдать его репутацию, чего бы это ни стоило»."
"""<br><br>They tell me my sire is a sorcerous shaman. I must overcome his reputation, whatever it takes.""","«<br><br>Мне говорят, что мой отец — колдун-шаман. Я должен преодолеть его репутацию, чего бы это ни стоило»."
"""<br><br>They tell me my sire is an honorless gladium. I have no respect for him, and I refuse to live in his shadow.""","«<br><br>Мне говорят, что мой отец — бесчестный гладиум. Я не испытываю к нему никакого уважения и отказываюсь жить в его тени»."
"""<br><br>To the world, I'm never without my harlequin's smile.<br><br>This is my story.<br>""","""<br><br>В мире я никогда не остаюсь без улыбки моего арлекина.<br><br>Это моя история.<br>"""
"""<br><br>When I fight, I use the mist scrim to focus my inner sight.<br><br>This is my story.<br>""","«<br><br>Когда я сражаюсь, я использую туманную сетку, чтобы сфокусировать свое внутреннее зрение.<br><br>Это моя история.<br>»"
"""<br><br>When I fight, I use the resplendent curtain to block out the physical world in style.<br><br>This is my story.<br>""","«<br><br>Когда я сражаюсь, я использую великолепную завесу, чтобы стильно загородить физический мир.<br><br>Это моя история.<br>»"
"""<br><br>When I fight, I use the veil piercer to punch through the barriers that conceal the unseen.<br><br>This is my story.<br>""","«<br><br>Когда я сражаюсь, я использую пронзитель завесы, чтобы пробить барьеры, скрывающие невидимое.<br><br>Это моя история.<br>»"
"""<br><br>While in my Dream, I dreamed about the Shield of the Moon, and I'm called to find it.""","«<br><br>Во сне мне приснился Лунный Щит, и я призван его найти»."
"""<br><br>While in my Dream, I dreamed of the Green Knight, and I'm called to find him.""","«<br><br>Во сне мне приснился Зелёный Рыцарь, и меня призвали найти его»."
"""<br><br>While still in my Dream, I dreamed of the White Stag, and I'm called to find it.""","«<br><br>Ещё во сне мне приснился White Stag, и я призван его найти»."
"""<c=""""%str1%"""">Warning! This item is transmuted and will function in the Mystic Forge as %str2%.</c>""","""<c=""""%str1%"""">Внимание! Этот предмет трансмутируется и будет функционировать в Мистической кузнице как %str2%.</c>"""
"""<c=""""%str2%"""">Prerequisite:</c> %str1%""","""<c=""""%str2%"""">Необходимое условие:</c> %str1%"""
"""<c=%str3%>%str1% use in the main hand requires the completion of the Astral Ward Arsenal achievement, or it must be purchased in World vs. World.</c>""","""Использование <c=%str3%>%str1% в основной руке требует выполнения достижения Astral Ward Arsenal или его необходимо приобрести в World vs. World.</c>"""
"""<c=%str3%>%str1% use in the off hand requires the completion of the Astral Ward Arsenal achievement, or it must be purchased in World vs. World.</c>""","""Использование <c=%str3%>%str1% в левой руке требует выполнения достижения Astral Ward Arsenal или его необходимо приобрести в режиме World vs. World.</c>"""
"""<c=%str3%>%str1% use requires the completion of the Astral Ward Arsenal achievement, or it must be purchased in World vs. World.</c>""","""Для использования <c=%str3%>%str1% необходимо получить достижение Astral Ward Arsenal или его необходимо приобрести в режиме World vs. World.</c>"""
"""<c=@Flavor>""""Business is life, and life is good!""""<br>—Anonymous Vabbian Trade Official</c>""","""<c=@Flavor>""""Бизнес – это жизнь, и жизнь хороша!""""<br>—Анонимный торговый представитель Ваббиана</c>"""
"""<c=@Flavor>""""Make hay while the guards watch,"""" or so the local idiom has it.</c>""","""<c=@Flavor>""""Собери сено под присмотром охранников"""" или так гласит местная идиома.</c>"""
"""<c=@Flavor>A flavorful sauce made from ground needles, from a recipe invented by the choya.</c>""","""<c=@Flavor>Ароматный соус из молотых иголок по рецепту, изобретенному Чойей.</c>"""
"""<c=@Flavor>Ahead of burial, a Dynastic ruler's ornate jewelry was collected, restored to glory, and placed in their ceremonial armor.</c>""","""<c=@Flavor>Перед погребением богато украшенные украшения династического правителя были собраны, восстановлены до блеска и помещены в церемониальные доспехи.</c>"""
"""<c=@Flavor>Amidst the mighty cries of dragons, silence is deafening.</c>""","""<c=@Flavor>Среди могучих криков драконов тишина оглушительна.</c>"""
"""<c=@Flavor>As you make progress, kodan will begin to return to Still Waters Speaking.</c>""","""<c=@Flavor>По мере вашего прогресса, Кодан начнет возвращаться к разговору в Стилл Уотерс.</c>"""
"""<c=@Flavor>Cheap and simple to set up, but for many, the only shelter in these dangerous lands.</c>""","""<c=@Flavor>Дешевый и простой в установке, но для многих это единственное убежище в этих опасных землях.</c>"""
"""<c=@Flavor>Commemorations of great battles would be placed onto tiles inside of tombs, honoring both the victors and the fallen.</c>""","""<c=@Flavor>Памятники великих сражений размещались на плитках внутри гробниц, в честь как победителей, так и павших.</c>"""
"""<c=@Flavor>Crossing most levels of Elonian society, offering coffee displays generosity toward guests, visitors, and friends, regardless of rank.</c>""","""<c=@Flavor>Предложение кофе, охватывающее большинство слоев элонского общества, демонстрирует щедрость по отношению к гостям, посетителям и друзьям, независимо от их ранга.</c>"""
"""<c=@Flavor>Disruption of the Mists threatens past and present, but kindness reverberates through time.</c>""","""<c=@Flavor>Разрушение Туманов угрожает прошлому и настоящему, но доброта отражается во времени.</c>"""
"""<c=@Flavor>During the rebellion against the Flame Legion, charr renegades fashioned weapons from common military surplus, with very effective results.</c>""","""<c=@Flavor>Во время восстания против Легиона Пламени отступники-чарры изготавливали оружие из обычных военных излишков, что дало весьма эффективные результаты.</c>"""
"""<c=@Flavor>For some destinations, the best guide is one who's never completed the journey.</c>""","""<c=@Flavor>Для некоторых направлений лучший гид — тот, кто так и не завершил путешествие.</c>"""
"""<c=@Flavor>In addition to being a cultured and educated populace, the peoples of Elona are notably adept in ways of combat. </c>""","""<c=@Flavor>Помимо того, что жители Элоны являются культурным и образованным населением, они особенно искусны в боевых искусствах. </c>"""
"""<c=@Flavor>It was written, """"Burial should be as luxurious as life—or more, as it sets the tone by which a monarch is remembered forever.""""</c>""","""<c=@Flavor>Было написано: """"Похороны должны быть такими же роскошными, как жизнь, или даже больше, поскольку они задают тон, благодаря которому монарха будут помнить вечно.""""</c>"""
"""<c=@Flavor>Neither light nor heat can be held, but both can be felt.</c>""","""<c=@Flavor>Ни свет, ни тепло невозможно удержать, но и то, и другое можно почувствовать.</c>"""
"""<c=@Flavor>Now imbued, the depth of the gem draws your eye with imperial authority.""","""<c=@Flavor>Теперь глубина драгоценного камня притягивает ваш взгляд императорской властью."""
"""<c=@Flavor>Rulers of the Primeval Dynasty developed their kingdom's material resources, accruing great wealth and power for themselves and for their subjects.</c>""","""<c=@Flavor>Правители Первобытной Династии развивали материальные ресурсы своего королевства, приобретая огромное богатство и власть для себя и своих подданных.</c>"""
"""<c=@Flavor>Statues of fabled guardian beasts would be created by talented sculptors, to protect the kingdom in a monarch's absence.</c>""","""<c=@Flavor>Талантливые скульпторы создавали статуи легендарных зверей-хранителей, чтобы защитить королевство в отсутствие монарха.</c>"""
"""<c=@Flavor>Sweet and cloying, with an almost copper finish.</c>""","""<c=@Flavor>Сладкий и приторный, с почти медным послевкусием.</c>"""
"""<c=@Flavor>The sapphire seems to change color as it moves, shifting through vivid earthy patterns. </c>""","""<c=@Flavor>Кажется, что сапфир меняет цвет при движении, перемещаясь по ярким землистым узорам. </c>"""
"""<c=@Flavor>Traders of both conniving and ignorant kinds are known to traffic in maps which are useless at best, and dangerous at worst.</c>""","""<c=@Flavor>Торговцы как коварные, так и невежественные, как известно, торгуют картами, которые в лучшем случае бесполезны, а в худшем - опасны.</c>"""
"""<c=@Reminder>Hint: Complete the Convergence of Sorrow I: Elegy achievement, and then speak with Amira.</c>""","""<c=@Reminder>Подсказка: завершите достижение ""Конвергенция печали I: Элегия"", а затем поговорите с Амирой.</c>"""
"""<c=@Reminder>Hint: Duck, dip, dive.</c>""","""<c=@Reminder>Подсказка: ныряйте, ныряйте, ныряйте.</c>"""
"""<c=@Reminder>Hint: Lunge or riposte, whichever lands the hit.</c>""","""<c=@Reminder>Подсказка: выпад или ответный удар, в зависимости от того, что приведет к попаданию.</c>"""
"""<c=@Reminder>Hint: There's not always time to ask """"how high.""""</c>""","""<c=@Reminder>Подсказка: не всегда есть время спрашивать ""как высоко.""</c>"""
"""<c=@abilitytype>Ambush.</c> Launch a barrage of chaos orbs at your foe, inflicting confusion and torment. Condition duration halved for clones.""","«<c=@abilitytype>Засада.</c> Выпустите в противника шквал сфер хаоса, вызывая замешательство и боли. Длительность состояния для клонов уменьшена вдвое»."
"""<c=@abilitytype>Ambush.</c> Lunge at your foe and strike them with your sword, briefly dazing them. Leave behind a clone at your original location.""","«<c=@abilitytype>Засада.</c> Бросайте на противника и ударяйте его мечом, ненадолго ошеломляя. Оставьте клона на исходном месте»."
"""<c=@abilitytype>Ambush.</c> Pierce targets in front of you in a flurry of blows, leaving them vulnerable.""","«<c=@abilitytype>Засада.</c> Пронзите цели перед собой шквалом ударов, сделав их уязвимыми»."
"""<c=@abilitytype>Ambush.</c> Shoot a beam at a targeted foe, and secondary beams at foes near your target.""","«<c=@abilitytype>Засада.</c> Выстрелите лучом в выбранного противника, а затем вторичными лучами — в противников рядом с целью»."
"""<c=@abilitytype>Ambush.</c> Spray invigorating magic, damaging enemies and healing allies.""","«<c=@abilitytype>Засада.</c> Распыляет бодрящую магию, нанося урон врагам и исцеляя союзников»."
"""<c=@abilitytype>Arcane.</c> Blast the area, hitting foes with critical damage and healing yourself. Healing effectiveness is increased per target hit. If this skill finishes a combo, you heal an additional amount.""","«<c=@abilitytype>Мистический.</c> Взорвите область, нанося противникам критический урон и исцеляя себя. Эффективность лечения увеличивается за каждое попадание в цель. Если этот навык завершает комбо, вы исцеляете дополнительную сумму»."
"""<c=@abilitytype>Arcane.</c> Block attacks with an energy shield. If it blocks three attacks, it explodes for critical damage.""","«<c=@abilitytype>Мистический.</c> Блокируйте атаки энергетическим щитом. Если он блокирует три атаки, он взрывается, нанося критический урон»."
"""<c=@abilitytype>Arcane.</c> Block attacks with an energy shield. If it blocks three attacks, it explodes.""","«<c=@abilitytype>Мистический.</c> Блокируйте атаки энергетическим щитом. Если он блокирует три атаки, он взрывается»."
"""<c=@abilitytype>Arcane.</c> The next weapon skill you use has significantly reduced recharge, and this skill's recharge is increased by the original recharge of the affected skill.""","«<c=@abilitytype>Мистический.</c> Перезарядка следующего навыка оружия, который вы используете, значительно уменьшена, а перезарядка этого навыка увеличивается на исходную перезарядку затронутого навыка»."
"""<c=@abilitytype>Armament.</c> Heal yourself and enter Stim State. When Stim State expires, you are healed again. Using this skill while in Stim State grants boons.""","«<c=@abilitytype>Вооружение.</c> Исцелите себя и войдите в состояние Стим. Когда срок действия Стима истекает, вы снова исцеляетесь. Использование этого навыка в состоянии Стима даёт дары»."
"""<c=@abilitytype>Armament.</c> Throw a device that leaves behind a wall of energy, blocking projectiles and crippling foes that pass through it. Foes that are already crippled become immobilized.""","«<c=@abilitytype>Вооружение.</c> Бросьте устройство, которое оставляет за собой стену энергии, блокируя снаряды и нанося вред противникам, проходящим через неё. Враги, которые уже искалечены, становятся обездвиженными»."
"""<c=@abilitytype>Armament.</c> Your <c=@abilitytype>explosion</c> attacks deal more damage and inflict burning. Using this skill while you already have Overcharged Cartridges activated causes you to supercharge your cartridges, increasing its effectiveness and refreshing its duration.""","«<c=@abilitytype>Вооружение.</c> Ваши <c=@abilitytype>взрывные</c> атаки наносят больше урона и вызывают горение. Использование этого навыка, когда у вас уже активированы перезаряженные патроны, позволяет перезарядить ваши патроны, увеличивая его эффективность и продлевая его продолжительность»."
"""<c=@abilitytype>Augment.</c> Block attacks. Gain barrier if the channel completes successfully. If this is cast within range of your <c=@abilitytype>Earth Sphere</c>, the recharge time is reduced.""","«<c=@abilitytype>Усиление.</c> Блокируйте атаки. Получите барьер, если канал завершится успешно. Если он применяется в пределах досягаемости вашей <c=@abilitytype>Земной сферы</c>, время перезарядки сокращается»."
"""<c=@abilitytype>Augment.</c> Gain increased endurance regeneration and superspeed. If this is cast within range of your <c=@abilitytype>Air Sphere</c>, the recharge time is reduced.""","«<c=@abilitytype>Улучшение.</c> Получите повышенную регенерацию выносливости и сверхскорость. Если оно применено в радиусе действия вашей <c=@abilitytype>Воздушной сферы</c>, время перезарядки сокращается»."
"""<c=@abilitytype>Augment.</c> Reduce the recharge of weapon skills of your current attunement. If this is activated in range of your <c=@abilitytype>sphere</c>, gain a boon based on its element.""","«<c=@abilitytype>Улучшение.</c> Уменьшите перезарядку навыков владения оружием вашей текущей настройки. Если оно активировано в радиусе действия вашей <c=@abilitytype>сферы</c>, получите дар, основанный на его элементе»."
"""<c=@abilitytype>Augment.</c> Regenerate health and cleanse conditions over time. If this is cast in range of your <c=@abilitytype>Water Sphere</c>, the recharge time is reduced.""","«<c=@abilitytype>Усиление.</c> Восстанавливает здоровье и очищает состояния с течением времени. Если это применяется в радиусе действия вашей <c=@abilitytype>Водной сферы</c>, время перезарядки сокращается»."
"""<c=@abilitytype>Augment.</c> Your attacks and conditions deal increased damage, and your attacks are unblockable. If this is cast within range of your <c=@abilitytype>Fire Sphere</c>, the duration is increased.""","«<c=@abilitytype>Усиление.</c> Ваши атаки и состояния наносят увеличенный урон, и ваши атаки невозможно заблокировать. Если они применены в пределах досягаемости вашей <c=@abilitytype>Огненной сферы</c>, продолжительность увеличивается»."
"""<c=@abilitytype>Augment.</c> Your successful attacks will trigger an additional strike on nearby enemies that applies chill. If this is cast within range of your <c=@abilitytype>Water Sphere</c>, the duration is increased. <c=@reminder>This effect can occur once per interval.</c>""","""<c=@abilitytype>Усиление.</c> Ваши успешные атаки вызовут дополнительный удар по ближайшим врагам, который накладывает заморозку. Если он наложен в пределах досягаемости вашей <c=@abilitytype>Водной сферы</c>, продолжительность увеличивается. <c=@reminder>Этот эффект может срабатывать один раз за интервал.</c>"""
"""<c=@abilitytype>Backfire.</c> After a short period of time, the cannon misfires, damaging and inflicting conditions on you and nearby enemies within range of the summoned skritt.""","«<c=@abilitytype>Обратный огонь.</c> Через небольшой промежуток времени пушка даёт осечку, нанося урон и накладывая состояния на вас и ближайших врагов в радиусе действия призванного скритта»."
"""<c=@abilitytype>Backfire.</c> After shadowstepping, you are knocked down. You cannot reactivate this skill until it is fully recharged again.""","«<c=@abilitytype>Backfire.</c> После перехода в тень вы сбиваетесь с ног. Вы не сможете повторно активировать этот навык, пока он снова не будет полностью перезаряжен»."
"""<c=@abilitytype>Backfire.</c> The bomb explodes in your hands, launching and damaging both you and enemies around you.""","«<c=@abilitytype>Обратный огонь.</c> Бомба взрывается у вас в руках, запуская и нанося урон как вам, так и врагам вокруг вас»."
"""<c=@abilitytype>Backfire.</c> The shield explodes after a short period of time, dealing damage to yourself equal to a percentage of your base health, as well as damaging enemies around you.""","«<c=@abilitytype>Обратный огонь.</c> Щит взрывается через короткий промежуток времени, нанося вам урон, равный проценту вашего базового здоровья, а также нанося урон врагам вокруг вас»."
"""<c=@abilitytype>Backfire.</c> You drop the potion on yourself, healing for more. The cooldown of this skill is increased, and you cannot reactivate this skill until it is fully recharged again.""","«<c=@abilitytype>Обратный огонь.</c> Вы бросаете зелье на себя, исцеляя ещё больше. Время восстановления этого навыка увеличивается, и вы не можете повторно активировать это умение, пока оно снова не будет полностью перезаряжено»."
"""<c=@abilitytype>Banner.</c> Place a banner that damages and applies conditions to foes on initial placement, then pulses additional boons to you and nearby allies afterward.""","«<c=@abilitytype>Баннер.</c> Разместите знамя, которое наносит урон и накладывает состояния на противников при первоначальном размещении, а затем даёт дополнительные блага вам и ближайшим союзникам»."
"""<c=@abilitytype>Banner.</c> Place a banner that damages and dazes foes on initial placement, then pulses boons to you and nearby allies afterward.""","«<c=@abilitytype>Баннер.</c> Разместите знамя, которое наносит урон и ошеломляет противников при первом размещении, а затем дарует вам и ближайшим союзникам импульсные блага»."
"""<c=@abilitytype>Banner.</c> Place a banner that grants barrier and boons on initial placement, then pulses additional boons to you and nearby allies afterward.""","«<c=@abilitytype>Баннер.</c> Разместите знамя, которое даёт барьер и блага при первоначальном размещении, а затем передает дополнительные блага вам и ближайшим союзникам»."
"""<c=@abilitytype>Banner.</c> Place a banner that grants boons and superspeed and breaks stuns on initial placement, then pulses boons to you and nearby allies afterward.""","«<c=@abilitytype>Баннер.</c> Разместите знамя, которое даёт дары и сверхскорость и снимает оглушение при первоначальном размещении, а затем передает дары вам и ближайшим союзникам»."
"""<c=@abilitytype>Banner.</c> Place a battle standard that revives fallen allies and finishes downed foes. Once placed, the banner periodically grants boons to allies.""","""<c=@abilitytype>Знамя.</c> Разместите боевой штандарт, который оживляет павших союзников и добивает поверженных противников. После установки знамя периодически дарует союзникам блага""."
"""<c=@abilitytype>Banner.</c> Place a battle standard that revives fallen allies and grants fury, might, and swiftness to allies.""","""<c=@abilitytype>Знамя.</c> Разместите боевой штандарт, который оживляет павших союзников и дарует им ярость, мощь и быстроту."""
"""<c=@abilitytype>Beast. </c> Dive between dimensions, resurfacing at your foe's location and knocking them into the air.""","«<c=@abilitytype>Зверь. </c> Нырните между измерениями, вынырните на поверхность рядом с противником и подбросьте его в воздух»."
"""<c=@abilitytype>Beast. </c> Emit a cacophonous screech, dazing and tormenting nearby enemies.""","«<c=@abilitytype>Зверь. </c> Издайте какофонический визг, ошеломляющий и мучающий ближайших врагов»."
"""<c=@abilitytype>Beast. </c>Bite your foe, chilling them.""","«<c=@abilitytype>Зверь. </c>Укусите врага, заморозив его»."
"""<c=@abilitytype>Beast. </c>Breathe a cone of frost, damaging and chilling foes.""","«<c=@abilitytype>Зверь. </c>Выдохните конус мороза, нанося урон и замораживая противников»."
"""<c=@abilitytype>Beast. </c>Channel an expanding stream of flame from above. When the engulfed region reaches its full size, it becomes a fire field.""","«<c=@abilitytype>Зверь. </c>Направьте расширяющийся поток пламени сверху. Когда охватываемая область достигает своего полного размера, она становится огненным полем»."
"""<c=@abilitytype>Beast. </c>Charge forward, headbutting foes and electrifying its destination.""","""<c=@abilitytype>Зверь. </c> Рвитесь вперёд, бья врагов головами и электризуя пункт назначения."""
"""<c=@abilitytype>Beast. </c>Charge into a foe, pushing them back and causing them to bleed.""","«<c=@abilitytype>Зверь. </c>Атакуйте противника, отбрасывая его назад и вызывая у него кровотечение»."
"""<c=@abilitytype>Beast. </c>Create a cone of sound, dazing foes.""","«<c=@abilitytype>Зверь. </c>Создайте звуковой конус, ошеломляющий противников»."
"""<c=@abilitytype>Beast. </c>Create a high-pitched screech, dazing nearby foes.""","""<c=@abilitytype>Зверь. </c> Издает пронзительный визг, ошеломляющий ближайших противников."""
"""<c=@abilitytype>Beast. </c>Create a pulse of ley energy around your target, dazing nearby enemies.""","«<c=@abilitytype>Зверь. </c>Создайте вокруг цели импульс силовой энергии, ошеломляющий ближайших врагов»."
"""<c=@abilitytype>Beast. </c>Draw in and release a blast of your energy, dealing hefty damage to nearby foes.""","«<c=@abilitytype>Зверь. </c>Втяните и выпустите заряд своей энергии, нанося огромный урон противникам поблизости»."
"""<c=@abilitytype>Beast. </c>Fires a sweeping breath attack, damaging foes.""","""<c=@abilitytype>Зверь. </c> Выпускает размашистую атаку дыханием, нанося урон противникам."""
"""<c=@abilitytype>Beast. </c>Jump up and slam the ground beneath you, severely damaging nearby foes.""","«<c=@abilitytype>Зверь. </c>Подпрыгните и ударьте по земле под собой, нанеся серьёзный урон ближайшим противникам»."
"""<c=@abilitytype>Beast. </c>Launch a beehive at your enemy, covering the ground with sticky honey on impact.""","""<c=@abilitytype>Чудовище. </c>Запустите в врага улей, который при ударе покроет землю липким медом."""
"""<c=@abilitytype>Beast. </c>Leap at your foe, chilling them.""","""<c=@abilitytype>Зверь. </c>Прыжок на противника, замораживая его."""
"""<c=@abilitytype>Beast. </c>Let out a noble roar, granting superspeed to nearby allies.""","""<c=@abilitytype>Зверь. </c>Издайте благородный рев, даруя сверхскорость ближайшим союзникам."""
"""<c=@abilitytype>Beast. </c>Maul your foe, weakening them.""","«<c=@abilitytype>Зверь. </c>Растерзайте противника, ослабив его»."
"""<c=@abilitytype>Beast. </c>Roar fiercely, freezing nearby foes.""","""<c=@abilitytype>Зверь. </c> Яростно рычу, замораживая ближайших противников."""
"""<c=@abilitytype>Beast. </c>Roar fiercely, weakening nearby foes.""","""<c=@abilitytype>Зверь. </c>Яростно рычите, ослабляя ближайших противников."""
"""<c=@abilitytype>Beast. </c>Shoot a noxious cloud at your foe, damaging and poisoning them.""","«<c=@abilitytype>Зверь. </c>Выстрелите в противника ядовитым облаком, нанося ему урон и отравляя»."
"""<c=@abilitytype>Beast. </c>Slash your foes, inflicting weakness.""","""<c=@abilitytype>Зверь. </c>Резайте по врагам, причиняя им слабость."""
"""<c=@abilitytype>Beast. </c>Splash around, healing allies and weakening enemies with your charm.""","«<c=@abilitytype>Чудовище. </c>Брызгайте вокруг, исцеляя союзников и ослабляя врагов своим обаянием»."
"""<c=@abilitytype>Beast. </c>Spray poisonous barbs in an arc in front of you, damaging and poisoning foes.""","«<c=@abilitytype>Зверь. </c>Выпускает ядовитые шипы по дуге перед собой, нанося урон и отравляя противников»."
"""<c=@abilitytype>Beast. </c>Whirl your tentacles, chilling the foes you strike.""","«<c=@abilitytype>Зверь. </c> Вращайте свои щупальца, охлаждая противников, которых вы поражаете»."
"""<c=@abilitytype>Beast. </c>Whirl your tentacles, immobilizing the foes you strike.""","«<c=@abilitytype>Зверь. </c>Вращайте свои щупальца, обездвиживая противников, которых вы поражаете»."
"""<c=@abilitytype>Beast.</c> Fire malignant magic at nearby enemies, corrupting boons on enemies it hits.""","«<c=@abilitytype>Зверь.</c> Выстреливает пагубной магией во врагов поблизости, разрушая дары врагов, которых она поражает»."
"""<c=@abilitytype>Beast.</c> Jump up and slam the ground beneath you, severely damaging nearby foes.""","«<c=@abilitytype>Зверь.</c> Подпрыгните и ударьте по земле под собой, нанеся серьёзный урон противникам поблизости»."
"""<c=@abilitytype>Blades</c> inflict vulnerability on critical hits. After successfully casting a <c=@abilitytype>Bladesong</c>, increase all damage dealt for a short time. This does not stack.""",«<c=@abilitytype>Клинки</c> создают уязвимость при критических ударах. После успешного применения <c=@abilitytype>Bladesong</c> весь наносимый урон увеличивается на короткое время. Это не суммируется».
"""<c=@abilitytype>Bladesong.</c> Fire all stocked blades, inflicting your target with conditions.""","«<c=@abilitytype>Песнь клинка.</c> Выстрелите из всех имеющихся в наличии клинков, накладывая на цель состояния»."
"""<c=@abilitytype>Bladesong.</c> Gain distortion and consume all stocked blades, gaining additional distortion for each consumed blade.""","«<c=@abilitytype>Песнь клинка.</c> Получите искажение и поглотите все имеющиеся в наличии клинки, получая дополнительное искажение за каждое израсходованное лезвие»."
"""<c=@abilitytype>Burst.</c> Briefly stun your target. If you hit a target using a skill, recover some adrenaline.""","«<c=@abilitytype>Всплеск.</c> Ненадолго оглушите цель. Если вы поразите цель с помощью навыка, восстановите немного адреналина»."
"""<c=@abilitytype>Burst.</c> Carve a path to victory, dealing damage to enemies in front of you while healing and granting regeneration to nearby allies.""","«<c=@abilitytype>Всплеск.</c> Проложите путь к победе, нанося урон врагам перед собой, исцеляя и даруя регенерацию ближайшим союзникам»."
"""<c=@abilitytype>Burst.</c> Dash forward while slashing all foes in a line, ending Dragon Trigger. This attack consumes all charges to deal more damage.""","«<c=@abilitytype>Всплеск.</c> Рвитесь вперёд, рубя всех противников на линии, прекращая действие Dragon Trigger. Эта атака поглощает все заряды, чтобы нанести больше урона»."
"""<c=@abilitytype>Burst.</c> Dash forward while slashing all foes in a line, healing allies you pass through and ending Dragon Trigger. This attack consumes all charges to increase the healing granted to allies.""","«<c=@abilitytype>Всплеск.</c> Рвитесь вперёд, рубя всех противников на линии, исцеляя союзников, через которых вы проходите, и прекращая действие Dragon Trigger. Эта атака потребляет все заряды, чтобы увеличить исцеление, предоставляемое союзникам»."
"""<c=@abilitytype>Burst.</c> Dash forward while slashing all foes in a line, inflicting burning and ending Dragon Trigger. This attack consumes all charges to increase burning duration.""","«<c=@abilitytype>Всплеск.</c> Рвитесь вперёд, разрезая всех противников на линии, вызывая горение и прекращая действие Dragon Trigger. Эта атака поглощает все заряды, чтобы увеличить продолжительность горения»."
"""<c=@abilitytype>Burst.</c> Deliver a circular attack to foes around you, and gain fury. Deal more damage to foes with low health.""",«<c=@abilitytype>Всплеск.</c> Нанесите круговую атаку противникам вокруг вас и получите ярость. Наносите больше урона противникам с низким уровнем здоровья».
"""<c=@abilitytype>Burst.</c> Ignite target area, burning nearby foes. Effect increases with adrenaline level.""","«<c=@abilitytype>Всплеск.</c> Поджигает выбранную область, сжигая ближайших противников. Эффект усиливается с уровнем адреналина»."
"""<c=@abilitytype>Burst.</c> Ignite the target area, burning nearby foes.""","""<c=@abilitytype>Всплеск.</c> Поджигает выбранную область, сжигая ближайших противников."""
"""<c=@abilitytype>Burst.</c> Jump to the targeted location and slam your hammer down, damaging and knocking down foes.""","«<c=@abilitytype>Всплеск.</c> Прыгайте в указанное место и ударяйте молотом, нанося урон и сбивая противников с ног»."
"""<c=@abilitytype>Burst.</c> Jump to the targeted location and slam your hammer down, damaging and stunning foes.""","«<c=@abilitytype>Всплеск.</c> Прыгайте в указанное место и обрушивайте молот, нанося урон и оглушая противников»."
"""<c=@abilitytype>Burst.</c> Jump up and throw a spear at your targeted location, dealing damage in an area. Damage dealt is increased with adrenaline level, and the opponent closest to the epicenter takes additional damage.""","«<c=@abilitytype>Всплеск.</c> Подпрыгните и бросьте копьё в указанное место, нанося урон по области. Наносимый урон увеличивается с уровнем адреналина, а противник, ближайший к эпицентру, получает дополнительный урон»."
"""<c=@abilitytype>Burst.</c> Jump up and throw a spear at your targeted location, dealing damage in an area. The opponent closest to the epicenter takes additional damage.""","«<c=@abilitytype>Всплеск.</c> Подпрыгните и бросьте копьё в указанное место, нанося урон по области. Противник, ближайший к эпицентру, получает дополнительный урон»."
"""<c=@abilitytype>Burst.</c> Slash foes in an arc in front of you, applying boons to nearby allies and ending Dragon Trigger. This attack consumes all charges to increase the number of boons applied to allies.""","«<c=@abilitytype>Всплеск.</c> Разрезайте противников по дуге перед собой, применяя дары к ближайшим союзникам и прекращая действие Dragon Trigger. Эта атака поглощает все заряды, чтобы увеличить количество даров, применяемых к союзникам»."
"""<c=@abilitytype>Burst.</c> Slash foes in an arc in front of you, ending Dragon Trigger. This attack consumes all charges to deal more damage.""","«<c=@abilitytype>Всплеск.</c> Разрезайте противников по дуге перед собой, прекращая действие Dragon Trigger. Эта атака поглощает все заряды, чтобы нанести больший урон»."
"""<c=@abilitytype>Burst.</c> Slash foes in an arc in front of you, inflicting burning on enemies and ending Dragon Trigger. This attack consumes all charges to increase burning duration.""","«<c=@abilitytype>Всплеск.</c> Разрезайте противников по дуге перед собой, вызывая у них горение и прекращая действие Dragon Trigger. Эта атака поглощает все заряды, чтобы увеличить продолжительность горения»."
"""<c=@abilitytype>Burst.</c> Slash to create a blade of air that strikes and burns foes in a line in front of you, ending Dragon Trigger. This attack consumes all charges to increase burning duration.""","«<c=@abilitytype>Всплеск.</c> Разрежьте, чтобы создать воздушную лезвие, которая поражает и сжигает противников на линии перед вами, прекращая действие Dragon Trigger. Эта атака потребляет все заряды, чтобы увеличить продолжительность горения»."
"""<c=@abilitytype>Burst.</c> Slash to create a blade of air that strikes and dazes foes in a line in front of you, ending Dragon Trigger. This attack consumes all charges to increase the duration of daze inflicted.""","«<c=@abilitytype>Всплеск.</c> Разрежьте, чтобы создать воздушный клинок, который поражает и ошеломляет противников на линии перед вами, прекращая действие Dragon Trigger. Эта атака поглощает все заряды, чтобы увеличить продолжительность наложенного ошеломления»."
"""<c=@abilitytype>Burst.</c> Slash to create a blade of air that strikes foes in a line in front of you, ending Dragon Trigger. This attack consumes all charges to deal more damage.""","«<c=@abilitytype>Всплеск.</c> Разрежьте, чтобы создать воздушную лезвие, которая поражает противников на линии перед вами, прекращая действие Dragon Trigger. Эта атака поглощает все заряды, чтобы нанести больше урона»."
"""<c=@abilitytype>Burst.</c> Strike all foes around you, stunning them. Effect increases with adrenaline level.""","«<c=@abilitytype>Всплеск.</c> Поразите всех противников вокруг себя, оглушая их. Эффект усиливается с уровнем адреналина»."
"""<c=@abilitytype>Burst.</c> Strike all foes around you, stunning them.""","«<c=@abilitytype>Всплеск.</c> Поразите всех противников вокруг себя, оглушив их»."
"""<c=@abilitytype>Burst.</c> Strike your foe and remove boons. Stunned, dazed, or knocked-down foes are immobilized.""","«<c=@abilitytype>Всплеск.</c> Ударьте врага и снимите дары. Оглушенные, ошеломленные или сбитые с ног противники обездвиживаются»."
"""<c=@abilitytype>Burst.</c> Strike your foe, inflicting bleeding. If you hit a foe using a skill, additional bleeding and torment are inflicted.""","«<c=@abilitytype>Всплеск.</c> Ударьте врага, вызывая кровотечение. Если вы ударите врага с помощью навыка, он причинит дополнительное кровотечение и боли»."
"""<c=@abilitytype>Burst.</c> Sweep your blade around yourself, slicing nearby enemies. Effect increases with adrenaline level. Heal if you strike a target, healing more if they are bleeding. <c=@reminder>Healing scales off of the target struck that is bleeding the most.</c>""","""<c=@abilitytype>Всплеск.</c> Обведите клинком вокруг себя, разрезая ближайших врагов. Эффект увеличивается с уровнем адреналина. Исцеляйтесь, если вы поражаете цель, и восстанавливайте больше, если она истекает кровью. <c=@reminder>Исцеление зависит от пораженной цели, которая кровоточит больше всего.</c>"""
"""<c=@abilitytype>Burst</c> skills deal more damage, grant swiftness, and restore a portion of adrenaline spent.""","«Навыки <c=@abilitytype>Burst</c> наносят больше урона, даруют быстроту и восстанавливают часть потраченного адреналина»."
"""<c=@abilitytype>Cantrip.</c> Knock away nearby foes with a burst of shadow magic, then stealth yourself. If this skill hits your marked target, they'll be launched instead.""","«<c=@abilitytype>Заговор.</c> Отбросьте ближайших противников взрывом теневой магии, а затем скройтесь. Если этот навык поразит отмеченную вами цель, вместо этого они будут запущены»."
"""<c=@abilitytype>Cantrip.</c> Lose all malice, instantly refresh Deadeye's Mark, and gain initiative. Gain additional initiative for each stack of malice you had prior to using this skill.""","«<c=@abilitytype>Заговор.</c> Потеряйте всю злобу, мгновенно обновите Метку Меткого Глаза и получите инициативу. Получите дополнительную инициативу за каждый заряд злобы, который у вас был до использования этого умения»."
"""<c=@abilitytype>Cantrip.</c> Morph into an invulnerable, vaporous mist for a brief time.""",«<c=@abilitytype>Заговор.</c> Превратитесь в неуязвимый парящий туман на короткое время».
"""<c=@abilitytype>Cantrip.</c> Protect yourself with earth armor and gain protection and stability, then gain barrier for each unique boon you have.""","«<c=@abilitytype>Заговор.</c> Защитите себя земной броней и получите протекцию и устойчивость, а затем получите барьер за каждое ваше уникальное дарование»."
"""<c=@abilitytype>Cantrip.</c> Reveal yourself if you are stealthed and remove boons from your target after a short delay. If the foe is your marked target, they are also immobilized.""","«<c=@abilitytype>Заговор.</c> Покажите себя, если вы находитесь в невидимости, и снимите дары с цели после небольшой задержки. Если противник является вашей отмеченной целью, он также обездвиживается»."
"""<c=@abilitytype>Cantrip.</c> Surround yourself with elements of nature, gaining defensive boons and damage reduction. Striking an enemy while this fortification is active reduces the cooldown of this ability.""","«<c=@abilitytype>Заговор.</c> Окружите себя элементами природы, получите защитные дары и снижение урона. Нанесение удара по врагу, пока это укрепление активно, сокращает время восстановления этой способности»."
"""<c=@abilitytype>Cantrip.</c> Teleport to your target, delivering a bolt of lightning at your location.""","""<c=@abilitytype>Заговор.</c> Телепортируйтесь к своей цели, выпустив в неё разряд молнии."""
"""<c=@abilitytype>Cantrip.</c> Teleport to your target, making nearby enemies vulnerable. If an enemy is struck, this skill's recharge is reduced.""","«<c=@abilitytype>Заговор.</c> Телепортируйтесь к своей цели, делая ближайших врагов уязвимыми. Если враг поражен, перезарядка этого навыка уменьшается»."
"""<c=@abilitytype>Cantrip.</c> While active, you take no damage from incoming attacks or conditions. When the cantrip ends, heal based on a percentage of your missing health.""","«<c=@abilitytype>Заговор.</c> Пока активно, вы не получаете урона от входящих атак или состояний. Когда колдовство закончится, вы исцелитесь в зависимости от процента недостающего здоровья»."
"""<c=@abilitytype>Celestial Avatar.</c> Channel your celestial powers, pulsing cripple and slow. Once the channel ends, any foes still within its radius will be trapped by a black hole, immobilizing them.""","«<c=@abilitytype>Celestial Avatar.</c> Направляйте свои небесные силы, пульсируя, калеча и замедляя. Как только канал закончится, все враги, все ещё находящиеся в его радиусе, будут пойманы чёрной дырой, обездвижив их»."
