english,translate
"""Brilliant! Simply brilliant! With your assistance, the Durmand Priory has not only compiled the lost tome of the Mad King's life, but has appended it with yet-untold stories from his reign as king!<br><br>Do you remember how I was previously impressed by your brilliance? Ignore that memory! NOW I am in awe! Truly!<br><br>And for such a talented researcher, a new opportunity may have presented itself. Little is known about the Mad King's unlife after death, but during Halloween some of his court follows him out of his realm. Perhaps an interview can be arranged? Oh, the possibilities for firsthand accounts of the Mad Realm!<br><br>—Magister Tassi""","""Блестяще! Просто блестяще! С вашей помощью Приорат Дурманд не только собрал утерянный фолиант жизни Безумного Короля, но и дополнил его ещё не рассказанными историями из его правления на посту короля!<br><br>Помнишь, как я был впечатлен твоим блеском раньше? Не обращай внимания на это воспоминание! СЕЙЧАС я в восторге! Действительно!<br><br>И для такого талантливого исследователя, возможно, представилась новая возможность. О Безумном мало что известно Не-жизнь короля после смерти, но во время Хэллоуина некоторые из его придворных следуют за ним из его царства. Возможно, можно организовать интервью? О, какие возможности для рассказов из первых рук о Безумном Царстве!<br><br>—Магистр Тасси"""
"""Brine Clutchall. I'm here to set up a market. A pleasure to meet you, barkeep.""","«Рассол Клатчолл. Я здесь, чтобы открыть рынок. Приятно познакомиться, бармен»."
"""Bring %num2% tales of your adventures to the Elisa, the traveler.""","""Принесите %num2% рассказов о своих приключениях Элизе, путешественнице."""
"""Bring a Volcanic Runestone, a Glacial Runestone, a Charged Runestone, and an Earthen Runestone to Kodama in Draconis Mons.""","«Принесите Кодаме на Гору Дракона вулканический рунный камень, ледяной рунный камень, заряженный рунный камень и земляной рунный камень»."
"""Bring an Anthology of Heroes to Kilnn's Rest in the Hellion Forest of Iron Marches, and speak to his descendant.""",«Принесите Антологию героев в Покой Килна в Хеллионском лесу Железных Топей и поговорите с его потомком».
"""Bring an Anthology of Heroes to the defeat of Ivor Trueshot, Armsman Pitney, Farrah Cappo, and Horace on the Old Duke's Estate in Plains of Ashford.""","«Составьте Антологию героев, чтобы разгромить Айвора Трушота, оруженосца Питни, Фарру Каппо и Горация в поместье старого герцога на равнинах Эшфорда»."
"""Bring an Anthology of Villains to the defeat of the Krait Blood Witch in Viathan Lake, Kessex Hills.""","«Составьте Антологию злодеев для победы над Крайтской Кровавой Ведьмой на озере Виатан, Кессекс-Хиллз»."
"""Bring an end to the god of fire's ambitions, once and for all.""",«Положите конец амбициям бога огня раз и навсегда».
"""Bring an idea, and two memories, to the armorsmith.""",«Принеси оружейнику идею и два воспоминания».
"""Bring corsair supplies and tasteless roots to the supply depot, and rid the allied encampment of Awakened spies.""",«Принесите корсарские припасы и безвкусные корни на склад и избавьте союзный лагерь от пробудившихся шпионов».
"""Bring firefly essence to alchemy tables, set spike traps, and stomp Orrian grub holes.""","«Принесите эссенцию светлячков на алхимические столы, установите ловушки с шипами и затопчите оррианские норы»."
"""Bring fresh food to the starving Seraph soldiers, kill White Mantle, subdue angry mobs, and bring goods to merchants.""","«Приносите свежую еду голодающим солдатам-серафимам, убивайте Белую Мантию, подчиняйте разъяренную толпу и привозите товары торговцам»."
"""Bring me eggs, lots of eggs. His lordship has a large appetite. The skale's nests are sure to be full of tasty eggs just begging to be scooped up and brought to me.""","«Принесите мне яйца, много яиц. У его светлости большой аппетит. Гнезда чешуи наверняка полны вкусных яиц, которые так и просятся, чтобы их сгребли и принесли мне»."
"""Bring me raw materials from your exploits, and I'll make you runic armor that the skaalds won't shut up about.""","«Принеси мне сырье от твоих подвигов, и я сделаю тебе рунические доспехи, о которых скаальды не замолчат»."
"""Bring me rubble, and I'll have this place fixed in no time.""","«Принесите мне обломки, и я в кратчайшие сроки приведу это место в порядок»."
"""Bring recovered treasures to Myung-Hee, Keeper of the Jade Vault.""","«Принесите найденные сокровища Мён Хи, хранителю Нефритового хранилища»."
"""Bring the Aestus Runestone, Ignis Runestone, and Desecrator Runestone to Kodama in Draconis Mons.""","«Принесите Рунический камень Эстуса, Рунический камень Игниса и Рунический камень Осквернителя Кодаме на Гору Дракона»."
"""Bring the aether to Aurene's focusing crystal without mounting, teleporting, or using a portal.""","«Принесите эфир к фокусирующему кристаллу Аурин, не садясь на него, не телепортируясь и не используя портал»."
"""Bring the aether to Aurene's focusing crystal without teleporting, mounting, or using gliders.""","«Принесите эфир к фокусирующему кристаллу Аурин, не телепортируясь, не садясь на него и не используя планеры»."
"""Bring the aether to Aurene's focusing crystal without using portals, teleports, or mounts.""","«Перенесите эфир в фокусирующий кристалл Аурин, не используя порталы, телепорты или средства передвижения»."
"""Bring the kids to a nice, wholesome wyvern slaying!""",«Приведите детей на красивое и полезное убийство виверны!»
"""Bring the oozes back to me. Now, what color key card do you want?""","«Принеси мне слизней. Итак, какого цвета ключ-карта тебе нужна?»"
"""Bring the statuette to Myung-Hee, Keeper of the Jade Vault, in the Royal Court of Shing Jea.""","«Отнесите статуэтку Мён Хи, хранителю Нефритового хранилища, в королевский двор Шинг Джеа»."
"""Bring the turtle egg to Rota in Arborstone, and discuss what to do next.""","«Принесите черепашье яйцо Роте в Арборстоун и обсудите, что делать дальше»."
"""Brisban Wildlands is a secluded area that has drawn some unsavory attention as of late. The Nighmare Court has taken up residence in the caverns, as well as near our revered tree to the north. If you decide to travel here, be watchful at all times.""","«Дебри Брисбана — это уединенная территория, которая в последнее время привлекла к себе неприятное внимание. Кошмарный двор обосновался в пещерах, а также возле нашего почитаемого дерева на севере. Если вы решите отправиться сюда, будьте всегда начеку»."
"""Brisban Wildlands used to be a secure, secluded spot for some of our more experimental labs. Now, the Inquest have moved in and targeted Mrot Boru's weapon's research. We're working with the Wyld Hunt and Seraph forces to protect our labs, but it's not sufficient. I'm deputizing you with two objectives: assist the researchers at Aethervolt Labs and stop the Inquest from disrupting Mrot Boru.""","«Раньше Дебри Брисбана были безопасным и уединенным местом для некоторых из наших наиболее экспериментальных лабораторий. Теперь Следствие вторглось и нацелилось на исследования оружия Мрота Бору. Мы работаем с силами Дикой Охоты и Серафимов, чтобы защитить наши лаборатории, но этого недостаточно. Я поручаю вам две задачи: помочь исследователям в Лаборатории Этервольта и не дать Следствию разрушить работу Мистера Бору»."
"""Brisban Wildlands, Metrica Province, Caledon Forest, Sparkfly Fen, and Mount Maelstrom""","«Дебри Брисбана, провинция Метрика, Каледонский лес, Болото Спаркфлай и гора Водоворот»"
"""Bristleback Chasm: Across the falls, stuck on a tree.""","«Пропасть Бристлбэк: За водопадом, застрял на дереве»."
"""Bristlebacks are spiny saurians with thick hides and sharp claws. When provoked, they can eject their sharp dorsal spines at high velocity.—Acht""","«Щетчатые ящеры — это колючие ящеры с толстой шкурой и острыми когтями. Если их спровоцировать, они могут с большой скоростью выбросить свои острые спинные шипы. — Ахт»"
"""Brothander Halfmad. Inventor of Bear's Brown Ale. In his own words, """"Brews one through ninety-four were poison, but ninety-five—by Bear, that's a winner!""""""","«Братандр-Полубезумный. Изобретатель медвежьего коричневого эля. По его собственным словам: «Сварки с первого по девяносто четвертый были ядом, но девяносто пять — клянусь Медведем, это победитель!»»»"
"""Brothers, Together""",«Братья вместе»
"""Bruder, gemeinsam""","«Брудер, гемейнсам»"
"""Brugh's in trouble. Please, head north and help him!""","«Бруг в беде. Пожалуйста, отправляйтесь на север и помогите ему!»"
"""Btorr thinks we can make bomb to kill the destroyers. Wants to steal bomb powder from the centaurs, for explosion.""","«Бторр думает, что мы можем сделать бомбу, чтобы уничтожить эсминцы. Хочет украсть у кентавров бомбовый порох для взрыва»."
"""Bubbles """"The Megalodon""""""",«Пузыри» «Мегалодон»»»
"""Bug successfully reported. We cannot respond to individual reports, but will contact you should we require additional information.""","«Об ошибке сообщено успешно. Мы не можем отвечать на отдельные сообщения, но свяжемся с вами, если нам потребуется дополнительная информация»."
"""Bugs, spiders, centipedes—anything with too many legs, faceted eyes, and evil intent.""","«Насекомые, пауки, многоножки — все, у кого слишком много ног, фасеточные глаза и злые намерения»."
"""Build Templates are accessed from the Build tab of your Hero panel [lbracket]%str1%[rbracket]. They are used to quickly switch between different skills, specializations, and trait selections. You can share builds with others in chat.""","«Доступ к шаблонам сборок осуществляется на вкладке «Сборка» панели «Герой» [lbracket]%str1%[rbracket]. Они используются для быстрого переключения между различными навыками, специализациями и выбранными чертами. Вы можете делиться сборками с другими в чате»."
"""Build snowmen, stop troublemakers, and keep the lodge cozy and safe.""","«Слепи снеговиков, останови нарушителей спокойствия и сделай домик уютным и безопасным»."
"""Build up elemental energy when you strike foes. Energy is consumed to imbue the <c=@abilitytype>jade sphere</c> with different elements, creating combo fields and granting boons to allies in the area. <br>Gain access to <c=@abilitytype>Augments</c>.""","«Накапливайте энергию стихий, когда наносите удары по противникам. Энергия расходуется на наполнение <c=@abilitytype>нефритовой сферы</c> различными элементами, создание комбо-полей и дарование благ союзникам в области. <br>Получите доступ к <c=@abilitytype>улучшениям</c>»."
"""Build up notes instead of summoning clones. Shatters are replaced by <c=@abilitytype>Instrument</c> skills, which consume notes to continue playing. Gain access to <c=@abilitytype>Tales</c>.<br><br><c=@reminder>While out of combat, you will automatically generate a note every 10 seconds.</c>""","«Создавайте заметки вместо вызова клонов. Осколки заменяются навыками <c=@abilitytype>Инструмент</c>, которые расходуют заметки для продолжения игры. Получите доступ к <c=@abilitytype>Сказкам</c>.<br><br><c=@reminder>Находясь вне боя, вы автоматически будете создавать заметки каждые 10 секунд.</c>»"
"""Builders and architects make up the College of Statics, and we build to last. Some call us conservative, but we excel at creating new designs, using old materials in innovative ways, and expanding the purview of known magics for practical application.""","«Строители и архитекторы составляют Колледж Статики, и мы строим на века. Некоторые называют нас консерваторами, но мы преуспеваем в создании новых проектов, использовании старых материалов инновационными способами и расширении сферы применения известной магии для практического применения»."
"""Building gates is hard enough without distractions. Add hostile environments and skritt, and you've got the makings of a challenging experience.""","«Строить ворота достаточно сложно, не отвлекаясь. Добавьте враждебное окружение и скритт, и вы получите задатки сложного опыта»."
"""Building your legend requires performing great deeds and having worthy eyes see them. There are many who would be glad to see the Svanir in Jormabakke Stead and the dredge of Molengrad dealt with, but helping the people who live in Mennerheim would earn you respect almost as well.""","«Чтобы создать свою легенду, нужно совершать великие дела и видеть их достойными глазами. Многие были бы рады увидеть Сванир в поместье Йормабакке и земснаряд в Моленграде, но помощь людям, живущим в Меннергейме, почти также заслужила бы ваше уважение»."
"""Built by shipwreck survivors, Sotdae Landing serves as a navigational landmark.""","«Пристань Сотдэ, построенная выжившими после кораблекрушения, служит навигационным ориентиром»."
"""Built in 1231 AE, the Crow's Nest Tavern is one of the oldest structures in the city. It served as the meeting place for the first Ship's Council.""","«Таверна «Воронье гнездо», построенная в 1231 ПИ, является одним из старейших построек в городе. Она служила местом встреч первого Корабельного совета»."
"""Built in 1240 AE, rebuilt in 1250 AE, and rebuilt again in 1328 AE, Phoenix Roost Lighthouse (originally called Lion's Gate Lighthouse) guides sea travelers through the fog to safe harbor.""","«Построенный в 1240 ПИ, перестроенный в 1250 ПИ и снова перестроенный в 1328 ПИ, маяк Phoenix Roost (первоначально называвшийся маяком Львиные Ворота) ведёт морских путешественников сквозь туман в безопасную гавань»."
"""Built upon the ruins of the human city of Rin, the Black Citadel is the headquarters of the charr legions in Ascalon. Commanded by Smodur the Unflinching, Imperator of the Iron Legion, the great city is dominated by the huge metal-shod sphere at its center.""","«Чёрная Цитадель, построенная на руинах человеческого города Рин, является штаб-квартирой легионов чарр в Аскалоне. Под командованием Смодура Неустрашимого, Императора Железного Легиона, великий город находится во власти огромной металлической сферы в его центре»."
"""Buried beneath newer tomes is a copy of """"The Curious Case of Bahltek."""" This apparent piece of fiction about a mysterious and cantankerous traveler is believed to have been written by the great Norgu.""","«Под новыми томами погребен экземпляр «Загадочной истории Бахтека». Считается, что этот фантастический рассказ о загадочном и сварливом путешественнике был написан великим Норгу»."
"""Buried in Rata Sum are many labs, but this one is so full of memory, it hurts.""","«В Рата Суме похоронено множество лабораторий, но эта настолько наполнена памятью, что это причиняет боль»."
"""Buried in the dunes of the Sandbound Towers are ancient tales of those who tried, and failed, to Ascend.""","«В дюнах Песчаных башен похоронены древние истории о тех, кто пытался, но потерпел неудачу, подняться»."
"""Burn Risen corpses, test out experimental hylek potion on the Risen, and reduce the Risen presence in the region.""","«Сжигайте трупы Восставших, опробуйте на Восставших экспериментальное зелье хилеков и сократите присутствие Восставших в регионе»."
"""Burn me, they blocked the path.""","«Сожгите меня, они преградили путь»."
"""Burn my fur! Save the brutality for the Flame Legion. If you hurt the devourers, use a treat from the kit to heal them.""","«Сожгите мой мех! Приберегите жестокость для Легиона Пламени. Если вы причините вред пожирателям, используйте лакомство из набора, чтобы исцелить их»."
"""Burn undead corpses, smash noxious plants, protect Wardens, and battle the Risen in Sleive's Inlet.""","«Жгите трупы нежити, уничтожайте ядовитые растения, защищайте Стражей и сражайтесь с Восставшими в заливе Слейва»."
"""Burn, baby, burn!""","«Гори, детка, гори!»"
"""Burn, buuurn! (laugh)""","«Гори, бу-у-урн! (смех)»"
"""Burning you inflict lasts longer, and your critical hits inflict burning.""","«Наносимое вами горение длится дольше, а ваши критические удары вызывают горение»."
"""Burns last longer, outgoing strikes spread burns to target.""","«Ожоги длятся дольше, исходящие удары распространяют ожоги по цели»."
"""Burnt wood, now! No, I'm not joking.""","«Сожженное дерево, сейчас! Нет, я не шучу»."
"""Burrow in the ground for 10 seconds, pulsing healing and regeneration and allowing you to bypass gates. Blind nearby foes when surfacing.""","«Закопайтесь в землю на 10 секунд, пульсируя исцеление и регенерация и позволяя вам обойти врата. При всплытии ослепите ближайших противников»."
"""Burrow into the ground, then erupt with earth-shattering force.""","«Зарыться в землю, а затем извергнуться с разрушительной силой»."
"""Burrow through the ground to your target, dealing damage in an area on arrival.""","«Прорывайтесь сквозь землю к своей цели, нанося урон по области по прибытии»."
"""Burrow underground, surfacing at the targeted location; unleashes a stunning electrical pulse at each location.""","«Зарываться под землю, всплывать в выбранном месте; в каждом месте высвобождается потрясающий электрический импульс»."
"""Burrow yourself into the ground, hiding yourself from foes.""","«Зарыться в землю, спрятавшись от врагов»."
"""Burst a bottle of Elixir H, granting protection, regeneration, and swiftness to allies.""","«Взорвите бутылку эликсира H, даруя союзникам защиту, регенерацию и скорость»."
"""Burst from the ground, damaging and blinding nearby foes for 5 seconds.""","«Врывается из-под земли, нанося урон и ослепляя ближайших противников на 5 секунд»."
"""Burst the bottle to grant stability and one of the following boons to allies: fury, might, resolution, or swiftness.""","«Взорвите бутылку, чтобы дать союзникам стабильность и одно из следующих благ: ярость, мощь, решительность или быстроту»."
"""Bury a bone, bonding you to the location. When a villager triggers the trap, you will be teleported back.""","«Закопайте кость, которая привяжет вас к месту. Когда сельский житель активирует ловушку, вы будете телепортированы обратно»."
"""Bury yourselves as deep as you like, cowards! No amount of grave soil can protect you from the Forged!""","«Закопайте себя так глубоко, как захотите, трусы! Никакая могильная земля не защитит вас от Кованых!»"
"""Busy day, isn't it?""","«Напряженный день, не так ли?»"
"""Busy, busy!""","«Занят, занят!»"
"""Busy, busy, busy. Thinking. Planning. Did you bring me any golem parts so I can make more hazmat suits?""","«Занят, занят, занят. Думаю. Планирую. Ты принес мне какие-нибудь детали големов, чтобы я мог сделать больше защитных костюмов?»"
"""But I need good help. You see, we've turned fragments of history from the aether into solid places. My krewe calls them fractals.""","«Но мне нужна хорошая помощь. Видите ли, мы превратили фрагменты истории из эфира в твердые места. Мой креве называет их фракталами»."
"""But I saw undead. We all saw undead. Blackpowder, back me up here.""","«Но я видел нежить. Мы все видели нежить. Чёрный Порох, поддержи меня здесь»."
"""But I'm starting to, and I don't think you liked that very much.""","«Но я начинаю, и не думаю, что тебе это очень понравилось»."
"""But dearheart, you used to enjoy our little games of make-believe.""","«Но, дорогая, раньше тебе нравились наши маленькие игры-притворства»."
"""But don't kill them! No chak means no energy, and then the whole city would shut down!""","«Но не убивайте их! Нет чака — значит нет энергии, и тогда весь город отключится!»"
"""But even if he could not comprehend it, fear remained.""","«Но даже если он не мог этого понять, страх оставался»."
"""But first, another research experiment to overcome. It utilizes some extraordinarily deadly skills. Be ready!""",«Но сначала предстоит пройти ещё один исследовательский эксперимент. Он использует некоторые чрезвычайно смертоносные навыки. Будьте готовы!»
"""But he shows you past illusions, and what you see is worth protecting.""","«Но он показывает вам прошлые иллюзии, и то, что вы видите, стоит защитить»."
"""But he's been retired a long time. He did specialize in Stone Summit relics back in the day, though.""",«Но он уже давно на пенсии. Хотя когда-то он специализировался на реликвиях Каменной Вершины».
"""But if Vass and Akeem survived, maybe they could've killed Eparch. This war would've been prevented—many wars would have.""","«Но если бы Васс и Аким выжили, возможно, они смогли бы убить Епарха. Эту войну можно было бы предотвратить, как и многие другие войны»."
"""But if you ask me, it's preposterous to think these squatters care the least bit about that sort of thing.""","«Но если вы спросите меня, то абсурдно думать, что этих скваттеров вообще не волнуют подобные вещи»."
"""But if you did turn. Don't worry, I'd end you fast.""","«Но если бы ты обратился. Не волнуйся, я бы быстро тебя прикончил»."
"""But if you don't try, you fail before you even start. You can do this!""","«Но если ты не попробуешь, ты потерпишь неудачу ещё до того, как начнешь. Ты сможешь это сделать!»"
"""But if you know about it, Riel, that means you're...""","«Но если ты знаешь об этом, Риэль, это значит, что ты…»"
"""But if you survive long enough to follow me, I'd love to show you my latest creation.""","«Но если ты проживешь достаточно долго, чтобы последовать за мной, я бы с удовольствием показал тебе свое последнее творение»."
"""But if you want to take a single guard from the Commons, you're going to have to clear it with the minister.""","«Но если вы хотите взять хотя бы одного охранника из палаты общин, вам придётся согласовать это с министром»."
"""But look at it now! Why, anyone would be proud to have a drink and share a story here.""",«Но посмотрите на это сейчас! Да ведь любой был бы горд выпить и поделиться здесь историей».
"""But most believe they were human once, powerful druids who merged with spirits to protect the forest.""","«Но большинство верит, что когда-то они были людьми, могущественными друидами, которые слились с духами, чтобы защитить лес»."
"""But most lack the patience. You, I sense, are cut from a different cloth.""","«Но большинству не хватает терпения. Я чувствую, что ты сделан из другой ткани»."
"""But no change in the storm. If someone's responsible, it wasn't that thing. Head on back. I'll send more scouts later.""","«Но шторм не изменился. Если кто-то виноват, то это была не эта штука. Головой назад. Я пришлю ещё разведчиков позже»."
"""But once bound, the jackal can be broken and its essence saved.""",«Но однажды связанного шакала можно сломить и сохранить его сущность».
"""But perhaps it should. Unlike you, I sense the malice in these changing tides. A threat that should concern us both.""","«Но, возможно, так и должно быть. В отличие от тебя, я чувствую злобу в этих переменах. Угрозу, которая должна беспокоить нас обоих»."
"""But the cold sinks within you, hardens to dread. His dread. Yours.""","«Но холод проникает в тебя, ожесточает страх. Его страх. Твой»."
"""But the harder the hero fought, the further the world seemed to tumble away.""","«Но чем сильнее сражался герой, тем дальше мир, казалось, рушился»."
"""But the power couplings are unstable. If we activate it now, it could attack us.""","«Но силовые соединения нестабильны. Если мы активируем их сейчас, они могут напасть на нас»."
"""But the refugees are living in tents too, just like us.""","«Но беженцы тоже живут в палатках, как и мы»."
"""But then, everything about this place is curious.""",«Но ведь все в этом месте любопытно».
"""But they hate humans, right?""","«Но они ненавидят людей, верно?»"
"""But they haven't beaten us yet, thanks to you. I won't forget what you did here today.""","«Но они ещё не победили нас, благодаря тебе. Я не забуду, что ты сделал здесь сегодня»."
"""But this was...oh Spirits, no. This belonged to someone I loved more than life in my youth. If you've found it, then...I see. Thank you for returning it to me.""","«Но это было… о, Духи, нет. Оно принадлежало тому, кого я любил больше жизни в юности. Если вы нашли его, то… я понимаю. Спасибо, что вернули его мне»."
"""But we agreed to crush that vainglorious Vevina. Your soldiers won't last against her charms, you know.""","— Но мы согласились сокрушить эту тщеславную Вевину. Знаешь, твои солдаты не выдержат её чар."
"""But we're safe, right? You don't think they would attack the haven.""","«Но мы в безопасности, верно? Ты же не думаешь, что они нападут на убежище»."
"""But with his last words, he bestowed the captaincy—and crew—on me.""",«Но в своих последних словах он передал капитанство и команду мне».
"""But you're still there, in the mountains and snow. We had to abandon everything. And we're not the only ones.""","«Но ты все ещё здесь, в горах и снегах. Нам пришлось бросить все. И мы не единственные»."
"""But, I'm afraid we were spotted. They come for the wall as we speak!""","«Но, боюсь, нас заметили. Пока мы говорим, они приближаются к стене!»"
"""But, a forest fire is heartbreaking. Such loss and devastation.""",«Но лесной пожар душераздирающий. Такие потери и разрушения».
"""But, but...""","«Но, но...»"
"""But, that doesn't mean we shouldn't fight it. Our resistance may play a role in the rebalancing.""","«Но это не значит, что мы не должны с этим бороться. Наше сопротивление может сыграть роль в восстановлении баланса»."
"""But, with their numbers growing more reasonable, I've heard...other rumors.""","«Но, поскольку их число становится все более разумным, я слышал… другие слухи»."
"""But, you're out here in the middle of nowhere.""","«Но ты здесь, в глуши»."
"""But—I—am—certain—it—could—be—perfected—with—your—further—input. Perhaps—over—dinner. Yours—in—science, Eink""","«Но… я… уверен – это – может быть – усовершенствовано – с – твоим – дополнительным – вкладом. Возможно – за – ужином. Ваш – в – науке, Эйнк»"
"""Buy a Trial Regeneration Booster from Krewe Leader Ammi with your karma by selecting the item and pressing the """"Buy"""" button.""","«Купите пробный усилитель регенерации у лидера Креве Амми за свою карму, выбрав предмет и нажав кнопку «Купить»»."
"""Buy high, sell higher!""","«Покупай дороже, продавай дороже!»"
"""Buy new healing and utility skills with hero points in the Hero panel [lbracket]%str1%[rbracket]. You gain a hero point every level, and you can also earn them by completing hero challenges. Once purchased, equip by clicking on the arrow just above a skill slot on your bar.""","«Купите новые навыки исцеления и вспомогательные навыки за очки героя на панели героя [lbracket]%str1%[rbracket]. Вы получаете очко героя на каждом уровне, и вы также можете заработать их, выполняя испытания героя. После покупки экипируйтесь, нажав на стрелку чуть выше слота навыков на панели»."
"""By Ash, Blood, and Iron!""","«Пеплом, кровью и железом!»"
"""By Joko, did I just see a flying cat?""","«Джоко, я только что видел летающую кошку?»"
"""By Jormag's tooth, what a monstrosity! Good thing you came along, or we'd all be dead.""","«Клянусь Йормагом, какое чудовище! Хорошо, что ты появился, иначе мы все были бы мертвы»."
"""By Lyssa's mirrored mask, this place is grueling.""","«Судя по зеркальной маске Лиссы, это место изнурительное»."
"""By Melandru's will, I will rend you from this world, charr!""","«По воле Меландру я вырву тебя из этого мира, чарр!»"
"""By Melandru, we'll do this face-to-face!""","«Клянусь Меландру, мы сделаем это лицом к лицу!»"
"""By Raven, there's no end to Tyria.""","«Клянусь Рейвен, Тирии нет конца»."
"""By binding together, we become stronger.""","«Объединяясь, мы становимся сильнее»."
"""By clearing fractals and combating the effects of the incursions in Tyria, you can restore stability to the boundary between worlds. To hasten this, we have prepared a new entryway to the Mists.""","«Очищая фракталы и борясь с последствиями вторжений в Тирию, вы сможете восстановить стабильность на границе между мирами. Чтобы ускорить это, мы подготовили новый вход в Туманы»."
"""By combating the incursion effects in Tyria and entering the fractals themselves, you will dampen a resonance in the Mists. As instability can perpetuate itself, so too can stability.""","«Сражаясь с эффектами вторжения в Тирию и входя в сами фракталы, вы ослабите резонанс в Туманах. Как нестабильность может сохраняться, так и стабильность может сохраняться»."
"""By default, pressing the Escape key will close any open windows. This option will disable that behavior.""",«По умолчанию нажатие клавиши Escape закроет все открытые окна. Эта настройка отключит такое поведение».
"""By default, the cursor is shown with high contrast.""",«По умолчанию курсор отображается с высокой контрастностью».
"""By default, the cursor is shown with low contrast.""",«По умолчанию курсор отображается с низкой контрастностью».
"""By default, the cursor is shown with no extra contrast.""",«По умолчанию курсор отображается без дополнительного контраста».
"""By default, the skimmer is elevated off of the ground, allowing it to avoid obstacles and move over water and quicksand. While over water, the skimmer will also receive a speed boost.""","«По умолчанию скиммер приподнят над землей, что позволяет ему избегать препятствий и перемещаться по воде и зыбучим пескам. Находясь над водой, скиммер также получает прирост скорости»."
"""By exploring your environment, you've unlocked a new conversation option with a nearby character. Speak with them again to find out more.""","«Исследуя свое окружение, вы открыли новый вариант разговора с персонажем, находящимся поблизости. Поговорите с ним ещё раз, чтобы узнать больше»."
"""By focusing on the ring's magic, you are able to see through the illusions in the Moon Fortress.""","«Сосредотачиваясь на магии кольца, вы сможете видеть сквозь иллюзии в Лунной крепости»."
"""By keeping the peace in Moriarty's Hold, you've renewed Agent Cotts' hope that the Penzan Privateers can be ready to act.""","«Сохраняя мир в крепости Мориарти, вы возобновили надежду агента Коттса на то, что пензанские каперы могут быть готовы действовать»."
"""By my readings, you can't get the core sample you need right now. The reactor's too hot. You need to cool it down.""","«По моим показаниям, вы не можете получить нужный вам образец активной зоны прямо сейчас. Реактор слишком горячий. Вам нужно его охладить»."
"""By reaching this location, you have proven your mastery of Amnytas's terrain.""","«Добравшись до этого места, вы доказали свое владение местностью Амнитаса»."
"""By reaching this location, you have proven your mastery of Canthan terrain.""","«Достигнув этого места, вы доказали свое мастерство на территории Кантана»."
"""By reaching this location, you have proven your mastery of Castora's terrain.""","«Достигнув этого места, вы доказали свое мастерство владения местностью Касторы»."
"""By reaching this location, you have proven your mastery of Janthir Syntri's terrain.""","«Достигнув этого места, вы доказали свое мастерство владения местностью Джантира Синтри»."
"""By reaching this location, you have proven your mastery of Lowland Shore's terrain.""","«Достигнув этого места, вы доказали свое мастерство на местности Лоуленд-Шор»."
"""By reaching this location, you have proven your mastery of Nayos's terrain.""","«Достигнув этого места, вы доказали свое мастерство на местности Найоса»."
"""By reaching this location, you have proven your mastery of Skywatch Archipelago's terrain.""","«Достигнув этого места, вы доказали свое мастерство владения местностью архипелага Небесного Дозора»."
"""By reaching this location, you have proven your mastery of the Wizard's Tower.""","«Достигнув этого места, вы доказали свое мастерство в Башне Волшебника»."
"""By reaching this point in Jahai, you've demonstrated your mastery in navigating the bluffs.""","«Достигнув этой точки в Джахае, вы продемонстрировали свое мастерство в навигации по обрывам»."
"""By reaching this point in Maguuma, you've demonstrated your mastery in navigating the jungle's density.""","«Достигнув этой точки в Магууме, вы продемонстрировали свое мастерство в навигации по густонаселенным джунглям»."
"""By reaching this point in Thunderhead Peaks, you've demonstrated your mastery in navigating the mountain.""","«Достигнув этой точки Громового Пика, вы продемонстрировали свое мастерство в навигации по горе»."
"""By reaching this point in Tyria, you've demonstrated your mastery in navigating the world.""","«Достигнув этой точки в Тирии, вы продемонстрировали свое мастерство в навигации по миру»."
"""By reaching this point, you've demonstrated your mastery in navigating Dragonfall.""","«Достигнув этой точки, вы продемонстрировали свое мастерство в навигации по Драконопаду»."
"""By rebuilding the sanctuary, you will be granted access to Kormir's sanctum.""","«Восстановив святилище, вы получите доступ к святилищу Кормира»."
"""By seizing a champion's flame-dragon magic with Aurene's gift, you are able to carry it into another Dragon Response Mission.""","«Захватив магию огненного дракона чемпиона с помощью дара Аурин, вы сможете перенести её в другую миссию реагирования на драконов»."
"""By seizing a champion's ice-dragon magic with Aurene's gift, you are able to carry it into another Dragon Response Mission.""","«Захватив магию ледяного дракона чемпиона с помощью дара Аурин, вы сможете перенести её в другую миссию реагирования на драконов»."
"""By sowing enough of these seeds in the right place, a large vine bridge can be grown to span a gap. One such spot lies just to the south of here.""","«Посеяв достаточное количество этих семян в нужном месте, можно вырастить большой мост из лозы, который перекроет пропасть. Одно из таких мест находится к югу отсюда»."
"""By stopping its corruptive crystals, the Pact has lured a Claw of Jormag from the sky. Now, everyone must rally to defeat the beast.""","«Остановив порочные кристаллы, Пакт выманил с неба Коготь Йормага. Теперь все должны сплотиться, чтобы победить зверя»."
"""By the Alchemy, you miners are almost as efficient as the golems back home!""","«Клянусь Алхимией, вы, шахтеры, почти так же эффективны, как големы дома!»"
"""By the Alchemy... We're too late to save most of these people, but there may still be survivors.""","«Клянусь Алхимией... Мы уже слишком поздно, чтобы спасти большую часть этих людей, но, возможно, ещё остались выжившие»."
"""By the Bear, I can barely breathe in this steaming cesspool!""","«Ей-богу, я едва могу дышать в этой дымящейся клоаке!»"
"""By the Bear, one of us is going to get hurt... and it's not going to be me.""","«Клянусь Медведем, один из нас пострадает… и это буду не я»."
"""By the Blessed Mother, I do have spare rift essence.""","«Клянусь Пресвятой Матерью, у меня есть запасная сущность разлома»."
"""By the Eternal Alchemy, what is that?""","«Клянусь Вечной Алхимией, что это?»"
"""By the Six Gods, this luggage is heavy. I'll never understand why Minister Merula needs so many shoes.""","«Клянусь Шестью Богами, этот багаж тяжёлый. Я никогда не пойму, зачем министру Меруле столько обуви»."
"""By the Six, that's a lot of tendrils!""","«Клянусь Шестой, это очень много усиков!»"
"""By the Tablet, I swear it will be done.""","«Клянусь Скрижалью, клянусь, это будет сделано»."
"""By the Tree! A Wyld Hunt, so soon? And such a momentous task. To be a Valiant of the Wyld Hunt is a difficult charge. Bear this calling with pride.""","«У Дерева! Дикая Охота, так скоро? И такая важная задача. Быть доблестным участником Дикой Охоты — трудная обязанность. Несите это призвание с гордостью»."
"""By the base of the arm, near what is broken and wildly worn.""","«У основания руки, возле того, что сломано и сильно изношено»."
"""By the gods, I'm a doctor, not a counselor. If you're not bleeding, I can't help you. And even if you are, I've already got more patients than I can handle.""","«Ей-богу, я врач, а не консультант. Если у вас нет кровотечения, я не смогу вам помочь. А даже если и есть, у меня уже больше пациентов, чем я могу выдержать»."
"""By the power of the arcane, I call forth the energies of space and time. With words of power and gestures of might, I command the very fabric of reality to bend to my will. Let the Wizard's Tower be transported to a place of my choosing, across mountains, oceans, and lands unknown. Let the tower be protected from harm and disruption, and let it reappear unscathed in its new location. So mote it be.""","«Силой тайной магии я вызываю энергии пространства и времени. Словами силы и жестами мощи я приказываю самой ткани реальности подчиниться моей воле. Пусть Башня Волшебника перенесется в место по моему выбору, через горы, океаны и неизведанные земли. Пусть башня будет защищена от вреда и разрушения, и пусть она снова появится невредимой на своем новом месте. Да будет так»."
"""By the sons of Olafson, what a dark day. So be it... I'll keep my head down and head for the north gate.""","«Клянусь сыновьями Олафсона, какой тёмный день. Пусть будет так... Я буду держать голову опущенной и направлюсь к северным воротам»."
"""By the whorls of the Eternal Alchemy, you're bold! But...you're correct. Knowledge is useless if it is not used. We shall aid you.""","«Клянусь витками Вечной Алхимии, ты смел! Но… ты прав. Знания бесполезны, если их не использовать. Мы поможем тебе»."
"""By your will, Commander. I swear to you...this isn't over.""","«По вашей воле, командир. Клянусь вам… это ещё не конец»."
"""By your will, Preceptor.""","«По вашему желанию, наставник»."
"""C'mere, you.""","«Иди сюда, ты»."
"""C'mon, Data Dog! Let's go!""","«Давай, Информационная собака! Поехали!»"
"""C'mon, bud. Let's get you something to eat.""","— Давай, приятель. Давай принесём тебе что-нибудь поесть."
"""C'mon, let's get out of here.""","— Давай, пойдём отсюда."
"""C'mon, let's go.""","«Давай, пойдём»."
"""Cache keepers have returned to their posts at control points around the map, and their caches remain sealed.""","«Хранители тайников вернулись на свои посты в контрольных точках по всей карте, и их тайники остаются запечатанными»."
"""Cactus meat, now!""","«Мясо кактуса, сейчас же!»"
"""Cadets, your performance today was appalling. You've all failed. Spectacularly.""","«Кадеты, ваше выступление сегодня было ужасающим. Вы все потерпели неудачу. Поразительно»."
"""Caisson put you in charge, so I assumed you knew what you were doing.""","«Кессон поручил вам руководить, поэтому я предположил, что вы знаете, что делаете»."
"""Caithe and I investigated the depths of Bloodstone Maw and determined that something—or someone—had consumed the power of the Bloodstone. Unfortunately, whoever or whatever it was left the area, so there are still many questions unanswered.""","«Кейт и я исследовали глубины Кровавой Утробы и установили, что что-то — или кто-то — поглотило силу Кровавого камня. К сожалению, кто бы это ни был, покинул это место, поэтому до сих пор остается много вопросов без ответа»."
"""Caithe and I stole some courtiers' robes, and infiltrated the Nightmare Court campsite at Hemlock Coil. With a little stealth and a lot of good fortune, the white stag is free again. Now we will take it to the Grove, where the stag will be safe.""","«Мы с Кейт украли мантии нескольких придворных и проникли в лагерь Кошмарного двора в Болиголове. Немного невидимости и удачи, и белый олень снова свободен. Теперь мы отнесем его в Рощу, где олень будет в безопасности»."
"""Caithe has asked to see you. This firstborn sylvari is mysterious and somewhat dark in temperament, but surely she means well.""","«Кейт попросила о встрече с тобой. Этот первенец сильвари загадочный и несколько мрачный по темпераменту, но у неё, конечно, добрые намерения»."
"""Caithe has beckoned me back to the Grove to help soothe rising tensions in my very home, Dreamer's Terrace. Given that I'm not especially busy, I'm on my way.""","«Кейт позвала меня обратно в Рощу, чтобы помочь снять растущее напряжение в моем доме, на Террасе Мечтателя. Учитывая, что я не особенно занят, я уже в пути»."
"""Caithe has called me home, to help her investigate some trouble. I shall seek out the Pale Tree and see how I can be of service.""","«Кейт позвала меня домой, чтобы помочь ей разобраться с какой-то проблемой. Я найду Бледное Древо и посмотрю, чем могу быть полезна»."
"""Caithe introduced me to another firstborn named Trahearne. His Wyld Hunt involves Orr as well. Strangely, Caithe seemed to be very gentle with him—far more so than I've seen her with the other sylvari. She treats him like a little brother! Anyway, he had a job for me: to go help a pair of sylvari twins barter with the hylek.""","«Кейт познакомила меня с другим первенцем по имени Трахирн. В его Дикой охоте участвует и Орр. Как ни странно, Кейт была с ним очень нежной — гораздо более нежной, чем я видел её с другими сильвари. Она обращается с ним как с младшим братом! В любом случае, у него была для меня работа: пойти помочь паре сильвари-близнецов в обмене с хилеками»."
"""Caithe is one of the Firstborn, the first Sylvari who sprung from the fruit of the Pale Tree. She wanders Tyria, but when she in the Grove, she is usually found here.""","«Кейт — одна из Первенцев, первая Сильвари, выросшая из плода Бледного Древа. Она странствует по Тирии, но когда она в Роще, её обычно можно найти здесь»."
"""Caithe rarely asks for help. It's best to check in from time to time, than to assume she'll let you know when she needs you.""","«Кейт редко просит о помощи. Лучше время от времени проверять её, чем рассчитывать, что она сообщит, когда ты ей понадобишься»."
"""Caithe reached out to me over the comms, asking where I was, what I was doing. I'll admit I didn't have a good answer. She asked me to return to Thunderhead Keep, where the others waited with Aurene. It was time to say good-bye.""","«Кейт связалась со мной по связи, спрашивая, где я нахожусь и что делаю. Признаюсь, у меня не было хорошего ответа. Она попросила меня вернуться в Крепость Громовой Головы, где остальные ждали вместе с Орин. Пришло время попрощаться»."
"""Caithe thinks we should spy on the Nightmare Court. They'll know where Gavin has taken the white stag, and that might be our best hope to recover it.""","«Кейт считает, что нам следует шпионить за Кошмарным двором. Они будут знать, куда Гэвин забрал белого оленя, и это может быть нашей лучшей надеждой вернуть его»."
"""Caithe's letter spoke of being the Pale Tree's champion, and helping to solve a disagreement between the Orders of Tyria. She said she'd explain the circumstances when you returned home, to the Grove.""","«В письме Кейт говорилось о том, что она является защитницей Бледного Древа и помогает разрешить разногласия между Орденами Тирии. Она сказала, что объяснит обстоятельства, когда вы вернетесь домой, в Рощу»."
"""Caithe, Malyck, and I discovered Malyck's pod in Venlin Vale. Although it was similar to those from the Pale Tree...there was something very different about it. The Knight of Embers discovered this information as well, and now we must stop her before she carries that news to the Nightmare Court.""","«Кейт, Малик и я обнаружили капсулу Малика в долине Венлин. Хотя она была похожа на капсулы из Бледного Древа... было в ней что-то совсем другое. Рыцарь Углей тоже обнаружила эту информацию, и теперь мы должны остановить её, прежде чем она принесет эту новость в Кошмарный Двор»."
"""Caithe, meet my first champion, Sariel.""","«Кейт, познакомься с моим первым чемпионом, Сариэлем»."
"""Caithe: It will require strength, strategy, and insight.""","""Кейт: Это потребует силы, стратегии и проницательности."""
"""Caiwyn the Corsair has the title, but not the attitude. He spends his time loafing around the Grove.""","«У Корсара Кайвина есть титул, но нет отношения. Он проводит время, слоняясь по Роще»."
"""Caladbolg...the sword is powerful. With it, we have a chance to—""",«Каладболг… меч могуч. С его помощью у нас есть шанс…»
"""Caledon Forest, the sylvari homeland, spreads outward from the base of the Pale Tree. Sadly, this vast green land knows little peace. Orrian undead emerge from the surf, threatening the Grove.""","«Лес Каледон, родина сильвари, простирается от подножия Бледного Древа. К сожалению, эта обширная зелёная земля не знает покоя. Оррианская нежить выходит из прибоя, угрожая Роще»."
"""Calibration is now locked to a series of semi-safe settings. Adjustments are currently...difficult to make. I would fix it, but I can just as easily work around the problem.""","«Теперь калибровка привязана к ряду полубезопасных настроек. Регулировку в настоящее время... сложно сделать. Я бы это исправил, но я могу так же легко обойти проблему»."
"""Calibration thumpers can now be constructed around Mount Balrior. Use them to create calibrated essence, and bring it back to base camp to increase synchronization.""","«Теперь вокруг горы Балриор можно построить калибровочные молоты. Используйте их, чтобы создать калиброванную сущность, и принесите её обратно в базовый лагерь, чтобы улучшить синхронизацию»."
"""Call down a cannon barrage, knocking down enemies and dealing 20%% damage to the enemy lord.""","«Вызовите артиллерийский залп, сбивающий врагов с ног и наносящий 20%% урона вражескому лорду»."
"""Call down a healing rain on the target area, granting regeneration to allies and curing conditions once every three seconds. Allies are healed for each condition removed.""","«Вызовите исцеляющий дождь в выбранной области, даруя союзникам регенерацию и леча состояния раз в три секунды. Союзники исцеляются за каждое снятое состояние»."
"""Call down a maelstrom on target area, blinding and freezing foes it hits.""","«Вызовите водоворот в выбранной области, ослепляя и замораживая противников, в которых он попадает»."
"""Call down a pacified magical storm on the target area, healing, curing conditions from allies, and granting regeneration to allies once every second.""","«Вызовите умиротворенную магическую бурю в выбранной области, исцеляющую и снимающую состояния союзников, а также дарующую союзникам регенерацию раз в секунду»."
"""Call down an artillery barrage at target location, damaging foes.""","«Вызовите артиллерийский обстрел в выбранном месте, нанося урон противникам»."
"""Call in a new pet [lbracket]%str1%[rbracket], and your current pet will be healed and ready for action.""","«Вызовите нового питомца [lbracket]%str1%[rbracket], и ваш текущий питомец будет исцелен и готов к действию»."
"""Calm down, Mom, please calm down!""","«Успокойся, мама, пожалуйста, успокойся!»"
"""Calm down, buddy. Who'd want to look at your ugly mug?""","«Успокойся, приятель. Кому захочется смотреть на твою уродливую рожу?»"
"""Calogero, Avatar of the All Seer""","«Калоджеро, Аватар Всевидящего»"
"""Camp Tier 1: The Crystal Bloom has built a small camp. Local Brandstorms still surround them, limiting their effectiveness.""","«Лагерь 1-го уровня: Хрустальное Цветение построило небольшой лагерь. Местные Брендштормы все ещё окружают их, ограничивая их эффективность»."
"""Camp Tier 1: The Mist Wardens have built a small camp. Local Brandstorms still surround them, limiting their effectiveness.""","«Уровень лагеря 1: Стражи Тумана построили небольшой лагерь. Местные Брендовые бури все ещё окружают их, ограничивая их эффективность»."
"""Camp Tier 1: The Olmakhan have built a small camp. Local Brandstorms still surround them, limiting their effectiveness.""","«Лагерь 1-го уровня: Олмаханы построили небольшой лагерь. Местные брэндштормы все ещё окружают их, ограничивая их эффективность»."
"""Camp Tier 3: The Olmakhan have completed testing the Soul Binders, and distribution to allies can begin. Camp upgrades are now underway.""","«Уровень лагеря 3: Олмаханы завершили испытания Хранителей душ, и можно начать их раздачу союзникам. Сейчас идет модернизация лагеря»."
"""Camp should be just up this way. Final push! Come on, everyone!""",«Лагерь должен быть здесь. Последний рывок! Давайте все!»
"""Can I get any better? Indeed, I can.""","«Могу ли я стать лучше? Действительно, могу»."
"""Can I get some help, here?""",— Могу ли я получить здесь помощь?
"""Can be combined by a skilled crafter with a Gift of Magical Prosperity, Gift of Stormy Skies, and Gift of Expertise within the Wizard's Tower to create legendary armor.""","«Может быть объединен опытным мастером с Даром магического процветания, Даром грозового неба и Даром опыта в Башне Волшебника для создания легендарной брони»."
"""Can be combined in the Mystic Forge with Blade Shards, Crystalline Dust, and Orichalcum Ingots to create an Advanced Spinal Blades back item. NOTE: Cannot be used in the Mystic Forge if transmuted.""","«Можно объединить в Мистической кузнице с осколками клинков, кристаллической пылью и слитками орихалка, чтобы создать предмет спины Advanced Spinal Blades. ПРИМЕЧАНИЕ. Невозможно использовать в Мистической кузнице при трансмутации»."
"""Can be combined in the Mystic Forge with Blade Shards, Incandescent Dust, and Mithril Ingots to create a Quad Spinal Blades back item. NOTE: Cannot be used in the Mystic Forge if transmuted.""","«Можно объединить в Мистической кузнице с осколками клинков, раскаленной пылью и мифриловыми слитками, чтобы создать предмет спины с четырьмя спинными клинками. ПРИМЕЧАНИЕ. Невозможно использовать в Мистической кузнице при трансмутации»."
"""Can be combined in the Mystic Forge with Blade Shards, Luminous Dust, and Steel Ingots to create a Twin Spinal Blades back item. NOTE: Cannot be used in the Mystic Forge if transmuted.""","«Можно объединить в Мистической кузнице с осколками клинков, светящейся пылью и стальными слитками, чтобы создать предмет спины «Двойные спинальные клинки». ПРИМЕЧАНИЕ. Невозможно использовать в Мистической кузнице после трансмутации."
"""Can be combined in the Mystic Forge with Blade Shards, a Vision Crystal, and the Gift of Blades to create a Tempered Spinal Blades back item. NOTE: Cannot be used in the Mystic Forge if transmuted.""","«Можно объединить в Мистической кузнице с осколками клинков, Кристаллом видения и Даром клинков, чтобы создать предмет спины «Закаленные спинальные клинки». ПРИМЕЧАНИЕ. Невозможно использовать в Мистической кузнице после трансмутации."
"""Can be combined in the Mystic Forge with Tempered Spinal Blades, Crystalline Dust, and Bottles of Elonian Wine to create a colored version of Tempered Spinal Blades.""","«Можно объединить в Мистической кузнице с закаленными хребтовыми клинками, кристаллической пылью и бутылками элонского вина, чтобы создать цветную версию закаленных хребтовых клинков»."
"""Can be traded with vendors in the Domain of Istan, used for crafting, or consumed for Volatile Magic.""","«Можно продать торговцам во Домене Истан, использовать для изготовления предметов или использовать для получения нестабильной магии»."
"""Can be used to capture Auric energy from Tarir, the Forgotten City.""","«Можно использовать для сбора аурической энергии Тарира, Забытого города»."
"""Can harvest Ancient, Elder and all lesser woods.""","«Можно собирать древнюю, древнюю и любую меньшую древесину»."
"""Can harvest Ancient, Elder, and all lesser woods.<br>Gain snowflakes when gathering.""","«Можно собирать древнюю, древнюю и любую меньшую древесину.<br>При сборе можно получить снежинки»."
"""Can harvest Mithril, Platinum and all lesser metals.""","«Можно собирать мифрил, платину и все другие металлы»."
"""Can harvest Orichalcum, Mithril, and all lesser metals.<br>Gain snowflakes when gathering.""","«Можно собирать орихалк, мифрил и все другие металлы.<br>При сборе можно получить снежинки»."
"""Can someone help me get back to the village? It's... Oh, gods, everything is floating in the air.""","«Может кто-нибудь помочь мне вернуться в деревню? Это… О боги, все плывет в воздухе»."
"""Can the chatter, you two. I need to concentrate.""","«Можно поболтать, вы двое. Мне нужно сконцентрироваться»."
"""Can use any weight's helmet for the gift. If needed, remnants of this item can be purchased from Janthir Syntri renown heart vendors.""",«В качестве подарка можно использовать шлем любого веса. При необходимости остатки этого предмета можно приобрести у известных торговцев сердцами Джантира Синтри».
"""Can you hear me Flame Legion? Your pain and suffering awaits you, and I'm the one who's going to deliver it!""","«Ты слышишь меня, Легион Пламени? Твоя боль и страдания ждут тебя, и именно я собираюсь их избавить!»"
"""Can you keep those rage issues under control if chosen, big guy?""","«Сможешь ли ты держать эти проблемы с яростью под контролем, если выберешь, большой парень?»"
"""Can you lend us a hand, Commander?""","— Вы можете нам помочь, коммандер?"
"""Can you make quaggan mad? If you can make quaggan mad, then quaggan will rage. Aren't you curious?""","«Можешь ли ты разозлить кваггана? Если ты сможешь разозлить кваггана, то квагган разозлится. Тебе не любопытно?»"
"""Can you stop him, Zojja?""","«Сможешь ли ты остановить его, Зоджа?»"
"""Can't believe I'm saying it, but this might actually work. Feels good to be doing something for once.""","«Не могу поверить, что говорю это, но это действительно может сработать. Приятно хоть раз что-то сделать»."
"""Can't believe we're back in the Underworld. You know, voluntarily.""","«Не могу поверить, что мы снова в Подземном мире. Знаешь, добровольно»."
"""Can't fight your way out of a paper bag? Get all four paper helmet skins for a bargain price! Happy, Sad, Angry, and Blushing paper helmet skins can be applied once to replace the appearance of another helm of any weight class or converted for PvP use.""","«Не можете выбраться из бумажного пакета? Получите все четыре облика бумажного шлема по выгодной цене! Облики бумажных шлемов «Счастливый», «Грустный», «Злой» и «Краснеющий» можно применить один раз, чтобы заменить внешний вид другого шлема любой весовой категории или преобразовать для использования в PvP»."
"""Can't gather elemental cores without my patented core collector. Here, take one! Just hit them with it when they're weakened.""","«Не могу собрать ядра элементов без моего запатентованного сборщика ядер. Вот, возьми одно! Просто ударь им, когда они ослабнут»."
"""Can't get enough of me, huh?""","— Не можешь меня нарадоваться, да?"
"""Can't just leave me alone, can you! I just want one stupid egg!""","«Не можешь просто оставить меня в покое, не так ли? Я просто хочу одно дурацкое яйцо!»"
"""Can't spare any Kralkatite now, but I'd like to see what supplies you have.""","«Сейчас я не могу выделить ни одного кракатита, но мне хотелось бы посмотреть, какие припасы у вас есть»."
"""Can't touch fire trolls. Can't make them go. Oh, what now, what now?""","«Не могу прикоснуться к огненным троллям. Не могу заставить их уйти. О, что теперь, что теперь?»"
"""Can't you just say """"excuse me"""" like everyone else?""","«Разве ты не можешь просто сказать «извините», как все остальные?»"
"""Canach and I planted bramble walls, bombed siege engines, and destroyed barricades to weaken the Moon Fortress's defenses ahead of our army's arrival.""","«Мы с Кэнаком возвели стены из ежевики, разбомбили осадные машины и разрушили баррикады, чтобы ослабить оборону Лунной крепости перед прибытием нашей армии»."
"""Canach's list of required components for his """"device.""""""",«Список Кэнака необходимых компонентов для его «устройства»»».
"""Canach, Rytlock, and I invaded the main Forged camp near Amnoon. Balthazar was not there, so we did as much damage as we could, taking out multiple Forged officers and a massive, heavily armored living weapon. Even if we can't find Balthazar himself, we'll keep tearing apart his armies and disrupting his chain of command until he comes to us.""","«Канак, Ритлок и я вторглись в главный лагерь Кованых возле Амнуна. Бальтазара там не было, поэтому мы нанесли столько урона, сколько могли, уничтожив нескольких офицеров Кованых и массивное, тяжелобронированное живое оружие. Даже если мы не сможем найти самого Бальтазара, мы будем продолжать разрывать его армии и нарушать его цепочку командования, пока он не придёт к нам»."
"""Canned Rice Ball with """"Lucky"""" Filling[s]""",«Консервированные рисовые шарики с начинкой «Счастливчик»»
"""Cannonball will now knock down foes, leaving them disabled as you engage them.""","«Пушечное ядро ??теперь будет сбивать врагов с ног, оставляя их отключенными, когда вы вступаете в бой»."
"""Cannot be blinded, chilled, crippled, immobilized, knocked down, launched, or pushed back. Cannot be removed.""","«Невозможно ослепить, охладить, покалечить, обездвижить, сбить с ног, запустить или оттолкнуть. Невозможно удалить»."
"""Cannot be chilled, crippled, knocked down, launched, or pushed back. Cannot be removed.""","«Невозможно охладить, покалечить, сбить с ног, запустить или оттолкнуть. Невозможно удалить»."
"""Cannot be chilled, crippled, knocked down, launched, or pushed back.""","«Невозможно охладить, покалечить, сбить с ног, запустить или оттолкнуть назад»."
"""Cannot be knocked down, pushed back, pulled, launched, stunned, dazed, floated, sunk, feared, or taunted.""","«Невозможно сбить, оттолкнуть, потянуть, запустить, оглушить, ошеломить, удержать на плаву, утопить, испугать или насмехаться»."
"""Cannot be stunned, knocked down, knocked back, or launched.""","«Невозможно оглушить, сбить с ног, отбросить назад или запустить»."
"""Cannot use this item without being near Atlalli, the Master Alchemist in Timberline Falls.""","«Невозможно использовать этот предмет, не находясь рядом с Атлалли, мастером-алхимиком в Тимберлайн-Фолс»."
"""Cantha expelled all nonhumans and closed its borders long ago. After Orr rose, it was isolated further.""",«Канта изгнала всех нелюдей и давно закрыла свои границы. После восстания Орра она ещё больше изолировалась».
"""Cantha's no stranger to the occasional troublemaker, but sky pirates from the Mists are new.""","«Канте не чужды случайные нарушители спокойствия, но небесные пираты из Туманов — новички»."
"""Capes, Cloaks""","«Накидки, плащи»"
"""Captain """"Bonny"""" Anne Reid""",«Капитан» «Бонни» «Энн Рид»
"""Captain Ellen Kiel has requested your presence in Lion's Arch to greet the Zephyrite leader, the Master of Peace.""","«Капитан Эллен Киль попросила вас присутствовать в Львиной Арке, чтобы поприветствовать лидера Зефиритов, Мастера Мира»."
"""Captain Farrus's Journal, Section One""","«Журнал капитана Фарруса, раздел первый»"
"""Captain Farrus's Journal, Section Three""","«Журнал капитана Фарруса, раздел третий»"
"""Captain Farrus's Journal, Section Two""","«Журнал капитана Фарруса, раздел второй»"
"""Captain Jetsam runs the pirates with the help of four crewmasters. If the crewmasters are beaten, then quaggan can force the captain to listen and let quaggan join!""","«Капитан Джетсам управляет пиратами с помощью четырех капитанов экипажей. Если капитаны экипажей побеждены, то квагган может заставить капитана послушаться и позволить кваггану присоединиться!»"
"""Captain Leo the Relentless and the Kitty Crew, Chapter 1""","«Капитан Лео Безжалостный и команда Китти, Глава 1»"
"""Captain Leo the Relentless and the Kitty Crew, Chapter 10""","«Капитан Лео Безжалостный и команда Китти, глава 10»"
"""Captain Leo the Relentless and the Kitty Crew, Chapter 11""","«Капитан Лео Безжалостный и команда Китти, глава 11»"
"""Captain Leo the Relentless and the Kitty Crew, Chapter 2""","«Капитан Лео Безжалостный и команда Китти, Глава 2»"
"""Captain Leo the Relentless and the Kitty Crew, Chapter 3""","«Капитан Лео Безжалостный и команда котят, глава 3»"
"""Captain Leo the Relentless and the Kitty Crew, Chapter 4""","«Капитан Лео Безжалостный и команда Китти, Глава 4»"
"""Captain Leo the Relentless and the Kitty Crew, Chapter 5""","«Капитан Лео Безжалостный и команда Китти, Глава 5»"
"""Captain Leo the Relentless and the Kitty Crew, Chapter 6""","«Капитан Лео Безжалостный и команда Китти, Глава 6»"
"""Captain Leo the Relentless and the Kitty Crew, Chapter 7""","«Капитан Лео Безжалостный и команда Китти, глава 7»"
"""Captain Leo the Relentless and the Kitty Crew, Chapter 8""","«Капитан Лео Безжалостный и команда Китти, глава 8»"
"""Captain Leo the Relentless and the Kitty Crew, Chapter 9""","«Капитан Лео Безжалостный и команда Китти, глава 9»"
"""Captain Magnus the Bloody-Handed, Captain's Council, Lion's Arch""","«Капитан Магнус Кровавая Рука, Совет капитанов, Львиная арка»"
"""Captain Magnus, Ship's Council, Lion's Arch""","«Капитан Магнус, Корабельный совет, Львиная арка»"
"""Captain Tervelan has a pessimistic view of my investigation. He insists that all members of the Falcon Company are long dead. I offered to help his soldiers attack a nearby centaur camp, just so I can have a look around it.""","«Капитан Тервелан пессимистично смотрит на мое расследование. Он настаивает на том, что все члены роты «Сокол» давно мертвы. Я предложил помочь его солдатам атаковать ближайший лагерь кентавров, просто чтобы я мог осмотреться вокруг»."
"""Captain Tervelan said the letters he received were signed by Minister Arton. If Arton ordered the Falcon Company's deaths, then he's a danger to Queen Jennah—and he's working against the treaty at Ebonhawke. He must be stopped.""","«Капитан Тервелан сказал, что письма, которые он получил, были подписаны министром Артоном. Если Артон приказал убить компанию «Сокол», то он представляет опасность для королевы Дженны — и он работает против договора в Эбонхоке. Его необходимо остановить»."
"""Captain Thackeray and I arrived at the hospital just as arsonists were setting it on fire. We fought the bandits and saved the injured patients, but were too late to rescue the orphanage as well. By the time the Ministry Guard arrived, everything was over. Commander Serentine always seems to show up just a little too late to catch these bandits. It's suspiciously convenient.""","«Капитан Теккерей и я прибыли в больницу как раз в тот момент, когда поджигатели её подожгли. Мы сражались с бандитами и спасали раненых пациентов, но опоздали и на спасение приюта. К моменту прибытия Министерской гвардии все уже было кончено. Кажется, командир Серентин всегда появляется слишком поздно, чтобы поймать этих бандитов. Это подозрительно удобно»."
"""Captain Thackeray and I arrived at the orphanage just as arsonists were setting it on fire. We fought the bandits and saved the orphans, but were too late to rescue the hospital as well. By the time the Ministry Guard arrived, everything was over. Commander Serentine always seems to show up just a little too late to catch these bandits. It's suspiciously convenient.""","«Капитан Теккерей и я прибыли в приют как раз в тот момент, когда поджигатели его подожгли. Мы сражались с бандитами и спасли сирот, но опоздали и на спасение больницы. К моменту прибытия Министерской гвардии все уже было кончено. Кажется, командир Серентин всегда появляется слишком поздно, чтобы поймать этих бандитов. Это подозрительно удобно»."
"""Captain Thackeray and I searched Zamon's house. We found evidence: Queen Salma's chalice, floor plans of ransacked properties, and a letter from Zamon's sister, Lady Madeline, hinting at his suspicious activities. Zamon returned from the party as we were leaving, and Thackeray called him to trial right then and there, making our accusations both public and official.""","«Капитан Теккерей и я обыскали дом Замона. Мы нашли улики: чашу королевы Сальмы, планы разграбленных владений и письмо от сестры Замона, леди Мэдлин, намекающее на его подозрительную деятельность. Замон вернулся с вечеринки, когда мы уходили, и Теккерей тут же вызвал его на суд, сделав наши обвинения одновременно публичными и официальными»."
"""Captain Thackeray and I set a trap for Two-Blade Pete—and I was the bait. I fought gang members until Pete arrived. When he did, Thackeray and the Seraph ambushed him. Together, Logan and I ended Two-Blade Pete and his gang.""","«Капитан Теккерей и я устроили ловушку для Пита с двумя клинками, и я был приманкой. Я сражался с членами банды, пока не прибыл Пит. Когда он это сделал, Теккерей и Серафим устроили на него засаду. Вместе мы с Логаном покончили с Питом с двумя клинками и его бандой»."
"""Captain Thackeray and I told the queen what we learned. Minister Arton claims innocence, of course. We need more evidence to take him to trial, so I'm going to speak a former member of Tervelan's command who might know more.""","«Капитан Теккерей и я рассказали королеве, что мы узнали. Министр Артон, конечно, заявляет о своей невиновности. Нам нужно больше доказательств, чтобы привлечь его к суду, поэтому я собираюсь поговорить с бывшим членом команды Тервелана, который может знать больше»."
"""Captain Thackeray asked me to investigate the veracity of Willem Harrinton's journal. He was a member of my sister's Seraph company, the Screaming Falcons. The journal casts doubt on the report of their deaths.""","«Капитан Теккерей попросил меня проверить достоверность дневника Уиллема Харринтона. Он был членом роты серафимов моей сестры, «Кричащих соколов». Журнал ставит под сомнение сообщение об их смерти»."
"""Captain Thackeray has been a friend, and shown a genuine interest in your well-being. He said he'd keep an eye out for ways you could help Divinity's Reach. Time to check in and see if you can lend a hand.""","«Капитан Теккерей был другом и проявлял искреннюю заинтересованность в вашем благополучии. Он сказал, что будет следить за тем, как вы можете помочь Divinity's Reach. Пришло время проверить, можете ли вы протянуть руку помощи»."
"""Captain Thackeray protects the city of Divinity's Reach, and guards Queen Jennah from harm. If there's trouble, he knows to call on you. Your friendship is a source of strength for both of you.""","«Капитан Теккерей защищает город Divinity's Reach и охраняет королеву Дженну от вреда. Если возникнут проблемы, он знает, что нужно позвать вас. Ваша дружба — источник силы для вас обоих»."
"""Captain Thackeray, how are we doing?""","«Капитан Теккерей, как у нас дела?»"
"""Captain Thackeray, you made it. Hal's information led me to a Lionguard named Dansky, who used to deliver messages for Tervelan.""","«Капитан Теккерей, вы сделали это. Информация Хэла привела меня к Львиному стражу по имени Дански, который раньше доставлял сообщения для Тервелана»."
"""Captain's Council, Lion's Arch""","«Капитанский совет, Львиная арка»"
"""Capture 10 Ruin, Shrine, or Mercenary Camp Objectives in World vs. World""","«Захватите 10 целей в руинах, святилищах или лагерях наемников в режиме «World vs. World»»"
"""Capture 10 ruin, shrine, or mercenary camp objectives in World vs. World.""","«Захватите 10 руин, святынь или лагерей наемников в режиме «World vs. World»»."
"""Capture, and sometimes hold, WvW objectives.""","«Захватывайте, а иногда и удерживайте цели WvW»."
"""Capture...me? Then I am in your debt for keeping me safe, your Majesty.""","— Схватите... меня? Тогда я в вашем долгу за то, что вы меня спасли, Ваше Величество."
"""Caravan Trouble, Need Your Help""","«Проблема с караваном, нужна ваша помощь»"
"""Care to lend a hand? A new face is always welcome. You can raise the troops' spirits, train with them, and honor the fallen. When centaurs attack next—and they will come sooner or later—you'd be doing us a big favor by joining in on the defense.""","«Не хотите протянуть руку помощи? Новое лицо всегда приветствуется. Вы можете поднять дух солдат, тренироваться вместе с ними и почтить память павших. Когда кентавры нападут в следующий раз — а они рано или поздно нападут — вы окажете нам большую услугу, присоединившись к защите»."
"""Care to spar? I must warn you, what I lack in experience I make up for with zeal.""",«Хочешь спарринговать? Должен тебя предупредить: недостаток опыта я компенсирую рвением».
"""Careful where you step! This area is teeming with exotic insect fossils. In fact, should you encounter any specimens, bring them to me for identification.""","«Осторожно, когда вы ступаете! Эта местность изобилует окаменелостями экзотических насекомых. На самом деле, если вы встретите какие-либо экземпляры, принесите их мне для идентификации»."
"""Careful with those! Somebody has to pay for them! Oh no, I hope it's not me...""","«Осторожнее с ними! Кто-то должен за них платить! О нет, надеюсь, это не я…»"
"""Careful, there! Kudu may be no more, but the Crucible of Eternity is more dangerous than ever.""","«Осторожно! Куду, возможно, больше нет, но Горнило Вечности опаснее, чем когда-либо»."
"""Careful, this one is active.""","«Осторожно, этот активен»."
"""Careful, we don't want to collapse the tunnel!""","«Осторожно, мы не хотим обрушить туннель!»"
"""Caring for one's workers is caring for one's own self-interest. We will work harder, in turn.""","«Забота о своих работниках — это забота о собственных интересах. Мы, в свою очередь, будем работать усерднее»."
"""Carnival activities take place in the Commons, which is split into the eastern and western districts.""","«Карнавальные мероприятия проходят в палате общин, которая разделена на восточный и западный округа»."
"""Carried by a traveling magister, it is said that this axe weighed more heavily when raised above the guilty.""","«Говорят, что этот топор, который носил странствующий магистр, весил тяжелее, когда его поднимали над виновным»."
"""Carried into distant lands, a thorn connects the world.""","«Унесенный в дальние страны, шип соединяет мир»."
"""Carry on, Tactician.""","«Продолжай, Тактик»."
"""Carry on, citizen.""","«Продолжайте, гражданин»."
"""Carved into the shrine are the words: """"The battle maiden Jora slew her brother, Svanir, to save us from Jormag's corruption. Gaze upon her and know honor and sacrifice.""""""","«На святилище высечены слова: «Боевая дева Джора убила своего брата Сванира, чтобы спасти нас от порчи Йормага. Взгляни на неё и познай честь и жертвенность»»»."
"""Carving out warnings where the king holds court, a rider makes his yearly rounds.""","«Вырезывая предупреждения там, где придворен король, всадник совершает свой ежегодный обход»."
"""Carys: You don't scare me, Blinky. I've already seen the horrors of Orr firsthand.""","«Кэрис: Ты меня не пугаешь, Блинки. Я уже своими глазами видела ужасы Орра»."
"""Case Notes, Entry Three. An unexpected visitor dropped by: Chul-Moo! I thought maybe he'd come to shut down my lab...""","«Описание дела, запись третья. Зашёл неожиданный гость: Чул-Му! Я подумал, может, он пришёл закрыть мою лабораторию…»"
"""Case Notes, Entry Two. Today I ran further analysis on the unknown element present in the commander's haze samples.""","«Описание дела, запись вторая. Сегодня я провел дальнейший анализ неизвестного элемента, присутствующего в образцах дымки командира»."
"""Cast """"Search and Rescue!"""" when you begin reviving an ally. Moa pets grant barrier to nearby allies with their <c=@abilitytype>Beast</c> skill.""","«Примените «Поиск и спасение!»», когда вы начинаете оживлять союзника. Питомцы Моа создают барьер для ближайших союзников с помощью своего навыка <c=@abilitytype>Зверь</c>."
"""Cast Geyser when you begin reviving a downed ally. Geyser now partially revives downed allies. When you begin reviving an ally, you gain an aura based on your attunement.""","«Применяйте «Гейзер», когда начинаете оживлять поверженного союзника. «Гейзер» теперь частично оживляет поверженных союзников. Когда вы начинаете оживлять союзника, вы получаете ауру, основанную на вашей настройке»."
"""Cast Lesser """"Guard!"""" when you swap pets.""",«Применяйте Lesser «Страж!» при смене питомцев».
"""Cast Lightning Rod when you disable a foe.<br><c=@reminder>Disables include stun, daze, knockback, pull, knockdown, sink, float, launch, taunt, and fear.""","«Применяйте громоотвод, когда вы выводите противника из строя.<br><c=@reminder>В число отключений входят оглушение, ошеломление, отбрасывание, притягивание, нокдаун, погружение, плавание, запуск, насмешка и страх»."
"""Cast a fireball at foes, that explodes on impact.""","«Выбросьте в противников огненный шар, который взрывается при ударе»."
"""Cast a fireball that explodes on impact, damaging foes within the blast radius.""","«Выпускайте огненный шар, который взрывается при ударе и наносит урон противникам в радиусе взрыва»."
"""Cast a fireball that explodes on impact, hitting nearby foes.""","«Выпускайте огненный шар, который взрывается при ударе и поражает ближайших противников»."
"""Cast a line at your target, pulling it toward you.""","«Направьте леску в цель, потянув её на себя»."
"""Cast a streak of lightning that forks on impact, hitting other foes.""","«Выпускает полосу молнии, которая при ударе раздваивается и поражает других противников»."
"""Cast in the likeness of Forge Ironstrike, this rifle was crafted as a tribute to his battle against the Flame Imperator. When Kalla fell in the Plains of Golghein, Ironstrike silenced the traitor.""","«Эта винтовка, отлитая по подобию кузницы «Железный удар», была создана как дань уважения его битве против Пламенного Императора. Когда Калла пала на равнинах Гольхейна, «Железный удар» заставил предателя замолчать»."
"""Cast your fishing rod, releasing your line and bobber into the water.""","«Забросьте удочку, выпустив леску и поплавок в воду»."
"""Castaway Kenn, Jr.""",«Кастэуэй Кенн-младший».
"""Casters and archivists alike worship the iridescent glow that the Bifrost emits. Although the source of its magic is unknown, its luminous aura may hint of realms bygone—tucked away in the Mists.""","«Как заклинатели, так и архивисты поклоняются радужному сиянию, которое излучает Бифрост. Хотя источник его магии неизвестен, его светящаяся аура может намекать на ушедшие миры, спрятанные в Туманах»."
"""Casters, go tend to the cauldrons. As long as they stay unlit the Flame Legion can't take back this site.""","«Кастеры, идите к котлам. Пока они не зажжены, Легион Пламени не сможет вернуть себе это место»."
"""Catch bugs to feed to cattle, and appease stinky or moody cows.""","«Ловите жуков, чтобы кормить скот, и успокаивайте вонючих или капризных коров»."
"""Catch up with Braham, Logan, Taimi, Marjory, and Kasmeer.""","«Догони Брэхама, Логана, Тайми, Марджори и Касмир»."
"""Caudecus is guilty of many things, Captain, but he was not responsible here. The Separatists were planning to capture him as well.""","«Каудекус виновен во многом, капитан, но здесь он не виноват. Сепаратисты тоже планировали схватить его»."
"""Caudecus set off on his own, traveling north in the Sulfurous Springs.""","«Каудекус отправился в одиночку, путешествуя на север, к Серным источникам»."
"""Caudecus's favorite inventor, Uzolan, keeps checking his watch.""","«Любимый изобретатель Каудека, Узолан, все время смотрит на часы»."
"""Cause and effect, self-control and tolerance. Seek out a place where the veil runs thin and concentrate on the voices in your head.""","«Причина и следствие, самоконтроль и терпимость. Найдите место, где завеса становится тонкой, и сконцентрируйтесь на голосах в своей голове»."
"""Cause your frost aura to violently explode, healing allies and damaging foes.""","«Заставь свою ледяную ауру сильно взорваться, исцеляя союзников и нанося урон противникам»."
"""Cause your shocking aura to violently explode, stunning enemies who are struck by it.""","«Заставь свою шокирующую ауру сильно взорваться, оглушив пораженных ею врагов»."
"""Causes the visual effects of your active dragon essence Boons to be visible in all maps.<br><c=@flavor>A lingering force circles eternally within the orb, flowing between ice and fire.</c>""","""Визуальные эффекты ваших активных Даров сущности дракона становятся видимыми на всех картах.<br><c=@flavor>Непрекращающаяся сила вечно кружит внутри сферы, течет между льдом и огнём.</c>"""
"""Caustic projectiles erupt from Vialgos, covering the ground and forming a pool of rot. Pools of rot will cause stacking damage over time.""","«Едкие снаряды вырываются из Виалгоса, покрывая землю и образуя лужу гнили. Лужи гнили со временем наносят суммируемый урон»."
"""Caves very tricky, yes. Look for torch by big beam, then you on right track. Hole is small and dark, look very close.""","«Пещеры очень сложные, да. Ищите факел по большому лучу, тогда вы на правильном пути. Отверстие маленькое и тёмное, смотрите очень внимательно»."
"""Cawww! Enfold them in nightmare, Noxia!""","«Угу! Окутай их кошмаром, Ноксия!»"
"""Celebrate Evon Gnashblade's """"birthday"""" at the Vaults in Lion's Arch!""",«Отпразднуйте «день рождения» Эвона Гнэшблейда в Хранилищах Львиной Арки!»
"""Celebrate Evon's """"birthday"""" by using /dance in the Vaults in Lion's Arch.""","«Отпразднуйте «день рождения» Эвона, используя /dance в хранилищах Львиной арки»."
"""Centaurs are practically beating down our doors, and you're worried about your neighbor's new wife?""","«Кентавры практически выбивают наши двери, а ты беспокоишься о новой жене своего соседа?»"
"""Centaurs are raiding the ale supply! My friends are drunken idiots, but they don't deserve this.""","«Кентавры совершают набег на запасы эля! Мои друзья — пьяные идиоты, но они этого не заслуживают»."
"""Centaurs are territorial. Lots of new changes lately have been threatening them, even though I think there's plenty of room for all.""","«Кентавры территориальны. В последнее время им угрожает множество новых изменений, хотя я думаю, что места хватит всем»."
"""Centaurs attacked Shaemoor today. I did my best to help defend the village. I met up with Captain Thackeray at the garrison, and together we were able to defeat the centaurs and their summoned earth elemental.""","«Сегодня кентавры напали на Шамур. Я сделал все возможное, чтобы помочь защитить деревню. Я встретился с капитаном Теккереем в гарнизоне, и вместе мы смогли победить кентавров и вызванного ими элементаля земли»."
"""Centaurs have overrun the Hinterlands, violently ousting the local inhabitants. From here, the centaurs send raiding parties to neighboring areas.""","«Кентавры наводнили Внутренние земли, жестоко изгнав местных жителей. Отсюда кентавры отправляют рейдовые отряды в соседние районы»."
"""Centaurs have overrun the mine. We can't fight them by ourselves, but we need that ore. Please, help us!""","«Кентавры захватили шахту. Мы не можем бороться с ними в одиночку, но нам нужна эта руда. Пожалуйста, помогите нам!»"
"""Central Plaza, Divinity's Reach""","«Центральная площадь, Divinity's Reach»"
"""Central Tyrian Talisman<br><c=@flavor>If you listen carefully, you can hear the Mists calling you back.</c>""","""Талисман Центрального Тирия<br><c=@flavor>Если вы внимательно прислушаетесь, то услышите, как Туманы зовут вас обратно.</c>"""
"""Central Tyrian and Maguuma Talisman<br><c=@flavor>If you listen carefully, you can hear the Mists calling you back.</c>""","«Талисман Центрального Тириана и Магуумы<br><c=@flavor>Если вы внимательно прислушаетесь, то услышите, как Туманы зовут вас обратно.</c>»"
"""Centuries ago, three heroes guided the Chosen through the Trials of Ascension. When Augury Rock is compromised, they will journey to the Throne of Pellentia to meet their leader, Turai Ossa.""","«Многовека назад три героя провели Избранных через Испытания Вознесения. Когда Пророческая Скала будет скомпрометирована, они отправятся к Трону Пеллентии, чтобы встретиться со своим лидером Тураем Оссой»."
"""Centurion, I didn't hear you.""","«Центурион, я тебя не слышал»."
"""Ceri, Dagda's Apprentice""","«Цери, ученица Дагды»"
"""Certainly. If you'll excuse me, I must be going.""","— Конечно. Если вы меня извините, мне пора идти."
"""Certainly. Plant this seed and it will sprout a mortar turret. You can only have one active at a time, though, so be careful where you plant it. They link themselves to their planters.""","«Конечно. Посадите это семя, и из него вырастет минометная турель. Однако одновременно у вас может быть только одна активная установка, так что будьте осторожны, когда вы его сажаете. Они связываются со своими сеялками»."
"""Cerus is no Eparch, but he's terrifying in his own, special way.""","«Церус не епарх, но он по-своему устрашающ»."
"""Cerus, the Glaive of House Nephus""","«Церус, глефа дома Нефус»"
"""Ch-ch-changing gears! Now who's got the upper hand, hmm?""","«Ч-ч-переключение передач! Теперь кто одержит верх, а?»"
"""Chaf, chaf""","«Чаф, чаф»"
"""Chag, Led into Darkness""","«Чаг, ведомый во тьму»"
"""Challenge others to a game of Belcher's Bluff. Double-click to initiate a challenge. If you forfeit before the match begins, this item is refunded. <c=@warning>Food and rejuvenation booster buffs will be removed when the game begins.</c>""","«Пригласите других сыграть в «Утес Белчера». Дважды щёлкните, чтобы начать вызов. Если вы проиграете до начала матча, этот предмет будет возвращен. <c=@warning>Бафферы, усиливающие еду и омоложение, будут удалены, когда начнется игра.</c>»"
"""Challenge the minions of Jormag, the ice dragon.""","«Бросьте вызов приспешникам Йормага, ледяного дракона»."
"""Challengers, to the testing grounds! Prepare to face the beasts of land, sea, and air!""","«Претенденты, на полигон! Приготовьтесь встретиться со зверями на суше, на море и в воздухе!»"
"""Champion Adal, Unyielding Firmament""","«Чемпион Адал, Непреклонный небосвод»"
"""Champion, help me! There's too much— This power, it's so wild. Get to the prisms!""","«Чемпион, помоги мне! Слишком много… Эта сила, она такая дикая. Доберись до призм!»"
"""Champion, into the fray!""","«Чемпион, в бой!»"
"""Chance to fire a chaos bolt at a nearby foe, confusing them.""","«Шанс выстрелить стрелой хаоса в ближайшего противника, сбив его с толку»."
"""Chance to fire a dark bolt at a nearby foe, siphoning life from them.""","«Шанс выстрелить тёмной стрелой в ближайшего противника, выкачивая из него жизнь»."
"""Chance to fire a fire bolt at a nearby foe, burning them.""","«Шанс выстрелить огненной стрелой в противника, находящегося поблизости, и сжечь его»."
"""Chance to fire a light bolt at a nearby foe, removing a condition from nearby allies.""","«Шанс выстрелить световой стрелой в ближайшего противника, сняв состояние с ближайших союзников»."
"""Chance to fire a lightning bolt at a nearby foe, causing vulnerability.""","«Шанс выстрелить молнией в ближайшего противника, что сделает его уязвимым»."
"""Chance to fire a poison bolt at a nearby foe, poisoning them.""","«Шанс выстрелить ядовитой стрелой в ближайшего противника, отравив его»."
"""Chance to fire a smoke bolt at a nearby foe, blinding them.""","«Шанс выпустить дымовую стрелу в ближайшего противника, ослепив его»."
"""Chance to fire a water bolt at a nearby foe, granting nearby allies regeneration.""","«Шанс выстрелить водяной стрелой в ближайшего противника, ускоряя регенерацию ближайших союзников»."
"""Chance to fire an ice bolt at a nearby foe, chilling them.""","«Шанс выстрелить ледяной стрелой в ближайшего противника, охладив его»."
"""Change the appearance of the guild emblem as it appears on all armor, flags, banners, and objects.""","«Измените внешний вид инсигнии гильдии на всех доспехах, флагах, знаменах и объектах»."
"""Change the appearance of your mini, mail carrier, finisher, and toys.""","«Измените внешний вид вашего мини, почтальона, финишера и игрушек»."
"""Changing this setting may negatively impact performance. Not recommended for combat, PvP, or WvW.""","«Изменение этого параметра может отрицательно повлиять на производительность. Не рекомендуется для боя, PvP или WvW»."
"""Channel a shield from the Mists to protect you, blocking attacks and regenerating the health of nearby allies.""","«Направьте щит из Тумана, который защитит вас, блокируя атаки и восстанавливая здоровье ближайших союзников»."
"""Channel magic to stand watch, your feet hovering above the ground.""","«Направьте магию, чтобы стоять на страже, паря ногами над землей»."
"""Channel power to your Spirit of Anguish, damaging nearby enemies and granting might to nearby allies.""","«Направьте силу своему Духу страдания, нанося урон ближайшим врагам и даруя мощь ближайшим союзникам»."
"""Channel power to your Spirit of Preservation, granting defensive boons to nearby allies.""","«Направьте силу своему Духу Сохранения, предоставив защитные дары ближайшим союзникам»."
"""Channel power to your Spirit of Wanderlust, inflicting fear on nearby enemies.""","«Направьте силу своему Духу жажды странствий, наводя страх на ближайших врагов»."
"""Channel the Koda's Flame into a protective aura, providing warmth and speed.""","«Направьте пламя Коды в защитную ауру, обеспечивающую тепло и скорость»."
"""Channel twisted energy to launch yourself at your foe, damaging nearby enemies on impact.<br><br><br><br>If you are at or above the Blight threshold when you activate this skill, consume that amount of Blight to double the damage and torment struck foes.""","«Направьте искривленную энергию, чтобы броситься на врага, нанося урон ближайшим врагам при ударе.<br><br><br><br>Если на момент активации этого умения вы находитесь на пороге Скверны или выше, поглотите это количество Скверны, чтобы удвоить урон и мучить пораженных противников»."
"""Channel your spirit to strengthen your friend, giving them might.""","«Направьте свой дух, чтобы укрепить своего друга, придав ему мощь»."
"""Chaos and destruction, the last bastion against the void. Every door holds more questions. Reach the top of the tower and unravel them yourself.""","«Хаос и разрушение, последний бастион против пустоты. Каждая дверь таит в себе ещё больше вопросов. Доберитесь до вершины башни и разгадайте их сами»."
"""Chaos magic? That's not what the special consultant says. You don't have any idea what's really going on here, do you?""","«Магия хаоса? Это не то, что говорит специальный консультант. Вы понятия не имеете, что здесь происходит на самом деле, не так ли?»"
"""Chaos rifts or no, I'm getting out of here.""","«Разломы хаоса или нет, я ухожу отсюда»."
"""Charge and unleash a blazing ball of energy at the targeted location, dealing siege damage.""","«Зарядите и высвободите пылающий шар энергии в выбранном месте, нанося осадный урон»."
"""Charge at your enemy, knocking them down.""","«Атакуйте врагов, сбивая их с ног»."
"""Charge at your foe, leaving a line of fire behind you.""","«Атакуйте врага, оставляя за собой линию огня»."
"""Charge forward at an enemy, briefly stunning them.""","«Рывитесь вперёд к врагу, ненадолго оглушив его»."
"""Charge forward very fast, knocking back foes.""","«Очень быстро бросайтесь вперёд, отбрасывая врагов назад»."
"""Charge forward with tidal force, damaging foes and healing allies.""","«Рывитесь вперёд с приливной силой, нанося урон противникам и исцеляя союзников»."
"""Charge forward, kicking up dirt that blinds your enemies and makes them vulnerable.""","«Радуйтесь вперёд, поднимая землю, которая ослепляет ваших врагов и делает их уязвимыми»."
"""Charge forward, knocking back enemies that cross your path.""","«Радуйтесь вперёд, отбрасывая врагов, которые встречаются на вашем пути»."
"""Charge forward, knocking back foes.""","«Рывитесь вперёд, отбрасывая врагов назад»."
"""Charge forward, leaving behind a trail of wind energy that detonates shortly afterward.""","«Рвитесь вперёд, оставляя за собой след энергии ветра, который вскоре взрывается»."
"""Charge in a straight line, damaging and knocking back foes in your path.""","«Работайте по прямой линии, нанося урон и отбрасывая противников на своем пути»."
"""Charge the earth with electricity, launching focused foes and stunning others.""","«Заряжайте землю электричеством, запуская сосредоточенных противников и оглушая остальных»."
"""Charge to the target location. When you arrive, heal nearby allies and grant them boons while debilitating nearby enemies.""","«Устремитесь в указанное место. Когда вы прибудете, исцелите ближайших союзников и даруйте им блага, одновременно ослабляя ближайших врагов»."
"""Charge up energy, creating a powerful attack that pierces through enemies.""","«Заряжайтесь энергией, создавая мощную атаку, пронизывающую врагов»."
"""Charge your foe, striking multiple times and inflicting bleeding.""","«Атакуйте противника, нанося несколько ударов и вызывая кровотечение»."
"""Charr have four ears, but it doesn't hurt to have a few extra.""","«У Чарра четыре уха, но иметь несколько дополнительных не помешает»."
"""Charradis Estate is well known for their unusual cattle raising methods. They race their cows competitively, and supposedly feed them a bizarre diet. South of Charradis Estate, there's a small Separatist hideout. They frequently send operatives to disrupt the daily life around the town of Nageling. One local got so annoyed, he moved his entire garden out of the village.""","«Поместье Чарради хорошо известно своими необычными методами выращивания скота. Они соревнуются со своими коровами и предположительно кормят их причудливой диетой. К югу от поместья Чарради есть небольшое убежище сепаратистов. Они часто посылают оперативников, чтобы нарушить повседневную жизнь города Нагелинг. Один местный житель так разозлился, что вынес весь свой сад из деревни»."
"""Chat log saved as: """"%str1%""""""","""Журнал чата сохранен как: """"%str1%"""""""
"""Check bushes for bandits, clear mud wallows, and cull hostile creatures from the area.""","«Проверьте кусты на наличие бандитов, очистите грязевые лужи и избавьтесь от враждебных существ»."
"""Check in each day this week for a classic weapon skin, returning for a limited time.""","«Каждый день на этой неделе заходите за классическим обликом оружия, который будет возвращаться в течение ограниченного времени»."
"""Check in with Doern, Efut, Wynnet, and Trahearne.""","«Свяжитесь с Дорном, Эфутом, Виннетом и Трэхирном»."
"""Check in with the Black Lion """"Birthday"""" Manager in Lion's Arch.""",«Зайдите к менеджеру «Чёрного льва» «Дня рождения» в Львиной арке».
"""Check our loot, in case your fingers got sticky on that last find.""","«Проверь нашу добычу, вдруг у тебя пальцы прилипнут к последней находке»."
"""Check traps for hostile creatures, break drake eggs, and kill drakes and skale in the river.""","«Проверяйте ловушки на наличие враждебных существ, разбивайте яйца селезней, убивайте селезней и чешую в реке»."
"""Check your mail for """"Meet Back in Prosperity.""""""",«Проверьте свою почту: «Встретимся в процветании»»».
"""Check your mail for """"Ministry Treachery.""""""",«Проверьте свою почту на предмет «предательства министерства»»».
"""Check your mail for """"More Trouble at Fort Salma.""""""",«Проверьте свою почту: «Ещё проблемы в форте Сальма»»».
"""Check your mail for """"Pale Tree Will See Us.""""""",«Проверьте свою почту: «Бледное дерево нас увидит»»».
"""Check your mail for """"Your Presence Is Requested.""""""",«Проверьте свою почту: «Требуется ваше присутствие»»».
"""Check, First Mate""","«Проверьте, первый помощник»"
"""Check, check, and recheck. That's what I always tell them.""","«Проверяйте, проверяйте и перепроверяйте. Я всегда им это говорю»."
"""Cheer on your friend, giving them might.""","«Подбадривайте своих друзей, давая им силу»."
"""Cheers, my friend!""","«Здоровья, друг мой!»"
"""Chibb and Greeza are helping to destabilize the Thaumanova Anomaly, causing it to take 5%% increased damage per stack.""","«Чибб и Гриза помогают дестабилизировать аномалию Тауманова, в результате чего она получает на 5%% больше урона за заряд»."
"""Chief Timblin! By the Spirits, you are a sight for weary eyes!""","«Вождь Тимблин! Клянусь духами, вы — зрелище для усталых глаз!»"
"""Chief Timblin, I'm interested in your Mordrem detectors.""","«Вождь Тимблин, меня интересуют ваши детекторы Мордрема»."
"""Chief takes counsel from certain skritt. Talk to Brewmaster Chug'iggik, Roc'loaka the Tinkerer, and Admiral Lokn'loada—they will convince chief that Packet is good thing.""","«Вождь обращается за советом к определенному скритту. Поговорите с пивоваром Чуг'иггиком, Рок'лоакой Тинкерером и адмиралом Локн'лоадой — они убедят вождя, что Пакет – это хорошо»."
"""Chief, what about the Elder Dragon?""","— Шеф, а что насчет Старшего Дракона?"
"""Children, watch closely!""","«Дети, смотрите внимательно!»"
"""Chill your target and remove up to three boons, dealing extra damage based on the number of boons removed.""","«Охладите цель и снимите до трех даров, нанося дополнительный урон в зависимости от количества удаленных даров»."
"""Chin up, soldier. I'm sure you're doing them proud.""","«Поднимите подбородок, солдат. Я уверен, что вы ими гордитесь»."
"""Chin-Hwa, Collector of Ancient Coins""","«Чин-Хва, коллекционер древних монет»"
"""Choose the Lost Precipice, seek its mysteries, and discover the past while you build your future.""","«Выберите Затерянную пропасть, найдите её тайны и откройте для себя прошлое, пока вы строите свое будущее»."
"""Choose this skill to ready Bluff.<br>Fake a drink. If successful, no health is reduced. If opponent uses Belch, Bluff will be unavailable for two turns.""","«Выберите этот навык, чтобы подготовить Блеф.<br>Имитируйте напиток. В случае успеха здоровье не уменьшается. Если противник использует Отрыжку, Блеф будет недоступен в течение двух ходов»."
"""Choose this skill to ready Water.<br>Drink water. Increases health. When used, three rounds must pass before using Water again.""","«Выберите этот навык, чтобы приготовить Воду.<br>Пейте воду. Увеличивает здоровье. При использовании должно пройти три раунда, прежде чем снова использовать Воду»."
"""Choose your favorite chair, held toy, and musical instrument from this special selection of novelty item vouchers!""","«Выберите свой любимый стул, игрушку и музыкальный инструмент из этой специальной подборки купонов на новинки!»"
"""Choose: disrupt the ritual, or warn the tribunes.""",«Выбирайте: прервать ритуал или предупредить трибунов».
"""Chopper's ready when you are, Commander. Want to head back into the Tower of Nightmares?""","«Чоппер готов, когда вы будете готовы, командир. Хотите вернуться в Башню Кошмаров?»"
"""Chopper's up. Not much range, but at least it flies.""","«Вертолет поднялся. Небольшой радиус действия, но, по крайней мере, он летает»."
"""Chosen, it is your destiny to serve the White Mantle!""","«Избранный, ваша судьба — служить Белой Мантии!»"
"""Chuck the disintegrating, rotten fish into the chum bucket or at White Mantle to reduce their morale.""","«Выбросьте разлагающуюся гнилую рыбу в ведро с кетой или в Белую Мантию, чтобы снизить её моральный дух»."
"""Cin Fursarai was hard to deal with, but he finally admitted who bought the unusual stationery: Minister Julius Zamon.""","«С Цином Фурсараем было трудно иметь дело, но он наконец признался, кто купил необычные канцелярские товары: министр Юлиус Замон»."
"""Civilians are told only that traveling in a new land can be dangerous, and they must be prepared for anything. They've been ordered to stay close to the caravan and not wander off by themselves.""","«Гражданским говорят только, что путешествие по новой земле может быть опасным, и они должны быть готовы ко всему. Им приказано держаться поближе к каравану и не уходить в одиночку»."
"""Clanmarshal Geddi rules at the Pergola, with the Awakened Vizier Kasahn working alongside as his trusted advisor.""","«Маршал клана Гедди правит в Перголе, а пробудившийся визирь Касан работает вместе с ним в качестве его доверенного советника»."
"""Clarity and composure, the young dragon faces many challenges that weigh on them. But this mind is often spilt in two. Help him regain balance.""","«Ясность и самообладание, молодой дракон сталкивается со многими проблемами, которые тяготят его. Но этот разум часто распадается на две части. Помогите ему восстановить равновесие»."
"""Claw Island is a small island of barren stone at the mouth of Sanctum Harbor. Created during the early years of the city, the fortress has stood for a generation as the first line of defense against Zhaitan and Orr. It has never been overcome.""","«Остров Когтя — небольшой остров из бесплодного камня в устье гавани Святилища. Созданная в первые годы существования города, крепость на протяжении поколения служила первой линией защиты от Зайтана и Орра. Её так и не удалось преодолеть»."
"""Claw Island was a tough win, wasn't it? We all lost friends that day.""","«Остров Когтя — это тяжёлая победа, не так ли? В тот день мы все потеряли друзей»."
"""Claw of the Honor of the Waves, I know this cuts you deeper than any blade.""","«Коготь Чести Волн, я знаю, что он ранит тебя глубже, чем любой клинок»."
"""Clawspur lets his blades do the talking. He's extremely calm and quiet, even for a thief. While others are making threats, Clawspur is silently positioning himself to make a quick kill. Good thing he's on my side.""","«Клошпур позволяет своим клинкам говорить. Он чрезвычайно спокоен и тих, даже для вора. В то время как другие угрожают, Когтетник молча готовится совершить быстрое убийство. Хорошо, что он на моей стороне»."
"""Claypool's a real sweet little town. They have all sorts of interesting folks, great honey, and the cutest pigs you ever saw.""","«Клейпул — очень милый маленький городок. Там много интересных людей, отличный мед и самые милые свиньи, которых вы когда-либо видели»."
"""Clean golem pollution, cleanse infected wildlife, and fight off the Inquest.""","«Очистите загрязнение големов, очистите зараженную дикую природу и дайте отпор дознанию»."
"""Clean up chaotic material, kill irradiated rats and chaos beasts, and get the skritt to stop collecting chaotic material.""","«Очистите хаотический материал, убейте облученных крыс и тварей хаоса и заставьте скритта прекратить собирать хаотический материал»."
"""Clean up pollution, destroy turrets and recording devices, and kill Inquest.""","«Очистите загрязнение, уничтожьте турели и записывающие устройства и уничтожьте дознание»."
"""Clean, skin, quarter, trim, set aside, repeat...""","«Очистить, снять шкуру, четверть, обрезать, отложить, повторить…»"
"""Cleanse conditions and become a mobile fire field that burns nearby foes. When the field expires, it explodes, damaging foes and burning them again.""","«Очищайте состояния и становитесь мобильным огненным полем, которое сжигает ближайших противников. Когда поле исчезает, оно взрывается, нанося урон противникам и снова сжигая их»."
"""Cleanse conditions and evade while preparing a strong attack. If you successfully evade, heal yourself. Healing is improved if you have Clarity.""","«Очищайте состояния и уклоняйтесь, готовясь к сильной атаке. Если вам удалось уклониться, исцелите себя. Исцеление улучшается, если у вас есть Ясность»."
"""Cleanse conditions from yourself, then strike nearby foes. Cleanse an additional condition for each target struck.""","«Снимите состояния с себя, а затем ударьте ближайших противников. Снимите дополнительное состояние за каждую пораженную цель»."
"""Cleanse fertile soil to create plant turrets, test Pixtor's weapons on Risen, activate Risen activity monitors, and cull Risen forces.""","«Очистите плодородную почву, чтобы создать турели для растений, протестируйте оружие Пикстора на Восставших, активируйте мониторы активности Восставших и уничтожайте силы Восставших»."
"""Cleanse kodan burial sites, aid kodan ice fishers and loggers, and protect kodan scouts from the Claw of Jormag's bombardments.""","«Очистите места захоронения кодана, помогите коданским ловцам льда и лесозаготовителям, а также защитите коданских разведчиков от бомбардировок Когтя Йормага»."
"""Clear dredge and turrets from the area, use cannonballs to open armory doors, and sabotage munitions stocks.""","«Убирайте драги и турели с территории, используйте пушечные ядра, чтобы открывать двери арсенала, и саботируйте запасы боеприпасов»."
"""Clear enemies from the ruins in Pilgrim's Rest, Temple of Abnegation, or Temple of the Blessed Mantle.""","«Уничтожьте врагов из руин в Приюте Пилигрима, Храме Отречения или Храме Благословенной Мантии»."
"""Clear immature toxic stalks, dissipate clouds of deadly gas, recover the badges of fallen Seraph, and defeat Toxic Alliance and centaurs.""","«Очистите незрелые ядовитые стебли, рассейте облака смертоносного газа, верните значки павшего Серафима и победите Токсичный Альянс и кентавров»."
"""Clear rockslides and grawl paintings, destroy grawl effigies, assist Priory travelers, and deactivate stolen equipment.""","«Убирайте камнепады и картины, уничтожайте чучела, помогайте путешественникам Приората и деактивируйте украденное оборудование»."
"""Clear that skin of yours right up, it will!""","«Очистите свою шкуру, вот и получится!»"
"""Clear tower debris to rescue quaggans, kill quaggans' predators, and collect tasty crabmeat for Doolsileep.""","«Убирайте обломки башни, чтобы спасти квагганов, убить хищников квагганов и собрать вкусное крабовое мясо для Дулсилипа»."
"""Clearing circuits. Seriously, I cannot stress enough that you should not submit new documents at this time.""","«Очистка цепей. Серьёзно, я не могу не подчеркнуть, что вам не следует подавать новые документы в настоящее время»."
"""Clearly, an overpowered shovel.""","«Очевидно, мощная лопата»."
"""Cleave foes around you with your staff, healing nearby allies.""","«Разрубайте врагов вокруг себя своим посохом, исцеляя ближайших союзников»."
"""Cleave your foes, inflicting vulnerability and chilling them.""","«Рассекайте своих врагов, делая их уязвимыми и замораживая»."
"""Clement Forktail, a notorious Flame Legion shaman, has turned himself in to share what he knows about Flame Legion activities. It's up to you, his cub, to find out what he knows and put that information to use against the Black Citadel's enemies.""","«Клемент Вилкохвост, печально известный шаман Легиона Пламени, сдался, чтобы поделиться тем, что он знает о деятельности Легиона Пламени. Вам, его детенышу, предстоит выяснить, что он знает, и использовать эту информацию против врагов Чёрной Цитадели»."
"""Clever. Now, let's work out the details so we can get Demmi out of here, safe and sound.""","«Умно. Теперь давайте продумаем детали, чтобы мы могли вытащить Демми отсюда целой и невредимой»."
"""Clever. The signal towers use magical panels to increase brightness. If we reversed the panel's direction and adjusted the enchantment, we could amplify the beam.""","«Умно. Сигнальные башни используют магические панели для увеличения яркости. Если мы поменяем направление панели и отрегулируем чары, мы сможем усилить луч»."
"""Click the hero button [lbracket]%str1%[rbracket] to assign unspent trait points.<br><br>Earn trait points as you level up, which can be spent to improve yourself.""","«Нажмите кнопку героя [lbracket]%str1%[rbracket], чтобы назначить неизрасходованные очки черт.<br><br>По мере повышения уровня зарабатывайте очки черт, которые можно потратить на самосовершенствование»."
"""Click, click, boom.""","«Щелк, щелк, бум»."
"""Climb into one of the enchanted spell armors in the Deepwoods, Mothmarsh, or Sanctum of the Divine.""","«Заберитесь в одну из зачарованных магических доспехов в Глубоком лесу, Моттопье или Святилище Божественного»."
"""Cling to your valiance, Isgarren. One day I will rip it from your fingers.""","«Цепляйся за свою отвагу, Исгаррен. Однажды я вырву её из твоих пальцев»."
"""Clink, clink! Ooh-ha haha! Ohh!""","«Чкок, цок! Ох-ха-ха-ха! Ох!»"
"""Close those rifts, quickly!""","«Закройте эти разломы, быстро!»"
"""Close to the fortress, the mursaat armor returns.""",«Близко к крепости возвращаются доспехи мурсаата».
"""Close, but not close enough! You got it wrong! Next question. What's her animal spirit?""","«Близко, но недостаточно близко! Ты ошибся! Следующий вопрос. Каков её животный дух?»"
"""Closed parties only allow members that the leader has invited to join. The leader will never receive a request to join this party, and it will not show in the party search.""","«В закрытые группы допускаются только те участники, которых пригласил лидер. Лидер никогда не получит запрос на вступление в эту группу, и он не будет отображаться в поиске группы»."
"""Clouded still, the air chills your exhalations, which linger like hanged phantoms.""","«Все ещё облачный, воздух охлаждает ваши выдохи, которые задерживаются, как повешенные призраки»."
"""Clue 1: From the lighthouse, head north.""",«Подсказка 1: от маяка идите на север».
"""Clue 2: Upon reaching the arch, head west.""","«Подсказка 2: дойдя до арки, идите на запад»."
"""Coat target area in ice, freezing foes that cross it. Becomes Maelstrom if traited.""","«Покрывает выбранную область льдом, замораживая противников, пересекающих её. При использовании свойства становится Водоворотом»."
"""Coat the target area in ice, causing enemies to slip.""","«Покрыть выбранную область льдом, заставляя врагов скользить»."
"""Coat the target area in ice, chilling foes that enter it. Grant frost aura to allies in the area.""","«Покройте выбранную область льдом, замораживая входящих в неё противников. Даруйте морозную ауру союзникам в этой области»."
"""Coat the target area in ice, chilling foes that enter it.""","«Покрыть выбранную область льдом, замораживая входящих в неё противников»."
"""Coat the target area with a glue puddle that immobilizes foes on impact, then cripples foes that remain within.""","«Покройте выбранную область лужицей клея, которая обездвиживает противников при ударе, а затем наносит вред противникам, оставшимся внутри»."
"""Cogs and gears, it's Trahearne! We're lucky you're on the island. Convince this guy that we're serious!""","«Шестерни и шестеренки, это Трэхирн! Нам повезло, что вы на острове. Убедите этого парня, что мы настроены серьёзно!»"
"""Collapse your singularity, creating a single-use portal that will teleport the user to your current location. Increase the cooldown of Singularity Shot.""","«Сверните свою сингулярность, создав одноразовый портал, который телепортирует пользователя в ваше текущее местоположение. Увеличьте время восстановления Сингулярного выстрела»."
"""Collapse your star, creating a black hole.""","«Схлопните свою звезду, создав чёрную дыру»."
"""Collect %num2% """"medicines"""" for Petey.""","""Соберите %num2% """"лекарств"""" для Пити."""
"""Collect %num2% missing gems, and combine them with amalgamated gemstones in the Lair of Zommoros.""",«Соберите %num2% недостающих драгоценных камней и объедините их с объединенными драгоценными камнями в Логове Зоммороса».
"""Collect %num2% relics from Visions of Eternity Relics Set 2 from achievements, relic vendors, or from the Visions of Eternity Reward Track.""","«Соберите %num2% реликвий из набора 2 реликвий Видений Вечности у достижений, у продавцов реликвий или на шкале наград Видений Вечности»."
"""Collect 4 feathers, 4 flexible sticks, and 4 pieces of shiny ice to build a shrine.""","«Соберите 4 пера, 4 гибкие палки и 4 куска блестящего льда, чтобы построить храм»."
"""Collect All Baubles<br>in World 1, Zone 1""","«Соберите все игрушки<br>в Мире 1, Зоне 1»"
"""Collect All Baubles<br>in World 1, Zone 2""","«Соберите все безделушки<br>в Мире 1, Зоне 2»"
"""Collect All Baubles<br>in World 1, Zone 3""","«Соберите все безделушки<br>в Мире 1, Зоне 3»"
"""Collect All Baubles<br>in World 2, Zone 1""","«Соберите все безделушки<br>в Мире 2, Зоне 1»"
"""Collect All Baubles<br>in World 2, Zone 2""","«Соберите все безделушки<br>в Мире 2, Зоне 2»"
