english,translate
"""Thanks to you, PR&T is one step closer to a breakthrough.""","«Спасибо тебе, пиар"
"""Thanks to you, Seraph Observers is in better shape.""",«Благодаря вам Серафимы Наблюдатели в лучшей форме».
"""Thanks to you, the Pact camp is operating much better.""",«Благодаря вам лагерь Пакта работает намного лучше».
"""Thanks to you, the Sleekfur warband will be able to hold until reinforcements arrive.""",«Благодаря вам отряд Гладкошерстных сможет продержаться до прибытия подкрепления».
"""Thanks to you, the training area's now pest free. Good work!""",«Благодаря вам тренировочная площадка теперь свободна от вредителей. Хорошая работа!»
"""Thanks to you, we have been able to maintain the balance of nature here for another day.""",«Благодаря вам мы смогли сохранить здесь баланс природы ещё на один день».
"""Thanks to your help, the local races have a chance of returning from the brink of extinction.""",«Благодаря вашей помощи местные расы имеют шанс вернуться с грани вымирания».
"""Thanks to your help, these fish will get a chance at an """"Extra Life.""""""",«Благодаря вашей помощи эти рыбки получат шанс на «Дополнительную жизнь»»».
"""Thanks to your training, the skyscale species now has an innate steed-rider instinct and a desire to soar to new heights.""",«Благодаря вашему обучению небесные существа теперь обладают врожденным инстинктом наездника и желанием взлететь к новым высотам».
"""Thanks to your training, your skyscale now has an instinctive bond with you and a desire to soar to new heights across Tyria.""",«Благодаря вашей подготовке ваш небесный масштаб теперь имеет инстинктивную связь с вами и желание взлететь к новым высотам по всей Тирии».
"""Thanks! After this, you should stay for pie.""",«Спасибо! После этого тебе следует остаться за пирогом».
"""Thanks! We must gather more though. You'll help, I hope.""","«Спасибо! Однако нам нужно собрать больше. Надеюсь, ты поможешь»."
"""Thanks! You were as much a hero as I was, though.""","«Спасибо! Хотя ты был таким же героем, как и я»."
"""Thanks, Friend""","«Спасибо, друг»"
"""Thanks, I appreciate it.""","«Спасибо, я ценю это»."
"""Thanks, I think I've got this handled.""","«Спасибо, думаю, я с этим разобрался»."
"""Thanks, I'll be sure to stay away from from them.""","«Спасибо, я обязательно буду держаться от них подальше»."
"""Thanks, I'll make sure Braxa gets these to Scalecatch Village.""","«Спасибо, я позабочусь, чтобы Бракса доставил их в деревню Чешуйчатки»."
"""Thanks, I...think?""","— Спасибо, я… думаю?"
"""Thanks, Inquest! Thanks, Scarlet! This is the best experiment ever!""","«Спасибо, Следствие! Спасибо, Скарлет! Это лучший эксперимент на свете!»"
"""Thanks, Professor.""","«Спасибо, профессор»."
"""Thanks, Rox. I'd feel a lot better if we had any idea what happened to them.""","«Спасибо, Рокс. Я бы чувствовал себя намного лучше, если бы мы знали, что с ними случилось»."
"""Thanks, Taimi, but go easy on the asura wisdom for now. I'm a little preoccupied.""","«Спасибо, Тайми, но пока полегче с мудростью асуров. Я немного озабочен»."
"""Thanks, but I don't think I have any other questions just now.""","«Спасибо, но я не думаю, что у меня сейчас есть ещё вопросы»."
"""Thanks, but I need to go.""","«Спасибо, но мне нужно идти»."
"""Thanks, but I should actually get moving.""","«Спасибо, но мне действительно пора двигаться»."
"""Thanks, but seasoned beef makes me gassy.""","«Спасибо, но от приправленной говядины у меня начинается газообразование»."
"""Thanks, but shouldn't you regroup with the others?""","«Спасибо, но не следует ли вам перегруппироваться с остальными?»"
"""Thanks, friend.""","«Спасибо, друг»."
"""Thanks, good to know.""","«Спасибо, приятно знать»."
"""Thanks, it was nice seeing you.""","«Спасибо, было приятно увидеть тебя»."
"""Thanks, now let's get back to work!""","«Спасибо, а теперь вернемся к работе!»"
"""Thanks, pal!""","«Спасибо, приятель!»"
"""Thanks, that clears it up for me.""","«Спасибо, это для меня проясняет»."
"""Thanks. I'm no warrior, but they look tough. Be careful.""","«Спасибо. Я не воин, но они выглядят крепкими. Будьте осторожны»."
"""Thanks. It's a nice representation of Janthir, wouldn't you say? I appreciate what you chose to wear today as well, %str1%.""","""Спасибо. Это прекрасное изображение Джантира, не правда ли? Я тоже ценю то, что ты сегодня решил надеть, %str1%."""
"""Thanks. Once the suit reaches full power, those ettins won't stand a chance.""","«Спасибо. Как только костюм достигнет полной мощности, у этих эттинов не останется шансов»."
"""Thanks. So, what've you got planned for Rox?""","«Спасибо. Итак, что у тебя запланировано на Рокса?»"
"""That Caudecus the Wise, I like him. Good head on his shoulders, he has.""","«Этот Каудекус Мудрый, он мне нравится. У него хорошая голова на плечах»."
"""That I am. Be well, and good-bye.""",«Это я. Будьте здоровы и до свидания».
"""That I do not know. But she carries a long sadness that only belongs to the hopeless and lost. She seeks a silence to a great pain, so she races into darkness.""","«Этого я не знаю. Но она несёт в себе долгую печаль, которая принадлежит только безнадежным и потерянным. Она ищет тишины, причиняя сильную боль, поэтому она мчится во тьму»."
"""That answers my questions, thanks.""","«Это ответ на мои вопросы, спасибо»."
"""That concludes our tour. Please speak with Krewe Resources to continue your orientation, and welcome to Rata Novus, the city of the future—today!""","«На этом наша экскурсия завершается. Пожалуйста, свяжитесь с Krewe Resources, чтобы продолжить ознакомление, и добро пожаловать в Рата Новус, город будущего — уже сегодня!»"
"""That did it! Careful, now, they're not going to be thrilled with you!""","«Вот и все! Осторожно, они не будут от тебя в восторге!»"
"""That dimwit, Agent Wilkins over there, accidentally touched it with a Tazer Glove.""","«Этот придурок, агент Уилкинс, случайно прикоснулся к нему электрошокером»."
"""That doesn't sound good at all. As if we don't have enough problems, dealing with the Branded and Forged...""","«Это звучит совсем нехорошо. Как будто у нас недостаточно проблем, связанных с Клейменными и Коваными…»"
"""That doesn't sound too hard, I'll try it.""","«Это звучит не слишком сложно, я попробую»."
"""That drink was meant to loosen your tongue, but you still sound like you know more than you're letting on.""","«Этот напиток был предназначен для того, чтобы развязать тебе язык, но ты по-прежнему говоришь так, будто знаешь больше, чем показываешь»."
"""That gives him a lot of access and prestige, doesn't it?""","«Это даёт ему большой доступ и престиж, не так ли?»"
"""That guild is already involved in a battle. Please challenge another, or try again later.""","«Эта гильдия уже участвует в битве. Пожалуйста, бросьте вызов другой или повторите попытку позже»."
"""That is what my shield-sister says as well, but what's truth for her is only theory for me. Still, I suppose I can harbor faith where I lack certainty.""","«То же самое говорит и моя сестра-щит, но то, что для неё правда, для меня — всего лишь теория. Тем не менее, я полагаю, что могу питать веру там, где мне не хватает уверенности»."
"""That is what people call me, yes. And who are you?""","«Да, именно так меня называют. А ты кто?»"
"""That is your goal. Along the way, you will glimpse things that may yet come to pass.""","«Это твоя цель. По пути ты увидишь вещи, которые ещё могут произойти»."
"""That is...troubling. But the jungle provides, and until now we've been on our own. I'm glad you're here.""","«Это... тревожно. Но джунгли дают, и до сих пор мы были одни. Я рад, что ты здесь»."
"""That kid, Braham... He was requesting aid. He's got the idea that he can defend his homestead from the Molten Alliance by himself. If you're not too tired to fight, go with him. Please.""","«Этот ребенок, Брэм... Он просил о помощи. У него есть идея, что он сможет защитить свою усадьбу от Огненного Альянса в одиночку. Если ты не слишком устал, чтобы сражаться, иди с ним. Пожалуйста»."
"""That kodan... He just sat by the fire. Muttering the same words over and over again: """"Norn wolf. Norn-wolf. Nornwolf.""""""","""Этот кодан... Он просто сидел у костра. Бормоча одни и те же слова снова и снова: """"Норн-волк. Норн-волк. Норн-волк."""""""
"""That last one is just a myth. """"Ironshell."""" It's just a tale fishers tell to scare the cubs.""","«Последнее — всего лишь миф. «Железный панцирь». «Это просто сказка, которую рыбаки рассказывают, чтобы напугать детенышей»."
"""That ley energy is decaying at a rapid rate. Gather it promptly. And please, don't drop it.""","«Эта лей-энергия быстро распадается. Соберите её как можно скорее. И, пожалуйста, не бросайте её»."
"""That magic belongs to Nayos, not Eparch!""","«Эта магия принадлежит Найосу, а не Епарху!»"
"""That makes sense. Put me up to any test, Tybalt. I'll prove myself.""","«В этом есть смысл. Подвергни меня любому испытанию, Тибальт. Я докажу, что справлюсь»."
"""That means we're on the queen's side, right?""","«Это значит, что мы на стороне королевы, верно?»"
"""That might be a mercy, if Claw Island's gone. They're probably all dead at sea.""","«Это могло бы быть милосердием, если бы Остров Когтя исчез. Они, вероятно, все погибли в море»."
"""That poor Grawnk, what a shocking demise. His stomach couldn't handle its stone-bloated size!""","«Этот бедный Граунк, какая шокирующая кончина. Его желудок не выдержал его раздутого, как камень, размера!»"
"""That priory scientist, Irkz, claims his experiment was a success. Says he's invented a device that charms skale. I say the only way to quiet skale is to kill 'em, so I'll believe it when I see it.""","«Этот ученый из монастыря, Иркз, утверждает, что его эксперимент удался. Говорит, что он изобрел устройство, очаровывающее скейлов. Я говорю, что единственный способ успокоить скейлов — это убить их, так что я поверю в это, когда увижу»."
"""That rum in your pack isn't doing anyone any good there. Why don't you pull it out, and we can toast to the hunt!""","— Этот ром в твоей сумке никому не принесет никакой пользы. Почему бы тебе не вытащить его, и мы выпьем за охоту!"
"""That said, I learned that Mi-Sun of the Ministry of Land Management has been cozying up with freebooters in my absence.""","«Тем не менее, я узнал, что Ми-Сун из Министерства землеустройства в мое отсутствие общался с халявщиками»."
"""That she did. Called you an """"old broad,"""" too.""",— Она так и сделала. Ещё и тебя назвала «старой бабой».
"""That should do it. Now, stand back!""",«Это должно сработать. А теперь отойдите!»
"""That skinflint paid in chickens last time. Don't count on his gold, dearie. (laugh)""","«Этот скряга в прошлый раз заплатил цыплятами. Не рассчитывай на его золото, дорогая. (смеется)»"
"""That sounds perfect. Eir Stegalkin, side-by-side with the Slayer of Issormir. The skaalds will sing of this for generations!""",«Звучит прекрасно. Эйр Стегалкин бок о бок с Иссормиром. Скаальды будут петь об этом из поколения в поколение!»
"""That sounds quite daunting, doesn't it? I can lend a hand.""","«Это звучит довольно устрашающе, не так ли? Я могу помочь»."
"""That sounds terrifying! Looks like you made it back okay, though. You must be tough.""","«Звучит устрашающе! Похоже, ты вернулся нормально. Ты, должно быть, сильный»."
"""That sounds upsetting, but I'm here to see you through this.""","«Это звучит расстраивающе, но я здесь, чтобы помочь тебе пройти через это»."
"""That sounds valuable. Hey, wake up!""","«Звучит ценно. Эй, просыпайся!»"
"""That supposed to be a """"small"""" intestine?""",«Это должна быть «тонкая» кишка?»
"""That sylvari ain't bad. Balteus, ten gold on that one!""","«Этот сильвари неплох. Балтеус, десять золотых за него!»"
"""That two skritt are smarter than one skritt, and three skritt are smarter than two skritt.""","«Эти два скритта умнее одного скритта, а три скритта умнее двух скриттов»."
"""That was a nice bit of dancing, but we'll need the Lionguard if we want to set this place on fire.""","«Это был приятный танец, но нам понадобится Львиная стража, если мы хотим поджечь это место»."
"""That was a simple question, but well done nonetheless.""","«Это был простой вопрос, но, тем не менее, он молодец»."
"""That was amazing! I can't believe we survived. Thank you, Grazz.""","«Это было потрясающе! Не могу поверить, что мы выжили. Спасибо, Гразз»."
"""That was awful, but at least I proved I was right.""","«Это было ужасно, но, по крайней мере, я доказал, что был прав»."
"""That was close back there. Just so you know, thanks for the save.""","«Там это было близко. Просто чтобы ты знал, спасибо за спасение»."
"""That was close. We have to be more careful. We can't fail now, with safety so near.""","«Это было близко. Нам нужно быть более осторожными. Мы не можем потерпеть неудачу сейчас, когда безопасность так близка»."
"""That was cutting it close. Everyone, back to your posts.""","«Это было слишком близко. Все, вернемся к своим постам»."
"""That was hundreds of years ago. The whole time, Jormag's power seeped into the beast. Molding. Changing.""",«Это было сотни лет назад. Все это время сила Йормага просачивалась в зверя. Формирование. Изменение».
"""That was many years ago! Sure, a few morbid thrill-seekers might drop by out of curiosity.""","«Это было много лет назад! Конечно, несколько болезненных искателей острых ощущений могли зайти сюда из любопытства»."
"""That was my last bomb trap! Any more get through, and I'm done for!""",«Это была моя последняя бомбовая ловушка! Ещё немного — и мне конец!»
"""That was quite impressive. We don't get many travelers who can handle Vollym's beasts.  You've inspired me to keep training hard. As a thank you, please look over our supplies.""","«Это было весьма впечатляюще. У нас не так много путешественников, которые могут справиться со зверями Воллима. Вы вдохновили меня продолжать усердно тренироваться. В качестве благодарности, пожалуйста, просмотрите наши припасы»."
"""That was satisfying, but I have to get back on watch. The air has thickened.""","«Это было приятно, но мне пора снова дежурить. Воздух сгустился»."
"""That was some feast last night! Tankards of ale, roasted meat, beautiful maidens...""","«Вчера вечером был какой-то пир! Кружки с элем, жареное мясо, красивые девушки…»"
"""That wasn't a city, silly.""","«Это был не город, глупый»."
"""That wasn't much of a fight. Trahearne, I thought you said the attack would be significant?""","«Это была не такая уж большая драка. Трэхирн, я думал, ты сказал, что атака будет серьёзной?»"
"""That wasn't my smoothest exit ever, but I won't complain. I owe you two my life! Ask for anything in my power, and it's yours.""","«Это был не самый гладкий мой выход, но я не буду жаловаться. Я обязан вам двоим своей жизнью! Попросите все, что в моих силах, и это ваше»."
"""That we...that I, knew Isgarren. No one living has ever seen him. An arrangement was struck generations ago, when the tower established itself here. We sent our people to them, they watched over us.""","«Что мы… что я знал Исгаррена. Никто из живущих никогда его не видел. Договоренность была заключена несколько поколений назад, когда здесь обосновалась башня. Мы послали к ним наших людей, они присматривали за нами»."
"""That won't be necessary, Legionnaire. I hereby volunteer.""","«В этом нет необходимости, легионер. Я вызываюсь добровольцем»."
"""That would make things exciting, wouldn't it?""","«Это сделало бы все интереснее, не так ли?»"
"""That would satisfy like nothing else, but take care not to enrage.""","«Это удовлетворит как ничто другое, но будьте осторожны, чтобы не разозлить»."
"""That you do, buddy. But we've got one last thing on our agenda. The Preceptors have asked to see you.""","«Так и делай, приятель. Но у нас на повестке дня ещё одно дело. Наставники попросили тебя о встрече»."
"""That'll do for now. Thank you. To reap and sow in time with nature's rhythms, one must listen and then imitate.""","«На данный момент этого достаточно. Спасибо. Чтобы жать и сеять в такт ритмам природы, нужно слушать, а затем подражать»."
"""That'll get you safe passage onto Sayida's ship. Getting back, you're on your own.""","«Это обеспечит тебе безопасный проход на корабль Саиды. Возвращаясь, ты будешь сам по себе»."
"""That'll hurt their plans. Nice! Oh, I'd better get back into character... Ahem. Now, I must abscond! Watch out for Ziff!""","«Это повредит их планам. Отлично! О, мне лучше вернуться в образ... Кхм. Теперь я должен скрыться! Берегись Зиффа!»"
"""That's Arabella's ship: the Kraken's Pride! Still seaworthy, too.""",«Это корабль Арабеллы: «Гордость Кракена»! Он тоже мореходный».
"""That's Chibb, an old krewemate. Keep him alive; he definitely has answers.""","«Это Чибб, старый товарищ по команде. Берегите его, у него определенно есть ответы»."
"""That's Greeza from my old krewe! Though she looks different—never mind, just please keep her safe.""","«Это Гриза из моего старого крю! Хоть она и выглядит по-другому — неважно, просто, пожалуйста, береги её»."
"""That's a good question for the trainers over there, though there are several options for buying, trading, or gathering materials to craft.""","«Это хороший вопрос для местных тренеров, хотя есть несколько вариантов покупки, обмена или сбора материалов для изготовления»."
"""That's a question for the water haulers, Rupek and Porgar. It's their job to keep the troughs filled.""","«Это вопрос к водовозам, Рупеку и Поргару. Их работа — наполнять корыта»."
"""That's a sad story. He used to be a great warrior, but he was attacked by the yeti and left for dead. It broke his mind, I think. I do what I can to care for him.""","«Это печальная история. Раньше он был великим воином, но на него напали йети и бросили умирать. Я думаю, это сломало ему разум. Я делаю все, что могу, чтобы позаботиться о нем»."
"""That's a terrible place to start from, hoping one of us is going to change! No, I don't think this will work! Oh, the misery!""","«Это ужасная отправная точка: надеяться, что кто-то из нас изменится! Нет, я не думаю, что это сработает! О, какое несчастье!»"
"""That's about all the artifacts I can handle for now, but I can wait a bit longer to see what else turns up.""","«Это почти все артефакты, с которыми я могу справиться на данный момент, но я могу подождать ещё немного, чтобы посмотреть, что ещё появится»."
"""That's above your pay grade, Recruit. Forget you heard anything about it.""","«Это выше вашего звания, рекрут. Забудьте, что вы что-нибудь об этом слышали»."
"""That's all of them! KR424, get over here! Bring it all together!""","«Это все! KR424, иди сюда! Собери все вместе!»"
"""That's all right, I'm here to sell things.""","«Все в порядке, я здесь, чтобы продавать вещи»."
"""That's all right, I'm just here to sell things.""","«Все в порядке, я здесь только для того, чтобы продавать вещи»."
"""That's all the soldiers, I think. Wait. Something's not right. Where's Captain Marshall?""","«Я думаю, это все солдаты. Подождите. Что-то не так. Где капитан Маршалл?»"
"""That's definitely cavitation I hear upstream, probably from one of the offshore valves.""","«Я определенно слышу кавитацию вверх по течению, возможно, из одного из морских клапанов»."
"""That's enough for now, thanks.""","«На данный момент достаточно, спасибо»."
"""That's enough, please! I will serve the nobles.""","«Хватит, пожалуйста! Я буду служить дворянам»."
"""That's got it! Well done, everyone.""",«Вот оно! Все молодцы».
"""That's great, but what does it do?""","«Это здорово, но что это делает?»"
"""That's him! It's Yeng Isen. Wow, he's seen better days.""","«Это он! Это Йенг Айсен. Ух ты, он знавал лучшие дни»."
"""That's it! There's a temporal echo of someone here, and this is their perspective.""","«Вот и все! Здесь есть чье-то временное эхо, и это их точка зрения»."
"""That's it, I'm out.""","«Вот и все, я выхожу»."
"""That's it, use your hammer to break the enemy's defense!""","«Всё, используй свой молот, чтобы проломить оборону врага!»"
"""That's it. You both look heroic. Just hold still, if you would...""","«Вот и все. Вы оба выглядите героически. Просто держитесь спокойно, если хотите…»"
"""That's laudable, Tenstrikes, but Caudecus is  dangerous. I am not surprised he got the better of you.""","«Это похвально, Тенстрайкс, но Каудекус опасен. Я не удивлен, что он взял над тобой верх»."
"""That's nearly all of them, but how long before more show up on the surface?""","«Это почти все, но сколько времени пройдёт, прежде чем на поверхности появится ещё больше?»"
"""That's nice, at least.""","«По крайней мере, это приятно»."
"""That's not how it happened. Your poor champions merely became part of the undead army. Your protection is a lie. Soon, that army will come for your village.""",«Все произошло не так. Ваши бедные защитники просто стали частью армии нежити. Ваша защита — ложь. Вскоре эта армия придёт за вашей деревней».
"""That's not how the Order does things, usually.""",«Обычно Орден так не поступает».
"""That's not right. Oh, foo.""","«Это неправильно. Ох, фу»."
"""That's not very scientific. If you call it a name like that, you give it power.""","«Это не очень научно. Если вы назовете это таким именем, вы придадите ему силу»."
"""That's perfect. Now, I must gather our resources and organize the troops to march south, to the coast of Orr. I'll meet you there.""","«Это прекрасно. Теперь я должен собрать наши ресурсы и организовать войска для марша на юг, к побережью Орра. Я встречу тебя там»."
"""That's progress. Hooray for progress! Ooh, but it's getting a bit too deadly in here for me. 'Bye now!""","«Это прогресс. Ура прогрессу! Ох, но здесь для меня все становится слишком смертельно. «Пока!»"
"""That's ridiculous, Captain. This is the perfect place to celebrate the detente with the charr.""","«Это смешно, капитан. Это идеальное место, чтобы отпраздновать разрядку с чаррами»."
"""That's right! Next question, and this one's also about names. What was the name of her mentor?""","«Правильно! Следующий вопрос, и он тоже об именах. Как звали её наставника?»"
"""That's right, get moving. Otherwise, I'm going to report this!""","«Правильно, двигайтесь. Иначе я сообщу об этом!»"
"""That's right, go!""","«Правильно, иди!»"
"""That's right, move it or lose it! You're not worth my time any way.""","«Правильно, перенеси или потеряй! Ты ни в коем случае не стоишь моего времени»."
"""That's right. I'm a merchant by day, but I'm a champ in the Bane.""","«Правильно. Днем я торговец, но я чемпион в Бэйне»."
"""That's terrible, I'll stop it!""","«Это ужасно, я остановлю это!»"
"""That's that. I gotta say, these mole men didn't put up much of a fight. I'm not impressed.""","«Вот и все. Должен сказать, эти кроты не особо сопротивлялись. Меня это не впечатлило»."
"""That's the point, Commander. And we're definitely getting warmer.""","«В этом-то и дело, коммандер. И у нас определенно становится теплее»."
"""That's the second piece of treasure on the beach. Hurry, get it back to the ship! Those ghosts do NOT look happy.""","«Это второе сокровище на пляже. Поторопитесь, верните его на корабль! Эти призраки НЕ выглядят счастливыми»."
"""That's the spirit, someone willing to get their hands bloody for the sake of art. I'm looking forward to what you bring back.""","«Это тот дух, кто-то готов испачкать руки кровью ради искусства. Я с нетерпением жду того, что вы принесете»."
"""That's the stuff! Once I get enough, I'll brew up a batch of oil.""","«Вот в чем дело! Как только мне будет достаточно, я сварю порцию масла»."
"""That's tough, but it's not like you woke up a dragon. You'll be okay.""","«Это тяжёло, но ты не разбудил дракона. С тобой все будет в порядке»."
"""That's true. He is extremely expensive. But, if he gets our little Mipp back, he'll be worth every coin.""","«Это правда. Он очень дорогой. Но если он вернет нашего маленького Миппа, он будет стоить каждой монеты»."
"""That's...generous, sir, but I think Doxa and Kazz may need more time than that. They've been through a lot. Don't worry, though: I'll cover their duties.""","«Это... великодушно, сэр, но я думаю, что Доксе и Каззу может потребоваться больше времени. Они прошли через многое. Но не волнуйтесь: я выполню их обязанности»."
"""That, I believe, is the ultimate difference between us.""","«Я считаю, что это главное различие между нами»."
"""That, and the Forged attacks. Everything's being triaged to help the most in need.""","«Это, а также атаки Кованых. Все рассортировано, чтобы помочь наиболее нуждающимся»."
"""That, traveler, is the command center of the Vigil. Only those who are in our order may enter.""","«Это, путешественник, командный центр Бдения. Только те, кто состоит в нашем ордене, могут войти»."
"""Thaumadirectional polarity: reversed! The gate works both ways again. Mr. Sparkles, to me!""","«Полярность направления Таума: обратная! Врата снова работают в обе стороны. Мистер Спарклз, для меня!»"
"""Thaumanova melted down, but you didn't.""","«Тауманова растаяла, а ты нет»."
"""The """"big guy"""" is Tizlak of the Nuhoch tribe. Ibli and I are a team. Our tribes are allies. And I have excellent hearing.""",«Большой парень» — это Тизлак из племени Нухоч. Мы с Ибли — команда. Наши племена — союзники. И у меня отличный слух».
"""The 4,000 gems from your End of Dragons—Ultimate purchase have been delivered.""",«4000 драгоценных камней из вашей покупки End of Dragons — Ultimate доставлены».
"""The 4,000 gems from your Heart of Thorns: Ultimate purchase have been delivered.""",«4000 драгоценных камней из вашей покупки Heart of Thorns: Ultimate доставлены».
"""The 4,000 gems from your Path of Fire—Ultimate purchase have been delivered.""",«4000 драгоценных камней из вашего Пути Огня — покупка Ultimate доставлены».
"""The 4,000 gems from your Secrets of the Obscure: Ultimate purchase have been delivered.""",«4000 драгоценных камней из вашей покупки Secrets of the Obscure: Ultimate доставлены».
"""The 8th Anniversary Supply Drop<br>Use this to sign your account up for weekly 8th Anniversary Supply Drops. Receive the first drop immediately and three more between now and September 15.<br><br>First Drop:<br>5 Black Lion Chest Keys, a Golden Black Lion Chest Key, 2 Guaranteed Wardrobe Unlocks, and a Lorekeeper Weapon Select Box.<br>Second Drop:<br>A Bizarre Beasts Mount Select License, a choice of one Exotic Breeds, Mistborn, Curious Creatures, or New Horizons Mount Select License or a Bizarre Beasts Mount Adoption License, and a Black Lion Outfit Voucher.<br>Third Drop:<br>A Black Lion Dye Canister Package, a Black Lion Backpack and Glider Voucher, and a Black Lion Weapons Voucher.<br>Fourth Drop:<br>5 Black Lion Statuettes, a Mythic Weapon Choice, 2 Black Lion Miniature Claim Tickets, and a Black Lion Booster Box.""","«Припасы к 8-й годовщине<br>Используйте это, чтобы подписаться на еженедельные припасы к 8-й годовщине. Получите первый припас немедленно и ещё три в период до 15 сентября.<br><br>Первый припас:<br>5 ключей от сундука Чёрного льва, золотой ключ от сундука чёрного льва, 2 гарантированных открытия гардероба и ящик для выбора оружия Хранителя знаний.<br>Второй припас:<br>A Лицензия на выбор скакуна «Причудливые звери», лицензия на выбор экзотических пород, «Рожденные туманом», «Любопытные существа» или «Новые горизонты», лицензия на выбор скакуна или лицензия на усыновление скакуна «Причудливые звери», а также ваучер на экипировку «Чёрный лев».<br>Третий подарок:<br>Пакет с краской «Чёрный лев», ваучер на рюкзак и планер «Чёрный лев», а также ваучер на оружие «Чёрный лев».<br>Четвертый. Выпадение:<br>5 статуэток Чёрного льва, мифическое оружие на выбор, 2 миниатюрных билета на получение чёрного льва и коробка усилителей Чёрного льва»."
"""The 9th Anniversary Supply Drop<br>Use this to sign your account up for weekly 9th Anniversary Supply Drops. Receive the first drop immediately and three more between now and September 7.<br><br>First Drop:<br>5 Black Lion Chest Keys, a Golden Black Lion Chest Key, 2 Guaranteed Wardrobe Unlocks, and a Black Lion Claim Ticket.<br>Second Drop:<br>A Black Lion Backpack and Glider Combo Voucher, a Black Lion Weapon Voucher, and 2 Black Lion Miniature Claim Tickets.<br>Third Drop:<br>A Deep Wilds Mount Select License, a choice of one Mistborn, Curious Creatures, Bizarre Beasts, or Lost Era Mount Select License or a Deep Wilds Mount Adoption License, a Mini Green Raptor Hatchling, a Mini Brown Springer Kit, a Mini Yellow Jackal Pup, a Mini Red Griffon Hatchling, a Mini Blue Skimmer Pup, and a Mini Red Shiba Inu.<br>Fourth Drop:<br>A Black Lion Outfit Voucher, a Black Lion Chair Voucher, and a Black Lion Booster Box.""","«Припасы к 9-й годовщине<br>Используйте это, чтобы подписаться на еженедельные припасы к 9-й годовщине. Получите первый припас немедленно и ещё три в период до 7 сентября.<br><br>Первый припас:<br>5 ключей от сундука Чёрного льва, золотой ключ от сундука чёрного льва, 2 гарантированных открытия гардероба и билет на получение чёрного льва.<br>Второй припас:<br>A Комбо-ваучер на рюкзак и планер «Чёрный лев», ваучер на оружие «Чёрный лев» и 2 билета на получение миниатюрного скакуна «Чёрный лев».<br>Третий предмет:<br>Лицензия на выбор скакуна Deep Wilds, на выбор одна лицензия на выбор скакуна «Рожденный туманом», «Любопытные существа», «Причудливые звери» или «Затерянная эпоха» или лицензия на усыновление скакуна Deep Wilds, мини-детеныш зелёного ящера, мини-комплект коричневого спрингера, мини-жёлтый Щенок шакала, маленький детеныш красного грифона, мини-детеныш синего скиммера и маленький красный сиба-ину.<br>Четвертая капля:<br>Ваучер на экипировку «Чёрный лев», купон на кресло «Чёрный лев» и коробка-бустер «Чёрный лев»."
"""The Aeronotics golem is the AER-0000, the first golem ever to utilize sucking energy-absorption techniques. We won't let it get damaged. We need it for the next golem battle!""","«Голем Аэронотикс — это AER-0000, первый голем, когда-либо использовавший технику поглощения энергии. Мы не позволим ему повредиться. Он понадобится нам для следующей битвы с големами!»"
"""The Aetherblades staged a smash-and-grab from the other side of a new Mists portal. Come with me; I need to debrief Sheriff Siriam, the officer in charge of the jails.""","«Эфирные Клинки устроили нападение с другой стороны нового портала Туманов. Пойдём со мной; мне нужно допросить шерифа Сириама, офицера, отвечающего за тюрьмы»."
"""The Arcane Council refused to attend the world summit without proof that Taimi's waypoint recalibration device would work. I agreed to help her acquire the components and resources necessary to complete the machine. After some scraps with elementals (who may have been attracted to the ley line's magical energy), I collected all the necessary items. Taimi got the device running and scanned the waypoint network, but was unable to immediately recalibrate the waypoints themselves since the network is so vast. She needs more time.""","«Чародейский Совет отказался присутствовать на мировом саммите без доказательств того, что устройство перекалибровки путевых точек Тайми будет работать. Я согласился помочь ей приобрести компоненты и ресурсы, необходимые для завершения работы машины. После некоторых ссор с элементалями (которых, возможно, привлекла магическая энергия лей-линии), я собрал все необходимые предметы. Тайми запустила устройство и просканировала сеть путевых точек, но не смогла немедленно перекалибровать сами путевые точки, поскольку сеть очень обширна. Ей нужно больше времени»."
"""The Ascalonian Catacombs are ancient tombs haunted by ghosts. Eir Stegalkin has gone inside, followed by Rytlock Brimstone.""","«Аскалонские катакомбы — это древние гробницы, населенные призраками. Внутри зашёл Эйр Стегалкин, а за ним и Ритлок Жарокамень»."
"""The Ash Legion has trained you to apply stealth to your mount, allowing you to avoid combat.""","«Пепельный Легион научил вас применять невидимость к вашему скакуну, что позволяет вам избегать боя»."
"""The Ash Legion is all over this area, but their enclaves are never safe. Assist them in their continuing battle against the Flame Legion and other hostile creatures.""","«Пепельный Легион повсюду в этой области, но их анклавы никогда не бывают безопасными. Помогите им в их продолжающейся битве против Легиона Пламени и других враждебных существ»."
"""The Ash Legion of Liberation Dell hold Senecus Castrum, but the Gates of Flame are in Flame Legion hands.""","«Пепельный Легион Освобождения Делла удерживает Сенекус Каструм, но Врата Пламени находятся в руках Легиона Пламени»."
"""The Astral Ward are assaulting Nourys, the Eyes of the Abyss, to protect the spire.""","«Астральная стража атакует Нурис, Глаза Бездны, чтобы защитить шпиль»."
"""The Bells, the Bells!""","«Колокола, колокола!»"
"""The Binding of Ipos is as mystifying as it is venomous, dripping with ancient knowledge. Any warrior brave enough to carry this tome will be gifted with millennia of sinister magics.""","«Наручники Ипоса столь же загадочны, сколь и ядовиты, они пропитаны древними знаниями. Любой воин, достаточно смелый, чтобы носить этот фолиант, будет одарен тысячелетиями зловещей магии»."
"""The Black Citadel is an impregnable fortress built to dominate hostile territory, and sees a continual influx of new warbands. The Hero's Canton is home to a common sight in the Citadel—warbands from different legions, all camped cheek-by-jowl next to each other.""","«Чёрная Цитадель — это неприступная крепость, построенная для господства над враждебной территорией, и сюда постоянно притекают новые отряды. Кантон Героя является домом для общей достопримечательности Цитадели — отряды из разных легионов, расположившиеся лагерем бок о бок друг с другом»."
"""The Blood Legion salutes you, soldier. Impressive work!""","«Кровавый Легион приветствует тебя, солдат. Впечатляющая работа!»"
"""The Bloodtide Coast is a haven for pirates, brigands and ruffians of all types. The region's many islands and caves hide those who prey on travelers from Lion's Arch, even as the rising tide of undead forces ships inland from the sea.""","«Берег Кровавого Прилива — прибежище для пиратов, разбойников и хулиганов всех мастей. Множество островов и пещер региона скрывают тех, кто охотится на путешественников из Львиной Арки, даже когда поднимающаяся волна сил нежити перемещается вглубь страны с моря»."
"""The Bonestrand has been cut off by the war. Despite their dedication to Joko, the villagers in Purity have seen a rise in suspicious activity, and they've had to endure more scrutiny from the Awakened at the garrison.""","«Костестранд был отрезан войной. Несмотря на свою преданность Джоко, жители деревни Чистота стали свидетелями роста подозрительной активности, и им пришлось терпеть более пристальное внимание со стороны Пробудившихся в гарнизоне»."
"""The Borderlands are the launching point for many adventures into the mists. With a heavily fortified location that climbs all the way to the peak of a mountain, it can be a difficult place for enemies to assault and an excellent place for would-be heroes to gain their first battle scars.""","«Пограничье — отправная точка для многих приключений в тумане. Благодаря хорошо укрепленной локации, которая поднимается до самой вершины горы, это может быть трудным местом для нападения врагов и отличным местом для потенциальных героев, чтобы получить свои первые боевые шрамы»."
"""The Borderlands are the launching point for many adventures into the mists. With a heavily fortified location that climbs all the way to the peak of a mountain, it can be a difficult place for enemies to assault and an excellent place for would-be heroes to get their first battle scars.""","«Пограничье является отправной точкой для многих приключений в тумане. Благодаря хорошо укрепленной локации, которая поднимается до самой вершины горы, это может быть трудным местом для нападения врагов и отличным местом для потенциальных героев, чтобы получить свои первые боевые шрамы»."
"""The Branded aren't our only enemy north of the wall. The Ash Legion initiated an operation to the east, codename: Tawny Ridge. They've been watching the Separatists gathered at Craze's Folly. Both sides have seen plenty of fighting. I'm sure they'd appreciate some help.""","«Клейменные — не единственный наш враг к северу от стены. Пепельный Легион начал операцию на востоке под кодовым названием: Тони-Ридж. Они наблюдали за сепаратистами, собравшимися в Безумии Безумия. Обе стороны видели много боев. Я уверен, что они будут признательны за некоторую помощь»."
"""The Branded can't be tamed, little one. We tried.""","«Клейменного невозможно приручить, малышка. Мы пытались»."
"""The Branded head southwest, called by the will of their master, the Elder Dragon Kralkatorrik.""","«Клейменные направляются на юго-запад, призванные по воле своего хозяина, Старшего Дракона Кралькаторрика»."
"""The Caledon Forest is the homeland of the sylvari, and it is defended by the Wardens of the Pale Tree. Two of them, Tegwen and Carys, encountered a strange mirror and were temporarily transported into Orr. Only through courage and the help of their friends were they able to return.""","«Каледонский лес — родина сильвари, и его защищают Стражи Бледного Древа. Двое из них, Тегвен и Кэрис, столкнулись со странным зеркалом и были временно перенесены в Орр. Только благодаря храбрости и помощи своих друзей они смогли вернуться»."
"""The Chantry's greatest defense is its secrecy. Without that protection, all may be lost.""",«Самая большая защита Церкви — это её секретность. Без этой защиты все может быть потеряно».
"""The Citadel of Flame explorable mode is now available. Where you were singed before, you'll now get burned! (The story version must be completed first.)""","«Теперь доступен режим исследования Цитадели Пламени. Там, где вас опалили раньше, вы теперь сожжетесь! (Сначала необходимо пройти сюжетную версию.)»"
"""The Citadel of Flame is a main base of the Flame Legion. Its commander, Gaheron Baelfire, rules within.""",«Цитадель Пламени — главная база Легиона Пламени. Внутри правит её командир Гахерон Бэлфайр».
"""The Citadel of Flame is the main base of the Flame Legion, the deposed former legion of the charr. It is here that Gaheron Baelfire plots to retake command of the charr and crush the humans utterly.""","«Цитадель Пламени — главная база Легиона Пламени, свергнутого бывшего легиона чарр. Именно здесь Гахерон Бэлфайр замышляет вернуть себе контроль над чаррами и полностью сокрушить людей»."
"""The College of Dynamics produces gizmo-makers extraordinaire. Energy, enthusiasm, and boldness are our best qualities. We believe in leveraging the expendable nature of all things. If a prototype explodes, it isn't a failure unless the lesson goes unlearned.""","«Колледж динамики выпускает выдающихся создателей штуковин. Энергия, энтузиазм и смелость — наши лучшие качества. Мы верим в использование одноразовой природы всех вещей. Если прототип взрывается, это не провал, если только урок не будет усвоен»."
"""The Consortium has taken notice of your valiant effort to rebuild the Shadowstone! However, you are being led astray by misinformed Priory agents. The Priory is simply lacking the resources to fund its researchers and scholars. Please speak to our representative, Tradesman Maezz, before you hand over such a valuable artifact.""","«Консорциум обратил внимание на ваши доблестные усилия по восстановлению Тёмного камня! Однако вас сбивают с толку дезинформированные агенты Приората. У Приората просто не хватает ресурсов для финансирования своих исследователей и ученых. Пожалуйста, поговорите с нашим представителем, торговцем Маэззом, прежде чем передать такой ценный артефакт»."
"""The Content Guide points the way to nearby events, renown hearts, scouts, and unexplored areas. Check here if you're ever lost and looking for something to do!""","«Справочник по содержанию указывает путь к близлежащим событиям, знаменитым сердцам, разведчикам и неизведанным местам. Если вы когда-нибудь заблудились и ищете чем заняться, загляните сюда!»"
"""The Convergence has been calmed, and Stoic Alder's tale has come to an end. You will be returned to Harvest Den shortly.""","«Конвергенция успокоилась, и история стоика Олдера подошла к концу. Вскоре вы вернетесь в Логово Жатвы»."
"""The Convergence has been calmed, and Stoic Alder's tale has come to an end.""","«Конвергенция успокоилась, и история стоика Олдера подошла к концу»."
"""The Convergence has been calmed, and Zojja will teleport the group back to the Wizard's Tower soon.""","«Конвергенция успокоилась, и вскоре Зойджа телепортирует группу обратно в Башню Волшебника»."
"""The Cottage That Ran Away by Poised Arrow, """"Poky""""""","«Коттедж, который сбежал от наведенной стрелы», «Поки»»"
"""The Court of Queen Jennah, Regal of Kryta""","«Суд королевы Дженны, королевы Крайты»"
"""The Cycle, Reborn Completed""",«Цикл возрождения завершен»
"""The Cycle, Reborn""","«Цикл, возрожденный»"
"""The Cycle, Reborn: Arborstone""","«Цикл, возрождение: Арборстоун»"
"""The Cycle, Reborn: The Dead End Bar""","«Цикл, возрожденный: Бар в тупике»"
"""The Degun Shun ogres are a rare, peaceful breed. They face an increasingly hostile environment as well as threats from more aggressive ogres. They're far too vulnerable to survive without help.""","«Огры Дегун Шун — редкая, мирная порода. Они сталкиваются со все более враждебной средой, а также с угрозами со стороны более агрессивных огров. Они слишком уязвимы, чтобы выжить без посторонней помощи»."
"""The Deldrimor ruins are richly historical but under constant attack. Until we hold them, we can't send people in.""","«Руины Делдримора богаты историей, но находятся под постоянными атаками. Пока мы не удержим их, мы не сможем послать туда людей»."
"""The Dengatl sold the poison to a third hylek tribe: the Ogotl. Of all the hylek in Caledon Forest, the Ogotl are the least predictable. They could multiply the effects of the Hazupl poison. Unfortunately, they're also a little insane.""","«Денгатли продали яд третьему племени хилеков: оготлям. Из всех хилеков Каледонского леса оготли наименее предсказуемы. Они могут усилить действие яда хазуплов. К сожалению, они ещё и немного безумны»."
"""The Diessa Plateau's ranches and mills supply the legions with food and materials critical to their operations. Human Separatists and the Flame Legion are saboteurs, preying on workers, buildings, and requisitions shipments throughout the region.""","«Ранчо и фабрики плато Дьесса снабжают легионы продовольствием и материалами, необходимыми для их операций. Человеческие сепаратисты и Легион Пламени — диверсанты, охотящиеся на рабочих, здания и грузы с реквизицией по всему региону»."
"""The Diessa Plateau's ranches and mills supply the legions with food and materials critical to their operations. Saboteurs, such as human Separatists and the Flame Legion, prey on workers, buildings, and requisitions shipments throughout the region.""","«Ранчо и фабрики плато Дьесса снабжают легионы продовольствием и материалами, необходимыми для их операций. Диверсанты, такие как люди-сепаратисты и Легион Пламени, охотятся на рабочих, здания и грузы с реквизицией по всему региону»."
"""The Discovery tab is where you can experiment to unlock more recipes. Your available materials, including crafted components, will be displayed on the left. Try dragging or double clicking your Poultry Meat, Black Peppercorn, Carrots and Potatoes so they appear in the discovery boxes to the right. Note that the """"Craft"""" icon will turn blue, indicating that you've found a viable combination. Press """"Craft"""" to craft the item.""","«На вкладке «Открытие» вы можете поэкспериментировать, чтобы разблокировать больше рецептов. Доступные материалы, включая созданные компоненты, будут отображаться слева. Попробуйте перетащить или дважды щёлкнуть мясо птицы, чёрный перец горошком, морковь и картофель, чтобы они появились в полях открытия справа. Обратите внимание, что значок «Создать» станет синим, указывая на то, что вы нашли жизнеспособную комбинацию. Нажмите «Создать», чтобы создать предмет»."
"""The Discovery tab is where you can experiment to unlock more recipes. Your available materials, including crafted components, will be displayed on the left. Try dragging or double clicking your Practice Bolts of Jute and Piles of Glittering Dust so they appear in the discovery boxes to the right. Note that the """"Craft"""" icon will turn blue, indicating that you've found a viable combination. Press """"Craft"""" to craft the item.""","«На вкладке «Открытие» вы можете поэкспериментировать, чтобы разблокировать больше рецептов. Доступные материалы, включая изготовленные компоненты, будут отображаться слева. Попробуйте перетащить или дважды щёлкнуть тренировочные болты джута и груды блестящей пыли, чтобы они появились в полях открытий справа. Обратите внимание, что значок «Создать» станет синим, указывая, что вы нашли жизнеспособную комбинацию. Нажмите «Создать», чтобы создать предмет»."
"""The Discovery tab is where you can experiment to unlock more recipes. Your available materials, including crafted components, will be displayed on the left. Try dragging or double clicking your Practice Copper Ingot and Piles of Glittering Dust so they appear in the discovery boxes to the right. Note that the """"Craft"""" icon will turn blue, indicating that you've found a viable combination. Press """"Craft"""" to craft the item.""","«На вкладке «Открытие» вы можете поэкспериментировать, чтобы разблокировать больше рецептов. Доступные материалы, включая изготовленные компоненты, будут отображаться слева. Попробуйте перетащить или дважды щёлкнуть тренировочный медный слиток и груды сверкающей пыли, чтобы они появились в полях открытий справа. Обратите внимание, что значок «Создать» станет синим, указывая, что вы нашли жизнеспособную комбинацию. Нажмите «Создать», чтобы создать предмет»."
"""The Discovery tab is where you can experiment to unlock more recipes. Your available materials, including crafted components, will be displayed on the left. Try dragging or double clicking your Practice Copper Ingots and Piles of Glittering Dust so they appear in the discovery boxes to the right. Note that the """"Craft"""" icon will turn blue, indicating that you've found a viable combination. Press """"Craft"""" to craft the item.""","«На вкладке «Открытие» вы можете поэкспериментировать, чтобы разблокировать больше рецептов. Доступные материалы, включая созданные компоненты, будут отображаться слева. Попробуйте перетащить или дважды щёлкнуть медные слитки практики и груды блестящей пыли, чтобы они появились в полях открытий справа. Обратите внимание, что значок «Создать» станет синим, указывая, что вы нашли жизнеспособную комбинацию. Нажмите «Создать», чтобы создать предмет»."
"""The Discovery tab is where you can experiment to unlock more recipes. Your available materials, including crafted components, will be displayed on the left. Try dragging or double clicking your Practice Copper Setting, Practice Copper Band and Piles of Glittering Dust so they appear in the discovery boxes to the right. Note that the """"Craft"""" icon will turn blue, indicating that you've found a viable combination. Press """"Craft"""" to craft the item.""","«На вкладке «Открытие» вы можете поэкспериментировать, чтобы разблокировать больше рецептов. Доступные материалы, включая изготовленные компоненты, будут отображаться слева. Попробуйте перетащить или дважды щёлкнуть медную оправу для практики, медное кольцо для практики и груды блестящей пыли, чтобы они появились в полях открытия справа. Обратите внимание, что значок «Создать» станет синим, указывая, что вы нашли жизнеспособную комбинацию. Нажмите «Создать», чтобы создать предмет."
"""The Discovery tab is where you can experiment to unlock more recipes. Your available materials, including crafted components, will be displayed on the left. Try dragging or double clicking your Practice Rawhide Leather Square and Piles of Glittering Dust so they appear in the discovery boxes to the right. Note that the """"Craft"""" icon will turn blue, indicating that you've found a viable combination. Press """"Craft"""" to craft the item.""","«На вкладке «Открытие» вы можете поэкспериментировать, чтобы разблокировать больше рецептов. Доступные материалы, включая изготовленные компоненты, будут отображаться слева. Попробуйте перетащить или дважды щёлкнуть квадрат «Практика из сыромятной кожи» и «Кучи сверкающей пыли», чтобы они появились в полях открытий справа. Обратите внимание, что значок «Создать» станет синим, указывая, что вы нашли жизнеспособную комбинацию. Нажмите «Создать», чтобы создать предмет."
"""The Discovery tab is where you can experiment to unlock more recipes. Your available materials, including crafted components, will be displayed on the left. Try dragging or double clicking your Practice Rawhide Leather Squares and Vials of Weak Blood so they appear in the discovery boxes to the right. Note that the craft icon will turn blue, indicating that you've found a viable combination. Press """"Craft"""" to craft the item.""","«На вкладке «Открытие» вы можете экспериментировать, чтобы разблокировать больше рецептов. Доступные материалы, включая изготовленные компоненты, будут отображаться слева. Попробуйте перетащить или дважды щёлкнуть квадраты из сыромятной кожи и флаконы слабой крови для практики, чтобы они появились в полях открытий справа. Обратите внимание, что значок крафта станет синим, указывая, что вы нашли жизнеспособную комбинацию. Нажмите «Создать», чтобы создать предмет."
"""The Dragon's Reach, Part 1""","«Досягаемость Дракона, часть 1»"
"""The Dragon's Reach, Part 2""","«Досягаемость Дракона, часть 2»"
"""The Dragonbrand is a constant reminder of the destruction that the Elder Dragons can do. At Sentinel's Perch we're struggling to keep the Brand from spilling out into Tyria. With any luck, those scientists at Varimhold Outpost will find a way to permanently lock this place down.""","«Клеймо Дракона — постоянное напоминание о разрушениях, которые могут совершить Старшие Драконы. В Осаде Часового мы изо всех сил пытаемся удержать Клеймо от проникновения в Тирию. Если повезет, ученые на заставе Варимхолд найдут способ навсегда запереть это место»."
"""The Dream led you to our aid, I just know it.""","«Сон привел тебя к нам на помощь, я просто это знаю»."
"""The Dream will soon right itself, and we'll have a break. For now, defend Alboris so he can repair the bridge.""","«Сон скоро исправится, и у нас будет передышка. А пока защищайте Альбориса, чтобы он мог починить мост»."
"""The Dreamer is as mystifying as it is perplexing, for such a creature doesn't exist within the known world. It is quite popular among the skritt, though, who idolize its colorful...prowess.""","«Мечтатель настолько же загадочный, насколько и сбивает с толку, поскольку такого существа не существует в известном мире. Однако он довольно популярен среди скриттов, которые боготворят его красочное… мастерство»."
"""The Dredgehaunt Cliffs were once the domain of the dwarves, but when that race went down into the depths, the mole-like dredge claimed these lands as their own, and battle with the jotun, the grawl, and the norn for control.""","«Скалы Дреджей когда-то были владениями гномов, но когда эта раса спустилась в глубины, кротоподобные драги заявили, что эти земли принадлежат им, и сражались с йотунами, гролами и норнами за контроль»."
"""The Durmand Priory has requested the collection of Mordrem Blooms. In exchange, we're offering a collection of goods.""",«Приорат Дурманд запросил коллекцию Мордрема Блума. В обмен мы предлагаем коллекцию товаров».
"""The Durmand Priory has run into trouble in the Molitage Digs. A research team is looking for relics that hold information about the war between dwarves and destroyers, but dredge are attacking the excavators. As the researchers progress, the destroyers themselves have started appearing.""","«Дурмандский монастырь столкнулся с неприятностями на раскопках Молитажа. Исследовательская группа ищет реликвии, содержащие информацию о войне между гномами и разрушителями, но драги атакуют экскаваторы. По мере продвижения исследователей начали появляться и сами разрушители»."
"""The Durmand Priory is dedicated to discovering secrets of the past. To us, this area is a treasure trove full of dwarven artifacts. We're currently in aggressive negotiations with the dredge, who are hording relics underground. It's no easy task, and the Priory has their work cut out for them.""","«Приорат Дурманд посвящен раскрытию тайн прошлого. Для нас эта область — сокровищница, полная гномьих артефактов. В настоящее время мы ведём агрессивные переговоры с драгами, которые прячут реликвии под землей. Это непростая задача, и у Приората есть своя работа»."
"""The Durmand Priory is dedicated to the preservation of knowledge. Retrieved artifacts are critical to our work. These caves are rife with them—or rather, rife with whatever the robbers left.""","«Приорат Дурманд занимается сохранением знаний. Найденные артефакты имеют решающее значение для нашей работы. Эти пещеры изобилуют ими — или, скорее, изобилуют тем, что оставили грабители»."
"""The Durmand Priory is researching within the catacombs, and have found darker things lurk within its depths.""","«Приорат Дурманд проводит исследования в катакомбах и обнаружил, что в их глубинах скрываются более тёмные вещи»."
"""The Durmand Priory is searching for artifacts in the ruins of Ascalon City, but the human ghosts that roam the area stand in our way. We do what we can to stop them from attacking us, but it is only a matter of time before they reappear, and we are only so many.""","«Приорат Дурманд ищет артефакты в руинах города Аскалон, но на нашем пути стоят человеческие призраки, бродящие по этой местности. Мы делаем все возможное, чтобы помешать им напасть на нас, но их новое появление — лишь вопрос времени, а нас не так много»."
"""The Durmand Priory is standing by to help you gain entry to Professor Gorr's lab...but if Rakt and his Arcane Eye agents find you there, getting in won't be half as dangerous as getting out.""","«Приорат Дурманд готов помочь вам проникнуть в лабораторию профессора Горра… но если Ракт и его агенты «Чародейского глаза» найдут вас там, войти туда будет и вполовину так же опасно, как выбраться наружу."
"""The Durmand Priory is the single greatest source of knowledge about Tyria, ancient history, and the Elder Dragons. Explorers for the Priory track down lost knowledge and return it to the archives for secret study by the masters of the Order.""","«Приорат Дурманд — единственный величайший источник знаний о Тирии, древней истории и Старших Драконах. Исследователи Приората выслеживают утраченные знания и возвращают их в архивы для тайного изучения магистрам Ордена»."
"""The Durmand Priory may be influential in these parts—their main base of operations is here, after all—but they're not the only game in town. The Nentor Consolidated Mine has carved out a vital role as the main supplier of ore and gems for Lion's Arch. Lately though, they've had trouble with skritt. Their deliveries have slipped as a result. They need help, or it'll likely get worse.""","«Приорат Дурманд, возможно, и имеет влияние в этих краях — в конце концов, их основная база находится здесь — но они не единственная игра в городе. Объединенная шахта Нентор сыграла жизненно важную роль в качестве главного поставщика руды и драгоценных камней для Львиной Арки. Однако в последнее время у них проблемы со скриттами. В результате их поставки сократились. Им нужна помощь, иначе, скорее всего, станет ещё хуже»."
"""The Ebon Vanguard hasn't had a chance to check it, but if I had to guess, I'd say either he's there or his soldiers are.""","«У Чёрного Авангарда не было возможности проверить это, но если бы мне пришлось гадать, я бы сказал, что либо он там, либо его солдаты»."
"""The Ebon Vanguard protects the human fortress of Ebonhawke, with aid from Kryta and Queen Jennah's Seraph. In the hills of southern Ascalon, though, the only law is that of survival—kill or be killed, and even the Legions of the charr must walk with caution.""","«Эбеновый Авангард защищает человеческую крепость Эбонхок с помощью Крайты и Серафима королевы Дженны. Однако в холмах южного Аскалона единственным законом является закон выживания: убей или будешь убит, и даже легионы чарр должны действовать осторожно»."
"""The Elder Crystal Dragon flew down from the north and created the Dragonbrand with his breath five years ago. Flora, fauna, rocks, and even the air were corrupted. A formidable power indeed.""","«Старший Хрустальный Дракон прилетел с севера и своим дыханием создал Клеймо Дракона пять лет назад. Флора, фауна, камни и даже воздух были испорчены. Действительно грозная сила»."
"""The Elder Dragon Jormag has driven the Kodan south in their great santuary ships. Now, the ship called the Honor of the Waves lies stricken and sinking from an assault from the dragon's minions.""",«Старший дракон Йормаг оттеснил коданов на юг на их огромных кораблях-убежищах. Теперь корабль под названием «Честь волн» лежит под ударом и тонет от нападения приспешников дракона.
"""The Elder Dragon Mordremoth has risen, dominating the Maguuma Jungle and destroying the Pact fleet sent to confront it. Now Tyria's bravest heroes race to find the downed Pact flagship and determine the fates of Marshal Trahearne and Destiny's Edge before the dragon's minions completely colonize the jungle and swarm out to overwhelm all of Tyria.""","«Старший дракон Мордремот восстал, доминируя в джунглях Магуума и уничтожив флот Пакта, посланный противостоять ему. Теперь самые храбрые герои Тирии спешат найти сбитый флагман Пакта и определить судьбу маршала Трэхирна и Destiny's Edge, прежде чем приспешники дракона полностью колонизируют джунгли и устремятся в атаку, чтобы сокрушить всю Тирию»."
"""The Elder Dragon Zhaitan has dispatched its undead forces to Sparkfly Fen. Led by Zhaitan's champion, Tequatl the Sunless, the undead horde seeks to conquer the marshy coast before pressing inland, killing and corrupting everything in its path.""","«Старший дракон Зайтан направил свои силы нежити в Спаркфлай Фен. Орда нежити под предводительством чемпиона Зайтана, Текуатля Бессолнечного, стремится завоевать болотистое побережье, прежде чем двинуться вглубь страны, убивая и разрушая все на своем пути»."
"""The Elder Dragons will fall to our might, and Vlast is the key. Your faith will be rewarded. Your hesitation will be punished.""","«Старшие Драконы падут от нашей мощи, и Власт — ключ к успеху. Ваша вера будет вознаграждена. Ваше колебание будет наказано»."
"""The Elder Fire Dragon is believed to be the first dragon to awaken, about 200 years ago. No one knows where it lives, but we know it's the living embodiment of an unquenchable inferno.""","«Считается, что Старший Огненный Дракон — первый дракон, пробудившийся около 200 лет назад. Никто не знает, где он живёт, но мы знаем, что это живое воплощение неугасимого ада»."
"""The Eldvin Monastery supplies the best beer in all of Kryta! But times have been hard for them of late. Between bandits, the recent centaur attacks, and what may be a poor harvest, I wonder if there'll even be any brew this season...""","«Монастырь Элдвин поставляет лучшее пиво на всей Крайте! Но в последнее время у них наступили тяжёлые времена. Из-за бандитов, недавних нападений кентавров и, возможно, плохого урожая, интересно, будет ли вообще какое-нибудь пиво в этом сезоне...»"
"""The Exalted within can channel a shield to repel the Elder Dragon's offshoots, but it won't last.""","«Возвышенные внутри могут направить щит, чтобы отразить ответвления Старшего Дракона, но это не продлится долго»."
"""The Exterminator is releasing excess energy in the area, damaging nearby enemies in a growing radius.""","«Истребитель высвобождает избыточную энергию в области, нанося урон ближайшим врагам в растущем радиусе»."
"""The Eye! It sees me. It sees into my mind, into my Dream. There's no escape.""","«Глаз! Он видит меня. Он видит мой разум, мою Мечту. Спасения нет»."
"""The Fang of the Serpent hangs here as a reminder of our flight from Jormag. Seeing it quickens the blood, does it not?""","«Здесь висит Клык Змеи, как напоминание о нашем бегстве с Йормага. При виде него кровь кипит, не так ли?»"
"""The Fireheart Rise writhes in the grip of the Flame Legion. Once the rulers of the charr, this deposed legion has been driven back by the other charr, but still controls this blasted wasteland of volcanoes and tar pits from their massive fortress at the Citadel of Flame.""","«Возвышенность Огненного Сердца корчится в хватке Легиона Пламени. Этот свергнутый легион, когда-то правивший чаррами, был отброшен другими чаррами, но все ещё контролирует эту выжженную пустошь с вулканами и смоляными ямами из своей огромной крепости в Цитадели Пламени»."
"""The Flame Legion and I both tried to recruit Soure Doomsday, a talented young magic-user. Soure agreed to join my warband, and the Flame Legion objected, but we forced them to accept his decision.""","«Я и Легион Пламени пытались завербовать Суре Судный день, талантливого молодого мага. Сур согласился присоединиться к моей банде, а Легион Пламени возражал, но мы заставили их принять его решение»."
"""The Flame Legion have decimated Victium Moors, and they patrol it day and night. Their true intentions there are unknown. It would take an army to vanquish their forces, but I've heard there's a warband out there determined to bring them down. If that's true, and if you can find them, join their fight.""","«Легион Пламени уничтожил Виктиум Мурс, и они патрулируют его день и ночь. Их истинные намерения там неизвестны. Чтобы победить их силы, потребуется целая армия, но я слышал, что там есть банда, полная решимости уничтожить их. Если это правда, и если вы сможете их найти, присоединяйтесь к их борьбе»."
"""The Flame Legion is cunning and their magic is powerful, but they were defeated by the unified might of Ash, Blood and Iron. But if those three legions bicker and backstab, how long can their alliance truly last?""","«Легион Пламени хитер, и их магия сильна, но они были побеждены объединенной мощью Пепла, Крови и Железа. Но если эти три легиона будут ссориться и наносить удары в спину, как долго сможет продержаться их союз?»"
"""The Flame Legion is forcing an Iron Legion engineer to make a superweapon. She is in danger, and so are we if we don't destroy that threat!""","«Легион Пламени заставляет инженера Железного Легиона создать супероружие. Она в опасности, и мы тоже, если не уничтожим эту угрозу!»"
"""The Flame Legion is planning simultaneous attacks on Blood and Iron, designed to turn them against each other. Tribune Desertgrave needs this information right away.""","«Легион Пламени планирует одновременные атаки на Кровь и Железо, чтобы настроить их друг против друга. Трибьюн Дезертгрейв нуждается в этой информации прямо сейчас»."
"""The Flame Legion tried to stop you from assembling the prototype, but your warband fought them off. Luccia Wildeye was a good find; she helped you fight, and joined your warband. Time to report back to Tribune Goreblade.""","«Легион Пламени пытался помешать вам собрать прототип, но ваш отряд отбился от них. Лючия Дикоглаз оказалась хорошей находкой; она помогла вам сражаться и присоединилась к вашему отряду. Пришло время доложить Трибуну Кровавому Клину»."
"""The Flame Legion was targeting more than Blood and Iron: they also kidnapped Ash Legion Tribune Desertgrave! Find a way into the Flame Legion stronghold near the Ruins of Rin, while Rytlock Brimstone musters troops to back you up.""","«Легион Пламени нацелился не только на Кровь и Железо: они также похитили пустынную могилу Трибьюн Пепельного Легиона! Найдите путь в крепость Легиона Пламени возле руин Рин, пока Ритлок Жарокамень собирает войска, чтобы поддержать вас»."
"""The Flame Legion's Mergath Flarekin launched an attack on all the Black Citadel's tribunes, as well as Imperator Smodur himself. I defeated the Flame effigy Mergath summoned and saved the Citadel's highest-ranking officers.""","«Мергат Фларекин из Легиона Пламени атаковал все трибуны Чёрной Цитадели, а также самого Императора Смодура. Я победил Огненное чучело, вызванное Мергатом, и спас самых высокопоставленных офицеров Цитадели»."
"""The Flying Dolyak race is a Festival of the Four Winds institution, and you just became a part of its storied history!""","«Забег «Летающий Дольяк» — это праздник Четырех Ветров, и вы только что стали частью его легендарной истории!»"
"""The Fraenir of Jormag, chosen by the Elder Dragons themselves, has invaded the Raven Sanctum to steal and corrupt the Spirits' magic within. Assault the sanctum and put an end to this desecration.""","«Френир Йормага, избранный самими Старшими Драконами, вторгся в Святилище Воронов, чтобы украсть и испортить магию Духов внутри. Нападите на святилище и положите конец этому осквернению»."
"""The Garden of Lyssa, a small community garden hidden in the middle of the city, offers residents a small getaway from city life.""","«Сад Лиссы, небольшой общественный сад, спрятанный в центре города, предлагает жителям небольшой отдых от городской суеты»."
"""The Gear Warband is missing their chugger attack vehicle. Since I share blame for losing it, I've agreed to serve as a temporary auxiliary and repay the loss. My first duty as a soldier is to join their caravan escort detail.""","«Отряду Шестерни не хватает своей боевой машины. Поскольку я разделяю вину за её потерю, я согласился служить временным помощником и возместить потерю. Моя первая обязанность как солдата — присоединиться к их отряду сопровождения караванов»."
"""The Gnarlgrove, where Melandru sleeps.""","«Роща Гнарл, где спит Меландру»."
"""The Golemagical Institute specializes in the creation and application of golemic arcanology, focusing on designing useful servitors to assist with common labors. If something's gone wrong at the Institute's lab, it could spell trouble.""","«Институт Големагии специализируется на создании и применении големической арканологии, уделяя особое внимание созданию полезных сервиторов для помощи в обычных работах. Если в лаборатории Института что-то пойдёт не так, это может привести к неприятностям»."
"""The Great Joko, Hero of Tyria""","«Великий Джоко, герой Тирии»"
"""The Great Lodge of Hoelbrak is filled with famous names. Lately, two of the most talked about are the Slayer of Issormir, winner of the Great Hunt, and Mikkel Toivosson, winner of the Big Brawl. These two champions are also bitter rivals, destined for an explosive confrontation.""","«Великая Ложа Хельбрака полна знаменитых имен. В последнее время больше всего говорят о двух из них — Убийце Иссормира, победителе Великой Охоты, и Миккеле Тойвоссоне, победителе Большой Потасовки. Эти два чемпиона также являются непримиримыми соперниками, которым суждено взрывное противостояние»."
"""The Guild Initiative has opened its doors in Lion's Arch. As a guild that predates its founding, you are entitled to a gift for joining. Talk to a guild registrar to learn more.""","«Инициатива гильдий открыла свои двери в Львиной Арке. Как гильдия, созданная до её основания, вы имеете право на подарок за вступление. Поговорите с регистратором гильдии, чтобы узнать больше»."
"""The Guild Initiative helps guilds organize to improve Tyria and fight the Elder Dragon threat. At their headquarters in northeastern Lion's Arch, you can find guild-specific services, including explorers that have identified guild halls for your guild to claim.""","«Инициатива гильдий помогает гильдиям организовываться для улучшения Тирии и борьбы с угрозой Старшего Дракона. В их штаб-квартире на северо-востоке Львиной Арки вы можете найти специальные услуги для гильдии, включая исследователей, которые определили залы гильдии, на которые ваша гильдия может претендовать»."
"""The Guild Wars caused great devastation, and the nations faltered.""","«Войны гильдий вызвали огромные разрушения, и нации пошатнулись»."
"""The Hazupl tribe of hylek was attacked by the Dengatl tribe, and the precious zalisco extract was stolen. If the Dengatl have a chance to use the extract, they'll make it into a poison—and many innocents could be in danger.""","«Племя Хазупл хилек подверглось нападению со стороны племени Денгатль, и драгоценный экстракт залиско был украден. Если Денгатль получит шанс использовать экстракт, они превратят его в яд — и многие невиновные могут оказаться в опасности»."
"""The High Kryptis avatars were defeated, but the legendary High Kryptis was victorious.""","«Аватары Высокого Криптиса были побеждены, но легендарный Верховный Криптис одержал победу»."
"""The High Kryptis is protecting the tentacle, making it invulnurable. Kill the High Kryptis to remove the protection.""","«Высший Криптис защищает щупальце, делая его неуязвимым. Убейте Высшего Криптиса, чтобы снять защиту»."
"""The Honor of the Waves dungeon is swarming with icebrood, but you can keep the Sanctuary afloat! Check your mail for more information.""","«Подземелье «Честь волн» кишит ледяными выводками, но вы можете удержать Святилище на плаву! Для получения дополнительной информации проверьте свою почту»."
"""The Honor of the Waves is our sanctuary ship. We sailed here, fleeing Jormag, but one of his champions damaged the ship beyond repair.""","«Честь волн — наш корабль-убежище. Мы приплыли сюда, спасаясь от Йормага, но один из его защитников повредил корабль, не подлежащий ремонту»."
"""The Hook warband has worked this lake since we left the fahrar. I'm the only one left. It won't be long, and we'll have a changing of the guard here at Lake Feritas.""","«Отряд Крюка обработал это озеро с тех пор, как мы покинули Фахрар. Остался только я. Пройдёт немного времени, и у нас здесь, на озере Феритас, произойдёт смена караула»."
"""The Human Fall of Rin, Part 2""","«Падение Рина, часть 2»"
"""The Human Rise of Rin, Part 1""","«Человеческий подъём Рин, часть 1»"
"""The Icebrood Construct collapses, greatly reducing its defense.""","«Конструкт Айсбруд рушится, значительно снижая его защиту»."
"""The Inquest are seeking to utilize the power of the Elder Dragons themselves in their desire to dominate the other races. Unless they are stopped, they risk all of Tyria with their maniacal greed.""","«Дознание стремится использовать силу самих Старших Драконов в своем желании доминировать над другими расами. Если их не остановить, они со своей маниакальной жадностью подвергнут риску всю Тирию»."
"""The Inquest are up to something devious. They set up a satellite research lab to the south that regularly sends new data to their main complex up north. The Order of Whispers sent a detachment south to slow the Inquest's progress, and now all three orders are gathering in Gallant's Folly up north to march on the Crucible of Eternity. They could use some help, if you're up for it.""","«Дознание задумало что-то коварное. Они создали спутниковую исследовательскую лабораторию на юге, которая регулярно отправляет новые данные в их главный комплекс на севере. Орден Шепота послал отряд на юг, чтобы замедлить продвижение Дознания, и теперь все три ордена собираются в Безумии Галланта на севере, чтобы выступить на Горнило Вечности. Им может пригодиться некоторая помощь, если вы к этому готовы»."
"""The Inquest dug up a broken totem, but left it behind. Meliza said the dig site is northwest of the Priory's camp in Crumbling Precipice.""","«Следствие выкопало сломанный тотем, но оставило его. Мелиза сказала, что место раскопок находится к северо-западу от лагеря Приората в Разваливающейся пропасти»."
"""The Inquest has Zojja, but you and Mr. Sparkles are not about to let them keep her. Next stop: the Inquest's Funhouse lab!""","«У Следствия есть Зойджа, но вы с мистером Спарклзом не позволите им оставить её себе. Следующая остановка: лаборатория Дознания!»"
"""The Inquest has been cleared out, and the skritt aren't in danger. That's something to be proud of.""","«Следствие прекращено, и скриттам ничего не угрожает. Это то, чем можно гордиться»."
"""The Inquest have a monstrous facility northwest of here, stuck like a barnacle on a seer structure. Saw spires there.""","«У Следствия есть чудовищный объект к северо-западу отсюда, прилепившийся, как ракушка, к сооружению провидца. Видел там шпили»."
"""The Inquest have been driven out of Sorrow's Embrace, but the politics of the dredge have left the situation turbulent as various factions joust and position themselves for power.""","«Инквест был изгнан из Объятий Скорби, но политика драга оставила ситуацию неспокойной, поскольку различные фракции сражаются и позиционируют себя за власть»."
"""The Inquest have contaminated this area, making it inhospitable for mounts. You have been dismounted.""","«Дознание заразило эту территорию, сделав её непригодной для скакунов. Вас спешили»."
"""The Inquest have raised a massive new facility, the Crucible of Eternity, in Mount Maelstrom. Fight your way through the dungeon to stop their odious plans! Check your mail for more information.""","«Следствие построило новое огромное сооружение, Горнило Вечности, на горе Водоворот. Пробейтесь через подземелье, чтобы остановить их одиозные планы! Проверьте свою почту, чтобы получить дополнительную информацию»."
"""The Inquest is experimenting using minions of the Elder Dragons. Zojja has gone in already, muttering something about a researcher named """"Kudu"""".""","«Следствие экспериментирует с использованием приспешников Старших Драконов. Зойджа уже вошла, бормоча что-то об исследователе по имени «Куду»»."
"""The Inquest keeps interfering with your krewe's MIG project, so it's time to turn the tables and mess with them. Their Funhouse lab may have the equipment and information you need to help extract Doxa from the MIG, so you're going to break in and acquire it.""","«Следствие продолжает вмешиваться в проект МИГ вашего креве, так что пришло время изменить ситуацию и возиться с ними. В их лаборатории Funhouse может быть оборудование и информация, которые вам нужны, чтобы помочь извлечь Доксу из МИГа, так что вы собираетесь ворваться и завладеть ею»."
"""The Inquest make no sense to me. I don't know if they're oblivious to the destruction they cause, impartial to it, or actively trying to destroy Tyria.""","«Дознание не имеет для меня никакого смысла. Я не знаю, не обращают ли они внимания на разрушения, которые они причиняют, беспристрастны к ним или активно пытаются уничтожить Тирию»."
"""The Inquest released a flood of hostile golems to cover up a brazen daylight data theft. With the help of Zojja and Mr. Sparkles, I defeated the Inquest agents, their golems, and the monstrous Prototype X.""","«Следствие выпустило поток враждебных големов, чтобы скрыть наглую кражу данных при дневном свете. С помощью Зоджи и мистера Спарклза я победил агентов Дознания, их големов и чудовищного Прототипа X»."
"""The Inquest terminal turns on as you approach. A blinking hexagon follows the word """"Password:"""" on the screen.""",«Терминал дознания включается при вашем приближении. За словом «Пароль:» на экране мигает шестиугольник».
"""The Inquest's pollution has halted. For your efforts, I have reopened my shop. Take what you need, traveler.""","«Загрязнение Дознания прекратилось. Благодаря твоим усилиям я вновь открыл свой магазин. Возьми то, что тебе нужно, путник»."
"""The Iron Marches was once a resource-rich region of Ascalon, but has been transformed into the front lines of the fight between the Flame Legion and the rest of the Charr. Forces of both sides skirmish along the edge of the Dragon Brand, each seeking control of the region.""","«Железные Топи когда-то были богатым ресурсами регионом Аскалона, но теперь превратились в передовую линию борьбы между Легионом Пламени и остальной частью Чарра. Силы обеих сторон сражаются на окраине Бренда Дракона, каждая стремится получить контроль над регионом»."
"""The Jackdaw pirates have captured Demmi Beetlestone, and written the Ministry Guard to demand a ransom. As the Legate Minister's daughter, Demmi could bring quite a price. Too bad the Order of Whispers is involved—and planning to spring her well before her father's soldiers can arrive.""","«Пираты Галки захватили Демми Битлстоун и обратились в Министерскую гвардию с требованием выкупа. Будучи дочерью министра-легата, Демми могла бы принести немалую цену. Жаль, что в этом замешан Орден Шепота, который планирует спасти её задолго до того, как прибудут солдаты её отца»."
"""The Jade Brotherhood will be keeping a wary eye on you.  As you do risky things, your suspicion level will increase.  If it reaches 100, you will get kicked out of the camp.""","«Нефритовое Братство будет внимательно следить за тобой. Когда ты совершаешь рискованные поступки, твой уровень подозрительности будет увеличиваться. Если он достигнет 100, тебя выгонят из лагеря»."
"""The Jotun Star, fabled relic of the ancient mystical race, was said to call down a rainbow to the land. The stone, and its power, was broken long ago. Help bring it to rest as the first part of your journey to craft the legendary precursor The Legend.""","«Говорят, что Звезда Йотунов, легендарная реликвия древней мистической расы, вызвала на землю радугу. Камень и его сила были разрушены давным-давно. Помогите вернуть его на землю в первой части вашего путешествия по созданию легендарного предшественника «Легенды»."
"""The Kaineng you know was built on the backs of the machines. In this Kaineng, the machines have had a change of heart.""","«Кайнен, как вы знаете, был построен на основе машин. В этом Кайненге машины изменили свое мнение»."
"""The Kodan are fleeing their sanctuaries in great numbers, and some made it to Haymal Gore. They need help surviving, now that they are refugees.""","«Коданы массово покидают свои убежища, и некоторые добрались до Хаймала Гора. Им нужна помощь, чтобы выжить, теперь, когда они стали беженцами»."
"""The Kryptis are watching—suspicious actions will compromise your disguise. At 100 stacks, you'll be ejected from the camp.""",«Криптис наблюдает — подозрительные действия скомпрометируют вашу маскировку. При 100 зарядах вас выгонят из лагеря».
"""The Kryptis have possessed Dagda, the Wizard of the Celestial, during their surprise attack on the Astral Ward. Subdue her so that the ward can drive the Kryptis out of her mind.""","«Криптис овладела Дагдой, Небесной Волшебницей, во время внезапного нападения на Астральную Оберегу. Подчините её, чтобы Оберег мог свести Криптис с ума»."
"""The Kryptis invasion has been thwarted, and the barrier has been stabilized.""","«Вторжение Криптиса было предотвращено, а барьер стабилизирован»."
"""The Kryptis lord Cerus has pulled your squad into a temple in his home world of Nayos, believing that he has trapped you and will defeat you in combat. Show him his error and end his reign.""","«Повелитель Криптиса Церус затащил ваш отряд в храм на своем родном мире Найос, полагая, что он поймал вас в ловушку и победит в бою. Покажите ему его ошибку и положите конец его правлению»."
"""The Kryptis may have pushed us back to this gate, but we're not beaten yet! This is where we make our stand!""","«Криптис, возможно, и оттеснили нас к этим воротам, но мы ещё не побеждены! Вот где мы будем стоять!»"
"""The Lasciate Gate has been destroyed, and the Pact are establishing a camp in Orr.""","«Ласциатские ворота разрушены, и Пакт разбивает лагерь в Орре»."
"""The Lionguard has located a new Aetherblade stronghold inside Twilight Arbor. Captain Magnus's standing orders are to destroy any Aetherblade facilities we can find, but this is more than payback for the murder of Councillor Ashford—intelligence says those pirates still follow the mad villain Scarlet Briar and that they're gearing up for something big.<br><br>If you want to help shut down the Aetherblades before they carry out Scarlet's next bit of craziness, meet me at Twilight Arbor and I'll factor you in to the plan. Warden Idon is stationed in Caledon Forest outside Twilight Arbor. He can update you on the situation inside.<br><br>—Deputy Turma of the Lionguard""","«Львиная стража обнаружила новую цитадель Этерклинков внутри Сумеречной беседки. Постоянный приказ капитана Магнуса — уничтожить все объекты Этерклинков, которые мы сможем найти, но это больше, чем просто расплата за убийство советника Эшфорда — разведка сообщает, что эти пираты все ещё преследуют безумную злодейку Скарлет Браяр и готовятся к чему-то большому.<br><br>Если вы хотите помочь остановить Этерклинки, прежде чем они осуществят операцию Скарлет. Следующий кусочек безумия, встретимся в Сумеречной беседке, и я включу тебя в план. Страж Идон находится в Каледонском лесу возле Сумеречной беседки. Он может проинформировать тебя о ситуации внутри.<br><br>—Заместитель Турма из Львиной стражи."
"""The Lionguard have a ship waiting to bombard Covington Keep, but they must destroy the defenses to Port Noble first.""","«У Львиной стражи есть корабль, готовый обстрелять крепость Ковингтон, но сначала они должны уничтожить оборону Порт-Ноубла»."
"""The Lionguard have landed on Southsun Cove to launch a counterattack on the karka. All capable volunteers should report to the Transport Facilitator, who is standing by at the Sanctum Harbor docks.""","«Львиная стража высадилась в бухте Саутсан, чтобы начать контратаку на карку. Все способные добровольцы должны сообщить об этом транспортному посреднику, который находится в доках гавани Святилища»."
"""The Lionguard is supposed to keep the Lion Road safe for travelers and merchants, but Kraitbane Haven is stuck between the Slaver's Deeps krait and an increasing undead presence. It's like an endless battle here.""","«Предполагается, что Львиная стража должна обеспечивать безопасность Львиной дороги для путешественников и торговцев, но Гавань Крейтбейн застряла между крайтами Глубин Работорговца и растущим присутствием нежити. Здесь идет бесконечная битва»."
"""The Lionguard said he saw you driving to Crossroads Haven. If you're lucky, the charr vehicle is still there.""","«Львиная стража сказала, что видела, как ты ехал в Гавань Перекрестка. Если тебе повезет, машина чарров все ещё там»."
"""The Lionguard strive to protect the trade routes to and from Lion's Arch. But times are tough, and our ranks are wearing thin. Bandit holdings are quickly growing throughout the wilderness of Black Haven, and I fear things will only get worse if someone doesn't step in.""","«Львиная стража стремится защитить торговые пути в Львиную Арку и обратно. Но времена тяжёлые, и наши ряды истощаются. Бандитские владения быстро растут по всей пустыне Чёрной Гавани, и я боюсь, что ситуация станет только хуже, если кто-то не вмешается»."
"""The Lionguard will make a stand in the courtyard while you go for the tower. Gods willing, the Risen will be too busy fighting us to stop you.""","«Львиная стража будет стоять во дворе, пока ты идешь к башне. Дай Бог, Восставшие будут слишком заняты борьбой с нами, чтобы остановить тебя»."
"""The Lone Post is under assault by Risen. If it falls, the Pact will no longer have an entry point into Orr.""","«Одинокий пост атакован Восставшими. Если он падет, у Пакта больше не будет точки входа в Орр»."
"""The Lonely Rock, by Hank""",«Одинокая скала Хэнка»
"""The Long, Cold Road""",«Долгая холодная дорога»
"""The Mantle hideout turned into a labyrinth of traps and warded doors, but we made it to the aspect, finally. No Balthazar, but we killed a Mantle justiciar, so it was productive. The exemplar refuses to tell me what she plans to do with the aspects, though. Hopefully Anise will. We're heading to Divinity's Reach next. The exemplar is going to take me to Shining Blade headquarters.""","«Убежище Мантии превратилось в лабиринт ловушек и защищенных дверей, но мы, наконец, добрались до аспекта. Нет Бальтазара, но мы убили юстициара Мантии, так что это было продуктивно. Образец отказывается рассказать мне, что она планирует делать с аспектами."
"""The Martingale was a beauty, but perhaps the boat is truly a friend's boat. I believe I prefer owning the best businesses. Swing by for another round of grog sooner rather than later, Commander.""","«Мартингейл был прекрасен, но, возможно, это действительно лодка друга. Я считаю, что предпочитаю владеть лучшим бизнесом. Загляните сюда и выпейте ещё порцию грога раньше, чем позже, командир»."
"""The Master will be proud, Lightbringer. You've truly earned that title today. Tybalt would be proud of you.""","«Мастер будет гордиться, Светоносный. Сегодня ты действительно заслужил этот титул. Тибальт гордился бы тобой»."
"""The Ministry Archives, full of forms upon forms, stands ready to document and record the opening of the empire's borders.""","«Архивы Министерства, полные форм за формами, готовы документировать и фиксировать открытие границ империи»."
"""The Ministry Guard is unshakable, and Commander Landon is still following Demmi's trail. It's likely that Demmi Beetlestone never be free of her father's influence until she's stood up to his bullying thugs.""","«Министерская гвардия непоколебима, а командир Лэндон все ещё идет по следу Демми. Вполне вероятно, что Демми Битлстоун никогда не освободится от влияния своего отца, пока не бросит вызов его запугивающим головорезам»."
"""The Ministry Guard were using a tracking enchantment to follow Demmi—but you discovered it. Now, Benn Tenstrikes will sneak her out of Lion's Arch while you lead the guard on a merry, and ultimately fruitless, chase.""","«Министерская гвардия использовала чары слежения, чтобы следить за Демми, но вы это обнаружили. Теперь Бенн Тенстрайкс вытащит её из Львиной Арки, пока вы ведете стражу в веселую и в конечном итоге бесплодную погоню»."
"""The Minstrel is a bard's dearest companion, a vessel of their spirit and artistry. Delicate notes fade in the wielder's wake, leaving passersby with a gentle whisper of their vestige.""","«Менестрель — самый дорогой спутник барда, сосуд его духа и артистизма. Нежные ноты исчезают вслед за владельцем, оставляя прохожих нежным шепотом о своих остатках»."
"""The Mists Tide has rolled in. Decima's lightning conduits blanket the mountain, and passages through the caverns have caved in.""","«Прилив Туманов накатился. Молниеотводы Децимы покрывают гору, и проходы в пещерах обвалились»."
"""The Mists Tide has rolled in. Greer's blight scratches the land, and passages through the caverns have caved in.""","«Наступил Прилив Туманов. Мороз Грира царапает землю, а проходы в пещерах обвалились»."
"""The Mists Tide has rolled in. Ura's poisonous geysers dot the mountain, and passages through the caverns have caved in.""","«Накатился Прилив Туманов. Ядовитые гейзеры Уры усеяли гору, а проходы через пещеры обвалились»."
"""The Mists are the background of Tyria, the world between worlds, and a realm of possibilities both good and ill.""","«Туманы — это фон Тирии, мира между мирами и царства возможностей, как хороших, так и плохих»."
"""The Mists beckon those with a competitive spirit to battle! Earn double WXP, increased reward-track progress, and increased magic find!""","«Туманы манят в бой тех, у кого есть дух соперничества! Зарабатывайте вдвое больше WXP, увеличивайте прогресс в наградах и увеличивайте количество магических находок!»"
"""The Mists peered back. A creature slipped through into Tyria and found a willing partner to contain it. To manifest it. Thankfully, Tyrian cuisine seems to keep it satisfied.""","«Туманы оглянулись. Существо проскользнуло в Тирию и нашло готового партнера, чтобы сдержать его. Чтобы проявить его. К счастью, тирийская кухня, похоже, удовлетворяет его»."
"""The Modniir overlords are dead! Take and hold the hill, and this camp will be ours!""","«Повелители Модниира мертвы! Возьмите и удерживайте холм, и этот лагерь станет нашим!»"
"""The Molten Alliance has been extinguished! Victory bonfires are granting boons to adventurers in the Black Citadel, Hoelbrak, and Lion's Arch.""","«Огненный Альянс потух! Победные костры даруют блага искателям приключений в Чёрной Цитадели, Хоэлбраке и Львиной Арке»."
"""The Monthly PvP Tournament is Saturday, July 22nd at 12PM CST. To celebrate, we've increased PvP reward track progress for the week!""","«Ежемесячный PvP-турнир состоится в субботу, 22 июля, в 12:00 по центральному стандартному времени. Чтобы отпраздновать это событие, мы увеличили прогресс в отслеживании PvP-наград за неделю!»"
"""The Monthly PvP Tournament will start at noon Pacific Time (19:00 UTC) on Saturday, July 22. To celebrate, we've increased PvP reward-track progress for the week!""","«Ежемесячный PvP-турнир начнется в полдень по тихоокеанскому времени (19:00 UTC) в субботу, 22 июля. Чтобы отпраздновать это событие, мы увеличили прогресс в системе PvP-наград на этой неделе!»"
"""The Moran Memorial honors those who died defending Lion's Arch. Osh Moran, captain of the Salma's Grace, fought with Cobiah Marriner against the Dead Ship Harbinger. He went on to become one of the original members of the Ship's Council.""","«Мемориал Морана чтит тех, кто погиб, защищая Львиную Арку. Ош Моран, капитан «Грации Салмы», сражался вместе с Кобией Марринером против «Предвестника мёртвого корабля». В дальнейшем он стал одним из первых членов Корабельного совета»."
"""The Mordrem won't know what hit 'em. Rusty tears, we owe them for what they did to the fleet.""","«Мордремы не узнают, что их поразило. Ржавые слезы, мы в долгу перед ними за то, что они сделали с флотом»."
"""The Mosswood, where Howling is heard on the wind.""","«Моховый лес, где ветер слышен вой»."
"""The Mother Tree herself encouraged me to go. """"Never leave a wrong to ripen into evil."""" The dragons are a deep wrong—a blight.""","«Само Материнское Древо вдохновило меня пойти». «Никогда не позволяй злу перерасти в зло». «Драконы — это глубокая несправедливость, болезнь»."
"""The Mouth of Mordremoth has encircled two islands, trying to crush them. Kill its champions inside to save the islands. Champions grow stronger if left unattended.""","«Устье Мордремота окружило два острова, пытаясь сокрушить их. Убейте его чемпионов внутри, чтобы спасти острова. Чемпионы становятся сильнее, если их оставить без присмотра»."
"""The Mouth of Torment lies before you, overflowing with unrelenting magical energy.""","«Перед вами лежит Пасть Мучений, наполненная неумолимой магической энергией»."
"""The Mu-PER uses a state-of-the-art hyperthermatic reaction to pull specific essences from its target. With a little fine-tuning, it can harvest the breeze rider essence that Rixt is collecting.""","«Mu-PER использует современную гипертермическую реакцию для извлечения определенных эссенций из своей цели. После небольшой тонкой настройки он может собирать эссенцию всадника, которую собирает Рикст»."
"""The Mystic Forge upgrades equipment, raises the tier of crafting materials, and produces precursor and legendary weapons. The forge can be accessed from major hubs throughout Tyria.""","«Мистическая кузница модернизирует оборудование, повышает уровень материалов для крафта и производит прекурсоры и легендарное оружие. Доступ к кузнице можно получить из основных центров по всей Тирии»."
"""The Nahpui Lab district sits on the edge between the ruins of Old and New Kaineng, powering the transition from ruins to riches.""","«Район Лаборатории Нахпуи расположен на границе между руинами Старого и Нового Кайненга, обеспечивая переход от руин к богатству»."
"""The New Horizons Supply Drop<br>Use this to sign your account up for weekly New Horizons Supply Drops. Receive the first drop immediately and three more between now and September 17.<br><br>First Drop:<br>New Horizons Mount Select License, a choice of one Desert Racer, Distant Lands, Istani Isles, or Exotic Breeds mount select license or a New Horizons Mount Adoption License, 2 Knife Tail Gang Hunting Bonds, and an Endless Ocean Weapon Select Box. <br>Second Drop:<br>Black Lion Outfit Voucher, Victorious Dye Kit, 5 Black Lion Statuettes, a Mini Green Raptor Hatchling, Mini Yellow Jackal Pup, Mini Red Griffon Hatchling, Mini Brown Springer Kit, Mini Blue Skimmer Pup, and Mini Gray Skyscale Hatchling.<br>Third Drop:<br>2 Black Lion Miniature Claim Tickets, a Black Lion Backpack and Glider Voucher, Communal Boost Bonfire, 2 Heroic Boosters, and 2 Guaranteed Wardrobe Unlocks.<br>Fourth Drop:<br>1 Black Lion Weapon Ticket, 1 Golden Black Lion Chest Key, and 5 Black Lion Chest Keys.""","«Припасы New Horizons<br>Используйте это, чтобы подписаться на еженедельные припасы New Horizons. Получите первый припас немедленно и ещё три в период до 17 сентября.<br><br>Первый припас:<br>Лицензия на выбор скакуна New Horizons, на выбор один гонщик в пустыне, Далекие земли, острова Истани или экзотические породы, или лицензия на усыновление скакуна New Horizons, 2 охотничьих банды с ножом и хвостом Бонусы и коробка выбора оружия Бесконечного океана. <br>Второй дроп:<br>Купон на экипировку Чёрного льва, Набор победных красок, 5 статуэток чёрного льва, Мини-детеныш зелёного ящера, Мини-детеныш жёлтого шакала, Мини-детеныш красного грифона, Мини-набор коричневого спрингера, Мини-детеныш синего скиммера и Мини-детеныш серой скайскейла.<br>Третий дроп:<br>2 Билеты на миниатюру Чёрного льва, Рюкзак Чёрного Льва и ваучер на планер, Общий костер, 2 героических усилителя и 2 гарантированных открытия гардероба.<br>Четвертый выпуск:<br>1 билет на оружие Чёрного льва, 1 ключ от золотого сундука чёрного льва и 5 ключей от сундука чёрного льва»."
"""The Night warband has control of Incendio Templum, and a Flame Legion portal to the Font of Rhand is open.""","«Отряд Ночи контролирует Инсендио Темплум, и портал Легиона Пламени к Купели Ранда открыт»."
"""The Night warband is attempting to hold Incendio Templum from the Flame Legion, and the Incendio Tempum portal to the Font of Rhand is open.""","«Отряд Ночи пытается удержать Incendio Templum от Легиона Пламени, и портал Incendio Tempum к Купели Ранда открыт»."
"""The Nightmare Court are Sylvari that turned their backs on the Pale Tree and sought their own cruel purposes in life. Their leader, Grand Duchess Faolain, makes her lair here in the Twilight Arbor, surrounded by loyal minions.""","«Кошмарный двор — это Сильвари, которые отвернулись от Бледного Древа и преследовали свои собственные жестокие цели в жизни. Их лидер, Великая Герцогиня Фаолайн, устраивает свое логово здесь, в Сумеречной беседке, в окружении верных приспешников»."
"""The Nightmare Court are cruel, evil sylvari that have rejected the tenets of Ventari's Tablet. If they steal the white stag's power, there could be horrible consequences.""","«Кошмарный двор — это жестокие и злые сильвари, которые отвергли принципы Скрижали Вентари. Если они украдут силу белого оленя, это может привести к ужасным последствиям»."
"""The Nightmare Court plans to attack the village of Astorea, murdering all the innocents there. Although it meant leaving Tiachren, the other choice would have meant allowing the village to be razed. Surely he'll forgive you...some day.""","«Кошмарный двор планирует напасть на деревню Асторея, убив там всех невинных людей. Хотя это означало бы покинуть Тиахрен, другой выбор означал бы, что деревню сравняют с землей. Конечно, он простит тебя... когда-нибудь»."
"""The Nightmare Court took some of the villagers away, and Talaith went after them. She can't save them by herself! What was she thinking?""","«Кошмарный двор забрал некоторых жителей деревни, и Талайт пошла за ними. Она не сможет спасти их одна! О чем она думала?»"
"""The Nightmare Court tortures those who won't join them. I think they figure that even if they can't convert them, they further their cause. We need to free everyone and escape this place.""","«Кошмарный двор пытает тех, кто не хочет к ним присоединиться. Я думаю, они полагают, что даже если они не смогут их обратить, они будут продвигать свое дело. Нам нужно освободить всех и сбежать из этого места»."
"""The Omphalos Chamber is the center of the Grove, where the Pale Tree grows up toward the far-away sky. Here, on rare occasion, the Mother's spirit manifests and offers wisdom.""","«Комната Омфалоса — это центр Рощи, где Бледное Древо растет к далекому небу. Здесь в редких случаях проявляется дух Матери и предлагает мудрость»."
"""The Order is willing to relocate you, Demmi. We can give you a new life.""","«Орден готов переселить тебя, Демми. Мы можем дать тебе новую жизнь»."
"""The Order of Shadows is following your exploits in the region with great interest. Given our common enemies, we consider you a valuable asset, if not an ally. But we have concerns.""","«Орден Теней с большим интересом следит за вашими подвигами в регионе. Учитывая наших общих врагов, мы считаем вас ценным активом, если не союзником. Но у нас есть опасения»."
"""The Order of Whispers and their allies encountered hardship in Tangled Depths, but their plan proceeds to blast a hole into Dragon's Stand.""","«Орден Шепота и его союзники столкнулись с трудностями в Спутанных глубинах, но их план заключается в том, чтобы проделать дыру в Стенде Дракона»."
"""The Order of Whispers and their allies gained some ground. Their position may not be ideal, but it's time to enact their plan to blast into Dragon's Stand.""","«Орден Шепота и их союзники добились определенных успехов. Возможно, их положение не идеально, но пришло время реализовать план по вторжению на Стенд Дракона»."
"""The Order of Whispers and their allies managed to carve out a small foothold , but their fight to get past the chak gerent into Dragon's Stand was difficult.""","«Ордену Шепота и его союзникам удалось закрепиться на небольшом плацдарме, но их борьба за проход через чакгерент на Стенд Дракона была трудной»."
"""The Order of Whispers and their allies were able to slow the chak gerent, but it wasn't enough and the plan to blast into Dragon's Stand has failed.""","«Орден Шепота и их союзники смогли замедлить чакгерента, но этого было недостаточно, и план вторжения на Стенд Дракона провалился»."
"""The Order of Whispers and their allies were very successful in the Tangled Depths! Bolstered by their success, the time has come to blast into Dragon's Stand and take this fight to Mordremoth.""","«Орден Шепота и его союзники добились больших успехов в Спутанных глубинах! Окрыленные их успехом, пришло время ворваться на Стенд Дракона и дать бой Мордремоту»."
"""The Order of Whispers are a disreputable, shady bunch. You and the pirates would get along just fine.""",«Орден Шепота — сомнительная и сомнительная компания. Вы с пиратами прекрасно поладите».
"""The Order of Whispers can protect me, but only if they lock me up like a prisoner.""","«Орден Шепота может защитить меня, но только если они запрут меня как пленника»."
"""The Order of Whispers can't fight Zhaitan alone. We may have the resources, but we don't have the knowledge, and we don't have the army.""","«Орден Шепота не сможет сражаться с Зайтаном в одиночку. Возможно, у нас есть ресурсы, но нет знаний и армии»."
"""The Order of Whispers doesn't shrink from violence, but we try to keep it to the necessary minimum. And in our line of work, it's often necessary.""","«Орден Шепота не избегает насилия, но мы стараемся свести его к необходимому минимуму. А в нашей работе это часто необходимо»."
"""The Order of Whispers has a plan to access Professor Gorr's lab, but before you can sneak into Gorr's lab, you need to sneak into Councillor Flax's office and acquire the raw materials for a convincing forgery.""","«У Ордена Шепотов есть план доступа в лабораторию профессора Горра, но прежде чем вы сможете проникнуть в лабораторию Горра, вам нужно проникнуть в офис советника Флакса и добыть сырье для убедительной подделки»."
"""The Order of Whispers is plotting to eliminate Pirate Admiral Taidha Covington. We've positioned our own man, Captain Penzan, to take her place. Unfortunately, he's a loose cannon. We'll have to do most of the work. That means outwitting the likes of the Crafty Corsairs! Subverting the ruthless, murdering captain of the Bloody Buccaneers! All while keeping Penzan and his crew sober....""","«Орден Шепота готовит заговор с целью уничтожить адмирала пиратов Тайду Ковингтон. На её место мы назначили нашего человека, капитана Пензана. К сожалению, он ненадежен. Нам придётся проделать большую часть работы. Это означает, что нужно перехитрить таких, как Коварные Корсары! Подвергнуть безжалостного, убийственного капитана Кровавых Пиратов! И все это при сохранении Пензана и его команды трезвыми...»"
"""The Order of Whispers is recalling its available operatives to Lion's Arch. After what happened at Claw Island, the city's scared. We need to be there.""","«Орден Шепота отзывает своих оперативников в Львиную Арку. После того, что произошло на острове Когтя, город напуган. Нам нужно быть там»."
"""The Orders of Tyria argue about how to fight the elder dragons, but at least they all have the right idea.""","«Ордены Тирии спорят о том, как бороться со старшими драконами, но, по крайней мере, у них всех есть правильная идея»."
"""The Orrians are an incessant threat, but we're doing what we can to drive them back.""","«Оррианцы представляют собой постоянную угрозу, но мы делаем все возможное, чтобы отбросить их»."
"""The Pact Commander, thank goodness... All right, all right. I'm okay. (deep breath) I'll head for the exit.""","«Командующий Пактом, слава богу... Хорошо, хорошо. Я в порядке. (глубокий вдох) Я пойду к выходу»."
"""The Pact and its allies saw some success in the effort to secure Verdant Brink, but nightfall approaches along with new threats.""","«Пакт и его союзники добились определенного успеха в попытках обезопасить Вердант-Бринк, но приближается ночь и появляются новые угрозы»."
"""The Pact and its allies survived the elements and the Mordrem, but the dawn of a new day threatens new terrors.""","«Пакт и его союзники пережили стихии и мордремов, но рассвет нового дня грозит новыми ужасами»."
"""The Pact and its allies were mostly successful against the elements and the Mordrem, but the dawn of the new day threatens new terrors.""","«Пакт и его союзники в основном добились успеха в борьбе со стихиями и мордремами, но рассвет нового дня грозит новыми ужасами»."
"""The Pact are preparing an ambush for the Death-Branded Shatterer. The valley is calm, for now.""",«Пакт готовит засаду для Клеймо Смерти Разрушителя. В долине пока спокойно».
"""The Pact continues its advancement into Orr, establishing a base beneath the ruined temple of Lyssa. A command post in that location would be a critical foothold in the war against Zhaitan.""","«Пакт продолжает свое продвижение в Орр, создавая базу под разрушенным храмом Лиссы. Командный пункт в этом месте станет критически важным плацдармом в войне против Зайтана»."
"""The Pact has control of Dwayna's cathedral, and Zhaitan's control over Dwayna statues throughout Orr has been disabled.""","«Пакт контролирует собор Двейны, а контроль Зайтана над статуями Двейны по всему Орру отключен»."
"""The Pact has made progress toward being ready to launch an assault on Mordremoth, but they still have much to do. Sand is getting into the machinery and causing breakdowns.""","«Пакт добился прогресса в подготовке к нападению на Мордремот, но им ещё многое предстоит сделать. Песок попадает в механизмы и вызывает поломки»."
"""The Pact has secured access to the jungle. It's not much, but it gives survivors a way out and reinforcements a way in.""","«Пакт обеспечил доступ в джунгли. Это немного, но он даёт выжившим выход, а подкреплениям — вход»."
"""The Pact have been driven from Stygian Deeps. Armada Harbor is in jeopardy, as is the entire assault on Orr.""","«Пакт изгнан из Стигийских глубин. Гавань Армады находится под угрозой, как и все нападение на Орр»."
"""The Pact held firm against a punishing nightlong assault by the Mordrem, and they welcome the light of a new day.""","«Пакт стойко выдержал карающее ночное нападение мордремов, и они приветствуют свет нового дня»."
"""The Pact hold Vorgas Garrison and have driven the Flame Legion off, for the moment.""",«Пакт на данный момент удерживает гарнизон Воргаса и оттесняет Легион Пламени».
"""The Pact is newly formed, but its dedication is unquestioned. All races, all orders of Tyria, are represented in battle against Zhaitan. Upon this alliance lies the future of the world.""","«Пакт создан недавно, но его преданность не подлежит сомнению. Все расы, все ордены Тирии представлены в битве против Зайтана. От этого союза зависит будущее мира»."
"""The Pact tried to hold firm against a punishing nightlong assault by the Mordrem, and they welcome the light of a new day.""","«Пакт пытался противостоять карающему ночному нападению мордремов, и они приветствуют свет нового дня»."
"""The Pact's Warmaster Caisson is having trouble keeping her crack artillery squad functioning. As the Pact's second-in-command, the job of putting them back on track falls to you.""","«Мастер войны Пакта Кессон испытывает проблемы с поддержанием работоспособности своего первоклассного артиллерийского отделения. Как заместитель командира Пакта, на вас ложится задача вернуть их в нужное русло»."
"""The Pale Tree is everywhere her children are, but here, high among the branches, visitors may commune most directly with her and hear her song.""","«Бледное Древо повсюду, где есть её дети, но здесь, высоко среди ветвей, посетители могут напрямую общаться с ней и слышать её песню»."
"""The Pale Tree is still recovering from the damage done to her by the Shadow of the Dragon. She experiences moments of lucidity, during which I may be able to speak with her, but I'll have to wait until she wakes up.""","«Бледное Древо все ещё восстанавливается после урона, нанесенного ей Тенью Дракона. У неё бывают моменты просветления, во время которых я, возможно, смогу поговорить с ней, но мне придётся подождать, пока она проснется»."
"""The Pale Tree is the mother of the sylvari race. She and her children appeared when the dragons rose, and since then, have fought to protect Tyria. Certainly, she is a wise and powerful being with a unique perspective. Perhaps she knows some way to defeat Zhaitan.""","«Бледное Древо — мать расы сильвари. Она и её дети появились, когда восстали драконы, и с тех пор сражаются, чтобы защитить Тирию. Конечно, она мудрое и могущественное существо с уникальным видением. Возможно, она знает какой-то способ победить Зайтана»."
"""The Pale Tree is very wise. If Vigil Keep had fallen, we'd never be able to defend Lion's Arch.""","«Бледное Древо очень мудро. Если бы Крепость Бдения пала, мы бы никогда не смогли защитить Львиную Арку»."
"""The Pale Tree showed us a vision of Orr. Trahearne has pledged to find a way to heal that ruined land. For my part, I swear to find a way to defeat Zhaitan. These are dangerous, amazing times in Tyria's history. I hope I can live up to the Mother Tree's hopes for the future.""","«Бледное Древо показало нам видение Орра. Трахёрн поклялся найти способ исцелить эту разрушенную землю. Со своей стороны, я клянусь найти способ победить Зайтана. Это опасные, удивительные времена в истории Тирии. Надеюсь, я смогу оправдать надежды Материнского Древа на будущее»."
"""The Pale Tree: Have courage, my children. You are almost home.""","«Бледное дерево: Мужайтесь, дети мои. Вы почти дома»."
"""The Preceptors and I cleared out the undead that had crept into the city. Now, I must call on the order's contacts and gain allies. Tyria is in great danger.""","«Наставники и я уничтожили нежить, пробравшуюся в город. Теперь я должен обратиться к контактам ордена и обрести союзников. Тирия в большой опасности»."
"""The Priory installed this energy monitor, and it's still fully functional, despite the Inquest's attempts to shut it down.""","«Приорат установил этот энергомонитор, и он до сих пор полностью работоспособен, несмотря на попытки Следствия его отключить»."
"""The Priory installed this energy monitor, and it's still fully operational, despite the Inquest's attempts to shut it down. There's a glowing button on the device.""","«Приорат установил этот энергомонитор, и он до сих пор полностью работоспособен, несмотря на попытки Следствия выключить его. На устройстве есть светящаяся кнопка»."
"""The Priory installed this energy monitor, but the Inquest shut it down. Transferring energy from a working energy monitor nearby might get it going again.""","«Приорат установил этот энергетический монитор, но Следствие отключило его. Передача энергии от работающего энергетического монитора поблизости может возобновить его работу»."
"""The Priory's plan is to prove Professor Gorr's theory involves studying a single dragon minion under controlled circumstances...but where the Elder Dragons are concerned, nothing is ever fully under control.""","«План Приората состоит в том, чтобы доказать теорию профессора Горра, включающую изучение одного-единственного дракона-миньона в контролируемых обстоятельствах... но что касается Старших Драконов, ничто никогда не находится под полным контролем»."
"""The PvP quick-launch bar lets you change your build, select custom arenas, and queue for unranked and ranked arenas.""","«Панель быстрого запуска PvP позволяет вам менять свою сборку, выбирать собственные арены и ставиться в очередь на нерейтинговые и рейтинговые арены»."
"""The Quaggan Games are beginning at Zuckermaloo. If you're free, you should head that way. If you'd rather stay here, quaggan could use some help.""","«Квагганские игры начинаются в Цукермалу. Если ты свободен, тебе следует отправиться туда. Если ты предпочитаешь остаться здесь, кваггану не помешает помощь»."
"""The Revered Terebinth is safe, and the Nightmare Court has been hampered, thanks to you.""","«Почтенный Теребинф в безопасности, а Кошмарный двор затруднен благодаря вам»."
"""The Rift Hunters serve Isgarren, the other wizards, and the Astral Ward, but it's our honor to work alongside you, Wayfinder. Do you have any questions I can answer about the Rift Hunters?""","«Охотники за Разломом служат Исгаррену, другим волшебникам и Астральному Оберегу, но для нас большая честь работать вместе с тобой, Путешественник. Есть ли у тебя вопросы, на которые я могу ответить об Охотниках Разлома?»"
"""The Ringmaster has a big show tonight at the carnival. Right out in the open, he's planning to mesmerize the crowd and make them all do his bidding—to take over the poor quarters of Divinity's Reach and start a rebellion against the Queen!""",«Сегодня вечером на карнавале у Начальника манежа большое представление. Прямо под открытым небом он планирует загипнотизировать толпу и заставить их всех выполнять его приказы — захватить бедные кварталы Divinity's Reach и начать восстание против Королевы!»
"""The Sad Tale of the """"Ravenous""""""",«Печальная история о «прожорливом»»
"""The Sentinels are a special group of soldiers sent to keep the Brand's infection from leaking westward, but that's not all we do. We're constantly plagued by skritt who steal our supplies and tools. There are never enough soldiers to keep it all under control.""","«Стражи — это особая группа солдат, посланная для того, чтобы не допустить распространения инфекции Бренда на запад, но это не все, что мы делаем. Нас постоянно преследуют скритты, которые крадут наши припасы и инструменты. Солдат никогда не хватает, чтобы держать все это под контролем»."
"""The Separatists never intended to honor their end of the deal, so we had to fight our way clear. The idol of Balthazar was destroyed, and we were unable to save the hostage. Now Vallus is in custody, and we are taking him back to the Citadel to receive his sentence: death in the Bane arena.""","«Сепаратисты никогда не собирались выполнять свою часть сделки, поэтому нам пришлось пробиваться с боем. Идол Бальтазара был уничтожен, и мы не смогли спасти заложника. Теперь Валлус находится под стражей, и мы забираем его обратно в Цитадель, чтобы получить приговор: смерть на арене Бэйна»."
"""The Seraph are all that stands between order and chaos out here. Even now the Harathi are gathering materials to construct great siege engines, which lay waste to everything within range. Please, stand with us, and put a stop to their plans.""","«Серафимы — это все, что стоит здесь между порядком и хаосом. Даже сейчас Харати собирают материалы для создания огромных осадных машин, которые опустошают все, что находится в пределах досягаемости. Пожалуйста, поддержите нас и положите конец их планам»."
"""The Seraph are the protectors of Kryta, the hands of the queen. You are fortunate to have Logan Thackeray, one of their most renowned captains, as your friend.""","«Серафимы — защитники Крайты, руки королевы. Вам повезло, что вашим другом является Логан Теккерей, один из самых известных капитанов»."
"""The Seraph at Nightguard Beach have allied with local quaggan, but they're low on resources and manpower. Between treating the wounded and providing shelter for refugees, the Seraph are struggling to uphold their camp.""","«Серафимы на пляже Найтгард объединились с местными квагганами, но у них мало ресурсов и рабочей силы. Между лечением раненых и предоставлением убежища беженцам серафимы изо всех сил пытаются поддержать свой лагерь»."
"""The Seraph control Kingsgate Camp, but the centaur leader is rallying his forces for a last stand!""","«Серафимы контролируют лагерь Кингсгейт, но лидер кентавров собирает свои силы для последнего боя!»"
"""The Seraph have been battling on multiple fronts, and the fighting has taken its toll. The survivors of a recent operation have gathered at Rally Point. Meanwhile, new supplies have come in at Seraph's Landing, where the final push against the centaurs is hopefully underway.""","«Серафимы сражались на нескольких фронтах, и боевые действия принесли свои плоды. Выжившие после недавней операции собрались в Ралли-Пойнт. Тем временем в Пристань Серафима поступили новые припасы, где, как мы надеемся, идет последний натиск кентавров»."
"""The Seraph have been rescued, and the bandits have been stopped.""","«Серафимы спасены, а бандиты остановлены»."
"""The Seraph protect Kryta, and although I didn't join, I had the honor of training with their best soldiers.""","«Серафимы защищают Крайту, и хотя я не присоединился к ним, мне выпала честь тренироваться с их лучшими солдатами»."
"""The Shining Blade has defended Kryta for centuries, serving and protecting the Krytan royal bloodline. When Divinity's Reach was founded, they became the official royal guard.""","«Сияющий Клинок веками защищал Крайту, служа и защищая крайтанскую королевскую родословную. Когда была основана Divinity's Reach, они стали официальной королевской гвардией»."
"""The Shining Blade has identified a promising lead on the fate of your parents. After so many years and so many questions, it would certainly be a relief to finally know the truth.""","«Сияющий клинок нашёл многообещающую зацепку о судьбе твоих родителей. После стольких лет и стольких вопросов было бы, конечно, облегчением узнать наконец правду»."
"""The Soggorsort quaggans and Hazupl Grounds hylek are all that keep the krait from complete dominance of Quetzal Bay. Neither can truly stand against the krait and win. We don't interfere in the affairs of outsiders, but protecting the bay benefits us as well. We'd be indebted to anyone who brings peace to these waters.""","«Квагганы Соггорсорта и хилек Земли Хазупл — это все, что удерживает крайтов от полного господства над заливом Кетцаль. Ни один из них не может по-настоящему противостоять крайтам и победить. Мы не вмешиваемся в дела чужаков, но защита залива также приносит нам пользу. Мы были бы в долгу перед каждым, кто принесет мир в эти воды»."
"""The Sons of Svanir are hunting one of the Spirits of the Wild. If the Spirit of Minotaur has indeed manifested in the physical world, it will take great cunning to track it.""","«Сыны Сванира охотятся на одного из Духов дикой природы. Если Дух Минотавра действительно проявился в физическом мире, потребуется большая хитрость, чтобы его выследить»."
"""The Sons of Svanir are norn who worship a spirit they call """"Dragon."""" They pride themselves on being the toughest, smartest predators in the world.""","«Сыны Сванира — норны, поклоняющиеся духу, которого они называют «Дракон». Они гордятся тем, что являются самыми сильными и умными хищниками в мире»."
"""The Sons of Svanir are using the jotun leader Korag's obsession for power to lure him into worshipping the ice dragon, Jormag. Jormag exacts a heavy price from its worshippers, however, and many jotun will be ravaged if Korag isn't turned from his current path.""","«Сыны Сванира используют одержимость лидера йотунов Корага властью, чтобы заманить его в поклонение ледяному дракону Йормагу. Однако Йормаг взимает высокую цену со своих прихожан, и многие йотуны будут разорены, если Кораг не свернет с своего нынешнего пути»."
"""The Sons of Svanir camp near us like predators. They're fools, standing in the open. With Wolf's pack, you could easily scare them off.""","«Сыны Сванира расположились лагерем рядом с нами, как хищники. Они дураки, стоящие на открытом месте. Волчьей стаей их легко спугнуть»."
"""The Sons of Svanir camp near us like they're predators. Yet they are fools, standing in the open. With Wolf's pack, you could easily scare them off.""","«Сыны Сванира расположились лагерем рядом с нами, как будто они хищники. Однако они глупцы, стоящие на открытом месте. С помощью волчьей стаи вы легко можете их отпугнуть»."
"""The Sons of Svanir gained access to the Mists and used it to attack Wolf Havroun Solvi and his apprentice, Valda. Only a havroun can physically transport others into the Mists, so it will take a havroun's help to confront the Sons of Svanir there.""","«Сыны Сванира получили доступ к Туманам и использовали его, чтобы напасть на Волка Гавруна Солви и его ученика Валду. Только хаврун может физически переносить других в Туманы, поэтому потребуется помощь хавруна, чтобы противостоять там Сынам Сванира»."
"""The Sons of Svanir have corrupted a powerful alpha wolf known as Ormi. While Ormi's spirit remains captive and tortured, Wolf mourns the mutilation of his brother, and will bless anyone who ends Ormi's suffering.""","«Сыны Сванира развратили могущественного альфа-волка, известного как Орми. Пока дух Орми остается пленником и подвергается пыткам, Волк оплакивает увечье своего брата и благословит любого, кто положит конец страданиям Орми»."
"""The Sons of Svanir revere the ice dragon Jormag like other norn revere the Spirits of the Wild. They named themselves after Svanir, a norn hunter who embraced the ice dragon as his spirit totem. Svanir's sister, Jora, was instrumental in his death, so the Sons of Svanir disdain all females.""","«Сыны Сванира почитают ледяного дракона Йормага, как другие норны почитают духов дикой природы. Они назвали себя в честь Сванира, охотника-норнов, который принял ледяного дракона как свой духовный тотем. Сестра Сванира, Джора, сыграла важную роль в его смерти, поэтому Сыны Сванира презирают всех женщин»."
"""The Sons of Svanir successfully invaded the Mists, but nobody knows how or why. Bear Havroun Grechen is in the best position to help confront them and solve this mystery. She was last seen heading for Breakneck Pass.""","«Сыны Сванира успешно вторглись в Туманы, но никто не знает, как и почему. Медведь Хаврун Грехен находится в лучшем положении, чтобы помочь им противостоять и разгадать эту тайну. В последний раз её видели направляющейся к Перевалу Головокружения»."
"""The Speakers have taken note of your piety, but they may be less impressed by further displays of devotion.""","«Ораторы приняли к сведению ваше благочестие, но, возможно, дальнейшие проявления преданности их не впечатлят»."
"""The Speakers will be keeping a wary eye on you.  As you do risky things, your suspicion level will increase.  If it reaches 100, you will get kicked out of the camp.""","«Ораторы будут внимательно следить за вами. Когда вы будете совершать рискованные поступки, ваш уровень подозрительности будет увеличиваться. Если он достигнет 100, вас выгонят из лагеря»."
"""The Spirits of the Wild whisper their secrets to my heart. I trust in fate and follow where instinct guides me, and it has never led me wrong.""","«Духи дикой природы нашептывают мне свои тайны. Я доверяю судьбе и следую тому, куда меня ведёт инстинкт, и он никогда не вёл меня неправильно»."
"""The Stone Summit were vile, but they were kin. Putting them to rest is a kindness.""","«Каменная Вершина была мерзкой, но они были родственниками. Упокоить их — это доброта»."
"""The Sun god smiles on us all. Come, let us speak with the chief.""","«Бог Солнца улыбается нам всем. Пойдём, поговорим с вождем»."
"""The Sun illuminates our world. Its light symbolizes wisdom, clarity, and opportunity. Celebrate these gifts: take aim with that turret and destroy as many pots as you can in the time allotted.""","«Солнце освещает наш мир. Его свет символизирует мудрость, ясность и возможности. Отпразднуйте эти дары: прицельтесь этой турелью и уничтожьте как можно больше горшков за отведенное время»."
"""The Sun smiles upon us. Come, victor, and receive your honors.""","«Солнце улыбается нам. Приди, победитель, и получи свои почести»."
"""The Sunspears are assaulting Palawadan, and they plan to attack the Great Hall next.""","«Солнечные Копья атакуют Палавадан, а затем планируют атаковать Большой Зал»."
"""The Sunspears were born of a need to protect a nation. By joining this order, we declare our dedication to the people of Elona.""","«Солнечные Копья родились из необходимости защитить нацию. Присоединяясь к этому ордену, мы заявляем о своей преданности народу Элоны»."
"""The Svanir were a challenge, but nothing I couldn't handle. Once I'd acquired some of their armor, it was a small thing to fashion a disguise that would get me in. I played dumb, and they gave me what I needed: a recipe for a thaw elixir. I got out with my skin intact. I call that a success. Now, off to find the ingredients.""","«Сваниры были испытанием, но я не смог справиться ни с чем. Как только я приобрел часть их брони, мне оставалось лишь создать маскировку, которая позволила бы мне войти в неё. Я притворялся тупым, и они дали мне то, что мне было нужно: рецепт оттаивающего эликсира. Я выбрался оттуда с неповрежденной кожей. Я называю это успехом. Теперь отправляюсь на поиски ингредиентов»."
"""The Tomb of the Unknown Soldier memorializes all brave souls lost in the defense of Ascalon Settlement and wars against tyranny. Over the years, many have died so that others may live in freedom.""","«Могила Неизвестного солдата увековечивает память всех храбрых душ, погибших при защите поселения Аскалон и в войнах против тирании. За прошедшие годы многие из них умерли, чтобы другие могли жить свободно»."
"""The Tournament of the Sun is about to start. Whoever wins gains the Sun God's favor, and is said to speak with the Sun God's voice. My people would definitely listen to such a champion.""","«Турнир Солнца вот-вот начнется. Тот, кто победит, получит благосклонность Бога Солнца и, как говорят, говорит голосом Бога Солнца. Мой народ определенно прислушается к такому чемпиону»."
"""The Tower of Nightmares has been destroyed, but Kessex Hills has been changed forever.""","«Башня Кошмаров разрушена, но Кессекс-Хиллз изменился навсегда»."
"""The Tower of Nightmares in Kessex Hills has been breached, leaving it open to invasion.""","«Башня Кошмаров в Кессекс-Хиллз была взломана, и она открыта для вторжения»."
"""The Tyrian Alliance invited us to come study the isles and help with the whole titan situation. Fascinating, truly.""",«Тирский Альянс пригласил нас изучить острова и помочь разобраться с ситуацией с титанами. Это действительно увлекательно».
"""The Vanguard is being sent south, to the mouth of the Crystal Desert, where a dire threat is rising. They're charged with building fortifications to protect against an enemy the king warns is coming.""","«Авангард отправляется на юг, к устью Кристальной пустыни, где растет ужасная угроза. Им поручено построить укрепления для защиты от врага, о приближении которого предупреждает король»."
"""The Vigil calls! Join us, and fight beside Jhavi Jorasdottir herself.""",«Бдение зовет! Присоединяйтесь к нам и сражайтесь плечом к плечу с самой Джави Джорасдоттир».
"""The Vigil does a lot more than just fight dragons, I see. Good to know.""","«Я вижу, что Дозор делает гораздо больше, чем просто сражается с драконами. Приятно это знать»."
"""The Vigil fears nothing! Not even ill-tempered, undisciplined louts like these two. We'll join, but I insist there's a decent hierarchy. Who will lead this compact?""","«Бдение ничего не боится! Даже вспыльчивых, недисциплинированных хамов вроде этих двоих. Мы присоединимся, но я настаиваю, что существует приличная иерархия. Кто возглавит этот договор?»"
"""The Vigil is a powerful fellowship of individuals bound by an Oath to defend those in need, fight against tyrants and oppressors, and to offer charity to those who cannot aid themselves.""","«Бдение — это мощное сообщество людей, связанных клятвой защищать нуждающихся, бороться с тиранами и угнетателями и предлагать благотворительность тем, кто не может помочь себе сам»."
"""The Vigil stands ready. As senior officer, I'll observe as the crusader here beats your challenges.""","«Бдение готово. Как старший офицер, я буду наблюдать, как крестоносец справляется с вашими задачами»."
"""The Vigil was created to fight the dragons. To destroy them, before they destroy us.""","«Бдение было создано для борьбы с драконами. Чтобы уничтожить их, прежде чем они уничтожат нас»."
"""The Vigil would throw bodies at this problem and waste lives. With the subterfuge I have planned, what we need falls into our hands.""","«Бдение будет бросать тела в эту проблему и тратить жизни. Благодаря уловке, которую я запланировал, то, что нам нужно, попадает в наши руки»."
"""The Vigil, the Durmand Priory, and the Order of Whispers are organizations that struggle against the evils of the world, ignoring matters of politics or race in order to focus on the larger threats across Tyria.""","«Бдение, Приорат Дурманда и Орден Шепотов — это организации, которые борются со злом мира, игнорируя вопросы политики и расы, чтобы сосредоточиться на более крупных угрозах по всей Тирии»."
"""The War Eternal Supply Drop<br>Use this to sign your account up for weekly War Eternal Supply Drops. Receive the first immediately and three more between now and May 21.<br><br>First Drop:<br>Exotic Breeds Mount Select License, a choice of one Desert Racer, Distant Lands, or Istani Isles mount select license or an Exotic Breeds Mount Adoption License, the Elonian Adversaries Dye Pack, and one Mini Green Raptor Hatchling, Mini Yellow Jackal Pup, Mini Red Griffon Hatchling, Mini Brown Springer Kit, and Mini Blue Skimmer Pup.<br>Second Drop:<br>Black Lion Outfit Voucher, Onyx and Gold Lion Weapon Choice, and 2 Black Lion Miniature Claim Tickets.<br>Third Drop:<br>Black Lion Backpack and Glider Voucher, Communal Boost Bonfire, 2 Heroic Boosters, 5 Black Lion Statuettes.<br>Fourth Drop:<br>Branded Weapon Select Box, 2 Guaranteed Wardrobe Unlocks, 5 Black Lion Chest Keys.""","«Припасы War Eternal<br>Используйте это, чтобы подписаться на еженедельные припасы War Eternal. Получите первый немедленно и ещё три в период до 21 мая.<br><br>Первый припас:<br>Лицензия на выбор скакуна экзотических пород, на выбор одна лицензия на выбор скакуна пустыни, Далекие земли или острова Истани или лицензия на усыновление скакуна экзотических пород, набор красителей Elonian Adversaries и один мини-зелёный Детеныш раптора, Мини-детеныш жёлтого шакала, Мини-детеныш красного грифона, Мини-набор коричневого спрингера и Мини-детеныш синего скиммера.<br>Второй дроп:<br>Ваучер на экипировку Чёрного льва, выбор оружия из Оникса и Золотого льва и 2 билета на миниатюру Чёрного льва.<br>Третий дроп:<br>Рюкзак Чёрного льва и ваучер на планер, Общий костер усиления, 2 героических предмета Усилители, 5 статуэток Чёрного льва.<br>Четвертый предмет:<br>Ящик для выбора фирменного оружия, 2 гарантированных открытия гардероба, 5 ключей от сундука Чёрного льва»."
"""The White Mantle is using the Hunting Lodge as a covert meeting location, and the people of Beetletun are in danger. Exemplars of the Shining Blade say the cultists are gathering there tonight. Now is the perfect time to strike!""","«Белая Мантия использует Охотничий Домик как место тайных встреч, и жители Битлетана в опасности. Образцы Сияющего Клинка говорят, что культисты собираются там сегодня вечером. Сейчас идеальное время для удара!»"
"""The White Stag is a creature of enchantment, an immortal beast with great power. It is said that the stag will trade a magical boon for its freedom, if I can catch it.""","«Белый Олень — волшебное существо, бессмертный зверь, обладающий огромной силой. Говорят, что олень обменяет магическое дар на свою свободу, если я смогу его поймать»."
"""The Wizard's Tower's defenses have reactivated. Lyhr is resting in Droknar's Light, and Mabon has returned to activity throughout Skywatch Archipelago.""","«Защита Башни Волшебника активизировалась. Лир отдыхает в Свете Дрокнара, а Мабон вернулся к активности по всему архипелагу Небесного Дозора»."
"""The Wizard's Tower...the sentinel watching over this town has vanished. No one has ever known the tower's purpose, but I compounded one lie with another, and I'm now paying for my hubris.""","«Башня Волшебника… страж, наблюдавший за этим городом, исчез. Никто никогда не знал назначения башни, но я смешал одну ложь с другой, и теперь расплачиваюсь за свое высокомерие»."
"""The Wolfborn maintain law and order in Hoelbrak. Some of us throw punches first and ask questions later, but my duties are a little different.""","«Волкорожденные поддерживают закон и порядок в Хоэлбраке. Некоторые из нас сначала наносят удары, а потом задают вопросы, но мои обязанности немного другие»."
"""The achievement tab tracks all of the achievements earned across all of the characters on your account.<br>Completing achievements grants you achievement points, which increase your achievement score and, in some cases, grant you titles to wear.<br>Complete daily and monthly achievements to earn experience, gold, and loot.""","«На вкладке достижений отображаются все достижения, полученные всеми персонажами в вашей учётной записи.<br>За выполнение достижений вы получаете очки достижений, которые увеличивают ваш счёт достижений и, в некоторых случаях, дают вам титулы, которые можно носить.<br>Выполняйте ежедневные и ежемесячные достижения, чтобы заработать опыт, золото и добычу»."
"""The achievement tracker only shows five achievements at once, but you can track more than that through the achievement panel.""","«Трекер достижений показывает только пять достижений одновременно, но вы можете отслеживать больше через панель достижений»."
"""The adolescent abyssal watcher is feasting on a strange relic, making it immune to all damage.""","«Юный наблюдатель из бездны лакомится странной реликвией, делающей её невосприимчивой к любому урону»."
"""The aetherium mine is one of the main buildings you can build in your guild hall. The workers in your mine will automatically generate aetherium over time, which is required for most upgrades. Rekka, the mine's proprietor, offers upgrades related to the production of aetherium.""","«Шахта этерия — одно из основных зданий, которые вы можете построить в зале гильдии. Рабочие в вашей шахте со временем будут автоматически генерировать этерий, который необходим для большинства улучшений. Рекка, владелец шахты, предлагает улучшения, связанные с производством этерия»."
"""The agents from the Inquest Outer Complex are a growing problem as they continue to disrupt our work and perform unsanctioned experiments. If you help us clean out the Inquest forces, as well as any Thaumanova chaotic material, this region will be substantially safer.""","«Агенты Внешнего комплекса Дознания представляют собой растущую проблему, поскольку они продолжают мешать нашей работе и проводить несанкционированные эксперименты. Если вы поможете нам очистить силы Дознания, а также любой хаотический материал Таумановы, этот регион станет значительно безопаснее»."
"""The agents of the Order of Whispers use subterfuge to gain alliances and resources, hoping to one day levy them against the dragons. Zhaitan's attack threatens the heart of the Order. Hopefully, you will arrive before all is lost.""","«Агенты Ордена Шепота используют уловки, чтобы завоевать союзы и ресурсы, надеясь однажды направить их против драконов. Атака Зайтана угрожает сердцу Ордена. Надеюсь, вы прибудете прежде, чем все будет потеряно»."
"""The air is heavy, conjuring thoughts of death and power. Something formidable lies within this grave.""","«Воздух тяжёлый, вызывающий мысли о смерти и власти. В этой могиле лежит что-то грозное»."
"""The air is still, and the storm appears to have subsided.""","«Воздух неподвижен, и буря, кажется, утихла»."
"""The air itself feels as though it's made of teeth. The voice grows stronger as two words emerge in a horrid clarity: """"I'm free.""""""","«Воздух кажется таким, будто он сделан из зубов. Голос становится сильнее, и с ужасающей ясностью вырываются два слова: «Я свободен»»»."
"""The air was full of knives, biting my tongue and pricking my lungs. Without the gift of warmth, to breathe was to spit blood.""","«Воздух был полон ножей, которые кусали мой язык и кололи лёгкие. Без дара тепла дышать означало плеваться кровью»."
"""The alliance of the Durmand Priory and the Vigil has been constructive, though even together we are challenged. Caer Evermore is under constant attack by the Risen as the Priory scours the surrounding ruins for ancient secrets of the Elder Dragons.""","«Альянс Приората Дурманда и Дозора был конструктивным, хотя даже вместе нам бросают вызов. Каэр Эвермор находится под постоянными атаками Восставших, пока Приорат прочесывает окружающие руины в поисках древних тайн Старших Драконов»."
"""The amulet was a sight to behold, swinging back and forth while the warrior perfected the swing of her sword. She was a champion—onlookers bowed as they passed, but her attention was elsewhere.""","«Амулет представлял собой зрелище: он раскачивался взад и вперёд, пока воин оттачивал взмах мечом. Она была чемпионкой — зрители кланялись, проходя мимо, но её внимание было сосредоточено на чем-то другом»."
"""The ancient eggs you released into the magma have burned. Luckily, Grand Archivist Vivienne has sent another crate of them. Return to the top of the crater to try again.""","«Древние яйца, которые вы выбросили в магму, сгорели. К счастью, Великий архивариус Вивьен прислала ещё один ящик с ними. Вернитесь на вершину кратера, чтобы попробовать ещё раз»."
"""The animals are feisty, so you'll need to work the fight out of them. Show them who's in charge. When they're worn down, use the flute to tame them.""","«Животные злющие, поэтому вам придётся заставить их сражаться. Покажите им, кто главный. Когда они устанут, используйте флейту, чтобы приручить их»."
"""The answer is at the heart of Tyria's future—and your own. Both of you must face the darkness, become guiding stars in the night.""",«Ответ лежит в основе будущего Тирии — и вашего собственного. Вы оба должны противостоять тьме и стать путеводными звездами в ночи».
"""The archaic and enigmatic writing appears to be a hagiography of three powerful spellbinders who sacrificed themselves for Ancora, now at rest in catacombs beneath the lost basilica.""","«Архаическое и загадочное письмо, похоже, представляет собой житие трех могущественных чародеев, которые пожертвовали собой ради Анкоры, ныне покоящейся в катакомбах под затерянной базиликой»."
"""The arctodus is a mighty snow wolf-bear. Its wolf side gives it a strong pack mentality that makes it very protective of its companions. It can roar with arctic might, chilling opponents to the core and making it harder for them to move or act. —Acht""","«Арктодус — могучий снежный медведь-волк. Его волчья сторона придает ему сильный менталитет стаи, что позволяет ему очень защищать своих товарищей. Он может рычать с арктической мощью, леденя противников до глубины души и затрудняя им движение или действия. — Ахт»"
"""The area ahead is infested with spiders. Stay away from their nests, and watch out for webbing.""",«Впереди кишат пауки. Держитесь подальше от их гнезд и остерегайтесь паутины».
"""The area seems clear, Lightbringer. Let's move on.""","«Здесь кажется чисто, Светоносный. Пойдём дальше»."
"""The area's cleared, Caithe. Bring 'em down.""","«Территория зачищена, Кейт. Уничтожь их»."
"""The arena is one of the main buildings you can build in your guild hall. Castor, the proprietor of the arena, offers upgrades related to PvP and arena brawling.""","«Арена — одно из основных зданий, которые вы можете построить в зале гильдии. Кастор, владелец арены, предлагает улучшения, связанные с PvP и драками на арене»."
"""The art of imbuing written language with magic is a fascinating study, though it principally benefits guilds rather than individual scribes.""","«Искусство наполнить письменный язык магией — увлекательное занятие, хотя оно в основном приносит пользу гильдиям, а не отдельным писцам»."
"""The assault has lost momentum, and allied forces need to retreat.""","«Наступление потеряло темп, и союзным войскам необходимо отступить»."
"""The asura love their little golems, but I prefer a more natural approach.""","«Асуры любят своих маленьких големов, но я предпочитаю более естественный подход»."
"""The asuran researchers on Fire Island were not prepared for all the Destroyers. I helped them get their recording devices restarted and took the opportunity to collect a sample of Destroyer flesh for Taimi. The more time I spend here, the more I realize the island is unstable.""","«Асуранские исследователи на Огненном Острове не были готовы ко всем Разрушителям. Я помог им перезапустить их записывающие устройства и воспользовался возможностью, чтобы собрать образец плоти Разрушителя для Тайми. Чем больше времени я провожу здесь, тем больше я понимаю, что остров нестабилен»."
"""The awakening of Jormag flooded much of the north, and now new races are fleeing into this land ahead of the Elder Ice Dragon's terrible minions.""","«Пробуждение Йормага затопило большую часть севера, и теперь новые расы бегут в эти земли впереди ужасных приспешников Старшего Ледяного Дракона»."
"""The bait still glows and the fish don't know! Hoo, hoo!""","«Приманка все ещё светится, а рыба не знает! Ух, ух!»"
"""The ball of magical energy churns and crackles, powering the equipment in the laboratory with no sign of diminishing.""","«Шар магической энергии бурлит и потрескивает, питая оборудование в лаборатории, не ослабевая»."
"""The bandit, Jat, confessed that he knew where to find Waine. He's fighting as a gladiator under an assumed name, using Caladbolg to be unbeatable. For now...""","«Бандит Джат признался, что знает, где найти Уэйна. Он сражается как гладиатор под вымышленным именем, используя Каладболг, чтобы стать непобедимым. А пока…»"
"""The bandits preying on Queensdale are getting their orders from a mysterious figure in Divinity's Reach. The expensive paper those orders were written on has been traced to Minister Zamon, an influential aristocrat.""","«Бандиты, охотящиеся на Квинсдейл, получают приказы от загадочной фигуры в Divinity's Reach. Дорогая бумага, на которой были написаны эти приказы, принадлежит министру Замону, влиятельному аристократу»."
"""The bandits want to drive us off our land and back into Divinity's Reach. If that happens, people will starve. How can humans be so cruel while we battle for our very existence against the centaurs?""","«Бандиты хотят изгнать нас с нашей земли и вернуть в Divinity's Reach. Если это произойдёт, люди будут голодать. Как люди могут быть такими жестокими, пока мы сражаемся с кентаврами за само свое существование?»"
"""The base was riddled with traps and lasers, making it difficult to navigate. Kiel and I found our way into a lab run by an asura named Frizz. Unbelievable that a bunch of pirates managed to erect an entire Inquest laboratory inside of the cave, filled with strange technologies. It looked like they were tracing something, though it'll be hard to question Frizz about his findings now. He was...squashed during the encounter.""","«База была пронизана ловушками и лазерами, из-за чего было трудно ориентироваться. Мы с Килем проникли в лабораторию, которой управляет асура по имени Фризз. Невероятно, что группе пиратов удалось построить внутри пещеры целую лабораторию дознания, наполненную странными технологиями. Похоже, они что-то отслеживали, хотя теперь будет трудно расспросить Фризза о его открытиях. Он был... раздавлен во время столкновения»."
"""The base's main reactor has been reactivated, feeding extra power to the base's facilities.""","«Главный реактор базы был реактивирован, обеспечивая дополнительную мощность для объектов базы»."
"""The basket is half filled with fish, seemingly left out for weeks, now rotting and covered with flies. Even the cats are avoiding it as the stench is strong enough to knock over a Giganticus Lupicus.""","«Корзина наполовину заполнена рыбой, которая, по-видимому, не появлялась несколько недель, а теперь гниет и покрыта мухами. Даже кошки избегают её, поскольку вонь настолько сильна, что сбивает с ног Giganticus Lupicus»."
"""The beast could have easily ripped out our throats, but it instead deferred to the scholar who had assembled the armor.""","«Зверь мог бы легко вырвать нам глотки, но вместо этого он доверился ученому, который собрал доспехи»."
"""The beast emerges, the spire entwined... Put out the eyes, each and every one.""","«Зверь выходит, шпиль переплетается... Выколите глаза всем и каждому»."
"""The beasts of land, sea, and air have met their master. It is done!""","«Звери суши, моря и воздуха встретили своего хозяина. Готово!»"
"""The best way to prove the grawl's sacrifices are simply being eaten by the false god is to acquire definitive proof. If they see the bones from the offerings they've made, perhaps the grawl will realize the danger they're in.""","«Лучший способ доказать, что жертвы грола просто съедены ложным богом, — это получить убедительные доказательства. Если они увидят кости принесенных ими подношений, возможно, грал поймет, в какой опасности они находятся»."
"""The bigger the forge, the better.""","«Чем больше кузница, тем лучше»."
"""The bigger they are, the harder they fall.""","«Чем они больше, тем сильнее они падают»."
"""The biomagical psionic mind link is two-way, instantaneous, and uninterruptable.""","«Биомагическая связь с псионическим разумом двусторонняя, мгновенная и непрерывная»."
"""The birthplace of the Vigil, this scorched and gutted cavern is where the order's founder, Almorra Soulkeeper, was forced to kill her entire warband when they were Branded by the dragon, Kralkatorrik.""","«Место рождения Бдения, эта выжженная и выпотрошенная пещера, где основательница ордена, Хранительница душ Альморра, была вынуждена убить весь свой отряд, когда они были заклеймены драконом Кралькаторриком»."
"""The black widow is the rarest variety of spider. Like other spiders, they can throw poison and spin webs to immobilize their foes. Black widows can also use a special poison that paralyzes foes in their tracks. —Acht""","«Чёрная вдова — самая редкая разновидность пауков. Как и другие пауки, они могут бросать яд и плести паутину, чтобы обездвижить своих врагов. Чёрные вдовы также могут использовать специальный яд, который парализует врагов на их пути. — Ахт»"
"""The blasted skritt stole all of our logging tools. Until I get them back, the entire mill is shut down.""","«Проклятый скритт украл все наши лесозаготовительные инструменты. Пока я не верну их, вся мельница будет остановлена»."
"""The body of this guard is floating in the air, defying gravity even in death.""","«Тело этого стражника парит в воздухе, игнорируя гравитацию даже после смерти»."
"""The book feels cold to the touch. The pages are stained, but the text is still legible.""","«Книга холодная на ощупь. Страницы в пятнах, но текст все ещё читается»."
"""The book is a dredge manifesto, heavily annotated by a sarcastic Flame Legion soldier. It includes comments like """"Dredge are so ugly. It took us weeks to notice some were female.""""""","«Эта книга представляет собой манифест драгов, обильно аннотированный саркастичным солдатом Легиона Пламени. Она включает комментарии вроде: «Драги такие уродливые. Нам потребовались недели, чтобы заметить, что некоторые из них были женщинами»»»."
"""The book is scribbled in a code of squiggles and strange drawings—the ravings of a madman. Amidst the gibberish, the words """"Eyes that Watch All' are written over and over.""","«Книга исписана кодом закорючек и странных рисунков — бред сумасшедшего. Среди тарабарщины слова «Глаза, которые наблюдают за всем» написаны снова и снова»."
"""The books on this stand are neatly categorized by subject and style. One book seems out of place, however. Someone has stacked a copy of """"The Quotations of Behn Millen"""" among the poetry books.""",«Книги на этом стенде аккуратно рассортированы по темам и стилям. Однако одна книга кажется неуместной. Кто-то сложил экземпляр «Цитатов Бена Миллена» среди сборников стихов».
"""The bottle smells tasty. You see the letter """"D"""" scribbled on its bottom. For """"delicious""""? Nothing suspicious here.""","«Бутылка вкусно пахнет. Видишь букву «Д», нацарапанную на её дне. Что значит «вкусно»? Здесь нет ничего подозрительного»."
"""The bounty of Tyria's nature is immense but not without limit, and as such must be cultivated, encouraged, and most of all protected. Get in touch with nature of Tyria in your quest to create the Ravenswood Branch, the first of the precursors to the legendary staff, Nevermore.""","«Щедрость природы Тирии огромна, но не безгранична, и поэтому её необходимо культивировать, поощрять и, прежде всего, защищать. Соприкоснитесь с природой Тирии в своем стремлении создать Ветвь Рэйвенсвуда, первого из предшественников легендарного посоха Nevermore»."
"""The bounty's mine, lads.""","«Награда моя, ребята»."
"""The broodmother falls! Back, we fall!""","«Праматерь падает! Назад, падаем!»"
"""The bugs soak up magic. If we follow that magic, we follow the bugs.""","«Жуки впитывают магию. Если мы следуем этой магии, мы следуем за ошибками»."
"""The bundle you are carrying is too fragile for mount rides, and any attacks taken from Inquest weapons will cause the delicate resources to dissolve.""","«Сверток, который вы несете, слишком хрупок для поездок на лошадях, и любые атаки с помощью оружия дознания приведут к растворению хрупких ресурсов»."
"""The bundle you are carrying is too volatile for mount rides, and any attacks taken from Kryptis blasters, drainers, or sentinels will cause the delicate resources to dissolve.""","«Связка, которую вы несете, слишком нестабильна для поездок на лошадях, и любые атаки бластеров, осушителей или стражей Криптиса приведут к растворению хрупких ресурсов»."
"""The call has gone out: Zhaitan's forces threaten the Pact's new headquarters at Fort Trinity. If Zhaitan succeeds here, the Pact's war against the Elder Dragons will end before it ever truly began.""","«Призыв раздался: силы Зайтана угрожают новой штаб-квартире Пакта в Форте Тринити. Если Зайтан добьётся успеха здесь, война Пакта против Старших Драконов закончится, не успев начаться»."
"""The camera teleports with the player when they perform short-range teleports, instead of moving quickly to the new location.""","«Камера телепортируется вместе с игроком, когда он выполняет телепортацию на короткое расстояние, вместо того, чтобы быстро перемещаться в новое место»."
"""The campfire is almost out. If the flames were stoked and burning brightly, they could light torches to be used as weapons against the undead or to ignite combustible objects.""","«Костер почти потух. Если бы пламя разгорелось и горело ярко, можно было бы зажечь факелы, которые можно использовать в качестве оружия против нежити или поджечь горючие предметы»."
"""The cannons have been adjusted. This time, we'll bring it down—for good!""",«Пушки отрегулированы. На этот раз мы их снизим — навсегда!»
"""The captain and I go way back. We've fought through more enemies than you've probably ever seen. She's tough as nails, but cares about her troops.""","«Мы с капитаном возвращаемся назад. Мы сразились с большим количеством врагов, чем вы, вероятно, когда-либо видели. Она крепкая, как гвозди, но заботится о своих войсках»."
"""The caravan to Rosko's Campsite is going to need armed protection. Hurry, and you can still catch up to it.""","«Каравану, идущему к лагерю Роско, понадобится вооруженная охрана. Поторопитесь, и вы ещё успеете его догнать»."
"""The carrion sculpture looks to be some kind of trophy for the local ettin. If you destroy it, the owner may become angry.""","«Скульптура падали выглядит своего рода трофеем для местного эттина. Если её уничтожить, хозяин может разозлиться»."
