english,translate
"""<c=@abilitytype>Chain.</c> Heave your spear, gaining swiftness if you strike an enemy. If your enemy is far away, use Bee's Sting instead.""","«<c=@abilitytype>Цепь.</c> Поднимите копьё, увеличивая скорость, если ударите врага. Если ваш враг далеко, используйте вместо этого «Пчелиное жало»."
"""<c=@abilitytype>Chain.</c> Hit your foe with a final, brutal stab that bleeds, and fire a shot that causes a secondary explosion, burning nearby enemies.""","«<c=@abilitytype>Цепь.</c> Нанесите противнику последний жестокий удар, вызывающий кровотечение, и сделайте выстрел, вызывающий вторичный взрыв, сжигающий ближайших врагов»."
"""<c=@abilitytype>Chain.</c> Hit your foe with a final, brutal stab, and fire a shot that causes a secondary explosion, healing nearby allies.""","«<c=@abilitytype>Цепь.</c> Нанесите противнику последний жестокий удар и сделайте выстрел, который вызовет вторичный взрыв, исцеляющий ближайших союзников»."
"""<c=@abilitytype>Chain.</c> Hit your foe with a final, brutal stab, and fire a shot that causes a secondary explosion. <c=@reminder>Foes hit by the initial attack take less damage from the follow-up shot. </c>""","""<c=@abilitytype>Цепь.</c> Нанесите противнику последний жестокий удар и произведите выстрел, вызывающий вторичный взрыв. <c=@reminder>Противники, пораженные первой атакой, получают меньший урон от последующего выстрела. </c>"""
"""<c=@abilitytype>Chain.</c> Slash your foe and inflict bleeding, then fire off a ranged shot that also inflicts bleeding.""","«<c=@abilitytype>Цепь.</c> Порежьте противника и вызовите кровотечение, а затем произведите выстрел дальнего боя, который также вызовет кровотечение»."
"""<c=@abilitytype>Chain.</c> Slash your foe, then fire off a ranged shot that heals the ally closest to the struck foe.""","«<c=@abilitytype>Chain.</c> Нанесите удар противнику, а затем произведите выстрел дальнего боя, который исцеляет ближайшего к пораженному противнику союзника»."
"""<c=@abilitytype>Chain.</c> Slash your foe, then fire off a ranged shot. <c=@reminder> Foes hit by the initial attack take less damage from the follow-up shot. </c>""","""<c=@abilitytype>Цепочка.</c> Разрежьте врага, а затем произведите дальний выстрел. <c=@reminder> Противники, пораженные первой атакой, получают меньший урон от последующего выстрела. </c>"""
"""<c=@abilitytype>Chain.</c> Stab your foe, crippling them for a short time.""","""<c=@abilitytype>Цепь.</c> Нанесите удар противнику, нанеся ему вред на короткое время."""
"""<c=@abilitytype>Chain.</c> Strike foes, and chill them.""","""<c=@abilitytype>Цепочка.</c> Ударьте противников и охладите их."""
"""<c=@abilitytype>Chain.</c> Strike with your spear, crippling your foe. If your enemy is far away, use Bee's Sting instead.""","«<c=@abilitytype>Цепь.</c> Ударьте копьём, нанеся вред противнику. Если враг далеко, используйте вместо этого «Пчелиное жало»."
"""<c=@abilitytype>Chain.</c> Strike your foe again, bleeding them. Gain endurance with a successful strike.""","«<c=@abilitytype>Цепь.</c> Ударьте врага ещё раз, обескровив его. Успешным ударом вы получите выносливость»."
"""<c=@abilitytype>Chain.</c> Swing your gunsaber and fire a second shot, damaging the enemy and healing a nearby ally.""","""<c=@abilitytype>Цепь.</c> Взмахните мечом и сделайте второй выстрел, нанося урон противнику и исцеляя ближайшего союзника""."
"""<c=@abilitytype>Chain.</c> Swing your gunsaber, bleeding enemies struck. Fire a second shot that also bleeds.""","""<c=@abilitytype>Цепь.</c> Взмахните своим ружейным мечом, и враги начнут истекать кровью. Сделайте второй выстрел, который также кровоточит."""
"""<c=@abilitytype>Chain.</c> Swing your spear. If your enemy is far away, use Bee's Sting instead.""","«<c=@abilitytype>Цепь.</c> Размахивайте копьём. Если враг далеко, используйте вместо этого «Пчелиное жало»."
"""<c=@abilitytype>Citadel Order.</c> Open a portal through the mists of time, unleashing a storm of artillery from the united legions.""","«<c=@abilitytype>Приказ Цитадели.</c> Откройте портал сквозь мглу времени, обрушив артиллерийский шквал объединенных легионов»."
"""<c=@abilitytype>Citadel Order.</c> Orders from above arrive, renewing your abilities and those of your nearby allies.""","«<c=@abilitytype>Приказ Цитадели.</c> Приходят приказы сверху, обновляющие ваши способности и способности ваших ближайших союзников»."
"""<c=@abilitytype>Clone.</c> Block the next attack, and counter by inflicting torment and creating clones that cast Ether Bolt.""","«<c=@abilitytype>Клонировать.</c> Заблокируйте следующую атаку и ответьте ей, причиняя боли и создавая клонов, которые используют Эфирную стрелу»."
"""<c=@abilitytype>Clone.</c> Retreat back, summoning a clone to attack your foe while granting chaos armor to nearby allies.""","«<c=@abilitytype>Клон.</c> Отступите, призвав клона, который нападет на вашего врага, одновременно предоставив союзникам поблизости броню хаоса»."
"""<c=@abilitytype>Clone.</c> Shoot a bullet through a portal. It reappears above the target location and explodes, damaging enemies and healing allies. Create a clone if you hit an enemy or ally.""","«<c=@abilitytype>Клонировать.</c> Выстрелите пулю через портал. Она снова появляется над целевой локацией и взрывается, нанося урон врагам и исцеляя союзников. Создайте клона, если попадете во врага или союзника»."
"""<c=@abilitytype>Clone.</c> Summon an illusion that leaps at your target, crippling them. After the initial leap, the clone will execute the Mind Slash sword chain.""","«<c=@abilitytype>Клон.</c> Вызывает иллюзию, которая прыгает на вашу цель, нанося ей вред. После первого прыжка клон выполнит цепочку мечей Mind Slash»."
"""<c=@abilitytype>Clone.</c> Summon an illusion that leaps at your target, crippling them.""","«<c=@abilitytype>Клон.</c> Вызов иллюзии, которая прыгает на вашу цель, нанося ей вред»."
"""<c=@abilitytype>Clone.</c> Surge toward your foe, striking enemies on the way and creating a clone upon reaching your initial target.""","«<c=@abilitytype>Клонировать.</c> Стремитесь к противнику, поражая врагов на пути и создавая клона, достигнув первоначальной цели»."
"""<c=@abilitytype>Clone.</c> Teleport away from your target, summoning a clone that casts Winds of Chaos.""","«<c=@abilitytype>Клон.</c> Телепортируйтесь от цели, вызывая клона, который применяет «Ветры хаоса»."
"""<c=@abilitytype>Command.</c> Rampage with your pet, gaining stability, fury, and swiftness. You and your pet also grant might to each other when you attack.""","«<c=@abilitytype>Командовать.</c> Неистовствуйте вместе со своим питомцем, приобретая устойчивость, ярость и быстроту. Вы и ваш питомец также даруете друг другу мощь, когда атакуете»."
"""<c=@abilitytype>Command.</c> Strike enemies around your target, inflicting vulnerability and spreading vulnerability from your original target to nearby enemies.<br><c=@abilitytype>Echo.</c> Apply might to allies and gain adrenaline based on the number of enemies struck after a set interval or after you use a burst skill.""","«<c=@abilitytype>Команда.</c> Ударьте врагов вокруг вашей цели, вызывая уязвимость и распространяя уязвимость исходной цели на ближайших врагов.<br><c=@abilitytype>Эхо.</c> Применяйте мощь к союзникам и получайте адреналин в зависимости от количества пораженных врагов через заданный интервал или после использования взрывного навыка»."
"""<c=@abilitytype>Command.</c> Your allies' health cannot be reduced below zero for a short period of time. After this effect ends, grant barrier proportionate to their missing health. <c=@reminder>Certain boss skills may bypass the effect of this skill.</c><br><c=@abilitytype>Echo.</c> Grant superspeed to nearby allies after a set interval or after you use a burst skill.""","«<c=@abilitytype>Command.</c> Здоровье ваших союзников не может опуститься ниже нуля в течение короткого периода времени. После окончания этого эффекта предоставьте барьер, пропорциональный их недостающему здоровью. <c=@reminder>Некоторые навыки босса могут обойти эффект этого навыка.</c><br><c=@abilitytype>Echo.</c> Предоставляйте сверхскорость ближайшим союзникам через заданный интервал или после того, как вы используете взрывной навык»."
"""<c=@abilitytype>Command.</c> Your pet rushes at your foe, dealing increased damage.""","«<c=@abilitytype>Команда.</c> Ваш питомец бросается на врага, нанося увеличенный урон»."
"""<c=@abilitytype>Command.</c> Your pet rushes at your foe, revealing them and dealing increased damage.""","«<c=@abilitytype>Команда.</c> Ваш питомец бросается на противника, обнаруживая его и нанося увеличенный урон»."
"""<c=@abilitytype>Commands</c> copy boons from yourself to your pet.<br><c=@reminder>Soulbeast: when merged, extend the duration of boons on yourself instead.</c>""","""<c=@abilitytype>Команды</c> копируют дары с вас на вашего питомца.<br><c=@reminder>Soulbeast: при слиянии вместо этого продлевает время действия даров на себя.</c>"""
"""<c=@abilitytype>Conjure.</c> Manifest a fiery greatsword in your hands and at the target location. When it lands, it damages and burns foes. Wielders of this weapon gain increased power and condition damage and cast <c=@abilitytype>Lesser Fiery Eruption</c> at regular intervals on random enemies.""","«<c=@abilitytype>Колдовство.</c> Поместите в свои руки и в выбранное место огненный двуручный меч. Когда он приземляется, он наносит урон и поджигает противников. Владельцы этого оружия получают увеличенную силу и урон от состояний и через регулярные промежутки времени применяют <c=@abilitytype>Lesser Fiery Eruption</c> на случайных врагов»."
"""<c=@abilitytype>Consecration.</c> Consecrate the target area, granting stability to allies inside.""","""<c=@abilitytype>Освящение.</c> Освятите выбранную область, гарантируя устойчивость союзникам внутри."""
"""<c=@abilitytype>Consecration.</c> Create a ring of fire. With each pulse, burn foes while removing conditions from allies inside the area of effect.""","«<c=@abilitytype>Освящение.</c> Создайте огненное кольцо. С каждым импульсом сжигайте противников, снимая состояния с союзников, находящихся в зоне действия»."
"""<c=@abilitytype>Corruption. </c>Feast on your conditions, gaining health for each one consumed. You become vulnerable.""","«<c=@abilitytype>Коррупция. </c>Наслаждайтесь своими состояниями, получая здоровье за ??каждое из них. Вы становитесь уязвимыми»."
"""<c=@abilitytype>Deception.</c> Create a mirage at your current location and heal over time. When the mirage expires, it spawns a mirage mirror.""","«<c=@abilitytype>Обман.</c> Создайте мираж в своем текущем местоположении и со временем исцелитесь. Когда мираж истечет, появится миражное зеркало»."
"""<c=@abilitytype>Deception.</c> Create a pulsing refuge at the target area that heals allies, cloaks allies in stealth, and reduces damage taken.""","«<c=@abilitytype>Обман.</c> Создайте пульсирующее убежище в выбранной области, которое исцеляет союзников, окутывает союзников невидимостью и уменьшает получаемый урон»."
"""<c=@abilitytype>Deception.</c> Draw in shards of crystal sand at target location, which confuse foes they pass through. The shards form a mirage mirror when they reach their destination.""","«<c=@abilitytype>Обман.</c> Вытягивайте в выбранном месте осколки кристального песка, которые сбивают с толку противников, через которых они проходят. Осколки образуют призрачное зеркало, когда достигают места назначения»."
"""<c=@abilitytype>Deception.</c> Return to your starting location, and cure three conditions.""",«<c=@abilitytype>Обман.</c> Вернитесь в исходную локацию и снимите три состояния».
"""<c=@abilitytype>Deception.</c> Shadowstep to target area. Becomes Shadow Return, which returns you to your starting area and cures three conditions.""","«<c=@abilitytype>Обман.</c> Шаг тени в выбранную область. Становится «Возвращением тени», которое возвращает вас в исходную область и устраняет три состояния."
"""<c=@abilitytype>Double Edge.</c> Break stuns and summon a jade shield that applies barrier to yourself. You may activate the skill while it is recharging, with a chance for the skill to backfire. The chance of the skill backfiring lowers as the skill recharges, and the skill cannot backfire when the skill is completely recharged.""","«<c=@abilitytype>Double Edge.</c> Прерывайте оглушение и призовите нефритовый щит, который накладывает на вас барьер. Вы можете активировать навык, пока он перезаряжается, с шансом, что навык даст обратный эффект. Вероятность обратного эффекта навыка снижается по мере перезарядки навыка, и навык не может иметь неприятных последствий, когда навык полностью перезаряжен»."
"""<c=@abilitytype>Double Edge.</c> Drink an antivenom potion to heal yourself and remove conditions. You may activate the skill while it is recharging, with a chance for the skill to backfire. The chance of the skill backfiring lowers as the skill recharges, and the skill cannot backfire when the skill is completely recharged.""","«<c=@abilitytype>Double Edge.</c> Выпейте зелье противоядия, чтобы исцелить себя и снять состояния. Вы можете активировать навык, пока он перезаряжается, с шансом, что навык даст обратный эффект. Вероятность обратного результата навыка снижается по мере перезарядки навыка, и навык не может иметь неприятных последствий, когда навык полностью перезаряжен»."
"""<c=@abilitytype>Double Edge.</c> Flip a number of enchanted Canach Coins. Gain effects depending on whether they land on heads or tails. You may activate the skill while it is recharging, with a chance for the skill to backfire. The chance of the skill backfiring lowers as the skill recharges, and the skill cannot backfire when the skill is completely recharged.""","«<c=@abilitytype>Double Edge.</c> Подбросьте несколько зачарованных монет Канаха. Получите эффекты в зависимости от того, выпадут ли они орлом или решкой. Вы можете активировать навык, пока он перезаряжается, с шансом, что навык даст обратный эффект. Вероятность обратного результата навыка снижается по мере перезарядки навыка, и навык не может дать обратный эффект, когда навык полностью перезаряжен»."
"""<c=@abilitytype>Double Edge.</c> Shadowstep to the targeted enemy, damaging and inflicting conditions on enemies at the target's location. You may activate the skill while it is recharging, with a chance for the skill to backfire. The chance of the skill backfiring lowers as the skill recharges, and the skill cannot backfire when the skill is completely recharged.""","«<c=@abilitytype>Double Edge.</c> Шаг тени к выбранному врагу, нанося урон и накладывая состояния на врагов в месте нахождения цели. Вы можете активировать навык, пока он перезаряжается, с шансом, что навык даст обратный эффект. Вероятность обратного результата навыка снижается по мере перезарядки навыка, и навык не может иметь неприятных последствий, когда навык полностью перезаряжен»."
"""<c=@abilitytype>Double Edge.</c> Summon a skritt to fire a dwarven cannon at the targeted area, damaging and inflicting conditions on foes. You may activate the skill while it is recharging, with a chance for the skill to backfire. The chance of the skill backfiring lowers as the skill recharges, and the skill cannot backfire when the skill is completely recharged.""","«<c=@abilitytype>Double Edge.</c> Призовите скритта, чтобы он выстрелил из дворфийской пушки в выбранную область, нанося урон противникам и накладывая на них состояния. Вы можете активировать навык, пока он перезаряжается, с шансом, что навык даст обратный эффект. Вероятность обратного результата навыка снижается по мере перезарядки навыка, и навык не может дать обратный эффект, когда навык полностью перезаряжен»."
"""<c=@abilitytype>Dual Attack.</c> After a short channel, launch a hyper-fast boulder that decimates foes in its path.""","«<c=@abilitytype>Dual Attack.</c> После короткого применения запустите сверхбыстрый валун, который уничтожает противников на своем пути»."
"""<c=@abilitytype>Dual Attack.</c> Bleed your foe with ice and stone.<br><br>If you have an ice bullet, consume it to heal yourself. If you have an earth bullet, consume it to grant yourself barrier.""","«<c=@abilitytype>Dual Attack.</c> Обесточьте врага кровью с помощью льда и камня.<br><br>Если у вас есть ледяная пуля, поглотите её, чтобы исцелить себя. Если у вас есть земная пуля, поглотите её, чтобы создать себе барьер»."
"""<c=@abilitytype>Dual Attack.</c> Bombard your foe with a meteor that inflicts multiple conditions.<br><br>If you have a fire bullet, consume it to cause the shot to explode when it strikes an enemy, damaging other foes in the blast. If you have an earth bullet, consume it to inflict additional bleeding.""","«<c=@abilitytype>Dual Attack.</c> Бомбардируйте противника метеором, который накладывает несколько состояний.<br><br>Если у вас есть огненная пуля, поглотите её, чтобы выстрел взорвался при попадании во врага, нанося урон другим противникам взрывом. Если у вас есть земляная пуля, поглотите её, чтобы вызвать дополнительное кровотечение»."
"""<c=@abilitytype>Dual Attack.</c> Call a meteor from the sky that crashes to the ground, creating an eruption of magma.""","«<c=@abilitytype>Dual Attack.</c> Вызовите с неба метеор, который упадет на землю, вызвав извержение магмы»."
"""<c=@abilitytype>Dual Attack.</c> Evade backward and grant yourself boons.<br><br>If you have an ice bullet, consume it to gain frost aura. If you have an air bullet, consume it to gain superspeed.""","«<c=@abilitytype>Dual Attack.</c> Уклоняйтесь назад и даруйте себе блага.<br><br>Если у вас есть ледяная пуля, поглотите её, чтобы получить ледяную ауру. Если у вас есть воздушная пуля, поглотите её, чтобы получить сверхскорость»."
"""<c=@abilitytype>Dual Attack.</c> Fire a ball of plasma that explodes when it hits, striking enemies behind the target.<br><br>If you have a fire bullet, consume it to create an area of fire beneath the initial target. If you have an air bullet, consume it to reduce the cooldown of this skill.""","«<c=@abilitytype>Dual Attack.</c> Выпускайте шар плазмы, который взрывается при попадании и поражает врагов позади цели.<br><br>Если у вас есть огненная пуля, поглотите её, чтобы создать область огня под первоначальной целью. Если у вас есть воздушная пуля, поглотите её, чтобы сократить время восстановления этого навыка»."
"""<c=@abilitytype>Dual Attack.</c> Fire a quick shot that debilitates your target. <br><br>If you have an air bullet, consume it to also inflict daze. If you have an earth bullet, consume it to also inflict bleeding on your target.""","«<c=@abilitytype>Dual Attack.</c> Сделайте быстрый выстрел, который ослабит вашу цель. <br><br>Если у вас есть воздушная пуля, поглотите её, чтобы также вызвать ошеломление. Если у вас есть земная пуля, используйте её, чтобы также вызвать кровотечение у вашей цели»."
"""<c=@abilitytype>Dual Attack.</c> Fire multiple bullets of fire and ice, inflicting conditions.<br><br>If you have a fire bullet, consume it to gain fire aura. If you have an ice bullet, consume it to cause the ice shots to inflict additional conditions.""","«<c=@abilitytype>Dual Attack.</c> Выпускайте несколько огненных и ледяных пуль, создавая состояния.<br><br>Если у вас есть огненная пуля, поглотите её, чтобы получить огненную ауру. Если у вас есть ледяная пуля, поглотите её, чтобы ледяные выстрелы наложили дополнительные состояния»."
"""<c=@abilitytype>Dual Attack.</c> Launch a hurricane in a direction, healing allies and damaging enemies.""","«<c=@abilitytype>Dual Attack.</c> Выпустите ураган в определенном направлении, исцеляя союзников и нанося урон врагам»."
"""<c=@abilitytype>Dual Attack.</c> Launch a hurricane in a direction, knocking enemies back and making them vulnerable.""","«<c=@abilitytype>Dual Attack.</c> Выпустите ураган в определенном направлении, отбрасывая врагов назад и делая их уязвимыми»."
"""<c=@abilitytype>Dual Attack.</c> Release a frigid wind that damages foes, then damages them again after a short delay.""","«<c=@abilitytype>Dual Attack.</c> Выпускает холодный ветер, который наносит урон противникам, а затем снова наносит им урон после небольшой задержки»."
"""<c=@abilitytype>Dual Attack.</c> Send out a vaporous projectile that heals allies it passes through. This projectile violently explodes if it hits the ground or strikes an enemy, healing allies and damaging foes in the area.""","«<c=@abilitytype>Dual Attack.</c> Выпускает паровой снаряд, исцеляющий союзников, через которых проходит. Этот снаряд сильно взрывается, если ударяется о землю или врага, исцеляя союзников и нанося урон противникам в области действия»."
"""<c=@abilitytype>Dual Attack.</c> Send out a vaporous projectile that violently explodes if it hits the ground or strikes an enemy, healing allies and damaging foes in the area. Heal yourself if you strike an enemy.""","«<c=@abilitytype>Dual Attack.</c> Выпускает паровой снаряд, который сильно взрывается, если ударяется о землю или врага, исцеляя союзников и нанося урон противникам в области действия. Исцелите себя, если ударите врага»."
"""<c=@abilitytype>Dual Attack.</c> Slide to an area, blasting foes with steam while healing nearby allies.""","«<c=@abilitytype>Dual Attack.</c> Скользите в определенную область, обдавая противников паром и исцеляя ближайших союзников»."
"""<c=@abilitytype>Dual Attack.</c> Smite your enemies with the earth and sky, dealing damage from below and then stunning from above.""","«<c=@abilitytype>Dual Attack.</c> Поразите своих врагов землей и небом, нанося урон снизу, а затем оглушая сверху»."
"""<c=@abilitytype>Dual Attack.</c> Strike enemies in an arc in front of you, creating burning vortexes on enemies you hit.""","«<c=@abilitytype>Dual Attack.</c> Наносите удары по врагам по дуге перед собой, создавая горящие вихри на пораженных врагах»."
"""<c=@abilitytype>Dual Attack.</c> Strike your enemies, lifting them and creating cyclones at their locations.""","«<c=@abilitytype>Dual Attack.</c> Ударьте врагов, поднимая их и создавая вихри в их местах»."
"""<c=@abilitytype>Dual Attack.</c> Summon projectiles of air and earth that circle around you, striking enemies they pass through. While the air projectile is active, your chance to critically strike is increased. While the earth projectile is active, you take reduced damage from strikes. <c=@reminder>Summoning a circular projectile refreshes the duration of all other circular projectiles.</c>""","""<c=@abilitytype>Dual Attack.</c> Вызов снарядов воздуха и земли, которые кружатся вокруг вас, поражая врагов, через которых они проходят. Пока активен воздушный снаряд, ваш шанс нанести критический удар увеличивается. Пока активен земной снаряд, вы получаете меньший урон от ударов. <c=@reminder>Призыв круглого снаряда обновляет продолжительность всех других круглых снарядов.</c>"""
"""<c=@abilitytype>Dual Attack.</c> Summon projectiles of fire and air that circle around you, striking enemies they pass through. While the fire projectile is active, it grants you increased outgoing damage. While the air projectile is active, your chance to critically strike is increased. <c=@reminder>Summoning a circular projectile refreshes the duration of all other circular projectiles.</c>""","""<c=@abilitytype>Dual Attack.</c> Вызов снарядов огня и воздуха, которые кружатся вокруг вас, поражая врагов, через которых они проходят. Пока огненный снаряд активен, он увеличивает исходящий урон. Пока активен воздушный снаряд, ваш шанс нанести критический удар увеличивается. <c=@reminder>Призыв круглого снаряда обновляет продолжительность действия всех других круглых снарядов.</c>"""
"""<c=@abilitytype>Dual Attack.</c> Summon projectiles of fire and earth that circle around you, striking enemies they pass through. While the fire projectile is active, it grants you increased outgoing damage. While the earth projectile is active, you take reduced damage from strikes. <c=@reminder>Summoning a circular projectile refreshes the duration of all other circular projectiles.</c>""","""<c=@abilitytype>Dual Attack.</c> Вызов снарядов огня и земли, которые кружатся вокруг вас, поражая врагов, через которых они проходят. Пока огненный снаряд активен, он увеличивает исходящий урон. Пока активен земляной снаряд, вы получаете меньший урон от ударов. <c=@reminder>Призыв круглого снаряда обновляет продолжительность всех других круглых снарядов.</c>"""
"""<c=@abilitytype>Dual Attack.</c> Summon projectiles of fire and ice that circle around you, striking enemies they pass through. While the fire projectile is active, it grants you increased outgoing damage. While the ice projectile is active, you take reduced damage from conditions. <c=@reminder>Summoning a circular projectile refreshes the duration of all other circular projectiles.</c>""","""<c=@abilitytype>Dual Attack.</c> Вызов снарядов огня и льда, которые кружатся вокруг вас, поражая врагов, через которых они проходят. Пока огненный снаряд активен, он увеличивает исходящий урон. Пока активен ледяной снаряд, вы получаете меньший урон от условий. <c=@reminder>Призыв круглого снаряда обновляет продолжительность всех других круглых снарядов.</c>"""
"""<c=@abilitytype>Dual Attack.</c> Summon projectiles of ice and air that circle around you, striking enemies they pass through. While the ice projectile is active, you take reduced damage from conditions. While the air projectile is active, your chance to critically strike is increased. <c=@reminder>Summoning a circular projectile refreshes the duration of all other circular projectiles.</c>""","""<c=@abilitytype>Dual Attack.</c> Вызывает ледяные и воздушные снаряды, которые кружатся вокруг вас и поражают врагов, через которых они проходят. Пока активен ледяной снаряд, вы получаете меньший урон от состояний. Пока активен воздушный снаряд, ваш шанс нанести критический удар увеличивается. <c=@reminder>Призыв круглого снаряда обновляет продолжительность действия всех других круглых снарядов.</c>"""
"""<c=@abilitytype>Dual Attack.</c> Summon projectiles of ice and earth that circle around you, striking enemies they pass through. While the ice projectile is active, you take reduced damage from conditions. While the earth projectile is active, you take reduced damage from strikes. <c=@reminder>Summoning a circular projectile refreshes the duration of all other circular projectiles.</c>""","""<c=@abilitytype>Dual Attack.</c> Вызываете снаряды льда и земли, которые кружатся вокруг вас, поражая врагов, через которых они проходят. Пока активен ледяной снаряд, вы получаете меньший урон от состояний. Пока активен земной снаряд, вы получаете меньший урон от ударов. <c=@reminder>Призыв круглого снаряда обновляет длительность всех других круглых снарядов.</c>"""
"""<c=@abilitytype>Dual Attack.</c> Whirl air and ice together, sending out a supercooled projectile that chills enemies it strikes.""","«<c=@abilitytype>Dual Attack.</c> Закручивает воздух и лед вместе, выпуская переохлажденный снаряд, который охлаждает врагов, в которых он попадает»."
"""<c=@abilitytype>Dual Wield.</c> Do an Evasive attack over your opponent, striking nearby enemies three times. Each hit causes Bleeding.""","«<c=@abilitytype>Бой на два оружия.</c> Выполните атаку уклонения по противнику, ударив ближайших врагов трижды. Каждый удар вызывает кровотечение»."
"""<c=@abilitytype>Dual Wield.</c> Do an evasive attack over your opponent, striking nearby foes three times. Each hit causes bleeding.""","«<c=@abilitytype>Бой на два оружия.</c> Выполните атаку с уклонением по противнику, ударив ближайших противников трижды. Каждый удар вызывает кровотечение»."
"""<c=@abilitytype>Dual Wield.</c> Do an evasive attack over your target, striking nearby foes three times. Each hit causes bleeding.""","«<c=@abilitytype>Бой на два оружия.</c> Выполните атаку уклонения по своей цели, ударив ближайших противников три раза. Каждый удар вызывает кровотечение»."
"""<c=@abilitytype>Dual Wield.</c> Fire a blinding shot at your foe, then shadowstep to them for a dagger strike.""","«<c=@abilitytype>Бой на два оружия.</c> Выстрелите в противника ослепляющим выстрелом, а затем шагните к нему и нанесите удар кинжалом»."
"""<c=@abilitytype>Dual Wield.</c> Fire a slow-moving projectile, then fire a quick shot that accelerates the first.""","«<c=@abilitytype>Бой на два оружия.</c> Выпустите медленно движущийся снаряд, а затем сделайте быстрый выстрел, ускоряющий первый»."
"""<c=@abilitytype>Dual Wield.</c> Fire an unblockable shot at your foe, which blinds them, and then shadowstep to them for a dagger strike.""","«<c=@abilitytype>Бой на два оружия.</c> Выполните неблокируемый выстрел в противника, который ослепит его, а затем шагните к нему для удара кинжалом»."
"""<c=@abilitytype>Dual Wield.</c> Pistol whip your foe, stunning them, then slash repeatedly with your sword.""","«<c=@abilitytype>Бой на два оружия.</c> Хлестните противника из пистолета, оглушив его, а затем несколько раз нанесите удары мечом»."
"""<c=@abilitytype>Dual Wield.</c> Pistol-whip your foe, stunning them, then slash repeatedly with your sword.""","«<c=@abilitytype>Бой на два оружия.</c> Ударьте врага из пистолета, оглушив его, а затем несколько раз нанесите удары мечом»."
"""<c=@abilitytype>Dual Wield.</c> Stab your foe, then shadowstep away and shoot them. Unlock Repeater at reduced initiative cost for a short time.""","«<c=@abilitytype>Бой на два оружия.</c> Нанесите удар противнику, затем отступите и застрелите его. Разблокируйте повторитель с уменьшенной стоимостью инициативы на короткое время»."
"""<c=@abilitytype>Dual Wield.</c> Stab your foe, then shadowstep away and shoot them.""","«<c=@abilitytype>Бой на два оружия.</c> Нанесите удар противнику, затем отступите и застрелите его»."
"""<c=@abilitytype>Elixir. Transform.</c> Burst the bottle, transforming enemies.""","""<c=@abilitytype>Эликсир. Трансформация.</c> Разорвите бутылку, трансформируя врагов."""
"""<c=@abilitytype>Elixir. Transform.</c> Drink Elixir S to shrink yourself, recover from stun, and evade attacks.""","«<c=@abilitytype>Эликсир. Трансформация.</c> Выпейте эликсир S, чтобы уменьшиться, восстановиться после оглушения и уклониться от атак»."
"""<c=@abilitytype>Elixir.</c> Burst the bottle, converting conditions into boons for allies in your area.""","""<c=@abilitytype>Эликсир.</c> Взорвите бутылку, превратив состояния в дары для союзников в вашей области."""
"""<c=@abilitytype>Elixir.</c> Burst the bottle, granting allies stealth.""","""<c=@abilitytype>Эликсир.</c> Взорвите бутылку, предоставив союзникам невидимость."""
"""<c=@abilitytype>Elixir.</c> Burst the bottle, reviving allies.""","""<c=@abilitytype>Эликсир.</c> Разорвите бутылку, оживив союзников."""
"""<c=@abilitytype>Elixir.</c> Burst the orb, instantly healing nearby allies and creating an area of continual healing.""","«<c=@abilitytype>Эликсир.</c> Взрывает сферу, мгновенно исцеляя ближайших союзников и создавая область постоянного исцеления»."
"""<c=@abilitytype>Elixir.</c> Burst the orb, instantly healing your allies and creating an area of continual healing.""","«<c=@abilitytype>Эликсир.</c> Взорвите сферу, мгновенно исцеляя своих союзников и создавая область постоянного исцеления»."
"""<c=@abilitytype>Elixir.</c> Detonate Elixir U, causing it to grant allies superspeed and break them out of stun.""","""<c=@abilitytype>Эликсир.</c> Взорвите эликсир U, который дарует союзникам сверхскорость и выводит их из оглушения."""
"""<c=@abilitytype>Elixir.</c> Drink Elixir B to gain fury, might, resolution, and swiftness, then extend the duration of boons on yourself.""","«<c=@abilitytype>Эликсир.</c> Выпейте эликсир B, чтобы обрести ярость, мощь, решимость и быстроту, а затем продлите действие даров на себя»."
"""<c=@abilitytype>Elixir.</c> Drink Elixir C, converting all conditions into boons, then heal yourself per boon on you.""","«<c=@abilitytype>Эликсир.</c> Выпейте эликсир C, превращающий все состояния в дары, а затем исцелите себя за каждый дар, наложенный на вас»."
"""<c=@abilitytype>Elixir.</c> Drink Elixir C, converting all conditions into random boons.""","«<c=@abilitytype>Эликсир.</c> Выпейте эликсир C, превращающий все состояния в случайные дары»."
"""<c=@abilitytype>Elixir.</c> Drink Elixir H to heal yourself and gain protection, regeneration, and swiftness.""","«<c=@abilitytype>Эликсир.</c> Выпейте эликсир H, чтобы исцелить себя и получить протекцию, регенерацию и быстроту»."
"""<c=@abilitytype>Elixir.</c> Drink Elixir S to shrink yourself, recover from stun, and evade attacks.""","«<c=@abilitytype>Эликсир.</c> Выпейте эликсир S, чтобы уменьшиться, восстановиться после оглушения и уклониться от атак»."
"""<c=@abilitytype>Elixir.</c> Drink Elixir U, gaining quickness, stability, and vigor.""","«<c=@abilitytype>Эликсир.</c> Выпейте Эликсир U, чтобы обрести проворство, устойчивость и энергию»."
"""<c=@abilitytype>Elixir.</c> Drink Elixir X to become a rampaging brute, whirling tornado, or powerful lich. Underwater, become either a withering plague or a whirlpool.""","«<c=@abilitytype>Эликсир.</c> Выпейте эликсир X, чтобы стать неистовым зверем, кружащимся торнадо или могущественным личем. Под водой станьте либо иссушающей чумой, либо водоворотом»."
"""<c=@abilitytype>Elixir.</c> Infuse an elixir with the promise of good health, healing yourself and gaining regeneration, and then toss the elixir at the targeted area, poisoning foes. If you are in the splash area of the elixir, gain Blight.<br><br>If you are at or above the Blight threshold when you activate this skill, consume that amount of Blight to double damage and condition duration.""","«<c=@abilitytype>Эликсир.</c> Наполните эликсир, обещающий хорошее здоровье, исцеление себя и усиление регенерации, а затем бросьте эликсир в выбранную область, отравляя противников. Если вы находитесь в зоне действия эликсира, получите Сквер.<br><br>Если на момент активации этого умения вы находитесь на пороге Скверны или выше, поглотите это количество Скверны, чтобы удвоить урон и продолжительность состояния»."
"""<c=@abilitytype>Elixir.</c> Infuse the magical essence of anguish into an elixir, gaining swiftness and quickness, and then toss the elixir at the targeted area, inflicting cripple on foes. If you are in the splash area of the elixir, gain Blight.<br><br>If you are at or above the Blight threshold when you activate this skill, consume that amount of Blight to double the damage and condition duration.""","""<c=@abilitytype>Эликсир.</c> Влейте магическую сущность страдания в эликсир, получая проворство и проворство, а затем бросьте эликсир в выбранную область, нанося хромоты противникам. Если вы находитесь в зоне всплеска эликсира, получите Скверну.<br><br>Если на момент активации этого умения вы находитесь на пороге Скверны или выше, поглотите это количество Скверны, чтобы удвоить урон и состояние. продолжительность»."
"""<c=@abilitytype>Elixir.</c> Infuse the magical essence of bliss into an elixir, gaining resolution and converting conditions on yourself into life force, and then toss the elixir at the targeted area, corrupting a boon on targets into a condition. If you are in the splash area of the elixir, gain Blight.<br><br>If you are at or above the Blight threshold when you activate this skill, consume that amount of Blight to double the damage and corrupt an additional boon on targets.""","""<c=@abilitytype>Эликсир.</c> Наполните магическую сущность блаженства эликсиром, получив разрешение и преобразуя состояния на себе в жизненную силу, а затем бросьте эликсир в выбранную область, превратив благо на цели в состояние. Если вы находитесь в зоне всплеска эликсира, получите Сквер.<br><br>Если при активации этого навыка вы находитесь на пороге Скверны или выше, поглотите такое количество Скверны чтобы удвоить урон и испортить дополнительный дар целям»."
"""<c=@abilitytype>Elixir.</c> Infuse the magical essence of ignorance into an elixir, gaining resistance and breaking stuns, and then toss the elixir at the targeted area, inflicting blindness on foes. If you are in the splash area of the elixir, gain Blight.<br><br>If you are at or above the Blight threshold when you activate this skill, consume that amount of Blight to double the damage and condition duration.""","«<c=@abilitytype>Эликсир.</c> Вливайте магическую сущность невежества в эликсир, получая сопротивляемость и снимая оглушения, а затем бросайте эликсир в выбранную область, накладывая слепоту на противников. Если вы находитесь в зоне действия эликсира, получите Сквер.<br><br>Если на момент активации этого умения вы находитесь на пороге Скверны или выше, поглотите это количество Скверны, чтобы удвоить урон и продолжительность состояния»."
"""<c=@abilitytype>Elixir.</c> Infuse the magical essence of ignorance into an elixir, gaining resistance and protection and breaking stuns, and then toss the elixir at the targeted area, inflicting blindness on foes. If you are in the splash area of the elixir, gain Blight.<br><br>If you are at or above the Blight threshold when you activate this skill, consume that amount of Blight to double the damage and condition duration.""","""<c=@abilitytype>Эликсир.</c> Вливайте магическую сущность невежества в эликсир, получая сопротивляемость и протекцию и снимая оглушения, а затем бросайте эликсир в выбранную область, накладывая слепоту на противников. Если вы находитесь в области брызг эликсира, получите Сквер.<br><br>Если вы находитесь на пороге Скверны или выше его, когда активируете этот навык, поглотите такое количество Скверны, чтобы удвоить урон и состояние. продолжительность»."
"""<c=@abilitytype>Elixir.</c> Infuse the magical essence of risk into an elixir, gaining might and fury, and then toss the elixir at the targeted area, inflicting weakness on foes. If you are in the splash area of the elixir, gain Blight.<br><br>If you are at or above the Blight threshold when you activate this skill, consume that amount of Blight to double the damage and condition duration.""","«<c=@abilitytype>Эликсир.</c> Наполните эликсир магической сущностью риска, приобретая мощь и ярость, а затем бросьте эликсир в выбранную область, вызывая слабость у противников. Если вы находитесь в зоне действия эликсира, получите Сквер.<br><br>Если на момент активации этого умения вы находитесь на пороге Скверны или выше, поглотите это количество Скверны, чтобы удвоить урон и продолжительность состояния»."
"""<c=@abilitytype>Elixir.</c> Infuse your boundless ambition into an elixir, gaining every possible boon, and then toss the elixir at the targeted area, inflicting all damaging conditions on foes. If you are in the splash area of the elixir, gain Blight.<br><br>If you are at or above the Blight threshold when you activate this skill, consume that amount of Blight to double the damage and condition duration.""","«<c=@abilitytype>Эликсир.</c> Наполните свои безграничные амбиции эликсиром, получив все возможные блага, а затем бросьте эликсир в выбранную область, наложив на противников все наносящие урон состояния. Если вы находитесь в зоне действия эликсира, получите Сквер.<br><br>Если на момент активации этого умения вы находитесь на пороге Скверны или выше, поглотите это количество Скверны, чтобы удвоить урон и продолжительность состояния»."
"""<c=@abilitytype>Elixir.</c> Launch an elixir orb, healing allies on impact and creating an area of continual healing.""","«<c=@abilitytype>Эликсир.</c> Запустите сферу эликсира, исцеляющую союзников при ударе и создающую область постоянного исцеления»."
"""<c=@abilitytype>Elixir.</c> Launch an elixir orb, healing nearby allies on impact and creating an area of continual healing.""","«<c=@abilitytype>Эликсир.</c> Запустите сферу эликсира, исцеляющую ближайших союзников при ударе и создавая область постоянного исцеления»."
"""<c=@abilitytype>Elixir.</c> Leap backward, spraying an acidic elixir on the ground that damages nearby foes.""","«<c=@abilitytype>Эликсир.</c> Прыгайте назад, распыляя на землю кислотный эликсир, который наносит урон ближайшим противникам»."
"""<c=@abilitytype>Elixir.</c> Quaff an elixir, converting conditions into boons.""","""<c=@abilitytype>Эликсир.</c> Выпейте эликсир, превращающий состояния в дары."""
"""<c=@abilitytype>Elixir.</c> Quaff an elixir, gaining boons.""","""<c=@abilitytype>Эликсир.</c> Выпейте эликсир и получите дары."""
"""<c=@abilitytype>Elixir.</c> Shoot an elixir orb, healing allies when it bursts and creating an area of continual healing.""","«<c=@abilitytype>Эликсир.</c> Выстрелите сферой эликсира, исцеляя союзников, когда он взрывается, и создавая область постоянного исцеления»."
"""<c=@abilitytype>Elixir.</c> Shoot an elixir orb, healing nearby allies when it bursts and creating an area of continual healing.""","«<c=@abilitytype>Эликсир.</c> Выстрелите сферой эликсира, исцеляя ближайших союзников, когда она взрывается, и создавая область постоянного исцеления»."
"""<c=@abilitytype>Elixir.</c> Toss Elixir B at a location, granting stability and one of the following boons to allies: fury, might, or resolution.""","«<c=@abilitytype>Эликсир.</c> Бросьте эликсир B в указанное место, предоставив союзникам устойчивость и одно из следующих благ: ярость, мощь или решимость»."
"""<c=@abilitytype>Elixir.</c> Toss Elixir B at a location, granting stability and one of the following boons to allies: fury, might, resolution, or swiftness.""","«<c=@abilitytype>Эликсир.</c> Бросьте эликсир B в определенную локацию, предоставив союзникам устойчивость и одно из следующих благ: ярость, мощь, решимость или быстроту»."
"""<c=@abilitytype>Elixir.</c> Toss Elixir B to randomly grant fury, might, or swiftness to allies.""","«<c=@abilitytype>Эликсир.</c> Бросьте эликсир B, чтобы случайным образом даровать союзникам ярость, мощь или быстроту»."
"""<c=@abilitytype>Elixir.</c> Toss Elixir C, converting conditions into boons for allies.""","""<c=@abilitytype>Эликсир.</c> Выбросьте эликсир C, превращающий состояния в дары для союзников."""
"""<c=@abilitytype>Elixir.</c> Toss Elixir H to grant protection, regeneration, and vigor to allies.""","""<c=@abilitytype>Эликсир.</c> Бросьте эликсир H, чтобы дать союзникам протекцию, регенерацию и энергию."""
"""<c=@abilitytype>Elixir.</c> Toss Elixir S, granting stealth to allies in the area.""","""<c=@abilitytype>Эликсир.</c> Выбросьте эликсир S, который даст союзникам в области невидимости."""
"""<c=@abilitytype>Elixir.</c> Toss Elixir S, granting stealth to allies in the target area.""","«<c=@abilitytype>Эликсир.</c> Выбросьте эликсир S, который даст союзникам в целевой области невидимость»."
"""<c=@abilitytype>Elixir.</c> Toss Elixir U, breaking stuns on allies and granting them superspeed.""","«<c=@abilitytype>Эликсир.</c> Выбросьте эликсир U, снимающий оглушение с союзников и дарующий им сверхскорость»."
"""<c=@abilitytype>Elixir.</c> Toss your Elixir X forward. When the bottle bursts, transform enemies in the area into tuna.""","«<c=@abilitytype>Эликсир.</c> Бросьте эликсир X вперёд. Когда бутылка лопнет, превратите врагов в области в тунца»."
"""<c=@abilitytype>Elixir.</c> Toss your Elixir X, transforming enemies at the location into moas.""","«<c=@abilitytype>Эликсир.</c> Бросьте эликсир X, превратив врагов на этой локации в моа»."
"""<c=@abilitytype>Elixir.</c> Vent a healing mist, granting regeneration to yourself and allies.""","""<c=@abilitytype>Эликсир.</c> Выпустите исцеляющий туман, дарующий регенерацию вам и союзникам."""
"""<c=@abilitytype>Engage.</c> Barrel roll forward, damaging foes and healing allies that you pass though.""","«<c=@abilitytype>Вступайте в бой.</c> Бочка катится вперёд, нанося урон противникам и исцеляя союзников, мимо которых вы проходите»."
"""<c=@abilitytype>Engage.</c> Jump into the air and swoop down, crashing into nearby foes. Deal increasing damage when striking at higher speeds.""","«<c=@abilitytype>Вступайте в бой.</c> Подпрыгивайте в воздух и пикируйте вниз, врезаясь в ближайших противников. Наносите увеличивающийся урон при ударах на более высоких скоростях»."
"""<c=@abilitytype>Engage.</c> Jump into the air, spinning rapidly, and land, smashing into your foes with great force.""","«<c=@abilitytype>Вступайте в бой.</c> Прыгайте в воздух, быстро вращаясь, и приземляйтесь, с огромной силой врезаясь в своих противников»."
"""<c=@abilitytype>Engage.</c> Leap toward the target location, damaging nearby foes.""","«<c=@abilitytype>Вступить в бой.</c> Прыжок к выбранной точке, нанося урон противникам поблизости»."
"""<c=@abilitytype>Engage.</c> Pounce at your foe, damaging them and any nearby foes.""","«<c=@abilitytype>Вступайте в бой.</c> Нападайте на противника, нанося урон ему и всем противникам поблизости»."
"""<c=@abilitytype>Engage.</c> Roll forward, damaging foes that you pass through.""","«<c=@abilitytype>Вступайте в бой.</c> Перекатывайтесь вперёд, нанося урон противникам, через которых проходите»."
"""<c=@abilitytype>Engage.</c> While on land, leap into the air and breathe fire ahead of you. If in the air, descend toward the ground before attacking.""","«<c=@abilitytype>Вступайте в бой.</c> Находясь на земле, подпрыгните в воздух и выдохните огонь перед собой. Если вы находитесь в воздухе, опуститесь на землю, прежде чем атаковать»."
"""<c=@abilitytype>Exceed.</c> Charge up and fire an explosive beam of light in front of you. When activated above the heat threshold, this attack leaves behind a burning holographic field.""",«<c=@abilitytype>Превышение.</c> Зарядитесь и выпустите перед собой взрывной луч света. При активации выше порога нагрева эта атака оставляет после себя горящее голографическое поле».
"""<c=@abilitytype>Exceed.</c> Create a holographic arena that grants you boons while inside of it. When activated above the heat threshold, the radius is increased and the user is granted barrier. Allies gain boons at reduced duration.""","«<c=@abilitytype>Превышение.</c> Создайте голографическую арену, которая даёт вам блага, находясь внутри неё. При активации выше порога нагрева радиус увеличивается, и пользователю предоставляется барьер. Союзники получают дары на уменьшенную продолжительность»."
"""<c=@abilitytype>Exceed.</c> Heal yourself and chill nearby foes. If you are above the heat threshold when this skill is activated, gain Frost Aura and continue healing for a duration.""","«<c=@abilitytype>Превышение.</c> Исцелите себя и охладите ближайших противников. Если на момент активации этого умения вы находитесь выше порога нагрева, вы получаете Frost Aura и продолжаете лечение в течение некоторого времени»."
"""<c=@abilitytype>Exceed.</c> Launch your photon wall forward, causing the wall to explode when it strikes a foe, inflicting conditions on nearby enemies. When fired above the heat threshold, launch additional walls.""","«<c=@abilitytype>Превышение.</c> Запустите свою фотонную стену вперёд, заставив стену взорваться при попадании в противника, накладывая состояния на ближайших врагов. При выстреле выше порога нагрева запускайте дополнительные стены»."
"""<c=@abilitytype>Familiar Active.</c> The hare creates a burst of lightning at the target location, damaging enemies and marking them to take increased damage from your critical strikes.""","«<c=@abilitytype>Фамильяр активен.</c> Заяц создает вспышку молнии в выбранном месте, нанося урон врагам и отмечая, что они будут получать увеличенный урон от ваших критических ударов»."
"""<c=@abilitytype>Familiar Active:</c> The otter throws small orbs of water at nearby allies, healing them and granting regeneration.""","«<c=@abilitytype>Активное действие:</c> Выдра бросает небольшие шарики воды в ближайших союзников, исцеляя их и даруя регенерацию»."
"""<c=@abilitytype>Familiar.</c> Summon the fox to attack your target, inflicting burning and then spreading burning on that foe to nearby enemies.""","«<c=@abilitytype>Фамильяр.</c> Призовите лису, чтобы атаковать вашу цель, вызывая горение, а затем распространяя горение на этого противника на ближайших врагов»."
"""<c=@abilitytype>Familiar.</c> Summon the hare to shadowstep to and attack enemies around your target for critical damage. For each unique enemy struck, your next strike creates an arc of chain lightning.""","«<c=@abilitytype>Знакомо.</c> Призовите зайца, чтобы он шагнул в тень и атаковал врагов вокруг вашей цели, нанося критический урон. Для каждого пораженного уникального врага ваш следующий удар создает дугу цепной молнии»."
"""<c=@abilitytype>Familiar.</c> Summon the otter to throw a massive ball of water at the target location. When the ball lands, it heals allies in the area and removes conditions from them while stunning enemies.""","«<c=@abilitytype>Знакомо.</c> Призовите выдру, чтобы она бросила огромный шар воды в указанное место. Когда шар приземляется, он исцеляет союзников в области действия и снимает с них состояния, одновременно оглушая врагов»."
"""<c=@abilitytype>Familiar.</c> Summon the toad at your location. The toad leaps up and slams the ground, knocking down enemies and creating a rocky barrier that enemies can't cross. Allies in the area gain protection.""","«<c=@abilitytype>Знакомый.</c> Призовите жабу в вашем месте. Жаба подпрыгивает и бьёт по земле, сбивая врагов с ног и создавая каменный барьер, который враги не могут преодолеть. Союзники в этой области получают протекцию»."
"""<c=@abilitytype>Final Charge.</c> Inspire allies before and beside you, greatly enhancing their speed and strength.""","«<c=@abilitytype>Финальный рывок.</c> Вдохновляйте союзников перед вами и рядом с вами, значительно увеличивая их скорость и силу»."
"""<c=@abilitytype>Final Charge.</c> Recite the concluding passage, converting corruption into enhancements for your allies and aiding them in recovery.""","«<c=@abilitytype>Финальный рывок.</c> Прочтите заключительный отрывок, превращая порчу в улучшения для ваших союзников и помогая им восстановиться»."
"""<c=@abilitytype>Final Charge.</c> Reveal a harsh truth to enemies before and beside you, devastating them with conditions.""","«<c=@abilitytype>Финальный рывок.</c> Раскройте суровую правду врагам перед вами и рядом с вами, опустошая их состояниями»."
"""<c=@abilitytype>Final Charge.</c>Your whispers guard your allies, stabilizing and breaking stuns on them while weakening enemies.""","«<c=@abilitytype>Финальный рывок.</c>Ваш шепот охраняет ваших союзников, стабилизируя и снимая с них оглушение, одновременно ослабляя врагов»."
"""<c=@abilitytype>Finisher.</c> Strike foes in front of you and remove boons from them, then enter stealth. Remove additional boons from weakened foes.""","«<c=@abilitytype>Finisher.</c> Ударьте противников перед собой и снимите с них дары, затем войдите в невидимость. Снимите дополнительные дары с ослабленных противников»."
"""<c=@abilitytype>Finisher.</c> Strike nearby enemies, inflicting multiple conditions. Deal more damage and inflict additional conditions against controlled and immobilized foes.""","«<c=@abilitytype>Finisher.</c> Ударьте ближайших врагов, накладывая несколько состояний. Наносите больше урона и накладываете дополнительные состояния на контролируемых и обездвиженных противников»."
"""<c=@abilitytype>Gadget.</c> Activate your A.E.D., enabling the system to heal you after a brief period of time. If you take lethal damage while A.E.D. is active, it ends and heals you for a large amount and removes conditions.""","«<c=@abilitytype>Гаджет.</c> Активируйте свой A.E.D., чтобы система исцелила вас через короткий период времени. Если вы получите смертельный урон, пока активен A.E.D., он закончится, исцелит вас на большое количество и снимет состояния»."
"""<c=@abilitytype>Gadget.</c> Activate your A.E.D., enabling the system to heal you after a brief period of time. If you take lethal damage while A.E.D. is active, it ends and heals you for a large amount, grants shock aura, and removes conditions.""","«<c=@abilitytype>Гаджет.</c> Активируйте свой A.E.D., чтобы система исцелила вас через короткий промежуток времени. Если вы получите смертельный урон, пока активен A.E.D., он заканчивается и исцеляет вас на большое количество, дарует ауру шока и снимает состояния»."
"""<c=@abilitytype>Gadget.</c> Break out of stun, gaining resistance, clearing blindness, and removing damaging conditions.""","«<c=@abilitytype>Гаджет.</c> Вырваться из оглушения, получить сопротивляемость, снять слепоту и снять наносящие урон состояния»."
"""<c=@abilitytype>Gadget.</c> Fly backward, damaging foes with your rocket exhaust.""","""<c=@abilitytype>Гаджет.</c> Летите назад, нанося урон противникам выхлопом ракеты."""
"""<c=@abilitytype>Gadget.</c> Fly forward, damaging foes with your rocket exhaust. Cures immobilized, crippled, and chilled. Gain superspeed when this skill ends.""","«<c=@abilitytype>Гаджет.</c> Летите вперёд, нанося урон противникам выхлопом ракеты. Лечит обездвиженные, искалеченные и охлажденные. Получите сверхскорость, когда действие этого навыка закончится»."
"""<c=@abilitytype>Gadget.</c> Fly forward, removing movement-impairing conditions and damaging foes with your rocket exhaust. <br><c=@reminder>Movement-impairing conditions include cripple, chill, and immobilize.</c>""","""<c=@abilitytype>Гаджет.</c> Летите вперёд, снимая состояния, затрудняющие передвижение, и нанося урон противникам выхлопом ракеты. <br><c=@reminder>Состояния, затрудняющие передвижение, включают в себя нанесение увечий, охлаждение и обездвиживание.</c>"""
"""<c=@abilitytype>Gadget.</c> Gain resistance, clear blindness, and remove damaging conditions.""","«<c=@abilitytype>Гаджет.</c> Увеличивает сопротивляемость, снимает слепоту и снимает наносящие урон состояния»."
"""<c=@abilitytype>Gadget.</c> Launch a target foe with a concealed ram head. The ram explodes on contact, burning foes.""","«<c=@abilitytype>Гаджет.</c> Запустите выбранного противника с помощью скрытой головы тарана. Таран взрывается при контакте, сжигая противников»."
"""<c=@abilitytype>Gadget.</c> Spray oil behind you, knocking down foes. Break stun and gain stability. If underwater, foes entering the field are blinded and slowed.""","«<c=@abilitytype>Гаджет.</c> Распылите масло позади себя, сбивая противников с ног. Прекратите оглушение и получите устойчивость. Под водой противники, выходящие на поле боя, ослепляются и замедляются»."
"""<c=@abilitytype>Gadget.</c> Spray oil behind you, knocking down foes. If underwater, foes entering the field are blinded and slowed.""","""<c=@abilitytype>Гаджет.</c> Распрыскивайте масло позади себя, сбивая противников с ног. Под водой противники, выходящие на поле, ослепляются и замедляются""."
"""<c=@abilitytype>Gadget.</c> Throw out a remote-controlled land mine that damages, knocks back, and removes a boon from nearby foes. A second mine is planted at your location after the first lands.""","«<c=@abilitytype>Гаджет.</c> Бросьте фугас с дистанционным управлением, который наносит урон, отбрасывает назад и снимает благо с ближайших противников. Вторая мина устанавливается в вашем месте после приземления первой»."
"""<c=@abilitytype>Gadget.</c> Throw out a remote-controlled land mine that damages, knocks back, and removes a boon from nearby foes.""","«<c=@abilitytype>Гаджет.</c> Бросьте фугас с дистанционным управлением, который наносит урон, отбрасывает назад и снимает благо с ближайших противников»."
"""<c=@abilitytype>Glamour.</c> Create an area that warps time, granting you and your allies quickness while slowing enemies.""","«<c=@abilitytype>Гламур.</c> Создайте область, которая искажает время, даруя вам и вашим союзникам скорость и замедляя врагов»."
"""<c=@abilitytype>Glamour.</c> Create an area that warps time, granting you and your allies quickness. Enemies in the field are slowed.""","«<c=@abilitytype>Гламур.</c> Создайте область, которая искажает время, даруя вам и вашим союзникам скорость. Враги в поле замедляются»."
"""<c=@abilitytype>Glyph.</c> Damage and impair foes, or heal and remove conditions from allies.""","«<c=@abilitytype>Глиф.</c> Наносит урон и ослабляет противников, а также лечит и снимает состояния с союзников»."
"""<c=@abilitytype>Glyph.</c> Greatly heal yourself and your pet, while healing nearby allies for a minor amount.""","«<c=@abilitytype>Символ.</c> Отлично исцеляет себя и своего питомца, одновременно исцеляя ближайших союзников за небольшую сумму»."
"""<c=@abilitytype>Glyph.</c> Heal allies, cleanse conditions, and grant stability to allies in the area.""","""<c=@abilitytype>Глиф.</c> Исцеляет союзников, очищает состояния и дарует устойчивость союзникам в области действия."""
"""<c=@abilitytype>Glyph.</c> Tether yourself to nearby allies. Whenever you're healed, heal the tethered allies as well.""","«<c=@abilitytype>Глиф.</c> Привяжите себя к ближайшим союзникам. Всякий раз, когда вы исцеляетесь, исцеляйте и привязанных союзников»."
"""<c=@abilitytype>Glyph.</c> Tether yourself to nearby foes. Whenever you take damage, deal damage to the foes tethered to you.""","«<c=@abilitytype>Глиф.</c> Привяжите себя к противникам поблизости. Каждый раз, когда вы получаете урон, наносите урон привязанным к вам противникам»."
"""<c=@abilitytype>Glyphs</c> heal nearby allies. While in celestial avatar form, grant protection instead.""","«<c=@abilitytype>Глифы</c> исцеляют ближайших союзников. Находясь в форме небесного аватара, вместо этого предоставьте протекцию»."
"""<c=@abilitytype>Instrument.</c> Gain distortion and strum the harp, continuously healing nearby allies.<br>The harp will then consume all notes to continue playing in the background. The harp's duration is extended for each note consumed.""","«<c=@abilitytype>Инструмент.</c> Получите искажение и играйте на арфе, непрерывно исцеляя ближайших союзников.<br>Затем арфа поглотит все ноты, чтобы продолжить играть в фоновом режиме. Продолжительность арфы увеличивается с каждой проглоченной нотой»."
"""<c=@abilitytype>Instrument.</c> Perform with your lute, sending out damaging sound waves toward an enemy and healing tones toward allies.<br>The lute will then consume all notes to continue playing in the background. The lute's duration is extended for each note consumed.""","«<c=@abilitytype>Инструмент.</c> Играйте на лютне, посылая разрушительные звуковые волны в сторону врага и исцеляющие звуки в сторону союзников.<br>Затем лютня поглотит все ноты, чтобы продолжить играть в фоновом режиме. Продолжительность работы лютни увеличивается с каждой проглоченной нотой»."
"""<c=@abilitytype>Instrument.</c> Play an enchanting tune with the flute, confusing enemies in front of you. Enemies in the center of the music will be dazed.<br>The flute will then consume all notes to continue playing in the background. The flute's duration is extended for each note consumed.""","""<c=@abilitytype>Инструмент.</c> Сыграйте на флейте очаровательную мелодию, сбивая с толку врагов перед вами. Враги в центре музыки будут ошеломлены.<br>Затем флейта поглотит все ноты, чтобы продолжить играть в фоновом режиме. Продолжительность флейты увеличивается с каждой проглоченной нотой."""
"""<c=@abilitytype>Instrument.</c> Slam the drum to release a percussive shock wave, disabling enemies. The strength of the disable increases the closer an enemy is.<br>The drum will then consume all notes to continue playing in the background. The drum's duration is extended for each note consumed.""","""<c=@abilitytype>Инструмент.</c> Ударьте по барабану, чтобы выпустить ударную волну, выводящую врагов из строя. Сила отключения увеличивается по мере приближения врага.<br>Затем барабан поглотит все ноты, чтобы продолжить играть в фоновом режиме. Продолжительность работы барабана увеличивается с каждой прочитанной нотой."""
"""<c=@abilitytype>Kneel.</c> Create a barrier of shadows that blocks incoming missiles. For a short period of time, gain access to Death's Advance while kneeling.""","«<c=@abilitytype>На колено.</c> Создайте барьер теней, блокирующий летящие снаряды. На короткий период времени получите доступ к «Наступлению смерти», стоя на коленях»."
"""<c=@abilitytype>Kneel.</c> Shadowstep forward while granting yourself stealth. While standing within Sniper's Cover, shadowstep to any position within range instead.""","«<c=@abilitytype>На колено.</c> Сделайте шаг в тень вперёд, обеспечив себе невидимость. Находясь в укрытии снайпера, вместо этого сделайте шаг в любую позицию в пределах досягаемости»."
"""<c=@abilitytype>Kneel.</c> Stop kneeling and move freely. If you used at least one kneel skill, gain swiftness.""","«<c=@abilitytype>На колено.</c> Перестаньте стоять на коленях и передвигайтесь свободно. Если вы использовали хотя бы один навык стояния на коленях, получите быстроту»."
"""<c=@abilitytype>Legendary Alliance.</c> Become the Urn of Saint Viktor, taking continuous damage while healing nearby allies. You take reduced damage while in this state, but you cannot be healed.""","«<c=@abilitytype>Legendary Alliance.</c> Станьте Урной Святого Виктора, получая непрерывный урон и исцеляя ближайших союзников. В этом состоянии вы получаете меньший урон, но вас нельзя исцелить»."
"""<c=@abilitytype>Legendary Alliance.</c> Break stun and attack nearby enemies, gaining stability for each target struck.""","«<c=@abilitytype>Legendary Alliance.</c> Прерывайте оглушение и атакуйте ближайших врагов, получая устойчивость за каждую пораженную цель»."
"""<c=@abilitytype>Legendary Alliance.</c> Call upon the spirit of Archemorus to hurl his spear at your foe, dealing significant damage.""","«<c=@abilitytype>Legendary Alliance.</c> Призовите дух Архемора, чтобы он метнул копьё в вашего врага, нанеся значительный урон»."
"""<c=@abilitytype>Legendary Alliance.</c> Channel your rage into the nearby area, healing and empowering yourself for each enemy struck.""","«<c=@abilitytype>Legendary Alliance.</c> Направьте свою ярость в близлежащую область, исцеляя и усиливая себя за каждого пораженного врага»."
"""<c=@abilitytype>Legendary Alliance.</c> Evade backward, granting boons to allies.""","«<c=@abilitytype>Legendary Alliance.</c> Уклоняйтесь назад, даруя союзникам блага»."
"""<c=@abilitytype>Legendary Alliance.</c> Grant regeneration and cleanse conditions from allies in the targeted area, healing them for each condition removed. Gain endurance for each affected ally, and gain additional endurance for each condition removed.""","«<c=@abilitytype>Legendary Alliance.</c> Предоставляет регенерацию и очищает союзников в выбранной области, исцеляя их за каждое снятое состояние. Получите выносливость за каждого затронутого союзника и получите дополнительную выносливость за каждое снятое состояние»."
"""<c=@abilitytype>Legendary Alliance.</c> Lunge forward, damaging foes and gaining might for each target struck.""","«<c=@abilitytype>Legendary Alliance.</c> Сделайте выпад вперёд, нанося урон противникам и увеличивая мощь за каждую пораженную цель»."
"""<c=@abilitytype>Legendary Alliance.</c> Unleash your rage at foes in the area, gaining boons and endurance for each foe struck.""","«<c=@abilitytype>Legendary Alliance.</c> Обрушьте свою ярость на врагов в области, получая дары и выносливость за каждого пораженного врага»."
"""<c=@abilitytype>Legendary Assassin.</c> Call upon the Jade Wind to turn nearby enemies into jade, stunning them for a short duration.""","«<c=@abilitytype>Легендарный ассасин.</c> Призовите Нефритовый ветер, чтобы превратить ближайших врагов в нефрит, оглушив их на короткое время»."
"""<c=@abilitytype>Legendary Assassin.</c> Dodge backward through the Mists. Remove movement-impairing conditions, and gain fury.""","«<c=@abilitytype>Легендарный ассасин.</c> Уклоняйтесь назад сквозь туман. Удалите состояния, затрудняющие передвижение, и получите ярость»."
"""<c=@abilitytype>Legendary Assassin.</c> Empower yourself with Shiro's incredible speed and destructive prowess, gaining great movement speed and striking foes an additional time when you hit them. <c=@reminder>This effect can occur once per interval.</c>""","«<c=@abilitytype>Легендарный ассасин.</c> Наделите себя невероятной скоростью и разрушительным мастерством Широ, увеличивая скорость передвижения и нанося врагам дополнительный удар при ударе. <c=@reminder>Этот эффект может срабатывать один раз за интервал.</c>»"
"""<c=@abilitytype>Legendary Assassin.</c> Summon enchanted daggers that will attack as you attack, siphoning life from targets hit.""","«<c=@abilitytype>Легендарный ассасин.</c> Призывает зачарованные кинжалы, которые будут атаковать при вашей атаке, вытягивая жизнь из пораженных целей»."
"""<c=@abilitytype>Legendary Centaur.</c> Collect energy, pulling it into the tablet to build up its power. After a short delay the energy will be released, healing nearby allies. <br><br>If this skill is empowered, healing is increased and endurance is granted to affected allies.""","«<c=@abilitytype>Легендарный кентавр.</c> Собирайте энергию, втягивая её в скрижаль, чтобы увеличить её силу. После небольшой задержки энергия будет высвобождаться, исцеляя ближайших союзников. <br><br>Если этот навык усилен, исцеление увеличивается, а затронутым союзникам предоставляется выносливость»."
"""<c=@abilitytype>Legendary Centaur.</c> Force energy to erupt from the tablet, knocking down nearby foes and healing nearby allies. <br><br>If this skill is empowered, grant stability to allies near the tablet.""","«<c=@abilitytype>Легендарный кентавр.</c> Заставляет энергию извергаться из скрижали, сбивая с ног ближайших противников и исцеляя ближайших союзников. <br><br>Если это умение усилено, дайте устойчивость союзникам рядом со скрижалью»."
"""<c=@abilitytype>Legendary Centaur.</c> Remove conditions from allies near the tablet, and heal them for a small amount per condition removed. <br><br>If this skill is empowered, remove additional conditions from allies.""","«<c=@abilitytype>Легендарный кентавр.</c> Снимайте состояния с союзников рядом с табличкой и исцеляйте их на небольшую сумму за каждое снятое состояние. <br><br>Если это умение усилено, снимайте с союзников дополнительные состояния»."
"""<c=@abilitytype>Legendary Centaur.</c> Summon a protective barrier around the tablet that blocks enemy projectiles. <br><br>If this skill is empowered, it also grants protection to allies around the tablet.""","«<c=@abilitytype>Легендарный кентавр.</c> Создает вокруг скрижали защитный барьер, блокирующий вражеские снаряды. <br><br>Если это умение усилено, оно также обеспечивает протекцию союзникам вокруг скрижали»."
"""<c=@abilitytype>Legendary Demon.</c> Deal damage, apply chill, and remove boons from your foe.""","«<c=@abilitytype>Легендарный демон.</c> Наносит урон, применяет охлаждение и снимает дары с противника»."
"""<c=@abilitytype>Legendary Demon.</c> Grant resistance to yourself and nearby allies. Absorb conditions from those allies, gaining resolution and additional resistance per condition.""","«<c=@abilitytype>Легендарный демон.</c> Предоставляет сопротивляемость себе и ближайшим союзникам. Поглощает состояния этих союзников, получая разрешение и дополнительное сопротивляемость за каждое состояние»."
"""<c=@abilitytype>Legendary Dragon. Consume.</c> Consume Facet of Chaos, releasing chaotic winds damaging and knocking back foes while granting superspeed to allies. Facet of Chaos will be disabled while this skill is recharging.""","«<c=@abilitytype>Легендарный дракон. Поглощение.</c> Поглотите Facet of Chaos, выпуская хаотические ветры, наносящие урон и отбрасывая противников, одновременно предоставляя союзникам сверхскорость. Во время перезарядки этого навыка Facet of Chaos будет отключена»."
"""<c=@abilitytype>Legendary Dragon. Consume.</c> Consume Facet of Darkness to reveal the area around you, pulling foes out of stealth and blinding them.""","«<c=@abilitytype>Легендарный дракон. Поглощение.</c> Поглотите грань тьмы, чтобы раскрыть область вокруг себя, выведя противников из состояния невидимости и ослепив их»."
"""<c=@abilitytype>Legendary Dragon. Consume.</c> Consume Facet of Nature to unify allies, granting them your boons. Facet of Nature will be disabled while this skill is recharging.""","«<c=@abilitytype>Легендарный дракон. Поглощение.</c> Поглотите «Гранит природы», чтобы объединить союзников и предоставить им свои дары. «Гранит природы» будет отключен, пока этот навык перезаряжается»."
"""<c=@abilitytype>Legendary Dragon. Consume.</c> Consume Facet of Strength, granting increased damage for successful hits. Facet of Strength will be disabled while this skill is recharging.""","«<c=@abilitytype>Легендарный дракон. Поглощение.</c> Поглотите Facet of Strength, увеличивая урон при успешных ударах. Аспект силы будет отключен во время перезарядки этого навыка»."
"""<c=@abilitytype>Legendary Dwarf.</c> Create a stone road that damages and weakens foes as it's created. Once it's created it will pulse, granting stability to allies.""","«<c=@abilitytype>Легендарный гном.</c> Создайте каменную дорогу, которая наносит урон и ослабляет противников при её создании. После создания она будет пульсировать, обеспечивая союзникам устойчивость»."
"""<c=@abilitytype>Legendary Dwarf.</c> Invoke hammers to circle around you, damaging foes.""","«<c=@abilitytype>Легендарный дворф.</c> Призывайте молоты, которые будут кружить вокруг вас, нанося урон противникам»."
"""<c=@abilitytype>Legendary Dwarf.</c> Launch a chain at your target. When the chain connects with a foe, it slows and taunts them. You take less damage from taunted foes.""","«<c=@abilitytype>Легендарный дворф.</c> Запустите цепь в свою цель. Когда цепь соединяется с противником, она замедляет и насмехается над ним. Вы получаете меньше урона от насмехающихся противников»."
"""<c=@abilitytype>Legendary Dwarf.</c> Launch a chain at your target. When the chain connects with a foe, it slows and taunts them.""","«<c=@abilitytype>Легендарный дворф.</c> Запустите цепь в свою цель. Когда цепь касается противника, она замедляет и насмехается над ним»."
"""<c=@abilitytype>Legendary Renegade.</c> Summon Centurion Jas Razorclaw from the Mists to strike nearby enemies and enhance the attacks of your allies.<br><br><c=@abilitytype>Band Together.</c> After using this skill, your next <c=@abilitytype>Legendary Renegade</c> skill activates instantly and is enhanced. When this skill is enhanced it also inflicts torment on enemies that it strikes.""","«<c=@abilitytype>Легендарный ренегат.</c> Призовите центуриона Джаса Острого Когтя из Тумана, чтобы поразить ближайших врагов и усилить атаки ваших союзников.<br><br><c=@abilitytype>Объединитесь.</c> После использования этого навыка ваш следующий навык <c=@abilitytype>Легендарный ренегат</c> активируется мгновенно и усиливается. Когда этот навык усиливается, он также причиняет боли врагам, находящимся на его пути. удары»."
"""<c=@abilitytype>Legendary Renegade.</c> Summon Era Breakrazor to heal your allies while shielding them from condition damage.<br><br><c=@abilitytype>Band Together.</c> After using this skill, your next <c=@abilitytype>Legendary Renegade</c> skill activates instantly and is enhanced. When this skill is enhanced, it also grants barrier to nearby allies.""","«<c=@abilitytype>Легендарный ренегат.</c> Призовите Era Breakrazor, чтобы исцелить своих союзников и защитить их от урона от состояний.<br><br><c=@abilitytype>Объединитесь.</c> После использования этого навыка ваш следующий навык <c=@abilitytype>Легендарный отступник</c> активируется мгновенно и усиливается. Когда этот навык усиливается, он также создает барьер для ближайших союзников»."
"""<c=@abilitytype>Legendary Renegade.</c> Summon Kus Darkrazor to disrupt your enemies.<br><br><c=@abilitytype>Band Together.</c> After using this skill, your next <c=@abilitytype>Legendary Renegade</c> skill activates instantly and is enhanced. When this skill is enhanced it also grants resistance to nearby allies.""","«<c=@abilitytype>Легендарный ренегат.</c> Призовите Куса Тёмную Бритву, чтобы разрушить ваших врагов.<br><br><c=@abilitytype>Объединитесь вместе.</c> После использования этого навыка ваш следующий навык <c=@abilitytype>Легендарный ренегат</c> активируется мгновенно и усиливается. Когда этот навык усиливается, он также даёт сопротивляемость ближайшим союзникам»."
"""<c=@abilitytype>Legendary Renegade.</c> Summon Lieutenant Ofela Soulcleave to grant your allies' strikes incredible bloodthirst, inflicting damage and restoring health. Soulcleave will also strike enemies and heal allies in the area when you use a <c=@abilitytype>Legendary Renegade</c> skill.<br><c=@reminder>Lieutenant Soulcleave can only empower players to siphon life once per interval, and this does not benefit nonplayers.</c>""","«<c=@abilitytype>Легендарный ренегат.</c> Призовите лейтенанта Офелу Раскалывание души, чтобы придать ударам ваших союзников невероятную кровожадность, нанося урон и восстанавливая здоровье. Раскалывание душ также будет поражать врагов и исцелять союзников в области, когда вы используете навык <c=@abilitytype>Легендарный ренегат</c>.<br><c=@reminder>Лейтенант Раскалывание душ может только один раз за интервал, и это не приносит пользы неигрокам.</c>"""
"""<c=@abilitytype>Legendary Renegade.</c> Summon Visk Icerazor from the Mists to magically bombard your enemies with debilitating conditions.<br><br><c=@abilitytype>Band Together.</c> After using this skill, your next <c=@abilitytype>Legendary Renegade</c> skill activates instantly and is enhanced. When this skill is enhanced it also inflicts chilled on enemies that it strikes.""","«<c=@abilitytype>Легендарный ренегат.</c> Призовите Виска Ледяную бритву из Тумана, чтобы магически бомбардировать врагов изнурительными состояниями.<br><br><c=@abilitytype>Объединитесь.</c> После использования этого навыка ваш следующий навык <c=@abilitytype>Легендарный отступник</c> активируется мгновенно и усиливается. Когда этот навык усиливается, он также накладывает заморозку на врагов, которых он поражает»."
"""<c=@abilitytype>Manipulation.</c> Give allies Illusion of Life at the target location, allowing them to get up from downed state and keep fighting. Fully revives allies if they kill a foe.""","«<c=@abilitytype>Манипуляция.</c> Даёт союзникам иллюзию жизни в выбранном месте, позволяя им подняться из состояния упадка и продолжить бой. Полностью оживляет союзников, если они убивают врага»."
"""<c=@abilitytype>Manipulation.</c> Give allies Illusion of Vengeance at the target location, allowing them to get up from downed and keep fighting.""","«<c=@abilitytype>Манипуляция.</c> Дайте союзникам иллюзию мести в выбранном месте, что позволит им подняться после падения и продолжить бой»."
"""<c=@abilitytype>Manipulation.</c> Reflect projectiles, and heal yourself.""",«<c=@abilitytype>Манипулирование.</c> Отражайте снаряды и исцеляйте себя».
"""<c=@abilitytype>Manipulation.</c> The next utility skill you use has significantly reduced recharge, and Mimic's recharge is increased by the original recharge of the affected skill.<br><c=@reminder>Mimic's recharge cannot be reset by other mesmer skills.</c>""","""<c=@abilitytype>Манипулирование.</c> Перезарядка следующего служебного навыка, который вы используете, значительно уменьшена, а перезарядка Мимика увеличивается на исходную перезарядку затронутого навыка.<br><c=@reminder>Перезарядка Мимика не может быть сброшена другими навыками месмера.</c>"""
"""<c=@abilitytype>Mantra.</c> Chant the ritual of cleansing, removing conditions and speeding recovery.<br><c=@reminder>The final charge of this skill is more powerful.</c>""","""<c=@abilitytype>Мантра.</c> Повторите ритуал очищения, снятия состояний и ускорения выздоровления.<br><c=@reminder>Последний заряд этого навыка более мощный.</c>"""
"""<c=@abilitytype>Mantra.</c> Meditate, charging a spell that will break stuns and grant stability to nearby allies. Grant boons to nearby allies when this spell fully charges.""","«<c=@abilitytype>Mantra.</c> Медитируйте, заряжая заклинание, которое снимает оглушение и дарует устойчивость ближайшим союзникам. Даруйте блага ближайшим союзникам, когда это заклинание полностью заряжается»."
"""<c=@abilitytype>Mantra.</c> Meditate, charging a spell that will cure conditions for you and nearby allies. Cure conditions on yourself and nearby allies when this spell is fully charged.""","«<c=@abilitytype>Mantra.</c> Медитируйте, заряжая заклинание, которое излечит вас и ближайших союзников. Излечите себя и ближайших союзников, когда это заклинание будет полностью заряжено»."
"""<c=@abilitytype>Mantra.</c> Meditate, charging a spell that will damage your target. Grant might to nearby allies when this spell is fully charged.""","«<c=@abilitytype>Mantra.</c> Медитируйте, заряжая заклинание, которое нанесет урон вашей цели. Даруйте мощь ближайшим союзникам, когда это заклинание полностью заряжено»."
"""<c=@abilitytype>Mantra.</c> Meditate, charging a spell that will daze your target. Shatter skill 3's recharge time is partially refunded when this spell fully charges.""","«<c=@abilitytype>Mantra.</c> Медитируйте, заряжая заклинание, которое ошеломит вашу цель. Время перезарядки умения Shatter 3 частично возмещается, когда это заклинание полностью заряжается»."
"""<c=@abilitytype>Mantra.</c> Meditate, charging a spell that will instantly heal you when activated. Heal yourself and nearby allies when this spell fully charges.""","«<c=@abilitytype>Mantra.</c> Медитируйте, заряжая заклинание, которое мгновенно исцелит вас при активации. Исцелите себя и ближайших союзников, когда это заклинание полностью зарядится»."
"""<c=@abilitytype>Mark.</c> Inscribe a mark that bleeds foes when they trigger it, and grants regeneration to allies.""","""<c=@abilitytype>Метка.</c> Нанесите метку, которая кровоточит противникам при её срабатывании и дарует регенерацию союзникам."""
"""<c=@abilitytype>Mark.</c> Inscribe a mark that chills foes when they trigger it, and leaves a poisonous area.""","""<c=@abilitytype>Метка.</c> Нанесите метку, которая охлаждает противников, когда они её активируют, и оставляет ядовитую область."""
"""<c=@abilitytype>Mech Command.</c> Fire a rapid volley of jade energy bolts from both arms, piercing through all enemies.""","«<c=@abilitytype>Механическое командование.</c> Выпустите быстрый залп нефритовых энергетических разрядов из обеих рук, пронзая всех врагов»."
"""<c=@abilitytype>Mech Command.</c> Order your mech to dash at a target, punching with an explosive strike that weakens enemies near the point of impact.""","«<c=@abilitytype>Команда меха.</c> Прикажите своему меху броситься к цели, нанеся взрывной удар, ослабляющий врагов вблизи точки удара»."
"""<c=@abilitytype>Mech Command.</c> Slam at the target with both cutters, inflicting severe bleeding to enemies in the area.""","«<c=@abilitytype>Механическое командование.</c> Ударьте по цели обоими резцами, вызывая сильное кровотечение у врагов в области действия»."
"""<c=@abilitytype>Mech Command.</c> Your mech removes conditions, breaks stuns, and grants boons to itself and nearby allies.<br><br><c=@reminder>The mech does not count against the target count for this skill.</c>""","""<c=@abilitytype>Команда меха.</c> Ваш механизм снимает состояния, снимает оглушение и дарует блага себе и ближайшим союзникам.<br><br><c=@reminder>Механизм не учитывается при подсчёте целей для этого навыка.</c>"""
"""<c=@abilitytype>Meditation.</c> Block incoming attacks, then strike nearby enemies with shattering rocks. Grant protection to nearby allies if this skill completes successfully. If earth is your specialized element, this skill grants resistance to allies and breaks stun.""","«<c=@abilitytype>Медитация.</c> Блокируйте входящие атаки, а затем поражайте ближайших врагов разрушающимися камнями. При успешном выполнении этого навыка предоставьте протекцию союзникам поблизости. Если земля — ваш специализированный элемент, это умение даёт союзникам сопротивляемость и снимает оглушение»."
"""<c=@abilitytype>Meditation.</c> Focus, making yourself invulnerable and recharging your virtues.""","«<c=@abilitytype>Медитация.</c> Сосредоточьтесь, сделайте себя неуязвимым и перезарядите свои добродетели»."
"""<c=@abilitytype>Meditation.</c> Gain endurance and swiftness. Your next few strikes create an arc of chain lightning. If air is your specialized element, this skill breaks stun and grants blur.""","«<c=@abilitytype>Медитация.</c> Получите выносливость и быстроту. Ваши следующие несколько ударов создают дугу цепной молнии. Если воздух — ваш специализированный элемент, этот навык снимает оглушение и даёт размытие»."
"""<c=@abilitytype>Meditation.</c> Grant boons to nearby allies, then inflict burning on your target based on the amount of might you have. If fire is your specialized element, this skill breaks stun, grants additional boons, and strikes enemies around your target.""","«<c=@abilitytype>Медитация.</c> Даруйте блага ближайшим союзникам, а затем вызывайте горение вашей цели в зависимости от количества вашей мощи. Если огонь — ваш специализированный элемент, этот навык снимает оглушение, даёт дополнительные блага и поражает врагов вокруг вашей цели»."
"""<c=@abilitytype>Meditation.</c> Heal yourself. For a brief time, heal yourself based on a percentage of damage dealt to enemies.""","«<c=@abilitytype>Медитация.</c> Исцелите себя. На короткое время исцелите себя в зависимости от процента урона, нанесенного врагам»."
"""<c=@abilitytype>Meditation.</c> Remove conditions from nearby allies while granting them boons and increasing their incoming healing for a duration. If water is your specialized element, this skill breaks stun for nearby allies.""","«<c=@abilitytype>Медитация.</c> Снимайте состояния с ближайших союзников, одновременно предоставляя им блага и увеличивая получаемое ими исцеление на некоторое время. Если вода — ваш специализированный элемент, этот навык снимает оглушение с ближайших союзников»."
"""<c=@abilitytype>Meditation.</c> Shadowstep to an ally in the targeted area and heal around them. If no ally is present in the targeted area, this ability will not shadowstep.""","«<c=@abilitytype>Медитация.</c> Шаг в тень к союзнику в выбранной области и исцеление вокруг него. Если в выбранной области нет союзника, эта способность не будет выполнять шаг в тень»."
"""<c=@abilitytype>Meditation.</c> Strike foes around you, and remove their boons. Deal more damage to foes that lose a boon.""","«<c=@abilitytype>Медитация.</c> Наносите удары противникам вокруг себя и снимайте их дары. Наносите больше урона противникам, потерявшим дар»."
"""<c=@abilitytype>Meditation.</c> Taunt nearby foes, gaining adrenaline and barrier for each affected foe.""","«<c=@abilitytype>Медитация.</c> Насмехайтесь над противниками поблизости, получая адреналин и барьер за каждого пораженного врага»."
"""<c=@abilitytype>Melee.</c> Hurl your weapon at your foe. If you are in close range, swing your weapon at them instead. Striking a foe reduces the cooldown of Abyssal Raze once per skill use.""","«<c=@abilitytype>Ближний бой.</c> Метните оружие в противника. Если вы находитесь на близком расстоянии, вместо этого нанесите на него оружие. Нанесение удара по противнику сокращает время восстановления способности «Бездонное разрушение» один раз за каждое использование навыка»."
"""<c=@abilitytype>Morph.</c> Grow protective spikes, damaging nearby enemies. For a short duration, the spikes react when you are struck, damaging nearby enemies again.""","«<c=@abilitytype>Преобразование.</c> Выращивайте защитные шипы, наносящие урон ближайшим врагам. В течение короткого времени шипы реагируют на ваш удар, снова нанося урон ближайшим врагам»."
"""<c=@abilitytype>Morph.</c> Launch cutting disks at your enemies, piercing enemies in their path. Enemies struck are crippled; if an enemy is struck by all three disks, they are immobilized.""","«<c=@abilitytype>Трансформация.</c> Запускайте режущие диски в своих врагов, пронзая врагов на их пути. Пораженные враги становятся калеками; если враг поражен всеми тремя дисками, он обездвиживается»."
"""<c=@abilitytype>Morph.</c> Spin around a hunk of metal, then finish with a forward smash.""","«<c=@abilitytype>Трансформация.</c> Развернитесь вокруг куска металла, а затем нанесите удар вперёд»."
"""<c=@abilitytype>Morph.</c> Thrust forward with a spike, piercing the defense of your foe.""","""<c=@abilitytype>Трансформация.</c> Выбросьте вперёд шип, пробив защиту вашего врага."""
"""<c=@abilitytype>Overload.</c> Create a surge of accumulated water magic, healing and cleansing allies. When the cast ends, heal the area and apply regeneration.<br><c=@reminder>Using this skill causes the attunement to have a longer recharge.</c>""","""<c=@abilitytype>Перегрузка.</c> Создайте волну накопленной магии воды, исцеляя и очищая союзников. Когда заклинание заканчивается, исцелите область и примените регенерацию.<br><c=@reminder>Использование этого навыка приводит к более длительной перезарядке настройки.</c>"""
"""<c=@abilitytype>Overload.</c> Ride your stored earth magic around, granting protection to other allies you move over and crippling enemies, then deliver a final immobilizing blast of power to the area, leaving behind a dust cyclone that delivers the same effects as the overload.<br><c=@reminder>Using this skill causes the attunement to have a longer recharge.</c>""","""<c=@abilitytype>Перегрузка.</c> Используйте накопленную магию земли, предоставляя протекцию другим союзникам, над которыми вы перемещаетесь, и нанося вред врагам, а затем нанесите последний обездвиживающий заряд энергии в область, оставляя после себя пылевой вихрь, который обеспечивает те же эффекты, что и перегрузка.<br><c=@reminder>Использование этого навыка приводит к более длительной перезарядке настройки.</c>"""
"""<c=@abilitytype>Overload.</c> Unleash your flames, granting might to allies and burning enemies. Finishing the cast creates a tornado that continues to grant might and burn foes.<br><c=@reminder>Using this skill causes the attunement to have a longer recharge.</c>""","""<c=@abilitytype>Перегрузка.</c> Высвободите свое пламя, наделяя союзников мощью и сжигая врагов. Завершение заклинания создает торнадо, которое продолжает наделять мощью и сжигать врагов.<br><c=@reminder>Использование этого умения приводит к более длительной перезарядке настройки.</c>"""
"""<c=@abilitytype>Overload.</c> Use your air magic to summon a nimbus that repeatedly strikes nearby enemies. When this ability is complete, imbue your allies with electricity and create a lingering static region that strikes enemies at the same interval.<br><c=@reminder>Using this skill causes the attunement to have a longer recharge.</c>""","""<c=@abilitytype>Перегрузка.</c> Используйте свою магию воздуха, чтобы вызвать нимб, который неоднократно поражает ближайших врагов. Когда эта способность будет завершена, наполните своих союзников электричеством и создайте продолжительную статическую область, которая поражает врагов с одинаковым интервалом.<br><c=@reminder>Использование этого навыка приводит к более длительной перезарядке настройки.</c>"""
"""<c=@abilitytype>Phantasm.</c> Block incoming attacks for a short duration. If this skill fully channels, summon a phantasm that slows enemies and grants protection to allies. If an attack is blocked, Deja Vu is usable for a short time and the phantasm is summoned immediately.""","«<c=@abilitytype>Фантазм.</c> Блокируйте входящие атаки на короткое время. Если этот навык полностью поддерживает, вызовите фантом, который замедляет врагов и обеспечивает протекцию союзникам. Если атака заблокирована, Дежа Вю можно использовать в течение короткого времени, и фантом вызывается немедленно»."
"""<c=@abilitytype>Phantasm.</c> Block incoming attacks for a short duration. If this skill fully channels, summon a phantasm that slows enemies and grants protection to allies. If an attack is blocked, the phantasm is summoned immediately.""","«<c=@abilitytype>Фантазм.</c> Блокируйте входящие атаки на короткое время. Если этот навык полностью поддерживает, вызовите фантом, который замедляет врагов и даёт протекцию союзникам. Если атака заблокирована, фантом вызывается немедленно»."
"""<c=@abilitytype>Phantasm.</c> Create a phantasm that attacks your target and creates a defensive bubble, protecting itself and allies from projectiles.""","«<c=@abilitytype>Фантазм.</c> Создайте фантом, который атакует вашу цель и создает защитный пузырь, защищающий себя и союзников от снарядов»."
"""<c=@abilitytype>Phantasm.</c> Create a phantasm that shoots a bullet at your target, stunning them.""","«<c=@abilitytype>Фантазм.</c> Создайте фантом, который стреляет в вашу цель пулей, оглушая её»."
"""<c=@abilitytype>Phantasm.</c> Create a phantasm that throws axes at nearby targets and creates a defensive bubble, protecting itself and allies from projectiles.""","«<c=@abilitytype>Фантазм.</c> Создайте фантом, который бросает топоры в ближайшие цели и создает защитный пузырь, защищающий себя и союзников от снарядов»."
"""<c=@abilitytype>Phantasm.</c> Perform a sword strike and create an illusion that attacks your foe. If the sword strike hits, you gain might.""","«<c=@abilitytype>Фантазм.</c> Выполните удар мечом и создайте иллюзию, которая атакует вашего врага. Если удар мечом попадает в цель, вы получаете мощь»."
"""<c=@abilitytype>Phantasm.</c> Strike and burn nearby foes. Create an illusion that releases a massive wave of fire that burns, confuses, and interrupts foes.""","«<c=@abilitytype>Фантазм.</c> Наносите удары и поджигайте противников поблизости. Создайте иллюзию, выпускающую огромную волну огня, которая сжигает, сбивает с толку и прерывает противников»."
"""<c=@abilitytype>Phantasm.</c> Summon a phantasmal rogue that deals increased damage from behind. If the rogue hits, the recharge of this skill is reduced.""","«<c=@abilitytype>Фантазм.</c> Призывает призрачного разбойника, который наносит увеличенный урон сзади. Если разбойник попадает, перезарядка этого умения уменьшается»."
"""<c=@abilitytype>Phantasm.</c> Summon an illusion that taunts your target and all nearby targets while blocking. When it finishes blocking, the illusion explodes, dealing increased damage for each attack it blocked.""","«<c=@abilitytype>Фантазм.</c> Призывает иллюзию, которая насмехается над вашей целью и всеми ближайшими целями во время блока. Когда блокировка завершается, иллюзия взрывается, нанося увеличенный урон за каждую заблокированную атаку»."
"""<c=@abilitytype>Phantasm.</c> Throw an illusionary greatsword at your foe, removing boons from struck enemies. Create a phantasm that whirls through foes.""","«<c=@abilitytype>Фантазм.</c> Бросьте в противника иллюзорный большой меч, снимая дары с пораженных врагов. Создайте фантом, который кружится сквозь врагов»."
"""<c=@abilitytype>Physical.</c> Break stun and dodge backward, blinding foes and gaining resistance. Then, gain access to Quick Retribution.""","«<c=@abilitytype>Физическое.</c> Прерывайте оглушение и уклоняйтесь назад, ослепляя противников и получая сопротивляемость. Затем получите доступ к быстрому возмездию»."
"""<c=@abilitytype>Physical.</c> Evade attacks, then shadowstep and slam the ground, knocking down your targeted foe, finishing them if there are no other enemy players nearby. Foes that aren't targeted are knocked back instead.""","«<c=@abilitytype>Физическое.</c> Уклоняйтесь от атак, затем шагайте в тень и ударяйте по земле, сбивая выбранного противника с ног и добивая его, если поблизости нет других вражеских игроков. Вместо этого враги, которые не являются целью, отбрасываются назад»."
"""<c=@abilitytype>Physical.</c> Fire a dazing dagger at your enemy. If this ability interrupts a skill, gain initiative and a temporary damage increase.""","«<c=@abilitytype>Физическое.</c> Выстрелите в врага ошеломляющим кинжалом. Если эта способность прерывает действие навыка, вы получаете инициативу и временно увеличиваете урон»."
"""<c=@abilitytype>Physical.</c> Fling multiple daggers at a single enemy, inflicting conditions.""","«<c=@abilitytype>Физическое.</c> Бросайте несколько кинжалов в одного врага, накладывая состояния»."
"""<c=@abilitytype>Physical.</c> Guard yourself with light, negating the next incoming strike and healing you instead, even if the strike would have been lethal. If an effect causes damage that would be lethal, that damage will be negated and you will be healed instead. If no attacks or lethal damage are negated, you will be healed for the lowest set amount.""","«<c=@abilitytype>Физическое.</c> Защитите себя светом, блокируя следующий входящий удар и вместо этого исцеляя вас, даже если удар мог бы быть смертельным. Если эффект причиняет смертельный урон, этот урон будет отменен, и вместо этого вы будете исцелены. Если ни одна атака или смертельный урон не будут отменены, вы будете исцелены на наименьшее установленное количество»."
"""<c=@abilitytype>Physical.</c> Lunge forward and perform a whirlwind kick, weakening and burning any foes left in your wake.""","«<c=@abilitytype>Физическое.</c> Сделайте выпад вперёд и нанесите вихревой удар ногой, ослабляя и сжигая всех противников, оставшихся на вашем пути»."
"""<c=@abilitytype>Physical.</c> Shadowstep to your target and strike at them multiple times. If the skill completes without being interrupted, gain access to Repose.""","«<c=@abilitytype>Физическое.</c> Шагните в тень к своей цели и ударьте её несколько раз. Если умение завершится без прерывания, получите доступ к Repose»."
"""<c=@abilitytype>Physical.</c> Strike your enemy multiple times. If all attacks hit, gain access to Palm Strike.""","«<c=@abilitytype>Физическое.</c> Ударьте врага несколько раз. Если все атаки попали в цель, получите доступ к Удару ладонью»."
"""<c=@abilitytype>Physical.</c> Strike your foe once to deal massive damage and stun them, marking your target with a Pulmonary Impact.""","«<c=@abilitytype>Физическое.</c> Ударьте врага один раз, чтобы нанести огромный урон и оглушить его, отметив вашу цель Легочным ударом»."
"""<c=@abilitytype>Physical.</c> Take the form of a massive juggernaut, reducing the damage you take and the duration of incoming movement-impeding conditions.""","«<c=@abilitytype>Физическое.</c> Примите форму огромного джаггернаута, уменьшая получаемый вами урон и продолжительность наступающих состояний, затрудняющих движение»."
"""<c=@abilitytype>Preparation.</c> Mark your current area with controlling magic, readying the location to crush enemies when Pitfall is released.""","«<c=@abilitytype>Подготовка.</c> Отметьте текущую область управляющей магией, подготавливая её к сокрушению врагов, когда будет выпущена ловушка»."
"""<c=@abilitytype>Preparation.</c> Mark your current area with inhibiting magic, readying the location to poison enemies.""","«<c=@abilitytype>Подготовка.</c> Отметьте текущую область подавляющей магией, подготавливая её к отравлению врагов»."
"""<c=@abilitytype>Preparation.</c> Mark your current area with shadow magic, which can be detonated.""","«<c=@abilitytype>Подготовка.</c> Отметьте текущую область теневой магией, которую можно взорвать»."
"""<c=@abilitytype>Preparation.</c> Mark your current area with stifling magic, readying the location to seal enemies in.""","«<c=@abilitytype>Подготовка.</c> Отметьте текущую область удушающей магией, подготавливая её для запечатывания врагов»."
"""<c=@abilitytype>Primal Burst.</c> Fire a fast, flaming shot that explodes on the first foe it hits, interrupting foes in the area.""","«<c=@abilitytype>Первобытный всплеск.</c> Выпустите быстрый пламенный выстрел, который взрывается в первом же противнике, в которого попадет, прерывая действия противников в области действия»."
"""<c=@abilitytype>Primal Burst.</c> Fire a fast, forceful shot that immobilizes and burns foes.""","«<c=@abilitytype>Первобытный всплеск.</c> Выполните быстрый и мощный выстрел, обездвиживающий и сжигающий противников»."
"""<c=@abilitytype>Primal Burst.</c> Gather your strength into a powerful attack. If it hits, gain might and recharge this skill.""","«<c=@abilitytype>Первобытный всплеск.</c> Соберите свои силы для мощной атаки. Если она попадет, вы получите мощь и перезарядите этот навык»."
"""<c=@abilitytype>Primal Burst.</c> Jump to the targeted location and slam your hammer down, creating a deadly chain of earthen shock waves that immobilize and daze foes.""","«<c=@abilitytype>Первобытный всплеск.</c> Прыгните в указанное место и ударьте молотом, создавая смертоносную цепь земляных ударных волн, которые обездвиживают и ошеломляют противников»."
"""<c=@abilitytype>Primal Burst.</c> Slam your staff on the ground, sending a shock wave forward that damages and immobilizes enemies while inspiring nearby allies, healing and granting regeneration to them.""","«<c=@abilitytype>Первобытный всплеск.</c> Ударьте посохом по земле, отправив вперёд ударную волну, которая наносит урон и обездвиживает врагов, одновременно вдохновляя ближайших союзников, исцеляя и даруя им регенерацию»."
"""<c=@abilitytype>Primal Burst.</c> Slice nearby enemies, removing boons and gaining adrenaline per boon removed. Deal more damage if your target has no boons.""","«<c=@abilitytype>Первобытный всплеск.</c> Разрезайте ближайших врагов, снимая дары и получая адреналин за каждый снятый дар. Наносите больше урона, если у вашей цели нет даров»."
"""<c=@abilitytype>Primal Burst.</c> Strike all foes around you, burning and pulling them in.""","«<c=@abilitytype>Первобытный всплеск.</c> Поразите всех противников вокруг себя, поджигая и притягивая их к себе»."
"""<c=@abilitytype>Psionic.</c> Create a storm of blades that attacks a large area, damaging and applying vulnerability to targets.""","«<c=@abilitytype>Псионика.</c> Создайте бурю клинков, которая атакует большую площадь, нанося урон целям и делая их уязвимыми»."
"""<c=@abilitytype>Psionic.</c> Drop a massive blade on a location, immobilizing enemies. This attack deals increased damage against controlled, downed, or defiant foes. <c=@reminder>Does bonus defiance-bar damage to defiant foes.</c><br><c=@reminder>Controls include stun, daze, knockback, pull, knockdown, sink, float, launch, taunt, and fear.</c>""","""<c=@abilitytype>Псионика.</c> Бросайте массивный клинок в локацию, обездвиживая врагов. Эта атака наносит увеличенный урон против контролируемых, поверженных или непокорных противников. <c=@reminder>Наносит дополнительный урон неповиновению непокорным противникам.</c><br><c=@reminder>Управление включает оглушение, ошеломление, отбрасывание, притягивание, опрокидывание, погружение, плавание, запуск, насмешку и страх.</c>"""
"""<c=@abilitytype>Psionic.</c> Heal yourself, lose conditions, and throw two blades at your target. If the first blade hits, you gain aegis. If the second blade hits, you gain vigor.""","«<c=@abilitytype>Псионика.</c> Исцелите себя, сбросьте состояния и бросьте в цель два клинка. Если первый клинок попадает, вы получаете эгиду. Если второй клинок попадает, вы получаете энергию»."
"""<c=@abilitytype>Punishment.</c> Breach into the realm of torment for a brief time, granting might to allies and slowing enemies. Convert a boon on enemies into torment each pulse.""","«<c=@abilitytype>Наказание.</c> Ворвитесь в царство боли на короткое время, наделяя союзников мощью и замедляя врагов. Превратите дар врагов в боль с каждым импульсом»."
"""<c=@abilitytype>Punishment.</c> Plunge into the ground, creating a portal through Tyria for allied use. Grant allies using this passage a health barrier. Convert a boon on nearby enemies into torment.""","«<c=@abilitytype>Наказание.</c> Нырните в землю, создав портал через Тирию для использования союзниками. Дайте союзникам, использующим этот проход, барьер здоровья. Превратите благо на ближайших врагах в боль»."
"""<c=@abilitytype>Punishment.</c> Unleash a ghostly serpent toward a targeted area. Upon arriving, the serpent will burst into sand, granting barrier and boons to nearby allies and poisoning enemies. Convert a boon from struck enemies into torment.""","«<c=@abilitytype>Наказание.</c> Выпустите призрачную змею в указанную область. По прибытии змея взорвется в песок, предоставив барьер и дары ближайшим союзникам и отравив врагов. Превратите благо от пораженных врагов в боль»."
"""<c=@abilitytype>Rage.</c> Gain adrenaline, an attack-speed boost, and access to primal burst skills.""","«<c=@abilitytype>Ярость.</c> Получите адреналин, повышение скорости атаки и доступ к первобытным взрывным навыкам»."
"""<c=@abilitytype>Rage.</c> Heal yourself, gain adrenaline, and recharge all primal burst skills. Heal for a percentage of your outgoing damage. This skill extends the duration of berserk mode.""","«<c=@abilitytype>Ярость.</c> Исцелите себя, получите адреналин и перезарядите все первичные взрывные навыки. Исцелитесь на процент от вашего исходящего урона. Этот навык продлевает продолжительность режима берсерка»."
"""<c=@abilitytype>Rage.</c> Leap to a location, dealing damage and inflicting conditions on all foes in the area. Extends the duration of berserk mode if it hits.""","«<c=@abilitytype>Ярость.</c> Прыгайте в локацию, нанося урон и накладывая состояния на всех противников в области. Продлевает продолжительность режима берсерка при попадании»."
"""<c=@abilitytype>Rage.</c> Summon a rock that blocks attacks, then shatter it to send out rock fragments that inflict bleeding on all foes in front of you. Extends the duration of berserk mode if it hits.""","«<c=@abilitytype>Ярость.</c> Призовите камень, который блокирует атаки, а затем разбейте его, чтобы разослать фрагменты камня, вызывающие кровотечение у всех противников перед вами. Продлевает продолжительность режима берсерка, если он попадает»."
"""<c=@abilitytype>Ranged.</c> Hurl your weapon at your foe. If you are in close range, swing your weapon at them instead. Striking a foe reduces the cooldown of Abyssal Raze once per skill use.""","«<c=@abilitytype>Дальний бой.</c> Метните оружие в противника. Если вы находитесь на близком расстоянии, вместо этого размахивайте им оружием. Нанесение удара по противнику сокращает время восстановления способности «Бездна» один раз за использование навыка»."
"""<c=@abilitytype>Rapacious Strain.</c> While evolved, strike foes an additional time when you hit them.""","«<c=@abilitytype>Хищный штамм.</c> Пока вы развиты, наносите врагам дополнительный удар при ударе»."
"""<c=@abilitytype>Shade.</c> Enter the desert shroud, gaining a powerful barrier and pulsing necrotic energy around your sand shades.<br><c=@reminder>Targets affected by this ability can only be affected once per pulse.</c>""","""<c=@abilitytype>Тень.</c> Войдите в пустынный покров, получив мощный барьер и пульсируя некротическую энергию вокруг своих песчаных теней.<br><c=@reminder>Цели, на которые действует эта способность, могут быть затронуты только один раз за импульс.</c>"""
"""<c=@abilitytype>Shade.</c> Enter the final shroud, pulsing barrier to allies around yourself and priming the shroud for a powerful detonation that damages enemies and bolsters allies.<br><c=@reminder>Targets can only be affected by the detonation once per activation.</c>""","""<c=@abilitytype>Тень.</c> Войдите в последнюю пелену, создав пульсирующий барьер для союзников вокруг себя и подготавливая её для мощного взрыва, который наносит урон врагам и укрепляет союзников.<br><c=@reminder>Цели могут быть затронуты детонацией только один раз за активацию.</c>"""
"""<c=@abilitytype>Shatter.</c> All your clones and phantasms shatter, firing exploding blades at their targets.""","«<c=@abilitytype>Осколки.</c> Все ваши клоны и фантомы разбиваются, стреляя в свои цели взрывающимися клинками»."
"""<c=@abilitytype>Shatter.</c> Destroy all your clones and phantasms, gaining alacrity for each one shattered.""","«<c=@abilitytype>Осколки.</c> Уничтожьте все свои клоны и фантомы, получая проворство за каждого разбитого»."
"""<c=@abilitytype>Shatter.</c> Destroy all your clones, confusing nearby foes and recharging this skill for each clone shattered.""","«<c=@abilitytype>Осколки.</c> Уничтожьте всех своих клонов, сбивая с толку ближайших противников и перезаряжая этот навык за каждого разбитого клона»."
"""<c=@abilitytype>Shatter.</c> Destroy all your clones, confusing nearby foes. The shatter effect also occurs at your location.""","«<c=@abilitytype>Осколки.</c> Уничтожьте всех своих клонов, сбивая с толку противников поблизости. Эффект разрушения также возникает в вашем местоположении»."
"""<c=@abilitytype>Shatter.</c> Destroy all your clones, damaging nearby foes. Strikes again after a delay.<br><c=@reminder>Shatter traits only affect the first strike of this skill.</c>""","«<c=@abilitytype>Осколки.</c> Уничтожьте всех своих клонов, нанося урон противникам поблизости. Наносит повторный удар после задержки.<br><c=@reminder>Тракты «Раскол» влияют только на первый удар этого умения.</c>»"
"""<c=@abilitytype>Shatter.</c> Destroy all your clones, damaging nearby foes. The shatter effect also occurs at your location.""","«<c=@abilitytype>Осколки.</c> Уничтожьте всех своих клонов, нанося урон противникам поблизости. Эффект разрушения также возникает в вашем местоположении»."
"""<c=@abilitytype>Shatter.</c> Destroy all your clones, dazing and slowing their targets.""","«<c=@abilitytype>Осколки.</c> Уничтожьте всех своих клонов, ошеломляя и замедляя их цели»."
"""<c=@abilitytype>Shatter.</c> Destroy all your clones, dazing their targets. The shatter effect also occurs at your location.""","«<c=@abilitytype>Осколки.</c> Уничтожьте всех своих клонов, ошеломив их цели. Эффект разрушения также возникает в вашем местоположении»."
"""<c=@abilitytype>Shatter.</c> Gain distortion and destroy all your clones, gaining additional distortion for each one shattered.""","«<c=@abilitytype>Осколки.</c> Получите искажение и уничтожьте все свои клоны, получая дополнительное искажение за каждого разрушенного»."
"""<c=@abilitytype>Shout.</c> Damage foes around you and gain boons. Inflict conditions on struck foes, and gain boons per foe struck. Deal additional damage and gain additional boons when striking foes within melee range.""","«<c=@abilitytype>Крик.</c> Наносите урон противникам вокруг себя и получайте блага. Накладывайте состояния на пораженных противников и получайте блага за каждого пораженного противника. Наносите дополнительный урон и получаете дополнительные блага, нанося удары по противникам в радиусе ближнего боя»."
"""<c=@abilitytype>Shout.</c> Damage foes around you, converting their boons into vulnerability. Your next few attacks become unblockable. Deal additional damage and gain additional unblockable attacks when striking foes within melee range.""","«<c=@abilitytype>Крик.</c> Наносите урон противникам вокруг себя, превращая их дары в уязвимость. Ваши следующие несколько атак становятся неблокируемыми. Наносите дополнительный урон и получайте дополнительные неблокируемые атаки, нанося удары по противникам в радиусе ближнего боя»."
"""<c=@abilitytype>Shout.</c> Freeze all enemies around you, inflicting conditions on them. Gain boons for each foe you freeze. Deal additional damage and increased stun duration and gain additional boons when striking foes in melee range.""","«<c=@abilitytype>Крик.</c> Заморозьте всех врагов вокруг себя, наложив на них состояния. Получите бонусы за каждого замороженного врага. Наносите дополнительный урон и увеличиваете продолжительность оглушения, а также получаете дополнительные бонусы, нанося удары по противникам в ближнем бою»."
"""<c=@abilitytype>Shout.</c> Heal yourself, gain life force, and strike foes around you, absorbing additional life force from each foe struck. Deal additional damage and gain bonus life force when striking foes in melee range.""","«<c=@abilitytype>Крик.</c> Исцеляйте себя, получайте жизненную силу и наносите удары противникам вокруг себя, поглощая дополнительную жизненную силу от каждого пораженного противника. Наносите дополнительный урон и получаете дополнительную жизненную силу, нанося удары противникам в ближнем бою»."
"""<c=@abilitytype>Shout.</c> Heat waves blast out from the player, causing damage and granting fire aura to allies.""","«<c=@abilitytype>Крик.</c> От игрока исходят тепловые волны, нанося урон и даруя союзникам огненную ауру»."
"""<c=@abilitytype>Shout.</c> Imbue your voice with the element of air, massively increasing speed and breaking stun for nearby allies.""","«<c=@abilitytype>Крик.</c> Наполните свой голос элементом воздуха, значительно увеличивая скорость и снимая оглушение ближайших союзников»."
"""<c=@abilitytype>Shout.</c> Mists billow from you, healing allies in range and cleansing conditions.""","«<c=@abilitytype>Крик.</c> От вас исходит туман, исцеляющий союзников в радиусе действия и очищающий состояния»."
"""<c=@abilitytype>Shout.</c> Shout and infuse your allies with arcane energy. Allies who would take lethal damage while this is active ignore the deathblow and are healed instead. If the effect expires naturally, grant an aura based on your current attunement.""","«<c=@abilitytype>Крик.</c> Кричите и наделяйте своих союзников тайной энергией. Союзники, которые могут получить смертельный урон, пока этот эффект активен, игнорируют смертельный удар и вместо этого исцеляются. Если эффект истекает естественным образом, даруйте ауру, основанную на вашей текущей настройке»."
"""<c=@abilitytype>Shout.</c> Unleash a torrent of ice on enemy locations, chilling those who cannot escape. Grant frost aura to allies in range.""","«<c=@abilitytype>Крик.</c> Выпустите поток льда на вражеские локации, замораживая тех, кто не может убежать. Даруйте морозную ауру союзникам в радиусе действия»."
"""<c=@abilitytype>Shroud. Spirit.</c> Create a powerful blast that damages enemies in the area, then summon a Spirit of Wanderlust at that location. Wanderlust knocks down enemies and creates a lingering area that deals damage and inflicts conditions.""","«<c=@abilitytype>Shroud. Spirit.</c> Создайте мощный взрыв, наносящий урон врагам в области действия, а затем призовите в этом месте Духа жажды странствий. Страсть к путешествиям сбивает врагов с ног и создает длительную область, которая наносит урон и накладывает состояния»."
"""<c=@abilitytype>Shroud. Spirit.</c> Grant boons to nearby allies, then summon a spirit of preservation. Preservation will unleash a burst of energy, healing and removing conditions from nearby allies.""","«<c=@abilitytype>Shroud. Spirit.</c> Даруйте блага ближайшим союзникам, а затем призовите дух сохранения. Сохранение высвободит прилив энергии, исцеляющий и снимающий состояния с ближайших союзников»."
"""<c=@abilitytype>Shroud. Spirit.</c> Mark an enemy to take more damage from your summoned creatures, then summon a spirit of anguish. Anguish fires a barrage of projectiles that deal increased damage against crowd-controlled enemies and for each condition on those enemies.""","«<c=@abilitytype>Shroud. Spirit.</c> Отметьте врага, чтобы он получил больше урона от призванных вами существ, а затем вызовите духа тоски. Мука выпускает шквал снарядов, которые наносят увеличенный урон врагам, контролируемым толпой, и за каждое состояние этих врагов»."
"""<c=@abilitytype>Shroud.</c> Begin binding nearby enemies with your life force, pulsing out conditions; they can break this binding if they get far enough away from you. Bound foes are immobilized if the binding finishes.""","«<c=@abilitytype>Shroud.</c> Начните связывать ближайших врагов своей жизненной силой, создавая пульсирующие состояния; они могут разорвать эту связь, если отойдут достаточно далеко от вас. Связанные враги обездвиживаются, если связывание заканчивается»."
"""<c=@abilitytype>Shroud.</c> Cleave foes around you, gaining life force for each foe struck. This skill inherits traits from Life Blast.""","«<c=@abilitytype>Shroud.</c> Рассекайте врагов вокруг себя, получая жизненную силу за каждого пораженного противника. Этот навык унаследовал черты Life Blast»."
"""<c=@abilitytype>Shroud.</c> Deliver a powerful overhand strike to stun a single target, dealing increased damage the lower their health. Leaves behind an ice field.""","«<c=@abilitytype>Shroud.</c> Нанесите мощный удар сверху, чтобы оглушить одну цель, нанося тем больший урон, чем ниже её здоровье. Оставляет после себя ледяное поле»."
"""<c=@abilitytype>Shroud.</c> Send out a claw. If it hits a foe, it inflicts bleeding and chill on nearby foes and you may cast Dark Pursuit to shadowstep to the initial target.""","«<c=@abilitytype>Shroud.</c> Выпустите коготь. Если он попадает в противника, он вызывает кровотечение и заморозку у ближайших противников, и вы можете использовать Dark Pursuit, чтобы шагнуть в тень к первоначальной цели»."
"""<c=@abilitytype>Shroud.</c> Shroud yourself with dark armor that grants stability and reduces incoming damage. While the armor is active, you may reactivate this skill to inflict fear on foes around you.""","«<c=@abilitytype>Shroud.</c> Защитите себя тёмной броней, которая придает устойчивость и уменьшает входящий урон. Пока броня активна, вы можете повторно активировать этот навык, чтобы наводить страх на противников вокруг вас»."
"""<c=@abilitytype>Shroud.</c> Slide forward, destroying projectiles in your path. Blind foes at your destination. This skill inherits traits from Dark Path.""","«<c=@abilitytype>Shroud.</c> Скользите вперёд, уничтожая снаряды на своем пути. Ослепляйте врагов в пункте назначения. Этот навык унаследовал черты Тёмного пути»."
"""<c=@abilitytype>Shroud.</c> Spin and damage nearby foes, and inflict a condition each strike.""","«<c=@abilitytype>Shroud.</c> Вращайтесь и наносите урон противникам поблизости, а также накладывайте состояние при каждом ударе»."
"""<c=@abilitytype>Signet Passive:</c> Grants 25%% increased movement speed to you and your pet.<br><c=@abilitytype>Signet Active:</c> Attacks from you and your pet become unblockable, and you both gain superspeed.""","«<c=@abilitytype>Печать (пассивно):</c> Увеличивает скорость передвижения вас и вашего питомца на 25%%.<br><c=@abilitytype>Печать (активно):</c> Атаки вас и вашего питомца становятся неблокируемыми, и вы оба получаете сверхскорость»."
"""<c=@abilitytype>Signet Passive:</c> Grants adrenaline while in combat.<br><c=@abilitytype>Signet Active:</c> Gain fury, might, and swiftness.""","«<c=@abilitytype>Печать (пассивно):</c> даёт адреналин во время боя.<br><c=@abilitytype>Печать (активно):</c> даёт ярость, мощь и быстроту»."
"""<c=@abilitytype>Signet Passive:</c> Improves power.<br><c=@abilitytype>Signet Active:</c> Inflict bleeding, blindness, crippled, poison, vulnerability, and weakness on your foe.""","«<c=@abilitytype>Печать (пассивно):</c> Увеличивает силу.<br><c=@abilitytype>Печать (активно):</c> Наносит противнику кровотечение, слепоту, калеку, яд, уязвимость и слабость»."
"""<c=@abilitytype>Signet Passive:</c> Incoming strike and condition damage is reduced.<br><c=@abilitytype>Signet Active:</c> Create a projectile-blocking dome around yourself. You and allies inside the dome gain barrier every second. If your mech is active, the dome is centered on it and is larger. <br><br><c=@reminder>The mech does not count against the target count for this skill.</c>""","«<c=@abilitytype>Печать (пассивно):</c> Входящий удар и урон от состояния уменьшены.<br><c=@abilitytype>Печать (активно):</c> Создайте вокруг себя купол, блокирующий снаряды. Вы и союзники внутри купола получаете барьер каждую секунду. Если ваш механизм активен, купол сосредоточен на нем и больше. <br><br><c=@reminder>Механизм не учитывается при подсчёте целей для этого навыка.</c>»"
"""<c=@abilitytype>Signet Passive:</c> Increases condition damage dealt.<br><c=@abilitytype>Signet Active:</c> Creates a damaging field around you that applies conditions to nearby foes. If your mech is active, the field instead radiates from and follows the mech.""","«<c=@abilitytype>Печать (пассивно):</c> Увеличивает наносимый урон от состояний.<br><c=@abilitytype>Печать (активно):</c> Создает вокруг вас поле повреждения, которое накладывает состояния на ближайших противников. Если ваш механизм активен, поле вместо этого исходит от механизма и следует за ним»."
"""<c=@abilitytype>Signet Passive:</c> Periodically heal allies in an area around you while in combat.<br><c=@abilitytype>Signet Active:</c> Channel healing and boons in a large area around you, concluding with a large heal if this skill is not interrupted.""","«<c=@abilitytype>Печать (пассивно):</c> Периодически лечит союзников в области вокруг вас во время боя.<br><c=@abilitytype>Печать (активно):</c> Направляет исцеление и дары на большую область вокруг вас, завершаясь большим исцелением, если этот навык не прерван»."
"""<c=@abilitytype>Signet Passive:</c> Reduces duration of incoming stuns, dazes, fears, and taunts.<br><c=@abilitytype>Signet Active:</c> Transform your foe into a moa bird.<br><c=@reminder>(Defiant foes will have their defiant bar reduced instead.)</c>""","""<c=@abilitytype>Печать (пассивно):</c> Уменьшает продолжительность входящих оглушений, ошеломлений, страхов и насмешек.<br><c=@abilitytype>Печать (активно):</c> Превратите вашего противника в птицу моа.<br><c=@reminder>(Вместо этого у непокорных противников будет уменьшена полоса неповиновения.)</c>"""
"""<c=@abilitytype>Signet Passive:</c> Reduces recharge of other signets.<br><c=@abilitytype>Signet Active:</c> Order your mech to fire its ultimate weapon, the jade buster cannon. If your mech is not present, instead your mech is summoned, even if Crash Down is on cooldown.""","«<c=@abilitytype>Печать (пассивно):</c> Уменьшает перезарядку других печатей.<br><c=@abilitytype>Печать (активно):</c> Прикажите своему меху запустить свое главное оружие, нефритовую пушку. Если вашего механизма нет, вместо него вызывается ваш механизм, даже если Crash Down находится на перезарядке»."
"""<c=@abilitytype>Signet Passive:</c> Regenerate health.<br><c=@abilitytype>Signet Active:</c> Heal yourself, and grant yourself resistance.""",«<c=@abilitytype>Печать (пассивно):</c> восстанавливает здоровье.<br><c=@abilitytype>Печать (активно):</c> исцеляет себя и даёт себе сопротивляемость».
"""<c=@abilitytype>Signet.</c> You and your pet grow larger, dealing more damage and gaining stability.""","«<c=@abilitytype>Печать.</c> Вы и ваш питомец становитесь больше, наносите больше урона и получаете устойчивость»."
"""<c=@abilitytype>Signets</c> have improved active effects, and activating one grants you distortion.""","«<c=@abilitytype>Печатки</c> имеют улучшенные активные эффекты, и их активация даёт вам искажение»."
"""<c=@abilitytype>Spectral.</c> Assume the form of a lich for a brief time, improving your precision and vitality. Gain life force when this skill ends.<br><c=@reminder>Entering this form removes other spectral effects.</c>""","""<c=@abilitytype>Спектральный.</c> Примите на короткое время форму лича, повысив свою точность и живучесть. Получите жизненную силу, когда этот навык закончится.<br><c=@reminder>Вход в эту форму удаляет другие спектральные эффекты.</c>"""
"""<c=@abilitytype>Spectral.</c> Create a shadowy tether and become spectral, consuming conditions for life force. You may return to your initial position by using Spectral Recall.""","«<c=@abilitytype>Спектральный.</c> Создайте тёмную привязь и станьте призрачным, поглощающим жизненную силу. Вы можете вернуться в исходное положение, используя Spectral Recall»."
"""<c=@abilitytype>Spectral.</c> Pull target foe and all nearby foes to you, chill them, and gain life force.""","«<c=@abilitytype>Спектральный.</c> Притяните выбранного противника и всех ближайших противников к себе, охладите их и получите жизненную силу»."
"""<c=@abilitytype>Spirit Weapon.</c> Command the Shield of the Avenger to form a protective dome, and then shatter, flying out to weaken nearby foes.""","«<c=@abilitytype>Духовное оружие.</c> Прикажите Щиту Мстителя сформировать защитный купол, а затем разбиться и вылететь, ослабив ближайших противников»."
"""<c=@abilitytype>Spirit.</c> Summon a frost spirit at a target location and apply resistance to nearby allies. The spirit will slam the ground and then shake, granting boons to nearby allies.</c>""","""<c=@abilitytype>Дух.</c> Вызовите духа мороза в выбранном месте и окажите сопротивляемость ближайшим союзникам. Дух ударит по земле, а затем сотрясется, даруя блага ближайшим союзникам.</c>"""
"""<c=@abilitytype>Spirit.</c> Summon a spirit at a target point and convert conditions on allies into boons. The spirit will slam the ground and then shake, granting boons to nearby allies.</c>""","""<c=@abilitytype>Дух.</c> Вызовите дух в целевой точке и преобразуйте состояния союзников в дары. Дух ударит по земле, а затем сотрясется, даруя дары ближайшим союзникам.</c>"""
"""<c=@abilitytype>Spirit.</c> Summon a stone spirit at a target location and apply aegis to nearby allies. The spirit will slam the ground and then shake, granting boons to nearby allies.</c>""","""<c=@abilitytype>Дух.</c> Вызовите каменного духа в выбранном месте и примените эгиду к ближайшим союзникам. Дух ударит по земле, а затем сотрясется, даруя блага ближайшим союзникам.</c>"""
"""<c=@abilitytype>Spirit.</c> Summon a storm spirit at a target location and apply vulnerability to nearby enemies. The spirit will slam the ground and then shake, granting boons to nearby allies.</c>""","""<c=@abilitytype>Дух.</c> Вызовите духа бури в выбранном месте и наложите уязвимость на ближайших врагов. Дух ударит по земле, а затем сотрясется, даруя блага ближайшим союзникам.</c>"""
"""<c=@abilitytype>Spirit.</c> Summon a sun spirit at a target location and apply blindness to nearby enemies. The spirit will slam the ground and then shake, granting boons to nearby allies.</c>""","""<c=@abilitytype>Дух.</c> Вызовите солнечного духа в выбранном месте и наложите слепоту на ближайших врагов. Дух ударит по земле, а затем сотрясется, даруя блага ближайшим союзникам.</c>"""
"""<c=@abilitytype>Spirit.</c> Summon a water spirit at a target location and heal yourself and your pet. The spirit will slam the ground and then shake, granting boons to nearby allies.</c>""","""<c=@abilitytype>Дух.</c> Вызовите духа воды в указанном месте и исцелите себя и своего питомца. Дух ударит по земле, а затем сотрясется, даруя блага ближайшим союзникам.</c>"""
"""<c=@abilitytype>Squall.</c> Release a massive tornado, launching enemies it strikes as it travels. When the tornado reaches its destination, it will persist for a period, dealing damage to enemies inside of it.""","«<c=@abilitytype>Шквал.</c> Выпустите огромный торнадо, запуская врагов, которых он поражает, на своем пути. Когда торнадо достигает пункта назначения, он будет существовать некоторое время, нанося урон врагам внутри него»."
"""<c=@abilitytype>Squall.</c> Summon a current of chilling northern air. Projectiles that pass through the current become frozen, chilling and dealing additional damage to enemies.""","«<c=@abilitytype>Шквал.</c> Вызывает поток леденящего северного воздуха. Снаряды, проходящие через поток, замораживаются, охлаждая и нанося дополнительный урон врагам»."
"""<c=@abilitytype>Squall.</c> Wind swells around you, knocking back nearby enemies and reflecting incoming projectiles.""","«<c=@abilitytype>Шквал.</c> Вокруг вас нарастает ветер, отбрасывая ближайших врагов и отражая летящие снаряды»."
"""<c=@abilitytype>Stance.</c> Break stun for nearby allies and enter a defensive stance, taking reduced damage.""","«<c=@abilitytype>Стойка.</c> Прервите оглушение ближайших союзников и займите защитную стойку, получая меньший урон»."
"""<c=@abilitytype>Stance.</c> Break stun, then spin and briefly evade attacks and remove movement-impairing conditions. While this stance is active, you cannot be inflicted with those conditions.""","«<c=@abilitytype>Стойка.</c> Прекратите оглушение, затем развернитесь и ненадолго уклонитесь от атак и снимите состояния, затрудняющие движение. Пока эта стойка активна, на вас не могут быть наложены эти состояния»."
"""<c=@abilitytype>Stance.</c> Break stun, then spin and briefly evade attacks.""","""<c=@abilitytype>Стойка.</c> Прервите оглушение, затем развернитесь и ненадолго уклонитесь от атак."""
"""<c=@abilitytype>Stance.</c> Channel the prime elements at their core, dealing damage based on your current attunements. Fully attuning deals the same condition twice.""","«<c=@abilitytype>Стойка.</c> Направьте основные элементы в их ядро, нанося урон в зависимости от ваших текущих настроек. Полная настройка наносит одно и то же состояние дважды»."
"""<c=@abilitytype>Stance.</c> Enter a stance that causes you to deal more damage, then strike nearby enemies to daze them.""","""<c=@abilitytype>Стойка.</c> Примите стойку, которая позволит вам нанести больше урона, а затем ударьте ближайших врагов, чтобы ошеломить их""."
"""<c=@abilitytype>Stance.</c> Enter a stance that causes you to heal allies when you grant them boons, then grant boons to nearby allies.""","«<c=@abilitytype>Стойка.</c> Введите стойку, которая позволит вам исцелять союзников, когда вы даруете им блага, а затем даровать блага ближайшим союзникам»."
"""<c=@abilitytype>Stance.</c> Enter a stance that heals when you remove conditions from yourself, then heal nearby allies and remove conditions from them.""","«<c=@abilitytype>Стойка.</c> Введите стойку, которая исцеляется, когда вы снимаете с себя состояния, затем лечите ближайших союзников и снимаете с них состояния»."
"""<c=@abilitytype>Stance.</c> Enter an earthen state, gaining barrier periodically over the course of the stance. While the stance is active, protection on you is more effective.""","«<c=@abilitytype>Стойка.</c> Войдите в земляное состояние, периодически получая барьер в течение всей стойки. Пока стойка активна, протекция на вас более эффективна»."
"""<c=@abilitytype>Stance.</c> Enter an earthen state, gaining barrier periodically over the course of the stance.""","""<c=@abilitytype>Стойка.</c> Войдите в земное состояние, периодически получая барьер в ходе стойки."""
"""<c=@abilitytype>Stance.</c> Flow like water, gaining endurance. While this stance is active, restore some endurance when you dodge.""","«<c=@abilitytype>Стойка.</c> Течь, как вода, повышая выносливость. Пока эта стойка активна, вы восстанавливаете часть выносливости, когда уклоняетесь»."
"""<c=@abilitytype>Stance.</c> For a period of time, you forego your weaver training, choosing to fully attune to elements instead. Gain boons based on your primary attunement, and reduce all attunement cooldowns.""","«<c=@abilitytype>Стойка.</c> На какое-то время вы отказываетесь от обучения ткачу, предпочитая вместо этого полностью настраиваться на стихии. Получайте дары в зависимости от вашей основной настройки и сокращайте время восстановления всех настроек»."
"""<c=@abilitytype>Stance.</c> Gain quickness, fury, and swiftness. Gain might when you use a <c=@abilitytype>Dual Attack</c>.""","«<c=@abilitytype>Стойка.</c> Получите проворство, ярость и быстроту. Получите мощь, когда используете <c=@abilitytype>Двойную атаку</c>»."
"""<c=@abilitytype>Stance.</c> Grant barrier and light aura to nearby allies, then enter a stance that charges up a burst of light when striking or struck by enemies. The burst of light dazes enemies if fully charged.""","«<c=@abilitytype>Стойка.</c> Предоставляет барьер и световую ауру ближайшим союзникам, а затем принимает позицию, которая заряжает вспышку света при ударе или ударе врага. Всплеск света ошеломляет врагов, если он полностью заряжен»."
"""<c=@abilitytype>Stance.</c> Heal yourself and your pet. Lose conditions while in this stance, healing for each condition lost.""","«<c=@abilitytype>Стойка.</c> Исцелите себя и своего питомца. Снимайте состояния, находясь в этой стойке, исцеляясь за каждое потерянное состояние»."
"""<c=@abilitytype>Stance.</c> Leap into the air as you command your body to compact, stunning enemies upon landing. Gain stability and increase your outgoing stun durations for a duration.""","«<c=@abilitytype>Стойка.</c> Подпрыгивайте в воздух, приказывая своему телу сжиматься, оглушая врагов при приземлении. Получите устойчивость и увеличьте длительность исходящего оглушения на какое-то время»."
"""<c=@abilitytype>Stance.</c> Leap to an area, tethering nearby enemies and empowering allies. Tethered enemies are revealed and take additional damage from your attacks and are stunned if they move beyond the range threshold.""","«<c=@abilitytype>Стойка.</c> Прыгайте в область, связывая ближайших врагов и усиливая союзников. Привязанные враги обнаруживаются и получают дополнительный урон от ваших атак, а также оглушаются, если выходят за пределы дальности»."
"""<c=@abilitytype>Stance.</c> Quickly melt down into a puddle, evading all incoming attacks.""","""<c=@abilitytype>Стойка.</c> Быстро превратиться в лужу, уклоняясь от всех атак."""
"""<c=@abilitytype>Stance.</c> Sublimate, breaking stun from yourself. Remove movement-impairing conditions and prevent their reapplication.""","«<c=@abilitytype>Стойка.</c> Сублимируйте себя, снимая с себя оглушение. Удалите состояния, затрудняющие передвижение, и предотвратите их повторное применение»."
"""<c=@abilitytype>Stance.</c> Superheat your body and lash out, damaging and burning enemies struck. Your outgoing strike and condition damage is increased for a duration.""","«<c=@abilitytype>Стойка.</c> Перегрейте свое тело и нанесите удар, нанося урон и поджигая пораженных врагов. Ваш исходящий удар и урон от состояний увеличиваются на некоторое время»."
"""<c=@abilitytype>Stance.</c> While in this stance, striking a foe inflicts poison and grants you might.<br><c=@reminder>This effect can occur once per interval.</c>""","""<c=@abilitytype>Стойка.</c> В этой стойке удар по врагу наносит яд и даёт вам силу.<br><c=@reminder>Этот эффект может срабатывать один раз за интервал.</c>"""
"""<c=@abilitytype>Stance.</c> Your slime rapidly spins around you, creating a magnetic field. Pull in nearby enemies as a metallic storm swirls around you.""","«<c=@abilitytype>Стойка.</c> Ваша слизь быстро вращается вокруг вас, создавая магнитное поле. Притягивайте ближайших врагов, а вокруг вас кружится металлическая буря»."
"""<c=@abilitytype>Stance.</c> Your slime stimulates your cells to regenerate, healing you rapidly over time. The healing is increased while you have barrier.""","«<c=@abilitytype>Стойка.</c> Ваша слизь стимулирует регенерацию ваших клеток, быстро исцеляя вас с течением времени. Исцеление увеличивается, пока у вас есть барьер»."
"""<c=@abilitytype>Stance.</c>Flow like water, gaining endurance. Striking a foe causes water to erupt from them, healing your nearby allies.""","«<c=@abilitytype>Стойка.</c>Поток, как вода, повышает выносливость. При ударе по противнику из него выливается вода, исцеляя ближайших союзников»."
"""<c=@abilitytype>Stances</c> grant vigor and barrier when activated, and they have increased duration.""","«<c=@abilitytype>Стойки</c> при активации дают энергию и барьер, а также имеют увеличенную продолжительность»."
"""<c=@abilitytype>Stealth Attack.</c> Leap to a target location, dazing enemies. Deal increased damage to foes below the health threshold.""","«<c=@abilitytype>Атака из невидимости.</c> Прыгайте в указанное место, ошеломляя врагов. Наносите увеличенный урон противникам, у которых меньше порога здоровья»."
"""<c=@abilitytype>Stealth Attack.</c> Reveal yourself and fire a powerful shot at your target that pierces but deals less damage to unmarked foes. If this attack hits your mark, it consumes all malice and deals increased damage for each malice consumed.""","«<c=@abilitytype>Атака из невидимости.</c> Раскрой себя и произведи по цели мощный выстрел, который пронзает цель, но наносит меньший урон немаркированным противникам. Если эта атака попадает в вашу цель, она поглощает всю злобу и наносит увеличенный урон за каждую использованную злобу»."
"""<c=@abilitytype>Stealth Attack.</c> Reveal yourself and fire a powerful shot at your target that pierces but deals less damage to untargeted foes. If this attack targets and hits your mark, it consumes all malice and deals increased damage for each malice consumed.""","«<c=@abilitytype>Атака из невидимости.</c> Покажите себя и произведите по цели мощный выстрел, который пронзит цель, но нанесет меньший урон нецелевым противникам. Если эта атака нацелена и попадает в вашу цель, она поглощает всю злобу и наносит увеличенный урон за каждую использованную злобу»."
"""<c=@abilitytype>Stealth Attack.</c> Reveal yourself and throw your spear. The spear is wider and unblockable, and it pierces.""","«<c=@abilitytype>Атака из невидимости.</c> Покажите себя и бросьте копьё. Копьё шире, его невозможно заблокировать, и оно пронзает»."
"""<c=@abilitytype>Stealth Attack.</c> Slash enemies in front of you, then follow up with a powerful blow.""","«<c=@abilitytype>Атака из невидимости.</c> Рубите врагов перед собой, а затем наносите мощный удар»."
"""<c=@abilitytype>Stealth Attack.</c> Throw out a net, damaging and immobilizing enemies on impact. Foes in the net are crippled. Your pet becomes excited for the hunt, gaining superspeed.""","«<c=@abilitytype>Атака из невидимости.</c> Бросайте сеть, нанося урон и обездвиживая врагов при ударе. Противники в сети становятся калеками. Ваш питомец с нетерпением ждет охоты, приобретая сверхскорость»."
"""<c=@abilitytype>Stealth Attack.<c/> Attack foes in front of you with a series of strikes, inflicting damaging conditions. The final strike makes them vulnerable. If this skill follows a <c=@abilitytype>Finisher</c> skill, it grants initiative. Consumes all malice when striking your mark to inflict torment and increase the damage dealt.""","«<c=@abilitytype>Атака из невидимости.<c/> Атакуйте противников перед вами серией ударов, нанося им повреждающие состояния. Последний удар делает их уязвимыми. Если этот навык следует за навыком <c=@abilitytype>Finisher</c>, он даёт инициативу. Поглощает всю злобу при нанесении удара по вашей цели, причиняя боли и увеличивая наносимый урон»."
"""<c=@abilitytype>Stealth Attack.<c/> Attack foes in front of you with a series of strikes, inflicting damaging conditions. The final strike makes them vulnerable. If this skill follows a <c=@abilitytype>Finisher</c> skill, it grants initiative.""","«<c=@abilitytype>Атака из невидимости.<c/> Атакуйте противников перед вами серией ударов, нанося им повреждения. Последний удар делает их уязвимыми. Если этот навык следует за навыком <c=@abilitytype>Finisher</c>, он даёт инициативу»."
"""<c=@abilitytype>Stealth Attack.<c/> Attack from stealth, bleeding and weakening your target.""","«<c=@abilitytype>Атака из невидимости.<c/> Атака из невидимости, кровотечение и ослабление вашей цели»."
"""<c=@abilitytype>Stealth Attack.<c/> Attack while in stealth, bleeding and weakening your target. Consumes all malice to deal bonus damage if it strikes your mark.""","«<c=@abilitytype>Атака из невидимости.<c/> Атака в невидимости, кровотечение и ослабление вашей цели. Поглощает всю злобу, чтобы нанести дополнительный урон, если она попадет в вашу цель»."
"""<c=@abilitytype>Stealth Attack.<c/> Attack your foe from the shadows, striking for double damage if you hit from behind or they are defiant.""","«<c=@abilitytype>Атака из невидимости.<c/> Атакуйте противника из тени, нанося двойной урон, если вы наносите удар сзади или он сопротивляется»."
"""<c=@abilitytype>Stealth Attack.<c/> Attack your foes from stealth, knocking enemies down. If this attack hits your mark, it consumes all malice and grants you quickness.""","«<c=@abilitytype>Атака из невидимости.<c/> Атакуйте своих врагов из невидимости, сбивая их с ног. Если эта атака попадает в вашу цель, она поглощает всю злобу и дарует вам проворство»."
"""<c=@abilitytype>Stealth Attack.<c/> Attack your foes with stealth, knocking enemies down.""","«<c=@abilitytype>Атака из невидимости.<c/> Атакуйте своих врагов скрытно, сбивая их с ног»."
"""<c=@abilitytype>Stealth Attack.<c/> From the shadows, unleash a barrage toward your target. If this attack hits your mark, it consumes all malice and increases the duration of poison it applies.""","«<c=@abilitytype>Атака из невидимости.<c/> Из тени обрушьте на свою цель залп. Если эта атака попадает в вашу цель, она поглощает всю злобу и увеличивает продолжительность накладываемого яда»."
"""<c=@abilitytype>Stealth Attack.<c/> Shoot an arrow that bleeds and immobilizes your foe. If the arrow hits your marked target, it consumes all malice and splinters, firing new arrows at nearby foes for each malice consumed.""","«<c=@abilitytype>Атака из невидимости.<c/> Выпустите стрелу, которая кровоточит и обездвиживает вашего противника. Если стрела попадает в отмеченную вами цель, она поглощает всю злобу и осколки, выпуская новые стрелы в ближайших противников за каждую потраченную злобу»."
"""<c=@abilitytype>Stealth Attack.<c/> Throw a knife, bleeding and poisoning your target.""","«<c=@abilitytype>Атака из невидимости.<c/> Бросьте нож, истекая кровью и отравляя цель»."
"""<c=@abilitytype>Stealth Attack.<c/> Throw an axe that explodes when it hits a target, crippling nearby enemies. Gain initiative if you strike an enemy. Consumes all malice when striking your mark to inflict poison with a duration equal to the consumed malice.""","«<c=@abilitytype>Атака из невидимости.<c/> Бросьте топор, который взрывается при попадании в цель, нанося вред ближайшим врагам. Получите инициативу, если нанесете удар врагу. Поглощает всю злобу при ударе по цели, чтобы нанести яд длительностью, равной израсходованной злобе»."
"""<c=@abilitytype>Stealth Attack.<c/> Throw an axe that explodes when it hits a target, crippling nearby enemies. Gain initiative if you strike an enemy.""","«<c=@abilitytype>Атака из невидимости.<c/> Бросьте топор, который взрывается при попадании в цель, нанося вред ближайшим врагам. Получите инициативу, если ударите врага»."
"""<c=@abilitytype>Survival.</c> Evade back with a crack of lightning, dealing damage and gaining vigor.""","«<c=@abilitytype>Выживание.</c> Уклоняйтесь назад с помощью удара молнии, нанося урон и получая энергию»."
"""<c=@abilitytype>Survival.</c> Use mud to cripple, slow, and immobilize foes.""","«<c=@abilitytype>Выживание.</c> Используйте грязь, чтобы покалечить, замедлить и обездвижить противников»."
"""<c=@abilitytype>Symbol.</c> Cleave your axe into the ground, reducing enemy movement and carving a razor-sharp symbol of vengeance.""","""<c=@abilitytype>Символ.</c> Вонзите топор в землю, замедляя движение противника и вырезая острый как бритва символ мести."""
"""<c=@abilitytype>Symbol.</c> Create a mystic symbol, damaging foes and granting boons to allies.""","""<c=@abilitytype>Символ.</c> Создайте мистический символ, наносящий урон противникам и дарующий блага союзникам."""
"""<c=@abilitytype>Symbol.</c> Create a symbol that ignites when you strike an enemy inside it or shoot a projectile into it, damaging and burning enemies inside it. If the symbol is ignited by a projectile, it enchants that projectile to burn its target.""","«<c=@abilitytype>Символ.</c> Создайте символ, который загорается, когда вы ударяете врага внутри него или стреляете в него снарядом, нанося урон и сжигая врагов внутри него. Если символ зажигается от снаряда, он зачаровывает этот снаряд, чтобы он сжег свою цель»."
"""<c=@abilitytype>Symbol.</c> Fire a slow, arcing arrow that explodes on impact to burn targets and sear a symbol of energy into the ground.""","«<c=@abilitytype>Символ.</c> Выпустите медленную дуговую стрелу, которая взрывается при ударе, сжигая цели и вжигая в землю символ энергии»."
"""<c=@abilitytype>Symbol.</c> Sear a mystic symbol into the target area, damaging foes and granting resolution to allies.""","«<c=@abilitytype>Символ.</c> Выжигает мистический символ в выбранной области, нанося урон противникам и даруя разрешение союзникам»."
"""<c=@abilitytype>Symbol.</c> Sear a mystic symbol into the target area, damaging foes and granting swiftness to allies. Allies in the area gain a burst of speed when the symbol is created.""","«<c=@abilitytype>Символ.</c> Выжигает мистический символ в выбранной области, нанося урон противникам и даруя союзникам скорость. Союзники в области действия получают прирост скорости при создании символа»."
"""<c=@abilitytype>Symbol.</c> Sear a mystic symbol into the target area, damaging foes and granting swiftness to allies.""","""<c=@abilitytype>Символ.</c> Выжигает мистический символ в выбранной области, нанося урон противникам и даруя скорость союзникам""."
"""<c=@abilitytype>Symbol.</c> Teleport to your target, and blind nearby foes. Create a symbol at your feet that damages nearby enemies and benefits allies.""","«<c=@abilitytype>Символ.</c> Телепортируйтесь к своей цели и ослепите ближайших противников. Создайте у своих ног символ, который наносит урон ближайшим врагам и приносит пользу союзникам»."
"""<c=@abilitytype>Tale.</c> Deliver the story of Aurene and the dragon cycle, rejuvenating nearby allies and increasing their incoming healing.""","«<c=@abilitytype>Сказка.</c> Расскажите историю Аурин и драконьего цикла, омолаживая ближайших союзников и увеличивая получаемое ими исцеление»."
"""<c=@abilitytype>Tale.</c> Orate the heroism of Trahearne, calling nearby allies to action. Break their stuns and brace them for battle.""","""<c=@abilitytype>Сказка.</c> Расскажите о героизме Трэхирна, призывающего ближайших союзников к действию. Снимите с них оглушение и подготовьте их к бою."""
"""<c=@abilitytype>Tale.</c> Quote the escapades of Dougal Keane, causing nearby allies to become extraordinarily nimble with a burst of speed.""","«<c=@abilitytype>Сказка.</c> Процитируйте выходки Дугала Кина, заставляющие ближайших союзников становиться необычайно проворными и стремительно ускоряться»."
"""<c=@abilitytype>Tale.</c> Recall the cruelty of Scarlet Briar as you revile your target with a battery of insults, damaging their ego.""","«<c=@abilitytype>Сказка.</c> Вспомните жестокость Алого Шиповника, когда вы оскорбляете свою цель целой чередой оскорблений, нанося ущерб её эго»."
"""<c=@abilitytype>Tale.</c> Retell how Queen Jennah protected her city in their time of need, granting allies distortion and chaos aura.""","«<c=@abilitytype>Сказка.</c> Расскажите, как королева Дженна защитила свой город в трудную минуту, даруя союзникам искажение и ауру хаоса»."
"""<c=@abilitytype>Tale.</c> Rouse allies with the legend of Almorra Soulkeeper, granting offensive boons.""","""<c=@abilitytype>Сказка.</c> Возбудите союзников легендой о Хранительнице душ Альморры, даруя наступательные дары""."
"""<c=@abilitytype>Tome.</c> As the tales recount of Turai, taunt your enemies by issuing an insightfully inciting challenge.""","""<c=@abilitytype>Фолиант.</c> В соответствии с историями о Турае, насмехайтесь над своими врагами, бросая проницательный и подстрекающий вызов."""
"""<c=@abilitytype>Tome.</c> Fueled by tales of the desolation in Istan, incite a great swelling of heat before you.""","""<c=@abilitytype>Фолиант.</c> Подпитанный рассказами о запустении в Истане, вы вызовете перед собой огромную волну жара."""
"""<c=@abilitytype>Tome.</c> Inspired by countless poems describing the comforting powers of the water-reflected sun, grant boons to allies.""","""<c=@abilitytype>Фолиант.</c> Вдохновленный бесчисленными стихами, описывающими успокаивающую силу отраженного в воде солнца, даруйте дары союзникам."""
"""<c=@abilitytype>Tome.</c> Locks you in place, but grants you powerful support spells.""","""<c=@abilitytype>Фолиант.</c> Удерживает вас на месте, но даёт мощные заклинания поддержки."""
"""<c=@abilitytype>Tome.</c> Manifest the shimmering purity of the desert sun, reflecting enemy missiles.""","""<c=@abilitytype>Фолиант.</c> Проявите мерцающую чистоту солнца пустыни, отражая вражеские ракеты."""
"""<c=@abilitytype>Tome.</c> Recall the memory of fallen heroes, granting allies the searing blades of justice.""","""<c=@abilitytype>Фолиант.</c> Вспомните память о павших героях, даруя союзникам обжигающие клинки правосудия."""
"""<c=@abilitytype>Tome.</c> Recalling the memory of heroes past, enchant nearby allies with formidable defenses.""","""<c=@abilitytype>Фолиант.</c> Вспоминая воспоминания о героях прошлого, зачаровывайте ближайших союзников грозной защитой."""
"""<c=@abilitytype>Tome.</c> Recount the stand of Elonian loyalists against Palawa Joko, granting resistance to your allies.""","""<c=@abilitytype>Фолиант.</c> Расскажите о позиции лоялистов Элона против Палавы Джоко, оказав сопротивляемость вашим союзникам."""
"""<c=@abilitytype>Tome.</c> Release magic from pages detailing the rebuilding of Vabbi, cleansing conditions on nearby allies. Allies are healed for each condition removed.""","«<c=@abilitytype>Фолиант.</c> Высвобождайте магию со страниц, подробно описывающих восстановление Вабби, снимая состояния с ближайших союзников. Союзники исцеляются за каждое снятое состояние»."
"""<c=@abilitytype>Tome.</c> Roused by tales of mythical Sunspear charges, ground and motivate allies before you.""","""<c=@abilitytype>Фолиант.</c> Воодушевленный рассказами о мифических атаках Солнечного Копья, заземляйте и мотивируйте союзников перед вами""."
"""<c=@abilitytype>Trap.</c> Lay a trap that deals damage and unleashes multiple fragments into the area when triggered. Each fragment grants aegis to allies, as long as they don't already have aegis.""","«<c=@abilitytype>Ловушка.</c> Установите ловушку, которая наносит урон и при срабатывании выпускает в область несколько фрагментов. Каждый фрагмент даёт союзникам эгиду, если у них её ещё нет»."
"""<c=@abilitytype>Trick.</c> Cure conditions, then roll backward while healing and evading attacks.""","«<c=@abilitytype>Трюк.</c> Вылечите состояния, а затем откатитесь назад, исцеляя и уклоняясь от атак»."
"""<c=@abilitytype>Trick.</c> Evade backward to regenerate initiative and recover from crippled, chilled, and immobilized.""","«<c=@abilitytype>Трюк.</c> Уклоняйтесь назад, чтобы восстановить инициативу и восстановиться после искалеченного, охлажденного и обездвиженного»."
"""<c=@abilitytype>Trick.</c> Gain quickness, fury, and swiftness.""","«<c=@abilitytype>Трюк.</c> Получите проворство, ярость и быстроту»."
"""<c=@abilitytype>Trick.</c> Scatter caltrops that bleed, torment, and cripple foes.""","«<c=@abilitytype>Хитрость.</c> Разбросайте шипы, которые кровоточат, мучают и калечат противников»."
"""<c=@abilitytype>Trick.</c> Spin around, reflecting projectiles and throwing daggers that cripple and bleed nearby foes. You can move while spinning.""","«<c=@abilitytype>Трюк.</c> Вращайтесь, отражая снаряды и бросая кинжалы, которые калечат и кровоточат ближайших противников. Во время вращения вы можете двигаться»."
"""<c=@abilitytype>Turret.</c> Build a harpoon turret that shoots at foes. Turrets automatically overcharge when they are first placed, and they can be overcharged manually as long as they stay active.""","«<c=@abilitytype>Турель.</c> Постройте гарпунную турель, которая будет стрелять по врагам. Турели автоматически перезаряжаются при первой установке, и их можно перезаряжать вручную, пока они остаются активными»."
"""<c=@abilitytype>Turret.</c> Build a high-health thumper turret that damages nearby foes. Turrets automatically overcharge when they are first placed, and they can be overcharged manually as long as they stay active.""","«<c=@abilitytype>Турель.</c> Постройте турель с высоким уровнем здоровья, которая наносит урон ближайшим противникам. Турели автоматически перезаряжаются при первой установке, и их можно перезаряжать вручную, пока они остаются активными»."
"""<c=@abilitytype>Turret.</c> Build a net turret that immobilizes nearby foes. Turrets automatically overcharge when they are first placed, and they can be overcharged manually as long as they stay active.""","«<c=@abilitytype>Турель.</c> Постройте сетевую турель, которая обездвиживает ближайших противников. Турели автоматически перезаряжаются при первой установке, и их можно перезаряжать вручную, пока они остаются активными»."
"""<c=@abilitytype>Turret.</c> Build a rifle turret that shoots at foes. Turrets automatically overcharge when they are first placed, and they can be overcharged manually as long as they stay active.""","«<c=@abilitytype>Турель.</c> Постройте винтовочную турель, которая будет стрелять по врагам. Турели автоматически перезаряжаются при первой установке, и их можно перезаряжать вручную, пока они остаются активными»."
"""<c=@abilitytype>Turret.</c> Build a turret that fires rockets. Turrets automatically overcharge when they are first placed, and they can be overcharged manually as long as they stay active.""","«<c=@abilitytype>Турель.</c> Постройте турель, которая стреляет ракетами. Турели автоматически перезаряжаются при первой установке, и их можно перезаряжать вручную, пока они остаются активными»."
"""<c=@abilitytype>Turret.</c> Deploy a turret that burns foes. Turrets automatically overcharge when they are first placed, and they can be overcharged manually as long as they stay active.""","«<c=@abilitytype>Турель.</c> Разверните турель, которая сжигает противников. Турели автоматически перезаряжаются при первой установке, и их можно перезаряжать вручную, пока они остаются активными»."
"""<c=@abilitytype>Turret.</c> Deploy a turret that heals you briefly, then regenerates you and your allies. This turret overcharges when it is first placed.""","«<c=@abilitytype>Турель.</c> Разверните турель, которая ненадолго исцеляет вас, а затем восстанавливает вас и ваших союзников. При первой установке эта турель перезаряжается»."
"""<c=@abilitytype>Turret.</c> Deploy a turret that heals you briefly, then regenerates you and your allies. Turrets automatically overcharge when they are first dropped, and they can be overcharged manually as long as they stay active.""","«<c=@abilitytype>Турель.</c> Разверните турель, которая ненадолго исцеляет вас, а затем восстанавливает вас и ваших союзников. Турели автоматически перезаряжаются при первом падении, и их можно перезаряжать вручную, пока они остаются активными»."
"""<c=@abilitytype>Turret.</c> Deploy a turret that heals you briefly, then regenerates you and your allies.""","«<c=@abilitytype>Турель.</c> Разверните турель, которая ненадолго исцеляет вас, а затем восстанавливает вас и ваших союзников»."
"""<c=@abilitytype>Turret.</c> Request a supply drop of turrets. Turrets automatically overcharge when they are first dropped, and they can be overcharged manually as long as they stay active.""","«<c=@abilitytype>Турель.</c> Запросите сброс турелей. Турели автоматически перезаряжаются при первом падении, и их можно перезаряжать вручную, пока они остаются активными»."
"""<c=@abilitytype>Unleashed Ambush.</c> Attack in an area around you, creating a spore under each enemy struck.""","«<c=@abilitytype>Высвобожденная засада.</c> Атакуйте область вокруг себя, создавая спору под каждым пораженным врагом»."
"""<c=@abilitytype>Unleashed Ambush.</c> Enchant yourself with solar energy, healing nearby allies and damaging nearby enemies over time.""","«<c=@abilitytype>Высвобожденная засада.</c> Зачаруйте себя солнечной энергией, исцеляя ближайших союзников и с течением времени нанося урон ближайшим врагам»."
"""<c=@abilitytype>Unleashed Ambush.</c> Fire three arrows that explode on impact, inflicting poison on enemies in the area. Inflict additional conditions on enemies who are already poisoned.""","«<c=@abilitytype>Высвобожденная засада.</c> Выпускает три стрелы, которые взрываются при попадании, отравляя врагов в области действия. Накладывает дополнительные состояния на врагов, которые уже отравлены»."
"""<c=@abilitytype>Unleashed Ambush.</c> Leap forward and strike the ground, creating a spore under each enemy struck.""","«<c=@abilitytype>Высвобожденная засада.</c> Прыгните вперёд и ударьте по земле, создавая спору под каждым пораженным врагом»."
"""<c=@abilitytype>Unleashed Ambush.</c> Release a wave of corruption in front of you, damaging enemies and spawning spores under targets struck.""","«<c=@abilitytype>Высвобожденная засада.</c> Выпустите перед собой волну порчи, наносящую урон врагам и порождающую споры под пораженными целями»."
"""<c=@abilitytype>Unleashed Ambush.</c> Spin and attack nearby foes, moving faster while channeling. Create a spore when striking an enemy for the first time.""","«<c=@abilitytype>Высвобожденная засада.</c> Крутитесь и атакуйте ближайших противников, двигаясь быстрее во время поддержания. При первом ударе по врагу создайте спору»."
"""<c=@abilitytype>Unleashed Ambush.</c> Strike the ground with your mace, creating a cascade of verdant growth that immobilizes targets struck and heals nearby allies. Gain Nature's Strength if you hit an enemy.<br><c=@reminder>This skill cannot activate Force of Nature.</c>""","«<c=@abilitytype>Высвобожденная засада.</c> Ударьте по земле булавой, создав каскад зелёных растений, который обездвиживает пораженные цели и исцеляет ближайших союзников. Получите силу природы, если ударите врага.<br><c=@reminder>Этот навык не может активировать Силу природы.</c>»"
"""<c=@abilitytype>Unleashed Ambush.</c> Throw multiple axes at nearby enemies, inflicting conditions.""","«<c=@abilitytype>Высвобожденная засада.</c> Бросайте несколько топоров в ближайших врагов, накладывая состояния»."
"""<c=@abilitytype>Virtue.</c> Rush toward your target and gain Justice, delivering a strike and emanating <c=@abilitytype>Willbender Flames</c>.""","«<c=@abilitytype>Добродетель.</c> Мчитесь к своей цели и обретите справедливость, нанося удар и излучая <c=@abilitytype>Пламя покорителя воли</c>»."
"""<c=@abilitytype>Virtue:</c> Burn foes every few attacks.<br><c=@abilitytype>Activate:</c> Gain quickness. The next time you use Dazzling Hammer, it creates a delayed secondary impact.""","«<c=@abilitytype>Добродетель:</c> сжигает противников каждые несколько атак.<br><c=@abilitytype>Активация:</c> увеличивает скорость. В следующий раз, когда вы используете Ослепительный молот, он создает отложенный вторичный удар»."
"""<c=@abilitytype>Virtue:</c> Gain aegis periodically.<br><c=@abilitytype>Activate:</c> Grant aegis, resistance, and Luminary's Blessing to yourself and nearby allies. <br>The next time you use Gleaming Blade, it deals increased damage and immobilizes enemies. The next time you use Radiant Bulwark, it grants barrier to nearby allies.""","«<c=@abilitytype>Добродетель:</c> периодически получайте эгиду.<br><c=@abilitytype>Активация:</c> Даруйте эгиду, сопротивляемость и благословение светила себе и ближайшим союзникам. <br>В следующий раз, когда вы используете Сверкающий клинок, он наносит увеличенный урон и обездвиживает врагов. В следующий раз, когда вы используете Сияющий оплот, он создает барьер для ближайших союзников»."
"""<c=@abilitytype>Virtue:</c> Regenerates health.</c><br><c=@abilitytype>Activate:</c> Dart forward, healing allies in the area when you stop.""","«<c=@abilitytype>Добродетель:</c> восстанавливает здоровье.</c><br><c=@abilitytype>Активация:</c> Рвется вперёд, исцеляя союзников в области, когда вы останавливаетесь»."
"""<c=@abilitytype>Virtue:</c> Regenerates health.</c><br><c=@abilitytype>Activate:</c> Heal yourself and nearby allies while granting light aura. The next time you use Luminous Staff, it heals allies and grants them regeneration.""","«<c=@abilitytype>Добродетель:</c> восстанавливает здоровье.</c><br><c=@abilitytype>Активация:</c> Исцеляет себя и ближайших союзников, давая световую ауру. В следующий раз, когда вы используете Luminous Staff, он исцеляет союзников и дарует им регенерацию»."
"""<c=@abilitytype>Virtue:</c> Regenerates health.</c><br><c=@abilitytype>Activate:</c> Leap to a target area, healing allies in the area.""","«<c=@abilitytype>Добродетель:</c> восстанавливает здоровье.</c><br><c=@abilitytype>Активация:</c> прыгает в выбранную область, исцеляя союзников в этой области»."
"""<c=@abilitytype>Volatile Strain.</c> When you evolve, stun nearby enemies.""",«<c=@abilitytype>Нестабильное напряжение.</c> Во время развития оглушайте ближайших врагов».
"""<c=@abilitytype>Weapon spell.</c> Periodically remove conditions, healing for each condition removed. Grant this to nearby allies for a reduced duration.""","«<c=@abilitytype>Оружейное заклинание.</c> Периодически снимайте состояния, исцеляя за каждое снятое состояние. Предоставляйте это ближайшим союзникам на уменьшенный срок действия»."
"""<c=@abilitytype>Weapon spell.</c> When you take damage over a percentage of your maximum health, heal for the difference, then steal life from that foe. Grant fewer stacks of this to nearby allies and break them out of stuns.""","«<c=@abilitytype>Оружейное заклинание.</c> Когда вы получаете урон, превышающий процент вашего максимального здоровья, исцелитесь на разницу, а затем украдите жизнь у этого противника. Дайте меньше стаков этого заклинания ближайшим союзникам и выведите их из оглушения»."
"""<c=@abilitytype>Well.</c> Create a powerful well that warps space in an area, knocking down, floating, and pulling foes caught in its event horizon. When it expires, foes still inside the well take heavy damage.""","«<c=@abilitytype>Колодец.</c> Создайте мощный колодец, который искажает пространство в области, сбивая с ног, паря и притягивая противников, попавших в его горизонт событий. Когда срок его действия истечет, противники, все ещё находящиеся внутри колодца, получат тяжёлый урон»."
"""<c=@abilitytype>Well.</c> Create a well of delayed time, damaging and slowing foes. When the well expires, time snaps back, granting boons to allies.""","«<c=@abilitytype>Колодец.</c> Создайте колодец замедленного времени, нанося урон и замедляя противников. Когда срок действия колодца истечет, время вернется вспять, давая союзникам блага»."
"""<c=@abilitytype>Well.</c> Create a well that gives allies the ability to see the future, allowing them to block incoming attacks. When the well ends, allies within the well regain endurance.""","«<c=@abilitytype>Колодец.</c> Создайте колодец, который даст союзникам возможность видеть будущее и позволит им блокировать входящие атаки. Когда колодец заканчивается, союзники внутри колодца восстанавливают выносливость»."
"""<c=@abilitytype>Well.</c> Create a well that rends time, damaging, weakening, and crippling foes in the area. When the final pulse of Well of Calamity triggers, it deals massive damage to foes in the area.""","«<c=@abilitytype>Колодец.</c> Создайте колодец, который разрывает время, нанося урон, ослабляя и нанося вред противникам в области. Когда срабатывает последний импульс Колодца Бедствия, он наносит огромный урон противникам в этой области»."
"""<c=@abilitytype>Well.</c> Create a well that rewinds time, removing conditions from allies. When it expires, the well heals all allies in the area.""","""<c=@abilitytype>Колодец.</c> Создайте колодец, который перематывает время назад, снимая состояния с союзников. Когда срок его действия истечет, колодец исцеляет всех союзников в области."""
"""<c=@abilitytype>Well.</c> Creates a well that steals memories from foes, damaging and chilling them. When it expires, foes still inside the well have boons removed from them.""","""<c=@abilitytype>Колодец.</c> Создает колодец, который крадет воспоминания у противников, нанося им урон и охлаждая. Когда срок действия истекает, у противников, все ещё находящихся внутри колодца, лишаются даров."""
"""<c=@abilitytype>Well.</c> Shadowstep to your target location and drop a well that continuously pulls foes to its center, increasing intensity with each hit.""","«<c=@abilitytype>Колодец.</c> Шагните в выбранное вами место и бросьте колодец, который постоянно притягивает противников к своему центру, увеличивая интенсивность с каждым ударом»."
"""<c=@abilitytype>Well.</c> Target area pulses, blinding foes with each pulse.""","""<c=@abilitytype>Колодец.</c> Целевая область пульсирует, ослепляя противников каждым импульсом."""
"""<c=@abilitytype>Well.</c> Target area pulses, converting boons on foes into conditions.""","""<c=@abilitytype>Колодец.</c> Целевая область пульсирует, превращая дары противников в состояния."""
"""<c=@abilitytype>Well.</c> Target area pulses, converting conditions on allies into boons and granting might.""","«<c=@abilitytype>Колодец.</c> Целевая область пульсирует, превращая состояния союзников в дары и даруя мощь»."
"""<c=@abilitytype>Well.</c> Target area pulses, converting conditions on allies into boons.""","""<c=@abilitytype>Колодец.</c> Целевая область пульсирует, превращая состояния союзников в дары."""
"""<c=@abilitytype>Well.</c> Target area pulses, damaging foes and inflicting vulnerability.""","""<c=@abilitytype>Колодец.</c> Целевая область пульсирует, нанося урон противникам и делая их уязвимыми."""
"""<c=@flavor>""""...awarded for examplary wisdom, research, bravado, and intelligence in the field of...""""</c>""","""<c=@flavor>""""...награждается за образцовую мудрость, исследования, браваду и интеллект в области...""""</c>"""
"""<c=@flavor>""""A Seraph never backs away from a fight.""""<br>—Morina</c>""","""<c=@flavor>""""Серафим никогда не отступает от боя.""""<br>—Морина</c>"""
"""<c=@flavor>""""A basic staff, able to perform all of your regular needs. I wouldn't go challenging an ettin to a quarterstaff duel with it, though.""""<br>—Vejj</c>""","""<c=@flavor>""""Простой посох, способный выполнять все ваши обычные потребности. Однако я бы не стал вызывать с ним эттина на дуэль с посохом.""""<br>—Вейдж</c>"""
"""<c=@flavor>""""A bear ate his pauldrons? Is this common? Do bears eat armor?""""</c>""","""<c=@flavor>""""Медведь съел свои наплечники? Это частое явление? Медведи едят доспехи?""""</c>"""
"""<c=@flavor>""""A big sword for a big job.""""<br>—Warmaster Chan</c>""","""<c=@flavor>""""Большой меч для большой работы.""""<br>—Воитель Чан</c>"""
"""<c=@flavor>""""A clean kill.""""<br>—Meinolf Njordson</c>""","""<c=@flavor>""""Чистое убийство.""""<br>—Мейнольф Ньёрдсон</c>"""
"""<c=@flavor>""""A fine heirloom accessory from the ancient Krytan family.""""<br>—Farmhand Abhean</c>""","""<c=@flavor>""""Прекрасный семейный аксессуар древней критянской семьи.""""<br>—Рабочник Абхеан</c>"""
"""<c=@flavor>""""A good cook needs a trusty spoon.""""<br>—Hune</c>""","""<c=@flavor>""""Хорошему повару нужна надёжная ложка.""""<br>—Хьюн</c>"""
"""<c=@flavor>""""A good focus is essential for the accurate channeling of energy.""""<br>—Ahjj</c>""","""<c=@flavor>""""Хорошая концентрация необходима для точного направления энергии.""""<br>—Ага</c>"""
"""<c=@flavor>""""A good shot is heard louder than a good word.""""<br>—Explorer Erikk</c>""","""<c=@flavor>""""Хороший выстрел слышен громче, чем хорошее слово.""""<br>—Исследователь Эрикк</c>"""
"""<c=@flavor>""""A good soldier follows orders. A great soldier doesn't question them.""""<br>—Zara</c>""","""<c=@flavor>""""Хороший солдат следует приказам. Хороший солдат не подвергает их сомнению.""""<br>—Зара</c>"""
"""<c=@flavor>""""A good spy needs a sharp blade and a quicker tongue.""""<br>—Jahr Duskrend</c>""","""<c=@flavor>""""Хорошему шпиону нужен острый клинок и быстрый язык.""""<br>—Яр Сумкренд</c>"""
"""<c=@flavor>""""A masterwork of technical skill.""""</c>""","""<c=@flavor>""""Шедевр технического мастерства.""""</c>"""
"""<c=@flavor>""""A medal rewarded by the queen for exemplary efforts.""""</c>""","""<c=@flavor>""""Медаль, вручаемая королевой за образцовые усилия.""""</c>"""
"""<c=@flavor>""""A mini grawl might worship its mini likeness.""""<br>—Sizza</c>""","""<c=@flavor>""""Мини-граул может поклоняться своему мини-подобию.""""<br>—Сизза</c>"""
"""<c=@flavor>""""A potent reminder of our beautiful swamp.""""<br>—Laewyn</c>""","""<c=@flavor>""""Яркое напоминание о нашем прекрасном болоте.""""<br>—Лэвин</c>"""
"""<c=@flavor>""""A reminder of the power inside yourself.""""<br>—Arias</c>""","""<c=@flavor>""""Напоминание о силе внутри вас.""""<br>—Ариас</c>"""
"""<c=@flavor>""""A single blast can rally the troops.""""</c>""","""<c=@flavor>""""Один взрыв может сплотить войска.""""</c>"""
"""<c=@flavor>""""A strong, trustworthy mace.""""<br>—Leika</c>""","""<c=@flavor>""""Сильная и надёжная булава.""""<br>—Лейка</c>"""
"""<c=@flavor>""""A symbol of ogre friendship.""""</c>""","""<c=@flavor>""""Символ дружбы огров.""""</c>"""
"""<c=@flavor>""""A thorn is only as dangerous as you are careless.""""<br>—Diantha</c>""","""<c=@flavor>""""Шип опасен настолько, насколько вы неосторожны.""""<br>—Дианта</c>"""
"""<c=@flavor>""""A top seller at First Haven, after our spoons, of course.""""<br>—Ulva</c>""","""<c=@flavor>""""Лучший продавец в Первом Хэвене, конечно, после наших ложек.""""<br>—Ульва</c>"""
"""<c=@flavor>""""A weapon for fusing everything together into a single desperate shot into the dark night.""""<br>—Agent Crandle</c>""","""<c=@flavor>""""Оружие, позволяющее объединить все в один отчаянный выстрел в тёмную ночь.""""<br>—Агент Крэндл</c>"""
"""<c=@flavor>""""Adult—karka—possess—surprising—tactical—awareness—in—combat. Their—saliva—hardens—into—an—exceptionally—tough—substance, used—for—nest—construction—and—personal—defense..""""<br>—LOR-748 Field Reporter</c>""","""<c=@flavor>""""Взрослые-карка-обладают-удивительной-тактической-осведомленностью-в-бою. Их-слюна-затвердевает-в-исключительно-прочное-вещество, используемое-для-строительства-гнезда-и-личной-защиты...""""<br>—Полевой репортер LOR-748</c>"""
"""<c=@flavor>""""After sifting through the ash, this was all that was still recognizable.""""</c>""","""<c=@flavor>""""После просеивания пепла это было все, что ещё можно было узнать.""""</c>"""
"""<c=@flavor>""""Aha! I've been looking for those.""""<br>—Cin</c><br><br>This item only has value as part of a collection.""","""<c=@flavor>""""Ага! Я их искал.""""<br>—Cin</c><br><br>Этот предмет имеет ценность только как часть коллекции."""
"""<c=@flavor>""""Aim true. But telling you that is like telling the sun to rise.""""<br>—Lightbringer Ives</c>""","""<c=@flavor>""""Цель верная. Но сказать вам это все равно, что приказать солнцу взойти.""""<br>—Светоносный Айвз</c>"""
"""<c=@flavor>""""All are equal when measured under the blade.""""<br>—Kalla Scorchrazor</c>""","""<c=@flavor>""""Все равны, если мерить их под лезвием.""""<br>—Калла Огненная Бритва</c>"""
"""<c=@flavor>""""All for one and one for all.""""<br>—Haral</c>""","""<c=@flavor>""""Все за одного и один за всех.""""<br>—Харал</c>"""
"""<c=@flavor>""""Almost fire resistant. Almost.""""<br>—Bordekka</c>""","""<c=@flavor>""""Почти огнестойкий. Почти.""""<br>—Бордекка</c>"""
"""<c=@flavor>""""Almost perfect size to throw.""""<br>—Hua'racche</c>""","""<c=@flavor>""""Почти идеальный размер для броска.""""<br>—Хуаракче</c>"""
"""<c=@flavor>""""Always flow like the current in order to crash like a wave.""""<br>—Shifting Waves</c>""","""<c=@flavor>""""Всегда плывите, как течение, чтобы разбиться, как волна.""""<br>—Смещающиеся волны</c>"""
"""<c=@flavor>""""Always gotta make sure your drinking water's safe.""""<br>—Stout Darkmind</c>""","""<c=@flavor>""""Всегда нужно следить за тем, чтобы твоя питьевая вода была безопасной.""""<br>—Толстый Темноум</c>"""
"""<c=@flavor>""""Always triple-check the resonance frequency. The smallest error may have unforeseen consequences.""""<br>—Asura Gate Technician's Guide</c>""","""<c=@flavor>""""Всегда трижды проверяйте резонансную частоту. Малейшая ошибка может иметь непредвиденные последствия.""""<br>—Руководство для технического специалиста по воротам Asura</c>"""
"""<c=@flavor>""""Always vigilant.""""<br>—Crusader Brice</c>""","""<c=@flavor>""""Всегда бдителен.""""<br>—Крестоносец Брайс</c>"""
"""<c=@flavor>""""Always wear a sturdy helm when fighting skritt. There's no telling what they'll throw at you.""""<br>—Kelgg</c>""","""<c=@flavor>""""Всегда надевайте крепкий шлем, когда сражаетесь со скриттами. Неизвестно, что они в вас кинут.""""<br>—Келгг</c>"""
"""<c=@flavor>""""Amateurish at best, but it's better than nothing.""""<br>—Wistt</c>""","""<c=@flavor>""""В лучшем случае это дилетантство, но это лучше, чем ничего.""""<br>—Вистт</c>"""
"""<c=@flavor>""""Amazingly quiet for how much protection they offer.""""<br>—Morina</c>""","""<c=@flavor>""""Удивительно тихо, учитывая, какую защиту они обеспечивают.""""<br>—Морина</c>"""
"""<c=@flavor>""""Amazingly well balanced, perfect for cracking skulls.""""<br>—Aidem</c>""","""<c=@flavor>""""Потрясающе хорошо сбалансирован, идеально подходит для раскалывания черепов.""""<br>—Аидем</c>"""
"""<c=@flavor>""""Amazingly well preserved.""""<br>—Aidem</c>""","""<c=@flavor>""""Удивительно хорошо сохранилась.""""<br>—Айдём</c>"""
"""<c=@flavor>""""An old blade with the mark of Ascalon.""""</c>""","""<c=@flavor>""""Старый клинок со знаком Аскалона.""""</c>"""
"""<c=@flavor>""""An old shield with the mark of Ascalon.""""</c>""","""<c=@flavor>""""Старый щит со знаком Аскалона.""""</c>"""
"""<c=@flavor>""""And I thought I had a headache. We don't know what these are made of, but those Ettins drop them all over the place.""""<br>—Deputy Jenks</c>""","""<c=@flavor>""""А я думал, у меня болит голова. Мы не знаем, из чего они сделаны, но эти Эттины разбрасывают их повсюду.""""<br>—Заместитель Дженкса</c>"""
"""<c=@flavor>""""Another day, perhaps.""""<br>—Vollym</c>""","""<c=@flavor>""""Возможно, в другой день.""""<br>—Воллим</c>"""
"""<c=@flavor>""""Aquadynamic for extreme thrusting power.""""<br>—Mei Shadowwalker</c>""","""<c=@flavor>""""Аквадинамика для невероятной силы толчка.""""<br>—Мэй Теневой Ходок</c>"""
"""<c=@flavor>""""Are we mere reflections of the truth?""""<br>—Nessa</c>""","""<c=@flavor>""""Являемся ли мы всего лишь отражением истины?""""<br>—Несса</c>"""
"""<c=@flavor>""""Are you crazy? It's colder than a lich's wit up there!""""</c>""","""<c=@flavor>""""Ты с ума сошёл? Там холоднее, чем у лича!""""</c>"""
"""<c=@flavor>""""Armor up.""""<br>—Magister Pagga</c>""","""<c=@flavor>""""Броня поднята.""""<br>—Магистр Пагга</c>"""
"""<c=@flavor>""""As long as the food's still good, I don't want to know.""""<br>—Cin</c><br><br>This item only has value as part of a collection.""","""<c=@flavor>""""Я не хочу знать, пока еда хорошая.""""<br>—Син</c><br><br>Этот предмет имеет ценность только как часть коллекции."""
"""<c=@flavor>""""As much as you try to understand it. Alchemically speaking, love is still a mystery, even to my genius intellect.""""<br>—Wode</c>""","""<c=@flavor>""""Сколько бы вы ни пытались это понять. С алхимической точки зрения любовь все ещё остается загадкой даже для моего гениального интеллекта.""""<br>—Вуд</c>"""
"""<c=@flavor>""""As the local central outpost, our fortifications are strong, but we must also scout at a distance.""""<br>—Lightbringer Zykk</c>""","""<c=@flavor>""""Как местный центральный аванпост, наши укрепления сильны, но мы также должны вести разведку на расстоянии.""""<br>—Светоносный Зикк</c>"""
"""<c=@flavor>""""Asura, Orrian, Local, Attack""""</c>""","""<c=@flavor>""""Асура, Орриан, Местный, Атака""""</c>"""
"""<c=@flavor>""""At some point, everything becomes a nail.""""<br>—Warmaster Jofast</c>""","""<c=@flavor>""""В какой-то момент всё становится гвоздём.""""<br>—Воитель Джофаст</c>"""
"""<c=@flavor>""""Awarded by the Lionguard for valor in fighting the hylek.""""</c>""","""<c=@flavor>""""Награждается Львиной стражей за доблесть в борьбе с хилеками.""""</c>"""
"""<c=@flavor>""""B.O.W. is my own trademark from before I joined the Durmand Priory. It remains a registered tradmark, by the way.""""<br>—Olenn</c>""","""<c=@flavor>""""B.O.W. — моя собственная торговая марка, существовавшая ещё до того, как я присоединился к Приорату Дурманд. Кстати, она остается зарегистрированной торговой маркой.""""<br>—Оленн</c>"""
"""<c=@flavor>""""Badge does not imply any actual affiliation between owner and the Consortium.""""</c>""","""<c=@flavor>""""Значок не подразумевает какой-либо фактической связи между владельцем и Консорциумом.""""</c>"""
"""<c=@flavor>""""Balance in all things.""""<br>—Enduring Protector</c>""","""<c=@flavor>""""Баланс во всем.""<br>—Непреходящий защитник</c>"""
"""<c=@flavor>""""Bandits hate fire.""""<br>—Waldo</c>""","""<c=@flavor>""""Бандиты ненавидят огонь.""""<br>—Уолдо</c>"""
