english,translate
<c=@abilitytype>Legendary Alliance.</c> Heal allies in an area.,<c=@abilitytype>Легендарный союз.</c> Исцелите союзников в области.
"<c=@abilitytype>Legendary Alliance.</c> Lunge forward, damaging foes and gaining might for each target struck.","<c=@abilitytype>Легендарный союз.</c> Рывок вперёд, нанося урон врагам и получая мощь за каждую поражённую цель."
"<c=@abilitytype>Legendary Alliance.</c> Unleash your rage at foes in the area, gaining boons and endurance for each foe struck.","<c=@abilitytype>Легендарный союз.</c> Высвободите свою ярость на врагов в области, получая благословения и выносливость за каждого поражённого врага."
"<c=@abilitytype>Legendary Assassin.</c> Call upon the Jade Wind to turn nearby enemies into jade, stunning them for a short duration.","<c=@abilitytype>Легендарный ассасин.</c> Призовите Нефритовый ветер, чтобы превратить врагов поблизости в нефрит, оглушая их на короткое время."
"<c=@abilitytype>Legendary Assassin.</c> Dodge backward through the Mists. Remove movement-impairing conditions, and gain fury.",<c=@abilitytype>Легендарный ассасин.</c> Уклонитесь назад сквозь Туман. Снимите замедляющие передвижение состояния и получите ярость.
"<c=@abilitytype>Legendary Assassin.</c> Empower yourself with Shiro's incredible speed and destructive prowess, gaining great movement speed and striking foes an additional time when you hit them. <c=@reminder>This effect can occur once per interval.</c>","<c=@abilitytype>Легендарный ассасин.</c> Наделите себя невероятной скоростью и разрушительной силой Широ, получив большую скорость передвижения и нанося врагам дополнительный удар при попадании. <c=@reminder>Этот эффект может срабатывать раз в интервал.</c>"
<c=@abilitytype>Legendary Assassin.</c> End the Impossible Odds skill.,<c=@abilitytype>Легендарный ассасин.</c> Завершите умение «Невозможные шансы».
<c=@abilitytype>Legendary Assassin.</c> Step through the Mists to your target. Your next few attacks can't be blocked.,<c=@abilitytype>Легендарный ассасин.</c> Шагните сквозь Туман к цели. Ваши следующие несколько атак нельзя заблокировать.
"<c=@abilitytype>Legendary Assassin.</c> Summon enchanted daggers that will attack as you attack, siphoning life from targets hit.","<c=@abilitytype>Легендарный ассасин.</c> Призовите зачарованные кинжалы, которые будут атаковать вместе с вами, высасывая жизнь из пораженных целей."
<c=@abilitytype>Legendary Centaur.</c> Will the tablet toward the target location.,<c=@abilitytype>Легендарный Кентавр.</c> Направьте скрижаль в целевую точку.
"<c=@abilitytype>Legendary Demon.</c> Deal damage, apply chill, and remove boons from your foe.","<c=@abilitytype>Легендарный Демон.</c> Нанесите урон, наложите холод и снимите благословения с врага."
<c=@abilitytype>Legendary Demon.</c> End Embrace the Darkness early.,<c=@abilitytype>Легендарный Демон.</c> Завершите «Объятия тьмы» раньше времени.
"<c=@abilitytype>Legendary Demon.</c> Grant resistance to yourself and nearby allies. Absorb conditions from those allies, gaining resolution and additional resistance per condition.","<c=@abilitytype>Легендарный Демон.</c> Даруйте сопротивляемость себе и ближайшим союзникам. Поглотите состояния у этих союзников, получая решимость и дополнительное сопротивляемость за каждое состояние."
<c=@abilitytype>Legendary Demon.</c> Heal yourself. Gain might and heal more for each condition currently applied to you.,"<c=@abilitytype>Легендарный Демон.</c> Исцелите себя. Получите мощь и исцелитесь сильнее за каждое состояние, наложенное на вас."
<c=@abilitytype>Legendary Demon.</c> Leap toward the targeted area and pull foes toward your landing point.,<c=@abilitytype>Легендарный Демон.</c> Прыгните в целевую область и притяните врагов к точке приземления.
<c=@abilitytype>Legendary Demon.</c> Summon the power of the legendary demon to transform into a powerful avatar. Pulse torment to nearby foes. Using skills that cost energy increases the torment applied on the next pulse.,"<c=@abilitytype>Легендарный Демон.</c> Призовите силу легендарного демона, чтобы превратиться в могущественного аватара. Наносите боли ближайшим врагам пульсацией. Использование умений, тратящих энергию, увеличивает боли, наносимые следующей пульсацией."
<c=@abilitytype>Legendary Dragon. Consume.</c> Cleanse conditions from nearby allies. Heal for each condition removed.,<c=@abilitytype>Легендарный дракон. Поглощение.</c> Очистите состояния у ближайших союзников. Исцелитесь за каждое снятое состояние.
"<c=@abilitytype>Legendary Dragon. Consume.</c> Consume Facet of Chaos, releasing chaotic winds damaging and knocking back foes while granting superspeed to allies. Facet of Chaos will be disabled while this skill is recharging.","<c=@abilitytype>Легендарный дракон. Поглощение.</c> Поглотите Грань Хаоса, выпустив хаотические ветры, наносящие урон и отбрасывающие врагов, а также дарующие сверхскорость союзникам. Грань Хаоса будет отключена, пока это умение перезаряжается."
"<c=@abilitytype>Legendary Dragon. Consume.</c> Consume Facet of Darkness to reveal the area around you, pulling foes out of stealth and blinding them.","<c=@abilitytype>Легендарный дракон. Поглощение.</c> Поглотите Грань Тьмы, чтобы раскрыть область вокруг себя, вытаскивая врагов из невидимости и ослепляя их."
<c=@abilitytype>Legendary Dragon. Consume.</c> Consume Facet of Elements to cover the target area in magical dragon breath.,"<c=@abilitytype>Легендарный дракон. Поглощение.</c> Поглотите Грань Стихий, чтобы покрыть область цели магическим драконьим дыханием."
<c=@abilitytype>Legendary Dragon. Consume.</c> Consume Facet of Light to heal yourself and convert all incoming strikes to heals for a short duration.,"<c=@abilitytype>Легендарный дракон. Поглощение.</c> Поглотите Грань Света, чтобы исцелить себя и на короткое время преобразовывать все получаемые атаки в лечение."
"<c=@abilitytype>Legendary Dragon. Consume.</c> Consume Facet of Nature to unify allies, granting them your boons. Facet of Nature will be disabled while this skill is recharging.","<c=@abilitytype>Легендарный дракон. Поглощение.</c> Поглотите Грань Природы, чтобы объединить союзников, даруя им ваши благословения. Грань Природы будет отключена, пока это умение перезаряжается."
"<c=@abilitytype>Legendary Dragon. Consume.</c> Consume Facet of Strength, granting increased damage for successful hits. Facet of Strength will be disabled while this skill is recharging.","<c=@abilitytype>Легендарный дракон. Поглощение.</c> Поглотите Грань Силы, увеличивая урон за успешные попадания. Грань Силы будет отключена, пока это умение перезаряжается."
<c=@abilitytype>Legendary Dragon. Consume.</c> Grant stability to nearby allies.,<c=@abilitytype>Легендарный дракон. Поглощение.</c> Даруйте устойчивость ближайшим союзникам.
<c=@abilitytype>Legendary Dragon. Consume.</c> Increase the duration of allies' boons. Remove conditions from allies.,<c=@abilitytype>Легендарный дракон. Поглощение.</c> Увеличьте длительность благословений союзников. Снимите состояния с союзников.
<c=@abilitytype>Legendary Dragon. Consume.</c> Strip boons from nearby enemies.,<c=@abilitytype>Легендарный дракон. Поглощение.</c> Лишите благословений ближайших врагов.
<c=@abilitytype>Legendary Dragon. Consume.</c> Transfer conditions to nearby enemies. Gain might for each condition transferred.,<c=@abilitytype>Легендарный дракон. Поглощение.</c> Перенесите состояния на ближайших врагов. Получите мощь за каждое перенесённое состояние.
<c=@abilitytype>Legendary Dragon. Facet.</c> Place the Facet of Chaos on yourself to grant nearby allies protection every few seconds.,"<c=@abilitytype>Легендарный дракон. Грань.</c> Поместите Грань Хаоса на себя, чтобы каждые несколько секунд давать ближайшим союзникам протекцию."
<c=@abilitytype>Legendary Dragon. Facet.</c> Place the Facet of Darkness on yourself to grant nearby allies fury every few seconds.,"<c=@abilitytype>Легендарный дракон. Грань.</c> Поместите Грань Тьмы на себя, чтобы каждые несколько секунд давать ближайшим союзникам ярость."
<c=@abilitytype>Legendary Dragon. Facet.</c> Place the Facet of Elements on yourself to grant nearby allies swiftness every few seconds.,"<c=@abilitytype>Легендарный дракон. Грань.</c> Поместите Грань Стихий на себя, чтобы каждые несколько секунд давать ближайшим союзникам скорость."
<c=@abilitytype>Legendary Dragon. Facet.</c> Place the Facet of Light on yourself to grant nearby allies regeneration every few seconds.,"<c=@abilitytype>Легендарный дракон. Грань.</c> Поместите Грань Света на себя, чтобы каждые несколько секунд давать ближайшим союзникам регенерацию."
<c=@abilitytype>Legendary Dragon. Facet.</c> Place the Facet of Nature on yourself to grant nearby allies enhancements based on your channeled legend.,"<c=@abilitytype>Легендарный дракон. Грань.</c> Поместите Грань Природы на себя, чтобы давать ближайшим союзникам усиления, зависящие от вашей канализированной легенды."
<c=@abilitytype>Legendary Dragon. Facet.</c> Place the Facet of Strength on yourself to grant nearby allies might every few seconds.,"<c=@abilitytype>Легендарный дракон. Грань.</c> Поместите Грань Силы на себя, чтобы каждые несколько секунд давать ближайшим союзникам мощь."
<c=@abilitytype>Legendary Dragon.</c> Consume Facet of Elements to cover the area around the enemy in magical dragon breath.,"<c=@abilitytype>Легендарный дракон.</c> Поглотите Грань Стихий, чтобы покрыть область вокруг врага магическим драконьим дыханием."
<c=@abilitytype>Legendary Dwarf.</c> Channel the power of the Rite of the Great Dwarf to turn yourself and nearby allies to stone to reduce incoming damage.,"<c=@abilitytype>Легендарный дварф.</c> Направьте силу Ритуала Великого Дварфа, чтобы превратить себя и союзников поблизости в камень, уменьшая входящий урон."
"<c=@abilitytype>Legendary Dwarf.</c> Create a stone road that damages and weakens foes as it's created. Once it's created it will pulse, granting stability to allies.","<c=@abilitytype>Легендарный дварф.</c> Создайте каменную дорогу, которая наносит урон и ослабляет врагов при создании. После создания она будет пульсировать, даруя устойчивость союзникам."
"<c=@abilitytype>Legendary Dwarf.</c> Invoke hammers to circle around you, damaging foes.","<c=@abilitytype>Легендарный дварф.</c> Призовите молоты, кружащиеся вокруг вас и наносящие урон врагам."
"<c=@abilitytype>Legendary Dwarf.</c> Launch a chain at your target. When the chain connects with a foe, it slows and taunts them. You take less damage from taunted foes.","<c=@abilitytype>Легендарный дварф.</c> Запустите цепь в цель. Когда цепь достигает врага, она замедляет и провоцирует его. Вы получаете меньше урона от спровоцированных врагов."
<c=@abilitytype>Legendary Dwarf.</c> Release the hammers to end Vengeful Hammers.,"<c=@abilitytype>Легендарный дварф.</c> Отпустите молоты, чтобы завершить «Мстительные молоты»."
<c=@abilitytype>Legendary Dwarf.</c> Remove conditions and heal yourself. Gain resolution.,<c=@abilitytype>Легендарный дварф.</c> Снимите состояния и исцелите себя. Получите решимость.
<c=@abilitytype>Legendary Renegade.</c> Summon Centurion Jas Razorclaw from the Mists to strike nearby enemies and enhance the attacks of your allies.,"<c=@abilitytype>Легендарный ренегат.</c> Призовите центуриона Джаса Острокогтя из Туманных земель, чтобы поразить врагов поблизости и усилить атаки союзников."
<c=@abilitytype>Legendary Renegade.</c> Summon Era Breakrazor to heal your allies while shielding them from condition damage.,"<c=@abilitytype>Легендарный ренегат.</c> Призовите Эру Разрезающего, чтобы исцелить союзников и защитить их от урона от состояний."
"<c=@abilitytype>Legendary Renegade.</c> Summon Lieutenant Ofela Soulcleave to grant your allies' strikes incredible bloodthirst, inflicting damage and restoring health. Soulcleave will also strike enemies and heal allies in the area when you use a <c=@abilitytype>Legendary Renegade</c> skill.
<c=@reminder>Lieutenant Soulcleave can only empower players to siphon life once per interval, and this does not benefit nonplayers.</c>","<c=@abilitytype>Легендарный ренегат.</c> Призовите лейтенанта Офелу Соулклив, чтобы наделить союзников невероятной жаждой крови, нанося урон и восстанавливая здоровье. Соулклив также будет атаковать врагов и исцелять союзников в области действия при использовании вами навыка <c=@abilitytype>Легендарный Изгой</c>.
<c=@reminder>Лейтенант Соулклив может усиливать способность игроков к поглощению жизненной силы только один раз за интервал, и это не распространяется на неигроков.</c>"
<c=@abilitytype>Legendary Renegade.</c> Summon Visk Icerazor from the Mists to magically bombard your enemies with debilitating conditions.,"<c=@abilitytype>Легендарный ренегат.</c> Призовите Виска Ледореза из Туманных земель, чтобы магически бомбардировать врагов ослабляющими состояниями."
"<c=@abilitytype>Manipulation.</c> Give allies Illusion of Life at the target location, allowing them to get up from downed state and keep fighting. Fully revives allies if they kill a foe.","<c=@abilitytype>Манипуляция.</c> Даруйте союзникам Иллюзию жизни в указанной области, позволяя им подняться из состояния поверженного и продолжать сражение. Полностью воскрешает союзников, если они убивают врага."
"<c=@abilitytype>Manipulation.</c> Reflect projectiles, and heal yourself.",<c=@abilitytype>Манипуляция.</c> Отражайте снаряды и исцеляйте себя.
<c=@abilitytype>Manipulation.</c> Send conditions you have to your foe and steal their boons. Successfully hitting your target inflicts slow on them while granting you quickness.,<c=@abilitytype>Манипуляция.</c> Передайте свои состояния врагу и украдите его благословения. При успешном попадании накладывает замедление на цель и даёт вам проворство.
<c=@abilitytype>Manipulation.</c> Teleport to a target location.,<c=@abilitytype>Манипуляция.</c> Телепортируйтесь в указанную область.
"<c=@abilitytype>Manipulation.</c> The next utility skill you use has significantly reduced recharge, and Mimic's recharge is increased by the original recharge of the affected skill.
<c=@reminder>Mimic's recharge cannot be reset by other mesmer skills.</c>","<c=@abilitytype>Манипуляция.</c> Время перезарядки следующего используемого умения значительно сокращается, а время перезарядки «Мимикрии» увеличивается на величину исходного времени перезарядки затронутого умения.
<c=@reminder>Время перезарядки «Мимикрии» нельзя сбросить другими умениями иллюзиониста.</c>"
<c=@abilitytype>Manipulation.</c> You and all your allies gain stealth for a short time.,<c=@abilitytype>Манипуляция.</c> Вы и все ваши союзники получаете невидимость на короткое время.
"<c=@abilitytype>Mantra.</c> Chant the ritual of cleansing, removing conditions and speeding recovery.
<c=@reminder>The final charge of this skill is more powerful.</c>","<c=@abilitytype>Мантра.</c> Воспроизнесите ритуал очищения, снимающий негативные эффекты и ускоряющий восстановление.
<c=@reminder>Последний заряд этой способности обладает большей силой.</c>"
"<c=@abilitytype>Mantra.</c> Echo remnants of an ancient pamphlet from Vabbi that urged Elonians to freedom. Grant stability and resolution to allies while breaking stun.
<c=@reminder>The final charge of this skill is more powerful.</c>","<c=@abilitytype>Мантра.</c> Эхо отрывка из древнего памфлета Вабби, призывавшего элони к свободе. Дарует союзникам устойчивость и решимость, а также снимает оглушение.
<c=@reminder>Последний заряд этой способности обладает большей силой.</c>"
"<c=@abilitytype>Mantra.</c> Meditate, charging a spell that will break stuns and grant stability to nearby allies. Grant boons to nearby allies when this spell fully charges.","<c=@abilitytype>Мантра.</c> Медитируйте, заряжая заклинание, которое снимет оглушение и дарует устойчивость ближайшим союзникам. Даруйте благословения ближайшим союзникам, когда заклинание полностью зарядится."
"<c=@abilitytype>Mantra.</c> Meditate, charging a spell that will cure conditions for you and nearby allies. Cure conditions on yourself and nearby allies when this spell is fully charged.","<c=@abilitytype>Мантра.</c> Медитируйте, заряжая заклинание, которое исцелит состояния у вас и ближайших союзников. Исцелите состояния у себя и ближайших союзников, когда заклинание полностью зарядится."
"<c=@abilitytype>Mantra.</c> Meditate, charging a spell that will damage your target. Grant might to nearby allies when this spell is fully charged.","<c=@abilitytype>Мантра.</c> Медитируйте, заряжая заклинание, которое нанесет урон вашей цели. Даруйте силу ближайшим союзникам, когда заклинание полностью зарядится."
"<c=@abilitytype>Mantra.</c> Meditate, charging a spell that will daze your target. Shatter skill 3's recharge time is partially refunded when this spell fully charges.","<c=@abilitytype>Мантра.</c> Медитируйте, заряжая заклинание, которое оглушит вашу цель. Время восстановления умения «Разрушение 3» частично возвращается, когда заклинание полностью зарядится."
"<c=@abilitytype>Mantra.</c> Meditate, charging a spell that will instantly heal you when activated. Heal yourself and nearby allies when this spell fully charges.","<c=@abilitytype>Мантра.</c> Медитируйте, заряжая заклинание, которое мгновенно исцелит вас при активации. Исцелите себя и ближайших союзников, когда заклинание полностью зарядится."
"<c=@abilitytype>Mantra.</c> Prepare a chant to sear your enemies. 
<c=@reminder>The final charge of this skill is more powerful.</c>","<c=@abilitytype>Мантра.</c> Подготовьте заклинание, чтобы испепелить врагов.
<c=@reminder>Последняя активация этой способности наносит больше урона.</c>"
"<c=@abilitytype>Mantra.</c> Prepare the tenets of truth to debilitate your foes.</c>
<c=@reminder>The final charge of this skill is more powerful.</c>","<c=@abilitytype>Мантра.</c> Подготовьте догматы истины, чтобы ослабить врагов.</c>
<c=@reminder>Последний заряд этого умения мощнее.</c>"
"<c=@abilitytype>Mantra.</c> Prepare to heal yourself and grant boons to allies. 
<c=@reminder>The final charge of this skill is more powerful.</c>","<c=@abilitytype>Мантра.</c> Подготовьтесь к исцелению себя и наложению благословений на союзников.
<c=@reminder>Последняя активация этого умения имеет усиленный эффект.</c>"
"<c=@abilitytype>Mantra.</c> Recite a hymn from the annals of Turai to quicken yourself and your allies.
<c=@reminder>The final charge of this skill is more powerful.","<c=@abilitytype>Мантра.</c> Прочтите гимн из анналов Тураи, чтобы даровать скорость себе и союзникам.
<c=@reminder>Последний заряд этого умения мощнее."
"<c=@abilitytype>Mark.</c> Inscribe a mark that bleeds foes when they trigger it, and grants regeneration to allies.","<c=@abilitytype>Метка.</c> Начертите метку, которая наносит кровотечение врагам при активации и дарует регенерацию союзникам."
<c=@abilitytype>Mark.</c> Inscribe a mark that damages enemies and transfers your conditions to them when triggered.,"<c=@abilitytype>Метка.</c> Начертать метку, которая, когда срабатывает, наносит противникам урон и переносит на них лежащие на вас состояния."
<c=@abilitytype>Mark.</c> Inscribe a mark that inflicts chill and poison on foes when triggered.,"<c=@abilitytype>Метка.</c> Начертайте метку, которая накладывает холод и яд на врагов при активации."
<c=@abilitytype>Mark.</c> Inscribe a mark that inflicts fear on foes when triggered.,"<c=@abilitytype>Метка.</c> Начертать метку, которая, когда срабатывает, вызывает у противников страх."
<c=@abilitytype>Mech Command.</c> Charge up and then release a powerful ball of jade energy at your target that explodes on contact.,"<c=@abilitytype>Команда меха.</c> Заряжает и выпускает мощный шар нефритовой энергии, который взрывается при контакте с целью."
<c=@abilitytype>Mech Command.</c> Cycle energy into your mech's armor to turn it into a lightning rod. Jade energy strikes nearby foes and inflicts conditions on them.,"<c=@abilitytype>Команда меха.</c> Направляет энергию в броню меха, превращая его в громоотвод. Нефритовая энергия поражает ближайших врагов и накладывает на них состояния."
"<c=@abilitytype>Mech Command.</c> Fire a rapid volley of jade energy bolts from both arms, piercing through all enemies.","<c=@abilitytype>Команда меха.</c> Выпускает быструю очередь снарядов нефритовой энергии из обеих рук, пронзающих всех врагов."
<c=@abilitytype>Mech Command.</c> Launch a powerful mortar attack at the target.,<c=@abilitytype>Команда меха.</c> Запускает мощную миномётную атаку по цели.
"<c=@abilitytype>Mech Command.</c> Order your mech to dash at a target, punching with an explosive strike that weakens enemies near the point of impact.","<c=@abilitytype>Команда меха.</c> Приказывает меху рвануться к цели, нанося взрывной удар, ослабляющий врагов вблизи точки попадания."
"<c=@abilitytype>Mech Command.</c> Slam at the target with both cutters, inflicting severe bleeding to enemies in the area.","<c=@abilitytype>Команда меха.</c> Обрушивает на цель обе режущие кромки, нанося сильное кровотечение врагам в области."
<c=@abilitytype>Mech Command.</c> Your mech jets into the air and fires a missile at each nearby foe before crashing down and dealing additional damage to anything caught underfoot.,"<c=@abilitytype>Команда меха.</c> Мех взлетает в воздух и выпускает ракету по каждому ближайшему врагу, затем врезается в землю, нанося дополнительный урон всему, что окажется под ним."
"<c=@abilitytype>Meditation.</c> Block incoming attacks, then strike nearby enemies with shattering rocks. Grant protection to nearby allies if this skill completes successfully. If earth is your specialized element, this skill grants resistance to allies and breaks stun.","<c=@abilitytype>Медитация.</c> Блокируйте входящие атаки, затем поразите ближайших врагов осколками камней. Дайте протекцию ближайшим союзникам, если навык успешно завершен. Если земля — ваш специализированный элемент, этот навык даёт сопротивляемость союзникам и снимает оглушение."
<c=@abilitytype>Meditation.</c> Convert the conditions you are suffering from into boons.,<c=@abilitytype>Медитация.</c> Превратить лежащие на вас состояния в дары.
<c=@abilitytype>Meditation.</c> Create an area of calm in which foes have reduced incoming boon duration and lose boons every interval. Enemy missiles entering this area are blocked.,"<c=@abilitytype>Медитация.</c> Создать область спокойствия, в которой противники получают новые дары с уменьшенной длительностью и теряют дары с каждым тактом. Попавшие в эту область вражеские снаряды будут блокированы."
<c=@abilitytype>Meditation.</c> Cure conditions and damage nearby foes. Deal more damage if a condition is cured.,"<c=@abilitytype>Медитация.</c> Снимает состояния и наносит урон ближайшим врагам. Наносит больше урона, если было снято состояние."
"<c=@abilitytype>Meditation.</c> Focus, making yourself invulnerable and recharging your virtues.","<c=@abilitytype>Медитация.</c> Сосредоточивается, делая вас неуязвимым и перезаряжая ваши добродетели."
<c=@abilitytype>Meditation.</c> Gain a burst of superspeed and resistance.,<c=@abilitytype>Медитация.</c> Получить заряд сверхскорости и даровать себе Сопротивляемость.
"<c=@abilitytype>Meditation.</c> Gain endurance and swiftness. Your next few strikes create an arc of chain lightning. If air is your specialized element, this skill breaks stun and grants blur.","<c=@abilitytype>Медитация.</c> Восстанавливает выносливость и дарует скорость. Несколько следующих ударов создают дугу цепной молнии. Если воздух — ваша специализированная стихия, умение снимает оглушение и дарует размытость."
"<c=@abilitytype>Meditation.</c> Grant boons to nearby allies, then inflict burning on your target based on the amount of might you have. If fire is your specialized element, this skill breaks stun, grants additional boons, and strikes enemies around your target.","<c=@abilitytype>Медитация.</c> Дарует бонусы союзникам поблизости, затем наносит горение цели в зависимости от вашей силы. Если огонь — ваша специализированная стихия, умение снимает оглушение, дарует дополнительные бонусы и поражает врагов вокруг цели."
<c=@abilitytype>Meditation.</c> Heal for a percentage of your maximum health.,<c=@abilitytype>Медитация.</c> Ваш питомец восстанавливает здоровье с каждым тактом.
<c=@abilitytype>Meditation.</c> Heal yourself and charge your <c=@abilitytype>familiar</c> skill.,<c=@abilitytype>Медитация.</c> Исцелиться и зарядить умение вашего фамильяра. <c=@abilitytype>фамильяра</c>.
"<c=@abilitytype>Meditation.</c> Heal yourself. For a brief time, heal yourself based on a percentage of damage dealt to enemies.",<c=@abilitytype>Медитация.</c> Восстанавливает ваше здоровье. На короткое время восстанавливает здоровье в процентах от нанесённого врагам урона.
"<c=@abilitytype>Meditation.</c> Remove conditions from nearby allies while granting them boons and increasing their incoming healing for a duration. If water is your specialized element, this skill breaks stun for nearby allies.","<c=@abilitytype>Медитация.</c> Снимает состояния с союзников поблизости, даруя им бонусы и увеличивая получаемое ими лечение на время. Если вода — ваша специализированная стихия, умение снимает оглушение с союзников поблизости."
<c=@abilitytype>Meditation.</c> Reveal nearby foes and make your next attack a critical hit. Remove blindness and nondamaging conditions.,"<c=@abilitytype>Медитация.</c> Разоблачить противников поблизости и гарантировать критическое попадание в следующей атаке. Снять слепоту и состояния, которые не наносят урон."
"<c=@abilitytype>Meditation.</c> Shadowstep to an ally in the targeted area and heal around them. If no ally is present in the targeted area, this ability will not shadowstep.","<c=@abilitytype>Медитация.</c> Теневая поступь к союзнику в указанной области и лечение вокруг него. Если в указанной области нет союзника, способность не сработает."
<c=@abilitytype>Meditation.</c> Summon all four familiars to use their empowered skills.,"<c=@abilitytype>Медитация.</c> Призвать всех четырех фамильяров, чтобы использовать их усиленные умения."
"<c=@abilitytype>Meditation.</c> Taunt nearby foes, gaining adrenaline and barrier for each affected foe.","<c=@abilitytype>Медитация.</c> Провоцирует ближайших врагов, получая адреналин и барьер за каждого затронутого врага."
<c=@abilitytype>Meditation.</c> Teleport to your target and burn nearby foes.,<c=@abilitytype>Медитация.</c> Переместиться к вашей цели и поджечь окружающих противников.
<c=@abilitytype>Minion.</c> Repeatedly summon minions that explode after a period of time if they are not killed.,"<c=@abilitytype>Минион.</c> Призвать нескольких миньонов, которые взрываются через некоторое время, если их не убьют."
<c=@abilitytype>Minion.</c> Summon a blood fiend that transfers health to you on each attack.,"<c=@abilitytype>Минион.</c> Призвать демона крови, который передает вам здоровье при каждой атаке."
<c=@abilitytype>Minion.</c> Summon a bone fiend that attacks foes at range. Delivers a crippling attack once every ten seconds.,"<c=@abilitytype>Минион.</c> Призвать костяного демона, который атакует противников на расстоянии. Каждые десять секунд он делает противника хромым."
<c=@abilitytype>Minion.</c> Summon a flesh golem to attack foes with crippling claws.,"<c=@abilitytype>Минион.</c> Призвать голема из плоти, который атакует противников когтями и делает их хромыми."
<c=@abilitytype>Minion.</c> Summon a shadow fiend to attack foes.,"<c=@abilitytype>Минион.</c> Призвать демона тени, чтобы атаковать противников."
<c=@abilitytype>Minion.</c> Summon an immobile flesh wurm to attack foes.,"<c=@abilitytype>Минион.</c> Призвать неподвижного червя из плоти, чтобы атаковать противников."
<c=@abilitytype>Minion.</c> Summon two bone minions.,<c=@abilitytype>Минион.</c> Призвать двух костяных миньонов.
<c=@abilitytype>Morph.</c> Briefly block incoming attacks.,<c=@abilitytype>Морф.</c> Кратковременно блокируйте входящие атаки.
<c=@abilitytype>Morph.</c> Convert damaging conditions to barrier and nondamaging conditions to protection.,"<c=@abilitytype>Морф.</c> Преобразуйте наносящие урон состояния в барьер, а ненаносящие — в протекцию."
<c=@abilitytype>Morph.</c> Create a giant blade to maim your enemy. This attack destroys the barrier of enemies hit.,"<c=@abilitytype>Морф.</c> Создайте гигантский клинок, чтобы покалечить врага. Эта атака разрушает барьер пораженных врагов."
"<c=@abilitytype>Morph.</c> Grow protective spikes, damaging nearby enemies. For a short duration, the spikes react when you are struck, damaging nearby enemies again.","<c=@abilitytype>Морф.</c> Вырастите защитные шипы, нанося урон ближайшим врагам. В течение короткого времени шипы реагируют на удары по вам, снова нанося урон ближайшим врагам."
"<c=@abilitytype>Morph.</c> Launch cutting disks at your enemies, piercing enemies in their path. Enemies struck are crippled; if an enemy is struck by all three disks, they are immobilized.","<c=@abilitytype>Морф.</c> Запустите режущие диски во врагов, пронзая их на пути. Пораженные враги получают увечье; если враг поражен всеми тремя дисками, он обездвиживается."
"<c=@abilitytype>Morph.</c> Spin around a hunk of metal, then finish with a forward smash.","<c=@abilitytype>Морф.</c> Вращается вокруг куска металла, затем завершает ударом вперёд."
"<c=@abilitytype>Morph.</c> Thrust forward with a spike, piercing the defense of your foe.","<c=@abilitytype>Морф.</c> Выпад вперёд с шипом, пронзающий защиту врага."
"<c=@abilitytype>Overload.</c> Create a surge of accumulated water magic, healing and cleansing allies. When the cast ends, heal the area and apply regeneration.
<c=@reminder>Using this skill causes the attunement to have a longer recharge.</c>","<c=@abilitytype>Перегрузка.</c> Создайте мощный поток накопленной водной магии, исцеляющей и очищающей союзников. По окончании действия заклинания восстановите здоровье в области применения и наложите эффект регенерации.
<c=@reminder>Использование этого умения увеличивает время перезарядки гармонии.</c>"
"<c=@abilitytype>Overload.</c> Ride your stored earth magic around, granting protection to other allies you move over and crippling enemies, then deliver a final immobilizing blast of power to the area, leaving behind a dust cyclone that delivers the same effects as the overload.
<c=@reminder>Using this skill causes the attunement to have a longer recharge.</c>","<c=@abilitytype>Перегрузка.</c> Используйте накопленную энергию земли, чтобы перемещаться и защищать союзников, над которыми проезжаете, а также наносить урон врагам. В конце выпустите мощный поток энергии, который обездвижит противников в области действия, оставив после себя пылевой вихрь с аналогичными эффектами перегрузки.
<c=@reminder>Использование этого умения увеличивает время перезарядки гармонии.</c>"
"<c=@abilitytype>Overload.</c> Unleash your flames, granting might to allies and burning enemies. Finishing the cast creates a tornado that continues to grant might and burn foes.
<c=@reminder>Using this skill causes the attunement to have a longer recharge.</c>","<c=@abilitytype>Перегрузка.</c> Высвободите пламя, даруя союзникам мощь и поджигая врагов. Завершение применения создаёт торнадо, который продолжает даровать мощь и обжигать противников.
<c=@reminder>Использование этого умения увеличивает время перезарядки специализации.</c>"
"<c=@abilitytype>Overload.</c> Use your air magic to summon a nimbus that repeatedly strikes nearby enemies. When this ability is complete, imbue your allies with electricity and create a lingering static region that strikes enemies at the same interval.
<c=@reminder>Using this skill causes the attunement to have a longer recharge.</c>","<c=@abilitytype>Перегрузка.</c> Используйте свою магию воздуха, чтобы призвать нимб, который многократно атакует находящихся поблизости врагов. Когда действие этой способности завершится, наделите своих союзников электричеством и создайте остаточное статическое поле, которое будет поражать врагов с той же периодичностью.
<c=@reminder>Использование этого умения увеличивает время перезарядки аттюнмента.</c>"
"<c=@abilitytype>Phantasm.</c> Block incoming attacks for a short duration. If this skill fully channels, summon a phantasm that slows enemies and grants protection to allies. If an attack is blocked, Deja Vu is usable for a short time and the phantasm is summoned immediately.","<c=@abilitytype>Фантом.</c> Блокирует входящие атаки на короткое время. Если навык полностью канализируется, призывает фантома, который замедляет врагов и дарует протекцию союзникам. Если атака заблокирована, «Дежавю» становится доступным на короткое время, и фантом призывается немедленно."
"<c=@abilitytype>Phantasm.</c> Block incoming attacks for a short duration. If this skill fully channels, summon a phantasm that slows enemies and grants protection to allies. If an attack is blocked, the phantasm is summoned immediately.","<c=@abilitytype>Фантом.</c> Блокирует входящие атаки на короткое время. Если навык полностью канализируется, призывает фантома, который замедляет врагов и даёт протекцию союзникам. Если атака заблокирована, фантом призывается немедленно."
<c=@abilitytype>Phantasm.</c> Cast Siren's Call on nearby foes and create an illusion that confuses foes with a harpoon gun.,"<c=@abilitytype>Фантом.</c> Использовать умение Siren's Call против врагов поблизости и создать иллюзию, вызывающую у противников замешательство с помощью гарпунного ружья."
"<c=@abilitytype>Phantasm.</c> Create a phantasm that shoots a bullet at your target, stunning them.","<c=@abilitytype>Фантом.</c> Создаёт фантома, который стреляет пулей в вашу цель, оглушая её."
"<c=@abilitytype>Phantasm.</c> Create a phantasm that throws axes at nearby targets and creates a defensive bubble, protecting itself and allies from projectiles.","<c=@abilitytype>Фантом.</c> Создаёт фантома, который бросает топоры по ближайшим целям и создаёт защитный пузырь, защищая себя и союзников от снарядов."
<c=@abilitytype>Phantasm.</c> Fire multiple crippling bullets at your target and summon an illusion that unloads its pistols on your target.,"<c=@abilitytype>Фантом.</c> Сделать по цели несколько выстрелов, вызывающих хромоту, и создать иллюзию, которая разряжает свои пистолеты в вашу цель."
"<c=@abilitytype>Phantasm.</c> Perform a sword strike and create an illusion that attacks your foe. If the sword strike hits, you gain might.","<c=@abilitytype>Фантом.</c> Наносит удар мечом и создаёт иллюзию, атакующую вашего врага. Если удар мечом попадает, вы получаете мощь."
<c=@abilitytype>Phantasm.</c> Perform an evasive strike and create an illusion that evades while attacking your foe in a flurry.,"<c=@abilitytype>Фантом.</c> Провести атаку с уклонением и создать иллюзию, которая уклоняется от атак, нанося шквал ударов по противнику."
"<c=@abilitytype>Phantasm.</c> Strike and burn nearby foes. Create an illusion that releases a massive wave of fire that burns, confuses, and interrupts foes.","<c=@abilitytype>Фантом.</c> Поражает и поджигает ближайших врагов. Создаёт иллюзию, которая выпускает огромную огненную волну, поджигающую, сбивающую с толку и прерывающую врагов."
"<c=@abilitytype>Phantasm.</c> Summon a phantasmal rogue that deals increased damage from behind. If the rogue hits, the recharge of this skill is reduced.","<c=@abilitytype>Фантом.</c> Призывает фантомного разбойника, который наносит повышенный урон сзади. Если разбойник попадает, время восстановления этого навыка сокращается."
<c=@abilitytype>Phantasm.</c> Summon an illusion that removes boons from targets it hits. This attack deals increased damage against foes without boons.,"<c=@abilitytype>Фантом.</c> Создать иллюзию, которая снимает дары с пораженной ею цели. Эта атака наносит повышенный урон противникам без даров."
"<c=@abilitytype>Phantasm.</c> Summon an illusion that taunts your target and all nearby targets while blocking. When it finishes blocking, the illusion explodes, dealing increased damage for each attack it blocked.","<c=@abilitytype>Фантом.</c> Призывает иллюзию, которая провоцирует вашу цель и все ближайшие цели, блокируя атаки. Когда блокирование заканчивается, иллюзия взрывается, нанося повышенный урон за каждую заблокированную атаку."
<c=@abilitytype>Phantasm.</c> Summon illusions that deal damage and inflict conditions.,"<c=@abilitytype>Фантом.</c> Призвать иллюзии, которые наносят урон и накладывают на противников состояния."
"<c=@abilitytype>Phantasm.</c> Throw an illusionary greatsword at your foe, removing boons from struck enemies. Create a phantasm that whirls through foes.","<c=@abilitytype>Фантом.</c> Бросает иллюзорный двуручный меч во врага, снимая благословения с поражённых врагов. Создаёт фантома, который проносится вихрем сквозь врагов."
<c=@abilitytype>Physical.</c> Bash your foe with another blow.,<c=@abilitytype>Физическое.</c> Ударьте врага ещё одним ударом.
"<c=@abilitytype>Physical.</c> Break stun and dodge backward, blinding foes and gaining resistance. Then, gain access to Quick Retribution.","<c=@abilitytype>Физическое.</c> Снимите оглушение и уклонитесь назад, ослепляя врагов и получая сопротивляемость. Затем получите доступ к Быстрому возмездию."
<c=@abilitytype>Physical.</c> Briefly block incoming attacks. Blocking an attack grants access to a retaliatory attack.,<c=@abilitytype>Физическое.</c> Ненадолго блокируйте входящие атаки. Блокирование атаки даёт доступ к ответной атаке.
<c=@abilitytype>Physical.</c> Cause a rupture that deals massive damage when this skill ends. This ability cannot critically hit.,"<c=@abilitytype>Физическое.</c> Вызовите разрыв, наносящий огромный урон по окончании действия навыка. Эта способность не может нанести критический удар."
<c=@abilitytype>Physical.</c> Channel your energy to gain endurance and health per pulse. Heal for more if your endurance is full.,"<c=@abilitytype>Физическое.</c> Направьте свою энергию, чтобы получать выносливость и здоровье за импульс. Лечение эффективнее, если выносливость полна."
<c=@abilitytype>Physical.</c> Charge and knock down your foe.,<c=@abilitytype>Физическое.</c> Разгонитесь и сбейте врага с ног.
<c=@abilitytype>Physical.</c> Charge your foe.,<c=@abilitytype>Физическое.</c> Разгонитесь на врага.
<c=@abilitytype>Physical.</c> Deliver a massive kick that knocks enemies down.,"<c=@abilitytype>Физическое.</c> Нанесите мощный пинок, сбивающий врагов с ног."
"<c=@abilitytype>Physical.</c> Evade attacks, then shadowstep and slam the ground, knocking down your targeted foe, finishing them if there are no other enemy players nearby. Foes that aren't targeted are knocked back instead.","<c=@abilitytype>Физическое.</c> Уклонитесь от атак, затем совершите теневой шаг и ударьте по земле, сбивая с ног выбранного врага и добивая его, если поблизости нет других вражеских игроков. Враги, не являющиеся целью, отбрасываются."
<c=@abilitytype>Physical.</c> Finish the chain with a pulverizing uppercut.,<c=@abilitytype>Физическое.</c> Завершите цепочку сокрушительным апперкотом.
"<c=@abilitytype>Physical.</c> Fire a dazing dagger at your enemy. If this ability interrupts a skill, gain initiative and a temporary damage increase.","<c=@abilitytype>Физическое.</c> Метайте оглушающий кинжал во врага. Если эта способность прерывает навык, вы получаете инициативу и временное увеличение урона."
"<c=@abilitytype>Physical.</c> Fling multiple daggers at a single enemy, inflicting conditions.","<c=@abilitytype>Физическое.</c> Метайте несколько кинжалов в одного врага, накладывая состояния."
<c=@abilitytype>Physical.</c> Gain stability and launch nearby foes into the air with a powerful stomp. Gain stability for each enemy struck.,<c=@abilitytype>Физическое.</c> Получите устойчивость и подбросьте ближайших врагов в воздух мощным топотом. Получите устойчивость за каждого поражённого врага.
"<c=@abilitytype>Physical.</c> Guard yourself with light, negating the next incoming strike and healing you instead, even if the strike would have been lethal. If an effect causes damage that would be lethal, that damage will be negated and you will be healed instead. If no attacks or lethal damage are negated, you will be healed for the lowest set amount.","<c=@abilitytype>Физическое.</c> Защитите себя светом, отражая следующую входящую атаку и исцеляя себя вместо получения урона, даже если атака была бы смертельной. Если эффект наносит смертельный урон, этот урон будет отражён, а вы будете исцелены. Если атаки или смертельный урон не отражены, вы будете исцелены на минимальное установленное количество."
<c=@abilitytype>Physical.</c> Leap into the air and knock down nearby foes where you land.,<c=@abilitytype>Физическое.</c>Прыгните в воздух и сбейте с ног ближайших врагов в месте приземления.
"<c=@abilitytype>Physical.</c> Lunge forward and perform a whirlwind kick, weakening and burning any foes left in your wake.","<c=@abilitytype>Физическое.</c>Бросьтесь вперёд и выполните вихревой удар ногой, ослабляя и поджигая всех врагов на своем пути."
"<c=@abilitytype>Physical.</c> Lunge forward and unleash a disorienting strike at your foe, dazing them.","<c=@abilitytype>Физическое.</c>Бросьтесь вперёд и нанесите дезориентирующий удар по врагу, ошеломляя его."
<c=@abilitytype>Physical.</c> Perform a quick heel strike that stuns your target.,"<c=@abilitytype>Физическое.</c>Выполните быстрый удар пяткой, который оглушает цель."
<c=@abilitytype>Physical.</c> Push back your foe with a kick.,<c=@abilitytype>Физическое.</c>Оттолкните врага ударом ноги.
<c=@abilitytype>Physical.</c> Push your foe back with a kick.,<c=@abilitytype>Физическое.</c>Оттолкните врага ударом ноги.
<c=@abilitytype>Physical.</c> Remove conditions and heal yourself.,<c=@abilitytype>Физическое.</c>Снимите состояния и исцелите себя.
"<c=@abilitytype>Physical.</c> Shadowstep to your target and strike at them multiple times. If the skill completes without being interrupted, gain access to Repose.","<c=@abilitytype>Физическое.</c>Совершите теневой шаг к цели и нанесите ей несколько ударов. Если навык завершится без прерывания, получите доступ к Покою."
<c=@abilitytype>Physical.</c> Strike your enemy and stun them.,<c=@abilitytype>Физическое.</c>Ударьте врага и оглушите его.
"<c=@abilitytype>Physical.</c> Strike your enemy multiple times. If all attacks hit, gain access to Palm Strike.","<c=@abilitytype>Физическое.</c>Ударьте врага несколько раз. Если все атаки попали, получите доступ к Удару ладонью."
"<c=@abilitytype>Physical.</c> Strike your foe once to deal massive damage and stun them, marking your target with a Pulmonary Impact.","<c=@abilitytype>Физическое.</c>Ударьте врага один раз, чтобы нанести огромный урон и оглушить его, отметив цель Легочным ударом."
"<c=@abilitytype>Physical.</c> Take the form of a massive juggernaut, reducing the damage you take and the duration of incoming movement-impeding conditions.","<c=@abilitytype>Физическое.</c>Примите форму массивного джаггернаута, уменьшая получаемый урон и длительность входящих состояний, ограничивающих передвижение."
<c=@abilitytype>Physical.</c> Throw a large boulder at your foe.,<c=@abilitytype>Физическое.</c>Бросьте большой валун во врага.
<c=@abilitytype>Physical.</c> Throw bolas to immobilize your foe.,"<c=@abilitytype>Физическое.</c>Бросьте бола, чтобы обездвижить врага."
"<c=@abilitytype>Preparation.</c> Mark your current area with controlling magic, readying the location to crush enemies when Pitfall is released.","<c=@abilitytype>Подготовка.</c> Отметьте текущую область контролирующей магией, готовя место для сокрушения врагов при активации «Ловчей ямы»."
"<c=@abilitytype>Preparation.</c> Mark your current area with inhibiting magic, readying the location to poison enemies.","<c=@abilitytype>Подготовка.</c> Отметьте текущую область сковывающей магией, готовя место для отравления врагов."
"<c=@abilitytype>Preparation.</c> Mark your current area with shadow magic, which can be detonated.","<c=@abilitytype>Подготовка.</c> Отметьте текущую область магией тени, которую можно взорвать."
"<c=@abilitytype>Preparation.</c> Mark your current area with stifling magic, readying the location to seal enemies in.","<c=@abilitytype>Подготовка.</c> Отметьте текущую область подавляющей магией, готовя место для заточения врагов."
<c=@abilitytype>Primal Burst.</c> Fire a burning shot into the ground that creates a trail of flaming destruction.,"<c=@abilitytype>Первобытный всплеск.</c> Выпустите горящий выстрел в землю, создающий след из пламени и разрушения."
"<c=@abilitytype>Primal Burst.</c> Fire a fast, flaming shot that explodes on the first foe it hits, interrupting foes in the area.","<c=@abilitytype>Первобытный всплеск.</c> Выпустите быстрый, горящий снаряд, который взрывается при попадании в первого врага, прерывая действия противников в области."
"<c=@abilitytype>Primal Burst.</c> Fire a fast, forceful shot that immobilizes and burns foes.","<c=@abilitytype>Первобытный всплеск.</c> Выпустите быстрый, мощный снаряд, обездвиживающий и поджигающий врагов."
"<c=@abilitytype>Primal Burst.</c> Gather your strength into a powerful attack. If it hits, gain might and recharge this skill.",<c=@abilitytype>Первобытный всплеск.</c> Соберите силы в мощную атаку. При попадании вы получаете мощь и перезаряжаете это умение.
"<c=@abilitytype>Primal Burst.</c> Jump to the targeted location and slam your hammer down, creating a deadly chain of earthen shock waves that immobilize and daze foes.","<c=@abilitytype>Первобытный всплеск.</c> Прыгните в указанное место и ударьте молотом о землю, создавая смертоносную цепь земляных ударных волн, которые обездвиживают и оглушают врагов."
<c=@abilitytype>Primal Burst.</c> Lash out with a flurry of strikes that block missiles and shoot fireballs at foes in front of you.,"<c=@abilitytype>Первобытный всплеск.</c> Нанесите серию ударов, блокирующих снаряды и выпускающих огненные шары во врагов перед вами."
"<c=@abilitytype>Primal Burst.</c> Slam your staff on the ground, sending a shock wave forward that damages and immobilizes enemies while inspiring nearby allies, healing and granting regeneration to them.","<c=@abilitytype>Первобытный всплеск.</c> Ударьте посохом по земле, посылая вперёд ударную волну, которая наносит урон и обездвиживает врагов, а также вдохновляет ближайших союзников, исцеляя и даруя им регенерацию."
"<c=@abilitytype>Primal Burst.</c> Slice nearby enemies, removing boons and gaining adrenaline per boon removed. Deal more damage if your target has no boons.","<c=@abilitytype>Первобытный всплеск.</c> Разрежьте ближайших врагов, снимая благотворения и получая адреналин за каждое снятое благотворение. Наносит больше урона, если у цели нет благотворений."
<c=@abilitytype>Primal Burst.</c> Spin to create a violent shock wave that damages nearby foes.,"<c=@abilitytype>Первобытный всплеск.</c> Раскрутитесь, создавая сильную ударную волну, наносящую урон ближайшим врагам."
"<c=@abilitytype>Primal Burst.</c> Strike all foes around you, burning and pulling them in.","<c=@abilitytype>Первобытный всплеск.</c> Поразите всех врагов вокруг себя, поджигая и притягивая их."
<c=@abilitytype>Primal Burst.</c> Throw several piercing spears that inflict vulnerability in quick succession.,"<c=@abilitytype>Первобытный всплеск.</c> Бросает несколько пронзающих копий, быстро накладывающих уязвимость."
<c=@abilitytype>Primal Burst.</c> Unleash a powerful skull strike that dazes your target and inflicts multiple conditions.,"<c=@abilitytype>Первобытный всплеск.</c> Наносит мощный удар черепом, оглушающий цель и накладывающий несколько состояний."
<c=@abilitytype>Psionic.</c> Channel to gain distortion and stock up to the maximum number of blades.,"<c=@abilitytype>Псионика.</c> Сконцентрироваться, чтобы получить эффект Искажения и максимальное число клинков."
"<c=@abilitytype>Psionic.</c> Create a storm of blades that attacks a large area, damaging and applying vulnerability to targets.","<c=@abilitytype>Псионика.</c> Создает бурю клинков, атакующую большую область, нанося урон и накладывая уязвимость на цели."
"<c=@abilitytype>Psionic.</c> Drop a massive blade on a location, immobilizing enemies. This attack deals increased damage against controlled, downed, or defiant foes. <c=@reminder>Does bonus defiance-bar damage to defiant foes.</c>
<c=@reminder>Controls include stun, daze, knockback, pull, knockdown, sink, float, launch, taunt, and fear.</c>","<c=@abilitytype>Псионика.</c> Обрушивает на цель огромный клинок, обездвиживая врагов. Эта атака наносит увеличенный урон целям, находящимся под контролем, в состоянии оглушения или сопротивления. <c=@reminder>Наносит дополнительный урон шкале сопротивления врагам, находящимся в состоянии сопротивления.</c>
<c=@reminder>Эффекты контроля включают оглушение, ошеломление, отбрасывание, притягивание, нокдаун, погружение, подъём, бросок, вызов и страх.</c>"
"<c=@abilitytype>Psionic.</c> Heal yourself, lose conditions, and throw two blades at your target. If the first blade hits, you gain aegis. If the second blade hits, you gain vigor.","<c=@abilitytype>Псионика.</c> Исцеляет себя, снимает состояния и бросает два клинка в цель. Если первый клинок попадает, вы получаете эгиду. Если второй клинок попадает, вы получаете рвение."
<c=@abilitytype>Psionic.</c> Knock back nearby foes with a psychic blade and gain boons.,<c=@abilitytype>Псионика.</c> Отбрасывает ближайших врагов психическим клинком и получает благословения.
<c=@abilitytype>Psionic.</c> Open a portal that devastates targets in a line in front of you with a flurry of blades.,"<c=@abilitytype>Псионика.</c> Открыть портал, который уничтожает цели перед вами шквалом клинков."
"<c=@abilitytype>Punishment.</c> Breach into the realm of torment for a brief time, granting might to allies and slowing enemies. Convert a boon on enemies into torment each pulse.","<c=@abilitytype>Наказание.</c> Ненадолго прорвитесь в царство мук, даруя союзникам мощь и замедляя врагов. Преобразуйте один бонус врагов в муку с каждым импульсом."
<c=@abilitytype>Punishment.</c> Draw vital energy from your foes to gain life force and grant boons to nearby allies. Gain additional life force per target struck. Convert a boon on affected enemies to torment.,"<c=@abilitytype>Наказание.</c> Вытянуть витальную энергию из противников, получая жизненную силу и давая дары союзникам поблизости. Получить дополнительную жизненную силу за каждую пораженную цель. Превратить дар на пораженных врагах в боль."
<c=@abilitytype>Punishment.</c> Gain barrier. Convert a boon on nearby enemies into torment.,<c=@abilitytype>Наказание.</c> Получить барьер. Превратить дар на противниках поблизости в боль.
"<c=@abilitytype>Punishment.</c> Plunge into the ground, creating a portal through Tyria for allied use. Grant allies using this passage a health barrier. Convert a boon on nearby enemies into torment.","<c=@abilitytype>Наказание.</c> Вонзитесь в землю, создав портал через Тирию для союзников. Даруйте союзникам, использующим этот проход, барьер здоровья. Преобразуйте один бонус ближайших врагов в муку."
"<c=@abilitytype>Punishment.</c> Unleash a ghostly serpent toward a targeted area. Upon arriving, the serpent will burst into sand, granting barrier and boons to nearby allies and poisoning enemies. Convert a boon from struck enemies into torment.","<c=@abilitytype>Наказание.</c> Выпустите призрачного змея в указанную область. По прибытии змей взорвётся песком, даруя барьер и бонусы ближайшим союзникам и отравляя врагов. Преобразуйте один бонус поражённых врагов в муку."
<c=@abilitytype>Radius Increase above 50%% Heat</c>,<c=@abilitytype>Увеличение радиуса выше 50%% Накала</c>
<c=@abilitytype>Radius and Pull Increase above 50%% Heat</c>,<c=@abilitytype>Увеличение радиуса и притяжения выше 50%% Накала</c>
<c=@abilitytype>Rage.</c> Break out of stun and extend the duration of berserk mode. The extension of berserk mode increases if an enemy is nearby.,"<c=@abilitytype>Ярость.</c> Избавиться от оглушения и продлить состояние берсерка. Продление состояния берсерка будет больше, если поблизости есть противник."
"<c=@abilitytype>Rage.</c> Gain adrenaline, an attack-speed boost, and access to primal burst skills.","<c=@abilitytype>Ярость.</c> Получите адреналин, ускорение атаки и доступ к навыкам первобытного выпада."
"<c=@abilitytype>Rage.</c> Heal yourself, gain adrenaline, and recharge all primal burst skills. Heal for a percentage of your outgoing damage. This skill extends the duration of berserk mode.","<c=@abilitytype>Ярость.</c> Исцелите себя, получите адреналин и перезарядите все навыки первобытного выпада. Исцеление составляет процент от вашего исходящего урона. Этот навык продлевает длительность режима берсерка."
<c=@abilitytype>Rage.</c> Lash out with a critical attack that knocks down your foes. Extend the duration of berserk mode if this attack hits.,"<c=@abilitytype>Ярость.</c> Броситься вперёд в критической атаке, сбивающей противников с ног. Продлить состояние берсерка, если атака попала в цель."
"<c=@abilitytype>Rage.</c> Leap to a location, dealing damage and inflicting conditions on all foes in the area. Extends the duration of berserk mode if it hits.","<c=@abilitytype>Ярость.</c> Прыгните в указанное место, нанося урон и накладывая состояния на всех врагов в области. Продлевает длительность режима берсерка при попадании."
<c=@abilitytype>Rage.</c> Stun your target and stun yourself. Gain adrenaline and extend berserk duration if you hit.,<c=@abilitytype>Ярость.</c> Оглушить вашу цель и оглушить самого себя. При попадании вы получаете адреналин и продлеваете состояние берсерка.
"<c=@abilitytype>Rage.</c> Summon a rock that blocks attacks, then shatter it to send out rock fragments that inflict bleeding on all foes in front of you. Extends the duration of berserk mode if it hits.","<c=@abilitytype>Ярость.</c> Призовите камень, блокирующий атаки, затем разбейте его, чтобы разослать осколки, накладывающие кровотечение на всех врагов перед вами. Продлевает длительность режима берсерка при попадании."
<c=@abilitytype>Reflects Missiles</c>,<c=@abilitytype>Отражает снаряды</c>
"<c=@abilitytype>Shade.</c> Enter the desert shroud, gaining a powerful barrier and pulsing necrotic energy around your sand shades.
<c=@reminder>Targets affected by this ability can only be affected once per pulse.</c>","<c=@abilitytype>Тень.</c> Войдите в пустынный саван, получив мощный барьер и излучая некротическую энергию вокруг своих песчаных теней.
<c=@reminder>Цели, на которых действует эта способность, могут быть затронуты только один раз за импульс.</c>"
"<c=@abilitytype>Shade.</c> Enter the final shroud, pulsing barrier to allies around yourself and priming the shroud for a powerful detonation that damages enemies and bolsters allies.
<c=@reminder>Targets can only be affected by the detonation once per activation.</c>","<c=@abilitytype>Тень.</c> Войдите в финальный саван, создайте пульсирующий барьер вокруг союзников и подготовьте саван к мощному взрыву, который наносит урон врагам и усиливает союзников.
<c=@reminder>На цель можно воздействовать взрывом только один раз за активацию.</c>"
"<c=@abilitytype>Shade.</c> Induce fear in enemies around your sand shades.
<c=@reminder>Targets affected by this ability can only be affected once per cast.</c>","<c=@abilitytype>Тень.</c> Вселяет страх во врагов вокруг ваших песчаных теней.
<c=@reminder>Цели, на которых действует эта способность, могут быть затронуты только один раз за применение.</c>"
<c=@abilitytype>Shade.</c> Manifest a sand shade using some of your life force. Using a <c=@abilitytype>shade</c> ability strikes enemies near you and your shades.,"<c=@abilitytype>Тень.</c> Проявите песчаную тень, используя часть вашей жизненной силы. Использование способности <c=@abilitytype>тени</c> наносит урон врагам рядом с вами и вашими тенями."
"<c=@abilitytype>Shade.</c> Sand rises up near your shades to shield nearby allies.
<c=@reminder>Targets affected by this ability can only be affected once per cast.</c>","<c=@abilitytype>Тень.</c> Песок поднимается вокруг ваших теней, создавая щит для находящихся рядом союзников.
<c=@reminder>Цели, на которых применена эта способность, могут быть затронуты ею только один раз за применение.</c>"
"<c=@abilitytype>Shade.</c> Your shades convert a condition on nearby allies into a boon.
<c=@reminder>Targets affected by this ability can only be affected once per cast.</c>","<c=@abilitytype>Тень.</c> Ваши тени преобразуют негативное состояние на ближайших союзниках в благотворное.
<c=@reminder>Цели, затронутые этой способностью, могут быть подвержены её воздействию только один раз за применение.</c>"
"<c=@abilitytype>Shatter.</c> Destroy all your clones, confusing nearby foes and recharging this skill for each clone shattered.","<c=@abilitytype>Осколки.</c> Уничтожьте всех своих клонов, сбивая с толку ближайших врагов и восстанавливая это умение за каждого уничтоженного клона."
"<c=@abilitytype>Shatter.</c> Destroy all your clones, confusing nearby foes. The shatter effect also occurs at your location.","<c=@abilitytype>Осколки.</c> Уничтожьте всех своих клонов, сбивая с толку ближайших врагов. Эффект разрушения также происходит в вашем местоположении."
"<c=@abilitytype>Shatter.</c> Destroy all your clones, damaging nearby foes. Strikes again after a delay.
<c=@reminder>Shatter traits only affect the first strike of this skill.</c>","<c=@abilitytype>Осколки.</c> Уничтожьте всех своих клонов, нанося урон ближайшим врагам. Повторный удар с задержкой.
<c=@reminder>Черты Shatter влияют только на первый удар этого навыка.</c>"
"<c=@abilitytype>Shatter.</c> Destroy all your clones, damaging nearby foes. The shatter effect also occurs at your location.","<c=@abilitytype>Осколки.</c> Уничтожьте всех своих клонов, нанося урон ближайшим врагам. Эффект разрушения также происходит в вашем местоположении."
"<c=@abilitytype>Shatter.</c> Destroy all your clones, dazing and slowing their targets.","<c=@abilitytype>Осколки.</c> Уничтожьте всех своих клонов, оглушая и замедляя их цели."
"<c=@abilitytype>Shatter.</c> Destroy all your clones, dazing their targets. The shatter effect also occurs at your location.","<c=@abilitytype>Осколки.</c> Уничтожьте всех своих клонов, оглушая их цели. Эффект разрушения также происходит в вашем местоположении."
"<c=@abilitytype>Shatter.</c> Gain distortion and destroy all your clones, gaining additional distortion for each one shattered.","<c=@abilitytype>Осколки.</c> Получите искажение и уничтожьте всех своих клонов, получая дополнительное искажение за каждого уничтоженного."
<c=@abilitytype>Shout.</c> Call out target foe to make them vulnerable.,"<c=@abilitytype>Крик.</c> Выкрикните цель, чтобы сделать её уязвимой."
<c=@abilitytype>Shout.</c> Call upon the earth to cripple and immobilize foes in the area around you. Allies in the initial blast gain a magnetic aura.,"<c=@abilitytype>Крик.</c> Призовите землю, чтобы покалечить и обездвижить врагов в области вокруг вас. Союзники в начальном взрыве получают магнитную ауру."
<c=@abilitytype>Shout.</c> Cure conditions on yourself and nearby allies.,<c=@abilitytype>Крик.</c> Исцелите состояния на себе и ближайших союзниках.
<c=@abilitytype>Shout.</c> Cure conditions on yourself and nearby allies. Also breaks stuns for affected allies.,<c=@abilitytype>Крик.</c> Исцелите состояния на себе и ближайших союзниках. Также снимает оглушение с затронутых союзников.
<c=@abilitytype>Shout.</c> Damage foes around you and chill them. Transfer conditions to each foe you strike. Deal additional damage and transfer additional conditions to foes struck within melee range.,"<c=@abilitytype>Крик.</c> Нанесите урон врагам вокруг вас и заморозьте их. Передайте состояния каждому поражённому врагу. Нанесите дополнительный урон и передайте дополнительные состояния врагам, поражённым в ближнем бою."
"<c=@abilitytype>Shout.</c> Damage foes around you and gain boons. Inflict conditions on struck foes, and gain boons per foe struck. Deal additional damage and gain additional boons when striking foes within melee range.",<c=@abilitytype>Крик.</c> Нанесите урон врагам вокруг вас и получите благословения. Наложите состояния на поражённых врагов и получите благословения за каждого поражённого врага. Нанесите дополнительный урон и получите дополнительные благословения при поражении врагов в ближнем бою.
"<c=@abilitytype>Shout.</c> Damage foes around you, converting their boons into vulnerability. Your next few attacks become unblockable. Deal additional damage and gain additional unblockable attacks when striking foes within melee range.","<c=@abilitytype>Крик.</c> Нанесите урон врагам вокруг вас, превращая их благословения в уязвимость. Ваши следующие несколько атак становятся неблокируемыми. Нанесите дополнительный урон и получите дополнительные неблокируемые атаки при поражении врагов в ближнем бою."
<c=@abilitytype>Shout.</c> Damage foes around you. Summon a shambling horror plus additional horrors near each enemy struck. Deal additional damage and summon a second horror when striking foes within melee range. Shambling horrors absorb damage for their master as long as they are attacking.,"<c=@abilitytype>Крик.</c> Нанесите урон врагам вокруг вас. Призовите шатающегося ужаса и дополнительных ужасов рядом с каждым поражённым врагом. Нанесите дополнительный урон и призовите второго ужаса при поражении врагов в ближнем бою. Шатающиеся ужасы поглощают урон за своего хозяина, пока атакуют."
<c=@abilitytype>Shout.</c> Draw conditions from nearby allies to yourself. Gain multiple boons for a short duration.,<c=@abilitytype>Крик.</c> Перетяните состояния от ближайших союзников на себя. Получите несколько благословений на короткое время.
"<c=@abilitytype>Shout.</c> Freeze all enemies around you, inflicting conditions on them. Gain boons for each foe you freeze. Deal additional damage and increased stun duration and gain additional boons when striking foes in melee range.","<c=@abilitytype>Крик.</c> Заморозьте всех врагов вокруг вас, накладывая на них состояния. Получите благословения за каждого замороженного врага. Нанесите дополнительный урон и увеличьте длительность оглушения, а также получите дополнительные благословения при поражении врагов в ближнем бою."
<c=@abilitytype>Shout.</c> Grant fury and might to yourself and allies.,<c=@abilitytype>Крик.</c> Даруйте ярость и мощь себе и союзникам.
<c=@abilitytype>Shout.</c> Grant fury and quickness to nearby allies. The duration of the quickness you grant yourself is doubled.,"<c=@abilitytype>Крик.</c> Даруйте ярость и проворство ближайшим союзникам. Длительность проворства, которую вы даруете себе, удваивается."
<c=@abilitytype>Shout.</c> Grant protection and regeneration to allies.,<c=@abilitytype>Крик.</c> Даруйте протекцию и регенерацию союзникам.
<c=@abilitytype>Shout.</c> Grant stability to yourself and allies.,<c=@abilitytype>Крик.</c> Даруйте устойчивость себе и союзникам.
<c=@abilitytype>Shout.</c> Heal yourself and allies in a cone in front of you.,<c=@abilitytype>Крик.</c> Исцелите себя и союзников в конусе перед собой.
<c=@abilitytype>Shout.</c> Heal yourself and regain all adrenaline. Nearby allies gain endurance.,<c=@abilitytype>Крик.</c> Исцелите себя и восстановите всю ярость. Союзники поблизости восстанавливают выносливость.
"<c=@abilitytype>Shout.</c> Heal yourself, gain life force, and strike foes around you, absorbing additional life force from each foe struck. Deal additional damage and gain bonus life force when striking foes in melee range.","<c=@abilitytype>Крик.</c> Исцелите себя, получите жизненную силу и поразите врагов вокруг, поглощая дополнительную жизненную силу от каждого поражённого врага. Наносите дополнительный урон и получайте бонусную жизненную силу при поражении врагов в ближнем бою."
"<c=@abilitytype>Shout.</c> Heat waves blast out from the player, causing damage and granting fire aura to allies.","<c=@abilitytype>Крик.</c> От игрока расходятся тепловые волны, наносящие урон и дарующие огненную ауру союзникам."
"<c=@abilitytype>Shout.</c> Imbue your voice with the element of air, massively increasing speed and breaking stun for nearby allies.","<c=@abilitytype>Крик.</c> Наполните свой голос стихией воздуха, значительно увеличивая скорость и снимая оглушение с ближайших союзников."
<c=@abilitytype>Shout.</c> Induce fear in your foes. Fear duration increases based on your distance to the enemy.,<c=@abilitytype>Крик.</c> Вселите страх во врагов. Длительность страха увеличивается в зависимости от расстояния до цели.
"<c=@abilitytype>Shout.</c> Mists billow from you, healing allies in range and cleansing conditions.","<c=@abilitytype>Крик.</c> Из вас вырывается туман, исцеляющий союзников в радиусе действия и снимающий с них состояния."
"<c=@abilitytype>Shout.</c> Shout and infuse your allies with arcane energy. Allies who would take lethal damage while this is active ignore the deathblow and are healed instead. If the effect expires naturally, grant an aura based on your current attunement.","<c=@abilitytype>Крик.</c> Крикните и наполните союзников магической энергией. Союзники, которые получили бы смертельный урон, пока это активно, игнорируют смертельный удар и вместо этого исцеляются. Если эффект заканчивается естественным образом, дайте ауру в зависимости от текущей настройки."
"<c=@abilitytype>Shout.</c> Unleash a torrent of ice on enemy locations, chilling those who cannot escape. Grant frost aura to allies in range.","<c=@abilitytype>Крик.</c> Обрушьте поток льда на позиции врагов, замораживая тех, кто не сможет убежать. Дайте ауру мороза союзникам в радиусе действия."
"<c=@abilitytype>Shroud. Spirit.</c> Create a powerful blast that damages enemies in the area, then summon a Spirit of Wanderlust at that location. Wanderlust knocks down enemies and creates a lingering area that deals damage and inflicts conditions.","<c=@abilitytype>Покров. Дух.</c> Создайте мощный взрыв, наносящий урон врагам в области, затем призовите Духа Странствий в этом месте. Странствия сбивают врагов с ног и создают затяжную область, которая наносит урон и накладывает состояния."
"<c=@abilitytype>Shroud. Spirit.</c> Grant boons to nearby allies, then summon a spirit of preservation. Preservation will unleash a burst of energy, healing and removing conditions from nearby allies.","<c=@abilitytype>Покров. Дух.</c> Дайте благословения ближайшим союзникам, затем призовите духа сохранения. Сохранение выпустит всплеск энергии, исцеляя и снимая состояния с ближайших союзников."
"<c=@abilitytype>Shroud. Spirit.</c> Mark an enemy to take more damage from your summoned creatures, then summon a spirit of anguish. Anguish fires a barrage of projectiles that deal increased damage against crowd-controlled enemies and for each condition on those enemies.","<c=@abilitytype>Покров. Дух.</c> Отметьте врага, чтобы он получал больше урона от ваших призванных существ, затем призовите духа муки. Мука выпускает шквал снарядов, наносящих повышенный урон по врагам под контролем толпы и за каждое состояние на этих врагах."
"<c=@abilitytype>Shroud.</c> Begin binding nearby enemies with your life force, pulsing out conditions; they can break this binding if they get far enough away from you. Bound foes are immobilized if the binding finishes.","<c=@abilitytype>Саван.</c>Начните связывать ближайших врагов своей жизненной силой, пульсируя состояниями; они могут разорвать эту связь, если отойдут от вас на достаточное расстояние. Связанные враги обездвиживаются, если действие связи завершается."
<c=@abilitytype>Shroud.</c> Blast your foe with life force.,<c=@abilitytype>Саван.</c>Ударить противника жизненной силой.
"<c=@abilitytype>Shroud.</c> Cleave foes around you, gaining life force for each foe struck. This skill inherits traits from Life Blast.","<c=@abilitytype>Саван.</c>Рассекайте врагов вокруг себя, получая жизненную силу за каждого пораженного противника. Этот навык наследует черты Life Blast."
<c=@abilitytype>Shroud.</c> Damage nearby foes and steal their life force.,<c=@abilitytype>Саван.</c>Нанести урон противникам поблизости и похитить их жизненную силу.
"<c=@abilitytype>Shroud.</c> Deliver a powerful overhand strike to stun a single target, dealing increased damage the lower their health. Leaves behind an ice field.","<c=@abilitytype>Саван.</c>Нанесите мощный удар сверху, чтобы оглушить одну цель, нанося повышенный урон, чем ниже её здоровье. Оставляет ледяное поле."
<c=@abilitytype>Shroud.</c> Fire a blast of energy that is more powerful for each active spirit. Active spirits will prioritize attacking the last enemy targeted by this skill if they are in range.,"<c=@abilitytype>Саван.</c>Выпустить заряд энергии, который усиливается с каждым активным духом. Последний противник, оказавшийся целью этого умения, станет приоритетной целью для атак духов, если он будет в зоне их досягаемости."
<c=@abilitytype>Shroud.</c> Inflict fear on your foe.,<c=@abilitytype>Саван.</c>Вызвать у противника страх.
<c=@abilitytype>Shroud.</c> Make foes around you flee in fear.,<c=@abilitytype>Саван.</c>Заставить противников вокруг вас убегать в страхе.
"<c=@abilitytype>Shroud.</c> Send out a claw. If it hits a foe, it inflicts bleeding and chill on nearby foes and you may cast Dark Pursuit to shadowstep to the initial target.","<c=@abilitytype>Саван.</c>Отправьте коготь. Если он попадает во врага, он накладывает кровотечение и охлаждение на ближайших врагов, и вы можете применить Dark Pursuit, чтобы совершить теневой шаг к первоначальной цели."
"<c=@abilitytype>Shroud.</c> Shroud yourself with dark armor that grants stability and reduces incoming damage. While the armor is active, you may reactivate this skill to inflict fear on foes around you.","<c=@abilitytype>Саван.</c>Окутайте себя тёмной броней, которая даёт устойчивость и снижает входящий урон. Пока броня активна, вы можете повторно активировать этот навык, чтобы наложить страх на врагов вокруг вас."
"<c=@abilitytype>Shroud.</c> Slide forward, destroying projectiles in your path. Blind foes at your destination. This skill inherits traits from Dark Path.","<c=@abilitytype>Саван.</c>Скользите вперёд, уничтожая снаряды на своем пути. Ослепите врагов в точке назначения. Этот навык наследует черты Dark Path."
"<c=@abilitytype>Shroud.</c> Spin and damage nearby foes, and inflict a condition each strike.","<c=@abilitytype>Саван.</c>Вращайтесь и наносите урон ближайшим врагам, накладывая состояние при каждом ударе."
<c=@abilitytype>Shroud.</c> You and any active spirits shadowstep to the target area. Any spirits that aren't currently using their initial skill will immediately use an additional skill.,"<c=@abilitytype>Саван.</c>Вы и все призванные вами духи делаете Призрачный Шаг в выбранную область. Любой дух, который в данный момент не использует свое начальное умение, немедленно активирует дополнительное умение."
<c=@abilitytype>Signet Active:</c> Strike and remove boons from nearby foes. Heal for each foe you strike and for each boon removed.,<c=@abilitytype>Печать (активно):</c>Ударьте и снимите благословения с ближайших врагов. Исцелитесь за каждого пораженного врага и за каждое снятое благословение.
"<c=@abilitytype>Signet Passive:</c> Creates a clone every few seconds.
<c=@abilitytype>Signet Active:</c> Recharges shatter skills.","<c=@abilitytype>Печать (пассивно):</c> Создает клон каждые несколько секунд.
<c=@abilitytype>Печать (активно):</c> Восстанавливает навыки, наносящие урон от осколков."
"<c=@abilitytype>Signet Passive:</c> Faster endurance regeneration.
<c=@abilitytype>Signet Active:</c> Cure all conditions and gain endurance. Gain additional endurance for each condition cured.","<c=@abilitytype>Печать (пассивно):</c> Ускоренная регенерация выносливости.
<c=@abilitytype>Печать (активно):</c> Снимает все негативные эффекты и восстанавливает выносливость. Восстанавливает дополнительную выносливость за каждый снятый эффект."
"<c=@abilitytype>Signet Passive:</c> Generates life force while in combat.
<c=@abilitytype>Signet Active:</c> Sacrifice health to revive one downed ally in a target area.","<c=@abilitytype>Печать (пассивно):</c> Генерирует жизненную силу во время боя.
<c=@abilitytype>Печать (активно):</c> Пожертвуйте здоровьем, чтобы воскресить одного поверженного союзника в выбранной области."
"<c=@abilitytype>Signet Passive:</c> Generates life force while in combat.
<c=@abilitytype>Signet Active:</c> Sacrifice health to revive one nearby downed ally.","<c=@abilitytype>Печать (пассивно):</c> Генерирует жизненную силу во время боя.
<c=@abilitytype>Печать (активно):</c> Пожертвуйте здоровьем, чтобы воскресить одного из находящихся рядом союзников."
"<c=@abilitytype>Signet Passive:</c> Grant swiftness and an additional random boon every ten seconds.
<c=@abilitytype>Signet Active:</c> Extends the duration of all boons on yourself.","<c=@abilitytype>Печать (пассивно):</c> Каждые десять секунд даёт быстроту и случайное дополнительное благословение.
<c=@abilitytype>Печать (активно):</c> Увеличивает длительность всех активных благословений на себе."
"<c=@abilitytype>Signet Passive:</c> Grants 25%% increased movement speed to you and your pet.
<c=@abilitytype>Signet Active:</c> Attacks from you and your pet become unblockable, and you both gain superspeed.","<c=@abilitytype>Печать (пассивно):</c> Увеличивает скорость передвижения вас и вашего питомца на 25%%.
<c=@abilitytype>Печать (активно):</c> Атаки, совершаемые вами и вашим питомцем, становятся непробиваемыми, и вы оба получаете эффект «сверхскорости»."
"<c=@abilitytype>Signet Passive:</c> Grants a 25%% increase in movement speed.
<c=@abilitytype>Signet Active:</c> Blind your target and nearby foes.","<c=@abilitytype>Печать (пассивно):</c> Даёт 25%%-ное увеличение скорости передвижения.
<c=@abilitytype>Печать (активно):</c> Ослепляет цель и ближайших врагов."
"<c=@abilitytype>Signet Passive:</c> Grants adrenaline while in combat.
<c=@abilitytype>Signet Active:</c> Gain fury, might, and swiftness.","<c=@abilitytype>Печать (пассивно):</c> Даёт адреналин во время боя.
<c=@abilitytype>Печать (активно):</c> Даёт ярость, мощь и быстроту."
"<c=@abilitytype>Signet Passive:</c> Grants health every time you cast a spell. 
<c=@abilitytype>Signet Active:</c> Heal yourself.","<c=@abilitytype>Печать (пассивно):</c> Даёт здоровье каждый раз, когда вы применяете заклинание.
<c=@abilitytype>Печать (активно):</c> Исцелите себя."
"<c=@abilitytype>Signet Passive:</c> Grants increased power.
<c=@abilitytype>Signet Active:</c> Power is massively increased for a short duration.","<c=@abilitytype>Печать (пассивно):</c> Даёт увеличение силы.
<c=@abilitytype>Печать (активно):</c> Значительно увеличивает силу на короткое время."
"<c=@abilitytype>Signet Passive:</c> Grants increased precision.
<c=@abilitytype>Signet Active:</c> Refill endurance and cleanse conditions from nearby allies.","<c=@abilitytype>Печать (пассивно):</c> Даёт увеличение точности.
<c=@abilitytype>Печать (активно):</c> Восстанавливает выносливость и снимает негативные эффекты с ближайших союзников."
"<c=@abilitytype>Signet Passive:</c> Grants you increased condition damage.
<c=@abilitytype>Signet Active:</c> Immobilize and burn your target.","<c=@abilitytype>Печать (пассивно):</c> Даёт бонус к урону от состояний.
<c=@abilitytype>Печать (активно):</c> Оглушает и поджигает цель."
"<c=@abilitytype>Signet Passive:</c> Heal yourself and your mech every second.
<c=@abilitytype>Signet Active:</c> Heal yourself and your mech.","<c=@abilitytype>Печать (пассивно):</c> Каждую секунду восстанавливает здоровье вам и вашему механизму.
<c=@abilitytype>Печать (активно):</c> Восстанавливает здоровье вам и вашему механизму."
"<c=@abilitytype>Signet Passive:</c> Heal yourself whenever you summon an illusion.
<c=@abilitytype>Signet Active:</c> Heal yourself and reduce the recharge of phantasm skills.","<c=@abilitytype>Печать (пассивно):</c> Восстанавливайте здоровье каждый раз, когда призываете иллюзию.
<c=@abilitytype>Печать (активно):</c> Восстановите своё здоровье и уменьшите время перезарядки умений «Фантом»."
"<c=@abilitytype>Signet Passive:</c> Heals when you attack.
<c=@abilitytype>Signet Active:</c> Gain health.","<c=@abilitytype>Печать (пассивно):</c>: исцеляет при атаке.
<c=@abilitytype>Печать (активно):</c>: восстанавливает здоровье."
"<c=@abilitytype>Signet Passive:</c> Improved Power
<c=@abilitytype>Signet Active:</c> Knock down and damage your foe.","<c=@abilitytype>Печать (пассивно):</c> Увеличенная мощь.
<c=@abilitytype>Печать (активно):</c> Сбивает противника с ног и наносит урон."
"<c=@abilitytype>Signet Passive:</c> Improved condition damage.
<c=@abilitytype>Signet Active:</c> Stun your foe.","<c=@abilitytype>Печать (пассивно):</c> Увеличенный урон от состояний.
<c=@abilitytype>Печать (активно):</c> Оглушите врага."
"<c=@abilitytype>Signet Passive:</c> Improves concentration.
<c=@abilitytype>Signet Active:</c> Revive a nearby downed ally.","<c=@abilitytype>Печать (пассивно):</c> Улучшает концентрацию.
<c=@abilitytype>Печать (активно):</c> Воскрешает ближайшего союзника, находящегося в состоянии оглушения."
"<c=@abilitytype>Signet Passive:</c> Improves critical chance.
<c=@abilitytype>Signet Active:</c> Burn your target and nearby foes.","<c=@abilitytype>Печать (пассивно):</c> Увеличивает шанс критического удара.
<c=@abilitytype>Печать (активно):</c> Поджигает цель и ближайших врагов."
"<c=@abilitytype>Signet Passive:</c> Improves expertise.
<c=@abilitytype>Signet Active:</c> Blind nearby foes and stealth yourself.","<c=@abilitytype>Печать (пассивно):</c> Улучшает мастерство.
<c=@abilitytype>Печать (активно):</c> Ослепляет врагов поблизости и делает вас невидимым."
"<c=@abilitytype>Signet Passive:</c> Improves power.
<c=@abilitytype>Signet Active:</c> Attacks are unblockable and you gain might.","<c=@abilitytype>Печать (пассивно):</c> Увеличивает силу.
<c=@abilitytype>Печать (активно):</c> Атаки становятся неблокируемыми, и вы получаете эффект «Мощь»."
"<c=@abilitytype>Signet Passive:</c> Improves power.
<c=@abilitytype>Signet Active:</c> Inflict bleeding, blindness, crippled, poison, vulnerability, and weakness on your foe.","<c=@abilitytype>Печать (пассивно):</c>: увеличивает силу.
<c=@abilitytype>Печать (активно):</c>: наносит кровотечение, слепоту, хромоту, отравление, уязвимость и слабость врагу."
"<c=@abilitytype>Signet Passive:</c> Improves precision.
<c=@abilitytype>Signet Active:</c> Gain adrenaline and improve your precision and ferocity.","<c=@abilitytype>Печать (пассивно):</c> Увеличивает точность.
<c=@abilitytype>Печать (активно):</c> Даёт адреналин и увеличивает вашу точность и ярость."
"<c=@abilitytype>Signet Passive:</c> Improves toughness for you and your pet. 
<c=@abilitytype>Signet Active:</c> You and your pet take no damage from attacks. You and your pet are still susceptible to conditions and control effects.","<c=@abilitytype>Печать (пассивно):</c> Увеличивает живучесть для вас и вашего питомца.
<c=@abilitytype>Печать (активно):</c> Вы и ваш питомец не получаете урон от атак. Вы и ваш питомец по-прежнему восприимчивы к эффектам состояний и контроля."
"<c=@abilitytype>Signet Passive:</c> Increases condition damage dealt.
<c=@abilitytype>Signet Active:</c> Creates a damaging field around you that applies conditions to nearby foes. If your mech is active, the field instead radiates from and follows the mech.","<c=@abilitytype>Печать (пассивно):</c> Увеличивает урон от состояний.
<c=@abilitytype>Печать (активно):</c> Создаёт вокруг вас область действия, наносящую урон и применяющую состояния к ближайшим врагам. Если ваш механизм активен, то вместо этого область будет исходить от механизма и следовать за ним."
"<c=@abilitytype>Signet Passive:</c> Increases movement speed. Boons you gain are copied to your mech.
<c=@abilitytype>Signet Active:</c> You and your mech shadowstep to the target location. Remove conditions on you and your mech.","<c=@abilitytype>Печать (пассивно):</c> Увеличивает скорость передвижения. Благоприятные эффекты, которые вы получаете, также применяются к вашему механизму.
<c=@abilitytype>Печать (активно):</c> Вы и ваш механизм совершаете рывок в указанную точку. С вас и с вашего механизма снимаются негативные эффекты."
"<c=@abilitytype>Signet Passive:</c> Increases strike damage dealt.
<c=@abilitytype>Signet Active:</c> Knock foes away from yourself and away from your mech.","<c=@abilitytype>Печать (пассивно):</c> увеличивает урон от атак.
<c=@abilitytype>Печать (активно):</c> отбрасывает врагов от вас и от вашего меха."
"<c=@abilitytype>Signet Passive:</c> Increases the ferocity of you and your pet. 
<c=@abilitytype>Signet Active:</c> Tap into the land to root foes around you.","<c=@abilitytype>Печать (пассивно):</c> Увеличивает свирепость вас и вашего питомца.
<c=@abilitytype>Печать (активно):</c> Используйте силу земли, чтобы обездвижить врагов вокруг себя."
"<c=@abilitytype>Signet Passive:</c> Periodically heal allies in an area around you while in combat.
<c=@abilitytype>Signet Active:</c> Channel healing and boons in a large area around you, concluding with a large heal if this skill is not interrupted.","<c=@abilitytype>Печать (пассивно):</c> Периодически исцеляет союзников в области вокруг вас во время боя.
<c=@abilitytype>Печать (активно):</c> Направляет поток исцеления и благословений на большую область вокруг вас, завершаясь мощным исцелением, если этот навык не прервать."
"<c=@abilitytype>Signet Passive:</c> Reduce incoming condition damage.
<c=@abilitytype>Signet Active:</c> Send your conditions to a foe.","<c=@abilitytype>Печать (пассивно):</c>: уменьшает входящий урон от состояний.
<c=@abilitytype>Печать (активно):</c>: передает ваши состояния врагу."
"<c=@abilitytype>Signet Passive:</c> Reduce incoming strike damage.
<c=@abilitytype>Signet Active:</c> Immobilize and bleed your foe.","<c=@abilitytype>Печать (пассивно):</c> Уменьшает входящий урон от атак.
<c=@abilitytype>Печать (активно):</c> Оглушает и вызывает кровотечение у противника."
"<c=@abilitytype>Signet Passive:</c> Reduces all incoming damage.
<c=@abilitytype>Signet Active:</c> Grant resolution and protection to nearby allies while debilitating nearby enemies.","<c=@abilitytype>Печать (пассивно):</c> Снижает весь входящий урон.
<c=@abilitytype>Печать (активно):</c> Дарует решимость и протекцию ближайшим союзникам, ослабляя при этом ближайших врагов."
"<c=@abilitytype>Signet Passive:</c> Reduces duration of incoming stuns, dazes, fears, and taunts.
<c=@abilitytype>Signet Active:</c> Transform your foe into a moa bird.
<c=@reminder>(Defiant foes will have their defiant bar reduced instead.)</c>","<c=@abilitytype>Печать (пассивно):</c> Уменьшает длительность входящих оглушений, ошеломлений, испугов и насмешек.
<c=@abilitytype>Печать (активно):</c> Превращает врага в птицу моа.
<c=@reminder>(У непокорных противников вместо этого уменьшается шкала сопротивления.)</c>"
"<c=@abilitytype>Signet Passive:</c> Reduces incoming condition duration.
<c=@abilitytype>Signet Active:</c> Damage and chill foes while healing and reviving allies in an area.","<c=@abilitytype>Печать (пассивно):</c> Уменьшает длительность отрицательных эффектов.
<c=@abilitytype>Печать (активно):</c> Наносит урон и замедляет врагов, одновременно исцеляя и воскрешая союзников в области действия."
"<c=@abilitytype>Signet Passive:</c> Reduces incoming damage.
<c=@abilitytype>Signet Active:</c> Heal yourself and gain stability.","<c=@abilitytype>Печать (пассивно):</c>: уменьшает входящий урон.
<c=@abilitytype>Печать (активно):</c>: восстанавливает здоровье и даёт устойчивость."
"<c=@abilitytype>Signet Passive:</c> Reduces recharge of other signets.
<c=@abilitytype>Signet Active:</c> Order your mech to fire its ultimate weapon, the jade buster cannon. If your mech is not present, instead your mech is summoned, even if Crash Down is on cooldown.","<c=@abilitytype>Печать (пассивно):</c> Уменьшает время перезарядки других знаков.
<c=@abilitytype>Печать (активно):</c> Приказывает вашему механизму открыть огонь из его главного оружия — пушки «Нефритовый разрушитель». Если ваш механизм отсутствует, вместо этого он будет вызван, даже если способность «Крушение» находится на перезарядке."
"<c=@abilitytype>Signet Passive:</c> Regenerate health.
<c=@abilitytype>Signet Active:</c> Heal yourself, and grant yourself resistance.","<c=@abilitytype>Печать (пассивно):</c>: Восстанавливает здоровье.
<c=@abilitytype>Печать (активно):</c>: Лечит вас и даёт сопротивляемость."
"<c=@abilitytype>Signet Passive:</c> Regenerates one extra initiative every ten seconds.
<c=@abilitytype>Signet Active:</c> Shadowstep to your foe.","<c=@abilitytype>Печать (пассивно):</c> Восстанавливает одно дополнительное очко инициативы каждые десять секунд.
<c=@abilitytype>Печать (активно):</c> Используйте «Теневой шаг», чтобы переместиться к врагу."
"<c=@abilitytype>Signet Passive:</c> Remove a condition from yourself every few seconds.
<c=@abilitytype>Signet Active:</c> Heal yourself and remove conditions.","<c=@abilitytype>Печать (пассивно):</c> Каждые несколько секунд снимает с вас одно негативное состояние.
<c=@abilitytype>Печать (активно):</c> Восстанавливает вам здоровье и снимает негативные состояния."
"<c=@abilitytype>Signet Passive:</c> Steal health from nearby foes while in combat.
<c=@abilitytype>Signet Active:</c> Heal yourself and mark a foe. Allied players will siphon life from the marked enemy.","<c=@abilitytype>Печать (пассивно):</c> Во время боя похищайте здоровье у ближайших врагов.
<c=@abilitytype>Печать (активно):</c> Исцелите себя и пометьте врага. Союзники будут вытягивать жизнь из отмеченного врага."
"<c=@abilitytype>Signet Passive:</c> You and your pet recover health. 
<c=@abilitytype>Signet Active:</c> Grant resistance and resolution to your pet; it pulls conditions from nearby allies to itself.","<c=@abilitytype>Печать (пассивно):</c> Вы и ваш питомец восстанавливаете здоровье.
<c=@abilitytype>Печать (активно):</c> Даёт вашему питомцу сопротивляемость и решимость; он переносит негативные эффекты с ближайших союзников на себя."
"<c=@abilitytype>Signet Passive:</c> Your movement speed is increased.
<c=@abilitytype>Signet Active:</c>Strike and remove boons from nearby foes. Heal for each foe you strike and for each boon removed.","<c=@abilitytype>Печать (пассивно):</c> Ваша скорость передвижения увеличена.
<c=@abilitytype>Печать (активно):</c> Нанесите удар и снимите благословения с ближайших врагов. Восстановите здоровье за каждого пораженного врага и за каждое снятое благословение."
<c=@abilitytype>Signet.</c> Immobilize your target.,<c=@abilitytype>Печать.</c> Обездвиживает вашу цель.
<c=@abilitytype>Signet.</c> You and your pet take no damage from attacks. You and your pet are still susceptible to conditions and control effects.,<c=@abilitytype>Печать.</c> Вы и ваш питомец не получаете урона от атак. Вы и ваш питомец по-прежнему подвержены состояниям и эффектам контроля.
<c=@abilitytype>Signet.</c> Your attacks become unblockable.,<c=@abilitytype>Печать.</c> Ваши атаки становятся неблокируемыми.
"<c=@abilitytype>Spectral.</c> Assume the form of a lich for a brief time, improving your precision and vitality. Gain life force when this skill ends.
<c=@reminder>Entering this form removes other spectral effects.</c>","<c=@abilitytype>Призрачный.</c> На короткое время принимайте облик лича, повышая точность и жизненную силу. По окончании действия навыка получайте жизненную энергию.
<c=@reminder>Принятие этой формы снимает другие призрачные эффекты.</c>"
"<c=@abilitytype>Spectral.</c> Create a shadowy tether and become spectral, consuming conditions for life force. You may return to your initial position by using Spectral Recall.","<c=@abilitytype>Призрачный.</c> Создайте теневую привязь и станьте призрачным, поглощая состояния для жизненной силы. Вы можете вернуться на исходную позицию, используя Призрачный возврат."
"<c=@abilitytype>Spectral.</c> Create a spectral ring that protects allies and inflicts fear on foes. Gain life force when a foe is inflicted by fear from this skill.
<c=@reminder>This skill can only inflict fear on the same foe once per interval.</c>","<c=@abilitytype>Призрачный.</c> Создайте призрачное кольцо, которое защищает союзников и вселяет страх во врагов. Получайте жизненную силу, когда враг оказывается под воздействием страха от этого умения.
<c=@reminder>Это умение может накладывать эффект страха на одного и того же врага только один раз за интервал.</c>"
<c=@abilitytype>Spectral.</c> Gain life force as you take damage.,<c=@abilitytype>Призрачный.</c> Получайте жизненную силу при получении урона.
"<c=@abilitytype>Spectral.</c> Pull target foe and all nearby foes to you, chill them, and gain life force.","<c=@abilitytype>Призрачный.</c> Притяните к себе выбранного врага и всех врагов поблизости, наложите на них холод и получите жизненную силу."
<c=@abilitytype>Spirit Weapon.</c> Command the Bow of Truth to barrage a location with healing arrows.,<c=@abilitytype>Духовное оружие.</c> Прикажите Луку Истины обстрелять место исцеляющими стрелами.
"<c=@abilitytype>Spirit Weapon.</c> Command the Shield of the Avenger to form a protective dome, and then shatter, flying out to weaken nearby foes.","<c=@abilitytype>Духовное оружие.</c> Прикажите Щиту Мстителя образовать защитный купол, а затем разбиться, разлетаясь, чтобы ослабить врагов поблизости."
<c=@abilitytype>Spirit Weapon.</c> Order the Hammer of Wisdom to knock down your foe.,<c=@abilitytype>Духовное оружие.</c> Прикажите Молоту Мудрости сбить с ног вашего врага.
<c=@abilitytype>Spirit Weapon.</c> Will the Sword of Justice to appear beside your enemy and attack nearby foes.,<c=@abilitytype>Духовное оружие.</c> Заставит Меч Правосудия появиться рядом с вашим врагом и атаковать ближайших противников.
"<c=@abilitytype>Spirit.</c> Summon a frost spirit at a target location and apply resistance to nearby allies. The spirit will slam the ground and then shake, granting boons to nearby allies.</c>","<c=@abilitytype>Дух.</c> Призовите ледяного духа в указанное место и примените сопротивляемость к ближайшим союзникам. Дух ударит по земле, а затем сотрясёт её, даруя благословения ближайшим союзникам.</c>"
"<c=@abilitytype>Spirit.</c> Summon a spirit at a target point and convert conditions on allies into boons. The spirit will slam the ground and then shake, granting boons to nearby allies.</c>","<c=@abilitytype>Дух.</c> Призовите духа в указанную точку и преобразуйте состояния на союзниках в благословения. Дух ударит по земле, а затем сотрясёт её, даруя благословения ближайшим союзникам.</c>"
"<c=@abilitytype>Spirit.</c> Summon a stone spirit at a target location and apply aegis to nearby allies. The spirit will slam the ground and then shake, granting boons to nearby allies.</c>","<c=@abilitytype>Дух.</c> Призовите каменного духа в указанное место и примените эгиду к ближайшим союзникам. Дух ударит по земле, а затем сотрясёт её, даруя благословения ближайшим союзникам.</c>"
"<c=@abilitytype>Spirit.</c> Summon a storm spirit at a target location and apply vulnerability to nearby enemies. The spirit will slam the ground and then shake, granting boons to nearby allies.</c>","<c=@abilitytype>Дух.</c> Призовите штормового духа в указанное место и примените уязвимость к ближайшим врагам. Дух ударит по земле, а затем сотрясёт её, даруя благословения ближайшим союзникам.</c>"
"<c=@abilitytype>Spirit.</c> Summon a sun spirit at a target location and apply blindness to nearby enemies. The spirit will slam the ground and then shake, granting boons to nearby allies.</c>","<c=@abilitytype>Дух.</c> Призовите солнечного духа в указанное место и ослепите ближайших врагов. Дух ударит по земле, а затем сотрясёт её, даруя благословения ближайшим союзникам.</c>"
"<c=@abilitytype>Spirit.</c> Summon a water spirit at a target location and heal yourself and your pet. The spirit will slam the ground and then shake, granting boons to nearby allies.</c>","<c=@abilitytype>Дух.</c> Призовите водного духа в указанное место и исцелите себя и вашего питомца. Дух ударит по земле, а затем сотрясёт её, даруя благословения ближайшим союзникам.</c>"
<c=@abilitytype>Squall.</c> Call upon a gentle wind to heal and grant superspeed to you and your pet.,"<c=@abilitytype>Шквал.</c> Призвать нежный ветерок, чтобы дать себе и своему питомцу исцеление и сверхскорость."
<c=@abilitytype>Squall.</c> Conjure a barrage of wind to cut through your target. Deal increased damage against vulnerable foes. The wind flies faster when you have swiftness or superspeed.,"<c=@abilitytype>Шквал.</c> Создать шквал ветра, пронизывающего вашу цель. Нанести повышенный урон уязвимым противникам. Ветер летит быстрее, если у вас есть дар Быстроты или сверхскорость."
<c=@abilitytype>Squall.</c> Launch yourself forward with powerful gust of wind.,<c=@abilitytype>Шквал.</c> Броситься вперёд вместе с мощным порывом ветра.
"<c=@abilitytype>Squall.</c> Release a massive tornado, launching enemies it strikes as it travels. When the tornado reaches its destination, it will persist for a period, dealing damage to enemies inside of it.","<c=@abilitytype>Шквал.</c> Выпустите огромный торнадо, подбрасывающий врагов на своём пути. Когда торнадо достигает цели, оно сохраняется некоторое время, нанося урон врагам внутри."
"<c=@abilitytype>Squall.</c> Summon a current of chilling northern air. Projectiles that pass through the current become frozen, chilling and dealing additional damage to enemies.","<c=@abilitytype>Шквал.</c> Призовите поток леденящего северного воздуха. Снаряды, проходящие сквозь поток, замерзают, накладывая холод и нанося дополнительный урон врагам."
"<c=@abilitytype>Squall.</c> Wind swells around you, knocking back nearby enemies and reflecting incoming projectiles.","<c=@abilitytype>Шквал.</c> Ветер вздымается вокруг вас, отбрасывая ближайших врагов и отражая входящие снаряды."
"<c=@abilitytype>Stance.</c> Break stun for nearby allies and enter a defensive stance, taking reduced damage.","<c=@abilitytype>Стойка.</c> Снимает оглушение с ближайших союзников и переходит в защитную стойку, получая уменьшенный урон."
"<c=@abilitytype>Stance.</c> Break stun, then spin and briefly evade attacks.","<c=@abilitytype>Стойка.</c> Снимает оглушение, затем вращается и ненадолго уклоняется от атак."
"<c=@abilitytype>Stance.</c> Channel the prime elements at their core, dealing damage based on your current attunements. Fully attuning deals the same condition twice.","<c=@abilitytype>Стойка.</c> Направляет первостихии в их основе, нанося урон в зависимости от вашей текущей настройки. Полная настройка наносит то же состояние дважды."
<c=@abilitytype>Stance.</c> Enter a defensive stance and remove conditions that impede movement. Prevent application of such conditions while in this stance.,"<c=@abilitytype>Стойка.</c> Встать в защитную стойку и снять состояния, ограничивающие передвижение. Пока вы находитесь в этой стойке, на вас нельзя снова наложить такие состояния."
"<c=@abilitytype>Stance.</c> Enter a stance that causes you to deal more damage, then strike nearby enemies to daze them.","<c=@abilitytype>Стойка.</c> Переходит в стойку, увеличивающую наносимый урон, затем атакует ближайших врагов, оглушая их."
"<c=@abilitytype>Stance.</c> Enter a stance that causes you to heal allies when you grant them boons, then grant boons to nearby allies.","<c=@abilitytype>Стойка.</c> Переходит в стойку, которая лечит союзников, когда вы даёте им благословения, затем дарует благословения ближайшим союзникам."
"<c=@abilitytype>Stance.</c> Enter a stance that heals when you remove conditions from yourself, then heal nearby allies and remove conditions from them.","<c=@abilitytype>Стойка.</c> Переходит в стойку, которая лечит при снятии с себя состояний, затем лечит ближайших союзников и снимает с них состояния."
"<c=@abilitytype>Stance.</c> Enter an earthen state, gaining barrier periodically over the course of the stance.","<c=@abilitytype>Стойка.</c> Переходит в земное состояние, периодически получая барьер в течение действия стойки."
"<c=@abilitytype>Stance.</c> Evade and gain endurance. Your endurance recovery is greatly improved. You gain might and superspeed when you evade attacks.
<c=@reminder>Evasion bonuses can occur once per interval.</c>","<c=@abilitytype>Стойка.</c> Уклоняйтесь и получайте выносливость. Скорость восстановления вашей выносливости значительно увеличивается. При уклонении от атак вы получаете мощь и сверхскорость.
<c=@reminder>Бонусы от уклонения могут срабатывать не чаще одного раза за интервал.</c>"
"<c=@abilitytype>Stance.</c> For a period of time, you forego your weaver training, choosing to fully attune to elements instead. Gain boons based on your primary attunement, and reduce all attunement cooldowns.","<c=@abilitytype>Стойка.</c> На некоторое время вы отказываетесь от обучения ткача, предпочитая полностью настроиться на стихии. Получает благословения в зависимости от основной настройки и сокращает время восстановления всех настроек."
<c=@abilitytype>Stance.</c> Frenzy to gain quickness and might.,"<c=@abilitytype>Стойка.</c> Впасть в бешенство, чтобы даровать себе Проворство и Мощь."
<c=@abilitytype>Stance.</c> Gain adrenaline for a short time. Gain pulsing resistance.,<c=@abilitytype>Стойка.</c> Получить адреналин на некоторое время. Периодически получать Сопротивляемость.
<c=@abilitytype>Stance.</c> Gain boons. Increase the duration of boons you grant while in this stance.,"<c=@abilitytype>Стойка.</c> Получить дары. Пока вы находитесь в этой стойке, длительность даруемых вами даров увеличена."
<c=@abilitytype>Stance.</c> Gain stability and swiftness on an interval. Become immune to critical hits.,<c=@abilitytype>Стойка.</c> Вам периодически даруется Устойчивость и Быстрота. Вы становитесь неуязвимы для критических ударов.
"<c=@abilitytype>Stance.</c> Grant barrier and light aura to nearby allies, then enter a stance that charges up a burst of light when striking or struck by enemies. The burst of light dazes enemies if fully charged.","<c=@abilitytype>Стойка.</c> Дарует барьер и светлую ауру ближайшим союзникам, затем переходит в стойку, которая заряжает вспышку света при ударе или получении удара от врагов. Вспышка света оглушает врагов при полной зарядке."
"<c=@abilitytype>Stance.</c> Heal yourself and your pet. Lose conditions while in this stance, healing for each condition lost.","<c=@abilitytype>Стойка.</c> Исцелите себя и своего питомца. Теряйте состояния, находясь в этой стойке, исцеляясь за каждое потерянное состояние."
<c=@abilitytype>Stance.</c> Heal yourself. Absorb all incoming strikes for a period of time.,<c=@abilitytype>Стойка.</c> Исцелить себя. Поглощать весь получаемый урон в течение некоторого времени.
"<c=@abilitytype>Stance.</c> Leap into the air as you command your body to compact, stunning enemies upon landing. Gain stability and increase your outgoing stun durations for a duration.","<c=@abilitytype>Стойка.</c> Прыгните в воздух, приказывая своему телу сжаться, оглушая врагов при приземлении. Получите устойчивость и увеличьте длительность ваших оглушений на время."
"<c=@abilitytype>Stance.</c> Leap to an area, tethering nearby enemies and empowering allies. Tethered enemies are revealed and take additional damage from your attacks and are stunned if they move beyond the range threshold.","<c=@abilitytype>Стойка.</c> Прыгните в область, привязывая ближайших врагов и усиливая союзников. Привязанные враги обнаруживаются и получают дополнительный урон от ваших атак, а также оглушаются, если выходят за пределы дистанции."
"<c=@abilitytype>Stance.</c> Quickly melt down into a puddle, evading all incoming attacks.","<c=@abilitytype>Стойка.</c> Быстро превратитесь в лужу, уклоняясь от всех входящих атак."
"<c=@abilitytype>Stance.</c> Sublimate, breaking stun from yourself. Remove movement-impairing conditions and prevent their reapplication.","<c=@abilitytype>Стойка.</c> Сублимируйтесь, снимая с себя оглушение. Удалите замедляющие состояния и предотвратите их повторное наложение."
"<c=@abilitytype>Stance.</c> Superheat your body and lash out, damaging and burning enemies struck. Your outgoing strike and condition damage is increased for a duration.","<c=@abilitytype>Стойка.</c> Перегрейте своё тело и нанесите удар, нанося урон и поджигая поражённых врагов. Ваш исходящий урон от ударов и состояний увеличен на время."
<c=@abilitytype>Stance.</c> Take no damage from attacks. You are still susceptible to conditions and control effects.,<c=@abilitytype>Стойка.</c> Не получайте урона от атак. Вы всё ещё уязвимы к состояниям и эффектам контроля.
<c=@abilitytype>Stance.</c> Temporarily reduce the recharge time of attunements while gaining bonuses for attuning to new elements. Successfully attuning to all elements ends this stance and grants Perfect Weave.,"<c=@abilitytype>Стойка.</c> Временно уменьшить время перезарядки Стихий, получая бонусы от обращения к новым Стихиям. Успешное обращение ко всем Стихиям прерывает эту стойку и даёт Совершенную Пряжу."
"<c=@abilitytype>Stance.</c> While in this stance, striking a foe inflicts poison and grants you might.
<c=@reminder>This effect can occur once per interval.</c>","<c=@abilitytype>Стойка.</c> Находясь в этой стойке, нанесение удара по противнику вызывает отравление и даёт вам мощь.
<c=@reminder>Этот эффект может произойти не чаще одного раза за интервал времени.</c>"
"<c=@abilitytype>Stance.</c> Your slime rapidly spins around you, creating a magnetic field. Pull in nearby enemies as a metallic storm swirls around you.","<c=@abilitytype>Стойка.</c> Ваша слизь быстро вращается вокруг вас, создавая магнитное поле. Притягивайте ближайших врагов, пока металлический шторм кружится вокруг вас."
"<c=@abilitytype>Stance.</c> Your slime stimulates your cells to regenerate, healing you rapidly over time. The healing is increased while you have barrier.","<c=@abilitytype>Стойка.</c> Ваша слизь стимулирует регенерацию клеток, быстро исцеляя вас со временем. Исцеление увеличивается, пока у вас есть барьер."
"<c=@abilitytype>Stance.</c> Your successful attacks will trigger a second strike while in this stance.
<c=@reminder>This effect can occur once per interval.</c>","<c=@abilitytype>Стойка.</c> Во время действия этой стойки ваши успешные атаки будут вызывать дополнительный удар.
<c=@reminder>Этот эффект может произойти не чаще одного раза за интервал времени.</c>"
"<c=@abilitytype>Stance.</c>Flow like water, gaining endurance. Striking a foe causes water to erupt from them, healing your nearby allies.","<c=@abilitytype>Стойка.</c> Теките как вода, получая выносливость. Удар по врагу вызывает извержение воды из него, исцеляя ваших ближайших союзников."
"<c=@abilitytype>Stealth Attack.</c> Leap to a target location, dazing enemies. Deal increased damage to foes below the health threshold.","<c=@abilitytype>Атака из невидимости.</c> Прыжок к цели, оглушение врагов. Наносит повышенный урон врагам ниже порога здоровья."
"<c=@abilitytype>Stealth Attack.</c> Reveal yourself and fire a powerful shot at your target that pierces but deals less damage to unmarked foes. If this attack hits your mark, it consumes all malice and deals increased damage for each malice consumed.","<c=@abilitytype>Атака из невидимости.</c> Обнаружьте себя и выстрелите мощным снарядом, который пробивает, но наносит меньше урона немеченым врагам. Если атака попадает по вашей метке, она расходует всю злобу и наносит повышенный урон за каждую единицу израсходованной злобы."
<c=@abilitytype>Stealth Attack.</c> Reveal yourself and fire a powerful shot at your target.,<c=@abilitytype>Атака из невидимости.</c> Обнаружьте себя и выстрелите мощным снарядом в цель.
"<c=@abilitytype>Stealth Attack.</c> Reveal yourself and throw your spear. The spear is wider and unblockable, and it pierces.","<c=@abilitytype>Атака из невидимости.</c> Обнаружьте себя и бросьте копьё. Копьё шире, неблокируемое и пробивает."
"<c=@abilitytype>Stealth Attack.</c> Slash enemies in front of you, then follow up with a powerful blow.","<c=@abilitytype>Атака из невидимости.</c> Рубите врагов перед собой, затем наносите мощный удар."
"<c=@abilitytype>Stealth Attack.</c> Throw out a net, damaging and immobilizing enemies on impact. Foes in the net are crippled. Your pet becomes excited for the hunt, gaining superspeed.","<c=@abilitytype>Атака из невидимости.</c> Бросьте сеть, нанося урон и обездвиживая врагов при попадании. Враги в сети получают замедление. Ваш питомец возбуждается для охоты, получая суперскорость."
"<c=@abilitytype>Stealth Attack.<c/> Attack foes in front of you with a series of strikes, inflicting damaging conditions. The final strike makes them vulnerable. If this skill follows a <c=@abilitytype>Finisher</c> skill, it grants initiative.","<c=@abilitytype>Атака из невидимости.<c/> Атакуйте врагов перед собой серией ударов, наносящих наносящие урон состояния. Финальный удар делает их уязвимыми. Если это умение следует за умением <c=@abilitytype>Финишер</c>, оно даёт инициативу."
"<c=@abilitytype>Stealth Attack.<c/> Attack foes in front of you with a series of strikes, inflicting damaging conditions. The final strike makes them vulnerable. If this skill follows a <c=@abilitytype>Finisher</c> skill, it grants initiative. Consumes all malice when striking your mark to inflict torment and increase the damage dealt.","<c=@abilitytype>Атака из невидимости.<c/> Атакуйте врагов перед собой серией ударов, наносящих наносящие урон состояния. Финальный удар делает их уязвимыми. Если это умение следует за умением <c=@abilitytype>Финишер</c>, оно даёт инициативу. Расходует всю злобу при попадании по метке, чтобы наложить боль и увеличить наносимый урон."
"<c=@abilitytype>Stealth Attack.<c/> Attack from stealth, bleeding and weakening your target.","<c=@abilitytype>Атака из невидимости.<c/> Атакуйте из невидимости, накладывая кровотечение и ослабление на цель."
"<c=@abilitytype>Stealth Attack.<c/> Attack while in stealth, bleeding and weakening your target. Consumes all malice to deal bonus damage if it strikes your mark.","<c=@abilitytype>Атака из невидимости.<c/> Атакуйте в невидимости, накладывая кровотечение и ослабление на цель. Расходует всю злобу, чтобы нанести дополнительный урон, если попадает по вашей метке."
<c=@abilitytype>Stealth Attack.<c/> Attack your foe from the shadows and strike for double the damage if you hit from behind or they are defiant. Consumes all malice when striking your mark to deal bonus damage.,"<c=@abilitytype>Атака из невидимости.<c/> Атакуйте врага из тени и нанесите двойной урон, если вы атакуете со спины или враг непокорен. Расходует всю злобу при попадании по метке, чтобы нанести дополнительный урон."
"<c=@abilitytype>Stealth Attack.<c/> Attack your foe from the shadows, striking for double damage if you hit from behind or they are defiant.","<c=@abilitytype>Атака из невидимости.<c/> Атакуйте врага из тени, нанося двойной урон, если вы атакуете со спины или враг непокорен."
"<c=@abilitytype>Stealth Attack.<c/> Attack your foes from stealth, knocking enemies down. If this attack hits your mark, it consumes all malice and grants you quickness.","<c=@abilitytype>Атака из невидимости.<c/> Атакуйте врагов из невидимости, сбивая их с ног. Если эта атака попадает по вашей метке, она расходует всю злобу и даёт вам проворство."
"<c=@abilitytype>Stealth Attack.<c/> Attack your foes with stealth, knocking enemies down.","<c=@abilitytype>Атака из невидимости.<c/> Атакуйте врагов из невидимости, сбивая их с ног."
<c=@abilitytype>Stealth Attack.<c/> Daze your foe by bashing them with your sword hilt. Daze them for a longer duration if you attack from behind or they are defiant. Applies vulnerability.,<c=@abilitytype>Атака из невидимости.<c/> Оглушите врага ударом рукояти меча. Ошеломление длится дольше при атаке со спины или если враг непокорен. Накладывает уязвимость.
<c=@abilitytype>Stealth Attack.<c/> Daze your foe by bashing them with your sword hilt. Daze them for a longer duration if you attack from behind or they are defiant. Applies vulnerability. Consumes all malice when striking your mark to restore endurance based on the malice used.,"<c=@abilitytype>Атака из невидимости.<c/> Оглушите врага ударом рукояти меча. Ошеломление длится дольше при атаке со спины или если враг непокорен. Накладывает уязвимость. Расходует всю злобу при поражении цели, восстанавливая выносливость в зависимости от потраченной злобы."
<c=@abilitytype>Stealth Attack.<c/> Fire a shot from stealth to bleed your target.,"<c=@abilitytype>Атака из невидимости.<c/> Выстрелите из невидимости, чтобы вызвать кровотечение у цели."
<c=@abilitytype>Stealth Attack.<c/> Fire a shot while in stealth to bleed your target. Consumes all malice when striking your mark to add additional bleeding stacks.,"<c=@abilitytype>Атака из невидимости.<c/> Выстрелите из невидимости, чтобы вызвать кровотечение у цели. Расходует всю злобу при поражении цели, добавляя дополнительные стаки кровотечения."
"<c=@abilitytype>Stealth Attack.<c/> From the shadows, unleash a barrage toward your target. If this attack hits your mark, it consumes all malice and increases the duration of poison it applies.","<c=@abilitytype>Атака из невидимости.<c/> Из тени выпустите шквал снарядов по цели. Если атака поражает цель, расходует всю злобу и увеличивает длительность накладываемого отравления."
<c=@abilitytype>Stealth Attack.<c/> Shoot an arrow that bleeds and immobilizes your foe.,"<c=@abilitytype>Атака из невидимости.<c/> Выпустите стрелу, вызывающую кровотечение и обездвиживание врага."
"<c=@abilitytype>Stealth Attack.<c/> Shoot an arrow that bleeds and immobilizes your foe. If the arrow hits your marked target, it consumes all malice and splinters, firing new arrows at nearby foes for each malice consumed.","<c=@abilitytype>Атака из невидимости.<c/> Выпустите стрелу, вызывающую кровотечение и обездвиживание врага. Если стрела поражает отмеченную цель, расходует всю злобу и расщепляется, выпуская новые стрелы по ближайшим врагам за каждую единицу потраченной злобы."
<c=@abilitytype>Stealth Attack.<c/> Sneak attack with a rapid fire from your pistol that makes your foe bleed. Consumes all malice when striking your mark to inflict torment with a duration equal to twice the consumed malice.,"<c=@abilitytype>Атака из невидимости.<c/> Совершите скрытую атаку быстрой стрельбой из пистолета, вызывая у врага кровотечение. Расходует всю злобу при поражении цели, накладывая боль длительностью, равной удвоенной потраченной злобе."
<c=@abilitytype>Stealth Attack.<c/> Sneak attack with rapid fire from your pistol and make your foe bleed.,"<c=@abilitytype>Атака из невидимости.<c/> Совершите скрытую атаку быстрой стрельбой из пистолета, вызывая у врага кровотечение."
"<c=@abilitytype>Stealth Attack.<c/> Throw a knife, bleeding and poisoning your target.","<c=@abilitytype>Атака из невидимости.<c/> Бросьте нож, вызывая кровотечение и отравление у цели."
"<c=@abilitytype>Stealth Attack.<c/> Throw an axe that explodes when it hits a target, crippling nearby enemies. Gain initiative if you strike an enemy.","<c=@abilitytype>Атака из невидимости.<c/> Бросьте топор, который взрывается при попадании, накладывая хромоту на ближайших врагов. Восполните инициативу при попадании по врагу."
"<c=@abilitytype>Stealth Attack.<c/> Throw an axe that explodes when it hits a target, crippling nearby enemies. Gain initiative if you strike an enemy. Consumes all malice when striking your mark to inflict poison with a duration equal to the consumed malice.","<c=@abilitytype>Атака из невидимости.<c/> Бросьте топор, который взрывается при попадании, накладывая хромоту на ближайших врагов. Восполните инициативу при попадании по врагу. Расходует всю злобу при поражении цели, накладывая отравление длительностью, равной потраченной злобе."
<c=@abilitytype>Stealth Attack.<c/> Unleash a barrage from the shadows toward your target.,<c=@abilitytype>Атака из невидимости.<c/> Выпустите из тени шквал снарядов по цели.
<c=@abilitytype>Survival.</c> Bleed foes with your next few attacks.,<c=@abilitytype>Выживание.</c> Вызвать у противника кровотечение несколькими следующими атаками.
<c=@abilitytype>Survival.</c> Entangle foes around you with vines. Entangled foes bleed and are immobilized until the vines are destroyed.,"<c=@abilitytype>Выживание.</c> Опутать противников вокруг вас лианами. Опутанные противники будут кровоточить и будут обездвижены до тех пор, пока лианы не будут уничтожены."
"<c=@abilitytype>Survival.</c> Evade back with a crack of lightning, dealing damage and gaining vigor.","<c=@abilitytype>Выживание.</c> Уклонитесь назад с треском молнии, нанося урон и получая рвение."
"<c=@abilitytype>Survival.</c> Use mud to cripple, slow, and immobilize foes.","<c=@abilitytype>Выживание.</c> Используйте грязь, чтобы калечить, замедлять и обездвиживать врагов."
<c=@abilitytype>Survival.</c> You and your pet gain quickness and superspeed.,<c=@abilitytype>Выживание.</c> Вы и ваш питомец получаете скорость и суперскорость.
<c=@abilitytype>Survival.</c> You and your pet regenerate health over time.,<c=@abilitytype>Выживание.</c> Вы и ваш питомец восстанавливаете здоровье с течением времени.
"<c=@abilitytype>Symbol.</c> Cleave your axe into the ground, reducing enemy movement and carving a razor-sharp symbol of vengeance.","<c=@abilitytype>Символ.</c> Вонзите топор в землю, замедляя врагов и вырезая острый как бритва символ возмездия."
"<c=@abilitytype>Symbol.</c> Create a mystic symbol, damaging foes and granting boons to allies.","<c=@abilitytype>Символ.</c> Создайте мистический символ, нанося урон врагам и даруя благословения союзникам."
<c=@abilitytype>Symbol.</c> Create a pillar of light that does damage every second at your foe's location.,"<c=@abilitytype>Символ.</c> Создать столб света, который наносит урон каждую секунду в местоположении вашего противника."
<c=@abilitytype>Symbol.</c> Create a spear wall in front of you that damages foes that remain in its area.,"<c=@abilitytype>Символ.</c> Создать перед собой стену из копий, которая наносит урон противникам, оставшимся в этой области."
<c=@abilitytype>Symbol.</c> Create a symbol on the ground that strikes foes and grants might to nearby allies.,"<c=@abilitytype>Символ.</c> Создать на земле символ, который наносит удары противникам и дарует Мощь союзникам поблизости."
<c=@abilitytype>Symbol.</c> Create a symbol that gives protection to you and your allies.,"<c=@abilitytype>Символ.</c> Создайте символ, дающий протекцию вам и вашим союзникам."
"<c=@abilitytype>Symbol.</c> Create a symbol that ignites when you strike an enemy inside it or shoot a projectile into it, damaging and burning enemies inside it. If the symbol is ignited by a projectile, it enchants that projectile to burn its target.","<c=@abilitytype>Символ.</c> Создайте символ, который воспламеняется, когда вы поражаете врага внутри него или запускаете в него снаряд, нанося урон и поджигая врагов внутри. Если символ воспламеняется снарядом, он зачаровывает этот снаряд, чтобы тот поджигал свою цель."
"<c=@abilitytype>Symbol.</c> Fire a slow, arcing arrow that explodes on impact to burn targets and sear a symbol of energy into the ground.","<c=@abilitytype>Символ.</c> Выпустить медленную, летящую по дуге стрелу, которая взрывается при попадании, поджигая цели и выжигая на земле символ энергии."
<c=@abilitytype>Symbol.</c> Pierce the ground with a mystic symbol that damages foes while granting resolution to allies.,"<c=@abilitytype>Символ.</c> Выбить на земле таинственный символ, который наносит урон противникам, даруя при этом союзникам Решимость."
"<c=@abilitytype>Symbol.</c> Sear a mystic symbol into the target area, damaging foes and granting resolution to allies.","<c=@abilitytype>Символ.</c> Выжечь мистический символ в области цели, нанося урон врагам и даруя решимость союзникам."
"<c=@abilitytype>Symbol.</c> Sear a mystic symbol into the target area, damaging foes and granting swiftness to allies.","<c=@abilitytype>Символ.</c> Выжечь мистический символ в области цели, нанося урон врагам и даруя быстроту союзникам."
<c=@abilitytype>Symbol.</c> Smash a mystic symbol onto the ground that gives protection to you and your allies.,"<c=@abilitytype>Символ.</c> Выбить на земле мистический символ, который дарует Протекцию вам и вашим союзникам."
<c=@abilitytype>Symbol.</c> Smash the ground to heal allies and create a mystic symbol that damages foes and regenerates allies.,"<c=@abilitytype>Символ.</c> Ударить по земле, чтобы исцелить союзников и создать таинственный символ, который наносит урон противникам и дарует союзникам Регенерацию."
"<c=@abilitytype>Symbol.</c> Teleport to your target, and blind nearby foes. Create a symbol at your feet that damages nearby enemies and benefits allies.","<c=@abilitytype>Символ.</c> Телепортироваться к цели и ослепить ближайших врагов. Создать символ у своих ног, который наносит урон ближайшим врагам и приносит пользу союзникам."
"<c=@abilitytype>Tale.</c> Deliver the story of Aurene and the dragon cycle, rejuvenating nearby allies and increasing their incoming healing.","<c=@abilitytype>Сказание.</c> Поведать историю о Аурене и драконьем цикле, омолаживая ближайших союзников и увеличивая их входящее исцеление."
"<c=@abilitytype>Tale.</c> Orate the heroism of Trahearne, calling nearby allies to action. Break their stuns and brace them for battle.","<c=@abilitytype>Сказание.</c> Воздать хвалу героизму Траэрна, призывая ближайших союзников к действию. Снять с них оглушение и подготовить к битве."
"<c=@abilitytype>Tale.</c> Quote the escapades of Dougal Keane, causing nearby allies to become extraordinarily nimble with a burst of speed.","<c=@abilitytype>Сказание.</c> Процитировать похождения Дугала Кина, делая ближайших союзников необычайно проворными и даруя им рывок."
"<c=@abilitytype>Tale.</c> Recall the cruelty of Scarlet Briar as you revile your target with a battery of insults, damaging their ego.","<c=@abilitytype>Сказание.</c> Вспомнить жестокость Алой Шиповницы, осыпая цель градом оскорблений и нанося урон её самолюбию."
"<c=@abilitytype>Tale.</c> Retell how Queen Jennah protected her city in their time of need, granting allies distortion and chaos aura.","<c=@abilitytype>Сказание.</c> Пересказать, как королева Дженна защитила свой город в час нужды, даруя союзникам искажение и ауру хаоса."
"<c=@abilitytype>Tale.</c> Rouse allies with the legend of Almorra Soulkeeper, granting offensive boons.","<c=@abilitytype>Сказание.</c> Воодушевить союзников легендой об Алморре Душехранительнице, даруя наступательные благословения."
<c=@abilitytype>Transform.</c> Gain stability and shape-shift into a tornado that damages and launches foes.,"<c=@abilitytype>Превращение.</c> Даёт устойчивость и превращает в торнадо, наносящий урон и подбрасывающий врагов."
<c=@abilitytype>Trap.</c> Heal yourself and imbue your light into a trap. Enemies that trigger this trap are damaged and blinded as the light returns to you for a second heal.,"<c=@abilitytype>Ловушка.</c> Исцелить себя и влить свой свет в ловушку. Противники, которые попадут в неё, получат урон и будут ослеплены, а свет вернется к вам, чтобы снова исцелить вас."
<c=@abilitytype>Trap.</c> Heals you and your pet. Place a trap that grants regeneration and cures conditions on allies.,"<c=@abilitytype>Ловушка.</c> Исцелить себя и своего питомца. Установить ловушку, которая дарует союзникам Регенерацию и снимает с них состояния."
<c=@abilitytype>Trap.</c> Lay a trap that creates a ring of weapons that punishes enemies that attempt to cross their threshold. Passthrough damage is increased against disabled targets.,"<c=@abilitytype>Ловушка.</c> Установить ловушку, которая создает круг из клинков, карающих противников, которые пытаются пройти сквозь них. Выведенные из строя противники получают повышенный урон."
"<c=@abilitytype>Trap.</c> Lay a trap that deals damage and unleashes multiple fragments into the area when triggered. Each fragment grants aegis to allies, as long as they don't already have aegis.","<c=@abilitytype>Ловушка.</c> Устанавливает ловушку, которая при активации наносит урон и выпускает несколько осколков в область. Каждый осколок дарует эгиду союзникам, если у них её ещё нет."
<c=@abilitytype>Trap.</c> Lay a trap that pulls enemies and creates a barrier that holds them in.,"<c=@abilitytype>Ловушка.</c> Установить ловушку, которая притягивает противников и создает барьер, не дающий им выйти наружу."
<c=@abilitytype>Trap.</c> Lay down a trap that creates an area of pure light that reveals enemies and pierces their armor. The first strike dazes foes.,"<c=@abilitytype>Ловушка.</c> Установить ловушку, которая создает при активации область чистого света, разоблачающего противников и пробивающего их броню. Первый удар ошеломляет противников."
<c=@abilitytype>Trap.</c> Set a trap that bleeds and launches foes.,"<c=@abilitytype>Ловушка.</c> Установить ловушку, которая вызывает у противников кровотечение и отбрасывает их."
<c=@abilitytype>Trap.</c> Set a trap that bleeds and stuns foes.,"<c=@abilitytype>Ловушка.</c> Установить ловушку, которая вызывает у противников кровотечение и отбрасывает их."
<c=@abilitytype>Trap.</c> Set a trap that burns foes.,"<c=@abilitytype>Ловушка.</c> Установить ловушку, которая поджигает противников."
<c=@abilitytype>Trap.</c> Set a trap that chills foes.,"<c=@abilitytype>Ловушка.</c>Установить ловушку, которая замораживает противников."
<c=@abilitytype>Trap.</c> Set a trap that pulses poison on foes when triggered.,"<c=@abilitytype>Ловушка.</c> Установить ловушку, которая пульсирует и отравляет противников, когда срабатывает."
<c=@abilitytype>Trap.</c> Set a trap that whirls around and damages enemies when activated.,"<c=@abilitytype>Ловушка.</c> Установить ловушку, которая начинает закручиваться и наносить урон противникам при активации."
"<c=@abilitytype>Trick.</c> Cure conditions, then roll backward while healing and evading attacks.","<c=@abilitytype>Трюк.</c> Снимите состояния, затем откатитесь назад, восстанавливая здоровье и уклоняясь от атак."
"<c=@abilitytype>Trick.</c> Evade backward to regenerate initiative and recover from crippled, chilled, and immobilized.","<c=@abilitytype>Трюк.</c> Уклонитесь назад, чтобы восстановить инициативу и избавиться от замедления, холода и обездвиживания."
"<c=@abilitytype>Trick.</c> Gain quickness, fury, and swiftness.","<c=@abilitytype>Трюк.</c> Получите проворство, ярость и скорость."
<c=@abilitytype>Trick.</c> Scatter caltrops that bleed and cripple foes.,"<c=@abilitytype>Трюк.</c> Разбросать шипы, которые вызывают у противников кровотечение и хромоту."
"<c=@abilitytype>Trick.</c> Spin around, reflecting projectiles and throwing daggers that cripple and bleed nearby foes. You can move while spinning.","<c=@abilitytype>Трюк.</c> Вращайтесь, отражая снаряды и метая кинжалы, которые замедляют и наносят кровотечение ближайшим врагам. Вы можете двигаться во время вращения."
<c=@abilitytype>Trick.</c> Throw a scorpion wire and pull your foe to you.,<c=@abilitytype>Трюк.</c> Бросить скорпионью проволоку и подтянуть противника к себе.
<c=@abilitytype>Turret.</c> Build a harpoon turret that shoots at foes. This turret overcharges when it is first placed.,"<c=@abilitytype>Турель.</c> Постройте гарпунную турель, которая стреляет по врагам. Эта турель перегружается при первой установке."
<c=@abilitytype>Turret.</c> Build a high-health thumper turret that damages nearby foes.,"<c=@abilitytype>Турель.</c> Выпустить инерционную шоковую волну, которая наносит урон противникам поблизости."
<c=@abilitytype>Turret.</c> Build a high-health thumper turret that damages nearby foes. This turret overcharges when it is first placed.,"<c=@abilitytype>Турель.</c> Построить турель-трамбовку с большим запасом здоровья, которая наносит урон ближайшим врагам. Эта турель перегружается при первой установке."
<c=@abilitytype>Turret.</c> Build a net turret that immobilizes nearby foes.,"<c=@abilitytype>Турель.</c> Выстрелить из вашего Пояса сетью, которая обездвиживает вашего противника."
<c=@abilitytype>Turret.</c> Build a net turret that immobilizes nearby foes. This turret overcharges when it is first placed.,"<c=@abilitytype>Турель.</c> Построить сетевую турель, которая обездвиживает ближайших врагов. Эта турель перегружается при первой установке."
<c=@abilitytype>Turret.</c> Build a rifle turret that shoots at foes.,"<c=@abilitytype>Турель.</c> Построить винтовочную турель, которая стреляет по врагам."
<c=@abilitytype>Turret.</c> Build a rifle turret that shoots at foes. This turret overcharges when it is first placed.,"<c=@abilitytype>Турель.</c> Построить винтовочную турель, которая стреляет по врагам. Эта турель перегружается при первой установке."
<c=@abilitytype>Turret.</c> Build a turret that fires rockets.,"<c=@abilitytype>Турель.</c> Выстрелить из вашего Пояса ракетой, которая взрывается при попадании."
<c=@abilitytype>Turret.</c> Build a turret that fires rockets. This turret overcharges when it is first placed.,"<c=@abilitytype>Турель.</c> Собрать турель, стреляющую ракетами. Турели автоматически заряжаются усиленным зарядом при установке, а затем их можно зарядить усиленным зарядом вручную, пока они активны."
<c=@abilitytype>Turret.</c> Deploy a turret that burns foes.,"<c=@abilitytype>Турель.</c> Бросить шар напалма, который взрывается при ударе, поджигая противников вокруг выбранного места."
<c=@abilitytype>Turret.</c> Deploy a turret that burns foes. This turret overcharges when it is first placed.,"<c=@abilitytype>Турель.</c> Развернуть турель, которая поджигает врагов. Эта турель перегружается при первой установке."
"<c=@abilitytype>Turret.</c> Deploy a turret that heals you briefly, then regenerates you and your allies.","<c=@abilitytype>Турель.</c> Развернуть турель, которая кратковременно лечит вас, а затем восстанавливает вас и ваших союзников."
"<c=@abilitytype>Turret.</c> Deploy a turret that heals you briefly, then regenerates you and your allies. This turret overcharges when it is first placed.","<c=@abilitytype>Турель.</c> Развернуть турель, которая кратковременно лечит вас, а затем восстанавливает вас и ваших союзников. Эта турель перегружается при первой установке."
<c=@abilitytype>Turret.</c> Request a supply drop of turrets. Turrets overcharge when they are first dropped.,<c=@abilitytype>Турель.</c> Запросить сброс припасов с турелями. Турели перегружаются при первом сбросе.
"<c=@abilitytype>Unleashed Ambush.</c> Attack in an area around you, creating a spore under each enemy struck.","<c=@abilitytype>Высвобожденная засада.</c> Атакуйте область вокруг себя, создавая спору под каждым поражённым врагом."
"<c=@abilitytype>Unleashed Ambush.</c> Enchant yourself with solar energy, healing nearby allies and damaging nearby enemies over time.","<c=@abilitytype>Высвобожденная засада.</c> Наполните себя солнечной энергией, исцеляя ближайших союзников и нанося урон ближайшим врагам с течением времени."
<c=@abilitytype>Unleashed Ambush.</c> Fire a piercing spread of harpoons that inflicts conditions on enemies.,"<c=@abilitytype>Высвобожденная засада.</c> Выпускайте пронзающий веер гарпунов, накладывающий на врагов эффекты."
<c=@abilitytype>Unleashed Ambush.</c> Fire arrows at your target and other enemies near your target. Striking an enemy reduces the recharge of other longbow skills.,<c=@abilitytype>Высвобожденная засада.</c> Выпускайте стрелы по цели и другим врагам рядом с ней. Попадание по врагу уменьшает время восстановления других навыков длинного лука.
"<c=@abilitytype>Unleashed Ambush.</c> Fire three arrows that explode on impact, inflicting poison on enemies in the area. Inflict additional conditions on enemies who are already poisoned.","<c=@abilitytype>Высвобожденная засада.</c> Выпускайте три стрелы, взрывающиеся при попадании, накладывая отравление на врагов в области. Накладывайте дополнительные эффекты на врагов, уже отравленных."
"<c=@abilitytype>Unleashed Ambush.</c> Leap forward and strike the ground, creating a spore under each enemy struck.","<c=@abilitytype>Высвобожденная засада.</c> Прыгните вперёд и ударьте по земле, создавая спору под каждым пораженным врагом."
"<c=@abilitytype>Unleashed Ambush.</c> Release a wave of corruption in front of you, damaging enemies and spawning spores under targets struck.","<c=@abilitytype>Высвобожденная засада.</c> Выпустите волну порчи перед собой, нанося урон врагам и порождая споры под пораженными целями."
<c=@abilitytype>Unleashed Ambush.</c> Shadowstep behind your target and unleash a burst of toxic spores.,<c=@abilitytype>Высвобожденная засада.</c> Телепортируйтесь за спину цели и выпустите взрыв ядовитых спор.
"<c=@abilitytype>Unleashed Ambush.</c> Spin and attack nearby foes, moving faster while channeling. Create a spore when striking an enemy for the first time.","<c=@abilitytype>Высвобожденная засада.</c> Кружитесь и атакуйте ближайших врагов, двигаясь быстрее во время применения. Создавайте спору при первом попадании по врагу."
"<c=@abilitytype>Unleashed Ambush.</c> Strike the ground with your mace, creating a cascade of verdant growth that immobilizes targets struck and heals nearby allies. Gain Nature's Strength if you hit an enemy.
<c=@reminder>This skill cannot activate Force of Nature.</c>","<c=@abilitytype>Высвобожденная засада.</c> Ударьте землю булавой, создавая каскад буйной растительности, который обездвиживает поражённых цели и лечит близлежащих союзников. Получите эффект «Сила природы», если вы попали по врагу.
<c=@reminder>Эта способность не активирует умение «Сила природы».</c>"
"<c=@abilitytype>Unleashed Ambush.</c> Throw multiple axes at nearby enemies, inflicting conditions.","<c=@abilitytype>Высвобожденная засада.</c> Бросайте несколько топоров в ближайших врагов, накладывая эффекты."
<c=@abilitytype>Unleashed Ambush.</c>Spin and strike foes repeatedly. The final attack creates a spore under targets it strikes.,<c=@abilitytype>Высвобожденная засада.</c> Кружитесь и многократно поражайте врагов. Финальная атака создаёт спору под поражёнными целями.
<c=@abilitytype>Velocity Increase above 50%% Heat</c>,<c=@abilitytype>Увеличение скорости выше 50%% Тепло</c>
<c=@abilitytype>Venom.</c> Chill foes with your next few attacks.,<c=@abilitytype>Яд.</c> Ваши следующие атаки заморозят противников.
<c=@abilitytype>Venom.</c> Heal yourself. Your next few attacks heal you.,<c=@abilitytype>Яд.</c> Исцелить себя. Следующие ваши несколько атак исцелят вас.
<c=@abilitytype>Venom.</c> Poison foes with your next few attacks.,<c=@abilitytype>Яд.</c> Отравляйте врагов следующими несколькими атаками.
<c=@abilitytype>Venom.</c> Your attacks are unblockable and turn foes to stone.,"<c=@abilitytype>Яд.</c> Ваши атаки обращают противников в камень, и их нельзя блокировать."
<c=@abilitytype>Venom.</c> Your next few attacks immobilize foes.,<c=@abilitytype>Яд.</c> Ваши следующие атаки обездвиживают противников.
"<c=@abilitytype>Virtue.</c> Burn foes every few attacks.
<c=@abilitytype>Activate:</c> Hurl a spear of light that passes through foes. Enemies struck become tethered and receive conditions periodically.","<c=@abilitytype>Добродетель.</c> Поджигает врагов каждые несколько атак.
<c=@abilitytype>Активация:</c> Бросает копьё света, пронзающее врагов. Пораженные враги привязываются и периодически получают эффекты."
"<c=@abilitytype>Virtue.</c> Grants aegis periodically.
<c=@abilitytype>Activate:</c> Grant aegis to nearby allies and create a shield in front of you that blocks attacks. You are vulnerable from the sides and behind while this shield is active.","<c=@abilitytype>Добродетель.</c> Периодически дарует эгиду.
<c=@abilitytype>Активация:</c> Дарует эгиду ближайшим союзникам и создает перед вами щит, блокирующий атаки. Пока активен этот щит, вы уязвимы с боков и сзади."
<c=@abilitytype>Virtue.</c> Remove conditions and gain Flowing Resolve. Rush forward and evade attacks while leaving <c=@abilitytype>Willbender Flames</c> in your wake.,"<c=@abilitytype>Добродетель.</c> Снимает состояния и даёт Поток решимости. Устремляйтесь вперёд и уклоняйтесь от атак, оставляя за собой <c=@abilitytype>Пламя Карателя</c>."
"<c=@abilitytype>Virtue.</c> Rush toward your target and gain Justice, delivering a strike and emanating <c=@abilitytype>Willbender Flames</c>.","<c=@abilitytype>Добродетель.</c> Устремляйтесь к цели и получайте Правосудие, нанося удар и испуская <c=@abilitytype>Пламя Карателя</c>."
<c=@abilitytype>Virtue.</c> Shadowstep a short distance while gaining boons and emanating <c=@abilitytype>Willbender Flames</c> from your location. Gain courage.,"<c=@abilitytype>Добродетель.</c> Теневым шагом переместитесь на небольшое расстояние, получая благословения и испуская <c=@abilitytype>Пламя Карателя</c> из своего местоположения. Получите мужество."
"<c=@abilitytype>Virtue: </c>Burn foes every few attacks.
<c=@abilitytype>Activate: </c>Pull forth a magical tome on the dangers of the blazing heat in Kourna.","<c=@abilitytype>Добродетель: </c>Сжигает врагов каждые несколько атак.
<c=@abilitytype>Активация: </c>Призывает магический фолиант об опасностях палящего зноя в Kourna."
"<c=@abilitytype>Virtue: </c>Gain aegis periodically. 
<c=@abilitytype>Activate:</c> Conjure a mystic tome containing stories about the heroes of Istan.","<c=@abilitytype>Добродетель: </c>
Периодически даёт эгиду. <c=@abilitytype>Активация:</c> Призывает мистический фолиант с историями о героях Istan."
"<c=@abilitytype>Virtue: </c>Regenerate health.
<c=@abilitytype>Activate: </c>Draw forth an enchanted tome that recounts the trials undergone by the people of Vabbi.","<c=@abilitytype>Добродетель: </c>Регенерирует здоровье.
<c=@abilitytype>Активация:</c> Призывает зачарованный фолиант, повествующий об испытаниях, выпавших на долю народа Vabbi."
"<c=@abilitytype>Virtue:</c> Burn foes every few attacks.
<c=@abilitytype>Activate:</c> Gain quickness. The next time you use Dazzling Hammer, it creates a delayed secondary impact.","<c=@abilitytype>Добродетель:</c> Поджигает врагов каждые несколько атак.
<c=@abilitytype>Активация:</c> Получает проворство. При следующем использовании умения «Ослепительный молот» оно создаст отложенный вторичный удар."
"<c=@abilitytype>Virtue:</c> Burn foes every few attacks.
<c=@abilitytype>Activate:</c> You and your allies inflict burning on the next attack.","<c=@abilitytype>Добродетель:</c> Сжигает врагов каждые несколько атак.
<c=@abilitytype>Активация:</c> Вы и ваши союзники накладываете горение следующей атакой."
"<c=@abilitytype>Virtue:</c> Gain aegis periodically.
<c=@abilitytype>Activate:</c> Grant aegis to yourself and nearby allies.","<c=@abilitytype>Добродетель:</c> Периодически даёт эгиду.
<c=@abilitytype>Активация:</c> Даёт эгиду вам и ближайшим союзникам."
"<c=@abilitytype>Virtue:</c> Gain aegis periodically.
<c=@abilitytype>Activate:</c> Grant aegis, resistance, and Luminary's Blessing to yourself and nearby allies. 
The next time you use Gleaming Blade, it deals increased damage and immobilizes enemies. The next time you use Radiant Bulwark, it grants barrier to nearby allies.","<c=@abilitytype>Добродетель:</c> Периодически получайте эгиду.
<c=@abilitytype>Активация:</c> Дарует вам и ближайшим союзникам эгиду, сопротивляемость и благословение Луминарии.
При следующем использовании умения «Сияющий клинок» оно нанесёт увеличенный урон и обездвижит врагов. При следующем использовании умения «Лучезарный бастион» ближайшие союзники получат барьер."
"<c=@abilitytype>Virtue:</c> Regenerates health.</c>
<c=@abilitytype>Activate:</c> Dart forward, healing allies in the area when you stop.","<c=@abilitytype>Добродетель:</c> Восстанавливает здоровье.</c>
<c=@abilitytype>Активация:</c> Рывок вперёд; при остановке исцеляет союзников в области."
"<c=@abilitytype>Virtue:</c> Regenerates health.</c>
<c=@abilitytype>Activate:</c> Heal yourself and nearby allies while granting light aura. The next time you use Luminous Staff, it heals allies and grants them regeneration.","<c=@abilitytype>Добродетель:</c> Восстанавливает здоровье.</c>
<c=@abilitytype>Активация:</c> Лечит вас и ближайших союзников, а также дарует им эффект ""Светлый щит"". При следующем использовании ""Сияющего посоха"" он лечит союзников и дарует им регенерацию."
"<c=@abilitytype>Virtue:</c> Regenerates health.</c>
<c=@abilitytype>Activate:</c> Heal yourself and nearby allies.","<c=@abilitytype>Добродетель:</c> Восстанавливает здоровье.</c>
<c=@abilitytype>Активация:</c> Исцелите себя и союзников поблизости."
"<c=@abilitytype>Virtue:</c> Regenerates health.</c>
<c=@abilitytype>Activate:</c> Leap to a target area, healing allies in the area.","<c=@abilitytype>Добродетель:</c> Восстанавливает здоровье.</c>
<c=@abilitytype>Активация:</c> Прыгните в указанную область, исцеляя союзников в ней."
<c=@abilitytype>Ward.</c> Create a line in front of you that foes cannot cross.,"<c=@abilitytype>Преграда.</c> Создать перед собой черту, через которую не могут переступить противники."
<c=@abilitytype>Weapon spell.</c> Block attacks. Gain protection when the last stack is removed. Grant fewer stacks of this to nearby allies.,<c=@abilitytype>Заклинание оружия.</c> Блокирует атаки. Получает протекцию при снятии последнего слоя. Дарует меньше слоёв этого эффекта ближайшим союзникам.
"<c=@abilitytype>Weapon spell.</c> Periodically remove conditions, healing for each condition removed. Grant this to nearby allies for a reduced duration.","<c=@abilitytype>Заклинание оружия.</c> Периодически снимает состояния, исцеляя за каждое снятое состояние. Дарует это ближайшим союзникам с уменьшенной длительностью."
<c=@abilitytype>Weapon spell.</c> Take reduced damage from strikes and periodically heal. Effectiveness increased while below 50%% health. Grant this to nearby allies for a reduced duration.,"<c=@abilitytype>Заклинание оружия.</c> Получает уменьшенный урон от ударов и периодически исцеляется. Эффективность повышается, когда здоровье ниже 50%%. Дарует это ближайшим союзникам с уменьшенной длительностью."
"<c=@abilitytype>Weapon spell.</c> When you take damage over a percentage of your maximum health, heal for the difference, then steal life from that foe. Grant fewer stacks of this to nearby allies and break them out of stuns.","<c=@abilitytype>Заклинание оружия.</c> Когда вы получаете урон, превышающий процент от вашего максимального здоровья, исцеляет на разницу, затем крадёт жизнь у этого врага. Дарует меньше слоёв этого эффекта ближайшим союзникам и выводит их из ошеломления."
<c=@abilitytype>Weapon spell.</c> Your strikes steal life from enemies and inflict vulnerability. Grant fewer stacks of this to nearby allies.,<c=@abilitytype>Заклинание оружия.</c> Ваши удары крадут жизнь у врагов и накладывают уязвимость. Дарует меньше слоёв этого эффекта ближайшим союзникам.
<c=@abilitytype>Weapon spell.</c> Your strikes will trigger an additional strike on nearby enemies. Allies receive fewer stacks of this.,<c=@abilitytype>Заклинание оружия.</c> Ваши удары вызывают дополнительный удар по ближайшим врагам. Союзники получают меньше слоёв этого эффекта.
<c=@abilitytype>Well.</c> Conjure a well of blood to heal allies.,"<c=@abilitytype>Колодец.</c> Сотворить колодец крови, чтобы исцелить союзников."
"<c=@abilitytype>Well.</c> Create a powerful well that warps space in an area, knocking down, floating, and pulling foes caught in its event horizon. When it expires, foes still inside the well take heavy damage.","<c=@abilitytype>Колодец.</c> Создать мощный колодец, искривляющий пространство в области, сбивая с ног, поднимая в воздух и притягивая врагов, попавших в горизонт событий. Когда он исчезает, враги, всё ещё находящиеся внутри колодца, получают большой урон."
"<c=@abilitytype>Well.</c> Create a well of delayed time, damaging and slowing foes. When the well expires, time snaps back, granting boons to allies.","<c=@abilitytype>Колодец.</c> Создать колодец замедленного времени, наносящую урон и замедляющую врагов. Когда колодец исчезает, время возвращается, даруя союзникам благотворные эффекты."
"<c=@abilitytype>Well.</c> Create a well that gives allies the ability to see the future, allowing them to block incoming attacks. When the well ends, allies within the well regain endurance.","<c=@abilitytype>Колодец.</c> Создать колодец, дающий союзникам способность видеть будущее, позволяя им блокировать входящие атаки. Когда колодец заканчивается, союзники внутри него восстанавливают выносливость."
"<c=@abilitytype>Well.</c> Create a well that rends time, damaging, weakening, and crippling foes in the area. When the final pulse of Well of Calamity triggers, it deals massive damage to foes in the area.","<c=@abilitytype>Колодец.</c> Создать колодец, разрывающий время, нанося урон, ослабляя и калеча врагов в области. Когда последний импульс Колодца бедствия срабатывает, он наносит огромный урон врагам в области."
"<c=@abilitytype>Well.</c> Create a well that rewinds time, removing conditions from allies. When it expires, the well heals all allies in the area.","<c=@abilitytype>Колодец.</c> Создать колодец, отматывающий время, снимая состояния с союзников. Когда он исчезает, колодец исцеляет всех союзников в области."
"<c=@abilitytype>Well.</c> Creates a well that steals memories from foes, damaging and chilling them. When it expires, foes still inside the well have boons removed from them.","<c=@abilitytype>Колодец.</c> Создаёт колодец, крадущий воспоминания у врагов, нанося им урон и замораживая. Когда он исчезает, у врагов, всё ещё находящихся внутри колодца, снимаются благотворные эффекты."
<c=@abilitytype>Well.</c> Deploy a bulwark gyro to grant barrier to allies in the area.,"<c=@abilitytype>Колодец.</c> Запустить охранокоптер, дающий барьер союзникам в области."
<c=@abilitytype>Well.</c> Deploy a medic gyro to heal allies in the area.,<c=@abilitytype>Колодец.</c> Запустить медкоптер для исцеления союзников в области.
<c=@abilitytype>Well.</c> Deploy a purge gyro to remove conditions from allies in the area.,"<c=@abilitytype>Колодец.</c> Запустить чистокоптер, снимающий состояния с союзников в области."
<c=@abilitytype>Well.</c> Deploy a shredder gyro to attack foes in the area and repeatedly use whirl finishers.,"<c=@abilitytype>Колодец.</c> Развернуть гиро-измельчителя, атакующего врагов в области и многократно использующего финишеры вращения."
<c=@abilitytype>Well.</c> Deploy a sneak gyro to provide stealth to allies in the area.,"<c=@abilitytype>Колодец.</c> Выпустить тайнокоптер, делающий невидимыми союзников в области."
<c=@abilitytype>Well.</c> Shadowstep to a targeted point and create a well that grants boons to allies.,"<c=@abilitytype>Колодец.</c> Сделать Призрачный Шаг в выбранное место и создать колодец, который даёт союзникам дары."
<c=@abilitytype>Well.</c> Shadowstep to the target area and lay down a well that removes conditions from allies. Gain shadow force for each condition removed. The first strike of the well dazes foes.,"<c=@abilitytype>Колодец.</c> Сделать Призрачный Шаг в выбранное место и создать колодец, который снимает состояния с союзников. Получить силу теней за каждое снятое состояние. На первом такте этот колодец ошеломляет противников."
<c=@abilitytype>Well.</c> Shadowstep to the target location and drop a well that repeatedly strikes foes.,"<c=@abilitytype>Колодец.</c> Сделать Призрачный Шаг в выбранное место и создать источник, который поражает противников несколько раз."
<c=@abilitytype>Well.</c> Shadowstep to your target location and create a well that inflicts foes with conditions.,"<c=@abilitytype>Колодец.</c> Сделать Призрачный Шаг в выбранное место и создать источник, который накладывает на противников состояния."
"<c=@abilitytype>Well.</c> Shadowstep to your target location and drop a well that continuously pulls foes to its center, increasing intensity with each hit.","<c=@abilitytype>Колодец.</c> Теневым шагом переместитесь к цели и создайте колодец, который постоянно притягивает врагов к центру, усиливаясь с каждым ударом."
<c=@abilitytype>Well.</c> Shadowstep to your target location and drop a well that cripples foes and heals allies.,"<c=@abilitytype>Колодец.</c> Сделать Призрачный Шаг в выбранное место и создать источник, который вызывает у противников хромоту и исцеляет союзников."
"<c=@abilitytype>Well.</c> Target area pulses, blinding foes with each pulse.","<c=@abilitytype>Колодец.</c> Целевая область пульсирует, ослепляя врагов каждой пульсацией."
"<c=@abilitytype>Well.</c> Target area pulses, converting boons on foes into conditions.","<c=@abilitytype>Колодец.</c> Целевая область пульсирует, превращая благословения врагов в состояния."
"<c=@abilitytype>Well.</c> Target area pulses, converting conditions on allies into boons and granting might.","<c=@abilitytype>Колодец.</c> Целевая область пульсирует, превращая состояния союзников в благословения и даруя мощь."
"<c=@abilitytype>Well.</c> Target area pulses, converting conditions on allies into boons.","<c=@abilitytype>Колодец.</c> Целевая область пульсирует, превращая состояния союзников в благословения."
"<c=@abilitytype>Well.</c> Target area pulses, damaging foes and inflicting vulnerability.","<c=@abilitytype>Колодец.</c> Целевая область пульсирует, нанося урон врагам и накладывая уязвимость."
<c=@abilitytype>Well.</c> Unleash a blast gyro to begin a countdown to a tremendous blast.,"<c=@abilitytype>Колодец.</c> Запустить взрывокоптер, чтобы начать обратный отсчет до колоссального взрыва."
A Lightning strike that dazes foes.,"Удар молнии, ошеломляющий врагов."
A barrage of pistol attacks that inflict poison.,"Серия выстрелов из пистолета, накладывающая яд."
A basic claw attack.,Порезать противника своими когтями.
A basic melee attack.,"Вызвать у противника кровотечение, укусив его."
A basic melee knockback.,Базовое отбрасывание в ближнем бою.
A basic melee knockdown.,Базовое сбивание с ног в ближнем бою.
A basic multi-projectile attack.,Бросить в противника большой булыжник.
A basic projectile attack.,Базовая атака снарядом.
"A beam of focused energy cuts a path through the arena, heavily damaging enemies in its path.","Луч сфокусированной энергии прорезает путь через арену, нанося огромный урон врагам на своем пути."
A blade fashioned from magically conjured water that slashes foes and inflicts damage and vulnerability.,"Клинок из магически созданной воды, который рассекает врагов, нанося урон и уязвимость."
A blast of aquatic energy damages and launches anything in the area.,Всплеск водной энергии наносит урон и подбрасывает всех в области действия.
A blast of dark energy damages enemies in the target area.,Всплеск тёмной энергии наносит урон врагам в целевой области.
"A blast of flame scorches the area, damaging surrounding enemies.","Вспышка пламени опаляет область, нанося урон окружающим врагам."
A bolt of aquatic energy damages anything in its path.,Сгусток водной энергии наносит урон всему на своем пути.
A bolt of flame born from rage damages anything in its path.,"Сгусток пламени, рожденный яростью, наносит урон всему на своем пути."
