english,translate
(Thief) Pickpocket,(Вор) Карманник
"(This appears to be a list that Zommoros wrote about ideas for legendary weaponry and other relics. There are many scribbles and crossed-out items)""The Living One""Idea: A sentient, living rifle that shoots skeletal fists. Can talk to its owner, as it is sentient and made of organic material.Prototype: The Living One does nothing but scream in agony, fully aware of the futility of its existence. Not sure why I let it feel pain. Don't think I'll pursue this one.""Featherweight""Idea: A dagger imbued with powerful camouflaging magic and the ability to create three cloned versions of itself that fly in midair around its owner and attack all perceived threats.Prototype: Apparently I didn't think through the ramifications of having three invisible knives floating around my person at all times. The ""perceived threats"" bit has proven especially problematic, as any skritt that approaches with a question gets chased off by invisible knives. This is not conducive to an appropriate professional atmosphere. Going to call this one a lost cause for now.""Duoblade""Idea: An ultragreatsword that splits into two separate normal greatswords—one per pair of arms.Prototype: Two problems, actually. First, I forgot that while djinn have four arms, our target demographics tend to only have two, so they can really only wield ONE greatsword. Second, and perhaps more importantly, an ultragreatsword weighs a lot. And by ""a lot"" I mean the test subjects were falling onto their backs, pinned to the ground by the immense weight of the Duoblade, flailing around like a flipped tortoise. Funny, but impractical.""Cephalocus""Idea: A focus that takes the form of a living octopus, held aloft by the creature's actual functioning tentacles!Prototype: This worked—kind of. The problem was that everybody we tested this with got very uncomfortable having a magical, writhing octopus wrap itself around the wielder's arm. There were also at least two cases where the Cephalocus tried to eat its wielder, which focus groups described as ""not ideal"" and ""absolutely terrifying."" I'll stick a pin in this one for now.""Syphon Engine""Idea: A staff that syphons expended life energy from defeated foes, creating a gorgeous aura of light around the weapon.Prototype: As I've said many a time, magic is not an exact science. I believe it's possible I missed something in my initial formulas, as the staff seems to be syphoning the life energy of the wielder instead of defeated enemies. Immediately upon touching the Syphon Engine, my testers would feel weak, then collapse into a coma. Focus groups rated it very poorly as a result.","(Похоже, это список идей Zommoros о легендарном оружии и прочих реликвиях. Много каракулей и вычеркнутых пунктов)«The Living One»Идея: разумная, живая винтовка, стреляющая костяными кулаками. Может говорить с владельцем, ведь она разумна и создана из органики.Прототип: The Living One только и делает, что кричит в агонии, полностью осознавая тщетность своего существования. Не знаю, зачем я наделил его способностью чувствовать боль. Пожалуй, развивать эту идею не стану.«Featherweight»Идея: кинжал, наделённый мощной маскирующей магией и способностью создавать три своих клона, что парят в воздухе вокруг владельца и атакуют любые мнимые угрозы.Прототип: видимо, я не продумал последствий того, что вокруг меня постоянно летают три невидимых ножа. Особенно проблемной оказалась часть про «мнимые угрозы»: любого скритта, что подходит с вопросом, отгоняют невидимые клинки. Это не способствует подобающей рабочей атмосфере. Пока считаю эту затею безнадёжной.«Duoblade»Идея: ультрадвуручник, что распадается на два обычных двуручных меча — по одному на каждую пару рук.Прототип: на деле две беды. Во-первых, я забыл, что хоть у джиннов и четыре руки, у нашей целевой аудитории обычно всего две, так что они и правда могут держать лишь ОДИН двуручник. Во-вторых, и это, пожалуй, важнее, ультрадвуручник весит немало. И под «немало» я разумею, что испытуемые падали на спину, придавленные к земле его исполинским весом, и барахтались, как перевёрнутая черепаха. Забавно, но непрактично.«Cephalocus»Идея: фокус в виде живого осьминога, которого удерживают на весу его собственные работающие щупальца!Прототип: сработало — вроде как. Беда в том, что всем испытуемым было крайне неуютно, когда магический, извивающийся осьминог обвивал руку носителя. Было также как минимум два случая, когда Cephalocus пытался сожрать своего владельца, что фокус-группы описали как «не идеально» и «совершенно ужасающе». Пока отложу эту идею.«Syphon Engine»Идея: посох, что вытягивает израсходованную жизненную энергию из поверженных врагов, создавая вокруг оружия великолепную ауру света.Прототип: как я говорил не раз, магия — не точная наука. Возможно, я что-то упустил в исходных формулах: похоже, посох вытягивает жизненную энергию носителя, а не поверженных врагов. Стоило коснуться Syphon Engine, как испытуемые слабели и впадали в кому. В итоге фокус-группы оценили его крайне низко."
"(This appears to be an excerpt from a larger journal that was written by Zommoros.)Djinnspit is the most popular vintage of wine in Elona. I take issue with that—not simply because it's a subpar wine manufactured by soulless husks of vintners who care more for money than the art of wine making. Quite simply, it's deceptive marketing.When it comes to proper Elonian wine, there are numerous alternatives to the run-of-the-mill Djinnspit (hereafter referred to as ""common swill"").A few years ago, some foolhardy adventurer tossed down four bottles of Seborhin 1071, a delightful and most unfortunately rare vintage with hints of jammy, but not overpowering, blackberry, anise, vanilla, and just the subtlest touch of licorice. However, that is not my favorite.No, my favorite is, most surprisingly, something I'd consider a throwaway: Jackspruce Jacaranda. It is not made with jacaranda, of course, but seems to be a grape blend taken from all across the Crystal Oasis. The label is drawn with a most endearing style (showing a jacaranda summoning a lightning bolt into a wine glass), but it is the flavor combination that is most memorable, with a strong and ever-changing floral aroma that evokes the feeling of flying over the Crystal Oasis's most beautiful locales.My wine collection has grown to a most absurd size, but due to the...UNIQUE conditions that exist within my realm, wine never seems to spoil. Therefore, it would seem I have plenty of time to sample the others to see where they fall in my ever-expanding list of favorites.","(Похоже, это отрывок из большого дневника, написанного Zommoros.)Djinnspit — самое популярное вино в Elona. Я с этим не согласен — и не только потому, что это посредственное вино, изготовленное бездушными оболочками виноделов, которым деньги дороже искусства виноделия. Проще говоря, это лживый маркетинг.Что до настоящего элонского вина, у заурядного Djinnspit (далее — «пойло обыкновенное») есть немало достойных альтернатив.Несколько лет назад некий безрассудный искатель приключений залпом опрокинул четыре бутылки Seborhin 1071 — восхитительного и, увы, крайне редкого урожая с нотами джема, но не приторной ежевики, аниса, ванили и тончайшим оттенком лакрицы. Впрочем, это не моё любимое.Нет, моё любимое, как ни удивительно, — то, что я бы счёл проходным: Jackspruce Jacaranda. Разумеется, оно сделано вовсе не из жакаранды, а, похоже, из смеси винограда со всего Crystal Oasis. Этикетка нарисована в прелестнейшей манере (жакаранда призывает молнию в бокал вина), но незабываемее всего сочетание вкусов — сильный, вечно меняющийся цветочный аромат, что пробуждает чувство полёта над красивейшими уголками Crystal Oasis.Моя коллекция вин разрослась до нелепых размеров, но из-за... ОСОБЫХ условий, царящих в моём владении, вино словно не портится вовсе. А значит, у меня вдоволь времени, чтобы перепробовать прочие и понять, куда они встанут в моём вечно растущем списке любимых."
"(This text is not a work of fiction but is based on historical fact as interpreted by the author. Historical facts have been revised based upon new information acquired by the author since the original printing in 1022 AE.)In this updated 50th Anniversary Edition, the estimable Loremaster Ermenred provides readers a unique look at the Canthan Empire's intricate and storied history. From its comprehensive timeline reaching back to the Age of the Marmoset, to its exhaustive examination of Assassins and Ritualists (two of Cantha's oldest and most unique professions), this work is the perfect primer for scholars both young and old.","(Этот текст — не вымысел, но основан на исторических фактах в трактовке автора. Исторические факты пересмотрены с учётом новых сведений, полученных автором со времени первого издания в 1022 г. до н. э.)В этом обновлённом издании к 50-летнему юбилею почтенный магистр знаний Ermenred дарит читателям уникальный взгляд на запутанную и богатую историю Кантийской империи. От исчерпывающей хронологии, уходящей корнями к Эпохе Мармозетки, до подробнейшего разбора убийц и ритуалистов (двух старейших и самобытнейших профессий Cantha) — этот труд станет идеальным введением для учёных как молодых, так и умудрённых годами."
"(This tome is written in the seer language, but its condition is too pristine to be from here.)    We count ourselves among the stars. We do not debase ourselves in worship of the heavens but aspire to the heavens ourselves. Though not all of us will make it, it is better to fall at the gate of glory than to live life mired in the dirt.    (It goes on for pages in the same fashion.)","(Этот том написан на языке провидцев, но состояние его слишком безупречно, чтобы он был отсюда.) Мы причисляем себя к звёздам. Мы не унижаем себя поклонением небесам, но сами стремимся стать небесами. Пусть не всем нам это удастся, но лучше пасть у врат славы, чем прозябать жизнь, увязнув в грязи. (И так далее, страница за страницей, в том же духе.)"
(Type Here),(Введите здесь)
(Type message here),(Введите сообщение здесь)
(unassigned),(не назначено)
(Unset),(не задано)
(wail),(вой)
(whimper),(хныканье)
(whisper) the opposite sex.,(шёпот) противоположный пол.
(whistle),(свист)
(wordless grunt),(бессловесное ворчание)
"(writing is erratic, frenzied)Blood, silence, and...regret. I still feel regret.I watched the spark of life leave Nautus's eyes before rolling them and the others into the abyss below, where my new master waits. Defiance welled up inside, a few tears, one last gasp of air, but it's done.I remember his fanged smile, before he returned me to my slumber the night before last, my bloodied daggers hidden where my waking self would not find them. Sintri, Marago, Odamos, they served Aria well... Now they'll serve him, too.Soon, I'll join them in the ravaging nightmare, where I belong. My regret, my fear, my rage...they belong to him, now.","(письмо неровное, лихорадочное)Кровь, тишина и... сожаление. Я всё ещё чувствую сожаление.Я видел, как искра жизни угасла в глазах Nautus, прежде чем я столкнул его и остальных в бездну внизу, где ждёт мой новый господин. Во мне вскипело неповиновение, пара слёз, последний глоток воздуха — но всё кончено.Помню его клыкастую улыбку, прежде чем позапрошлой ночью он вернул меня в дремоту, спрятав мои окровавленные кинжалы там, где пробудившийся я их не найдёт. Sintri, Marago, Odamos — они славно служили Aria... Теперь послужат и ему.Скоро я присоединюсь к ним в опустошающем кошмаре, где мне и место. Моё сожаление, мой страх, моя ярость... теперь они принадлежат ему."
(You),(Вы)
"*""As a child, I'd heard my parents weave stories of their home, Istan. Early on, I suspected 'Bryn might be a djinn. No one in the Collective has ever seen him outside his projected form, and it's become sort of an in-joke for new recruits to speculate wildly. It IS a handsome projection, and yes, I'd asked, and no, he was flattered but uninterested. His loss.""* —Journal of Fourth Veil, Nemah","*«Ребёнком я слышала, как родители плели истории о своей родине, Istan. Довольно рано я заподозрила, что 'Bryn — джинн. Никто в Коллективе не видел его вне проецируемого облика, и у новичков стало чем-то вроде расхожей шутки строить о нём самые дикие догадки. Проекция и правда хороша собой, и да, я спрашивала, и нет, он был польщён, но не заинтересован. Его потеря».* — Из дневника Четвёртой Вуали, Nemah"
"*""As a child, I'd heard my parents weave stories of their home, Istan. Early on, I suspected 'Bryn might be a djinn. No one in the Collective has ever seen him outside his projected form, and it's become sort of an in-joke for new recruits to speculate wildly. It IS a handsome projection, and yes, I'd asked, and no, he was flattered but uninterested. His loss.""* —Journal of Fourth Veil, Nemah    In the weeks following, after the charr invasion of Kryta was routed by the White Mantle and their masters, their occupation of Kryta began. The remaining mesmers decided they would not abandon Kryta to its new regime. There, Adelaide, Velise, Gauvain, Nemah, and Obryn would form the first inner council of the Mesmer Collective, a fledging network of spies and informants that would serve Kryta in the formative years of the Shining Blade and, later, their own kinsfolk in the Ascalonian settlement. In time, the Collective's numbers would grow. Individuals with ties and connections to larger Krytan towns would form the first outer council and, eventually, the first members of the Shroud.    The truth of King Jadon's disappearance and death remains a secret to this day, known only to a privileged few outside of the Collective. Even after Queen Salma reclaimed the throne, the young Mesmer Collective deemed it best that the truth remain buried, worried that Jadon's death under the protection of Ascalonian diplomats would rouse suspicion and undermine the burgeoning trust between the new Ascalonian refugees and the Krytan people.","*«Ребёнком я слышала, как родители плели истории о своей родине, Istan. Довольно рано я заподозрила, что 'Bryn — джинн. Никто в Коллективе не видел его вне проецируемого облика, и у новичков стало чем-то вроде расхожей шутки строить о нём самые дикие догадки. Проекция и правда хороша собой, и да, я спрашивала, и нет, он был польщён, но не заинтересован. Его потеря».* — Из дневника Четвёртой Вуали, Nemah В последующие недели, после того как White Mantle и её господа отбили вторжение чарров в Kryta, началась их оккупация Kryta. Оставшиеся месмеры решили, что не отдадут Kryta её новому режиму. Там Adelaide, Velise, Gauvain, Nemah и Obryn образуют первый внутренний совет Mesmer Collective — зарождающейся сети шпионов и осведомителей, что будет служить Kryta в годы становления Сияющего Клинка, а позднее — и собственным сородичам в поселении асканийцев. Со временем ряды Коллектива разрастутся. Люди со связями в крупных крытанских городах образуют первый внешний совет, а в конце концов — и первых членов Савана. Правда об исчезновении и гибели короля Jadon по сей день остаётся тайной, известной лишь немногим избранным вне Коллектива. Даже после того как королева Salma вернула себе трон, молодой Mesmer Collective счёл за лучшее оставить истину погребённой, опасаясь, что гибель Jadon под защитой асканийских дипломатов вызовет подозрения и подорвёт крепнущее доверие между новыми асканийскими беженцами и народом Kryta."
"*""My friends, fear not...some charades are meant to end. While we serve Tyria with our magics of mirage, misdirection, and even the manipulation of time itself, I cannot carry on as I have, not without sharing this bit of truth, my truest self. Your companionship is worth more to me than any secret that is solely mine to keep. My name is Mabon; I am mursaat."" * Mabon, formerly ""Obryn"", Fifth Veil addressing the inner and outer councils.*    We all have our secrets. I was a fresh face to the inner council and a new father; my son still but a babe wobbling beneath Bear's protective gaze. The veils of both councils and even the keener members of the Shroud were wary that the collective's Fifth Veil, one of its founders, had spent over a century participating at a distance. There were some folks, me included, who were ignorant of the mursaat and their history. Third Veil Seeta Losthour and I were the first to speak with Mabon after the councils' deliberations—if he should remain on the inner council, much less in the collective. I wanted to reintroduce myself, offer him a drink or ten at the Muse's Bar, on my tab. He obliged, perhaps only out of guilt, but I assured him he was among friends—he still is.    A few glasses in, Mabon was as generous with our questions as I suspected he could be. It was clear that he had allegiances beyond the collective—many of us do. He was stressing over a trip northward, to Janthir, to the ruins of an old mursaat city. Said it was penance for the past, a promise made, ""one former monster to another.""","*«Друзья мои, не бойтесь... некоторым представлениям суждено закончиться. Пусть мы служим Tyria нашей магией миражей, обмана и даже управления самим временем, я не могу продолжать, как прежде, не поделившись этой крупицей правды, моим истиннейшим „я“. Ваше товарищество дороже мне любой тайны, хранить которую — только моё право. Меня зовут Mabon; я мурсаат».* Mabon, прежде «Obryn», Пятая Вуаль, обращаясь к внутреннему и внешнему советам.* У всех нас есть свои тайны. Я был новичком во внутреннем совете и молодым отцом; мой сын был ещё младенцем, что ковылял под защитным взором Bear. Вуали обоих советов и даже самые проницательные члены Савана настороженно отнеслись к тому, что Пятая Вуаль Коллектива, один из его основателей, больше века участвовал в делах на расстоянии. Были и те, я в том числе, кто ничего не знал о мурсаатах и их истории. Мы с Третьей Вуалью, Seeta Losthour, первыми заговорили с Mabon после того, как советы обсудили — стоит ли ему остаться во внутреннем совете, да и вообще в Коллективе. Я хотел заново представиться, угостить его выпивкой — да хоть десятком — в баре «Muse», за мой счёт. Он согласился, быть может, лишь из чувства вины, но я заверил его, что он среди друзей — и он всё ещё среди них. Пропустив пару стаканов, Mabon отвечал на наши вопросы так щедро, как я и предполагал. Было ясно, что у него есть привязанности за пределами Коллектива — как и у многих из нас. Его тревожила поездка на север, к Janthir, к руинам старого города мурсаатов. Он назвал это искуплением за прошлое, обещанием, данным «одним бывшим чудовищем другому»."
"*""We're exhausted. Spirits are low. No time to mourn after Kelsi and Torrin covered our escape. Our guides have done what they can to console us, but it's little comfort. I got a fire going, somehow. Never expected any of Cuyler's survival lessons to stick. Cendin would've conjured flames with magic just to show off. I miss them so much.""* —Journal of Third Veil, Velise","*«Мы измотаны. Дух наш пал. Нет времени горевать после того, как Kelsi и Torrin прикрыли наш отход. Проводники утешали нас как могли, но это слабое утешение. Я всё же развела костёр. Не думала, что хоть один из уроков выживания Cuyler мне пригодится. Cendin наколдовал бы пламя магией — просто чтобы порисоваться. Как же мне их не хватает».* — Из дневника Третьей Вуали, Velise"
"*(A handwritten note sits atop a small pile of maps, charts, and documents.)*    Captain Sayida,    These materials were all I could dig up from our humble maritime archive in the city. Pretty sure some of them were on loan from the Priory and I never got around to returning them.    The earliest mentions of Castora appear in ancient Margonite sailing records before the fall, when their ships ruled the Unending Ocean. Others come from ancient Canthan vessels, rumored to have been blessed or guided by celestial entities. A good number of these records were supposedly plundered by corsair fleets between 324 AE and the end of the First Great Corsair War around 712 AE. After that, they traded hands between corsairs and other pirates before the raising of Orr.    Descriptions are few. There is consistent mention of an unusual marine layer that blankets the entire coast of the island continent. For the most part, they read as if they were mostly written from the ships, stopping to fish or scrounge for wreck salvage, only to catch the briefest silhouette or outline of a landmass.    That's all that stood out from a skim; perhaps you'll have better luck. Based on your reputation, if anyone has a half a shot of reaching the shore, it's a Sly. With that said, I'm looking forward to hearing what Castora has to offer Lion's Arch, Captain.     Safe seas,  Commadore Lawson Marriner","*(Рукописная записка лежит поверх небольшой стопки карт, схем и документов.)*    Капитан Сайида,    Эти материалы — всё, что мне удалось откопать в нашем скромном морском архиве в городе. Уверен, некоторые из них были взяты на время из Приората, и я так и не собрался их вернуть.    Самые ранние упоминания о Касторе встречаются в древних маргонитских мореходных записях до падения, когда их корабли бороздили Бескрайний океан. Другие взяты из древних кантанских судов, которые, по слухам, были благословлены или направляемы небесными сущностями. Немалая часть этих записей, предположительно, была разграблена корсарскими флотами между 324 г. Р.Э. и концом Первой Великой Корсарской войны около 712 г. Р.Э. После этого они переходили из рук в руки между корсарами и другими пиратами до возвышения Орра.    Описаний мало. Постоянно упоминается необычный морской слой, окутывающий всё побережье островного континента. В основном они написаны так, будто создавались с кораблей, останавливавшихся для ловли рыбы или поиска обломков, и удавалось уловить лишь мимолётный силуэт или очертания суши.    Это всё, что бросилось в глаза при беглом просмотре; возможно, вам повезёт больше. Судя по вашей репутации, если у кого и есть полшанса добраться до берега, так это у Слай. С учётом сказанного, я с нетерпением жду вестей о том, что Кастора может предложить Львиному Архиву, капитан.     Спокойного моря,  Коммодор Лоусон Марринер"
"*(A new-looking book, a folded page of parchment marks the reader's place. Unfolded, you notice it is covered in notes.)*    Grateful to have my boots on solid ground after two weeks on the seas, fathoms deep in recent studies on ley-line magic. ""A Study of Ley-Charged Jade and Its Promising Applications"" by Taimi and Yu Joon, ""Manipulating Raw Ley Energy in a New Era"" by Scholar Glenna, and this one I'm reading to refresh myself on the basics.    The Bastion of the Obscure requested I join the Castoran expedition crew to assess and record any unusual ley-line behavior in the region. I'm just one of a few surveyors to remote regions once blocked by Elder Dragon activity. I even heard one of my peers was in talks with the asura and dwarves. Feeling like I lucked out, from where I'm standing. Warm coastal breezes, a stunning horizon... What's not to like?    I can already tell this land is ripe with ley magic. It practically bubbles up from the earth and water, coalescing in these brilliant orbs along the beaches, in the rocks, in the plants. I know better than to bother Isgarren while he's lost in his thoughts, but it'd be nice to add his knowledgeable perspective to my notes.","*(На вид новая книга; сложенный лист пергамента отмечает место, где остановился читатель. Развернув его, ты замечаешь, что он весь испещрён заметками.)* Как хорошо снова ступить на твёрдую землю после двух недель в море, с головой погрузившись в недавние труды о магии лей-линий. «Исследование заряженного леем нефрита и его многообещающих применений» за авторством Taimi и Yu Joon, «Управление сырой энергией лея в новую эпоху» учёной Glenna и вот эта — её я перечитываю, чтобы освежить основы. Bastion of the Obscure попросил меня войти в состав касторанской экспедиции, чтобы оценить и зафиксировать любое необычное поведение лей-линий в этом краю. Я лишь один из немногих топографов, отправленных в отдалённые области, некогда закрытые из-за деятельности Старших драконов. Слышал, один из моих коллег даже вёл переговоры с асура и дворфами. По мне, так мне крупно повезло. Тёплые прибрежные бризы, потрясающий горизонт... Что тут может не нравиться? Уже вижу, что эта земля богата магией лея. Она буквально бьёт ключом из земли и воды, собираясь в эти сияющие сферы вдоль пляжей, в камнях, в растениях. Знаю, что не стоит донимать Isgarren, когда он погружён в свои мысли, но было бы славно добавить в мои заметки его сведущий взгляд."
"*(Scrawled in the first page's margin.)**Petrus, give me your thoughts on the foreword. I saved it for last, now that the manual is done. Let me know if it's too much at the end. I got emotional. Dame would've been proud, is all.* --- It's been a winding road to get here. Was worried our ragtag project team would struggle to put our horns together and come up with something inspiring. ""It's a new era,"" they said, and I asked, ""why shouldn't the charr help lead the way?"" Imperator Greetsglory agreed, and with Imperator Kindleshot's own hearty approval, I got started. The goal was to create a kind of vessel, an extra well of power for guardians to tap into, with magic to forge and shape to their liking. The containment vessel for that power was where Petrus and his Iron comrades—Tullis, Jenk, and Melniza—came in with their expertise. The latter three were already familiar with building magical containment for holding Foefire ghosts. We pored over blueprints, consulted a few asura. Even took a field trip to the blazing Durmand Priory for inspiration and studied a couple dusty Deldrimor lanterns. Months later, we had a working prototype that combined the function of a containment lantern unit and a flame brazier amplifier. With it, Petrus was able maintain a stable shroud of flame and even wield weapons formed of the same fire. It was a sight to behold! Since then, we've worked out the kinks. Petrus had to grow back the occasional patch of fur, but we got real good at putting out fires. Eventually, it was safe enough that we felt we could put it in front of our imperators. Our demonstration was met with glowing eyes and cheers from the crowd of onlookers; we'd been approved to share this practice with the legions, and now, with the rest of Tyria. As a charr who spent much of their youth believing in one thing only to cast it aside in later years, I say this to all guardians: Gods, spirits, and leaders come and go with the ages. But whatever fuels your virtue, whatever instinct drives you to put yourself between danger and something or someone in need—take that spark and place it in your brazier. Let it light your way. —Attiken Sparkstoker, Flame Legion","*(Нацарапано на полях первой страницы.)**Petrus, поделись мыслями о предисловии. Я оставил его напоследок, теперь, когда руководство готово. Скажи, не перебор ли в конце. Меня разобрало. Просто Dame гордилась бы, вот и всё.* --- Путь сюда был извилист. Я боялся, что наша разношёрстная команда с трудом сведёт рога вместе и придумает что-то вдохновляющее. «Настала новая эпоха», — говорили они, а я спрашивал: «почему бы чаррам не повести за собой?» Император Greetsglory согласился, а с сердечного одобрения императора Kindleshot я и начал. Цель была создать своего рода сосуд, дополнительный источник силы, к которому стражи могли бы прибегать, — магию, чтобы ковать и придавать ей форму по своей воле. Сосуд для удержания этой силы — вот где на помощь пришли Petrus и его товарищи из Железного легиона — Tullis, Jenk и Melniza — со своим мастерством. Трое последних уже умели строить магические хранилища для удержания призраков Огня Врага. Мы корпели над чертежами, советовались с парой асура. Даже съездили за вдохновением в пылающий Durmand Priory и изучили пару пыльных дельдриморовских фонарей. Месяцы спустя у нас был рабочий прототип, что сочетал в себе функции удерживающего фонаря и усилителя-жаровни. С ним Petrus сумел удерживать устойчивый саван пламени и даже владеть оружием из того же огня. Зрелище было незабываемое! С тех пор мы устранили недочёты. Petrus порой приходилось отращивать выгоревшие клочки меха, но тушить пожары мы наловчились отменно. В конце концов это стало достаточно безопасно, чтобы показать нашим императорам. Наша демонстрация была встречена сияющими глазами и радостными криками толпы зрителей; нам одобрили распространение этой практики среди легионов, а теперь — и по всей Tyria. Как чарр, что в юности верил лишь в одно, а в поздние годы отринул эту веру, я говорю всем стражам: боги, духи и вожди приходят и уходят с веками. Но что бы ни питало твою добродетель, какой бы инстинкт ни велел тебе встать между опасностью и тем, кто в нужде, — возьми эту искру и помести её в свою жаровню. Пусть она освещает твой путь. — Attiken Sparkstoker, Flame Legion"
"***This worn storybook looks to have been written and decorated by a cub. A small pawprint adorns the cover.***    There once was a sleepy, abandoned cottage on the edge of Harvest Den. But this cottage was different from all the others. It had legs! They were long as a heron's and as strong as if they belonged to the fastest journeykin in the derby.    But legs weren't the only thing that made the cottage special. It also snored! Long and loud into the night. Some bearkin neighbors complained that the cottage kept them awake all night. Between its thunderous snores, and the coughs of smoke that wheezed from its chimney, the village bearkin were fed up with all the noise!    One morning, the neighbors knocked on the cottage door. Or at least, they tried to... But the cottage stood so tall on its legs that nobody could reach the front stoop! A few bearkin tried climbing the legs, but the cottage was ticklish! It shook so mightily with laughter that the bearkin could hardly make it a few claw lengths up without falling off.    So the bearkin got a new idea. They tossed stones at the cottage door, trying to make knocking sounds. This seemed to get its attention, until one stone missed and accidentally broke the cottage window!    ""Ouch!"" the cottage shrieked, as broken glass streamed down its front like teardrops. The bearkin called out their apologies, but it was too late. In a huff, the cottage stormed off, stomping as many of the bearkin's flowerbeds and gardens as it could along the way.    For many moons, none of the village bearkin knew where the cottage went. Some rumors said it had been spotted in the bog, but no one worked up the courage to go check. Indeed, the cottage had found a secret spot near the bog's edge where no one could cause it any more trouble.    Until...one day, a strange woman appeared on the cottage's front stoop. How she had scaled its legs to the heights of the stoop, even the cottage was unsure.    ""Poor thing,"" she said, her voice full of forced pity. ""Those awful bearkin can be so cruel,"" she cooed. And through some strange show of odd gestures and harsh sounds, she mended the cottage window!    The cottage was shocked. And confused. But most of all, happy. Though the broken window was an accident, the truth was that the cottage hadn't felt this loved since before its builder had left it so long ago.    In a tremendous whoosh of warm, dusty air, the cottage swung open its door, welcoming the woman inside.    ""A bit dusty, but...you will do quite nicely for my needs here in the bog. Yes, quite nicely."" She smiled a sour smile, then shut the door behind her with a surprising gentleness.    From then on, she oft made herself at home in the cottage. Every visit, the cottage invited her in with a cozy fire and the warm light of the hearth. And here, she'd roost lazily by the window, scouring for unlucky bearkin lost wandering the bog alone.    ***At the end of the story, a note in much neater writing reads: ""Spooky and creative! A fine story, Poky. Imaginative as always!""","***Эта потрёпанная книжка с картинками, похоже, была написана и украшена медвежонком. На обложке красуется маленький отпечаток лапки.***    Жила-была сонная заброшенная хижина на краю Урожайного Логова. Но эта хижина отличалась от всех остальных. У неё были ноги! Длинные, как у цапли, и сильные, словно принадлежащие самому быстрому страннику на дерби.    Но ноги были не единственной особенностью этой хижины. Она ещё и храпела! Громко и протяжно всю ночь. Некоторые соседи-медвежата жаловались, что хижина не даёт им спать. Между её громовым храпом и кашляющим дымом из трубы деревенские медвежата были сыты по горло всем этим шумом!    Однажды утром соседи постучали в дверь хижины. По крайней мере, попытались... Но хижина стояла так высоко на своих ногах, что никто не мог дотянуться до крыльца! Несколько медвежат попробовали взобраться по ногам, но хижина была щекотливой! Она так сильно тряслась от смеха, что медвежата едва могли пролезть и несколько когтей вверх, не свалившись.    Тогда медвежата придумали новый план. Они бросали камни в дверь хижины, пытаясь издавать стучащие звуки. Это, казалось, привлекло её внимание, пока один камень не промахнулся и случайно не разбил окно хижины!    «Ай!» — взвизгнула хижина, и разбитое стекло потекло по её фасаду, как слёзы. Медвежата крикнули свои извинения, но было уже поздно. В гневе хижина умчалась прочь, растоптав по пути как можно больше клумб и садов медвежат.    Много лун никто из деревенских медвежат не знал, куда делась хижина. Ходили слухи, что её видели в болоте, но никто не набрался смелости пойти проверить. Действительно, хижина нашла секретное местечко у края болота, где никто не мог причинить ей больше хлопот.    Пока... однажды на пороге хижины не появилась странная женщина. Как ей удалось взобраться по ногам на такую высоту, не знала даже сама хижина.    «Бедняжка», — сказала она голосом, полным притворной жалости. «Эти ужасные медвежата бывают такими жестокими», — проворковала она. И с помощью каких-то странных жестов и резких звуков она починила окно хижины!    Хижина была потрясена. И сбита с толку. Но больше всего — счастлива. Хотя разбитое окно было случайностью, правда заключалась в том, что хижина не чувствовала себя такой любимой с тех пор, как её строитель покинул её так давно.    С огромным порывом тёплого пыльного воздуха хижина распахнула свою дверь, приглашая женщину внутрь.    «Немного пыльно, но... ты вполне подойдёшь для моих нужд здесь, на болоте. Да, вполне подойдёшь». Она кисло улыбнулась, затем закрыла за собой дверь с удивительной нежностью.    С тех пор она часто чувствовала себя как дома в этой хижине. Каждый раз, когда она приходила, хижина приглашала её внутрь уютным огнём и тёплым светом очага. И здесь она лениво сидела у окна, высматривая неудачливых медвежат, заблудившихся в болоте в одиночестве.    ***В конце истории примечание гораздо более аккуратным почерком гласит: «Жутко и креативно! Отличная история, Поки. Как всегда, богатое воображение!»"
"**Akeem, the Wizard of the Obscure**  The one who brings together our two worlds will die doing so; at the feet of a monstrous force, they will perish.","**Аким, Магистр Сокрытого**  Тот, кто объединит наши два мира, погибнет при этом; у ног чудовищной силы они падут."
"**Amnytas**  It sent ripples over the land, like the surface of a lake; eventually the water would be still, and they'd see right to the bottom.","**Амнитас**  Она посылала рябь по земле, словно поверхность озера; в конце концов вода успокоится, и они увидят всё до самого дна."
"**Arcane Council Meeting Summary**  *Notes Taken by Phlunt's Golem Secretary*    **Attendance**  High Councillor Flax  Councillor Haia  Councillor Vark  Councillor Zudo  Councillor Yahk  Councillor Bleent  Councillor Phlunt     **Meeting Minutes**  - Quorum has been reached, with two members of the council absent. Councillor Ludo is in Lion's Arch on behalf of the Tyrian Alliance, and Councillor Canni is guiding an ecological research study in Cantha. Catering has been provided by Chef Prazz.     - A petition was proposed from Councilor Phlunt to change the time of Arcane Council meetings to Canthan standard time so that he does not have to disrupt his daily tea ceremony. The petition will be taken into consideration.     - Councillor Vark volunteered to read a letter from Councillor Ludo. She says that the Captain's Council will be hosting a summit between the nations of Cantha and Elona two weeks from today in Lion's Arch. Cantha will be demonstrating their new ley-infused jade filters, and Councillor Ludo has suggested that the council send students from each of the colleges to watch. Councillor Yahk dismissed the notion, expressing concern over wasting resources. Councillor Phlunt seconded Yahk's concerns. Councillor Zudo dissented, but was quickly dismissed by High Councillor Flax.     - High Councillor Flax has pivoted to issue a formal complaint about the catering, noting that the blueberry tarts are ""dry and unsatisfying."" Councillors Bleent and Yahk agree.      - Councillor Yahk notes that the ooze custard, however, is superb. Given that, the formal complaints against the blueberry tarts have been dismissed.     - Councillor Zudo once again brought up her petition to give the colleges additional access to funding following recent budget cuts. She claims that multiple research krewes have expressed concerns about funding and may need to halt progression. High Councillor Flax asked to delay discussing the petition, citing a lack of preparedness, but suggested that each of these krewes submit requests for funding so they can be assessed individually. This suggestion satisfied Councillor Zudo.     - Since Councillor Ludo is in Lion's Arch for another week at minimum, Councillor Yahk volunteered to oversee the rations and supplies that are being prepared for the Tyrian Alliance. High Councillor Flax approved.     - Two Councillors discussed a ""playdate"" between their two progeny. Nothing came of it after both agreed that the children detested one another on ideological grounds.     - The meeting was adjourned when High Councillor Flax received an urgent note to return to the Usability Station. The Arcane Council will reconvene when Councillors Ludo and Canni return from business outside of Rata Sum.","**Сводка заседания Arcane Council**  *Записи, сделанные секретарём-големом Флунта*    **Присутствие**  Верховный советник Флакс  Советник Хая  Советник Варк  Councillor Zudo  Советник Як  Советник Блит  Councillor Phlunt     **Протокол заседания**  - Кворум достигнут, двое членов совета отсутствуют. Советник Лудо находится в Львином Архиве по поручению Tyrian Alliance, а советник Канни руководит экологическим исследованием в Канте. Обеспечение питанием предоставлено шеф-поваром Праззом.     - Советником Флунтом было предложено изменить время заседаний Arcane Council на кантанское стандартное время, чтобы ему не приходилось прерывать свою ежедневную чайную церемонию. Петиция будет рассмотрена.     - Советник Варк вызвался зачитать письмо от советника Лудо. Она сообщает, что Captain's Council будет проводить саммит между народами Канты и Элоны через две недели в Львином Архиве. Канта продемонстрирует свои новые фильтры из нефрита, пропитанного магическими линиями, и советник Лудо предложила совету отправить студентов из каждого колледжа для наблюдения. Советник Як отверг эту идею, выразив обеспокоенность по поводу растраты ресурсов. Советник Флунт поддержал опасения Яка. Советник Зудо выступил против, но был быстро отклонён Верховным советником Флаксом.     - Верховный советник Флакс перешёл к официальной жалобе на питание, отметив, что пирожки с черникой «сухие и неудовлетворительные». Советники Блит и Як согласны.      - Советник Як отмечает, что заварной крем из слизи, однако, превосходен. Учитывая это, официальные жалобы на пирожки с черникой были отклонены.     - Советник Зудо снова поднял свою петицию о предоставлении колледжам дополнительного доступа к финансированию после недавних сокращений бюджета. Она утверждает, что несколько исследовательских групп выразили обеспокоенность по поводу финансирования и, возможно, им придётся приостановить работу. Верховный советник Флакс попросил отложить обсуждение петиции, сославшись на недостаточную подготовку, но предложил, чтобы каждая из этих групп подала запросы на финансирование для индивидуальной оценки. Это предложение удовлетворило советника Зудо.     - Поскольку советник Лудо пробудет в Львином Архиве как минимум ещё неделю, советник Як вызвался контролировать пайки и припасы, подготавливаемые для Tyrian Alliance. Верховный советник Флакс одобрил.     - Два советника обсудили «игровое свидание» между их двумя отпрысками. Ничего из этого не вышло, так как оба согласились, что дети терпеть друг друга не могут на идеологической почве.     - Заседание было прервано, когда Верховный советник Флакс получил срочное уведомление вернуться на Usability Station. Arcane Council соберётся вновь, когда советники Лудо и Канни вернутся из дел за пределами Rata Sum."
"**Arina, the Outrider of the Ward**  The lady would look upon the other world and see opportunity.","**Арина, Всадница Стражи**  Леди увидела бы в другом мире возможность."
"**AUTHORIZED PERSONNEL ONLY**     Whatever you do, don't let any of the frogs get this.    ACCESS CODES  1. Black: 000000   2. White: FFFFFF  3. Red: FF0000  4. Blue: 0000FF  5. Green: 008000  6. Violet: 7F00FF    Zeroes are the key. Number then position.","**ТОЛЬКО ДЛЯ УПОЛНОМОЧЕННОГО ПЕРСОНАЛА** Что бы ты ни делал, не дай ни одной из лягушек это заполучить. КОДЫ ДОСТУПА 1. Чёрный: 000000 2. Белый: FFFFFF 3. Красный: FF0000 4. Синий: 0000FF 5. Зелёный: 008000 6. Фиолетовый: 7F00FF Ключ — нули. Сначала число, затем позиция."
"**Dagda, the Wizard of the Celestial**  She weeps for what she left behind. She weeps for what she's afraid to lose.","**Дагда, Магистр Небесного**  Она оплакивает то, что оставила позади. Она оплакивает то, что боится потерять."
"**Entry 01**  First day on Janthir Syntri is in the books! Should probably explain what I'm even doing here. The Tyrian Alliance reached out to the Durmand Priory for some extra help studying the titans. Gixx told them he had just the expert for the job, and here I am! For being so new to the global scene, the alliance has been quick to establish itself. Already they've enlisted help from the Astral Ward, the sylvari tree tenders, and now, the priory. And the word is that the former Pact commander is even running around out here.    I still can't believe my luck. Reading about titans from historical tomes is one thing. Potentially seeing them in the wild? That's a whole other beast! I figure journaling will help me keep track of my day-to-day in the field. If I see anything interesting (maybe a titan—claws crossed), I can jot down the details while they're still fresh.    Anyway, a storm's rolling in, so I'd best find some shelter. Sounds like it's gonna be a mean one.    **Entry 02**  So much for daily journaling. I've been so deep in research, I keep forgetting to write about it. Lately, I've been interviewing kodan stationed on the isles about what they've seen. Some even gave eyewitness accounts of their own personal titan sightings! I'm working on compiling them for alliance and priory records.    While the interviews are going well, Janthir Syntri's frequent storms are...unsettling. I expected a harsh climate; the isles are practically famous for it. But these storms are unlike any I've experienced. They're strong, sure. Even violent at times. But there's just something deeply unsettling about them. They're also peculiarly consistent. And because of all that, I can't stop wondering about them. So I've made it a little side project of my own to learn all I can about them. And I hear the rumblings of one brewing. Right on cue...    **Entry 03**  My brain is going so fast, I can barely write quickly enough! Turns out that my side project studying the isle's storms is going better than expected. I've been asking around, and according to those stationed here awhile, the storms in Janthir Syntri worsened around the same time the titans first appeared. Even more curious, the titans appear to thrive in these storms. Why? I don't know for sure, but my guess has to do with bloodstone.     Several accounts of the titans during Mists Tide storms report them feasting especially ravenously on bloodstone shards. Once satisfied, they act particularly energized and aggressive. This effect is even true for those appearing injured or in poor health beforehand. And, for whatever reason, it only seems to happen during storms.    So many thoughts here: Is there something in these storms' energy that bolsters bloodstone? Would explain the amplified effects, and also why they feel so ""off."" Then, what is this energy? Where do these storms even come from? Previous research suggests the titans negatively impact nearby ecosystems. Could their appearance have made the isles' storms even worse? Maybe. But it doesn't explain their effect on bloodstone. Still, I feel I'm onto something here. Just need to keep searching for answers.","**Запись 01** Первый день на Janthir Syntri позади! Пожалуй, стоит объяснить, что я вообще тут делаю. Tyrian Alliance обратился к Durmand Priory за помощью в изучении титанов. Gixx сказал им, что у него есть как раз тот эксперт, что нужен, — и вот я здесь! Для новичка на мировой сцене альянс на удивление быстро заявил о себе. Он уже заручился помощью Astral Ward, сильвари — хранителей древа, а теперь и Приората. И говорят, будто где-то тут разгуливает даже бывший командир Договора. До сих пор не верю своей удаче. Читать о титанах в исторических томах — одно. А может, увидеть их вживую? Это совсем другой зверь! Думаю, дневник поможет мне не терять нить моих полевых будней. Если увижу что-нибудь любопытное (может, титана — когти скрещены), смогу записать подробности, пока они ещё свежи. В общем, надвигается гроза, так что мне лучше поискать укрытие. Похоже, она будет злой. **Запись 02** Вот тебе и ежедневный дневник. Я так ушла в исследования, что всё забываю о нём писать. В последнее время я беру интервью у кодан, что расквартированы на островах, о том, что они видели. Некоторые даже поделились свидетельствами о собственных встречах с титанами! Я собираю их для записей альянса и Приората. Хотя интервью идут хорошо, частые грозы Janthir Syntri... тревожат. Я ожидала сурового климата; острова этим едва ли не славятся. Но эти грозы не похожи ни на что, с чем я сталкивалась. Сильные, да. Порой даже яростные. Но есть в них что-то глубоко тревожное. К тому же они на редкость постоянны. И потому я не могу перестать о них думать. Так что я завела себе маленький побочный проект — узнать о них всё, что смогу. И до меня доносятся раскаты назревающей грозы. Как раз вовремя... **Запись 03** Мысли несутся так быстро, что я едва поспеваю записывать! Оказывается, мой побочный проект по изучению островных гроз идёт лучше, чем я ждала. Я порасспрашивала, и, по словам тех, кто расквартирован здесь давно, грозы на Janthir Syntri усилились примерно тогда же, когда впервые появились титаны. Ещё любопытнее, что титаны, похоже, процветают в этих грозах. Почему? Наверняка не знаю, но моя догадка связана с кровавиком. В нескольких свидетельствах о титанах во время гроз Прилива Туманов говорится, что они особенно жадно пожирают осколки кровавика. Насытившись, они становятся особенно бодрыми и агрессивными. Это верно даже для тех, что до этого казались ранеными или хворыми. И, по какой-то причине, случается это лишь во время гроз. Столько мыслей: есть ли в энергии этих гроз нечто, что укрепляет кровавик? Это объяснило бы усиленный эффект, а заодно и то, отчего они ощущаются так «неправильно». Тогда — что это за энергия? Откуда вообще берутся эти грозы? Прежние исследования намекают, что титаны пагубно влияют на близлежащие экосистемы. Могло ли их появление усугубить островные грозы? Возможно. Но это не объясняет их влияния на кровавик. И всё же я чувствую, что напала на след. Просто нужно продолжать искать ответы."
"**Entry 04**  No time to grab my journal. I'll just scribble this here and add it to the rest of the entries.     I'm back at the priory. It's the middle of the night. And finally—FINALLY—days and nights of research have paid off! Since leaving Janthir Syntri, all I've wanted is a reason to go back. I haven't been able to think of anything besides the questions I left unanswered there. Now, I have my reason. And I may very well have my answers.    It's all too much to explain here; I need to get going. I'll write more when I reach the isle.","**Запись 04** Некогда хвататься за дневник. Просто нацарапаю здесь и добавлю к остальным записям. Я снова в Приорате. Глубокая ночь. И наконец — НАКОНЕЦ — дни и ночи исследований принесли плоды! С тех пор как я покинула Janthir Syntri, я лишь и хотела повода вернуться. Ни о чём другом думать не могла, кроме вопросов, что оставила там без ответа. Теперь у меня есть повод. И, возможно, у меня есть ответы. Всё это слишком долго объяснять здесь; мне пора. Напишу больше, когда доберусь до острова."
"**Entry 1**       While I continue to mourn the fact that I was not elevated to the role of principal biomancer, being a prime candidate to see Sebb's work to fruition following his passing, I continue to find small joys in my new surveying assignment. While mapping the marsh, I've begun conducting personal research on the native beetle species. They fascinate me, and perhaps I can extract useful biodata for future utilization.      **Entry 2**      Blast! I was bitten by one of the beetles. A matriarch, likely come to retrieve the larva I extracted. I had to abandon my camp in a hurry. The research I lost...     But never mind my research! My insides burn with ceaseless pain. I managed to drag myself to a secure alcove and administer an antitoxin from my surveying medical kit, but it seems to be doing very little against the beetle's venom. I called my krewe leader for aid, who...laughed at my obvious discomfort. She dubbed my ailment a ""fortifying challenge"" and demanded that I use the opportunity to craft a remedy in case anyone else is afflicted by the toxin.      While attempting to formulate a plan, I heard a sharp cry from the clearing where I was attacked. Shortly after, a gwyldell—one of the treant-like beings on the island—collapsed on the ground nearby. Another victim. In the days prior, I'd witnessed the creatures tending to the moths and their cocoons throughout the marsh. I suspect one of the beetles got too close, and the gwyldell intervened.     I watched as it writhed against the ground. I tried not to make any sudden movements as to not scare it away. After all, the perfect test subject for my own remedy had fallen into my lap.","**Запись 1**       Хотя я продолжаю скорбеть о том, что меня не повысили до главного биоманта, будучи главным кандидатом на завершение работы Себба после его кончины, я продолжаю находить маленькие радости в своём новом задании по съёмке. Составляя карту болота, я начал проводить личные исследования местных видов жуков. Они меня завораживают, и, возможно, я смогу извлечь полезные биоданные для будущего использования.      **Запись 2**      Проклятье! Меня укусил один из жуков. Матриарх, вероятно, пришла забрать личинку, которую я извлёк. Мне пришлось спешно покинуть лагерь. Мои потерянные исследования...     Но плевать на мои исследования! Мои внутренности горят непрекращающейся болью. Мне удалось доползти до безопасной ниши и ввести антитоксин из моего полевого медицинского набора, но он, похоже, почти не помогает против яда жука. Я позвал на помощь своего лидера крю, который...посмеялся над моим очевидным страданием. Он назвал мою болезнь ""укрепляющим испытанием"" и потребовал, чтобы я использовал эту возможность для создания противоядия на случай, если кто-то ещё пострадает от токсина.      Пытаясь разработать план, я услышал резкий крик с поляны, где на меня напали. Вскоре рядом на землю рухнул гвильделл — одно из древоподобных существ на острове. Ещё одна жертва. За несколько дней до этого я видел, как эти существа заботились о мотыльках и их коконах по всему болоту. Я подозреваю, что один из жуков подошёл слишком близко, и гвильделл вмешался.     Я наблюдал, как он корчится на земле. Я старался не делать резких движений, чтобы не спугнуть его. В конце концов, идеальный подопытный для моего собственного противоядия упал прямо мне в руки."
"**Entry 3**    To begin my experimentation, I've collected a vial of sap from the oldest tree in the far Deepwood. I took me a long while to get there on my own. But just as I suspected, given the area's protection from sunlight and intense magical saturation, it has taken on an antibacterial quality. It's unlike anything I've worked with in the lab. While not an end-all to my ailment, due to the sap's consistency and potency, it'll serve as a good base for the salve. Just like glue.For now, I'll simply take a scoop. But when I'm healed, I'll be back for an entire tree.","**Запись 3**    Чтобы начать свои эксперименты, я собрал флакон сока из старейшего дерева в дальнем Глубоколесье. Мне потребовалось много времени, чтобы добраться туда одному. Но, как я и подозревал, учитывая защиту этой местности от солнечного света и интенсивное магическое насыщение, сок приобрёл антибактериальные свойства. Это не похоже ни на что, с чем я работал в лаборатории. Хотя это не панацея от моей болезни, из-за консистенции и силы сока он послужит хорошей основой для мази. Прямо как клей. Пока я просто возьму немного. Но когда я выздоровлю, я вернусь за целым деревом."
"**Entry 4**    Concentrated magic... This entire island is absolutely covered in it, but there's something about the seer's quarry. The ley magic here is pure—untouched. When it's time to fuse the rest of the components together, this will do well.","**Запись 4**    Концентрированная магия... Весь этот остров буквально пропитан ею, но в карьере провидца есть что-то особенное. Лей-магия здесь чистая — нетронутая. Когда придёт время соединить остальные компоненты, это подойдёт."
"**Entry 5**      I've taken numerous samples of water from all over the quarry and channels, but the sample I collected from the forge's runoff is simply miraculous! I'd never think to use an unsterile specimen like this, but there's something about the seer ""technology"" that purifies, breaking up and isolating the noxious compounds as they collect in the sap.","**Запись 5**      Я взял множество проб воды из разных мест карьера и каналов, но образец, собранный из стоков кузни, просто чудесен! Я бы никогда не подумал использовать такой нестерильный образец, но в ""технологии"" провидцев есть что-то, что очищает, разбивая и изолируя ядовитые соединения по мере их накопления в соке."
"**Entry 6**      Deep in the grove, not too far from my refuge, I've located a shrub filled with bright-blue flowers. The pigment is remarkable and immediately drew my eye.     In many cases, such a color should cause alarm, as blue often means poison. An easy way to test its volatility would be to rub a pulverized petal across some exposed flesh. If the flesh reacts, you've got a winner. I did so using this flora, and behold, I've quite the rash. Exactly what I searched for. If I add just a touch of this pigment to the concoction, I'm hoping that the flower's toxins will battle against the isolated pockets of the beetle's.     I returned to camp and used just a small fraction of my updated concoction on the gwyldell to gauge my progress. It was not a fan. I was worried that its cries would give up our position, and I had to use a sedative to calm it. But despite the creature's pain, I did observe some improvement. Unfortunately, I worry that using enough of the concoction to completely cure  the ailment would effectively...terminate the specimen. And until I'm healed, I'm not ready to be rid of it yet.","**Запись 6** В глубине рощи, недалеко от моего убежища, я отыскал куст, усыпанный ярко-синими цветами. Пигмент поразителен и сразу привлёк мой взгляд. Во многих случаях такой цвет должен бы вызвать тревогу, ведь синий часто означает яд. Простой способ проверить его опасность — растереть измельчённый лепесток по открытому участку кожи. Если кожа среагирует — победа за тобой. Я так и сделал с этим растением, и вот тебе — у меня изрядная сыпь. Ровно то, что я искал. Если добавить в состав лишь каплю этого пигмента, я надеюсь, что токсины цветка сразятся с изолированными очагами жучьего яда. Я вернулся в лагерь и испробовал крохотную долю обновлённого состава на gwyldell, чтобы оценить успехи. Ему не понравилось. Я боялся, что его крики выдадут наше положение, и пришлось применить успокоительное, чтобы его унять. Но, несмотря на муки создания, я всё же заметил некоторое улучшение. К сожалению, боюсь, что доза состава, достаточная, чтобы полностью излечить недуг, по сути... прикончит подопытного. А пока я не исцелён, я не готов от него избавиться."
"**Entry 7**      Every time I need to venture out in search of another ingredient, I worry that I won't make it back. While my Inquest-designated ointments and remedies have kept the beetle toxin at bay, it's slowly starting to take hold of my better senses. My sense of smell dulls, my legs grow numb. The pain grows with every breath. And at the gwyldell's advanced stages of impact, its wings are beginning to grow thin.    Thankfully, I didn't need to travel far to find what I sought next. After the burn on my arm only worsened, I attempted crushing various leaves found throughout the forest. I found one in particular that had an immediate soothing effect when crushed into a paste. I rubbed it over the area and was immediately met with reprieve. I collected what I was able and returned to my hiding place to crush the rest.     As predicted, when folded into the sap *before* adding the floral pigment, the burning effect is minimized. I again tried administering the concoction to the gwyldell... And, finally! It took to the remedy and hardly made a noise.","**Запись 7**      Каждый раз, когда мне нужно отправиться на поиски очередного ингредиента, я боюсь, что не вернусь. Хотя назначенные Инквестом мази и средства сдерживают токсин жука, он постепенно начинает завладевать моими чувствами. Моё обоняние притупляется, ноги немеют. Боль растёт с каждым вдохом. И у гвильделла, на поздних стадиях воздействия, начинают истончаться крылья.    К счастью, мне не пришлось далеко идти, чтобы найти то, что я искал. После того как ожог на моей руке только усилился, я попытался раздавить различные листья, найденные в лесу. Я нашёл один, который при растирании в пасту давал немедленный успокаивающий эффект. Я втёр его в поражённое место и сразу почувствовал облегчение. Я собрал, сколько смог, и вернулся в своё укрытие, чтобы растереть остальное.     Как и предполагалось, при добавлении в сок *до* добавления растительного пигмента жжение минимизируется. Я снова попробовал ввести снадобье гвильделлу... И, наконец, оно подействовало, и он почти не издал ни звука."
"**Entry 8**      I collected some berries near the western temple in an attempt to make the concoction more palatable, as ingesting the paste seems to raise its efficiency. When exposed directly to blood, it burns too quickly. When rubbed over skin, it burns too slowly. But when ingested, it absorbs at precisely the correct speed.      I have, at last, completed the concoction. I've administered it to the gwyldell first. Next, myself.      **Entry 9**      Damn it. Something is still missing.     After the test subject seemed to be healing, I administered a full dose the antidote to myself. And I hate to admit it, but I have made a critical error. Within a few hours, we both began to ooze thick mucus. And, alchemy, it burns. It's almost as if the toxins have moved from my insides to my flesh, and now I'm covered in them.    If only I had a way to cleanse myself of the mucus, maybe then would I be healed. I recall Sebb's early experiments when we first arrived on Castora. On the wavehawks. I don't remember the specifics, as the burning is overcoming my every sense. But the traces of saliva found in their water-propulsing organs houses various enzymes that might... I'll attempt to call for aid.","**Запись 8**      Я собрал несколько ягод возле западного храма, чтобы сделать снадобье более приятным на вкус, так как приём пасты внутрь повышает его эффективность. При прямом контакте с кровью оно горит слишком быстро. При втирании в кожу — слишком медленно. Но при приёме внутрь оно всасывается с нужной скоростью.      Я наконец завершил снадобье. Сначала ввёл его гвильделлу. Затем себе.      **Запись 9**      Чёрт. Чего-то всё ещё не хватает.     После того как подопытный, казалось, пошёл на поправку, я ввёл себе полную дозу противоядия. И ненавижу признавать, но я совершил критическую ошибку. Через несколько часов у нас обоих начала выделяться густая слизь. И, алхимия, она жжёт. Почти как если бы токсины переместились из моих внутренностей на кожу, и теперь я весь покрыт ими.    Если бы только у меня был способ очиститься от слизи, может быть, тогда я бы исцелился... Я вспоминаю ранние эксперименты Себба, когда мы только прибыли на Кастору. На волновых ястребах. Я не помню деталей, так как жжение переполняет все мои чувства. Но следы слюны в их вододвижущих органах содержат различные ферменты, которые могли бы... Я попытаюсь вызвать помощь."
"**Entry 9**     I tried a full dose of the antidote on both myself and my test subject. Neither condition seemed to fully stabilize. I even observed as the gwyldell began to ooze with a thick mucus in response. And now the same is beginning to happen to me. And it burns. It's almost as if the toxins have moved from my insides to my flesh, and now I'm covered in them.    What am I missing? Oh, if only I had a way to cleanse myself of the mucus, maybe then would I be healed... But I    *The writing abruptly ends. The paper is covered in a thick, pungent mucus.*","**Запись 9**     Я попробовал полную дозу противоядия на себе и на подопытном. Ни одно состояние, казалось, не стабилизировалось полностью. Я даже заметил, что у гвильделла начала выделяться густая слизь в ответ. И теперь то же самое начинает происходить со мной. И это жжёт. Почти как если бы токсины переместились из моих внутренностей на кожу, и теперь я весь покрыт ими.    Чего мне не хватает? О, если бы только у меня был способ очиститься от слизи, может быть, тогда я бы исцелился... Но я    *Запись резко обрывается. Бумага покрыта густой, едкой слизью.*"
"**Frode, the Warden of the Ward**  Under the blanket of heavy snow and burden, he may witness something horrible. Only after will he thrive.","**Фроде, Хранитель Отделения**  Под покровом тяжёлого снега и бремени, он может стать свидетелем чего-то ужасного. Только после этого он преуспеет."
"**Galrath the Undying, the Tactician of the Ward**  To he who glares toward the light, life will be a curse.","**Галрат Бессмертный, Тактик Отделения**  Тому, кто смотрит на свет, жизнь будет проклятием."
"**Gladium, the Guide of the Ward**  What she lost would be gained in other ways.","**Гладиум, Проводник Отделения**  Что она потеряла, то обретёт иными путями."
"**Greer—Bionomic Influence: Swamp**  Called the ""rot bringer"" by locals familiar with his putrid air, Greer's form has taken on characteristics of swampy regions of the Slithering Outskirts. Lowland kodan Rainless Meadow, stationed near Old Gavril Plaza, succinctly described the titan as ""swampy and gross."" She recalled, ""The smell curled the fur on my nose.""     An account taken by the alliance from the sylvari Caithe summarized Greer's presence as follows: ""I sensed sickness the moment I set foot in the area. You don't have to be a sylvari to tell the environment's ailing. One whiff is proof enough. But to also feel the misery of those innocents... The plagued plants, the poisoned waters...the leaves curled by death... The mere memory makes me sick. Being there was nearly more than I could bear.""    **Decima—Bionomic Influence: Storm**    While not as offputting to the senses, Decima's intrusion upon the Stricken Plains ecosystem has proved equally detrimental. The Stricken Plains, as their name suggests, are known for frequent lightning strikes. Decima's presence appears to have increased this frequency exponentially.     Research conducted by Tyrian Alliance and Astral Ward members indicates a near-constant risk of wildfires. This burn risk poses a major threat to the safety of individuals, wildlife, and vegetation in the area. Lowlanders report a dramatic drop in the season's crop yield, fearing food shortages for the coming winter.    **Ura—Bionomic Influence: Unknown**    Due to her discovery being so recent, Ura's exact bionomic influence is yet to be determined. According to alliance accounts from the former Pact commander and allies, Ura used explosive steam walls to deter combatants. Based on what we know of Greer and Decima, this manner of attack is no accident. It may also be a key to discovering the geographical region of her hiding place. The use of steam may suggest geyser influence, which Janthir's northern isles are known for.","**Грир — Биономическое влияние: Болото**  Называемый местными «приносящим гниль» за его гнилостный воздух, Грир приобрёл черты болотистых регионов Извилистых Окраин. Низинный кода Бесплодный Луг, размещённый у Старой площади Гаврила, кратко описал титана как «болотистого и противного». Она вспомнила: «Запах свернул шерсть на моём носу».     Запись, взятая альянсом у сильвари Кейт, описала присутствие Грира так: «Я почувствовала болезнь, как только ступила в этот район. Не обязательно быть сильвари, чтобы понять, что среда больна. Одного запаха достаточно. Но также чувствовать страдания невинных... Заражённые растения, отравленные воды...листья, скрученные смертью... Одно воспоминание вызывает тошноту. Быть там было почти невыносимо».    **Децима — Биономическое влияние: Шторм**    Хотя и не столь отталкивающе для чувств, вторжение Децимы в экосистему Заброшенных Равнин оказалось столь же пагубным. Заброшенные Равнины, как следует из названия, известны частыми ударами молний. Присутствие Децимы, по-видимому, увеличило эту частоту экспоненциально.     Исследования, проведённые членами Tyrian Alliance и Astral Ward, указывают на почти постоянный риск лесных пожаров. Этот риск возгорания представляет серьёзную угрозу безопасности людей, дикой природы и растительности в этом районе. Низинные жители сообщают о резком падении урожайности в этом сезоне, опасаясь нехватки продовольствия предстоящей зимой.    **Ура — Биономическое влияние: Неизвестно**    Из-за того, что она была обнаружена совсем недавно, точное биономическое влияние Уры ещё предстоит определить. Согласно сообщениям альянса от бывшего командующего Пакта и союзников, Ура использовала взрывные стены пара для сдерживания противников. Основываясь на том, что мы знаем о Грире и Дециме, такая манера атаки не случайна. Это также может быть ключом к обнаружению географического региона её укрытия. Использование пара может указывать на влияние гейзеров, которыми известны северные острова Янфира."
"**Hour 07—Arrival and Initial Observations**    When I heard that the Tyrian Alliance was preparing to push against the titans following the realization that there's a third, I dropped everything to shadow the event. My investigation of the largos upset simply must wait. My primary motivation is to observe the creatures—the titans—before troops eventually roll in and ruin any chance of direct observation (and yes, I know, it's not good for these things to be galivanting across the Tyrian wastes; I'm just noting that it's not every day a new titan is melded). But Alchemy be damned, I arrived just in time for a little reconnaissance.    When one of my contacts from the Order of Whispers informed me that the commander and their allies were planning to arrive at Mount Balrior just after the next sunrise, I pulled every connection I could just to get here. All airship travel near Janthir has been labeled as ""high-risk,"" so I organized a drop-off on the isle nearby from my partners at the aerodrome. One of the lowland bearkin showed me to the path, and I climbed. I encountered titanspawn and wolves on the way—nothing this researcher would bat an eye at—but I just arrived just a few hours ago, and...they're magnificent.     What a marvel, these creatures are. So much more evolved than our records of titans past—the priory's very own Farrah Baelseeker has been working on collecting a full report. They're bigger and they're stronger. Is it just their age? Or something else? Mind you, I haven't the vacuity to get a closer look—although once the commander arrives, I'll gladly watch—but the footprints, the size of their spawn. The smells in the air! It's a delight, all of it, but the implications are also quite horrifying.     My initial questions are of their origin—who relit the forge? Perhaps we can't know. But I must ask.    **Hour 11—Strange Reverberations**    I've managed to perch myself in a safe clearing near what seems to be some long-abandoned ruins—probably mursaat or White Mantle. I can hear titanspawn nearby, but they've yet to locate me.     Since my arrival, I've observed strange reverberations across the mountain. Thankfully, Farrah had reported similar findings during her own time in Janthir Syntri, so I brought my infrasound frequency tracer—a small relic of my days before the priory. As expected, I've been able to identify three origin points for these frequencies. Given the titanspawns' movement, I think I can assume that the source is the titans.     In Farrah's working report, she's noted that they've used bursts of hot air and energy to emit stormlike tones to communicate with each other across great distances. Those are quite loud and can be heard even by us (although they're untranslatable if you're further than a few yards away). In this instance, I assume the titans have taken on a more indetectable frequency of communication to shield their whereabouts. Sadly for them, they don't know how equipped I am.    Frequency 01, which seems to linger toward the northernmost edge of the mountain's peak, is often short and sharp—I believe this is Ura. Frequency 02, lingering toward the east, is more verbose, but is usually only heard when Frequency 03 begins. Frequency 03, whose origin lives toward the west, is...incohesive and complex. It takes on a rhythmic pattern, and not an especially admirable one. I pitched it against a classic Krytan song, ""The Battle at the King's Foot,"" and I do believe that Frequency 03 might be a sour attempt at...singing? This leads me to believe that Frequency 02 is Greer, and Frequency 03 is Decima. Apparently, she hasn't titled herself the ""Stormsinger"" for nothing.       **Hour 14—the Commander Arrives**    Thank goodness, the commander has finally arrived—and just as my position was detected by the titanspawn. Now the true research begins. To battle we go! Or rather, to battle the commander goes.","**Час 07 — прибытие и первые наблюдения** Когда я услышал, что Tyrian Alliance готовится ударить по титанам, осознав, что есть и третий, я бросил всё, чтобы проследить за событием. Моё расследование бунта ларгосов просто придётся отложить. Моя главная цель — понаблюдать за созданиями (титанами) прежде, чем нагрянут войска и загубят всякую возможность прямого наблюдения (и да, я знаю, нехорошо, что эти твари разгуливают по тирийским пустошам; я лишь отмечаю, что не каждый день сплавляют нового титана). Но, клянусь алхимией, я прибыл как раз вовремя для небольшой разведки. Когда один из моих связных из Order of Whispers сообщил, что командир и его союзники намерены прибыть к Mount Balrior сразу после следующего рассвета, я задействовал все связи, лишь бы попасть сюда. Любые перелёты близ Janthir объявлены «крайне опасными», так что я устроил высадку на соседнем острове через своих партнёров с аэродрома. Один из низинных медведей указал мне тропу, и я полез вверх. По пути я встретил порождений титанов и волков — ничего такого, от чего этот исследователь и глазом бы моргнул, — но я добрался всего пару часов назад, и... они великолепны. Что за чудо эти создания. Куда более развитые, чем гласят наши записи о прежних титанах, — сама Farrah Baelseeker из Приората трудится над полным отчётом. Они крупнее и сильнее. Дело лишь в их возрасте? Или в чём-то ещё? Заметьте, у меня недостанет глупости подобраться ближе — хотя, как только явится командир, я с радостью понаблюдаю, — но эти следы, размер их порождений. Запахи в воздухе! Это упоительно, всё это, но и последствия при этом весьма ужасающи. Первые мои вопросы — об их происхождении: кто вновь разжёг кузню? Быть может, нам не дано узнать. Но я обязан спросить. **Час 11 — странные отголоски** Я сумел устроиться на безопасной поляне у каких-то давно заброшенных руин — вероятно, мурсаатов или White Mantle. Слышу порождений титанов неподалёку, но меня они пока не обнаружили. С момента прибытия я наблюдаю по горе странные отголоски. К счастью, Farrah сообщала о похожих находках во время своего пребывания на Janthir Syntri, так что я прихватил свой инфразвуковой частотный трассер — маленькую реликвию моих доприоратских дней. Как и ожидалось, я сумел выявить три источника этих частот. Судя по движению порождений, полагаю, источник — сами титаны. В рабочем отчёте Farrah отмечено, что они используют выбросы горячего воздуха и энергии, чтобы издавать грозоподобные тона и общаться друг с другом на больших расстояниях. Они довольно громкие, и их слышим даже мы (хотя они непереводимы, если ты дальше пары ярдов). В этом же случае, полагаю, титаны перешли на менее заметную частоту общения, чтобы скрыть своё местонахождение. Увы для них, они не знают, как хорошо я снаряжён. Частота 01, что, похоже, держится у самого северного края горного пика, часто коротка и резка — думаю, это Ura. Частота 02, тяготеющая к востоку, более многословна, но обычно слышна лишь тогда, когда начинается Частота 03. Частота 03, чей источник обитает к западу, — несвязна и сложна. Она укладывается в ритмический узор, и не сказать чтобы особо благозвучный. Я сопоставил её с классической крытанской песней «Битва у Королевской Стопы» и, пожалуй, склонен верить, что Частота 03 — это неумелая попытка... пения? Это наводит меня на мысль, что Частота 02 — это Greer, а Частота 03 — Decima. Похоже, недаром она нарекла себя «Штормопевицей». **Час 14 — прибытие командира** Слава богам, командир наконец прибыл — как раз когда моё положение обнаружили порождения титанов. Теперь начинается настоящее исследование. В бой! Точнее, в бой идёт командир."
"**Interviewee**: Rainless Meadow  **Location**: Near the Old Gavril Plaza  **Titan Observations**: Firsthand Account of Progenitor Titan    Rainless Meadow was still shaken from her encounter with Greer at the time of her interview. Another lowlander, Whispers of Wind, sent the young kodan into the woods to scout while they were establishing a foothold in the ruins of Gavril. Meadow first went west to find clean water.    Upon entering the westernmost swamp, she heard the titan Greer rise from his den. Meadow was able to duck into a small cave before he could identify her. Based on her description of the beast, Greer is significantly larger than any titan we've encountered on record—although our records may be sparse in that regard. Just as we've never witnessed their spawn, the size of these creatures makes me wonder if these specific titans have... Ah, I'm not sure—perhaps they've tapped into a well of power they didn't have access to before? Or, given the secluded nature of Janthir, maybe their development has been largely uninterrupted? It's challenging to draw that connection without knowing how long they've been present, however.","**Интервьюируемая**: Rainless Meadow  **Место**: Близ Старой площади Гаврила  **Наблюдения за титанами**: Свидетельство очевидца о Прародителе-титане    Rainless Meadow всё ещё была потрясена встречей с Гриром на момент интервью. Другой низинный, Whispers of Wind, отправил юного кодана в лес на разведку, пока они закреплялись в руинах Гаврила. Луг сначала пошла на запад, чтобы найти чистую воду.    Войдя в самый западный болото, она услышала, как титан Грир поднимается из своего логова. Луг успела нырнуть в небольшую пещеру, прежде чем он смог её опознать. Судя по её описанию зверя, Грир значительно крупнее любого титана, с которым мы сталкивались по записям — хотя наши записи в этом отношении могут быть скудными. Так же, как мы никогда не видели их потомства, размер этих созданий заставляет меня задуматься, не черпают ли эти конкретные титаны из... Ах, я не уверен — возможно, они получили доступ к источнику силы, которого у них раньше не было? Или, учитывая уединённый характер Джантира, может быть, их развитие почти не прерывалось? Однако трудно провести эту связь, не зная, как долго они здесь присутствуют."
"**Isgarren, the Wizard of the Tower**  The sting of a strong gust; the distance he will fall. It is not as he remembered, being alive.","**Изгаррен, Маг Башни**  Укус сильного порыва; высота, с которой он упадёт. Это не так, как он помнил, будучи живым."
"**Livia, the Sorceress of the Ward**  She brings news of the shadows that we cannot see; eyes where ours are blind.","**Ливия, Чародейка Стражи**  Она приносит вести о тенях, которых мы не видим; глаза там, где наши слепы."
"**Log Entry 52:**  Just received new directives from Overseer Kuda for those of us left over on Sebb's team. Trading one taskmaster for another. We came on this expedition because we believed in Vloxx's vision, and now that the principal biomancer has up and died, it's only a matter of time before we end up as redundancies for the overseer to exploit.I'd raise my concerns with the director himself, but I doubt he has time to address the worries of a small krewe supervisor about leadership changes.Webbi's considering my idea to jump ship, surrendering to the alliance expedition, but she's hesitant. She has it in her head that this post is precious to me. And, yeah, it was a big deal, but it's still not worth either of our lives.  **Log Entry 53:**  <**encrypted**>  **Log Entry 54:**  <**encrypted**> **Log Entry 55:**  A fresh development! One of the alliance expeditioners wants a meeting for an information exchange. I'm coordinating the meet-up via some freebooter middleman (charr?) and it's sounding more legit. This could be how we get ourselves out and maybe even bargain for something that won't land us in some alliance jail, or whatever passes for one out here.  **Log Entry 56:**  Webbi's been on edge all morning, pacing the confines of our lab. Our rendezvous with the contact is today. If we play our cards right, we'll be out from under Kuda's thumb by the time the sun sets on the weald.","**Запись в журнале 52:**  Только что получил новые указания от Надзирательницы Куды для нас, оставшихся в команде Себба. Меняем одного надсмотрщика на другого. Мы отправились в эту экспедицию, потому что верили в видение Влокса, и теперь, когда главный биомансер умер, это лишь вопрос времени, когда мы станем лишними для эксплуатации надзирательницы. Я бы высказал свои опасения самому директору, но сомневаюсь, что у него есть время заниматься тревогами мелкого руководителя крю о смене руководства. Вебби обдумывает мою идею сбежать, сдавшись союзной экспедиции, но она колеблется. Она вбила себе в голову, что этот пост дорог мне. И да, это было важно, но всё равно не стоит наших жизней.  **Запись в журнале 53:**  <**encrypted**>  **Запись в журнале 54:**  <**encrypted**> **Запись в журнале 55:**  Свежее развитие! Один из участников союзной экспедиции хочет встречи для обмена информацией. Я организую встречу через какого-то флибустьера-посредника (чарра?) и это звучит всё более легитимно. Это может быть наш выход, и, возможно, мы даже сможем договориться о чём-то, что не приведёт нас в какую-нибудь союзную тюрьму или что там за неё сходит.  **Запись в журнале 56:**  Вебби всё утро была на взводе, расхаживая по нашей лаборатории. Наша встреча с контактом сегодня. Если мы разыграем карты правильно, мы выберемся из-под большого пальца Куды к закату над лесом."
"**Lyhr, the Wizard of Balance**  Something precious rests just out of view; a flicker that you cannot recognize. Feelings that you cannot process. He stares back, but his face is sad and more knowing than yours.","**Лир, Маг Равновесия**  Что-то драгоценное покоится вне поля зрения; мерцание, которое вы не можете распознать. Чувства, которые вы не можете обработать. Он смотрит в ответ, но его лицо печально и более осведомлено, чем ваше."
"**Mabon, the Wizard of Strength**  *The beginning is not the end*, he once thought. He'd deserve it, if it happened. Atonement for the past.","**Мейбон, Маг Силы**  *Начало — это не конец*, однажды подумал он. Он бы заслужил это, если бы это случилось. Искупление за прошлое."
"**Name:** Gruna Waylit  **Title:** Chief Pathfinder and head of Clan Way  **Role:** Diplomatic emissary of the Deldrimor  **Hobbies:** ""Ley-riding,"" boxing, and cider brewing  **Notes:** Gruna of the Waylit family is as bemusing as she is frustrating. For a people whose individuals only know the experience of a couple hundred years before their passing, I am impressed by what they're capable of in a lifetime. While the modestly sized Clan Way of the Deldrimor dwarves isn't as far traveled as the Brinehewn of the Great Turtle Spine or the Gilgriff of the eastern Dawnsheer Range, they have mapped no small amount of the Tyrian continent's subterranean ley-line network. Gruna is no exception. Her clan's maps have been a reliable tool for tracking the migration patterns of the dragons and their minions, as they are drawn to large pools or currents of ley-line magic. **Risks:** Gruna is—and I take no pleasure in expressing this—taxingly blunt, at least by my standards. One might see Gruna's candor and attribute as having a certain strategic value. She speaks plainly where many of us would not, goading reactions and extracting hidden agendas. My express concern would be whether her form of ""sincerity"" would be ideal for this more delicate affair. Still, I believe there are some measures we can take to reduce the risk of a diplomatic incident.","**Имя:** Gruna Waylit  **Титул:** Главный следопыт и глава Клана Пути  **Роль:** Дипломатический эмиссар дельдриморов  **Хобби:** «Лей-езда», бокс и варка сидра  **Заметки:** Груна из семьи Уэйлит столь же забавна, сколь и раздражает. Для народа, чьи особи знают лишь опыт в пару сотен лет до своей кончины, я впечатлён тем, на что они способны за одну жизнь. Хотя скромный по размеру Клан Пути дельдриморских дворфов не так далеко путешествовал, как Солерождённые из Хребта Великой Черепахи или Гилгрив с восточного хребта Рассветного Сияния, они нанесли на карту немалую часть подземной сети лей-линий Тирийского континента. Груна не исключение. Карты её клана были надёжным инструментом для отслеживания миграционных путей драконов и их прислужников, так как их привлекают крупные скопления или течения лей-магии. **Риски:** Груна — и мне не доставляет удовольствия это говорить — утомительно прямолинейна, по крайней мере по моим меркам. Можно увидеть в откровенности Груны определённую стратегическую ценность. Она говорит прямо там, где многие из нас не стали бы, провоцируя реакции и извлекая скрытые повестки. Моя явная озабоченность заключается в том, будет ли её форма «искренности» идеальной для этого более деликатного дела. Тем не менее, я считаю, что мы можем принять некоторые меры, чтобы снизить риск дипломатического инцидента."
"**Name:** Zeffo  **Title:** The Dreamspinner  **Role:** Diviner, astronomer, diplomatic emissary of the jotun  **Hobbies:** Stellar whist, baking, and percussion music  **Notes:** Of the doyen's invites, Zeffo is the youngest, though of middle age among his own. A pursy giant draped in flowing garments, Zeffo carries a certain calm and warmth that most find disarming. He is a shrewd choice for the doyen, given Gruna's invitation. Of course, his tempered demeanor also serves his work as a diviner and astronomer. There is a level of emotional and arcane equilibrium required to wield the kind of divining magics the jotun use for astral card readings, as well as their charting of terrestrial and celestial events, and Zeffo has some mastery over these practices. **Risks:** While I do not dismiss the practice of divination and its interpretations out of hand, those prone to superstition or paranoia may sometimes fall prey to even the vaguest and varied foresight of what they believe has yet to come. There is danger in that, but it would be unfair to describe Zeffo's practice of these crafts as ill intended. Some responsible jotun warn that the future is not fixed, and that they simply explore the winding rivers and smaller streams of potentiality. Still, for this visit, I would recommend that Zeffo be asked to refrain from any divining demonstrations.","**Имя:** Зеффо  **Титул:** Плетущий Сны  **Роль:** Прорицатель, астроном, дипломатический эмиссар джотунов  **Хобби:** Звёздный вист, выпечка и ударная музыка  **Заметки:** Из приглашённых старейшиной Зеффо — самый молодой, хотя среднего возраста среди своих. Полный великан в струящихся одеждах, Зеффо излучает определённое спокойствие и теплоту, которые большинство находит обезоруживающими. Он — проницательный выбор старейшины, учитывая приглашение Груны. Конечно, его сдержанный нрав также служит его работе прорицателя и астронома. Требуется определённый уровень эмоционального и магического равновесия, чтобы владеть теми видами прорицательной магии, которые джутоны используют для астральных карточных чтений, а также для составления карт земных и небесных событий, и Зеффо в некоторой степени владеет этими практиками. **Риски:** Хотя я не отвергаю практику прорицания и его толкования с порога, те, кто склонен к суевериям или паранойе, иногда могут стать жертвой даже самых расплывчатых и разнообразных предвидений того, что, как они верят, ещё произойдёт. В этом есть опасность, но было бы несправедливо описывать практику Зеффо в этих ремёслах как злонамеренную. Некоторые ответственные джутоны предупреждают, что будущее не фиксировано, и что они просто исследуют извилистые реки и меньшие ручьи потенциальности. Тем не менее, для этого визита я бы рекомендовал попросить Зеффо воздержаться от любых прорицательных демонстраций."
"**Narcisse, the Bloom of the Ward**  Let her cry with you, for she has seen things in the Dream that cannot be imagined.","**Нарцисс, Цветок Стражи**  Позволь ей плакать с тобой, ибо она видела в Сне вещи, которые невозможно вообразить."
"**Note to the reader**: This is a living record of the Elder Dragons, their deaths, and how their fall has impacted the Tyrian ecosystem. Per standards and regulations, this is only intended to observe the effects of their falling while remaining factual about the cause.    *Signed, A. Gray III, Lead Drakologist*    _Foreword_     The overall effects of the dragons and their deaths has been as unexpected and perplexing as it is concerning. Until recently, we had suspected that the dragons were plagued by some sort of corruption, such as the Dragonvoid, but it wasn't apparent until the death of Kralkatorrik and the eventual death of the Elder Mother. Soo-Won and Isgarren remained respectfully distant from one another, as Soo-Won sought to protect Tyria proper while Isgarren looked to the sky and the Mists beyond.    The most notable change in the ecosystem was the swelling of the ley lines in the Maguuma Jungle. This may have been due to the temporary imbalance caused by Zhaitan's fall, but these surges were instrumental in the rise of the Jungle Dragon (also listed as the ""Beast of the Coppice"" in certain archives). The brewing ecological disaster was made all the worse when Scarlet Briar redirected some of these already unstable ley lines straight to Mordremoth's refuge. Some of these lines cross into the boundaries of the Horn, even, where Amnytas has been settled since Mother's Fall. These lines have behaved as expected, although some fluctuations were noted in the spire before its fracturing (triggered by the blast of magical energies immediately following Soo-Won's death; stability was gained again once Aurene, the Prismatic Dragon, took over as the filter moments later). The result of the spire's fracturing was catastrophic, however, allowing Kryptis and other sentience from farther realms to intrude. This research is ongoing.       Escalations would continue with Mordremoth's death, then Kralkatorrik's. Research is still being done on the overall effects of Primordus and Jormag's more...recent blight, but strange activities were noted all along the greater Shiverpeaks. Pockets of thicker magic have begun swelling in most regions, causing more magically attuned births and other ecological effects. Some witnesses have reported enhanced agricultural effects (lands impacted by Zhaitan being a pleasant surprise), while others, especially in areas impacted by Kralkatorrik and Jormag, have reported a steep decline in feasible land use.    All research is now pivoting to the rise of Aurene and her living champion(s). The Prismatic Dragon is now sleeping, and despite rising tensions with threats from the Mists, the overall ecosystem seems to be calming once again.","**Заметка для читателя**: Это живая летопись Старших драконов, их гибели и того, как их падение повлияло на тирийскую экосистему. Согласно нормам и предписаниям, она призвана лишь наблюдать за последствиями их падения, оставаясь беспристрастной в отношении причины. *Подписано, A. Gray III, ведущий драколог* _Предисловие_ Общие последствия драконов и их гибели оказались столь же неожиданными и озадачивающими, сколь и тревожными. До недавних пор мы подозревали, что драконов поразила некая порча, вроде Драконьей Пустоты, но это стало явным лишь после гибели Kralkatorrik и последующей смерти Старшей Матери. Soo-Won и Isgarren держались почтительно поодаль друг от друга: Soo-Won стремилась защитить Tyria как таковую, а Isgarren обращал взор к небу и Туманам за ним. Самой заметной переменой в экосистеме стал прилив лей-линий в джунглях Maguuma. Возможно, причиной был временный дисбаланс от падения Zhaitan, но эти всплески сыграли ключевую роль в возвышении Дракона Джунглей (в иных архивах он значится и как «Зверь Рощи»). Назревающую экологическую катастрофу лишь усугубила Scarlet Briar, перенаправив часть этих и без того нестабильных лей-линий прямиком к убежищу Mordremoth. Некоторые из этих линий заходят даже в пределы Рога, где с Падения Матери обосновался Amnytas. Эти линии вели себя как и ожидалось, хотя в шпиле до его раскола отмечались некоторые колебания (вызванные выбросом магической энергии сразу после смерти Soo-Won; устойчивость восстановилась, как только Aurene, Призматический Дракон, мгновением позже приняла на себя роль фильтра). Раскол шпиля, однако, обернулся катастрофой, впустив Криптис и иное сознание из дальних миров. Это исследование продолжается. Обострения продолжились с гибелью Mordremoth, затем Kralkatorrik. Исследование общих последствий более... недавней порчи Primordus и Jormag ещё ведётся, но по всему большому Shiverpeaks отмечалась странная активность. В большинстве краёв начали набухать очаги более плотной магии, порождая более магически настроенные рождения и иные экологические эффекты. Некоторые очевидцы сообщали об усиленных сельскохозяйственных эффектах (земли, затронутые Zhaitan, стали приятной неожиданностью), тогда как другие, особенно в областях, затронутых Kralkatorrik и Jormag, сообщали о резком спаде пригодности земель для использования. Всё исследование теперь смещается к возвышению Aurene и её живого чемпиона (или чемпионов). Призматический Дракон ныне спит, и, несмотря на растущее напряжение и угрозы из Туманов, экосистема в целом, похоже, вновь успокаивается."
"**Notice from the Astral Ward**: Janthir Syntri Forecast Statement     The water in the air foretells chilly and wet conditions for the next few days; cloud shapes predict off-and-on rain with accompanying gales. Driving rain and lower temperatures are expected during Mists Tides, so if you're not prepared for the storm, don't stray too far from camp. We suggest the suspension of expeditions while Mists storms are active, given the heightened magical instability. Even after the storms pass, only the hardiest adventures should apply to trek the isle. Be cautious.       Avoid the shoreline until further notice.","**Уведомление от Astral Ward**: Прогноз для Джантир Синтри     Вода в воздухе предвещает холодные и влажные условия на ближайшие несколько дней; формы облаков предсказывают переменные дожди с сопутствующими шквалами. Проливные дожди и понижение температуры ожидаются во время Приливов Туманов, так что если вы не готовы к шторму, не отходите далеко от лагеря. Мы рекомендуем приостановить экспедиции, пока активны штормы Туманов, учитывая повышенную магическую нестабильность. Даже после того, как штормы пройдут, только самые выносливые искатели приключений должны подавать заявки на поход по острову. Будьте осторожны.       Избегайте береговой линии до дальнейшего уведомления."
"**Page 6**    D'Alessio, Saul: V, A1069  De Vries, Agatha: R, B1053 Gavril  Dubois, Colm: R, B1042 Ascalon  Haigh, Mora: R, B1059 Gavril  Ingham, Rhea: V, A1069  Klein, Elowen: R, B1036 Ascalon  ~~Klein, Laurent~~: R, B1031 Ascalon, D1069 (Unknown Cause)  Klein, Penelope: R, B1055 Gavril  Maes, Cordelia: V, A1069  Maes, Cosmos: V, A1069","**Страница 6** D'Alessio, Saul: V, A1069 De Vries, Agatha: R, B1053 Gavril Dubois, Colm: R, B1042 Ascalon Haigh, Mora: R, B1059 Gavril Ingham, Rhea: V, A1069 Klein, Elowen: R, B1036 Ascalon ~~Klein, Laurent~~: R, B1031 Ascalon, D1069 (причина неизвестна) Klein, Penelope: R, B1055 Gavril Maes, Cordelia: V, A1069 Maes, Cosmos: V, A1069"
"**R'tchikk, the Soul of the Ward**  Curiosity can be a blessing.","**Р'тчикк, Душа Стражи**  Любопытство может быть благословением."
"**Researcher**: Biochemist Smazz  **Assignment**: Survey and Reconnaissance, Assigned to Sector 003 (Marsh)    Although I am quite displeased with my reassignment from the Lab Krewe umbrella to Survey and Reconnaissance, I have found my own pocket of joy in this dreary hellscape. My task is surveying the marsh, and while such an assignment is insulting to my certification from the College of Dynamics, this place is filled with several fascinating insect subspecies unique to the island. Moths the size of dolyaks. Beetles with remarkably evolved growth patterns and social hierarchies! I suspect they've each been impacted by ambient magic from the forge and other seer facilities. Despite being long abandoned, the seer's essence is still potent—like a permanent bruise on the land.     I've set up camp in a secure clearing to conduct some...personal research in the interim. I do not have permission, of course, and I suspect my new krewe leader would be irate if she knew that I was neglecting my survey duties to perform other tasks. However, I simply do not care. This biochemist is no foot solider. You can't keep me from my art, Zmelle.      To begin my research, I have retrieved a larva from the beetle gallery to the west of my position—their system is quite impressive. The larvae let out a piercing screech, but thankfully the others were on a hunt and did not respond to the babe's call. I've submerged the specimen in a mixture of saline and just a touch of formaldehyde to observe before I begin further study.","**Исследователь**: Биохимик Смазз  **Задание**: Разведка и рекогносцировка, Приписан к Сектору 003 (Болото)    Хотя я весьма недоволен своим перераспределением из-под крыла Лабораторного Крю в Разведку и рекогносцировку, я нашёл свой собственный уголок радости в этом унылом адском пейзаже. Моя задача — обследовать болото, и хотя такое задание оскорбительно для моего сертификата Колледжа Динамики, это место полно нескольких увлекательных подвидов насекомых, уникальных для острова. Мотыльки размером с дольяков. Жуки с замечательно развитыми моделями роста и социальными иерархиями! Я подозреваю, что на каждого из них повлияла окружающая магия кузницы и других объектов провидцев. Несмотря на то, что они давно заброшены, сущность провидцев всё ещё сильна — как постоянный синяк на земле.     Я разбил лагерь на безопасной поляне, чтобы провести... личное исследование в промежутке. У меня нет разрешения, конечно, и я подозреваю, что мой новый лидер крю была бы в ярости, если бы узнала, что я пренебрегаю своими обязанностями по разведке, выполняя другие задачи. Однако мне просто всё равно. Этот биохимик — не пехотинец. Ты не можешь удержать меня от моего искусства, Змелле.      Чтобы начать своё исследование, я извлёк личинку из галереи жуков к западу от моей позиции — их система довольно впечатляет. Личинки издавали пронзительный визг, но, к счастью, остальные были на охоте и не отреагировали на зов детёныша. Я погрузил образец в смесь солевого раствора и небольшого количества формальдегида для наблюдения, прежде чем начать дальнейшее изучение."
"**STOIC ALDER**,    Salutations! This is an auto-generated mail from the office of **COUNCILLOR LUDO**, the **DEAN OF STATICS** in Rata Sum. The faculty member you are attempting to reach is either away from the **COLLEGE OF STATICS** or far too busy to respond to whatever it is you have written about.     If you are a student or colleague of **COUNCILLOR LUDO**, please keep to their designated office hours for in-person affairs. If your need is urgent, then leave word with one of their assistants.     Excelsior,  Councillor Ludo    P.S. If you are **COUNCILLOR PHLUNT**, **COUNCILLOR LUDO** is only required to speak to you when the Arcane Council is in session and not a second more.","**СТОИЧНЫЙ АЛЬДЕР**,    Приветствую! Это автоматически сгенерированное письмо из офиса **СОВЕТНИКА ЛЮДО**, **ДЕКАНА СТАТИКИ** в Рата-Сум. Преподаватель, с которым вы пытаетесь связаться, либо отсутствует в **КОЛЛЕДЖЕ СТАТИКИ**, либо слишком занят, чтобы отвечать на то, о чём вы написали.     Если вы студент или коллега **СОВЕТНИКА ЛЮДО**, пожалуйста, соблюдайте их назначенные часы приёма для личных дел. Если ваша потребность срочна, оставьте сообщение одному из их помощников.     Превосходно,  Советник Людо    P.S. Если вы **СОВЕТНИК ФЛАНТ**, **СОВЕТНИК ЛЮДО** обязан говорить с вами только тогда, когда Arcane Council заседает, и ни секундой дольше."
"**Symbiosis of Progenitors and Spawn**  After killing multiple titanspawn with his hunting party, lowland kodan Born from Thunder speculated that smaller spawned titans were acting as ancillary limbs for larger progenitor titans. Battle accounts from the former Pact commander and allies support these claims. We know these progenitor titans to be Greer, Decima, and, most recently, Ura.    **Presence and Migration**  The titanspawn are spread out across the isles and have made landfall across Lowland Shore, threatening the kodan inhabitants. While their exact origin point is still unknown, early sightings place them near Mount Balrior.    **Inner Core Biology**  Accounts from lowlander Rainless Meadow cited the progenitor titan Greer as having a glowing inner core, exposed upon damage to his body's exterior armor. A similar core was seen by the former Pact commander and allies during an altercation with Decima, suggesting a biological consistency. Both accounts note the core's sensitivity to outside forces.    **Communication Practices**  Accounts of the progenitor titans suggest an ability to communicate among themselves and with their opponents across great distances using storm-like calls and other interspecies communication. This information has been confirmed by Astral Ward scout Branwen, the former Pact commander, Caithe, and Malice.      **Bloodstone: Restoration and Regeneration**   Concerningly, accounts from Astral Ward member Paela claim that the progenitors and spawns alike seem highly drawn to bloodstone. Many have been spotted feeding upon bloodstone shards to promote regeneration, in addition to requiring additional rest. Similar findings were noted in field research conducted by the former Pact commander, Caithe, and Malice.","**Симбиоз Прародителей и Потомства**  После убийства нескольких титанорождённых со своей охотничьей группой низинный кодан Рождённый из Грома предположил, что меньшие порождённые титаны действуют как вспомогательные конечности для более крупных титанов-прародителей. Боевые отчёты бывшего командующего Пакта и союзников подтверждают эти утверждения. Мы знаем этих титанов-прародителей как Грира, Дециму и, совсем недавно, Уру.    **Присутствие и Миграция**  Титанорождённые распространены по островам и высадились на Lowland Shore, угрожая обитателям-коданам. Хотя их точная точка происхождения всё ещё неизвестна, ранние наблюдения помещают их близ Mount Balrior.    **Биология Внутреннего Ядра**  Отчёты низинной Rainless Meadow указывали, что у титана-прародителя Грира было светящееся внутреннее ядро, обнажавшееся при повреждении внешней брони его тела. Похожее ядро было замечено бывшим командующим Пакта и союзниками во время столкновения с Децимой, что предполагает биологическую последовательность. Оба отчёта отмечают чувствительность ядра к внешним воздействиям.    **Практики Общения**  Отчёты о титанах-прародителях предполагают способность общаться между собой и со своими противниками на больших расстояниях, используя штормоподобные призывы и другие межвидовые коммуникации. Эта информация была подтверждена разведчиком Астральной стражи Бранвен, бывшим командующим Пакта, Кейт и Малис.      **Кровавый Камень: Восстановление и Регенерация**   Тревожно, что отчёты члена Астральной стражи Паэлы утверждают, что и прародители, и порождения, похоже, сильно притягиваются к кровавому камню. Многие были замечены питающимися осколками кровавого камня для стимуляции регенерации, в дополнение к необходимости дополнительного отдыха. Аналогичные находки были отмечены в полевых исследованиях, проведённых бывшим командующим Пакта, Кейт и Малис."
"**The following report collects the content of Project Omega subject Naati's audio logs, as transcribed by project specialist Keelli, for Overseer Kuda's eyes only. Unauthorized access will be reported and prosecuted according to Inquest compliance protocols.**    *Entry 1*  This is a waste of time.    *Entry 2*It seems I may have been hasty in my earlier dismissal of the importance of this project and the logs that I am to record. Overseer Kuda, in her eminent wisdom, has reminded me of the scientific value in documenting one's research. In truth, I still believe the results of these experiments pale in comparison to the larger mission: teaching the seer Isgarren the error of his own hubris. But I am not immune to the effects that the seer's magic is having on my being... It is a strange sensation. I can now look at people and I...I see their auras. Their feelings and their desires. Their fears. And I don't simply see them, like a trick of the light. They are almost palpable.   I must test this with a real-world scenario.     *Entry 3*Overseer, my earlier hypothesis has been proven with great success. I selected some of the more weak-minded members of the golemancer krewe and was able to pluck on the strings of their fears. I sent them into madness and they ran off into the jungle. Please send my most sincere apologies to the daytime shift, who needed to work overtime to compensate.   How I long to meet Isgarren next...to see what fears he may reveal to my fresh sight.    *Entry 4*  We are to accompany Overseer Kuda to some seer temple. I should be excited about the opportunity to see ancient halls constructed by the hands of a species that I have spent my entire adult life studying. Yet, all I feel is disappointment. Inquest scouts have reported that the Tyrian Alliance has arrived and have begun exploring the area but that Isgarren himself remains elusive. Why does he hide? Does he know of me? What I would see if we met?    *Entry 5*  My command over these powers continues to develop with increasingly positive results. I have even been able to manipulate the two other fools who shared in the first round of enhancement, Plokk and Zipp. Cretins, the both of them, but useful in their own ways, especially now that they have gained special talents of their own. We are awaiting Director Vloxx, whom Overseer Kuda hopes will give her the approval needed to expand the pool of candidates for the next phase of this process.    But still, there have been no reports of the seer. He vexes me with his continued absence.","**Настоящий отчёт собирает содержимое звуковых журналов субъекта проекта «Омега» Naati, расшифрованных специалистом проекта Keelli, для глаз надзирателя Kuda и только. Несанкционированный доступ будет зафиксирован и преследуется согласно протоколам соответствия Инквеста.** *Запись 1* Это пустая трата времени. *Запись 2*Похоже, я поспешил с прежним пренебрежением к важности этого проекта и журналов, что мне велено вести. Надзиратель Kuda в своей выдающейся мудрости напомнила мне о научной ценности документирования собственных исследований. По правде, я всё ещё считаю, что итоги этих опытов меркнут в сравнении с большей миссией — научить провидца Isgarren осознать всю тщету его гордыни. Но и я не свободен от воздействия, что магия провидца оказывает на моё существо... Странное ощущение. Теперь я могу смотреть на людей и... я вижу их ауры. Их чувства и желания. Их страхи. И я не просто вижу их, как игру света. Они почти осязаемы. Я должен испытать это в реальных условиях. *Запись 3*Надзиратель, моя прежняя гипотеза подтвердилась с огромным успехом. Я выбрал нескольких самых слабовольных членов крю големансеров и сумел сыграть на струнах их страхов. Я вверг их в безумие, и они бросились в джунгли. Прошу, передайте мои искреннейшие извинения дневной смене, которой пришлось работать сверхурочно, чтобы это возместить. Как же я жажду встретить Isgarren... увидеть, какие страхи он откроет моему обострённому взору. *Запись 4* Нам предстоит сопровождать надзирателя Kuda к некоему храму провидцев. Мне бы радоваться возможности увидеть древние залы, возведённые руками вида, изучению которого я посвятил всю свою взрослую жизнь. И всё же я чувствую лишь разочарование. Разведчики Инквеста сообщили, что Tyrian Alliance прибыл и начал исследовать местность, но сам Isgarren остаётся неуловим. Почему он прячется? Знает ли он обо мне? Что я увидел бы, встреться мы? *Запись 5* Моё владение этими силами продолжает развиваться со всё более благоприятными результатами. Я даже сумел управлять двумя другими глупцами, что разделили первый круг усиления, — Plokk и Zipp. Кретины оба, но по-своему полезны, особенно теперь, когда обрели собственные особые таланты. Мы ждём директора Vloxx, чьё одобрение, как надеется надзиратель Kuda, позволит ей расширить круг кандидатов для следующей фазы этого процесса. Но о провидце всё ещё ни слуху ни духу. Его упорное отсутствие меня терзает."
"**The following report collects the content of Project Omega subject Plokk's audio logs, as transcribed by project specialist Keelli, for Overseer Kuda's eyes only. Unauthorized access will be reported and prosecuted according to Inquest compliance protocols.**    *Entry 1*  Overseer Kuda has requested that we make these logs for documentation purposes after our exposure to the seer magic that powers the forge. I underwent the procedure this morning, and so far I do not feel any discernible difference to my physiology or cognition. When I volunteered for this assignment, I believed my usefulness would begin and end with helping chart the course to Castora, yet now...I have the potential to be remembered for something even greater.    *Entry 2*  I am beginning to feel it! The strength...the power. My body courses with it, like my skin cannot contain my being any longer! The feeling is intoxicating. I think of the ones who called me ""runt"" as a progeny... They would not dare to utter such nonsense if they saw me now. They would pay for such impudence with suffering.      Overseer Kuda is a visionary. I owe her and will serve the Inquest under her, with every breath in my body.     *Entry 3*  My body...has undergone a radical change. I am tall! And so very strong. I didn't realize our people even had such capacity for muscular...I cannot think of the word. How curious. But I have outpaced even Overseer Kuda's projections of my physical response, and she appeared rather pleased. She seems very excited to show me, and the other two lesser specimens, off to Director Vloxx himself! I'm sure he will see the value in expanding the Omega program. Imagine what the Inquest could become with this.","**Следующий отчёт содержит содержание аудиозаписей субъекта проекта «Омега» Плокка, расшифрованных специалистом проекта Килли, только для глаз надзирательницы Куды. Несанкционированный доступ будет зарегистрирован и преследован по закону согласно протоколам подчинения Инквеста.**    *Запись 1*  Надзирательница Куда попросила нас делать эти записи в целях документирования после нашего воздействия магии провидца, питающей кузницу. Сегодня утром я прошёл процедуру, и пока не чувствую никаких заметных изменений в своей физиологии или когнитивных способностях. Когда я вызвался на это задание, я считал, что моя полезность начнётся и закончится помощью в прокладывании курса к Касторе, но теперь...у меня есть потенциал быть запомненным за нечто гораздо большее.    *Запись 2*  Я начинаю это чувствовать! Силу... мощь. Моё тело переполнено ею, словно моя кожа больше не может сдерживать моё существо! Это чувство опьяняет. Я думаю о тех, кто называл меня «заморышем» в детстве... Они не посмели бы произнести такую чушь, увидев меня сейчас. Они заплатили бы за такую дерзость страданиями.      Надзирательница Куда — провидица. Я обязан ей и буду служить Инквесту под её началом каждым вздохом своего тела.     *Запись 3*  Моё тело... претерпело радикальные изменения. Я высокий! И очень сильный. Я не знал, что наш народ вообще способен на такую мускульную... не могу подобрать слово. Как любопытно. Но я превзошёл даже прогнозы надзирательницы Куды относительно моей физической реакции, и она выглядела весьма довольной. Она, кажется, очень взволнована тем, чтобы показать меня и два других слабых образца самому Director Vloxx! Я уверен, он увидит ценность в расширении программы «Омега». Представьте, кем мог бы стать Инквест с этим."
"**The following report collects the content of Project Omega subject Zipp's audio logs, as transcribed by project specialist Keelli, for Overseer Kuda's eyes only. Unauthorized access will be reported and prosecuted according to Inquest compliance protocols.**    *Entry 1*  Here I am, again, trapped in yet another arrangement that is not of my own making. It's not like I'm ungrateful, Overseer. You are listening to these, I hope? I just...I've never really fit in anywhere. I don't expect this experiment is going to be all that different. I've spent the past eleven years trying to figure out where I belong, and the Inquest have given me a lot since... Well, since what happened at Lion's Arch. But still, I feel adrift. That's what got me to sign up for this expedition to Castora in the first place. I guess I hope that it will give me something that's been missing...    *Entry 2*  I...I feel freakin' amazing! Ha! I've always had a lot of energy, Ma used to say so all the time, but even on my best day I've never felt as good as I do now. I have so many ideas. It's like my head is a golem power core running on overdrive! I can't seem to sit still, either. I have to keep moving or I feel like it'll all go away. And I don't want it to go away! I can feel it. I've got to move.    *Entry 3*  So fast. I'm fast. I can't think straight. The thoughts. One comes in. Then another comes in. And another. It's like...I can't stop. There are too many. It's not... Ah, Overseer? Is this normal? Am I...okay? Do you think... What... It's not... I MUST MOVE!    *Entry 4*  I figured it out. I think. Need to move. And wow, can I move! The amalgam tech taught me. I can use it to expend energy. It helps. Clears my head. Helps me. For a little while, at least. Then I have to move again.     We're going to some temple. With Overseer Kuda. And the others. Going to run there! I can't wait! Can't wait! Let's go! Go! Go!","**Следующий отчёт содержит содержание аудиозаписей субъекта проекта «Омега» Зиппа, расшифрованных специалистом проекта Килли, только для глаз надзирательницы Куды. Несанкционированный доступ будет зарегистрирован и преследован по закону согласно протоколам подчинения Инквеста.**    *Запись 1*  Вот я снова, снова заперт в очередном раскладе, который не я придумал. Я не неблагодарный, надзирательница. Вы слушаете это, надеюсь? Просто... я никогда особо нигде не вписывался. Не думаю, что этот эксперимент будет сильно отличаться. Я провёл последние одиннадцать лет, пытаясь понять, где моё место, и Инквест многое мне дал после... Ну, после того, что случилось в Львином Дозоре. Но всё равно, я чувствую себя потерянным. Именно поэтому я и записался на эту экспедицию к Касторе. Наверное, надеюсь, что это даст мне что-то, чего не хватало...    *Запись 2*  Я...чувствую себя чертовски потрясающе! Ха! У меня всегда было много энергии, мама постоянно это говорила, но даже в самый лучший день я никогда не чувствовал себя так хорошо, как сейчас. У меня столько идей. Мой мозг словно энергоядро голема, работающее на пределе! Я тоже не могу усидеть на месте. Мне нужно постоянно двигаться, иначе кажется, что это всё исчезнет. А я не хочу, чтобы это исчезло! Я чувствую это. Мне нужно двигаться.    *Запись 3*  Так быстро. Я быстрый. Не могу мыслить ясно. Мысли. Одна приходит. Потом другая. И ещё одна. Я словно... не могу остановиться. Их слишком много. Это не... Ах, надзирательница? Это нормально? Со мной... всё в порядке? Как вы думаете... Что... Это не... Я ДОЛЖЕН ДВИГАТЬСЯ!    *Запись 4*  Я разобрался. Кажется. Нужно двигаться. И вау, как я могу двигаться! Технология амальгамы научила меня. Я могу использовать её, чтобы расходовать энергию. Это помогает. Проясняет голову. Помогает мне. По крайней мере, ненадолго. Потом снова нужно двигаться.     Мы идём в какой-то храм. С надзирательницей Кудой. И остальными. Побегу туда! Не могу дождаться! Ждать не могу! Погнали! Погнали!"
"**The Nameless Convoy**  *The page swirls with all of the names you've been called before. Wayfinder, Commander, Champion... They all sting your eyes.*","**Безымянный конвой**  *Страница кружится от всех имён, которыми вас когда-либо называли. Путеводитель, Командир, Чемпион... Все они режут глаза.*"
"**The Wizard's Tower**  It reaches for his grasp, wounded and fractured.","**Башня Чародея**  Она тянется к его хватке, израненная и расколотая."
"**This tablet appears to be written in a language you are unfamiliar with, but as you focus more on it, the words begin to magically transpose themselves into your native language until it is completely legible.**    Candidate,    Congratulations on attaining the highest privilege granted by the seers: the opportunity to test yourself in the Rite of Divitium Nava.    The rite has been reserved for only the wisest, strongest, and most evolved. That you stand here, within the Spire of Exaltation, and reading these words, speaks volumes about your gifts and your contributions to the preservation of Tyria.    Beyond the portal above the dais, you will experience the final trials before you are chosen to be one of our number, the stewards of this world and the guardians of the mortals whom we shepherd into the next cycle.    Prepare your body, that it may carry you forward to the future. Prepare your mind, that it may guide you with wisdom and compassion. And prepare your spirit, that it will fill you with our sacred purpose.    Your trials begin, candidate.    Fortun semtini aviet.","**Эта табличка, похоже, написана на незнакомом тебе языке, но чем пристальнее ты в неё вглядываешься, тем сильнее слова волшебным образом перекладываются на твой родной язык, пока не становятся совершенно разборчивыми.** Кандидат, Поздравляем с обретением высочайшей привилегии, дарованной провидцами: возможности испытать себя в Обряде Divitium Nava. Обряд был отведён лишь для мудрейших, сильнейших и наиболее развитых. То, что ты стоишь здесь, в Spire of Exaltation, и читаешь эти слова, красноречиво говорит о твоих дарах и о твоём вкладе в сохранение Tyria. За порталом над возвышением ты пройдёшь последние испытания, прежде чем будешь избран стать одним из нас — стражей этого мира и хранителей смертных, которых мы провожаем в следующий цикл. Подготовь тело своё, дабы оно понесло тебя в будущее. Подготовь разум свой, дабы он вёл тебя мудростью и состраданием. И подготовь дух свой, дабы он наполнил тебя нашим священным предназначением. Твои испытания начинаются, кандидат. Fortun semtini aviet."
"**Uenno, the Historian of the Ward**   The one who brings good news to the court; a careful observation, resting in a dimly lit room.","**Уэнно, историк Палаты**   Та, кто приносит добрые вести ко двору; тщательное наблюдение, покоящееся в тускло освещённой комнате."
"**Vanak Faithwalker, the Keeper of Strength**  Changed minds weep over the ashes of Ascalon. Pools of blood, reflections into their own souls.","**Ванак Вероход, хранитель Силы**  Изменившиеся умы оплакивают пепел Аскалона. Лужи крови, отражения в их собственные души."
"**Vass, the Wizard of the Natural**  The one who watched the lands while the elder beasts brought havoc; she coddled a single bud.","**Васс, Чародейка Природного**  Та, кто наблюдала за землями, пока древние звери сеяли хаос; она лелеяла единственный бутон."
"**Waiting Sorrow, the Eye of the Cosmos**  Defeated and troubled, she will weep for herself before she weeps for us. Squinting through the veil, attempting to see what may have once lived on the other side.","**Скорбящая Тишина, Око Космоса**  Побеждённая и встревоженная, она будет оплакивать себя, прежде чем оплакивать нас. Щурясь сквозь завесу, пытаясь увидеть то, что, возможно, когда-то жило по ту сторону."
**Week 130**: 2  **Week 136**: 1  **Week 137**: 2  **Week 139**: 4  **Week 140**: 2  **Week 141**: 1  **Week 144**: 2,**Неделя 130**: 2  **Неделя 136**: 1  **Неделя 137**: 2  **Неделя 139**: 4  **Неделя 140**: 2  **Неделя 141**: 1  **Неделя 144**: 2
**Week 21**: 1  **Week 29**: 1  **Week 36**: 1  **Week 48**: 1  **Week 61**: 1  **Week 66**: 2,**Неделя 21**: 1  **Неделя 29**: 1  **Неделя 36**: 1  **Неделя 48**: 1  **Неделя 61**: 1  **Неделя 66**: 2
"**Wizard's Ascent**  A collection of ideas, spread across the table. Between wars and lovers, they almost always choose war.","**Восхождение Чародея**  Набор идей, разбросанных по столу. Между войнами и любовниками они почти всегда выбирают войну."
"**Zizel, the Alchemist of the Ward**  A bright light always shines down the halls of discomfort. There is always a brighter side to things, even when the sky is dark with clouds.","**Зизель, алхимик Палаты**  Яркий свет всегда освещает коридоры дискомфорта. У всего есть светлая сторона, даже когда небо тёмно от туч."
"**Zojja, the Elementalist of the Ward**  *The words of this card swirl about, unsure what it should tell you. The only words you can make out are ""empty,"" ""flight,"" and ""slumber.""*","**Зойя, элементалистка Палаты**  *Слова на этой карте кружатся, не зная, что вам сказать. Единственные слова, которые вы можете разобрать: «пустота», «полёт» и «сон».*"
"*1127 AE*  Dagda came by my quarters today in a dandy mood. Asked if I'd like to take a trip down to Tyria proper—something about an errand for Isgarren. Maybe it's 'cause I haven't been back since the ascension, but it took everything to hide my excitement.  I couldn't explain it; so much of my former life is shrouded, just beyond reach, so why am I so giddy? Am I...broken? Possessed? I should get checked out before we leave.  —  Our journey began at a large monastery hewn inside a mountain, touted as ""the largest library and archive in Tyria."" Yak crap, I said. We wandered its torchlit halls shrouded in our altered forms; Dagda as an asura and me simply appearing as stone. In hindsight, had I known we'd run into another scalding dwarf, I might've tried something else. I don't think this Ogden bloke knew me—not that I'd know. Fortunately, Dagda got what she came for and we hightailed it out of there.  —  *Didn't expect to run into destroyers, but the ruins were crawling with them. I had to split just to keep them off Dagda as she magically picked the door's quad-stoned runelock. Emotion led them away on a wild goose chase while I warded the hallway to the door. A damn shame I didn't get to solve the rune puzzle myself. —Logic*  *That's what you're upset about, you slag-brained nitwit? What about me and my well-being? I was nearly thrown into magma! —Emotion*  After I merged, Dagda and I descended slowly into a chasm of stars. At the bottom was a massive cavern, its walls glittering with the light of precious gems. There, we found our prize. Sparks of Deldrimor floated above the cavern lake's opalescent waters. Dagda carried out her business as I watched a pair of shimmering cosmic fish circle one another in perfect sync. Ebb and flow. Just like me.  *The bottom of the page is torn away. You wonder where the missing piece may be. Is it nearby?*","*1127 г. до н. э.* Dagda зашла ко мне сегодня в прекрасном настроении. Спросила, не хочу ли я прокатиться в саму Tyria — что-то насчёт поручения от Isgarren. Может, оттого, что я не бывала там с самого возвышения, но мне стоило огромных усилий скрыть волнение. Не могу это объяснить; столь многое из моей прежней жизни сокрыто, чуть дальше вытянутой руки, — так отчего я так ликую? Неужели я... сломлена? Одержима? Стоит показаться лекарю, прежде чем мы отправимся. — Наш путь начался у большого монастыря, высеченного в горе, что прозван «величайшей библиотекой и архивом в Tyria». Ячья чушь, сказала я. Мы бродили по его освещённым факелами залам, укрытые изменёнными обликами; Dagda — как асура, а я — просто как камень. Задним умом понимаю: знай я, что мы наткнёмся на очередного пылкого дворфа, я бы, может, придумала что-то другое. Не думаю, что этот малый, Ogden, меня знал, — да и откуда бы. К счастью, Dagda получила то, за чем пришла, и мы унесли оттуда ноги. — *Не ждал встретить разрушителей, но руины ими кишели. Мне пришлось разделиться, лишь бы отвлечь их от Dagda, пока она магией вскрывала четырёхкамневый рунный замок двери. Эмоция увела их в погоню за призраком, пока я оберегал коридор к двери. Чертовски жаль, что не мне досталось разгадать рунную головоломку. — Логика* *И это тебя огорчает, безмозглый ты олух? А как же я и моё благополучие? Меня едва не швырнуло в магму! — Эмоция* Слившись воедино, мы с Dagda медленно спустились в пропасть, полную звёзд. На дне была огромная пещера, чьи стены мерцали светом драгоценных камней. Там мы нашли нашу добычу. Искры Deldrimor парили над опаловыми водами пещерного озера. Dagda занялась своим делом, а я смотрел, как пара мерцающих космических рыб кружит в идеальном согласии. Прилив и отлив. Прямо как я. *Низ страницы оторван. Ты гадаешь, где может быть недостающий клочок. Не рядом ли?*"
"*A. Hawthorn (signed 719)*      Following many instances of trauma where one or more ward members have fallen to their demise, Dagda and Isgarren have crafted what they are calling the ""Net of Sidereal."" As far I can tell, this net extends from the spire itself and—by using some aura-tracing sensibilities—it is then able to determine when someone has fallen too far from the bounds of Amnytas. It pulls them back to a sensible height, gently placing them on safe ground once again.     Many ward members are reacting by jumping from their bastions, eager to test new magic. While I appreciate their taste for research, this archivist will not be participating.","*А. Хоторн (подписано 719)*      После многих случаев травм, когда один или несколько членов правления погибали, Дагда и Исгаррен создали то, что они назвали «Сеть Сидерических». Насколько я могу судить, эта сеть простирается от самого шпиля и, используя некоторые чувствительные способности отслеживания ауры, может определить, когда кто-то упал слишком далеко за пределы Амнитаса. Она возвращает их на разумную высоту, мягко опуская на безопасную землю.     Многие члены правления реагируют прыжками со своих бастионов, стремясь проверить новую магию. Хотя я ценю их вкус к исследованиям, этот архивариус не будет участвовать."
"*As I begin penning this chronicle from this cozy nook in the Muse, I cannot help but marvel at what this small organization has accomplished over the past two centuries. From aiding a burgeoning Shining Blade to the Chronoflux Anomaly, the Collective has seen and solved its fair share of mysteries since its founding in 1070 AE. Our Fifth Veil has been rather patient with my questions, though not the most forthcoming when it comes to personal questions. As he puts it, ""some mysteries are meant to remain as such.""* —Foreword by the author, Third Veil, J. Whelark","*Начиная эту летопись в уютном уголке «Muse», я не могу не дивиться тому, чего эта маленькая организация достигла за минувшие два столетия. От помощи зарождающемуся Сияющему Клинку до Аномалии Хроноптока — Коллектив повидал и разгадал немало тайн со времени своего основания в 1070 г. до н. э. Наша Пятая Вуаль был довольно терпелив к моим вопросам, хотя и не слишком откровенен, когда дело касалось личного. Как он выражается, «иным тайнам суждено оставаться тайнами».* — Предисловие автора, Третьей Вуали, J. Whelark"
"*As I begin penning this chronicle from this cozy nook in the Muse, I cannot help but marvel at what this small organization has accomplished over the past two centuries. From aiding a burgeoning Shining Blade to the Chronoflux Anomaly, the Collective has seen and solved its fair share of mysteries since its founding in 1070 AE. Our Fifth Veil has been rather patient with my questions, though not the most forthcoming when it comes to personal questions. As he puts it, ""some mysteries are meant to remain as such.""* —Foreword by the author, Third Veil, J. Whelark    It was the early months of the Searing. Duchess Adelaide Barradin had received a private summons from Prince Rurik and was tasked with leading a diplomatic mission to Kryta. Having recently served as a diplomat to both Kryta and Orr at the end of the Third Guild War, she had the respect of the Krytan royal court. By her own discretion, the duchess handpicked a small but elite detachment of her own students and contemporaries, many of whom welcomed the reprieve from the front lines, while others worried for the comrades they left behind. The coterie of mesmers were to deliver correspondence and crucial tactical information to King Jadon of Kryta on the prince's behalf. In her later journals, she would reflect on this moment as the last time she would speak to her daughter and her husband.","*Начиная эту летопись в уютном уголке «Muse», я не могу не дивиться тому, чего эта маленькая организация достигла за минувшие два столетия. От помощи зарождающемуся Сияющему Клинку до Аномалии Хроноптока — Коллектив повидал и разгадал немало тайн со времени своего основания в 1070 г. до н. э. Наша Пятая Вуаль был довольно терпелив к моим вопросам, хотя и не слишком откровенен, когда дело касалось личного. Как он выражается, «иным тайнам суждено оставаться тайнами».* — Предисловие автора, Третьей Вуали, J. Whelark Шли первые месяцы Иссушения. Герцогиня Adelaide Barradin получила личный вызов от принца Rurik, и ей было поручено возглавить дипломатическую миссию в Kryta. Недавно послужив дипломатом и в Kryta, и в Orr в конце Третьей гильдейской войны, она пользовалась уважением крытанского королевского двора. По собственному усмотрению герцогиня лично отобрала небольшой, но отборный отряд из своих учеников и современников, многие из которых были рады передышке от передовой, тогда как иные тревожились за оставленных позади товарищей. Этому кругу месмеров надлежало доставить переписку и важнейшие тактические сведения королю Kryta, Jadon, от имени принца. В поздних дневниках она будет вспоминать этот миг как последний раз, когда говорила с дочерью и мужем."
"*Every nameless creature I've encountered from the Ashen Peaks of the north to the edge of the Queen's Wall. I've tried my best at giving each an appropriate title.*    - Eighth day of the Springtime Current, my twenty-third waymark: Joined peat gathering today. One of the other teams came rushing toward us with clammy fur. Apparently they heard whispers beneath the murk. Rattled enough that we called off the harvest until tomorrow's first light.    - Second day of the Crimson Horizon, my twenty-third waymark: Caught a glimpse of what looked like a golden wolf during my hunt this morning. Chased it as far south as I was comfortable treading, but I lost sight of it. More observation needed, but I'm keen on calling it the ""golden howler.""    - Eighteenth day of the Bitter Wind, my twenty-fourth waymark: I saw it just across the clearing... Part troll, part crow. Talons the size of a cub. Flew off before I could pursue. I'm calling it the ""crow-footed skulker.""    - Twenty-first day of the Springtime Current, my thirty-third waymark: Whispers of a four-legged creature with long, eel-like hair wandering through the shallow parts of the bay. No sightings myself, but I promptly called it the ""eel-haired lurker.""    - Tenth day of the Burning Sun, my thirty-fifth waymark: The crow-footed skulker has returned! This time in the uplands. Shocked that the journeykin didn't chase it away.    - Twelfth day of the Burning Sun, my thirty-fifth waymark: The village shoreline is covered in large, thick feathers the color of a starless sky. Not valravn. Whatever these came from is much larger.    - Twelfth day of the Burning Sun, my thirty-fifth waymark: Stirred awake by strange scraping sounds on top of my homestead. Walked from one end of the roof to the other. Could this be the skulker again?","*Каждое безымянное создание, что я повстречал от Ashen Peaks на севере до края Queen's Wall. Я старался как мог дать каждому подобающее имя.* - Восьмой день Весеннего Течения, мой двадцать третий путевой знак: сегодня присоединился к сбору торфа. Одна из других групп примчалась к нам с мокрой от испарины шерстью. Похоже, они услышали шёпот под мутью. Перепугались достаточно, чтобы мы свернули сбор до первого света завтрашнего дня. - Второй день Багрового Горизонта, мой двадцать третий путевой знак: этим утром на охоте мельком заметил нечто похожее на золотого волка. Гнался за ним так далеко на юг, как только решался ступать, но потерял из виду. Нужно ещё понаблюдать, но я склонен звать его «золотым воем». - Восемнадцатый день Горького Ветра, мой двадцать четвёртый путевой знак: я видел его прямо через поляну... Наполовину тролль, наполовину ворона. Когти размером с детёныша. Улетел прежде, чем я успел погнаться. Зову его «ворононогим крадущимся». - Двадцать первый день Весеннего Течения, мой тридцать третий путевой знак: шёпот о четвероногом создании с длинной, угреподобной шерстью, что бродит по мелководью залива. Сам не видел, но тут же нарёк его «угреволосым таящимся». - Десятый день Палящего Солнца, мой тридцать пятый путевой знак: ворононогий крадущийся вернулся! На сей раз в нагорье. Поражён, что скакуны его не прогнали. - Двенадцатый день Палящего Солнца, мой тридцать пятый путевой знак: береговая линия деревни усыпана крупными, плотными перьями цвета беззвёздного неба. Не валравн. То, от чего они, куда крупнее. - Двенадцатый день Палящего Солнца, мой тридцать пятый путевой знак: разбужен странными скребущими звуками над моей усадьбой. Кто-то прошёл от одного края крыши до другого. Неужто снова крадущийся?"
"*Gardesano's account as transcribed by Amanuensis Nofra*    I have made a breakthrough with my newest pupils. Some of my fellow docents at the primary conservatoire had their misgivings, among those outside these halls, but what good is the experience of a proper education without space to pursue one's fancies, one's passions? The mursaat we admit to study in Stellis Quor should come to know Tyria as we do, its power, its beauty, and its dangers, within reason. But I digress. Last week's lessons were something of a personal interest to me.    In recent days, both Elka and Antenor have taken a growing interest in my stewards, and so I offered to instruct them in the delicate craft of shaping and enchanting their own arcano-constructs. Even with these rudimentary lessons and my limited facilities in the city, Elka was able to follow my methods to the letter as if she were my very shadow. And she produced an impressive first attempt, a near-perfect simulacrum of one of my own stewards with some noticeable differences in flair.     Antenor... Well, he took a direct approach. He asked if he could supply his own materials and returned the following day with several large violet jadestones; an inspired choice, I thought. Jade has shown potential in the use of arcane constructs, but for reasons I've yet to discern, it's a material that takes greater arcane input to reach a functional baseline than other materials I've experimented with, and I tend to lean toward efficiency. But he was diligent, insouciant; it took Antenor much longer than Elka to finish his first construct, but it paid off. The small thing was even able to hover with the best of us.     I still smile when I think about their work, the potential their newfound crafts could provide for them and their people. It will be the honor of a lifetime to watch and see what becomes of their studies and their contributions to the mursaat. Such is the near unique pride of a teacher. I suppose it will have to suffice, in absence of their elder relations.","*Свидетельство Gardesano, записанное писцом Nofra* Я совершил прорыв с моими новейшими учениками. Кое-кто из моих собратьев-доцентов в главной консерватории питал сомнения, как и иные вне этих стен, но чего стоит опыт настоящего образования без простора для собственных прихотей, собственных страстей? Мурсааты, которых мы принимаем на обучение в Stellis Quor, должны узнать Tyria так, как знаем её мы, — её мощь, её красоту и её опасности, в разумных пределах. Но я отвлёкся. Уроки прошлой недели были для меня чем-то вроде личного интереса. В последние дни и Elka, и Antenor всё сильнее интересовались моими стюардами, и я предложил обучить их тонкому искусству придания формы и зачарования собственных арканоконструктов. Даже с этими начальными уроками и моими скромными возможностями в городе Elka сумела следовать моим методам буква в букву, точно она — моя тень. И она произвела впечатляющую первую попытку, почти безупречный симулякр одного из моих стюардов с заметными отличиями в изяществе. Antenor... что ж, он подошёл прямолинейно. Он спросил, может ли принести собственные материалы, и на следующий день вернулся с несколькими крупными фиолетовыми нефритовыми камнями; вдохновенный выбор, подумал я. Нефрит показал потенциал в применении для тайных конструктов, но по причинам, что мне ещё предстоит понять, это материал, требующий большего тайного вложения для выхода на рабочий уровень, чем прочие, с которыми я работал, а я склонен к бережливости. Но он был усерден, беспечен; Antenor провозился со своим первым конструктом куда дольше Elka, но это окупилось. Малютка даже сумел парить не хуже лучших из нас. Я всё ещё улыбаюсь, вспоминая их труд, тот потенциал, что их новообретённые ремёсла могли бы дать им и их народу. Наблюдать и видеть, что станет с их учёбой и их вкладом в дело мурсаатов, — честь всей жизни. Такова почти неповторимая гордость учителя. Полагаю, ей придётся хватить — за отсутствием их старших родичей."
"*Half of the page is stained with blood, but you parse what you can of it.*    I haven't spoken a word out loud in fifteen days. The warmth of our hearth is a week out of reach, if that. Home ... soon.    Sejm. My friend.    When we arrived at Saldistead, no one was left. No one was there at all. Empty ... nothingness. Echoes and dust. We'd traveled weeks at that point with no signs of life. Our own rations dwindling. Sejm suggested we hunt, so we traveled eastward to the lake in search of anything.    Miasma clung to the ... too thick to breathe. No sign of life. Nothing to eat. Before we turned back, Sejm heard something. He said it was Wurm, calling us toward the ... Sejm ran faster than ... I tried to follow.    Frozen in place ... He started to transform. Shredded, blood ... The screaming ... He begged Wurm, but I don't think that was ... The transformation paused, leaving him half ... limbs, breaking off. Not from the cold. I stumbled toward the shore when the ice ... It cracked wide open. Maybe he was spared by the frozen waters ... The bubbles stopped.    I'm most of the way home now. I don't know how to feel. I feel everything, but I wish to feel none of it.","*Половина страницы залита кровью, но ты разбираешь, что можешь.* Я не произнёс ни слова вслух пятнадцать дней. Тепло нашего очага в неделе пути, если не дальше. Дом... скоро. Sejm. Друг мой. Когда мы добрались до Saldistead, не осталось никого. Там вообще никого не было. Пусто... ничто. Отголоски да пыль. К тому мигу мы шли недели, не встретив ни следа жизни. Наши припасы таяли. Sejm предложил охотиться, и мы двинулись на восток, к озеру, в поисках хоть чего-нибудь. Миазмы липли к... слишком густо, чтобы дышать. Ни признака жизни. Нечего есть. Прежде чем повернуть назад, Sejm что-то услышал. Он сказал, это вурмов, зовущий нас к... Sejm побежал быстрее, чем... Я пытался поспеть. Застыл на месте... Он начал преображаться. Разодранный, кровь... Крик... Он молил вурмов, но, кажется, это был не... Преображение замерло, оставив его наполовину... конечности, отламываясь. Не от холода. Я ковылял к берегу, когда лёд... Он треснул, разверзшись. Быть может, его пощадили ледяные воды... Пузыри прекратились. Я почти дошёл до дома. Не знаю, что чувствовать. Чувствую всё, но хотел бы не чувствовать ничего."
"*High Councillor, this is the passage that I spoke of before. When we meet next, I would be happy to share the rest. I worry about circulating too much information unprotected, especially before our imminent departure.*       After poring through Lenusso's journal, there are a handful of assumptions that I can make about traveling to the island of Castora:    One. Based on various maps and documents that I've been able to uncover in Lion's Arch, I believe I've identified the correct landmass. It is to the far southwest, farther than most sailors have traveled. This aligns with various statements found throughout the source text.    Two. It would be a deeply complex journey. While I suspect that it is about equal distance traveling from the Tyrian mainland to the Canthan continent, that stretch of ocean is highly treacherous. Most sailors that I consulted with have urged me to proceed with immense caution, if not drop the aspiration entirely. Not only did many refute the existence of such a place, but the general consensus is that modern vessels may not be enough to make it there intact.     Three. Based on some of Lenusso's accounts, I am not entirely sure what to expect in terms of danger. There are hundreds of sketches of creatures I've never seen—references to incomprehensible magic! A dream to any researcher, explorer, or innovator...but perhaps more than I can conquer when the rest of the continent is focused on the rise of the White Mantle.      Four. But I cannot ignore the possibility of what I may find on that island. While I can only guess based on the desperate musings of a now-deceased lab specimen, the picture that has been painted for me is one of intrigue and existential revelation. Imagine Rata Novus, which is already a spectacle of innovation, but better. No restrictions. Limitless power.","*Верховный советник, вот тот отрывок, о котором я говорил ранее. При следующей встрече я буду рад поделиться остальным. Опасаюсь пускать в оборот слишком много незащищённых сведений, особенно перед нашим скорым отбытием.* Прокорпев над дневником Lenusso, я могу сделать несколько предположений о путешествии на остров Castora: Раз. Судя по разным картам и документам, что мне удалось откопать в Lion's Arch, я, кажется, определил нужную сушу. Она на дальнем юго-западе, дальше, чем заходило большинство мореходов. Это согласуется с разными утверждениями по всему исходному тексту. Два. Путь был бы крайне сложным. Хотя я подозреваю, что расстояние от тирийской земли до кантийского континента примерно равное, тот участок океана крайне опасен. Большинство мореходов, с кем я советовался, настоятельно призывали меня действовать с огромной осторожностью, если не бросить затею вовсе. Мало того что многие отрицали само существование такого места, так ещё и общее мнение таково, что современным судам может недостать сил добраться туда целыми. Три. Судя по некоторым записям Lenusso, я не вполне уверен, чего ждать в плане опасности. Там сотни зарисовок созданий, каких я никогда не видел, — упоминания непостижимой магии! Мечта для любого исследователя, первопроходца или новатора... но, пожалуй, больше, чем я могу одолеть, когда остальной континент поглощён возвышением White Mantle. Четыре. Но я не могу пренебречь тем, что могу найти на этом острове. Пусть я и могу лишь гадать по отчаянным измышлениям ныне покойного лабораторного образца, но нарисованная мне картина полна интриги и бытийного откровения. Вообрази Rata Novus, что и без того чудо новаторства, но лучше. Без ограничений. Безграничная сила."
"*Narcisse's journal is opened to an unfinished entry. The ink is smudged; it must be recent.*     By the stars and the moon and the water below, my heart sinks. We've ways to restore health and wellness after Kryptis influence, but I cannot help but think back to Mordremoth's pull... Myself and the very few sylvari who had already joined the ward after his rising were protected from Mordremoth's call, hiding within the tower and Amnytas's embrace. I've always felt an acute sense of guilt over this, knowing that my people writhed below. These feelings are begining to resurface, as our foe's main tactic of attack is to corrupt the mind. We've many sylvari who turned to the ward following the events in Maguuma, looking for justice and guidance, but... Those who were affected by Mordremoth seem to be all the more vulnerable to Kryptis possession.       I've one patient, Waiola, who survived Mordremoth's pull before, but now...she thinks that she hears him again. She screams and thrashes while lying awake, and weeps if I attempt to lure her to sleep. No state of consciousness gives her reprieve. I'm headed to Amnytas; I suspect if I can find some frosted    *The journal entry ends, as if Narcisse was pulled away in a hurry.*","*Дневник Нарциссы открыт на незаконченной записи. Чернила размазаны; должно быть, это произошло недавно.*    Клянусь звёздами, луной и водой внизу, моё сердце сжимается. У нас есть способы восстановить здоровье и благополучие после влияния Криптис, но я не могу не вспоминать о притяжении Мордремота... Я и те немногие сильвари, которые уже присоединились к страже после его пробуждения, были защищены от зова Мордремота, скрываясь в башне и объятиях Амнитаса. Я всегда испытывала острое чувство вины из-за этого, зная, что мой народ корчился внизу. Эти чувства начинают всплывать вновь, поскольку главная тактика атаки нашего врага — это развращение разума. У нас много сильвари, которые присоединились к страже после событий в Магуме, ищущие справедливости и руководства, но... Те, кто был затронут Мордремотом, кажутся ещё более уязвимыми для одержимости Криптис.      У меня есть одна пациентка, Вайола, которая пережила притяжение Мордремота раньше, но теперь... она думает, что снова слышит его. Она кричит и бьётся, лёжа без сна, и плачет, если я пытаюсь усыпить её. Ни одно состояние сознания не даёт ей облегчения. Я направляюсь в Амнитас; я подозреваю, что если я смогу найти немного замороженного    *Запись в дневнике обрывается, как будто Нарциссу срочно отвлекли.*"
"*Note: Doyen Sidony has asked me to independently vet his guests for the upcoming tour and visit. A task I do not take lightly, given the sensitive nature of what we do in this corner of Castora. I expect they will respect and honor my assessments. —Azzo, Amanuensis to Doyen Sidony* **Name:** Tirss Alkessh  **Title:** Keeper of Threads  **Role:** Scribe and recordkeeper, diplomatic emissary of the Forgotten  **Hobbies:** Weaving tapestries, storytelling, practicing illusory magic  **Notes:** I have observed many diplomatic summits where Tirss was present. They are a clever and fascinating individual, always with an anecdote or verse of some foreign scripture to break the tension when tempers flare. As for their faith, Tirss tends to keep that part of their life mostly private. We don't know who exactly the Forgotten pray to, only that they are separated from the so-called ""gods"" they revere. Such beliefs are worthy of our scrutiny, but that's no reason to spurn Tirss's company and counsel. **Risks:** Keeper Alkessh enjoys a personal friendship with the doyen, and thus a certain level of trust. Other Forgotten emissaries have expressed an—at times—pointed interest in learning how to harness and store greater quantities of magic. I do not believe that Tirss's own silence on the matter is an indication that their people have since discovered the means to do so on their own, but seeing as this rare visit to Castora will include a few rudimentary seminars on ley magic and how to harness it, it will be interesting to assess whether the keeper's interests and loyalties shift as a result.","*Примечание: Дуайен Сидони попросил меня самостоятельно проверить его гостей для предстоящего тура и визита. Задача, к которой я отношусь серьёзно, учитывая деликатный характер того, что мы делаем в этом уголке Касторы. Я ожидаю, что они будут уважать и ценить мои оценки. — Аззо, секретарь дуайена Сидони* **Имя:** Тирс Алкеш  **Титул:** Хранитель Нитей  **Роль:** Писец и летописец, дипломатический посланник Забытых  **Хобби:** Ткачество гобеленов, рассказывание историй, практика иллюзорной магии  **Примечания:** Я наблюдал за многими дипломатическими саммитами, на которых присутствовал Тирс. Это умный и увлекательный человек, всегда с анекдотом или стихом из какого-нибудь чужого писания, чтобы разрядить напряжение, когда страсти накаляются. Что касается их веры, Тирс предпочитает держать эту часть своей жизни в основном в тайне. Мы не знаем, кому именно молятся Забытые, только то, что они отделены от так называемых «богов», которых они почитают. Такие убеждения заслуживают нашего внимания, но это не повод пренебрегать обществом и советами Тирса. **Риски:** Хранитель Алкеш поддерживает личную дружбу с дуайеном и, следовательно, определённый уровень доверия. Другие посланники Забытых проявляли — порой — острый интерес к тому, как использовать и хранить большие объёмы магии. Я не верю, что молчание Тирса по этому вопросу является признаком того, что его народ с тех пор самостоятельно нашёл средства для этого, но поскольку этот редкий визит в Кастору будет включать несколько элементарных семинаров по магии лей-линий и тому, как её использовать, будет интересно оценить, изменятся ли интересы и лояльность хранителя в результате."
*Pulirsi Insetto Espell*,*Pulirsi Insetto Espell*
"*Q31844 - DBC_Full*### Report from Lead Engineer Kam-Bo___**Summary:** Lady Joon, Project Horizon is currently operating at 23 percent above projections in both energy output and efficiency. Since your recommendation to use our proprietary refined jadeite as the energy-catalyzing medium, Xunlai Jade has seen unprecedented increases in the transference of the subject's essence.The subject remains enclosed within the Yong Reactor in relative comfort and security, observed and monitored closely by Indigo-Clearance-level staff. All staff have been fully briefed on the new security procedures as ordered by Captain Fa, and the engineers have been duly warned against communicating with the subject in any way, or face immediate termination.Nahpui Lab reports that jadeite refinement output has increased to meet demand for jade tech in the consumer market, and Municipal Power Plant Zero One has recently converted their facility to use imbued jade tech batteries, bringing the New Kaineng City power supply fully into the modern age.The subject's essence seems remarkably suited to the refined jadeite acquired from the Jade Sea, as noted in the first quarter operational report. Research is ongoing into the nature of this correlation: early indications suggest the latent magic imbued in the mineral's composition—due to the tremendous release of arcane energy in the catastrophic event colloquially referred to as the ""Jade Wind""—may play a role. Further investigation is warranted.___Lead Engineer Kam-Bo","*Q31844 - DBC_Full*### Отчёт ведущего инженера Kam-Bo___**Сводка:** Леди Joon, проект «Горизонт» ныне работает на 23 процента выше прогнозов как по выработке энергии, так и по эффективности. С тех пор как по вашей рекомендации мы стали использовать наш фирменный очищенный жадеит в качестве среды-катализатора энергии, Xunlai Jade наблюдает беспрецедентный рост переноса сущности субъекта.Субъект остаётся заключён в реакторе Yong в относительном покое и безопасности, под пристальным наблюдением персонала с уровнем допуска «Индиго». Весь персонал был в полной мере проинструктирован о новых процедурах безопасности по приказу капитана Fa, а инженеров должным образом предостерегли от какого-либо общения с субъектом под угрозой немедленного увольнения.Лаборатория Nahpui сообщает, что выход очистки жадеита вырос, чтобы удовлетворить спрос на нефрит-технологии на потребительском рынке, а Муниципальная Power Plant «Ноль Один» недавно переоборудовала свои мощности под пропитанные нефрит-технологии батареи, полностью введя энергоснабжение New Kaineng City в современную эпоху.Сущность субъекта, похоже, замечательно подходит к очищенному жадеиту, добытому из Jade Sea, как отмечалось в операционном отчёте за первый квартал. Ведётся исследование природы этой связи: ранние признаки указывают, что свою роль может играть скрытая магия, впитанная в состав минерала из-за колоссального выброса тайной энергии в катастрофическом событии, что в просторечии зовут «Нефритовым Ветром». Требуется дальнейшее изучение.___Ведущий инженер Kam-Bo"
"*The bulk of the text on this stone tablet is written in a form of the mursaat language too archaic for you to read, except for four stanzas written in the common tongue.*    When birdsong trills in crisp, clean air  And new life springs from soil fair  We call to thee!    Then comes the warmth of sun's embrace  To glint upon thy upturned face  We summon thee!  To catch the leaves before their fall  One must hearken to arbor's call  We offer to thee!    At last, we feel the cold wind's bite  And end the seal on Mother's spite  We welcome thee!    Barboza!","*Основная часть текста на этой каменной табличке написана на форме языка мурсаат, слишком архаичной для чтения, за исключением четырёх строф, написанных на общем языке.*    Когда птичье пение звенит в чистом воздухе  И новая жизнь рождается из прекрасной почвы  Мы зовём тебя!    Затем приходит тепло солнечных объятий  Чтобы блеснуть на твоём поднятом лице  Мы призываем тебя!  Чтобы поймать листья до их падения  Нужно прислушаться к зову дерева  Мы предлагаем тебе!    Наконец, мы чувствуем укус холодного ветра  И заканчиваем печать на злобе Матери  Мы приветствуем тебя!    Барбоза!"
"*The following report collects the content of Project Omega subject Naati's audio logs, as transcribed by project specialist Keelli, for Overseer Kuda's eyes only. Unauthorized access will be reported and prosecuted according to Inquest compliance protocols.*    **Entry 6**  Omega Team's performance at the temple was subpar. I was not without my own missteps, true, but at least I didn't wreck valuable equipment worth thousands of gold...unlike those two buffoons. If you ask my opinion, Overseer, I believe that our male companions may prove to be too volatile for further testing and I may suggest an all-female complement in our next phase of experimentation. Aside from a brief loss of control I believe I performed admirably, and I continue to improve my control over the illusions that I've learned to conjure. I believe more extensive testing should be all that is required to perfect my abilities.    **Entry 7**  There's still no sign of the leader of the Astral Ward, Isgarren. The commander has been seen operating independent of the wizard since arriving in the area, which is nothing short of infuriating. I know you have asked me to set aside my ""fixation,"" as you called it, but I believe we would do well to not discount the seer's capability to involve himself in our affairs, even from a distance.    **Entry 8**  The commander has arranged a parley, and we've been ordered to provide assistance. I'm confident that this is the advantage we've been waiting for, Overseer...excuse me, Director. I am still not used to the new hierarchy. Your brilliant suggestion, however, to take the commander prisoner and use them as a bargaining chip will surely be the lure we need to draw Isgarren out of hiding. I only hope that this is not part of some ruse.","*Настоящий отчёт собирает содержимое звуковых журналов субъекта проекта «Омега» Naati, расшифрованных специалистом проекта Keelli, для глаз надзирателя Kuda и только. Несанкционированный доступ будет зафиксирован и преследуется согласно протоколам соответствия Инквеста.* **Запись 6** Показатели команды «Омега» у храма оказались посредственны. Не без собственных промахов, верно, но я хотя бы не угробил ценное оборудование на тысячи золотых... в отличие от тех двух шутов. Если вам угодно моё мнение, надзиратель, я полагаю, что наши спутники мужского пола могут оказаться слишком неустойчивы для дальнейших испытаний, и осмелюсь предложить в следующей фазе опытов исключительно женский состав. Если не считать краткой потери контроля, я, полагаю, проявил себя достойно и продолжаю совершенствовать управление иллюзиями, что научился призывать. Полагаю, для доведения моих способностей до совершенства требуется лишь более обширное тестирование. **Запись 7** О предводителе Astral Ward, Isgarren, всё ещё ни следа. С прибытия в эти места командира видели действующим независимо от волшебника, что попросту приводит в бешенство. Знаю, вы просили меня оставить мою «одержимость», как вы это назвали, но я считаю, что нам не стоит недооценивать способность провидца вмешаться в наши дела, пусть даже издалека. **Запись 8** Командир устроил переговоры, и нам приказано оказать содействие. Уверен, это то преимущество, которого мы ждали, надзиратель... простите, директор. Я всё ещё не привык к новой иерархии. Ваше блестящее предложение, однако, — взять командира в плен и использовать его как разменную монету — наверняка станет той приманкой, что нужна нам, чтобы выманить Isgarren из укрытия. Надеюсь лишь, что это не часть какой-то уловки."
"*The following report collects the content of Project Omega subject Plokk's audio logs, as transcribed by project specialist Keelli, for Overseer Kuda's eyes only. Unauthorized access will be reported and prosecuted according to Inquest compliance protocols.*    **Entry 4**  Damn that commander! The weak, spineless scum! Overseer, I understand your...your... Damn, what is the word? Your...frustrations, perhaps, over their involvement. And I share your concerns about the director's actions. I worry our retreat will only make our enemies more...more... Bold? Bold. Yes, that's it. I take full responsibility for my...for my... Ugh, never mind. It's unimportant. We will be ready next time, Overseer. I swear.    **Entry 5**  We saw Director Vloxx at the temple. He came out of some magical ring...thing? Right in front of us. I could sense his power. Naati and Zipp, too. He was like us...but not. He snapped his fingers, and before I could blink, we were back outside the temple! He shooed us away like children. The traitor. He will pay, Overseer! I will... It will happen.    **Entry 6**  Director Kuda. You've proven your super...superior...your superiority against any who'd challenge you. I have admiral... Ah, no. I have armor... Admiration! I have admiration for the way you handled things. My words... They might be fading, but, Overseer...Director! Wherever you go, I will follow.","*Настоящий отчёт собирает содержимое звуковых журналов субъекта проекта «Омега» Plokk, расшифрованных специалистом проекта Keelli, для глаз надзирателя Kuda и только. Несанкционированный доступ будет зафиксирован и преследуется согласно протоколам соответствия Инквеста.* **Запись 4** Будь проклят этот командир! Слабое, бесхребетное отребье! Надзиратель, я понимаю ваше... ваше... Проклятье, как же это слово? Ваше... недовольство, быть может, из-за их вмешательства. И я разделяю ваши тревоги о действиях директора. Боюсь, наше отступление лишь сделает наших врагов ещё более... более... Дерзкими? Дерзкими. Да, вот именно. Я беру на себя всю ответственность за мой... за мой... Ух, неважно. Это несущественно. В следующий раз мы будем готовы, надзиратель. Клянусь. **Запись 5** Мы видели директора Vloxx у храма. Он вышёл из какого-то магического кольца... штуковины? Прямо перед нами. Я ощутил его силу. Naati и Zipp тоже. Он был как мы... но нет. Он щёлкнул пальцами, и не успел я моргнуть, как мы снова оказались снаружи храма! Он прогнал нас, как детей. Предатель. Он поплатится, надзиратель! Я... Так и будет. **Запись 6** Директор Kuda. Вы доказали своё превос... превосход... своё превосходство над всяким, кто посмел бы бросить вам вызов. Я испытываю адмирал... Ах, нет. У меня броня... Восхищение! Я испытываю восхищение тем, как вы всё уладили. Мои слова... Они, быть может, угасают, но, надзиратель... Директор! Куда бы вы ни шли, я последую за вами."
"*The following report collects the content of Project Omega subject Zipp's audio logs, as transcribed by project specialist Keelli, for Overseer Kuda's eyes only. Unauthorized access will be reported and prosecuted according to Inquest compliance protocols.*    **Entry 5**  DIE! DIE! Commander must die! It wasn't Zipp's fault, Overseer Kuda. Zipp was just excited! Zipp will do better. I will do better. Sorry. I... I... Stop. I am Zipp. I am Zipp. Zipp is me. We lost. We lost... It was terrible. Next time, the commander will die. And the others. They'll all suffer. Overseer will see it done.    **Entry 6**  Running helped. For a while. Not as easy... It's getting harder. Mind still races. Zipp is too fast. I'm too fast. I'm not... I can't... Overseer, help. Please. I... It's too much. Too much. Can't stop. Thinking. Speeding. Fast. Fast. Should my head...should it hurt this bad? Eyes burn.     **Entry 7**  They're coming! Commander is coming! Zipp will have another chance! Learned fast. We learned. We don't play. We have to win! It won't end. Not like this. Not like last time! Plokk. Naati. Zipp. Zipp. Zipp! I am Zipp! It will be their end. Come to us, Commander. Come.","*Настоящий отчёт собирает содержимое звуковых журналов субъекта проекта «Омега» Zipp, расшифрованных специалистом проекта Keelli, для глаз надзирателя Kuda и только. Несанкционированный доступ будет зафиксирован и преследуется согласно протоколам соответствия Инквеста.* **Запись 5** СМЕРТЬ! СМЕРТЬ! Командир должен умереть! Это не вина Zipp, надзиратель Kuda. Zipp просто увлёкся! Zipp постарается лучше. Я постараюсь лучше. Простите. Я... Я... Стоп. Я — Zipp. Я — Zipp. Zipp — это я. Мы проиграли. Мы проиграли... Это было ужасно. В следующий раз командир умрёт. И остальные. Все они будут страдать. Надзиратель проследит за этим. **Запись 6** Бег помогал. Какое-то время. Уже не так легко... Всё труднее. Разум всё несётся. Zipp слишком быстр. Я слишком быстр. Я не... Я не могу... Надзиратель, помогите. Прошу. Я... Это слишком. Слишком. Не могу остановиться. Мыслить. Разгоняться. Быстро. Быстро. Должна ли голова... должна ли она так сильно болеть? Глаза жжёт. **Запись 7** Они идут! Командир идёт! У Zipp будет ещё один шанс! Быстро научился. Мы научились. Мы не играем. Мы должны победить! Это не кончится. Не так. Не как в прошлый раз! Plokk. Naati. Zipp. Zipp. Zipp! Я — Zipp! Это станет их концом. Иди к нам, Командир. Иди."
"*The Heart of the Obscure hums in your possession. Your eyes flash, and the old mursaat script on the scroll shifts until it becomes familiar—readable.*    I have come here many times at Darda's suggestion to break away, to reflect, to mourn. Thoughts of my kin have soured as of late. The youngest among our gilded—Manikaz, Poloni, Seraf, Baraq—they are lost. They claw and scrape at the talons of their idols, dripping with zealotry, and for what? Optimus, Lazarus, Sarlic, and the rest are gambling with our people's future, terrified by the visions of some outcast scion.    Some few of us elders keep to the fringes. For some of us, the isolation...the freedom from the prying eyes of the seers—paid in blood—was reward enough. To risk exposure and wage war against the peoples of this age is...to court our extinction.     ***    The worst has come to pass. The titans have laid siege to the city; our people's corpses litter its halls. Darda and I, we... I do not know if anyone else made it out, but we will not linger, even for other survivors. She suggests we cross the ocean to the west of the horn and put this land behind us.    I wanted to write on this scroll, to see this view once more before we fade from mortal memory and time. The storms rolling in over the lowlands to the south are beautiful this time of year. The bearkin will be on the move soon, I imagine. I will never see them dance again, hidden though I was.    Janthir, I bid you farewell,  Orestes, Archivist Exultant","*Сердце Тайны гудит в ваших руках. Ваши глаза вспыхивают, и древний мурсаатский текст на свитке меняется, пока не становится знакомым — читаемым.*    Я много раз приходил сюда по предложению Дарды, чтобы отвлечься, поразмыслить, скорбеть. Мысли о моих сородичах в последнее время омрачились. Самые молодые среди наших позолоченных — Маниказ, Полони, Сераф, Барак — они потеряны. Они цепляются за когти своих идолов, истекая фанатизмом, и ради чего? Оптимус, Лазарь, Сарлик и остальные играют с будущим нашего народа, напуганные видениями какого-то изгнанного отпрыска.    Некоторые из нас, старейшин, держатся в стороне. Для некоторых из нас изоляция... свобода от любопытных глаз провидцев — оплаченная кровью — была достаточной наградой. Рисковать разоблачением и вести войну против народов этой эпохи — это... навлекать на себя вымирание.     ***    Случилось худшее. Титаны осадили город; трупы нашего народа устилают его залы. Дарда и я, мы... Я не знаю, выбрался ли кто-нибудь ещё, но мы не будем задерживаться, даже ради других выживших. Она предлагает нам пересечь океан к западу от рога и оставить эту землю позади.    Я хотел написать на этом свитке, чтобы ещё раз увидеть этот вид, прежде чем мы исчезнем из смертной памяти и времени. Штормы, надвигающиеся на низменности к югу, прекрасны в это время года. Медведи, я полагаю, скоро двинутся в путь. Я никогда больше не увижу их танцев, хотя и был скрыт.    Джантер, прощай,  Орестес, Архивариус-ликующий"
"*The Heart of the Obscure hums in your possession. Your eyes flash, and the old mursaat script on the scroll shifts until it becomes familiar—readable.*    Pretenders. Never have I seen such a farce. I would almost be impressed if I had less than a pinch of self-respect left in these ancient bones. What Manikaz and his cabal of our peers are doing to that town may yield impressive results in time, but the theater of it. ""Gods,"" and ""the Unseen,"" they call themselves, and what is worse are those preening ""White Mantle"" sycophants that sit at their talons.    I remember a time when finding our way home was paramount, not to be abandoned to this realm cursed with dragons, ""gods,"" and other threats from beyond. We inherited the punishments of our forebearers—at least, those who survived the last cycle. Though, perhaps it is for the best. Perhaps we are the monsters our Mists-born ancestors deemed us to be, if my peers' actions are indicative.    There used to be more like me. Too many lost in the war with the seers, others exiling themselves to far corners. They had the right of it, I think. Maybe I will leave, but where does a being like me even go? Some nights, I dream of Mehir—his golden face. I see him drifting between citadels of another realm.    Foolish dreams. This is the only home I have ever known, for better or worse.","*Сердце Тайны гудит в ваших руках. Ваши глаза вспыхивают, и древний мурсаатский текст на свитке меняется, пока не становится знакомым — читаемым.*    Самозванцы. Никогда я не видел такого фарса. Я был бы почти впечатлён, если бы в этих древних костях осталось хоть немного самоуважения. То, что Маниказ и его кабала наших сверстников делают с этим городом, возможно, со временем принесёт впечатляющие результаты, но это театр. «Боги» и «Невидимые», как они себя называют, и что ещё хуже, это те самодовольные сикофанты «White Mantle», которые сидят у их когтей.    Я помню время, когда найти дорогу домой было первостепенной задачей, а не быть брошенным в это царство, проклятое драконами, «богами» и другими угрозами извне. Мы унаследовали наказания наших предков — по крайней мере, тех, кто пережил последний цикл. Хотя, возможно, это к лучшему. Возможно, мы те монстры, которыми нас считали наши предки, рождённые в Туманах, если действия моих сверстников являются показателем.    Раньше таких, как я, было больше. Слишком многие погибли в войне с провидцами, другие изгнали себя в далёкие уголки. Я думаю, они были правы. Возможно, я уйду, но куда вообще может пойти такое существо, как я? Иногда мне снится Мехир — его золотое лицо. Я вижу, как он дрейфует между цитаделями другого царства.    Глупые сны. Это единственный дом, который я когда-либо знал, к лучшему или к худшему."
"*The pages before you swirl with dark magic. It makes your head hurt, but you are not swayed.*","*Страницы перед тобой кружатся тёмной магией. От неё болит голова, но тебя не сбить с толку.*"
"*The Queen's Roast, feeding the people of Divinity's Reach since 1231 AE*    Receipt from third week of summer.    6 cups of Queen's Floral Tea  1 pint of Apple Grove Cider  1 Yak Wellington with hearty mountain greens and a piece of rhubarb pie (customer encourages the largest slice possible)  1 rare yak steak, hold the sides  2 slices of the daily cake special  1 plate of the daily house roast, please include all sides  1 Caledon blueberry salad with sautéed kale    Signed for by:  *Countess Anise*","*«The Queen's Roast», кормит жителей Divinity's Reach с 1231 года после Исхода.*    Чек за третью неделю лета.    6 чашек Цветочного чая королевы  1 пинта Сидра из Яблоневой рощи  1 Як Веллингтон с сытной горной зеленью и куском ревеневого пирога (клиент просит самый большой кусок)  1 редкий стейк из яка, без гарнира  2 куска ежедневного торта  1 тарелка ежедневного домашнего жаркого, пожалуйста, со всеми гарнирами  1 салат из черники Каледона с обжаренной капустой    Подписано:  *Countess Anise*"
*These notes are messily scrawled—Joon's normally neat handwriting showing the signs of her stress.*System needs a way to filter the corruption from the magic. Identify the frequency of each. Attune another material to the corruption? Something cheap—amber?***Amber serves as a good container for corrupted magic. Just need to teach the system to distinguish and redirect...***System only catching two percent of corrupted magic—what is wrong???***Filtration efficacy is now at 32 percent. We're getting there.***54 percent today! Periodic waveform disruptions seem to be at fault here...,"*Эти заметки нацарапаны небрежно — обычно аккуратный почерк Joon выдаёт следы её напряжения.*Системе нужен способ отфильтровывать порчу от магии. Определить частоту каждой. Настроить другой материал на порчу? Что-нибудь дешёвое — янтарь?***Янтарь служит хорошим вместилищем для испорченной магии. Осталось лишь научить систему различать и перенаправлять...***Система улавливает лишь два процента испорченной магии — что не так???***Действенность фильтрации теперь 32 процента. Продвигаемся.***Сегодня 54 процента! Похоже, виной периодические сбои волновой формы..."
*This card is blank...*,*Эта карта пуста...*
"*This letter is made to appear as though it is just a collection of observations about the local wildlife, but it actually contains a different missive hidden within.*While my survey of the island is ongoing, I am confident already in the assessment that control over it would be economically and strategically worthwhile. There is an unexpected population present, but they occupy a very small portion of the available land; even if we were to cede them that portion entirely, it would have no meaningful impact on the viability of the project.    It would, however, be a substantial undertaking due to the remaining defenses and the difficult landscape. It is unclear when sufficient transportation to make this possible will be achieved, but it seems likely to happen eventually. Overall, I would say the project is viable and the rewards exceedingly worthwhile. There is more potential here than anywhere else remaining in Tyria.    However, if an attempt is to be made, I would strongly encourage the ministry to move quickly, because we are not the only ones who have taken an interest. I won't speculate on the viability of political maneuvering to lay claim to it; I am certain the Ministry of Law could find cause to claim ownership of the sun and stars if they so chose. But more aggressive approaches should be considered as well. Someone will wind up in control of Castora by the end of this, and we'd best make sure that it's us.    —M","*Это письмо составлено так, чтобы казаться просто набором наблюдений о местной живности, но на деле в нём сокрыто иное послание.*Хотя моё обследование острова ещё продолжается, я уже уверен в оценке, что власть над ним была бы выгодна экономически и стратегически. Здесь присутствует неожиданное население, но оно занимает лишь очень малую часть доступной земли; даже если бы мы уступили им эту часть целиком, на жизнеспособность проекта это никак бы не повлияло. Однако это было бы существенное предприятие ввиду оставшейся обороны и трудного ландшафта. Неясно, когда удастся наладить достаточное сообщение, чтобы это стало возможным, но, похоже, рано или поздно так и будет. В целом я бы сказал, что проект жизнеспособен, а награда чрезвычайно стоящая. Здесь больше потенциала, чем где-либо ещё из оставшегося в Tyria. Впрочем, если попытка и будет предпринята, я настоятельно призвал бы министерство действовать быстро, ведь мы не единственные, кто проявил интерес. Не берусь судить о жизнеспособности политических манёвров, чтобы заявить на него права; уверен, Министерство закона нашло бы повод объявить своей собственностью хоть солнце и звёзды, пожелай оно того. Но стоит рассмотреть и более напористые подходы. К концу всего этого кто-то окажется у власти над Castora, и нам лучше позаботиться, чтобы это были мы. — M"
"*This once-loved journal is now in tatters. Multiple pages are missing.*    It's been at least a few years since the confessor left us to complete his mission. When I lack inspiration, I look to the note that he left me—my divine ordinance to carve his path while he leads the march against our enemies in Kryta:    ""Find a way into Bava Nisos, the city of the Unseen. Saul has guided me here, and our salvation will be revealed. Open the gate.""    Until this mission is complete, we will continue to search Janthir. This is my only mission; I've failed too many others in life before. I will do the confessor proud, and Mother will regret calling me visionless and banishing me from my home.    ---    There is no sign of any city here—just the ruins of Gavril. I wish I knew more about this destroyed place and the people that lived here before us. Caudceus had found a number of records, but he burned them all right before he left. He said that they contained secrets from Saul that were meant for his eyes only, and that we were not worthy. Judge has expressed some skepticism of this, especially as years have passed, but Tatyanna is devout. She prays every single day.    We've managed to carve out a nice-enough home here in the remains of Gavril—while most of the ruins are inaccessible, Judge was able to clear a path into the old village inn. Most of the building interior is blocked by rubble, but there's enough space. Tatyanna has her own room, and Judge and I sleep in the ""kitchen"" (the kitchen being one pot for boiling and a basket of food). It's a productive home.    ---    While Judge and I were avoiding a small kodan party that has ventured to the isle, a blast of energy knocked us from our feet. My ears rang and my nose started to bleed—just like the last time we tried to cross farther into the bay. We rushed back to Tatyanna.    We searched the isle, avoiding the kodan, but it was unchanged. Right before we turned back toward the inn, Judge's attention snapped to the northern bay. Off in the distance, probably a day's row away, a rock formation peeked out from the fog. I never noticed it before.    My mind swam, searching through images from our prior voyages—days spent fishing at this exact spot. It was as if that rock had been there all along, but it had a freshness that gave me a headache. Judge rubbed his temple—his head hurt too. Tatyanna recalled how certain mesmer enchantments can give you a similar headache, especially those that manipulate our thoughts. Perhaps, she said, we were just under a spell.","*Этот некогда любимый журнал теперь в клочьях. Несколько страниц утеряно.*    Прошло уже несколько лет с тех пор, как исповедник покинул нас, чтобы завершить свою миссию. Когда мне не хватает вдохновения, я смотрю на записку, которую он мне оставил — мой божественный указ следовать его путем, пока он ведёт марш против наших врагов в Крайте:    «Найди путь в Bava Nisos, город Незримых. Саул направил меня сюда, и наше спасение будет явлено. Открой врата».    Пока эта миссия не будет завершена, мы продолжим поиски в Джандире. Это моя единственная миссия; я слишком многим другим в жизни не смог соответствовать. Я сделаю исповедника гордым, и Мать пожалеет, что назвала меня близоруким и изгнала из дома.    ---    Здесь нет никаких признаков города — только руины Гаврила. Хотелось бы мне знать больше об этом разрушенном месте и людях, которые жили здесь до нас. Каудцеус нашёл ряд записей, но сжег их все незадолго до своего ухода. Он сказал, что они содержат секреты от Саула, предназначенные только для его глаз, и что мы недостойны. Судья выразил некоторое сомнение по этому поводу, особенно с течением лет, но Татианна набожна. Она молится каждый день.    Нам удалось обустроить вполне приличный дом здесь, среди остатков Гаврила — хотя большая часть руин недоступна, Судья смог расчистить путь в старую деревенскую гостиницу. Большая часть интерьера здания заблокирована обломками, но места достаточно. У Татианны есть своя комната, а Судья и я спим на «кухне» (кухня — это один котел для кипячения и корзина с едой). Это продуктивный дом.    ---    Пока Судья и я избегали небольшой группы кодан, зашедшей на остров, взрыв энергии сбил нас с ног. У меня звенело в ушах, и пошла кровь из носа — как в прошлый раз, когда мы пытались продвинуться дальше в залив. Мы бросились обратно к Татианне.    Мы обыскали остров, избегая кодан, но ничего не изменилось. Прямо перед тем, как повернуть обратно к гостинице, внимание Судьи привлек северный залив. Вдалеке, вероятно, в дне пути на лодке, из тумана показалась скальная формация. Я никогда раньше её не замечал.    Мой разум метался, перебирая образы из наших предыдущих путешествий — дни, проведенные за рыбалкой в этом самом месте. Казалось, что эта скала была там все время, но в ней была свежесть, которая вызывала у меня головную боль. Судья потер висок — у него тоже болела голова. Татианна вспомнила, как определенные чары мейсмеров могут вызывать похожую головную боль, особенно те, что манипулируют нашими мыслями. Возможно, сказала она, мы просто попали под заклятие."
"*This once-loved journal is now in tatters. Multiple pages are missing.*    Judge and I have made the most mystifying discovery—after a quake in the earth, a pathway into the Unseen Ones' grand library was revealed. While Tatyanna rested at our camp in the eastern ruins, Judge and I made our way inside.    While most of the documents are written in a language neither us of can comprehend, some of the less dated tomes were written in common Krytan. Perhaps left for us, mercenaries of divine change? Oh, Saul! We hear you! We see you!    Our gods, the Unseen Ones—I have found their name. They were called the mursaat. I feel as if the purpose of this life has unfurled in front of me. This city—their city—houses a gate to another plane. This is what the confessor sent me to find. This is how we assure his victory.    ---    My efforts have completely shifted to finding a path into the city proper, so I can locate this gate and end the war. But Tatyanna grows angrier by the day, and Judge more solemn, so I continue to encourage them that this is the way. This is our path, and we cannot step out of place. Those peaceful days that we shared together were kind, but those days are done.    ---    I've finally found a pathway into the city depths. Another quake revealed the path. It goes down deep into the mountain—even I haven't traveled too far yet. It looks treacherous, but my fear is validation.    Tatyanna and Judge are nervous, but they are more motivated than weeks past (although I struggle to identify whether they are motivated by the confessor's mission or by wanting to end it). We will spend a few days preparing, and then we march downward.","*Этот некогда любимый журнал теперь в клочьях. Несколько страниц утеряно.*    Судья и я сделали самое загадочное открытие — после землетрясения открылся путь в великую библиотеку Незримых. Пока Татианна отдыхала в нашем лагере в восточных руинах, мы с Судьей отправились внутрь.    Хотя большинство документов написано на языке, который ни один из нас не может понять, некоторые из менее древних томов были написаны на обычном критийском. Возможно, оставлены для нас, наемников божественных перемен? О, Саул! Мы слышим тебя! Мы видим тебя!    Наши боги, Незримые — я нашёл их имя. Их называли мурсаатами. Я чувствую, что цель этой жизни развернулась передо мной. Этот город — их город — содержит врата в другое измерение. Это то, что исповедник послал меня найти. Так мы обеспечим его победу.    ---    Мои усилия полностью переключились на поиск пути в сам город, чтобы я мог найти эти врата и покончить с войной. Но Татианна с каждым днем становится все злее, а Судья — все более мрачным, поэтому я продолжаю убеждать их, что это путь. Это наш путь, и мы не можем с него свернуть. Те мирные дни, которые мы провели вместе, были добрыми, но эти дни прошли.    ---    Я наконец нашёл путь в глубины города. Ещё одно землетрясение открыло его. Он уходит глубоко в гору — даже я ещё не заходил слишком далеко. Это выглядит коварно, но мой страх — это подтверждение.    Татианна и Судья нервничают, но они более мотивированы, чем несколько недель назад (хотя мне трудно определить, мотивированы ли они миссией исповедника или желанием покончить с ней). Мы проведем несколько дней, готовясь, а затем двинемся вниз."
"*This once-loved journal is now in tatters. Multiple pages are missing.*    We waited a couple days to make sure that the kodan were gone, but as soon as the coast was clear we headed back to the northern shore with sacks of food and supplies. We had to test Tatyanna's theory.    I rowed right into the bay. No headaches or nosebleeds. The clouds even parted, revealing just enough sun to light my path. It was as if Saul himself looked upon us. I gathered the others and we departed.    ---    We've found it. Bava Nisos. The renewed sense of purpose is both sickening in how overwhelmed I feel but also exciting in how quickly it renewed our purpose.    Tatyanna needs time to recover from the voyage. The sea is not her ally, so we've settled in one of the safer ruins. We've been here for a few days now, and neither she nor Judge have strayed far from our new refuge yet—Bava Nisos is more dangerous than what we're used to. And edible food is far scarcer. I think they miss our makeshift home back across the bay. And I do as well, but our mission is more important now.    ---    I'm getting more comfortable venturing into the ruins on my own, but strange beasts that I've never encountered before plague Bava Nisos. They're menacing, with a distorted appearance that's challenging to describe—I've never seen anything like them. They appear to be coming from somewhere to the east, and they venture farther and farther west each day. Judge was able to kill a smaller one and carve it for meat, but none of us can stomach the smell. Their bodies rot quickly after death, as if their flesh is suddenly incompatible with our air. Whatever these things are, they are not natural.    ---    Tatyanna swears we're being watched now—she refuses to take a watch post on her own, especially after dark. She claims that it is the Unseen Ones, here to give us a message, but neither Judge or I have heard the same. Her faith is strong, so I'm sure her heart is earnest, but I worry that our musty surroundings and lack of meat have made her ill.    She paces and mumbles to herself. We used to enjoy our time together, but now she can't hold eye contact.","*Этот некогда любимый журнал теперь в клочьях. Несколько страниц утеряно.*    Мы подождали пару дней, чтобы убедиться, что кодан ушли, но как только побережье стало безопасным, мы отправились обратно на северный берег с мешками еды и припасов. Нам нужно было проверить теорию Татианны.    Я греб прямо в залив. Никаких головных болей или кровотечений из носа. Облака даже рассеялись, открыв достаточно солнца, чтобы осветить мой путь. Как будто сам Саул взирал на нас. Я собрал остальных, и мы отбыли.    ---    Мы нашли его. Bava Nisos. Обновленное чувство цели одновременно отвратительно от того, насколько я перегружен, но и волнующе от того, как быстро оно обновило нашу цель.    Татианне нужно время, чтобы оправиться от путешествия. Море ей не друг, поэтому мы поселились в одних из более безопасных руин. Мы здесь уже несколько дней, и ни она, ни Судья ещё далеко не отходили от нашего нового убежища — Bava Nisos опаснее, чем мы привыкли. И съедобной пищи гораздо меньше. Думаю, они скучают по нашему импровизированному дому за заливом. И я тоже, но наша миссия сейчас важнее.    ---    Я становлюсь все более уверенным, исследуя руины в одиночку, но странные звери, с которыми я никогда раньше не сталкивался, населяют Bava Nisos. Они угрожающие, с искаженным видом, который трудно описать — я никогда не видел ничего подобного. Похоже, они идут откуда-то с востока и с каждым днем продвигаются все дальше на запад. Судья смог убить одного из мелких и разделать его на мясо, но никто из нас не может вынести запах. Их тела быстро гниют после смерти, как будто их плоть внезапно несовместима с нашим воздухом. Что бы это ни было, оно неестественно.    ---    Татианна клянется, что за нами теперь следят — она отказывается нести караул в одиночку, особенно после наступления темноты. Она утверждает, что это Незримые, здесь, чтобы передать нам сообщение, но ни Судья, ни я не слышали того же. Её вера сильна, так что я уверен, что её сердце искренне, но я беспокоюсь, что наши затхлые окрестности и недостаток мяса сделали её больной.    Она ходит взад и вперёд и бормочет себе под нос. Раньше мы наслаждались временем, проведенным вместе, но теперь она не может поддерживать зрительный контакт."
"*When our watch ends, theirs begins.*      *Gardesano, the First Artificer*    *Ubaldesca, the Forge Maestro*    *Luce, the Spell Sower*    *Issvano, the Sacred Arms Weaver*    *Calogero, the First Elder*    *Raul, the Doyen's Guard*     *They are one of the many. But not all.*    *Guida. Eterni. Eroe.*","*Когда наш дозор заканчивается, начинается их.*      *Гардесано, Первый Артифицер*    *Убальдеска, Маэстро Кузни*    *Луче, Посевающий Заклинания*    *Иссвано, Ткач Священного Оружия*    *Калоджеро, Первый Старейшина*    *Рауль, Страж Дойена*     *Они — одни из многих. Но не все.*    *Гуида. Этерни. Эрое.*"
"*You touch the scroll as the words are torn from the page. Your vision fills with a blinding vortex of sand and glass. Shadowy images pass by you as a voice fills your mind.* ""Greetings, Miri, daughter of Elka. We have never met, but perhaps your mother spoke of a wayward friend over these tumultuous centuries, and how she and I last held hands at the gates of Apavim, before the war with the Seers began. Even earlier, as we watched as our kin fell to the undead dragon's blight. Or perhaps not, and these long-held memories of mine are nothing more than outlandish tales to you. Either way, I shall spare you further rambling. I bring auspicious tidings from the ever-shifting sands of the Crystal Desert. I do so with conviction, out of...fondness for your mother's companionship, despite my loyalties to Josso Essher and Glint. In the year 272 AE of the Mouvelian calendar, a series of prophetic visions were spoken and transcribed. A decade has passed, and many have already attempted to interpret their meaning, seeking out sources of divining magic to learn the truth, but with little success. And so, I leave this transcription of the prophecies to you, Miri, for those adept with your kind's enchanted eyes. Should you wish to respond, cast the reverse enchantment on a separate page. A trivial task for a mursaat, I expect? Goss Aleessh""","*Ты касаешься свитка, и слова срываются со страницы. Твой взор заполняет ослепляющий вихрь песка и стекла. Мимо проплывают тенистые образы, а голос наполняет твой разум.* «Приветствую тебя, Miri, дочь Elka. Мы никогда не встречались, но, быть может, твоя мать за эти бурные века упоминала непутёвого друга — и то, как мы с ней в последний раз держались за руки у врат Apavim, прежде чем началась война с Провидцами. Ещё раньше, когда мы смотрели, как наши сородичи гибнут от порчи мёртвого дракона. А может, и нет, и эти долго хранимые мною воспоминания для тебя не более чем нелепые байки. Так или иначе, избавлю тебя от дальнейших разглагольствований. Я несу благие вести из вечно текучих песков Crystal Desert. Делаю это с убеждением, из... нежности к дружбе твоей матери, невзирая на мою верность Josso Essher и Glint. В 272 году по мувелианскому календарю был произнесён и записан ряд пророческих видений. Минуло десятилетие, и многие уже пытались истолковать их смысл, ища источники провидческой магии, чтобы узнать истину, но с малым успехом. И потому я оставляю эту запись пророчеств тебе, Miri, для тех, кто искусен с зачарованными глазами твоего рода. Пожелаешь ответить — наложи обратное чары на отдельной странице. Пустяковая задача для мурсаата, полагаю? Goss Aleessh»"
+%num1% Capture,+%num1% к поимке
+%num1% from Bait,+%num1% от наживки
+%num1% from Fishing Mastery Track,+%num1% от ветки мастерства рыбалки
+%num1% from Fishing Party,+%num1% от рыболовной группы
+%num1% from Fishing Renown Heart,+%num1% от сердца доблести рыбалки
+%num1% from Fishing Rod,+%num1% от удочки
+%num1% from Food,+%num1% от еды
+%num1% from Lure,+%num1% от приманки
+%num1% health per second.,+%num1% здоровья в секунду.
+%num1% Hero Points,+%num1% очков героя
+%num1% items not shown!,+%num1% [предмет|предмета|предметов] не показано!
+%num1% Point[s] (%str1%),+%num1% [очко|очка|очков] (%str1%)
+%num1% Primary Attributes,+%num1% к основным атрибутам
+%num1% Trait Points,+%num1% очков умений
+%num1% WXP,+%num1% опыта WvW
+%num1%%% Critical Chance,+%num1%%% к шансу крит. удара
+%num1%%% Magic Find,+%num1%%% к поиску магии
+%num1%%% Maximum Health,+%num1%%% к макс. здоровью
+%num1%%% Outgoing Damage,+%num1%%% к исходящему урону
+%num1%/Tick,+%num1%/тик
+1 Agony Infusion Upgrades,+1 улучшение инфузии агонии
+1 Agony Infusion[s],[Инфузия|Инфузии|Инфузий] агонии +1
+1 Agony Resistance,+1 Сопротивление агонии
+1%% bonus to kill experience.,+1%% бонусного опыта за убийства.
+1%% Condition Damage,+1%% Урон от состояний
+1%% Critical Chance,+1%% Шанс крит. удара
+1%% Damage,+1%% Урон
+10 Agony Infusion[s],[Инфузия|Инфузии|Инфузий] агонии +10
+10 Agony Resistance,+10 Сопротивление агонии
+10 Concentration,+10 Концентрация
+10 Condition Damage,+10 Урон от состояний
+10 Ferocity,+10 Свирепость
+10 Healing,+10 Исцеление
+10 Power,+10 Сила
+10 Precision,+10 Точность
+10 Swim-Speed Infusion Upgrades,+10 улучшений инфузии скорости плавания
+10 to All Stats,+10 ко всем характеристикам
+10 Toughness,+10 Стойкость
+10 Vitality,+10 Живучесть
+10%% Bleeding Duration,+10%% Длительность кровотечения
+10%% Bonus Experience Earned from All Sources,+10%% Бонусный опыт из всех источников
+10%% Boon Duration,+10%% Длительность благодати
+10%% Burning Duration,+10%% Длительность горения
+10%% Chill Duration,+10%% Длительность заморозки
+10%% Condition Duration,+10%% Длительность состояний
+10%% condition duration.,+10%% Длительность состояний.
+10%% Confusion Duration,+10%% Длительность замешательства
+10%% Crafting Critical Success,+10%% Крит. успех создания
+10%% Damage,+10%% Урон
+10%% exp from kills for each stack. Maximum: +100%%,+10%% опыта за убийства за каждый заряд. Максимум: +100%%
+10%% Fear Duration,+10%% Длительность страха
+10%% Fury Duration,+10%% Длительность ярости
+10%% Fury Duration; increase damage by 5%% while under the effect of fury.,+10%% Длительность ярости; урон увеличивается на 5%% под действием ярости.
+10%% Gathering Bonus Banner[s],Знамя бонуса к добыче (+10%%)
+10%% Gathering Bonus for 48 Hours,+10%% к бонусу добычи на 48 часов
+10%% Influence from Events,+10%% Влияние за события
+10%% Karma and 10%% Experience Banner[s],Знамя кармы (+10%%) и опыта (+10%%)
+10%% Kill Gold and 15%% Magic Find Banner[s],Знамя золота за убийства (+10%%) и поиска магии (+15%%)
+10%% Magic Find Banner[s],Знамя поиска магии (+10%%)
+10%% Magic Find for 3 Days,+10%% Поиск магии на 3 дня
+10%% Might Duration,+10%% Длительность мощи
+10%% Poison Duration,+10%% Длительность отравления
+10%% Protection Duration,+10%% Длительность протекции
+10%% PvP Influence for 24 Hours,+10%% Влияние PvP на 24 часа
+10%% Quickness Duration,+10%% Длительность проворства
+10%% Regeneration Duration,+10%% Длительность регенерации
+10%% Stun Duration,+10%% Длительность оглушения
+10%% Swiftness Duration,+10%% Длительность быстроты
+10%% Torment Duration,+10%% Длительность боли
+10%% WvW Experience,+10%% Опыт WvW
+100 Condition Damage,+100 Урон от состояний
+100 Ferocity,+100 Свирепость
+100 Healing,+100 Исцеление
+100 Healing Power,+100 Сила исцеления
+100 max health,+100 макс. здоровье
+100 Power,+100 Сила
+100 Precision,+100 Точность
+100 Toughness,+100 Стойкость
+100 Vitality,+100 Живучесть
+11 Agony Infusion[s],[Инфузия|Инфузии|Инфузий] агонии +11
+11 Agony Resistance,+11 Сопротивление агонии
+12 Agony Infusion[s],[Инфузия|Инфузии|Инфузий] агонии +12
+12 Agony Resistance,+12 Сопротивление агонии
+12 Power,+12 Сила
+12 to All Stats,+12 ко всем характеристикам
+12 vitality,+12 Живучесть
+125 Condition Damage,+125 Урон от состояний
+125 Ferocity,+125 Свирепость
+125 Healing,+125 Исцеление
+125 Power,+125 Сила
+125 Precision,+125 Точность
+125 Toughness,+125 Стойкость
+125 Vitality,+125 Живучесть
+13 Agony Infusion[s],[Инфузия|Инфузии|Инфузий] агонии +13
+13 Agony Resistance,+13 Сопротивление агонии
+14 Agony Infusion[s],[Инфузия|Инфузии|Инфузий] агонии +14
+14 Agony Resistance,+14 Сопротивление агонии
+14 Condition Damage,+14 Урон от состояний
+14 Ferocity,+14 Свирепость
+14 Healing,+14 Исцеление
+14 Power,+14 Сила
+14 Precision,+14 Точность
+14 to All Stats,+14 ко всем характеристикам
+14 Toughness,+14 Стойкость
+14 Vitality,+14 Живучесть
+15 Agony Infusion[s],[Инфузия|Инфузии|Инфузий] агонии +15
+15 Agony Resistance,+15 Сопротивление агонии
+15 Condition Damage,+15 Урон от состояний
+15 Ferocity,+15 Свирепость
+15 Healing,+15 Исцеление
+15 Healing Power,+15 Сила исцеления
+15 Power,+15 Сила
+15 Precision,+15 Точность
+15 Swim-Speed Infusion Upgrades,+15 улучшений инфузии скорости плавания
+15 Toughness,+15 Стойкость
+15 Vitality,+15 Живучесть
+15%% Gathering and 10%% Swiftness Banner[s],Знамя добычи (+15%%) и быстроты (+10%%)
+15%% Karma,+15%% Карма
+15%% Karma for 24 hrs,+15%% Карма на 24 ч
+15%% Might Duration,+15%% Длительность мощи
+15%% Torment Duration,+15%% Длительность боли
+150 toughness,+150 Стойкость
+16 Agony Infusion[s],[Инфузия|Инфузии|Инфузий] агонии +16
+16 Agony Resistance,+16 Сопротивление агонии
+16 to All Stats,+16 ко всем характеристикам
+17 Agony Infusion[s],[Инфузия|Инфузии|Инфузий] агонии +17
+17 Agony Resistance,+17 Сопротивление агонии
+18 Agony Infusion[s],[Инфузия|Инфузии|Инфузий] агонии +18
+18 Agony Resistance,+18 Сопротивление агонии
+18 to All Stats,+18 ко всем характеристикам
+19 Agony Infusion[s],[Инфузия|Инфузии|Инфузий] агонии +19
+19 Agony Resistance,+19 Сопротивление агонии
+2 Agony Infusion[s],[Инфузия|Инфузии|Инфузий] агонии +2
+2 Agony Resistance,+2 Сопротивление агонии
+2%% Boon Duration,+2%% Длительность благодати
+2%% Condition Duration,+2%% Длительность состояний
+20 Agony Infusion[s],[Инфузия|Инфузии|Инфузий] агонии +20
+20 Agony Resistance,+20 Сопротивление агонии
+20 Concentration,+20 Концентрация
+20 Health,+20 Здоровье
+20 power,+20 Сила
+20 Swim-Speed Infusion Upgrades,+20 улучшений инфузии скорости плавания
